sid,year,month,day,hour,time,lat,lon,x,y,p_cent,p_edge,depth,p_grad,DsqP,radius,area,Dp,DpDt,u,v,uv,Ege,Ely,Emg,Esp,Erg,id,pid,type,centers
0,2017,3,25,9,42817.375,43.994340666417926,-62.72921343589657,182,268,1014.3545875916959,1014.3545875916959,0.0,9.968644547077595,4.512114625417962,14.104739588693906,625,,,,,,3,0,0,0,0,5,5,1,1
0,2017,3,25,12,42817.5,43.70618835667278,-60.30818671460055,185,260,1012.7587786941128,1014.7587786941128,2.0,12.408588812891086,7.856390638387674,118.84864828598478,44375,-1.595808897583047,-16.001042716463193,64.86667033950991,-10.680358314857228,65.74005608963529,0,0,0,0,0,5,5,1,1
0,2017,3,25,15,42817.625,43.58936429465515,-58.40181868737851,188,254,1011.8552654117992,1015.8552654117992,4.0,12.77081798639025,8.654719139140434,193.90811046849038,118125,-0.9035132823136519,-9.078838097708369,51.17753239435874,-4.330081002123381,51.360387687989544,0,0,0,0,0,5,5,1,1
0,2017,3,25,18,42817.75,43.82567825867319,-56.19097946946777,193,248,1009.0575391166266,1015.0575391166266,6.0,13.608783871459988,11.137161395869699,247.13500240053986,191875,-2.797726295172615,-27.991555166061342,59.117242686348185,8.758971298023779,59.76259667246891,0,0,0,0,0,5,5,1,1
0,2017,3,25,21,42817.875,43.87573893268756,-54.76177477504225,196,244,1007.6702545543314,1013.6702545543314,6.0,14.557482616507132,9.238628311087304,250.33429417967045,196875,-1.387284562295099,-13.867314548762085,38.18514352702364,1.855497658268292,38.230198243525166,0,0,0,0,0,4,4,1,1
0,2017,3,26,0,42818.0,43.94418157192452,-52.92946762816281,200,239,1007.6340327481819,1013.6340327481819,6.0,14.610105423327074,9.929179549792462,263.12050517771223,217500,-0.036221806149551415,-0.3616246313697025,48.89847918171138,2.536824749770886,48.96423946203302,0,0,0,0,0,3,3,1,1
0,2017,3,26,3,42818.125,44.267893656015175,-51.54296794043323,204,236,1004.4310189401226,1010.4310189401226,6.0,16.653291136129607,10.84245216785559,238.11540999374174,178125,-3.2030138080593313,-31.791807189940805,36.799531760469534,11.998380481472765,38.70615806261314,0,0,0,0,0,2,2,1,1
0,2017,3,26,6,42818.25,44.56247477535759,-50.1386756530196,208,233,1000.5159751314874,1008.5159751314874,8.0,18.73381748118643,12.92879821064125,288.0269329188686,260625,-3.915043808635237,-38.6557479645627,37.08446904008021,10.9186419853843,38.65843487247853,0,0,0,0,0,2,2,1,1
0,2017,3,26,9,42818.375,45.192314721537926,-48.3298187288517,214,230,996.0666105607238,1006.0666105607238,10.0,21.851557078782367,15.060309415144438,295.86351363515985,275000,-4.449364570763573,-43.44909855053838,47.247761096318996,23.345002204444608,52.70047491759783,0,0,0,0,0,2,2,1,1
0,2017,3,26,12,42818.5,45.584602730717386,-47.09780858619215,218,228,991.6232337884769,1005.6232337884769,14.0,25.928386221587918,22.954996159150397,369.4257214939158,428750,-4.443376772246848,-43.098529582114395,31.958177103177924,14.540145468083525,35.11041033641042,0,0,0,0,0,3,3,1,1
0,2017,3,26,15,42818.625,46.127986156599846,-45.636593575963495,223,226,986.0403953395703,1006.0403953395703,20.0,29.84964260880255,23.15410903039985,495.8773911734415,772500,-5.582838448906696,-53.65458598931229,37.5349778306492,20.140493393622993,42.597112987688476,0,0,0,0,0,4,4,1,1
0,2017,3,26,18,42818.75,47.15460802084291,-44.34893961977052,229,226,979.6614346647391,1005.6614346647391,26.0,34.50376414436223,22.505946536067494,585.6440065116644,1077500,-6.378960674831178,-60.27721918440845,32.454967422148115,38.05171429540226,50.012577130074156,0,0,0,0,0,3,3,1,1
0,2017,3,26,21,42818.875,47.4907621426389,-43.90670180600601,231,226,975.6574327059831,1007.6574327059831,32.0,38.10589890367524,19.070792265562922,729.6391468680871,1672500,-4.00400195875598,-37.63121053799181,11.075893101305317,12.459544304790606,16.670802388444976,0,0,0,0,0,2,2,1,1
0,2017,3,27,0,42819.0,47.28155327470731,-42.38755580734067,234,222,971.6239255621019,1009.6239255621019,38.0,41.53152214121439,20.513324192662186,926.7361337833117,2698125,-4.033507143881143,-38.036070534516355,38.19792753738368,-7.754321574347894,38.97705955083851,0,0,0,0,0,2,2,1,1
0,2017,3,27,3,42819.125,47.766195959700354,-41.698134325565,237,222,967.6299723808343,1007.6299723808343,40.0,43.55551675061027,18.635477404148915,943.64819005769,2797500,-3.993953181267716,-37.37252087646701,17.175847228449555,17.963269268874534,24.85334526459427,0,0,0,0,0,2,2,1,1
0,2017,3,27,6,42819.25,48.1062709309989,-41.67259575827343,238,223,964.0396730791518,1006.0396730791518,42.0,45.71184688189224,17.062809139920063,965.324915146733,2927500,-3.590299301682389,-33.41595467036097,0.6320840768025654,12.604870495730866,12.620708795241805,0,0,0,0,0,1,1,1,1
0,2017,3,27,9,42819.375,48.445931726856244,-41.64665950568209,239,224,961.6959906401776,1005.6959906401776,44.0,47.37590896305674,17.426702313984862,998.5518106091062,3132500,-2.3436824389742106,-21.698323230717577,0.6376734036333753,12.58951909312971,12.605658188527043,0,0,0,0,0,2,2,1,1
0,2017,3,27,12,42819.5,48.28573559067412,-41.8819109979547,238,224,962.1831862130779,1006.1831862130779,44.0,46.23328009026837,13.795019060949414,1052.0093561966391,3476875,0.4871955729002366,4.521787136746279,-5.802154865305288,-5.937665870504546,8.301859856125033,0,0,0,0,0,1,1,1,1
0,2017,3,27,15,42819.625,48.2659111670477,-41.43754541627985,239,223,961.8042521260556,1005.8042521260556,44.0,45.24545826650163,12.828839358806581,1085.5152739213854,3701875,-0.37893408702220766,-3.518069795129138,10.963908912805387,-0.7347917769699076,10.988503883777627,0,0,0,0,0,1,1,1,1
0,2017,3,27,18,42819.75,48.24345266782243,-40.99360852837276,240,222,961.5831070337131,1019.5831070337131,58.0,44.045231324093706,12.894644308181233,1874.126636692213,11034375,-0.22114509234263097,-2.0538560254113927,10.958143947051639,-0.8324237246335057,10.989715556903063,0,0,0,0,0,0,0,1,1
0,2017,3,27,21,42819.875,48.21836351659746,-40.55015293334407,241,221,962.7832179996819,1020.7832179996819,58.0,42.11883300396166,12.562743515354525,1927.6592110220174,11673750,1.2001109659689246,11.150233031814002,10.951631840043207,-0.9299287766786878,10.991042147564682,0,0,0,0,0,0,0,1,1
0,2017,3,28,0,42820.0,48.00625111911189,-39.90570342568244,242,219,965.0497531844749,1021.0497531844749,56.0,39.286937636901676,12.538190314833775,1901.9968076941616,11365000,2.2665351847928834,21.128417351761197,15.981208413762051,-7.861940826269596,17.810365968162014,0,0,0,0,0,0,0,1,1
0,2017,3,28,3,42820.125,48.00625111911189,-39.90570342568244,242,219,965.370159401808,1019.370159401808,54.0,38.560950230400245,12.64717356509187,1810.7431544456847,10300625,0.3204062173332204,2.9867951432370985,0.0,0.0,0.0,0,0,0,0,0,0,0,1,1
0,2017,3,28,6,42820.25,47.635479839848195,-39.50767544287256,242,217,966.4067573222045,1018.4067573222045,52.0,36.56568686791468,9.56382779859945,1772.938274747582,9875000,1.0365979203964526,9.719888873014634,9.941154933359712,-13.742628399878427,16.96132060737628,0,0,0,0,0,0,0,1,1
0,2017,3,28,9,42820.375,47.2621034025823,-39.11624296355654,242,215,968.1615540294275,1018.1615540294275,50.0,34.94674140499402,9.771064113936445,1730.692355385402,9410000,1.7547967072229949,16.55296515563883,9.846075563401584,-13.839188517529514,16.984355825992772,0,0,0,0,0,0,0,1,1
0,2017,3,28,12,42820.5,46.954436168226735,-37.633796106774014,245,211,971.9175429839945,1017.9175429839945,46.0,31.143579493031755,8.438865476122228,1680.4185722039474,8871250,3.7559889545670013,35.60736028543182,37.50505255791586,-11.403678518367053,39.20041901717757,0,0,0,0,0,1,1,1,2
0,2017,3,28,15,42820.625,46.861704330889005,-36.778419629619385,247,209,972.5268783829256,1016.5268783829256,44.0,30.104953364322675,8.557973658966002,1636.939953275905,8418125,0.6093353989311435,5.7853475451837655,21.678219678095772,-3.4371032834612416,21.949006524053857,0,0,0,0,0,0,0,1,2
0,2017,3,28,18,42820.75,47.00602246916845,-36.53340734755183,248,209,973.5134390686818,1017.5134390686818,44.0,28.77494604180214,7.632309587581114,1775.012969581612,9898125,0.9865606857561215,9.34489434182824,6.192781661409651,5.349148266487465,8.183149264357672,0,0,0,0,0,0,0,1,2
0,2017,3,28,21,42820.875,46.75885408706195,-35.92671722950629,249,207,975.1093830492838,1017.1093830492838,42.0,27.69198253829726,7.563224020135093,1727.643485794923,9376875,1.5959439806020237,15.17827824520283,15.4051092048527,-9.161290039062319,17.923354172510788,0,0,0,0,0,0,0,1,2
0,2017,3,29,0,42821.0,46.30859251454816,-35.152443025883755,250,204,977.5084251709451,1015.5084251709451,38.0,25.668131664474974,7.065647414524937,1625.7815712446281,8303750,2.3990421216613322,22.986756727920103,19.824066762641202,-16.68893417551157,25.91359000455579,0,0,0,0,0,0,0,1,2
0,2017,3,29,3,42821.125,45.92012309942912,-33.73149613735208,253,200,978.6309642473894,996.6309642473894,18.0,24.213947061694682,6.863308874998693,844.1660131123269,2238750,1.1225390764443728,10.82613642474376,36.638120571199714,-14.398609372605245,39.365871397120664,0,0,0,0,0,0,0,1,2
0,2017,3,29,6,42821.25,45.70798413613864,-32.49400111906761,256,197,980.0190512653596,996.0190512653596,16.0,22.814859597111866,5.650533362872375,819.7754248606919,2111250,1.3880870179701015,13.435432574697286,32.029824820006816,-7.862925487179462,32.980831936403014,0,0,0,0,0,0,0,1,2
0,2017,3,29,9,42821.375,45.97075036449322,-30.24567335010844,263,194,981.8831066515304,1014.804002048893,32.92089539736262,21.402044945610758,3.681306899752599,1593.211347761767,7974375,1.8640553861708031,17.962200989111047,57.91748286736722,9.73942382885194,58.730666590885754,0,0,2,0,0,0,2,2,0
0,2017,3,29,12,42821.5,46.80125628622713,-28.40387980784162,270,194,983.3889694602966,1013.6480728350557,30.259103374758997,20.430674640248327,3.6608521829985694,1524.813029487132,7304375,1.505862808766251,14.31160186405581,46.729154662895354,30.782681681691077,55.957013742918,0,0,0,0,0,0,2,2,0
0,2017,3,29,15,42821.625,47.36331999998889,-27.047675690639714,275,194,,,,19.786308608094174,,0.0,0,0.0052022838403354395,,34.04823048146301,20.832877807102417,39.916046856427144,0,0,0,2,0,0,2,0,0
1,2017,3,29,15,42821.625,52.70225658575247,-34.030242033199414,268,224,982.8656978195514,992.8656978195514,10.0,18.703506422471914,6.087529142556013,637.5279883432003,1276875,1.2176249844957783,10.604627888014788,-19.769463065205905,-14.577250300909265,24.56273389144416,2,0,0,2,0,2,2,1,2
1,2017,3,29,18,42821.75,50.633175133331484,-31.70559269932569,269,213,983.5471987699975,993.5471987699975,10.0,17.834044691894647,3.444216886672511,653.0966601401967,1340000,0.6815009504460613,6.1073227360561795,54.6495288861033,-76.69045344118982,94.17004118342702,0,0,0,0,0,1,1,1,2
1,2017,3,29,21,42821.875,50.26728816138626,-30.624397541877244,271,210,984.7679949106573,1010.7597621366639,25.991767226006633,17.76752998920502,3.979723216607672,1430.7796670065952,6431250,1.2207961406598042,10.998103652202515,25.61565773454777,-13.561591668549585,28.98411098788387,0,0,2,0,0,1,0,2,0
1,2017,3,30,0,42822.0,50.765029227752784,-24.250575352413247,289,203,985.2395896843971,1011.2395896843971,26.0,17.895593060329528,3.4637183231876407,1453.8148590038452,6640000,0.4798275477331481,4.291919091940549,18.42618376941692,38.92793080448358,43.068643408203435,0,0,0,0,2,0,0,1,2
1,2017,3,30,3,42822.125,51.514571741039575,-24.359530804904505,290,206,984.2547965624093,1010.2547965624093,26.0,18.34568504825414,4.0334488510854865,1449.7037709575284,6602500,-0.98479312198775,-8.71632511488434,-2.5131784107470874,27.7817749273011,27.89521614606098,0,0,0,0,0,0,0,1,2
1,2017,3,30,6,42822.25,52.14314816483765,-24.01510216411781,292,208,984.4982589575693,1006.4982589575693,22.0,18.140763506573535,3.9609620950107636,1240.8964801360698,4837500,0.24346239516002244,2.136361856411335,7.834515964126984,23.298169778241814,24.580161826317187,0,0,0,0,0,0,0,1,2
1,2017,3,30,9,42822.375,52.456421580200406,-23.838740183171723,293,209,985.6399548077574,1007.6399548077574,22.0,17.958011783736175,3.475257881134603,1269.81830086031,5065625,1.1416958501879708,9.976036941638665,3.983325965439178,11.611471480317503,12.275714060093152,0,0,0,0,0,0,0,1,2
1,2017,3,30,12,42822.5,52.456421580200406,-23.838740183171723,293,209,986.4783678114866,1008.4783678114866,22.0,18.07501083810333,3.888314623151091,1307.2590414486435,5368750,0.8384130037292198,7.325978364707082,0.0,0.0,0.0,0,0,0,0,0,0,0,1,2
1,2017,3,30,15,42822.625,52.33401250460318,-23.38091537002617,294,208,987.4556119630173,1009.4556119630173,22.0,17.508341594281823,3.2553890955405222,1370.1213646129695,5897500,0.9772441515307583,8.553135783820343,10.36917522936403,-4.537089393887476,11.318346836238181,0,0,0,0,0,0,0,1,2
1,2017,3,30,18,42822.75,52.61099370554426,-22.418167425738474,297,208,988.7903252563261,1008.7903252563261,20.0,16.537362724215562,1.7824980502117251,1296.7158415650956,5282500,1.334713293308887,11.638517867293094,21.668137915000127,10.266301440188688,23.97717969162108,0,0,0,0,0,0,0,1,2
1,2017,3,30,21,42822.875,52.544476104298454,-19.75947073521321,304,205,990.8232894990819,1000.8232894990819,10.0,16.146593557952848,1.4573622625126155,792.756634493917,1974375,2.0329642427556975,17.74292547127129,59.92601301856835,-2.465473263699803,59.97670876861819,0,0,0,0,0,1,1,1,2
1,2017,3,31,0,42823.0,53.45257434126749,-17.982920493402002,310,207,991.1034548054761,1001.1034548054761,10.0,15.85249367191386,1.7115369015870967,804.9593542924256,2035625,0.2801653063941922,2.4161421526267013,39.21055326606012,33.65863894860845,51.67563703819547,0,0,0,0,0,1,1,1,2
1,2017,3,31,3,42823.125,54.271879060699774,-17.626392709684396,312,210,990.9760901441819,998.9760901441819,8.0,14.90193199100958,1.8144147217061255,730.3204796777331,1675625,-0.12736466129426843,-1.0869813885382487,7.716576189518661,30.36750939227103,31.332589659623025,0,0,0,0,0,1,1,1,2
1,2017,3,31,6,42823.25,54.11722732412458,-17.1695851575111,313,209,991.8726806089524,997.8726806089524,6.0,14.403562023826487,2.157306395236883,673.344372615556,1424375,0.896590464770561,7.666778127179778,9.924057659409293,-5.732162834644212,11.460567664394143,0,0,0,0,0,1,1,1,2
1,2017,3,31,9,42823.375,53.80069950336642,-16.26741807595773,315,207,993.4976562984156,995.4976562984156,2.0,14.25404853681493,1.381369080489385,253.88531259649034,202500,1.624975689463172,13.951195687467594,19.748682991257215,-11.73209593672187,22.970689039678756,0,0,0,2,0,2,2,1,1
1,2017,3,31,12,42823.5,52.56471001775136,-13.570434385161485,321,200,995.4786590293332,995.4786590293332,0.0,14.63626679712357,1.678744233684265,14.104739588693906,625,1.9810027309176803,17.284750271658144,60.76086003432597,-45.81192006213739,76.09608486571841,0,0,0,0,0,1,1,1,1
1,2017,3,31,15,42823.625,52.544476104298454,-12.131321066632502,325,199,996.5995257281864,996.5995257281864,0.0,13.785359957826186,3.3311419206538995,14.104739588693906,625,1.120866698853206,9.782490947319724,32.43836404906143,-0.7499695073760053,32.447032475119116,0,0,0,0,0,2,2,1,1
1,2017,3,31,18,42823.75,52.73271955240914,-10.759689803429415,329,199,997.7398770319418,997.7398770319418,0.0,12.721412083643402,4.324321680697394,14.104739588693906,625,1.1403513037553057,9.927611081861476,30.78456943076086,6.977238801328755,31.565354050415838,0,0,0,0,0,0,0,1,1
1,2017,3,31,21,42823.875,52.81841902067987,-10.069062698889422,331,199,1000.3984811134205,1000.3984811134205,0.0,11.124922054828104,3.0969825243833475,14.104739588693906,625,2.658604081478843,23.118851525217835,15.46995958516638,3.1764486959469003,15.792703248166982,0,0,0,0,0,0,0,1,1
1,2017,4,1,0,42824.0,52.81841902067987,-10.069062698889422,331,199,,,,11.124922054828104,,0.0,0,0.0,,0.0,0.0,0.0,0,3,0,0,0,0,0,0,0
2,2017,3,27,9,42819.375,65.88501450278996,18.265435176944937,393,258,994.4584727710031,996.4584727710031,2.0,14.030785879765835,10.886496372227848,104.60354839855006,34375,,,,,,3,0,0,0,0,3,3,1,1
2,2017,3,27,12,42819.5,64.94961140463639,22.520565602896887,402,257,992.4796195425569,996.4796195425569,4.0,13.641832346799,17.682298633592655,161.43612337794121,81875,-1.9788532284462417,-15.133409938960675,66.76687687962894,-34.67069296075963,75.23212610739375,0,0,0,0,0,2,2,1,1
2,2017,3,27,15,42819.625,63.2613963989309,25.80692820925006,411,253,992.0495692016532,994.0495692016532,2.0,12.675994151115376,13.561481493019892,106.48844864724786,35625,-0.4300503409036901,-3.3362237272054074,54.79838980222618,-62.5736479065548,83.17646865099657,0,0,0,0,0,3,3,1,1
2,2017,3,27,18,42819.75,61.060388997186195,29.272292183499687,422,248,992.0385514353454,992.0385514353454,0.0,12.321841644801934,4.535568781136826,14.104739588693906,625,-0.011017766307777493,-0.08722510519890303,62.14501374299332,-81.58028552704448,102.5541111793717,0,0,0,0,0,1,1,1,1
2,2017,3,27,21,42819.875,59.272163490062404,32.34149069120235,432,245,991.0362830440467,991.0362830440467,0.0,13.126024197782936,5.641377875654725,14.104739588693906,625,-1.0022683912987123,-8.078042991206166,58.12162439066697,-66.28053469618624,88.15459432963277,0,0,0,0,0,1,1,1,1
2,2017,3,28,0,42820.0,57.911468126776285,35.207853757082525,441,244,989.324944553228,989.324944553228,0.0,14.206138684295109,5.756752150335306,14.104739588693906,625,-1.7113384908187437,-13.994458538958897,56.43443628069609,-50.43414036873027,75.68651209464429,0,0,0,0,0,1,1,1,1
2,2017,3,28,3,42820.125,56.94135023893759,37.46055486049069,448,244,988.3068001183249,988.3068001183249,0.0,15.034020764697749,6.0508591010920645,14.104739588693906,625,-1.018144434903079,-8.41642447891702,45.54494652681146,-35.957395791599694,58.02823852439316,0,0,0,0,0,1,1,1,1
2,2017,3,28,6,42820.25,55.70314298440245,38.80816571515795,454,242,988.0943876036915,990.0943876036915,2.0,16.22960221463887,4.961918828935668,153.8645436249672,74375,-0.21241251463332447,-1.7813642948997686,28.14494837489178,-45.89412161293168,53.83686950081594,0,0,0,0,0,1,1,1,1
2,2017,3,28,9,42820.375,54.622346698287025,40.301319482700556,460,241,988.4911151794877,990.4911151794877,2.0,16.41405146901906,4.4852408952521365,175.60259173501603,96875,0.39672757579610335,3.371063850578279,32.041367935061785,-40.05968791743867,51.29744491875387,0,0,0,0,0,1,1,1,1
2,2017,3,28,12,42820.5,53.86619868036454,42.18862640547347,466,242,989.1694271369902,991.1694271369902,2.0,15.242419698081184,4.056210773495768,172.1702882348331,93125,0.6783119575024465,5.818768985163364,41.24816470713036,-28.026607795106134,49.86884634927159,0,0,0,0,0,2,2,1,1
2,2017,3,28,15,42820.625,53.56780739337317,43.73260101476674,470,244,989.7518983189825,991.7518983189825,2.0,14.723958501196435,4.1866712910782375,170.4282168957679,91250,0.5824711819924414,5.0157570367541755,33.98501848511681,-11.059865756127017,35.739363620205694,0,0,0,0,0,3,3,1,1
2,2017,3,28,18,42820.75,53.07360310444574,45.50038709879223,475,246,990.4689101300371,992.4689101300371,2.0,14.919709942037358,4.11978496939133,182.27340554900803,104375,0.7170118110545445,6.214103238151316,39.364441446603585,-18.317669884904166,43.41769547563997,0,0,0,0,0,3,3,1,1
2,2017,3,28,21,42820.875,52.703706725738776,47.47878910857833,480,249,989.7636431274652,991.7636431274652,2.0,15.931591842369093,4.073621618667821,176.73188049071527,98125,-0.7052670025719272,-6.142244149847275,44.431608398794054,-13.710200232136058,46.49878939616654,0,0,0,0,0,3,3,1,1
2,2017,3,29,0,42821.0,52.46795977533697,49.19090752732529,484,252,988.4163664421271,990.4163664421271,2.0,17.29263193377913,3.254792611586308,183.3616146530208,105625,-1.3472766853380016,-11.770562560116655,38.659016605079636,-8.73795495220222,39.634220335696504,0,0,0,0,0,3,3,1,1
2,2017,3,29,3,42821.125,52.41317997644324,50.17216082509655,486,254,988.2018608853181,992.2018608853181,4.0,18.58942698707412,3.4313262911727356,291.80112157797475,267500,-0.21450555680916294,-1.8754188201380557,22.184259198780953,-2.030411906530869,22.276982037719552,0,0,0,0,0,4,4,1,1
2,2017,3,29,6,42821.25,52.26934331740422,52.12501634890181,490,258,988.1778084652642,992.1778084652642,4.0,19.189222930550976,2.211441496051266,286.2949452790358,257500,-0.024052420053776585,-0.21069775140385524,44.293177598553854,-5.331302250214114,44.61287219469478,0,0,0,0,0,4,4,1,1
2,2017,3,29,9,42821.375,52.603758687846245,53.93407821556829,492,263,987.8940698188989,991.8940698188989,4.0,19.112974911788193,3.4967947985069623,289.0611442640554,262500,-0.283738646365382,-2.4744011097207625,40.721709063427305,12.395097528371439,42.56637207684321,0,0,0,0,0,4,4,1,1
2,2017,3,29,12,42821.5,52.88098351010549,54.50324775786056,492,265,986.8007916989612,990.8007916989612,4.0,19.96226236695486,6.709624983421163,252.7071841393177,200625,-1.093278119937604,-9.499132215266462,12.73098021128144,10.275331258388746,16.36032669629982,0,0,0,0,0,4,4,1,1
2,2017,3,29,15,42821.625,53.15411343944663,55.080597987542326,492,267,986.94543547507,990.94543547507,4.0,20.108765934034636,9.510875546334065,277.1141642750141,241250,0.1446437761087145,1.252258365789397,12.832473047482369,10.123554152507438,16.34499046170147,0,0,0,0,0,4,4,1,1
2,2017,3,29,18,42821.75,54.903972592376306,58.52639459405502,491,279,986.1791678385111,992.1791678385111,6.0,19.601716568584987,4.236786441045842,369.9638510165959,430000,-0.7662676365587686,-6.488542537018983,73.42407775866052,64.85848671610837,97.96794625699485,0,0,0,0,0,6,6,1,1
2,2017,3,29,21,42821.875,55.26763759701828,59.48687513838555,491,282,983.7343831859425,991.7343831859425,8.0,21.529070375154593,5.660533365581286,404.39053404712934,513750,-2.4447846525686328,-20.61025068202027,20.282826090923646,13.479234504785513,24.35329129850118,0,0,0,0,0,6,6,1,1
2,2017,3,30,0,42822.0,54.97889275185295,60.185837262201325,493,283,981.1019402256543,993.1019402256543,12.0,25.01554597822214,6.033551173541564,496.87936712174184,775625,-2.6324429602883175,-22.2703549609479,14.867407858621048,-10.70232062571713,18.318828652788834,0,0,0,0,0,5,5,1,1
2,2017,3,30,3,42822.125,55.004917849531466,61.01778471839244,494,285,980.6907180983596,992.6907180983596,12.0,25.985596953224327,5.7772117284879645,502.65144201363216,793750,-0.41122212729460444,-3.477814994982067,17.684594889326224,0.9646196090929055,17.710883303489684,0,0,0,0,0,5,5,1,1
2,2017,3,30,6,42822.25,56.716714404424884,63.872312690442755,491,295,981.17806825253,991.17806825253,10.0,24.03378071094188,2.5717028332949123,482.86850345578216,732500,0.4873501541704172,4.038985920960929,58.05827003987862,63.44769745059415,86.00216876222133,0,0,0,0,0,6,6,1,1
2,2017,3,30,9,42822.375,57.428927055163,65.48992201811065,490,300,981.2422535142058,991.2422535142058,10.0,23.36134191374221,4.652632408975405,512.0622703772439,823750,0.06418526167573874,0.5276797372807668,32.276624628785164,26.3981444847172,41.69703262419888,0,0,0,0,0,6,6,1,1
2,2017,3,30,12,42822.5,57.68089173338276,67.48850305475342,491,305,982.1318666778336,992.1318666778336,10.0,23.50194386945378,3.6820496469242783,568.0551444347792,1013750,0.8896131636278005,7.293267731578435,39.602855876411695,9.339064637221735,40.689117978472346,0,0,0,0,0,7,7,1,1
2,2017,3,30,15,42822.625,59.58267845864076,69.26904452717342,485,312,982.7352219458505,990.7352219458505,8.0,21.626530027344646,2.913114912291712,519.7744856170725,848750,0.6033552680168941,4.847354680203705,33.41227290527466,70.489678469553,78.00753009445636,0,0,0,0,0,8,8,1,1
2,2017,3,30,18,42822.75,61.214841790247654,72.84757825978816,481,322,981.8904842667605,989.8904842667605,8.0,21.549812242394157,3.9738029769744028,521.8753647816745,855625,-0.8447376790900307,-6.677663566732775,63.86088655569322,60.496093976655914,87.9658468845239,0,0,0,0,0,7,7,1,1
2,2017,3,30,21,42822.875,62.90887078696338,78.69006752597979,477,336,979.2441052793124,987.2441052793124,8.0,23.1995120287966,4.995239429828434,466.09709001498516,682500,-2.646378987448115,-20.594175996476025,98.58531693203489,62.78914334118664,116.88259595042302,0,0,0,0,0,9,9,1,1
2,2017,3,31,0,42823.0,65.37527192921603,83.94976417710122,468,348,976.7505849977993,986.7505849977993,10.0,24.267084731140653,7.022043667479884,478.1069828142386,718125,-2.493520281513047,-19.00389895113307,81.20708209838944,91.41709802961324,122.27704606789649,0,0,0,0,0,11,11,1,1
2,2017,3,31,3,42823.125,66.76668040101129,84.15107835407105,462,349,973.5094484634636,985.5094484634636,12.0,26.319010876321084,9.593613815028512,468.4387663163145,689375,-3.241136534335674,-24.43693952878928,2.9434649222015548,51.57252098463051,51.65645077295173,0,0,0,0,0,10,10,1,1
2,2017,3,31,6,42823.25,68.15405375590451,84.37759937291028,456,350,971.3341547467732,983.3341547467732,12.0,27.21483762134433,14.651033211592294,421.7293550432469,558750,-2.175293716690503,-16.236884599666915,3.124251480104876,51.42295947532237,51.51778050839908,0,0,0,0,0,11,11,1,1
2,2017,3,31,9,42823.375,68.85690543048307,84.8055710922652,453,351,970.6850116029938,994.6850116029938,24.0,27.342876720609425,15.971182528448407,904.9045155196218,2572500,-0.6491431437793653,-4.822000643386844,5.721661369818653,26.05118013225599,26.672108936380045,0,0,2,0,0,13,13,1,2
2,2017,3,31,12,42823.5,69.33063285718876,85.3141001604973,451,352,972.0844891341729,994.0844891341729,22.0,26.25181532742076,17.051196464276945,867.4128160610351,2363750,1.3994775311791454,10.36289441645419,6.653065296550582,17.558695487351393,18.77687580663247,0,0,0,0,0,13,13,1,2
2,2017,3,31,15,42823.625,70.05745338317833,87.08916217383225,448,355,972.3782825780851,994.3782825780851,22.0,25.250718531849333,9.816457675227065,898.3955171052303,2535625,0.29379344391214546,2.1653028351322727,22.43960554025799,26.939585023723463,35.06104873007655,0,0,0,0,0,14,14,1,1
2,2017,3,31,18,42823.75,73.02497946900228,88.10348169679072,435,357,972.1936865236743,994.1936865236743,22.0,24.222972224809318,4.063607143618793,915.3965126538494,2632500,-0.18459605441079474,-1.337176929029256,10.97612045718897,109.99128180966926,110.53758317615237,0,0,0,0,0,10,10,1,1
2,2017,3,31,21,42823.875,73.70377011859307,88.02506598911803,432,357,971.3106335122206,993.3106335122206,22.0,24.637678628897106,6.02120145789595,897.1767521995098,2528750,-0.883053011453594,-6.37405635690267,-0.8155675119598809,25.159358829420327,25.172574105047243,0,0,0,0,0,11,11,1,1
2,2017,4,1,0,42824.0,74.38190869331116,87.93988897627688,429,357,970.2733201363877,996.2733201363877,26.0,24.919585903307397,6.6202755159030495,1051.725655524611,3475000,-1.0373133758328914,-7.462241705284095,-0.849962457237407,25.13518969020829,25.149556595325215,0,0,0,0,0,7,7,1,1
2,2017,4,1,3,42824.125,75.05941767673343,87.84703721089954,426,357,970.1012127328988,996.1012127328988,26.0,24.7342704567934,6.951263859778193,1062.1721154514805,3544375,-0.17210740348891704,-1.2341159492240328,-0.8872903128118914,25.11185390422289,25.127524561847398,0,0,0,0,0,8,8,1,1
2,2017,4,1,6,42824.25,75.72566724820402,86.84515713520803,423,356,970.4818921839678,996.4818921839678,26.0,24.378928110771433,7.263942186382557,1099.807968464679,3800000,0.3806794510690088,2.721445744837833,-9.1559939335006,24.694524075546937,26.33726911105377,0,0,0,0,0,8,8,1,1
2,2017,4,1,9,42824.375,76.36800741236488,84.8055710922652,420,354,970.978992916208,994.978992916208,24.0,24.673815189861315,7.439772493917335,1009.9426922059412,3204375,0.4971007322400692,3.543846648909494,-17.81622380539144,23.80832247823968,29.73640949932674,0,0,0,0,0,6,6,1,1
2,2017,4,1,12,42824.5,76.73674120339531,81.73282666448937,418,351,971.4326204293467,993.4326204293467,22.0,25.01846357873848,7.853472376618957,899.1702346646204,2540000,0.4536275131387811,3.22895204483197,-26.126593663341023,13.66710894833336,29.485399157124277,0,0,0,0,0,6,6,1,1
2,2017,4,1,15,42824.625,76.88630869533294,79.65131591200455,417,349,971.3297175046183,991.3297175046183,20.0,25.252013057170426,9.451047512163568,799.1302829678212,2006250,-0.10290292472840519,-0.7320222123553809,-17.503450507560977,5.54371543147153,18.36038018276779,0,0,0,0,0,9,9,1,1
2,2017,4,1,18,42824.75,76.74818760717633,76.78725312166476,417,346,971.7853734347103,989.7853734347103,18.0,24.65996581182673,8.919061920009554,751.4001334964605,1773750,0.4556559300920344,3.243237797347378,-24.331960527241566,-5.119454755213581,24.864696259755934,0,0,0,0,0,8,8,1,1
2,2017,4,1,21,42824.875,76.29764373434033,73.34569362307667,418,342,972.3485917984799,988.1558701385579,15.807278340078046,23.95661236308252,7.9173029424384005,698.0064967749688,1530625,0.5632183637695561,4.0164005395396405,-30.21219530403322,-16.699397630051568,34.520235026656735,0,0,0,1,0,9,8,2,0
2,2017,4,2,0,42825.0,73.87306957667818,72.57456395969437,428,338,971.1877167810828,987.1877167810828,16.0,24.55633302238452,4.956075331005195,667.1109425130968,1398125,-1.1608750173970475,-8.372236403945129,-7.939031399302941,-89.8667818685115,90.21677617251541,0,0,1,0,0,12,12,1,1
2,2017,4,2,3,42825.125,73.80388826336083,71.81634684428694,428,337,971.322436249466,987.322436249466,16.0,24.769584838222627,4.117989583176313,657.196109860391,1356875,0.13471946838311852,0.9719375127029964,-7.838686214699136,-2.5642036864988573,8.247432456126488,0,0,0,0,0,11,11,1,1
2,2017,4,2,6,42825.25,73.5176401138178,71.31808813965175,429,336,971.808803602658,991.808803602658,20.0,24.8714763572918,3.6958195706355763,865.2312197144198,2351875,0.48636735319203583,3.5140544446121726,-5.239713089229933,-10.609780663526095,11.833090846671453,0,0,0,0,0,10,10,1,1
2,2017,4,2,9,42825.375,73.08805814788133,71.8057883297998,431,336,972.9760106970242,984.9760106970242,12.0,24.642093638595284,4.57915752693807,435.4231573518114,595625,1.1672070943661674,8.452179594145136,5.258496253018648,-15.922445063377237,16.76830461433944,0,0,0,0,0,8,8,1,1
2,2017,4,2,12,42825.5,72.65704365227921,72.26947198845808,433,336,974.3327728293734,988.3327728293734,14.0,24.471129616199843,4.944689322156628,500.46987091219614,786875,1.3567621323492494,9.847620440435364,5.123098596886759,-15.97554174040602,16.776891044912883,0,0,0,0,0,8,8,1,1
2,2017,4,2,15,42825.625,72.29074861083534,73.40524643347077,435,337,975.4694747556449,989.4694747556449,14.0,23.92583478040724,6.554239015988568,492.0512749486031,760625,1.1367019262714892,8.267058190436172,12.805302348940485,-13.576716754539394,18.66287775453645,0,0,0,0,0,8,8,1,1
2,2017,4,2,18,42825.75,72.0733049245459,73.61045966596522,436,337,976.4335948800822,992.4335948800822,16.0,23.516829935296744,6.7634539646587655,582.9200661335965,1067500,0.9641201244373224,7.0204555704192275,2.3411940508975757,-8.059544915425702,8.392702415058126,0,0,0,0,0,7,7,1,1
2,2017,4,2,21,42825.875,71.91751822139527,74.49495581768771,437,338,977.9245795311301,993.9245795311301,16.0,22.280087417843333,6.0067000383332925,609.1222874620341,1165625,1.490984651047911,10.866535511017398,10.175543261253912,-5.774230343010416,11.699718659685459,0,0,0,0,0,10,10,1,1
2,2017,4,3,0,42826.0,71.75742029444795,75.36427100016034,438,339,979.4549629125494,995.4549629125494,16.0,21.267618254823375,5.395048124006207,643.4297131138667,1300625,1.5303833814192331,11.163908762294163,10.086446360321357,-5.9340257476173965,11.702523734350047,0,0,0,0,0,10,10,1,1
2,2017,4,3,3,42826.125,71.59311828958768,76.21840276434638,439,340,981.3626547256561,995.3626547256561,14.0,19.925280588575212,5.554155383128891,568.755151039775,1016250,1.9076918131066487,13.929538331237818,9.996459571310025,-6.089849792664449,11.705360928141047,0,0,0,0,0,11,11,1,1
2,2017,4,3,6,42826.25,71.37256506626011,76.38319105635904,440,340,983.2424905484575,995.2424905484575,12.0,19.15543868522183,5.616116433403877,494.8733865168483,769375,1.8798358228013967,13.743848218468765,1.950934324178803,-8.174799829709961,8.404373682380205,0,0,0,0,0,8,8,1,1
2,2017,4,3,9,42826.375,71.42471827327904,77.05737573420544,440,341,985.6377255830637,997.6377255830637,12.0,17.848170301901206,5.196871792929014,525.6736344380449,868125,2.395235034606303,17.506668809418727,7.960099506073223,1.9330573429166638,8.19145254747845,0,0,0,0,0,8,8,1,1
2,2017,4,3,12,42826.5,71.47425685731685,77.7352262721076,440,342,987.8682946568155,995.8682946568155,8.0,16.55205524854651,5.117507611167748,369.4257214939158,428750,2.2305690737516852,16.298402905211262,7.98278765923843,1.8361464060529402,8.191235098381105,0,0,0,0,0,11,11,1,1
2,2017,4,3,15,42826.625,71.52116062845401,78.41658139531293,440,343,989.004293727267,997.004293727267,8.0,15.87628798206265,5.15735744590871,383.949561842266,463125,1.1359990704516532,8.298285575009963,8.004454186456805,1.738487130316249,8.191069791264209,0,0,0,0,0,9,9,1,1
2,2017,4,3,18,42826.75,71.52116062845401,78.41658139531293,440,343,989.9951713742624,995.9951713742624,6.0,15.077533241020785,4.570967253022245,321.32813342573525,324375,0.9908776469953591,7.238197546580957,0.0,0.0,0.0,0,0,0,0,0,7,7,1,1
2,2017,4,3,21,42826.875,71.52116062845401,78.41658139531293,440,343,990.8097436682309,996.8097436682309,6.0,14.30596329973802,4.146192387061892,332.2856328070812,346875,0.814572293968522,5.950316063334702,0.0,0.0,0.0,0,0,0,0,0,10,10,1,1
2,2017,4,4,0,42827.0,71.52116062845401,78.41658139531293,440,343,991.2095619819287,995.2095619819287,4.0,13.692677828519855,3.7368517976828297,258.1591222864905,209375,0.39981831369776044,2.9206067429824856,0.0,0.0,0.0,0,0,0,0,0,8,8,1,1
2,2017,4,4,3,42827.125,71.29869328979831,78.55493622107899,441,343,991.4837686956652,995.4837686956652,4.0,13.019544484301168,3.508527830131497,265.379091712523,221250,0.27420671373649386,2.005652335477655,1.6442517441627575,-8.245746467543123,8.408085311483356,0,0,0,0,0,7,7,1,1
2,2017,4,4,6,42827.25,71.29869328979831,78.55493622107899,441,343,991.9189332206574,995.9189332206574,4.0,11.987337254340579,2.890367042730213,281.03494535262524,248125,0.43516452499228764,3.182959067539591,0.0,0.0,0.0,0,0,0,0,0,8,8,1,1
2,2017,4,4,9,42827.375,71.29869328979831,78.55493622107899,441,343,992.602752845925,996.602752845925,4.0,10.71957693036424,2.3215663091447643,306.43338007504707,295000,0.6838196252674971,5.001717170868376,0.0,0.0,0.0,0,0,0,0,0,8,8,1,1
2,2017,4,4,12,42827.5,71.1192879697012,79.35938029758942,442,344,993.2380109065064,997.2380109065064,4.0,9.812773424866922,1.9185395109347883,399.93839251484076,502500,0.6352580605814001,4.651472454056989,9.64858070692108,-6.649653802614264,11.718063208252122,0,0,0,0,0,8,8,1,1
2,2017,4,4,15,42827.625,70.89597081476782,79.48395361545522,443,344,992.9876293590839,996.9876293590839,4.0,9.330386313519963,1.8981047936223332,400.68385148886324,504375,-0.25038154742243934,-1.8357992382729562,1.5111720453083652,-8.277244887096192,8.414061080802867,0,0,0,0,0,10,10,1,1
2,2017,4,4,18,42827.75,70.93614335112204,80.14867265719194,443,345,992.2107289422071,994.2107289422071,2.0,9.372424826105288,1.691167208159313,286.98899464971794,258750,-0.7769004168768879,-5.694857648957866,8.047199185748498,1.4889940776781116,8.18379606896896,0,0,0,0,0,8,8,1,1
2,2017,4,4,21,42827.875,70.97371118274641,80.81608074915566,443,346,991.4360277702922,991.4360277702922,0.0,9.735144145345794,1.59447533539118,14.104739588693906,625,-0.7747011719149305,-5.677451463009298,8.064420929918684,1.3924507605553054,8.183752443438253,0,0,0,0,0,14,14,1,1
2,2017,4,5,0,42828.0,71.19791492434203,80.70669140060288,442,346,990.5984815017858,990.5984815017858,0.0,10.225663436883591,1.433097209303669,14.104739588693906,625,-0.8375462685062667,-6.129791570881196,-1.3067701203251103,8.31010620005371,8.4122240343173,0,0,0,0,0,12,12,1,1
2,2017,4,5,3,42828.125,72.63356487845905,74.61481164634642,434,339,989.6528807187045,989.6528807187045,0.0,11.18416559974176,3.36772581740057,14.104739588693906,625,-0.9456007830813178,-6.864217358480385,-67.36687770893764,53.21233044510226,85.8478207274344,0,0,0,0,0,13,13,1,1
2,2017,4,5,6,42828.25,72.0733049245459,73.61045966596522,436,337,989.7758277360583,989.7758277360583,0.0,10.795942688500306,4.861518248614957,14.104739588693906,625,0.12294701735372655,0.8952661094499456,-11.458114751287042,-20.766021492419434,23.717420649752103,0,0,0,0,0,12,12,1,1
2,2017,4,5,9,42828.375,71.29050262972687,72.87195252640333,439,335,,,,9.922279698053146,,0.0,0,0.677995577454858,,-8.780302086234615,-29.014547916531175,30.313985147555567,0,2,2,1,0,14,12,0,0
3,2017,4,4,18,42827.75,68.35028363216176,56.88865803962798,440,307,984.3525319266585,994.3525319266585,10.0,20.519572590668464,9.247955127965978,489.00951115042,751250,0.08305130093707704,0.6190673388927217,40.188064238221294,-43.913904451699324,59.52740134936498,0,0,0,0,2,6,6,1,1
3,2017,4,4,21,42827.875,67.42403276793813,59.722975061750226,446,309,984.1802127246032,992.1802127246032,8.0,20.017330579082675,8.399980902482056,413.63216004535656,537500,-0.17231920205522328,-1.2929386205967475,40.32752801953902,-34.33146563393553,52.96186409805456,0,0,0,0,0,10,10,1,1
3,2017,4,5,0,42828.0,66.64702542544254,62.07396602994594,451,311,984.6361337405021,990.6361337405021,6.0,18.81334342265187,9.558443423881762,321.32813342573525,324375,0.4559210158989299,3.4405634679945054,34.539546432194065,-28.79975815036014,44.97117229137934,0,0,0,0,0,9,9,1,1
3,2017,4,5,3,42828.125,65.20962451246942,64.95159069476324,459,313,985.6859895964969,989.6859895964969,4.0,18.768430010014733,3.448344538024539,297.5398075802073,278125,1.0498558559948288,8.011930778435634,44.71823757216373,-53.27722969228922,69.55705553892732,0,0,0,0,0,12,12,1,1
3,2017,4,5,6,42828.25,64.26484106445099,69.17910714668918,466,319,986.6192957377098,990.6192957377098,4.0,18.479900146624605,3.2010009226293916,309.01936161855167,300000,0.9333061412128154,7.178127796044354,68.02535761239467,-35.018375399134115,76.50971110838717,0,0,0,0,0,11,11,1,1
3,2017,4,5,9,42828.375,63.267243100843565,72.02463313460795,472,323,988.4986818132816,994.4986818132816,6.0,17.042168709805914,2.8302735785199182,557.0925767134183,975000,1.8793860755718197,14.57906094538434,47.439355175977,-36.97594412802965,60.14742607686272,0,0,2,0,0,12,12,1,3
3,2017,4,5,12,42828.5,62.872311673250955,74.28417954854312,475,327,991.325565378301,995.325565378301,4.0,14.465565669771143,2.652850378791263,514.9678863063896,833125,2.8268835650193798,22.006053513967633,38.18596526171108,-14.638123706930333,40.895508416304125,0,0,0,0,0,10,10,1,3
3,2017,4,5,15,42828.625,62.65962740743339,76.36602721059565,477,331,992.9145679456733,995.8495028478486,2.9349349021753004,13.228534359707773,2.5764843413297056,490.83683144743384,756875,1.5890025673723722,12.393345903458082,35.43783469142003,-7.883137112012145,36.304049062648595,0,0,0,0,0,9,11,2,0
3,2017,4,5,18,42828.75,69.88358196175659,75.41957960279622,446,337,992.0363102560706,996.0363102560706,4.0,9.343032282167675,4.155774843553081,463.5290424278275,675000,0.18680740822193911,1.378323283427054,12.252652771971213,-14.095832145915677,18.67672304865936,0,0,1,0,2,11,11,1,1
3,2017,4,5,21,42828.875,69.66320066409918,75.57922687248902,447,337,991.9215278956497,995.9215278956497,4.0,9.990303941040322,3.853288005004215,426.6538012972055,571875,-0.11478236042094067,-0.848101128078979,2.0564934681060487,-8.168427408949263,8.423323080568405,0,0,0,1,0,11,11,1,2
3,2017,4,6,0,42829.0,69.2761122640881,76.49216112472702,449,338,992.3921398918508,995.8023508573383,3.410210965487495,9.94071141524922,3.7057746210574254,388.8408362521876,475000,0.47061199620118715,3.486055253215623,11.973926473202424,-14.347422081397436,18.687520851290806,0,0,0,0,0,12,13,2,0
3,2017,4,6,3,42829.125,69.7161867820846,83.30873556744771,449,349,992.0019999478947,996.0019999478947,4.0,11.296610150348807,8.379649534645287,371.8411714846597,434375,-0.39013994395616464,-2.881670083659296,87.54303375972866,16.311351248920385,89.0496655772645,0,0,1,0,0,12,12,1,1
3,2017,4,6,6,42829.25,70.36526962287196,82.4270513594566,446,348,992.6008788202842,996.6008788202842,4.0,11.422725456055606,6.704574463585596,365.0921319878893,418750,0.5988788723894686,4.405305696115432,-10.980987464997447,24.058239622530728,26.445812134278246,0,0,0,0,0,14,14,1,1
3,2017,4,6,9,42829.375,70.97371118274641,80.81608074915566,443,346,994.3045601018289,996.3045601018289,2.0,10.933566195531615,6.792078805856727,233.47498368984665,171250,1.7036812815447047,12.485546859957092,-19.465194456989465,22.551871539246644,29.790614380557784,0,0,0,0,0,17,17,1,1
3,2017,4,6,12,42829.5,71.15991771376669,80.03164382952617,442,345,995.8985582812281,997.8985582812281,2.0,10.339493197399632,6.736317386716255,262.74218649868465,216875,1.5939981793993503,11.66871108067261,-9.389105570263911,6.901740519179317,11.65286769871015,0,0,0,0,0,17,17,1,1
3,2017,4,6,15,42829.625,70.84520170836188,82.91671400024744,444,349,,,,9.872106554967823,,0.0,0,1.0952541240962455,,35.08438385213942,-11.664941044952062,36.97275807762343,0,2,2,0,0,16,12,0,0
7,2017,3,29,6,42821.25,61.81248475370169,77.24669974542431,481,332,990.6209853757744,990.6209853757744,0.0,10.778057518092877,4.200418436787222,14.104739588693906,625,,,,,,3,0,0,0,0,7,7,1,1
7,2017,3,29,9,42821.375,63.30234808485845,80.4978059963834,476,340,990.2311934349243,990.2311934349243,0.0,10.740429669864088,5.537779921113324,14.104739588693906,625,-0.3897919408499729,-3.0228213700731317,54.133706973721644,55.221747939464606,77.32981104468394,0,0,0,0,0,9,9,1,1
7,2017,3,29,12,42821.5,64.12388093145904,82.22357080509047,473,344,990.4892921082464,990.4892921082464,0.0,10.728070252586079,6.802290695941702,14.104739588693906,625,0.2580986733220925,1.987419186493033,27.915374728011813,30.45009487128285,41.30951977299478,0,0,0,0,0,9,9,1,1
7,2017,3,29,15,42821.625,65.69907803372165,86.53981677101355,467,353,989.8302243684535,989.8302243684535,0.0,11.573289836088028,5.340561357719562,14.104739588693906,625,-0.659067739792954,-5.010063642730538,65.82411991107588,58.3846420789371,87.98625570367959,0,0,0,0,0,9,9,1,1
7,2017,3,29,18,42821.75,67.11790805194826,90.28224293627086,461,360,989.2912799605161,989.2912799605161,0.0,11.901865714306542,5.357677584214616,14.104739588693906,625,-0.5389444079373789,-4.052847158349323,53.928445368791564,52.58889993260228,75.3250928709417,0,0,0,0,0,9,9,1,1
7,2017,3,29,21,42821.875,68.19410909542168,94.4441061216527,456,367,988.9595196537059,988.9595196537059,0.0,12.333858516055585,3.131669240569172,14.104739588693906,625,-0.3317603068101744,-2.4756407700779635,57.290829879221775,39.889365361274535,69.809746147477,0,0,0,0,0,12,12,1,1
7,2017,3,30,0,42822.0,69.10353941328243,99.61456927090096,451,375,988.174613717444,988.174613717444,0.0,14.139506194746872,6.635690397471408,14.104739588693906,625,-0.7849059362619301,-5.82084514399069,68.33506924847119,33.708012494288305,76.19653401243687,0,0,0,0,0,11,11,1,1
7,2017,3,30,3,42822.125,70.4200708506266,106.35238354319112,443,384,987.8195190925585,987.8195190925585,0.0,14.855671541659731,3.2782573764726113,14.104739588693906,625,-0.35509462488553256,-2.611158199479876,83.64941413576646,48.7972055335803,96.84209700922139,0,0,0,0,0,13,13,1,1
7,2017,3,30,6,42822.25,71.05715166535857,111.23289229541842,438,390,986.8690513052005,986.8690513052005,0.0,16.125731209503446,4.402321356801767,14.104739588693906,625,-0.9504677873579204,-6.962080396164193,58.70743446516269,23.613384820259153,63.278391289215136,0,0,0,0,0,14,14,1,1
7,2017,3,30,9,42822.375,71.53774228028087,114.84825296578812,434,394,987.5301853668948,987.5301853668948,0.0,16.03855601131295,4.199353680265995,14.104739588693906,625,0.6611340616941743,4.829008287158849,42.429803399290215,17.813079390782278,46.0173229760786,0,0,0,0,0,13,13,1,1
7,2017,3,30,12,42822.5,71.94009756309558,118.6389225446537,430,398,987.5271052900473,987.5271052900473,0.0,16.81948263451324,3.7446117490855255,14.104739588693906,625,-0.0030800768474000505,-0.02244520821141603,43.549719542626974,14.913288719210623,46.03242610013077,0,0,0,0,0,14,14,1,1
7,2017,3,30,15,42822.625,72.25911729619207,122.58255420992371,426,402,987.612842711009,989.612842711009,2.0,16.788754923969016,2.9613098348613858,321.01841949022526,323750,0.08573742096166825,0.6236651078321941,44.532072390755204,11.82445860661069,46.075191727814996,0,0,0,0,0,13,13,1,1
7,2017,3,30,18,42822.75,72.85192950829203,127.54570118725155,420,406,987.6771507796508,993.6771507796508,6.0,16.9902429401441,2.2332614251347693,644.0478013573622,1303125,0.06430806864183979,0.4662668016792567,54.22335526187341,21.972570146151174,58.506120147236466,0,0,2,0,0,12,12,1,2
7,2017,3,30,21,42822.875,73.92988763355493,131.60028584087675,413,407,988.3425677647517,994.3425677647517,6.0,15.826987234635888,1.2903525265450297,619.8066181383209,1206875,0.6654169851008919,4.7976173299827956,41.592361207400344,39.954491554837716,57.67396211647384,0,0,0,0,0,13,13,1,2
7,2017,3,31,0,42823.0,74.27821370034856,135.0,409,409,988.6121399984186,994.6121399984186,6.0,15.52742695522283,2.3085603401687695,596.7488459713314,1118750,0.26957223366684047,1.940237880460242,34.13993266215629,12.910697148501901,36.499604149043876,0,0,0,0,0,17,17,1,2
7,2017,3,31,3,42823.125,74.4177089211011,137.9207215210004,406,411,989.1115367405757,995.1115367405757,6.0,14.481361301423734,2.5085576707762085,595.7478687288161,1115000,0.4993967421571142,3.591941644781678,29.077160965503804,5.17038694628153,29.533272608840637,0,0,0,0,0,16,16,1,3
7,2017,3,31,6,42823.25,74.51575535379938,140.88598783302825,403,413,989.5925590683011,997.5925590683011,8.0,13.772103612223578,3.388775518566108,723.7532082493317,1645625,0.48102232772536807,3.4581373338175063,29.339342231958323,3.634088630548804,29.56355193102915,0,0,0,0,0,16,16,1,2
7,2017,3,31,9,42823.375,74.75357092598281,143.38324848092935,400,414,990.8947071674626,998.8947071674626,8.0,12.734728290291022,3.9181487178321555,749.4117729496419,1764375,1.3021480991615682,9.350654982536444,24.33904808267456,8.814628367957042,25.886037449481083,0,0,0,0,0,16,16,1,2
7,2017,3,31,12,42823.5,74.96129164867784,145.95406264339834,397,415,992.147805381074,998.147805381074,6.0,11.386064670192072,3.9169866345030457,653.8577566111791,1343125,1.2530982136113744,8.989606359994681,24.722374194266305,7.699163507542799,25.89349154743723,0,0,0,0,0,16,16,1,2
7,2017,3,31,15,42823.625,77.71412987179805,146.16488017754858,390,405,992.5583302315358,998.5159943178609,5.957664086325094,9.882363820280222,2.237424660923425,667.7071096941921,1400625,0.41052485046180665,2.9108639666157234,1.662724362512871,102.0338814280629,102.04742824579996,0,0,0,0,0,16,15,2,0
7,2017,3,31,18,42823.75,78.07711663996976,148.85141901380499,387,405,992.7304569255186,998.7304569255186,6.0,9.49188317993759,2.0772032222411507,677.6149428843183,1442500,0.1721266939828638,1.2188229314035512,20.57019974179418,13.454095686599862,24.579377700859197,0,0,0,0,0,12,12,1,2
7,2017,3,31,21,42823.875,78.69418281084333,149.62087398863164,385,403,993.1412116849033,997.1412116849033,4.0,8.740516877677823,3.1061596416527752,524.9161792399276,865625,0.4107547593845811,2.902108566211786,5.5911497199823,22.871542535041833,23.545029478076387,0,0,0,0,0,13,13,1,2
7,2017,4,1,0,42824.0,79.61472378046281,150.94539590092285,382,400,992.943070095311,996.943070095311,4.0,8.471721459560829,3.3430337965616492,509.7258523927535,816250,-0.19814158959226916,-1.3956286295087748,8.84969397803039,34.119828530049574,35.24882668153328,0,0,0,0,0,8,8,1,1
7,2017,4,1,3,42824.125,79.52292549847863,152.61257784292386,381,401,993.1665908272076,997.1665908272076,4.0,7.974262481733951,3.150635346275522,508.749178086014,813125,0.223520731896715,1.5748534129999021,11.23637706563325,-3.4025010771090933,11.740237780420692,0,0,0,0,0,9,9,1,1
7,2017,4,1,6,42824.25,79.52292549847863,152.61257784292386,381,401,,,,7.974262481733951,,0.0,0,0.0,,0.0,0.0,0.0,0,3,0,0,0,9,9,0,0
8,2017,3,28,12,42820.5,39.48896602892324,167.14330263103474,408,572,979.6216287323067,995.6216287323067,16.0,22.874159978346384,8.547570064529719,665.7676144954247,1392500,,,,,,3,0,0,0,0,18,18,1,1
8,2017,3,28,15,42820.625,40.60453378746514,170.42736645443287,395,570,977.2617921580619,995.2617921580619,18.0,22.505044639028014,9.486995414967314,717.8190080096871,1618750,-2.3598365742448366,-25.12072193651716,92.40971921931023,41.348491692700506,101.23859921716162,0,0,0,0,0,17,17,1,1
8,2017,3,28,18,42820.75,41.00497875328726,171.44917518460008,391,569,976.0393845042813,994.0393845042813,18.0,23.00562597464549,8.679454501719592,713.789017548554,1600625,-1.2224076537805377,-12.907744289787429,28.58103184358818,14.842482866591391,32.20519645785848,0,0,0,0,0,18,18,1,1
8,2017,3,28,21,42820.875,41.07623770312925,171.9847954453958,389,569,975.2992442762759,993.2992442762759,18.0,24.154780186829193,7.32557516957997,706.0827566478041,1566250,-0.7401402280054754,-7.804190074935133,14.965694755471263,2.6412112334828066,15.196973918968732,0,0,0,0,0,20,20,1,1
8,2017,3,29,0,42821.0,41.4795274666363,173.29813533349022,384,568,975.1400253365873,993.1400253365873,18.0,24.03841679009036,5.006381612559271,733.4464586120832,1690000,-0.15921893968858059,-1.665429432873899,36.46952149841223,14.94792522322223,39.414038955709614,0,0,0,0,0,17,17,1,1
8,2017,3,29,3,42821.125,41.21664183044229,176.05948449562095,374,570,973.9803028284703,993.9803028284703,20.0,24.50333137626204,0.855300902003728,822.319624271299,2124375,-1.1597225081169744,-12.194105298777547,76.98634870577622,-9.743849677499922,77.60051864250063,0,0,0,0,0,21,21,1,1
8,2017,3,29,6,42821.25,42.292445359679064,177.91995376970752,367,566,973.6357064213357,993.6357064213357,20.0,24.301156849233138,4.290828303713788,823.528385212276,2130625,-0.34459640713452244,-3.5478983153791672,51.00876861770735,39.874631505813404,64.74473502624915,0,0,0,0,0,19,19,1,1
8,2017,3,29,9,42821.375,43.26440580570376,-177.5964029622064,351,562,972.9717831229377,994.9717831229377,22.0,25.606572665431155,5.469795577873519,878.9188273283758,2426875,-0.6639232983980037,-6.711443018222066,-121.00200936734659,36.02569016570958,126.2510856303863,0,0,0,0,0,22,22,1,1
8,2017,3,29,12,42821.5,43.71715211594211,-176.71730503641174,348,560,970.3307154996052,996.3307154996052,26.0,26.94458601926917,5.69231113284608,970.4634850143981,2958750,-2.6410676233326376,-26.47646475727065,23.550125309491634,16.78103091851593,28.917320082970104,0,0,0,0,0,18,18,1,1
8,2017,3,29,15,42821.625,44.15734063407119,-175.82208653672805,345,558,968.1541288372787,996.1541288372787,28.0,27.744175676002488,5.007676349731264,1013.3840685053494,3226250,-2.1765866623264447,-21.646799799267242,23.805090734600977,16.315576661046855,28.859667126719984,0,0,0,0,0,16,16,1,1
8,2017,3,29,18,42821.75,44.38234763176522,-175.5125672215242,344,557,967.4372753060045,1007.4372753060045,40.0,28.12264670690495,5.89956745625037,1531.5175395067492,7368750,-0.716853531274246,-7.1006581583632915,8.199131106876841,8.339878867699978,11.69526957516004,0,0,0,0,0,17,17,1,1
8,2017,3,29,21,42821.875,44.13893499484274,-175.53508229445646,344,558,967.5203912126011,997.5203912126011,30.0,28.452408148689415,7.419591410426583,1073.165857148245,3618125,0.08311590659664944,0.8268859393585096,-0.5988964210400831,-9.022083435651389,9.04193930763693,0,0,0,0,0,23,23,1,1
8,2017,3,30,0,42822.0,43.833001624071336,-174.70200901885002,341,559,966.8935130191239,996.8935130191239,30.0,29.218501973275856,7.067802720132168,1054.0874946892664,3490625,-0.6268781934771687,-6.271149291943921,22.27398953440676,-11.339412907016362,24.994257237507,0,0,0,0,0,22,22,1,1
8,2017,3,30,3,42822.125,46.63953377881985,-171.0115981158125,330,546,966.7327539930441,996.7327539930441,30.0,27.84178125567774,2.216555559233457,1071.4961365908698,3606875,-0.16075902607990428,-1.5319075331351957,93.90607832716968,104.02404569095233,140.14047819492362,0,0,0,0,0,21,21,1,1
8,2017,3,30,6,42822.25,46.79997088642778,-170.36246188706906,328,545,967.0246656209683,997.0246656209683,30.0,27.67979207443191,1.9713300106735552,1085.606905650238,3702500,0.2919116279242735,2.774363631698947,16.47031500730687,5.946597470509636,17.510947944534283,0,0,0,0,0,20,20,1,1
8,2017,3,30,9,42822.375,46.9969913170557,-170.0097368892473,327,544,968.056576367427,998.056576367427,30.0,27.00308428955999,2.2593428582217165,1117.8395443668305,3925625,1.0319107464587431,9.775895660696898,8.916766118541481,7.302557443716864,11.525452842797714,0,0,0,0,0,20,20,1,2
8,2017,3,30,12,42822.5,46.67286594258415,-169.46428769090784,325,545,968.7187026199059,997.7458422476652,29.027139627759315,26.506360527138693,2.4423453763288854,1125.7314219516202,3981250,0.6621262524789199,6.30608091989358,13.872170301469886,-12.013699079334662,18.351187276080793,0,0,0,0,0,19,18,2,0
8,2017,3,30,15,42822.625,51.572515765641775,-162.5342482274522,309,520,967.3927622727849,997.3927622727849,30.0,26.689303203521938,4.102358106776083,1132.4270192656772,4028750,-0.35307997488038384,-3.122573601778039,9.799099139123742,5.808254629411756,11.391144182146881,0,0,0,0,2,16,16,1,1
8,2017,3,30,18,42822.75,51.572515765641775,-162.5342482274522,309,520,967.5831560498223,997.5831560498223,30.0,26.998118767785954,4.107008221634242,1112.9345643894233,3891250,0.19039377703738863,1.683807138371906,0.0,0.0,0.0,0,0,0,0,0,14,14,1,1
8,2017,3,30,21,42822.875,51.95309013481774,-161.9999254031041,308,518,968.196767923284,998.196767923284,30.0,26.970125750373978,3.823177051620951,1122.0140818442933,3955000,0.6136118734617776,5.398340397535014,12.20571352572475,14.105979687773754,18.65363518523791,0,0,0,0,0,14,14,1,1
8,2017,3,31,0,42823.0,51.95309013481774,-161.9999254031041,308,518,968.3019722172647,998.3019722172647,30.0,26.980147333594914,5.035690888408717,1127.7619159127112,3995625,0.10520429398064152,0.9255501967160413,0.0,0.0,0.0,0,0,0,0,0,18,18,1,1
8,2017,3,31,3,42823.125,52.32969831448376,-161.45528928163253,307,516,968.6328405798116,998.6328405798116,30.0,26.6844809950462,4.879024959387461,1152.539345870991,4173125,0.33086836254689844,2.89602811649893,12.336540434678398,13.958972970567789,18.629094349685847,0,0,0,0,0,17,17,1,1
8,2017,3,31,6,42823.25,52.400215678863425,-160.68533866868694,305,515,969.5323318470895,997.5323318470895,28.0,26.70353881619221,3.985997578934694,1081.9355833139468,3677500,0.8994912672779174,7.86560860709138,17.412277752062657,2.6137243864546305,17.607355613019344,0,0,0,0,0,17,17,1,1
8,2017,3,31,9,42823.375,52.544476104298454,-160.2405292647868,304,514,971.1881530537546,999.1881530537546,28.0,26.61237582353756,5.14136461300448,1117.5725551004055,3923750,1.655821206665132,14.45136694769719,10.026385952387242,5.347009141320604,11.363050735766093,0,0,0,0,0,17,17,1,1
8,2017,3,31,12,42823.5,53.434873666357944,-159.75750024318455,304,510,972.0610372576273,1000.0610372576273,28.0,26.03699282927417,6.192055506709221,1146.655472937674,4130625,0.8728842038726725,7.529467202577748,10.66571677474383,33.00256386589957,34.683234221188656,0,0,0,0,0,18,18,1,1
8,2017,3,31,15,42823.625,54.01543976330887,-159.0406195345771,303,507,973.4707815428752,1001.4707815428752,28.0,25.353240122154194,4.351293652628155,1199.4835078277376,4520000,1.4097442852478708,12.07030690103875,15.61227945688441,21.518668187591842,26.585641809208447,0,0,0,0,0,19,19,1,1
8,2017,3,31,18,42823.75,54.58898461520107,-158.3012097105102,302,504,975.181077799605,1003.181077799605,28.0,24.93851446237743,4.086710722528951,1261.56626101008,5000000,1.71029625672978,14.53870117087964,15.880121142969928,21.258425911172644,26.534862346283557,0,0,0,0,0,13,13,1,1
8,2017,3,31,21,42823.875,54.93759310113782,-157.68055960702492,301,502,976.9703976064699,996.9703976064699,20.0,24.783120791121025,4.295011585104366,923.9411918564697,2681875,1.7893198068649507,15.145223135420665,13.21524479083797,12.921165007135828,18.48240244187431,0,0,0,0,0,16,16,1,1
8,2017,4,1,0,42824.0,54.718033942253086,-154.17900802581073,292,499,977.8367284747878,997.8367284747878,20.0,25.2404706466729,5.027388849470007,932.6209111944725,2732500,0.8663308683178912,7.3526564359639455,74.95609017179551,-8.137954855443027,75.39656333727399,0,0,0,0,0,11,11,1,1
8,2017,4,1,3,42824.125,55.45768126135501,-153.18180269614865,291,495,978.8286963238077,998.8286963238077,20.0,24.756095676944312,4.996487594728096,940.0573501216556,2776250,0.9919678490198567,8.343439743470908,20.95747571544128,27.415009796794543,34.50794909179118,0,0,0,0,0,15,15,1,2
8,2017,4,1,6,42824.25,55.97681192621701,-152.32171802591967,290,492,980.8112722460967,998.8112722460967,18.0,23.586385699249053,5.109173671652825,885.9079032957709,2465625,1.982575922288961,16.572759872199263,17.83709971768537,19.241565399423465,26.237377257625077,0,0,0,0,0,17,17,1,2
8,2017,4,1,9,42824.375,56.5985144690277,-151.77845493861642,290,489,982.6357048463816,998.6357048463816,16.0,22.971366687618442,4.687213892850268,819.6540755261717,2110625,1.8244326002849265,15.140789708735804,11.084905283784183,23.043389547523564,25.570939110431294,0,0,0,0,0,13,13,1,2
8,2017,4,1,12,42824.5,57.010615315198365,-151.40528525793445,290,487,984.2052020373917,998.2052020373917,14.0,22.044522548629093,4.9798181101067165,760.6104246846999,1817500,1.5694971910101594,12.96395505440363,7.531029808844496,15.27450778670236,17.03017903921551,0,0,0,0,0,14,14,1,2
8,2017,4,1,15,42824.625,57.4207752504366,-151.02297984742845,290,485,986.0614747101586,1000.0614747101586,14.0,20.976052845654795,5.338586891770101,789.1094441502019,1956250,1.8562726727667904,15.262172266921642,7.630118714897979,15.202567970450849,17.009902542331467,0,0,0,0,0,16,16,1,2
8,2017,4,1,18,42824.75,57.94287383086149,-150.98480152023458,291,483,987.8992783330423,999.8992783330423,12.0,20.013272236770256,5.2670783796575416,727.5913203573946,1663125,1.8378036228838028,15.023465110109111,0.7510736168805677,19.351571117191227,19.366140975467566,0,0,0,0,0,16,16,1,2
8,2017,4,1,21,42824.875,58.3503173315925,-150.58630449147316,291,481,989.7551432772722,1001.7551432772722,12.0,18.876394548780745,7.270426805166426,762.4391317627577,1826250,1.8558649442298338,15.104227196032712,7.750314354177742,15.101883391862355,16.974517800809,0,0,0,0,0,18,18,1,3
8,2017,4,2,0,42825.0,58.66784628572884,-150.74393477789295,292,480,991.6822593998808,1001.6822593998808,10.0,17.708356279741135,12.751588512361343,711.5558043548602,1590625,1.9271161226085678,15.630959564599923,-3.0381233940482035,11.769202920904736,12.155012593613202,0,0,0,0,0,21,21,1,3
8,2017,4,2,3,42825.125,58.87094931244809,-150.5399123696336,292,479,994.0592544354721,998.0592544354721,4.0,15.900682386076493,13.223973049985432,166.88952945311365,87500,2.37699503559139,19.238559600352545,3.909350322623416,7.528008719111518,8.482566546748386,0,0,0,2,0,19,19,1,1
8,2017,4,2,6,42825.25,58.95762722992663,-149.9695508027985,291,478,,,,13.564702909750453,,0.0,0,3.5713386787900525,,10.901495428975167,3.2127148919097204,11.365040235945711,0,2,2,0,0,18,15,0,0
10,2017,3,30,12,42822.5,72.0108341155145,33.78936687112333,404,293,998.5990087117306,1000.5990087117306,2.0,7.885537447746564,18.744391677832827,78.53186642892773,19375,,,,,,3,0,0,0,0,6,6,1,1
10,2017,3,30,15,42822.625,71.53774228028087,37.07926009835893,409,294,996.086533148612,1000.086533148612,4.0,10.072861371906678,23.991894059245386,109.25484305920791,37500,-2.512475563118496,-18.3514449164709,38.61111479070942,-17.53513730498134,42.40635831671812,0,0,0,0,0,7,7,1,1
10,2017,3,30,18,42822.75,71.00596896400525,40.196514240930924,414,295,994.215109684478,998.215109684478,4.0,11.892171725707604,24.92597985795699,96.69722284868811,29375,-1.8714234641341319,-13.71219711268516,37.60092541538943,-19.710164964933394,42.453741826116655,0,0,0,0,0,5,5,1,1
10,2017,3,30,21,42822.875,70.4070096239851,42.207297634286725,418,295,992.0116743720808,998.0116743720808,6.0,14.084558283070072,25.751637384502757,122.15062797572998,46875,-2.2034353123970503,-16.20408894451034,24.9913555794732,-22.2004132922044,33.42792551212761,0,0,0,0,0,6,6,1,1
10,2017,3,31,0,42823.0,69.78704120428995,45.0,423,296,989.7319560903555,995.7319560903555,6.0,15.923815307454403,27.30236065940356,105.5502061411188,35000,-2.2797182817253634,-16.830883162641168,35.76116848068519,-22.979114316648648,42.507656555984816,0,0,0,0,0,7,7,1,1
10,2017,3,31,3,42823.125,69.28849129909283,47.202598161765806,427,297,988.6190075672212,994.6190075672212,6.0,16.54643874815562,28.599409001872477,107.41849642478903,36250,-1.1129485231344005,-8.243485176170445,28.871203816836676,-18.47874004568216,34.278422418618135,0,0,0,0,0,7,7,1,1
10,2017,3,31,6,42823.25,68.9079598220005,49.76364169072618,431,299,988.6944784151132,994.6944784151132,6.0,15.82591756386788,26.617980528842892,112.83791670955125,40000,0.07547084789199289,0.5604237825774555,34.157923533938074,-14.104389893742265,36.95534541071237,0,0,0,0,0,7,7,1,1
10,2017,3,31,9,42823.375,68.34553538070953,51.75908112697051,435,300,989.9738263922875,993.9738263922875,4.0,13.99684598388943,26.038067146133542,89.20620580763855,25000,1.2793479771743295,9.5366188747813,27.2909936740258,-20.84624816415194,34.34187528713487,0,0,0,0,0,9,9,1,1
10,2017,3,31,12,42823.5,68.02493695223875,54.59890306854181,439,303,991.4479257332091,995.4479257332091,4.0,11.704784436650272,22.168918087581698,100.72798827589244,31875,1.4740993409216754,11.012988596073633,39.38436820257507,-11.882972912056914,41.13798128183595,0,0,0,0,0,8,8,1,1
10,2017,3,31,15,42823.625,67.65103772932714,57.35155915003019,443,306,992.3199425617174,994.3199425617174,2.0,9.89299498991554,17.061681442297196,70.52369794346953,15625,0.8720168285083492,6.532173248761127,38.792284100352234,-13.858565554703988,41.19345997796821,0,0,0,0,0,9,9,1,1
10,2017,3,31,18,42823.75,67.42403276793813,59.722975061750226,446,309,992.5209055671774,994.5209055671774,2.0,9.013735518271076,13.520094170026859,88.0840704993241,24375,0.20096300545992563,1.5078576732676836,33.74210965796305,-8.413933343201021,34.775339516298516,0,0,0,0,0,6,6,1,1
10,2017,3,31,21,42823.875,67.15850110550016,62.04393393631568,449,312,992.7192617077133,992.7192617077133,0.0,8.186141064713299,12.588326555138702,14.104739588693906,625,0.1983561405359069,1.4911872224340634,33.39201755625276,-9.84192457553229,34.81221503764963,0,0,0,0,0,6,6,1,1
10,2017,4,1,0,42824.0,67.15850110550016,62.04393393631568,449,312,,,,8.186141064713299,,0.0,0,0.0,,0.0,0.0,0.0,0,3,0,0,0,6,6,0,0
11,2017,3,29,6,42821.25,40.73232471738556,-69.52267935235545,160,285,1009.2901106909927,1013.2901106909927,4.0,7.693856243091956,5.369824678462537,617.8777546907511,1199375,,,,,,3,0,0,0,0,5,5,1,1
11,2017,3,29,9,42821.375,40.83822557420231,-68.3237449225293,162,281,1007.1692889789585,1011.1692889789585,4.0,8.945287759933235,7.017759293581985,487.5835274530085,746875,-2.1208217120342305,-22.469660388467084,33.620063917207794,3.92521266844491,33.84842673285802,0,0,0,0,0,5,5,1,1
11,2017,3,29,12,42821.5,40.9536259290298,-66.51759370488665,165,275,1006.4247462043163,1010.4247462043163,4.0,9.83488386367601,7.499915263727161,376.88962138737196,446250,-0.7445427746421774,-7.86995141466204,50.558627550014265,4.2773113299327905,50.73923740020373,0,0,0,0,0,5,5,1,1
11,2017,3,29,15,42821.625,41.226012650480676,-65.19640597571218,168,271,1004.4020219523882,1010.4020219523882,6.0,11.381898852860344,10.159667386532746,496.87936712174184,775625,-2.022724251928157,-21.264318122235814,36.83059815339477,10.096007170227352,38.189295897124474,0,0,0,0,0,5,5,1,1
11,2017,3,29,18,42821.75,41.802528674228405,-63.373538579006656,173,266,1001.1555579803337,1007.1555579803337,6.0,12.798981336152579,11.60351235351125,356.26684818515815,398750,-3.24646397205448,-33.74337039314166,50.364808235293005,21.368552323347195,54.7104097679177,0,0,0,0,0,5,5,1,1
11,2017,3,29,21,42821.875,42.22460745542828,-61.88679112394404,177,262,997.8979045856223,1005.8979045856223,8.0,15.068459151210492,15.546595742285572,375.5676614342511,443125,-3.2576533947113786,-33.583906914156195,40.806550741860384,15.644339704581345,43.70263090753652,0,0,0,0,0,5,5,1,1
11,2017,3,30,0,42822.0,42.94596074521968,-60.48158305539897,182,259,995.8074270440926,1005.8074270440926,10.0,17.47837325014355,15.703239040646876,422.9070433316492,561875,-2.09047754152969,-21.25800297706071,38.12486996057282,26.73694204772214,46.56575758616883,0,0,0,0,0,4,4,1,1
11,2017,3,30,3,42822.125,43.33821936712468,-59.57034119604864,185,257,991.9414493817171,1001.9414493817171,10.0,20.61660881621722,15.43231097887292,350.63826593583474,386250,-3.865977662375517,-39.02686279837305,24.56506052516764,14.539056229474289,28.545163419552612,0,0,0,0,0,4,4,1,1
11,2017,3,30,6,42822.25,43.84398833396878,-58.88907997430364,188,256,988.0397970063827,998.0397970063827,10.0,23.542960696568,18.270911965745398,315.39156525252,312500,-3.901652375334379,-39.023464639437854,18.211642516501527,18.746314389107688,26.13595657947327,0,0,0,0,0,5,5,1,1
11,2017,3,30,9,42822.375,43.92584110956598,-58.49573328079582,189,255,984.5093479786225,1008.5093479786225,24.0,26.364715069659447,19.38758418999816,1061.4226554072388,3539375,-3.530449027760187,-35.2583619965204,10.500622039835982,3.033871126061344,10.93011606676882,0,0,2,0,0,5,5,1,2
11,2017,3,30,12,42822.5,44.005356794808755,-58.101086129572906,190,254,983.775745940141,1007.775745940141,24.0,27.345596505020065,16.58491311217462,1000.34329341996,3143750,-0.733602038481622,-7.315901210330703,10.52124542919114,2.9472469292207575,10.926246832424969,0,0,0,0,0,4,4,1,2
11,2017,3,30,15,42822.625,43.53832403566718,-57.768628825588756,189,252,982.9147233088255,1008.9147233088255,26.0,27.415299193768124,13.530033051894133,1079.6346671301678,3661875,-0.8610226313154271,-8.659983666028241,8.932759963776913,-17.310557797784455,19.47946641571303,0,0,0,0,0,5,5,1,3
11,2017,3,30,18,42822.75,42.93633628748976,-57.205714632833356,188,249,982.004898414324,1009.689067830958,27.684169416634106,26.677403949391927,9.42601022695795,1177.7246405870378,4357500,-0.9098248945015075,-9.253652062054723,15.275029792666535,-22.312661166503748,27.040365816646318,0,0,0,0,0,3,1,2,0
11,2017,3,30,21,42822.875,42.5836578247566,-50.92643238178527,200,230,972.9876820780578,1010.9876820780578,38.0,32.97586594359507,9.456329328026259,1233.1769869905374,4777500,-4.701385752900242,-48.13623927888104,-9.029145599010606,44.321913272228095,45.232261344742,0,0,0,0,2,2,2,1,1
11,2017,3,31,0,42823.0,43.64774832340885,-52.474833595351704,200,237,967.7872943031471,1011.7872943031471,44.0,39.8877257259478,14.873876166512781,1220.9361104228446,4683125,-5.200387774910777,-52.19958420893523,-41.52767577577911,39.44048831360288,57.272157055184124,0,0,0,0,0,3,3,1,1
11,2017,3,31,3,42823.125,43.5529026175091,-53.272275212512945,198,239,965.269282729088,1011.269282729088,46.0,42.23261807751867,11.77431277001786,1214.4008775627904,4633125,-2.5180115740590554,-25.3188494883835,-21.42112501625363,-3.5154537700248123,21.707671735383062,0,0,0,0,0,3,3,1,1
11,2017,3,31,6,42823.25,42.52267920055201,-53.10224830700023,195,236,964.5462487982894,1012.5462487982894,48.0,41.8648701374491,10.574043572180454,1319.3021816053897,5468125,-0.7230339307985559,-7.411539437816047,4.644667136036914,-38.18520575868297,38.46664622289726,0,0,0,0,0,3,3,1,1
11,2017,3,31,9,42823.375,41.854546788870586,-51.232856203596164,197,229,964.3452447374656,1012.3452447374656,48.0,40.83515963418804,9.138886714951514,1294.7966565427378,5266875,-0.2010040608239069,-2.08709469777618,51.60825598936521,-24.764311501923018,57.24232009997609,0,0,0,0,0,5,5,1,1
11,2017,3,31,12,42823.5,42.33413590501958,-49.71475451870494,202,226,964.9733717775214,1012.9733717775214,48.0,40.28819906019804,10.612900763615762,1280.8936410173078,5154375,0.6281270400558424,6.4619081608537146,41.59473848244419,17.775958863238788,45.23391407926669,0,0,0,0,0,3,3,1,1
11,2017,3,31,15,42823.625,42.73336453658594,-48.958794061465014,205,225,965.6670603228548,1013.6670603228548,48.0,39.458801069420964,10.029785875651797,1313.8623601848367,5423125,0.6936885453334253,7.082380889911198,20.580916664067768,14.7973994671429,25.348316743395475,0,0,0,0,0,4,4,1,1
11,2017,3,31,18,42823.75,43.28617767196686,-48.401690693533716,208,225,965.8292657187242,1011.8292657187242,46.0,38.90179792934878,8.485363960408868,1268.329053243413,5053750,0.16220539586938684,1.6390342186970401,15.03118431522852,20.490005345610268,25.412139244493158,0,0,0,0,0,1,1,1,1
11,2017,3,31,21,42823.875,43.84887195658516,-47.42804850510914,212,224,967.1158692807451,1013.1158692807451,46.0,37.99433556753223,3.9481769510013693,1313.8623601848367,5423125,1.2866035620209004,12.86718257238774,26.025434893635193,20.856249900481107,33.351258166884236,0,0,0,0,0,1,1,1,1
11,2017,4,1,0,42824.0,44.058017283929175,-46.015776181045254,216,221,969.0151309244102,1011.0151309244102,42.0,36.072782607857434,7.816615864397389,1200.643950992484,4528750,1.899261643665086,18.922530582268145,37.6171453098091,7.751966444023522,38.40758525354803,0,0,0,0,0,0,0,1,1
11,2017,4,1,3,42824.125,44.58224816005945,-45.41071539876507,219,221,968.9561219797963,1008.9561219797963,40.0,35.64780565423786,7.314819930600425,1149.3415626621754,4150000,-0.05900894461388816,-0.5824292378261088,15.973138538111163,19.430604605372913,25.153320856062546,0,0,0,0,0,1,1,1,1
11,2017,4,1,6,42824.25,45.09746528004005,-44.377244312793685,223,220,969.4337753321627,1007.4337753321627,38.0,34.49075092446987,5.339411467166865,1114.2744275068187,3900625,0.47765335236632384,4.67208707176877,27.03983672063869,19.09650995408779,33.103314974566736,0,0,0,0,0,1,1,1,1
11,2017,4,1,9,42824.375,45.772299240568366,-43.52580166155921,227,220,969.9966432818505,1005.9966432818505,36.0,34.172526015850515,6.37761353724949,1062.1721154514805,3544375,0.562867949687934,5.442098728365694,22.012456870791954,25.01270424606783,33.31941823006122,0,0,0,0,0,0,0,1,1
11,2017,4,1,12,42824.5,46.43485693819649,-42.64962683545129,231,220,971.6456023207742,1003.6456023207742,32.0,32.92808935720232,6.96004062475011,984.4057393934564,3044375,1.64895903892364,15.766576015411957,22.381243390945112,24.557684861848763,33.226494571329674,0,0,0,0,0,0,0,1,1
11,2017,4,1,15,42824.625,46.743443273299874,-41.77245323115243,234,219,972.0842632851318,1002.0842632851318,30.0,32.12516994451776,6.017541596540031,987.0294805127476,3060625,0.43866096435755025,4.172955344105878,22.279550348413668,11.437744965111476,25.04396880716857,0,0,0,0,0,2,2,1,1
11,2017,4,1,18,42824.75,47.04087104809588,-40.88353758127533,237,218,972.2778391312013,996.2778391312013,24.0,30.95555289324173,5.9426731470324015,826.783212565235,2147500,0.1935758460695797,1.832549172919582,22.452919187492682,11.024153200165415,25.013307134819147,0,0,0,0,0,0,0,1,1
11,2017,4,1,21,42824.875,47.48164901197742,-39.746197248737744,241,217,973.2752660793082,993.2752660793082,20.0,30.225644493079997,4.795595950577336,748.3491538076373,1759375,0.9974269481068768,9.375584079909329,28.489536313867113,16.337424453448605,32.84151514701009,0,0,0,0,0,0,0,1,1
11,2017,4,2,0,42825.0,48.43002223057365,-38.73380190152075,246,218,974.4753281986034,982.4753281986034,8.0,28.619265480369133,2.802139277866445,363.4537147509613,415000,1.2000621192951804,11.113172596354786,24.89855046416446,35.15143015782373,43.07622148421219,0,0,0,0,0,1,1,1,1
11,2017,4,2,3,42825.125,48.26062593724962,-36.96428928946521,250,214,974.8363705568809,982.8363705568809,8.0,28.077164413991714,3.9502112090093577,387.302896792822,471250,0.361042358277482,3.352236680942793,43.66310028821518,-6.278669470008236,44.112220722747004,0,0,0,0,0,1,1,1,1
11,2017,4,2,6,42825.25,48.777174196282445,-35.50066501965974,255,213,976.1000718440414,982.1000718440414,6.0,26.466859540666704,3.321567075827697,345.2061176167894,374375,1.263701287160511,11.640166155366341,35.749083299012426,19.145848590509722,40.553180824325636,0,0,0,0,0,2,2,1,1
11,2017,4,2,9,42825.375,49.39757057786964,-33.73486484250676,261,212,977.9848752075787,981.9848752075787,4.0,25.009710185389476,3.1907988085383114,300.2024092604617,283125,1.8848033635373576,17.199089738572447,42.59387854817796,22.9949767137126,48.40462213302692,0,0,0,0,0,2,2,1,1
11,2017,4,2,12,42825.5,51.769506818754984,-32.31371459436576,270,218,979.6861514236749,981.6861514236749,2.0,21.732828712049688,4.175769763502685,198.47127856504602,123750,1.7012762160961574,15.004929757911539,32.59611030564984,87.91575877027194,93.76399654030719,0,0,0,0,0,3,3,1,1
11,2017,4,2,15,42825.625,52.837324453493146,-30.420970648451657,277,219,980.555229501638,980.555229501638,0.0,20.452744259590748,4.621113731164368,14.104739588693906,625,0.8690780779630586,7.555491522022602,42.377718376227946,39.57863452149204,57.98568207204887,0,0,0,0,0,2,2,1,1
11,2017,4,2,18,42825.75,53.74421348802857,-28.739795291688043,283,220,981.9713244539191,981.9713244539191,0.0,19.066955533371143,5.6485141740748075,14.104739588693906,625,1.416094952281128,12.166638842653308,36.85032989991847,33.61381988997401,49.878208682033055,0,0,3,0,0,1,1,1,1
11,2017,4,2,21,42825.875,55.87807082806209,-26.308886954647637,293,225,982.952684071142,982.952684071142,0.0,16.857340969815546,5.867838454226803,14.104739588693906,625,0.9813596172229154,8.212954290687591,50.540400881243194,79.09137013165986,93.86041205183358,0,0,0,0,0,3,3,1,1
11,2017,4,3,0,42826.0,57.21594051868036,-24.345395623880098,300,228,983.4001066031722,983.4001066031722,0.0,16.736963164887747,6.948744832325319,14.104739588693906,625,0.4474225320301775,3.6871303800395805,39.40538351573965,49.58810736942578,63.338492581559166,0,0,0,0,0,5,5,1,1
11,2017,4,3,3,42826.125,58.20177101710345,-22.446861473089207,306,230,983.0439180529919,983.0439180529919,0.0,17.500786335748067,7.878341274583728,14.104739588693906,625,-0.3561885501802317,-2.9035422846647507,37.07834259035239,36.5397833187079,52.05726898547084,0,0,0,0,0,4,4,1,1
11,2017,4,3,6,42826.25,58.20177101710345,-22.446861473089207,306,230,,,,17.500786335748067,,0.0,0,0.0,,0.0,0.0,0.0,0,3,0,0,0,4,4,0,0
13,2017,3,31,0,42823.0,30.238483044822484,129.41620229482209,556,521,1010.8359803427546,1012.8359803427546,2.0,8.09299603276665,6.3251383618369434,230.04134101951155,166250,,,,,,3,0,0,0,0,19,19,1,1
13,2017,3,31,3,42823.125,30.92784766958767,130.81116835657204,550,524,1008.3823574167483,1012.3823574167483,4.0,9.8758261861274,11.574511012026196,345.2061176167894,374375,-2.4536229260063553,-33.07505740532165,44.35251655602549,25.551282960706164,51.186070231954595,0,0,0,0,0,18,18,1,1
13,2017,3,31,6,42823.25,31.430486258735037,133.05301787465206,542,530,1006.1857817893068,1012.1857817893068,6.0,10.335430548488233,4.685664178036314,590.549125010033,1095625,-2.1965756274414887,-29.183856459446737,70.90075769117452,18.630287016322008,73.30760557741044,0,0,0,0,0,18,18,1,1
13,2017,3,31,9,42823.375,31.08547953113919,133.70904600520637,541,533,1004.714525383272,1010.714525383272,6.0,11.606699246965706,6.8523320503395375,380.8279688947355,455625,-1.4712564060348086,-19.74209068473805,20.823857015651477,-12.787665922299833,24.43680463458031,0,0,0,0,0,18,18,1,1
13,2017,3,31,12,42823.5,31.466711525385218,135.32461850681145,535,537,1004.5852514637041,1012.5852514637041,8.0,12.542740238610001,10.690746089044842,492.253390904939,761250,-0.12927391956778592,-1.7157675697070802,51.07478638891019,14.130354544915516,52.993402648233676,0,0,0,0,0,19,19,1,1
13,2017,3,31,15,42823.625,31.78193542835657,137.28409100984007,528,542,1003.5553364533599,1011.5553364533599,8.0,13.016392996199544,10.87392324256216,461.37808398905344,668750,-1.0299150103442662,-13.54779884485434,61.7370656611852,11.683766255836822,62.832918684193906,0,0,0,0,0,20,20,1,1
13,2017,3,31,18,42823.75,32.21605527301352,139.10901713787865,521,546,1001.9837763921895,1011.9837763921895,10.0,13.305489640693834,10.905206654886715,667.1109425130968,1398125,-1.5715600611704577,-20.423587252221445,57.22642850689291,16.090641427192015,59.44554534355786,0,0,0,0,0,14,14,1,1
13,2017,3,31,21,42823.875,32.70570400160062,141.46812469329828,512,551,1001.2614081020852,1011.2614081020852,10.0,13.870406613312987,13.733724462832397,623.4869272903437,1221250,-0.7223682901043503,-9.262430425752335,73.57570411754877,18.14881815228179,75.78102557182554,0,0,0,0,0,17,17,1,1
13,2017,4,1,0,42824.0,32.78231777067083,143.48160579402935,505,556,1001.9813677728841,1011.9813677728841,10.0,13.216960071764174,13.02148224894976,708.4736422592339,1576875,0.7199596707989986,9.212370866505456,62.742699610971755,2.839687477241389,62.80692779814212,0,0,0,0,0,13,13,1,1
13,2017,4,1,3,42824.125,33.00097081426251,146.21210255284828,495,562,1000.7028757656199,1010.7028757656199,10.0,13.237498420834566,11.076880615800473,706.0827566478041,1566250,-1.2784920072642854,-16.262920548410023,84.87500510053822,8.104369714262157,85.26105382460293,0,0,0,0,0,17,17,1,1
13,2017,4,1,6,42824.25,33.515010633408785,148.71093380808907,485,566,999.331791134452,1009.331791134452,10.0,13.96613702523712,11.96194706052571,709.4557826447813,1581250,-1.3710846311677596,-17.203766224882205,77.21850913535484,19.05287332745084,79.53433305886688,0,0,0,0,0,20,20,1,1
13,2017,4,1,9,42824.375,34.00864136470859,150.92218043237443,476,569,999.374658476832,1011.374658476832,12.0,14.285083395155285,12.656652255593217,970.1559383468701,2956875,0.04286734237990458,0.5309925581589963,67.93952308685617,18.29641098546045,70.36005580027876,0,0,0,0,0,16,16,1,1
13,2017,4,1,12,42824.5,34.293355735046084,152.9516781697984,468,572,999.0819442246875,1011.0819442246875,12.0,14.988740641113873,9.931614102338498,842.1604450182034,2228125,-0.29271425214450575,-3.5993520709886844,62.145710505926566,10.552931174776635,63.035336841060854,0,0,0,0,0,17,17,1,1
13,2017,4,1,15,42824.625,34.71416343238774,155.43597041210998,458,575,998.4998909323377,1010.4998909323377,12.0,14.396845568418268,12.219121521986672,876.8793068676666,2415625,-0.5820532923497376,-7.0811338523050935,75.68832998210964,15.597227012457008,77.27869555031862,0,0,0,0,0,19,19,1,1
13,2017,4,1,18,42824.75,35.20832010116056,158.40232810440656,446,578,998.9554874489384,1010.9554874489384,12.0,14.019245877567027,7.924831151620092,977.4085869835101,3001250,0.4555965166006354,5.474737569965788,89.83088726984445,18.315904845037707,91.67911800393794,0,0,0,0,0,19,19,1,1
13,2017,4,1,21,42824.875,36.00911531979386,160.47085827708074,437,578,998.7666317076298,1012.7666317076298,14.0,14.775738738536218,9.421422236111248,1147.5226404766788,4136875,-0.18885574130850727,-2.2255483982461985,62.019014702937945,29.681455197747592,68.75570498059874,0,0,0,0,0,22,22,1,1
13,2017,4,2,0,42825.0,36.018930122624255,161.25238972668933,434,579,998.1726010737464,1012.1726010737464,14.0,15.524845496020856,7.270136688382698,1046.7959606282877,3442500,-0.5940306338835216,-6.99863508861684,23.429464965018955,0.3637854269189861,23.432289012896057,0,0,0,0,0,25,25,1,1
13,2017,4,2,3,42825.125,36.74640726222237,164.41559883309557,421,580,996.6522891994123,1010.6522891994123,14.0,16.181913024808168,9.586144813745559,1010.3365856266137,3206875,-1.5203118743340018,-17.60568461773941,93.94254417289386,26.96392239106845,97.73563688024792,0,0,0,0,0,25,25,1,1
13,2017,4,2,6,42825.25,37.25215950263566,165.3206988901872,417,579,995.6914219042369,1011.6914219042369,16.0,16.897482347186692,13.373397923886152,1216.5286791012213,4649375,-0.9608672951754125,-10.997555055285806,26.70301921958024,18.74569442435903,32.625945118765785,0,0,0,0,0,22,22,1,1
13,2017,4,2,9,42825.375,37.42740695169481,167.1003065465402,410,580,996.4062876447216,1012.4062876447216,16.0,16.84757710629713,13.790462890181953,1212.9255975556405,4621875,0.7148657404846744,8.149219411392625,52.38052591070394,6.495542414259619,52.78173515466664,0,0,0,0,0,21,21,1,1
13,2017,4,2,12,42825.5,37.775772228956235,170.13965135731954,398,581,995.6144392941648,1007.6144392941648,12.0,18.203452843526783,12.825898073588176,483.07446145339907,733125,-0.7918483505568292,-8.955809984396701,89.03879332841133,12.912150483531695,89.97016365156236,0,0,0,0,0,24,24,1,1
13,2017,4,2,15,42825.625,38.01376372217891,171.65273211782628,392,581,994.8830329627756,1006.8830329627756,12.0,18.180488979286405,15.324782536661512,480.3901200932928,725000,-0.7314063313891529,-8.22818136412987,44.184674000821445,8.821148876974659,45.056609771138106,0,0,0,0,0,22,22,1,1
13,2017,4,2,18,42825.75,38.29631646622219,173.94387027724204,383,581,995.6080088009522,1007.6080088009522,12.0,18.502121857261574,17.288517800821865,473.50768323302583,704375,0.724975838176615,8.104806082954173,66.6456563542748,10.472810549037074,67.46349584544305,0,0,0,0,0,21,21,1,1
13,2017,4,2,21,42825.875,38.768530737098786,176.75541265345657,372,580,996.4700305747984,1008.4700305747984,12.0,18.730190111171634,18.497197635376143,464.1723863077739,676875,0.8620217738462088,9.537678178214065,81.24726958182495,17.502610403545763,83.11113153747846,0,0,0,0,0,24,24,1,1
13,2017,4,3,0,42826.0,38.85337982922485,179.3504158205151,362,580,996.64309057899,1006.64309057899,10.0,18.610880507585385,15.527683991860176,398.69286350903053,499375,0.17306000419164774,1.911267786864093,74.90092933932371,3.1449295249384375,74.96692469090081,0,0,0,0,0,26,26,1,1
13,2017,4,3,3,42826.125,39.055155061054016,-177.52177483180998,350,579,996.9855958449683,1004.9855958449683,8.0,17.461144096599863,13.322363573350158,372.37581039698836,435625,0.34250526597825226,3.7661733376850357,-90.02151032878615,7.478794033977796,90.331637215753,0,0,0,0,0,25,25,1,1
13,2017,4,3,6,42826.25,39.055155061054016,-177.52177483180998,350,579,,,,17.461144096599863,,0.0,0,0.0,,0.0,0.0,0.0,0,3,0,0,0,25,25,0,0
14,2017,3,31,0,42823.0,41.645544226372586,169.11964357789768,399,565,1000.7882631304493,1000.7882631304493,0.0,10.76521450500467,5.427494624209794,14.104739588693906,625,,,,,,3,0,0,0,0,21,21,1,1
14,2017,3,31,3,42823.125,42.10695405159134,170.42413101332718,394,564,997.6917947875966,999.6917947875966,2.0,12.729873891672268,12.078717707031974,92.49096275414898,26875,-3.0964683428527495,-31.994673637635543,35.870838780425785,17.102143889426063,39.73915450064246,0,0,0,0,0,20,20,1,1
14,2017,3,31,6,42823.25,42.297208616739454,171.79146404731813,389,564,996.0984992043543,998.0984992043543,2.0,13.994932608439598,13.847854582466319,89.20620580763855,25000,-1.5932955832422886,-16.40276585460658,37.48588507650727,7.051780805145796,38.143403000950684,0,0,0,0,0,20,20,1,1
14,2017,3,31,9,42823.375,42.48683680640072,173.44464271159723,383,564,996.9886238838855,998.9886238838855,2.0,13.725426466395628,7.633543910421213,126.15662610100802,50000,0.8901246795311454,9.130551823440532,45.18548282210549,7.028564213041611,45.7288592987365,0,0,0,0,0,20,20,1,1
14,2017,3,31,12,42823.5,43.10136060216538,174.78006095169215,378,562,996.0425826598117,1000.0425826598117,4.0,14.440506603536877,6.171919395464356,315.70679927948885,313125,-0.9460412240737059,-9.592347600207853,36.13983559482213,22.777309463795632,42.718772726171416,0,0,3,0,0,20,20,1,1
14,2017,3,31,15,42823.625,43.930731354204866,176.12874376801437,373,559,995.3444176316983,1001.3444176316983,6.0,14.466482964411536,6.49597114368502,412.4279881742546,534375,-0.6981650281134353,-6.971910394711913,36.0005574118107,30.740606644724572,47.339465891017014,0,0,0,0,0,21,21,1,1
14,2017,3,31,18,42823.75,44.46247351846399,176.956760317173,370,557,995.7828321504463,1003.7828321504463,8.0,14.409209658251331,5.308201607076117,540.5999114432898,918125,0.4384145187480317,4.336440483840075,21.903941735120718,19.709010316203944,29.465704661178506,0,0,0,0,0,15,15,1,1
14,2017,3,31,21,42823.875,44.71837029657597,177.23213017911235,369,556,996.3650913630732,1006.3650913630732,10.0,14.473210021977183,4.841641499919351,677.9084733043597,1443750,0.5822592126269592,5.733201804596777,7.2525240474209856,9.484807823580212,11.939877910124043,0,0,0,0,0,18,18,1,1
14,2017,4,1,0,42824.0,44.99903626598373,178.38852332747547,365,555,996.0351442834564,1006.0351442834564,10.0,14.995060076998541,4.46644757001246,607.4870568944925,1159375,-0.3299470796169771,-3.2328623270061962,30.308039823426686,10.40287729330685,32.04367541213113,0,0,0,0,0,12,12,1,1
14,2017,4,1,3,42824.125,45.24229816296409,178.38024250274472,365,554,995.5891751034868,1007.5891751034868,12.0,15.051704536864532,4.168308430488687,727.8646967789732,1664375,-0.4459691799695429,-4.351225788463398,-0.21611152877408044,9.016496263382205,9.019085821770094,0,0,0,0,0,16,16,1,1
14,2017,4,1,6,42824.25,45.49663677343744,178.96375523074792,363,553,996.1977702154156,1004.1977702154156,8.0,14.949196174461381,3.5553255421935317,438.6097781198323,604375,0.6085951119288802,5.9119680448714425,15.160057110921015,9.427054378154155,17.85207791421106,0,0,0,0,0,18,18,1,1
14,2017,4,1,9,42824.375,45.49663677343744,178.96375523074792,363,553,997.9630348016389,1003.9630348016389,6.0,14.111990173478713,3.698049871786425,322.56401542380166,326875,1.7652645862232021,17.147998102413844,0.0,0.0,0.0,0,0,0,0,0,14,14,1,1
14,2017,4,1,12,42824.5,45.74328533741245,179.2559407971113,362,552,998.5923418966355,1004.5923418966355,6.0,13.349660032213285,3.18690409696741,339.39415148578985,361875,0.6293070949966204,6.08746818013047,7.55787148544223,9.142022992729165,11.861619020608,0,0,0,0,0,16,16,1,1
14,2017,4,1,15,42824.625,45.74580769462933,179.5535484162284,361,552,998.6059590848838,1008.6059590848838,10.0,12.560194456529814,3.147927711619413,685.2058684228348,1475000,0.013617188248317688,0.13171732091381422,7.697774031526451,0.09349110856740175,7.698341745325687,0,0,2,0,0,18,18,1,2
14,2017,4,1,18,42824.75,45.50417139554748,179.85194921965567,360,553,999.7148881179519,1003.7148881179519,4.0,11.746039452234607,2.9500562096726934,258.9285997673121,210625,1.1089290330681252,10.770881542096356,7.7516307876973745,-8.956243517023127,11.844917804906736,0,0,0,2,0,18,18,1,1
14,2017,4,1,21,42824.875,45.261053141253846,-179.85271040282484,359,554,1000.94682263188,1004.94682263188,4.0,10.855853583168432,2.8784603597010574,305.7834676147298,293750,1.2319345139279902,12.01582180185311,-7.705192824643626,-9.011172150711026,11.856273444665892,0,0,0,0,0,21,21,1,1
14,2017,4,2,0,42825.0,45.01646720857062,-179.5603990647187,358,555,1002.1740868362252,1004.1740868362252,2.0,9.43879394361275,3.067146658284619,172.74707473566775,93750,1.227264204345265,12.021229831755386,7.658950987655243,-9.065571614334052,11.867776494606078,0,0,0,0,0,23,23,1,1
14,2017,4,2,3,42825.125,44.518008874824616,-178.6947523835227,355,557,1002.727229179196,1002.727229179196,0.0,8.187983437370994,2.9274810966876976,14.104739588693906,625,0.553142342970823,5.465839294949685,22.877587462389748,-18.475345952085412,29.406162894001174,0,0,0,0,0,23,23,1,1
14,2017,4,2,6,42825.25,44.518008874824616,-178.6947523835227,355,557,,,,8.187983437370994,,0.0,0,0.0,,0.0,0.0,0.0,0,3,0,0,0,23,23,0,0
15,2017,3,31,9,42823.375,56.63840578611916,-7.6333305872313035,340,214,994.6611591092001,994.6611591092001,0.0,11.507075416730201,4.539592046984908,14.104739588693906,625,,,,,,3,0,0,0,0,3,3,1,1
15,2017,3,31,12,42823.5,57.9379132223818,-5.892227617319104,345,219,994.374068042308,996.374068042308,2.0,11.8008094365524,4.745400792936925,227.4320920733615,162500,-0.2870910668921715,-2.3470062095784967,34.256114866921,48.16621134976092,59.105543915655865,0,0,0,0,0,2,2,1,1
15,2017,3,31,15,42823.625,58.718511713076445,-4.366838962556525,349,222,992.6638205906384,996.6638205906384,4.0,13.137479157142902,6.220496174792279,282.44719015209296,250625,-1.7102474516695656,-13.864465960093588,29.356584548045973,28.932863970547952,41.21795329543673,0,0,0,0,0,3,3,1,1
15,2017,3,31,18,42823.75,59.92581600053981,-3.2397002961021295,352,227,991.5810226577408,995.5810226577408,4.0,14.47858065096677,4.982776147162658,254.66770370415514,203750,-1.0827979328975197,-8.66887094416156,20.935257798894295,44.74870389405018,49.40376017373117,0,0,0,0,0,2,2,1,1
15,2017,3,31,21,42823.875,60.88504019631611,-2.00564737138861,355,231,991.3765381801517,995.3765381801517,4.0,15.520002069235774,3.7332508412738394,236.438520044912,175625,-0.2044844775891397,-1.621607946207611,22.255155168078073,35.55362136167707,41.944629256732405,0,0,0,0,0,2,2,1,1
15,2017,4,1,0,42824.0,62.28585083245166,-1.169139327907419,357,237,990.0560217561745,1006.0560217561745,16.0,17.139843483012747,5.334348057197276,997.4554315874021,3125625,-1.320516423977242,-10.334378378830909,14.419175831183386,51.92101197600347,53.886028952437,0,0,0,0,0,1,1,1,1
15,2017,4,1,3,42824.125,62.75141190134792,-0.713188635017589,358,239,989.5658216467732,995.5658216467732,6.0,17.36443519408324,5.180890622875668,269.8395568936143,228750,-0.4902001094011939,-3.8201320549781714,7.737591807480875,17.256009634827347,18.911377408757126,0,0,0,0,0,2,2,1,1
15,2017,4,1,6,42824.25,62.98212541529234,0.7191561165450755,361,240,990.2804513648738,996.2804513648738,6.0,16.470027252286044,3.0278381810108113,284.2026277484726,253750,0.7146297181004775,5.557633041127909,24.116533028768405,8.55139075298576,25.587759752231687,0,0,0,0,0,2,2,1,1
15,2017,4,1,9,42824.375,63.834130456631364,4.208984924170216,368,244,991.610377112906,997.610377112906,6.0,15.580132624531394,8.247922251566342,285.5992092681567,256250,1.3299257480322557,10.266048038723968,57.03271813635296,31.579546024162564,65.19201381390887,0,0,0,0,0,1,1,1,1
15,2017,4,1,12,42824.5,64.25474876460447,5.285446749382583,370,246,993.4081248605033,999.4081248605033,6.0,14.017909498629528,6.861444939533758,340.2722749495672,363750,1.7977477475973138,13.827787539691386,17.33075951553565,15.590207300142795,23.31115160275775,0,0,0,0,0,1,1,1,1
15,2017,4,1,15,42824.625,64.41057934128087,6.84277341263094,373,247,994.1786597287075,998.1786597287075,4.0,12.536748382882328,10.837340628722304,212.50932944773342,141875,0.7705348682042676,5.919003658197195,24.93073576404388,5.775856514170416,25.59105516013088,0,0,0,0,0,4,4,1,1
15,2017,4,1,18,42824.75,64.35178682094228,7.844696099529568,375,247,996.0131901253787,1000.0131901253787,4.0,11.134142119498927,10.286837022794135,230.4733439183804,166875,1.83453039667118,14.099214539328129,16.074049587160268,-2.179143328766326,16.22108922908058,0,0,0,0,0,1,1,1,1
15,2017,4,1,21,42824.875,64.47559965482152,9.420652557544635,378,248,997.6011506552459,1001.6011506552459,4.0,10.46438933419422,12.054413664116801,225.23462902169737,159375,1.587960529867123,12.19158972519333,25.169157595133477,4.5891196602857,25.584106654426808,0,0,0,0,0,1,1,1,1
15,2017,4,2,0,42825.0,64.57954481433019,11.010479907003585,381,249,999.4698212326824,1003.4698212326824,4.0,9.243413690189753,10.242320928693953,238.11540999374174,178125,1.868670577436569,14.334351307757572,25.29416315349318,3.8527247955415325,25.58589802969035,0,0,0,0,0,3,3,1,1
15,2017,4,2,3,42825.125,64.57954481433019,11.010479907003585,381,249,,,,9.243413690189753,,0.0,0,0.0,,0.0,0.0,0.0,0,3,0,0,0,3,3,0,0
16,2017,3,31,12,42823.5,72.09322608488436,9.757963441347801,373,281,1001.5813884963753,1005.5813884963753,4.0,9.656897346607066,15.599042715642645,130.80197392386228,53750,,,,,,3,0,0,0,0,7,7,1,1
16,2017,3,31,15,42823.625,71.97684715982412,14.816319342777643,380,282,999.3660874718902,1005.3660874718902,6.0,10.968258460200902,16.916151375713454,273.864504695398,235625,-2.2153010244850884,-16.14002126675476,57.991942566285964,-4.313582011682056,58.15214864803292,0,0,0,0,0,8,8,1,1
16,2017,3,31,18,42823.75,71.79661687344043,19.106353005771986,386,283,996.2958081302895,1002.2958081302895,6.0,13.137445345047245,18.69420828654627,213.90896694369758,143750,-3.0702793416006897,-22.39216640040724,49.662821346806055,-6.680231157854089,50.110091922158155,0,0,0,0,0,5,5,1,1
16,2017,3,31,21,42823.875,71.72388769318233,23.568832723766803,392,285,992.6842337593632,1000.6842337593632,8.0,16.138620665501158,31.137151586004258,203.9098547955877,130625,-3.6115743709262462,-26.35096107956572,51.85758973481679,-2.695705287906093,51.927607687085114,0,0,0,0,0,5,5,1,1
16,2017,4,1,0,42824.0,71.64587447146349,27.349875780069876,397,287,987.428863239355,999.428863239355,12.0,20.12951757681469,42.689770919119546,214.83699284957805,145000,-5.255370520008292,-38.36179979670992,44.12270420498208,-2.8915581554442835,44.217351061847424,0,0,0,0,0,2,2,1,1
16,2017,4,1,3,42824.125,71.3698240510788,31.675468738109213,403,289,986.4056667243801,998.4056667243801,12.0,19.888138295189805,28.40986777748527,233.47498368984665,171250,-1.023196514974843,-7.480910946597404,51.20720751615509,-10.231802081624988,52.21942048165717,0,0,0,0,0,4,4,1,1
16,2017,4,1,6,42824.25,70.80521187178255,35.45961819515737,409,290,985.3404289701102,995.3404289701102,10.0,20.224137047794446,20.698009649125016,202.4410972262378,128750,-1.0652377542699105,-7.81462787257011,46.107116353705024,-20.92733661982354,50.634174195433474,0,0,0,0,0,5,5,1,1
16,2017,4,1,9,42824.375,70.3028184515061,38.506474687460745,414,291,985.0794468214845,995.0794468214845,10.0,20.029896778655516,20.560597236695976,210.15588668414918,138750,-0.2609821486257715,-1.920512044805681,38.059521987399464,-18.62119983811631,42.37070093024667,0,0,0,0,0,4,4,1,1
16,2017,4,1,12,42824.5,69.8963176637212,40.91438322002513,418,292,984.7815672902044,992.7815672902044,8.0,20.007403967293673,21.064697718563256,178.96908195899073,100625,-0.2978795312800503,-2.1976691579221823,30.674704151716902,-15.066941759565287,34.17528652083974,0,0,0,0,0,4,4,1,1
16,2017,4,1,15,42824.625,69.46254427335411,44.11176450476024,423,294,983.8525138598802,991.8525138598802,8.0,19.79639884550218,22.983315494141134,188.70855443464026,111875,-0.9290534303241293,-6.873531690235941,41.57120527531083,-16.077800107410045,44.57197285667155,0,0,0,0,0,7,7,1,1
16,2017,4,1,18,42824.75,68.65384902358105,46.28252708271018,428,294,984.1238703625793,990.1238703625793,6.0,19.45952334080022,18.718203851437575,168.66815371514653,89375,0.27135650269905454,2.018484396147504,29.285778658940544,-29.974269658773363,41.90600998946713,0,0,0,0,0,6,6,1,1
16,2017,4,1,21,42824.875,67.81519017496626,48.293964987845115,433,294,985.2032155456421,987.2032155456421,2.0,18.35707756905313,18.98406685009446,74.63526651802309,17500,1.079345183062833,8.075765877871278,28.149962107939796,-31.084869717177003,41.936732013979274,0,0,0,0,0,6,6,1,1
16,2017,4,2,0,42825.0,67.06164113066201,51.38416393951246,439,296,985.6590633794091,987.6590633794091,2.0,17.485008872605874,13.01973315522897,95.66299821657265,28750,0.45584783376689303,3.42938623049131,44.63557637736987,-27.93027690149626,52.65391767318245,0,0,0,0,0,10,10,1,1
16,2017,4,2,3,42825.125,66.42914131135508,53.95247333415416,444,298,987.699685934092,987.699685934092,0.0,15.632140372266546,8.713133753113798,14.104739588693906,625,2.0406225546829226,15.42479666143379,38.06390605052767,-23.443590336843364,44.70417062987673,0,0,0,0,0,8,8,1,1
16,2017,4,2,6,42825.25,66.42914131135508,53.95247333415416,444,298,,,,15.632140372266546,,0.0,0,0.0,,0.0,0.0,0.0,0,3,0,0,0,8,8,0,0
18,2017,3,29,6,42821.25,33.5181864493676,-100.6123722229958,122,404,1002.7163817648047,1002.7163817648047,0.0,11.463631793035784,9.027888002279942,14.104739588693906,625,1.6783987606680604,21.058046169451426,113.81607778120937,-6.362742807443929,113.99378955685253,2,0,0,2,0,11,11,1,1
18,2017,3,29,9,42821.375,33.52983208699631,-99.16989987714554,121,398,1002.3561683661096,1004.3561683661096,2.0,11.303722319553767,9.47704435805761,217.13970592909533,148125,-0.36021339869505026,-4.518034497953251,44.56814431081952,0.4316452739510258,44.57023451758537,0,0,3,0,0,14,14,1,2
18,2017,3,29,12,42821.5,35.620755394620055,-97.26205090441044,128,389,1001.997204421604,1009.997204421604,8.0,13.219281136497347,7.347577307281972,827.5047689608076,2151250,-0.3589639445056673,-4.270090193308443,57.482096072720246,77.50002127020711,96.49064548336277,0,0,1,0,0,12,12,1,1
18,2017,3,29,15,42821.625,37.40409137427444,-97.23492864394491,135,388,1001.3258430419863,1011.3258430419863,10.0,16.2996465981041,12.217191136996844,819.2899196804931,2108750,-0.6713613796175923,-7.657357115222729,0.7985702279246364,66.0993044800904,66.10412821572208,0,0,0,0,0,12,12,1,1
18,2017,3,29,18,42821.75,37.58747810576712,-97.7708858726055,136,390,1002.174426284786,1008.174426284786,6.0,14.530009232565174,10.146716959455807,405.3732585437549,516250,0.8485832427996501,9.638405048916896,-15.74165238703182,6.797224718637956,17.146483130654154,0,0,0,0,0,12,12,1,1
18,2017,3,29,21,42821.875,37.86953772802938,-97.55247071353035,137,389,1001.4058928434472,1005.4058928434472,4.0,12.934988469573964,13.266163311025666,294.1776679257249,271875,-0.7685334413388045,-8.673813966865845,6.390713266667359,10.454533002281362,12.25310068319641,0,0,0,0,0,14,14,1,1
18,2017,3,30,0,42822.0,38.18182011843709,-97.07725661043878,138,387,1001.1308299725983,1005.1308299725983,4.0,13.040144517818288,13.711126549845648,246.32868702971868,190625,-0.27506287084892395,-3.082849931678217,13.845365769009963,11.574739164590865,18.046294356625864,0,0,0,0,0,12,12,1,1
18,2017,3,30,3,42822.125,38.48979247920356,-96.59673829789422,139,385,1001.4837403132858,1011.4837403132858,10.0,14.023982844405099,12.01916606159968,971.7950625371246,2966875,0.352910340687522,3.928553960938673,13.94052312747693,11.414988021326458,18.01777279784451,0,0,0,0,0,14,14,1,1
18,2017,3,30,6,42822.25,39.289380774253374,-96.16665634667605,142,383,1000.8592911104126,1010.8592911104126,10.0,14.515628895762388,9.677913983335893,862.3522897266993,2336250,-0.6244492028732203,-6.832051811635791,12.337628491361912,29.63672060463715,32.10221620057079,0,0,0,0,0,13,13,1,1
18,2017,3,30,9,42822.375,39.31557996909531,-95.9061411137705,142,382,1000.066972413577,1010.066972413577,10.0,14.284986280896833,7.531840990222773,647.5903605267332,1317500,-0.7923186968355731,-8.663858211163124,7.470527986243554,0.9710725161985909,7.533377079701005,0,0,0,0,0,12,12,1,1
18,2017,3,30,12,42822.5,38.59574546202424,-95.56905882519561,139,381,1000.4504980342658,1010.4504980342658,10.0,13.310682927731682,6.342940755284799,650.3493378690501,1328750,0.3835256206887425,4.259460722857397,9.764848487860357,-26.680648403329794,28.411428426127635,0,0,0,1,0,13,13,1,2
18,2017,3,30,15,42822.625,39.58039285189181,-91.7117781790526,142,366,1000.3244838431054,1008.3244838431054,8.0,14.57708408212029,4.827090054636501,549.361047798264,948125,-0.12601419116035686,-1.370223411027058,110.1830181193019,36.49593142902668,116.07002409214289,0,0,1,0,0,11,11,1,1
18,2017,3,30,18,42822.75,40.09459924695276,-90.9304760960784,144,363,999.5899196287974,1007.5899196287974,8.0,14.085982369915067,6.07197648782887,586.3230142835039,1080000,-0.7345642143080476,-7.901868045047936,22.153001910438878,19.059047459655304,29.22332602072019,0,0,0,0,0,10,10,1,1
18,2017,3,30,21,42822.875,39.58725464553542,-88.55144991372231,142,354,998.4698559156002,1006.4698559156002,8.0,14.333936910407276,7.1271399602640315,588.3553358514498,1087500,-1.1200637131971598,-12.177320807957607,67.95325733813894,-18.80471524603817,70.5071804736788,0,0,0,0,0,10,10,1,1
18,2017,3,31,0,42823.0,40.342732715415906,-89.06518678802065,145,356,999.4258151674818,1005.4258151674818,6.0,12.701105442236017,5.994452946716993,495.27523261352746,770625,0.955959251881577,10.230932036968916,-14.513249377037166,28.001776187311417,31.53940197791249,0,0,0,1,0,12,12,1,2
18,2017,3,31,3,42823.125,40.3080556386595,-87.73072519358001,145,351,1000.8378938280231,1006.8378938280231,6.0,13.014295673906492,3.7395309084965267,503.0470748509662,795000,1.4120786605413014,15.123223484342988,37.718082941925616,-1.2853050020586074,37.73997601698095,0,0,0,0,0,11,11,1,1
18,2017,3,31,6,42823.25,40.76838216738563,-86.90230895779482,147,348,1000.7616399864139,1008.7616399864139,8.0,13.625222445877679,2.2485062586469575,924.2641164979565,2683750,-0.07625384160914109,-0.8090350266401335,23.25468721068015,17.061991531415476,28.842538589463036,0,0,0,0,0,10,10,1,1
18,2017,3,31,9,42823.375,40.70558484389826,-85.82816659631494,147,344,1000.3602033999857,1010.3602033999857,10.0,13.856376254404486,1.8490609525352193,1303.8304091791642,5340625,-0.4014365864281717,-4.2645697446488064,30.180929336146374,-2.327581259551225,30.270548890188213,0,0,0,0,0,11,11,1,1
18,2017,3,31,12,42823.5,40.82308669221333,-84.19554538395813,148,338,1001.9542589644788,1009.9542589644788,8.0,13.361180985197555,3.8379792979016196,674.3776759984653,1428750,1.5940555644930283,16.89384866826696,45.79149304665811,4.355203134664641,45.99813724257027,0,0,0,0,0,10,10,1,1
18,2017,3,31,15,42823.625,40.92913049010267,-82.82473889971622,149,333,1001.858525951437,1011.858525951437,10.0,14.268872930576755,3.331695385026178,754.5706122764493,1788750,-0.09573301304189955,-1.0124140394339043,38.38677854071884,3.930510775805307,38.587480893327495,0,0,0,0,0,12,12,1,1
18,2017,3,31,18,42823.75,39.78653877387106,-80.03795480617839,146,322,1000.6093975239503,1010.6093975239503,10.0,14.987297848675315,12.756893705752736,679.0813262112033,1448750,-1.2491284274865757,-13.523708384637224,79.36993391635428,-42.350134023684824,89.96177111257043,0,0,0,0,0,7,7,1,1
18,2017,3,31,21,42823.875,40.275706172010615,-79.94566440000565,148,322,1001.7399348771423,1011.2994259061724,9.559491029030033,13.03295082391304,9.05074869002252,798.7567703122369,2004375,1.1305373531920486,12.116009765346668,2.60982908307211,18.130977651012458,18.31784808388699,0,0,0,1,0,8,7,2,0
18,2017,4,1,0,42824.0,40.38436838559828,-79.10942530377974,149,319,1003.5071323802273,1009.9617040887127,6.454571708485455,11.504604953082891,9.343476910480167,642.0368389804505,1295000,1.767197503084899,18.896858430038844,23.609409964667183,4.0275622896385554,23.950480096996902,0,0,0,0,0,4,3,2,0
18,2017,4,1,3,42824.125,38.29631646622219,-73.43626477471753,146,296,1001.5959953528462,1011.5959953528462,10.0,15.06972874870747,3.164650813019471,673.7874109610772,1426250,-0.3657087358665012,-4.088409890314477,77.96920307444567,40.83617688698915,88.01585067934988,0,0,0,0,2,5,5,1,1
18,2017,4,1,6,42824.25,39.26888378205542,-72.31018548888356,151,293,999.3331837114673,1013.3331837114673,14.0,17.13607610312507,4.40194386757903,785.4453183767533,1938125,-2.2628116413789394,-24.768083291995243,32.31276479261852,36.04818378032397,48.410601343126274,0,0,0,0,0,6,6,1,1
18,2017,4,1,9,42824.375,39.98064166431637,-71.22950139981144,155,290,996.5873741587785,1012.5873741587785,16.0,19.971800890034736,11.42346231614356,725.2634603499022,1652500,-2.745809552688734,-29.60727679582565,30.69282519989589,26.38128850223106,40.47248326689768,0,0,0,0,0,3,3,1,1
18,2017,4,1,12,42824.5,40.521018950257535,-70.46334506187162,158,288,995.5138657417295,1015.5138657417295,20.0,22.37747775076347,15.867181132708284,848.397448212273,2261250,-1.0735084170490155,-11.44709231219641,21.586843477224086,20.029070890204334,29.447504003480546,0,0,0,0,0,3,3,1,1
18,2017,4,1,15,42824.625,40.75442216088433,-70.37333462825825,159,288,995.1170536277095,1015.1170536277095,20.0,22.749726128765037,24.594668405093763,771.6465711985983,1870625,-0.3968121140199946,-4.2112718127207645,2.5272462522433323,8.651084294750328,9.012670697099376,0,0,0,0,0,6,6,1,1
18,2017,4,1,18,42824.75,40.58596606491806,-69.86789498747771,159,286,993.913130373905,1013.913130373905,20.0,22.707738870198376,21.422917479353636,764.0031111124654,1833750,-1.2039232538045326,-12.820743874975879,14.227236873198267,-6.243821077932697,15.53703867213212,0,0,0,0,0,5,5,1,1
18,2017,4,1,21,42824.875,40.32539198494848,-69.11583964088796,159,283,993.8736189420582,1013.8736189420582,20.0,22.12577184155439,17.09119116855356,809.5186706808429,2058750,-0.03951143184676766,-0.4230126840287835,21.251257316263864,-9.658171902563554,23.343012273944563,0,0,0,0,0,5,5,1,1
18,2017,4,2,0,42825.0,39.732653299390215,-68.22310731981686,158,279,996.1809774383137,1014.1809774383137,18.0,20.25758350568567,11.557491265698772,750.2077495658885,1768125,2.3073584962554743,25.008907262066895,25.44658506960903,-21.969844886681102,33.61848860448186,0,0,0,0,0,8,8,1,1
18,2017,4,2,3,42825.125,39.732653299390215,-68.22310731981686,158,279,,,,20.25758350568567,,0.0,0,0.0,,0.0,0.0,0.0,0,3,0,0,0,8,8,0,0
19,2017,3,31,21,42823.875,64.77628535221056,-125.89539913459782,269,425,997.3809229826461,997.3809229826461,0.0,10.933081400287639,5.476934134072581,14.104739588693906,625,,,,,,3,0,0,0,0,14,14,1,1
19,2017,4,1,0,42824.0,64.73107323037296,-123.33507963020858,266,421,997.4923082830951,997.4923082830951,0.0,11.029182292356191,2.4790872847356513,14.104739588693906,625,0.11138530044889194,0.8533538570181892,40.506191450315576,-1.6757861903924745,40.54084119953024,0,0,0,0,0,10,10,1,1
19,2017,4,1,3,42824.125,64.59179961728978,-121.92441890091011,264,419,997.3390748741144,999.3390748741144,2.0,10.877880300078031,2.15501996715102,310.6246678057967,303125,-0.15323340898059543,-1.175315934074755,22.433645067003518,-5.162173063435544,23.019914459640173,0,0,0,0,0,11,11,1,1
19,2017,4,1,6,42824.25,66.22834486001612,-118.63215439401327,267,410,997.0021093200037,999.0021093200037,2.0,12.299092363007116,2.8580829002060635,344.91784523447285,373750,-0.33696555411079315,-2.5509942479983887,49.18279743586592,60.65850940515263,78.09226803514167,0,0,0,0,0,11,11,1,1
19,2017,4,1,9,42824.375,67.65564613542391,-114.10917523759153,269,400,997.0756819674705,999.0756819674705,2.0,13.810601022141556,2.9612285973632244,344.62933172080244,373125,0.07357264746678993,0.5511056368938236,63.71948539952469,52.902886872884466,82.81840531588043,0,0,0,0,0,9,9,1,1
19,2017,4,1,12,42824.5,67.92682039122856,-112.50738810094131,269,397,996.2171045370939,998.2171045370939,2.0,14.744008473040433,2.4187647845638276,310.9447345242019,303750,-0.8585774303766084,-6.418872486741939,22.310134183729428,10.051067160697098,24.469696327597855,0,0,0,0,0,8,8,1,1
19,2017,4,1,15,42824.625,68.39306243020631,-111.08039707992255,270,394,995.6945351360764,999.6945351360764,4.0,15.548587048341972,3.203390176513422,458.1327113429437,659375,-0.5225694010173902,-3.8940978486195297,19.476137563270125,17.281249774246625,26.037694370725696,0,0,0,0,0,12,12,1,1
19,2017,4,1,18,42824.75,68.8180853910514,-111.51860931739232,272,394,995.3322483712161,1001.3322483712161,6.0,15.322014489301718,4.414834065524192,590.3806614136771,1095000,-0.36228676486032785,-2.691864338368095,-5.868831463494384,15.753465651141186,16.81115292799952,0,0,0,0,0,11,11,1,1
19,2017,4,1,21,42824.875,68.90065914485547,-110.94970147039484,272,393,995.1866747851783,1001.1866747851783,6.0,14.821096281686728,4.273120730023875,605.1903112164174,1150625,-0.14557358603778994,-1.0810387380881925,7.590839188922592,3.0605941656693654,8.184624379836398,0,0,0,0,0,13,13,1,1
19,2017,4,2,0,42825.0,66.96740427272863,-107.37075333053431,262,390,995.0103870007009,1001.0103870007009,6.0,15.020866510461714,4.533129363765911,559.7644988851731,984375,-0.176287784477463,-1.3271552036600063,51.89421373611676,-71.65604456379296,88.47371441178477,0,0,0,0,0,14,14,1,1
19,2017,4,2,3,42825.125,68.47886200657997,-106.72796392056729,268,387,995.1950402086733,1001.1950402086733,6.0,14.957775599601353,5.415860503842559,480.1830107410958,724375,0.18465320797244203,1.375190049951599,8.74001993178099,56.02214394731715,56.69981094202918,0,0,0,0,0,13,13,1,1
19,2017,4,2,6,42825.25,68.69720625819059,-106.90231703256406,269,387,994.9936636045593,1000.9936636045593,6.0,15.216845488548383,4.704320762624629,429.6739856991561,580000,-0.20137660411404795,-1.4974967278075342,-2.3477653042755136,8.092924347034108,8.426590438058405,0,0,0,0,0,12,12,1,1
19,2017,4,2,9,42825.375,68.76239977816086,-106.32096373061937,269,386,995.3105553012895,1001.3105553012895,6.0,15.080363441764604,5.046370796734773,420.78483122581025,556250,0.31689169673016293,2.3554579783122254,7.805383482734367,2.4163962235981757,8.170861767400181,0,0,0,0,0,10,10,1,1
19,2017,4,2,12,42825.5,68.8860649931662,-105.14792373081733,269,384,995.3068014581213,1001.3068014581213,6.0,15.354539064380733,6.125935102039075,394.9327084834294,490000,-0.003753843168087769,-0.027879019824321012,15.661819867490122,4.583648170334488,16.318775447659025,0,0,0,0,0,10,10,1,1
19,2017,4,2,15,42825.625,68.77933286964479,-103.81502534126162,268,382,996.1471144194559,1000.1471144194559,4.0,14.768560755893244,5.40808710638601,278.1889485195882,243125,0.8403129613345663,6.2453345013532875,17.88190749527536,-3.956023548526892,18.31427688952213,0,0,0,0,0,10,10,1,1
19,2017,4,2,18,42825.75,69.10599518194881,-102.76321344786977,269,380,996.5217270569827,1000.5217270569827,4.0,14.68329081883158,5.265673752398434,290.4343640802591,265000,0.37461263752687957,2.7780736148989678,13.903585875832793,12.107730618062467,18.436562611458363,0,0,0,0,0,11,11,1,1
19,2017,4,2,21,42825.875,69.42512905132928,-101.67878432806043,270,378,997.4654192825905,1001.4654192825905,4.0,14.375854591575589,4.951915833515232,299.5389777108415,281875,0.943692225607665,6.9835456588083185,14.125354824852526,11.8286890651849,18.423993430546194,0,0,0,0,0,14,14,1,1
19,2017,4,3,0,42826.0,70.4070096239851,-100.92280471986926,274,376,998.1880427628274,1002.1880427628274,4.0,14.471717288203912,3.806556939451257,299.2067103010745,281250,0.7226234802369436,5.314181488002333,9.396185681743436,36.393379416727676,37.58678452243152,0,0,0,0,0,15,15,1,1
19,2017,4,3,3,42826.125,71.38353300882808,-100.08816978339003,278,374,998.252140246473,1004.252140246473,6.0,14.91653636090522,3.414022412448685,390.1178210895074,478125,0.06409748364560074,0.4685990410092775,9.875584811046398,36.19481538143652,37.517886878880105,0,0,0,0,0,16,16,1,1
19,2017,4,3,6,42826.25,73.12119047313533,-101.90830006131756,286,375,997.7378214172286,1005.7378214172286,8.0,16.155703328218554,3.917699287518553,437.24692724951115,600625,-0.5143188292444393,-3.7237193577105234,-19.587037789448374,64.40623142567148,67.31875441377709,0,0,0,0,0,12,12,1,1
19,2017,4,3,9,42826.375,73.16647271451144,-101.15994386503276,286,374,997.6541562407234,1005.6541562407234,8.0,16.75781847802797,3.7594684514326944,414.35298340953466,539375,-0.08366517650516471,-0.6055991463954818,8.032592028704236,1.678385169372838,8.206065529617316,0,0,0,0,0,12,12,1,1
19,2017,4,3,12,42826.5,73.38855335221739,-101.30993247402021,287,374,997.8947431764446,1009.8947431764446,12.0,17.15557992475585,4.085313208892476,571.5466041331321,1026250,0.2405869357212214,1.7394294378257689,-1.5892981467229161,8.231413406296214,8.383438152961466,0,0,0,0,0,14,14,1,1
19,2017,4,3,15,42826.625,73.43147388672156,-100.54806541814213,287,373,998.3124603575736,1010.3124603575736,12.0,17.346570779352348,3.2864829113201997,566.6525369994374,1008750,0.4177171811289736,3.0193967957817733,8.05251358801565,1.5908485619128856,8.208152912325463,0,0,0,0,0,14,14,1,1
19,2017,4,3,18,42826.75,73.69441464579073,-99.91652612090726,288,372,999.0128980283107,1011.0128980283107,12.0,17.0611688878545,3.7562695269942923,582.2370898403304,1065000,0.7004376707371557,5.056143088226564,6.572002604904324,9.745892805520072,11.754728615138552,0,0,0,0,0,10,10,1,1
19,2017,4,3,21,42826.875,73.38855335221739,-101.30993247402021,287,374,1000.6978772937437,1012.6978772937437,12.0,16.5560713304738,3.9756719244093257,735.3427222422987,1698750,1.6849792654329212,12.182301285952736,-14.764378554570945,-11.336741367432955,18.61474090431398,0,0,0,0,0,13,13,1,1
19,2017,4,4,0,42827.0,73.16647271451144,-101.15994386503276,286,374,1001.5251421890333,1013.5251421890333,12.0,16.1642144683097,4.391869862709646,727.5913203573946,1663125,0.8272648952896998,5.988045867559525,1.6099350036275295,-8.231413406296214,8.3873748802148,0,0,0,0,0,11,11,1,1
19,2017,4,4,3,42827.125,72.72176934329254,-100.87145292585484,284,374,1003.346379032299,1013.346379032299,10.0,15.314154493285073,4.676957430498878,580.5261337761534,1058750,1.8212368432656512,13.214207023842766,3.175920418432912,-16.482919580424674,16.78609866523387,0,0,0,0,0,10,10,1,1
19,2017,4,4,6,42827.25,72.27636398392674,-100.59733514502358,282,374,1004.4504823103141,1014.4504823103141,10.0,14.621227999255028,5.315960058896962,642.1917519611053,1295625,1.1041032780150999,8.030617288443587,3.0930172188854237,-16.508938753924237,16.796184516048378,0,0,0,0,0,11,11,1,1
19,2017,4,4,9,42827.375,72.05340509709302,-100.46533842860066,281,374,1006.1563514239173,1014.1563514239173,8.0,13.762072884889484,5.6973847047257005,489.21288379849284,751875,1.705869113603112,12.423062752010065,1.5075137637659217,-8.263965688742715,8.400340865266156,0,0,0,0,0,11,11,1,1
19,2017,4,4,12,42827.5,71.60698736921844,-100.21086769107792,279,374,1007.5997081251916,1015.5997081251916,8.0,12.843921003460748,6.018410945886062,547.3656733578504,941250,1.4433567012743151,10.538218746538428,2.976092789019772,-16.546462167947894,16.8119760457891,0,0,0,0,0,11,11,1,1
19,2017,4,4,15,42827.625,71.19791492434203,-99.29330859939712,277,373,1008.7506144701423,1014.7506144701423,6.0,12.22683417601127,5.033970204889702,402.4178855319474,508750,1.1509063449507813,8.423195562359787,10.961099063439214,-15.162260166781149,18.709351299381982,0,0,0,0,0,13,13,1,1
19,2017,4,4,18,42827.75,70.97371118274641,-99.18391925084435,276,373,1009.901092173767,1015.901092173767,6.0,11.267040937561847,4.83293307519969,484.7189750148126,738125,1.1504777036246379,8.431355932323967,1.3217791336947016,-8.31010620005371,8.414568624382467,0,0,0,0,0,11,11,1,1
19,2017,4,4,21,42827.875,70.7839166119446,-98.4146817003066,275,372,1011.1467222612522,1015.1467222612522,4.0,10.265878120718208,4.030592476795573,387.81622093698076,472500,1.2456300874851878,9.13917659923904,9.384065609862596,-7.034731125947072,11.728091463856105,0,0,0,0,0,16,16,1,1
19,2017,4,5,0,42828.0,70.36526962287196,-97.5729486405434,273,371,1011.8114439275732,1015.8114439275732,4.0,9.343983936117374,4.432170524198227,419.3640567770972,552500,0.6647216663211293,4.889640089142185,10.483421683088121,-15.517140413299577,18.726552720442093,0,0,0,0,0,13,13,1,1
19,2017,4,5,3,42828.125,71.43021628108873,-92.42927332349997,277,363,1012.4029670268745,1014.4029670268745,2.0,9.658160373946737,3.2236105334488823,260.07854739300495,212500,0.5915230993012665,4.323277239837147,60.6960348263484,39.472221846927276,72.40210591670895,0,0,0,0,0,15,15,1,1
19,2017,4,5,6,42828.25,71.43021628108873,-92.42927332349997,277,363,1012.2103122594897,1014.2103122594897,2.0,9.686430967553658,3.444028961310323,275.6746004375086,238750,-0.19265476738481083,-1.4080599252416874,0.0,0.0,0.0,0,0,0,0,0,14,14,1,1
19,2017,4,5,9,42828.375,71.43021628108873,-92.42927332349997,277,363,1012.6664969860662,1014.6664969860662,2.0,9.338327972059917,3.4074013210298295,289.0611442640554,262500,0.45618472657646636,3.3341268462703066,0.0,0.0,0.0,0,0,0,0,0,17,17,1,1
19,2017,4,5,12,42828.5,71.43021628108873,-92.42927332349997,277,363,1012.747426239179,1014.747426239179,2.0,9.207590187061973,3.843761019698213,263.498280684788,218125,0.08092925311284489,0.5914893238033735,0.0,0.0,0.0,0,0,0,0,0,15,15,1,1
19,2017,4,5,15,42828.625,71.43021628108873,-92.42927332349997,277,363,1013.0228327903628,1015.0228327903628,2.0,8.807402031554311,3.5676679493616392,260.46073503106066,213125,0.27540655118384166,2.0128696171655958,0.0,0.0,0.0,0,0,0,0,0,14,14,1,1
19,2017,4,5,18,42828.75,71.43021628108873,-92.42927332349997,277,363,1013.0597631938866,1013.0597631938866,0.0,8.378721042111872,3.0321320546609787,14.104739588693906,625,0.036930403523729186,0.26991401215056166,0.0,0.0,0.0,0,0,0,0,0,14,14,1,1
19,2017,4,5,21,42828.875,72.12742648277538,-90.36034606338723,280,360,1013.7295953034258,1013.7295953034258,0.0,8.05164662819698,1.9511279942804685,14.104739588693906,625,0.6698321095391293,4.876043936250011,23.533470136781084,25.842079077461673,34.951927954328205,0,0,0,0,0,15,15,1,1
19,2017,4,6,0,42829.0,72.12742648277538,-90.36034606338723,280,360,,,,8.05164662819698,,0.0,0,0.0,,0.0,0.0,0.0,0,3,0,0,0,15,15,0,0
35,2017,4,1,15,42824.625,64.78245648148773,93.33633670221333,471,366,991.2354397727654,995.2354397727654,4.0,8.817010009114577,3.2989530067309527,344.62933172080244,373125,,,,,,3,0,0,0,0,11,11,1,1
35,2017,4,1,18,42824.75,62.22368928730926,93.9692634567195,482,368,988.3270489537684,994.3270489537684,6.0,17.130666746540832,3.9967335101054777,384.20854977177817,463750,-2.9083908189969954,-22.77409690658305,10.932533209306023,-94.84064348572592,95.46867517232627,0,0,0,0,0,10,10,1,1
35,2017,4,1,21,42824.875,63.267243100843565,96.55418059039276,477,373,983.0958755916517,993.0958755916517,10.0,21.433018297916895,7.259425521685188,432.6730888463505,588125,-5.231173362116679,-40.58005763342994,43.09521674843977,38.67929658186537,57.90756160177102,0,0,0,0,0,10,10,1,1
35,2017,4,2,0,42825.0,64.51224123335203,98.91984378366229,471,377,980.2796838525593,992.2796838525593,12.0,23.506163042100646,7.892854181315488,406.35360642898377,518750,-2.8161917390924645,-21.614756402430388,37.729518123296685,46.145825338963746,59.6066584705964,0,0,0,0,0,13,13,1,1
35,2017,4,2,3,42825.125,65.75023763658976,100.99627258088744,465,380,977.0444166417511,991.0444166417511,14.0,25.14239366617925,10.211359914489803,401.1800545910516,505625,-3.2352672108080878,-24.583768342875793,31.608336693696163,45.88630641474912,55.71929706062619,0,0,0,0,0,12,12,1,1
35,2017,4,2,6,42825.25,66.77778889047565,102.61932229343078,460,382,975.0902381206284,991.0902381206284,16.0,25.927708225029022,15.488278563081767,438.83650844157603,605000,-1.954178521122667,-14.732538562604582,23.719638134347488,38.08616209978825,44.86844076537247,0,0,0,0,0,11,11,1,1
35,2017,4,2,9,42825.375,67.1630156427313,105.75117366345303,457,387,974.2185920619793,992.2185920619793,18.0,27.274572914502517,14.211254813438865,479.56114601559284,722500,-0.8716460586492031,-6.552579257412433,45.04788474411429,14.278420152862886,47.25658897953476,0,0,0,0,0,11,11,1,1
35,2017,4,2,12,42825.5,68.54342533072597,106.15194071463095,451,386,973.7290796872248,993.7290796872248,20.0,26.44250260838513,10.805426433085085,498.8772817637132,781875,-0.489512374754413,-3.643987486365443,5.433677341457663,51.16485133200177,51.45256904447934,0,0,0,0,0,11,11,1,1
35,2017,4,2,15,42825.625,68.91526290334328,107.08023357189138,449,387,973.0129747456887,995.0129747456887,22.0,27.652138137757458,17.676916081921444,540.7838828324655,918750,-0.7161049415361777,-5.317318211011059,12.377795490998297,13.782150536957937,18.524510645097962,0,0,0,0,0,13,13,1,1
35,2017,4,2,18,42825.75,69.19951892075429,106.66954191445994,448,386,973.0918587831611,993.0918587831611,20.0,27.55450033655041,19.584875629232627,501.2642680326713,789375,0.0788840374724532,0.5846291990029018,-5.40564564595264,10.535942334763416,11.841751801615617,0,0,0,0,0,12,12,1,1
35,2017,4,2,21,42825.875,69.41765378949135,106.8493114118251,447,386,973.2747578196168,995.2747578196168,22.0,27.771366365354982,23.66468732725385,588.3553358514498,1087500,0.18289903645563754,1.3535624279721805,2.342451681266477,8.085163575946478,8.417657033217722,0,0,0,0,0,15,15,1,1
35,2017,4,3,0,42826.0,69.56765445621242,107.6364530726083,446,387,974.3499308034143,994.3499308034143,20.0,27.203542610847027,18.043316148867234,545.1805721264419,933750,1.075172983797529,7.9491363896343765,10.18508977724973,5.559771044228044,11.60375404060572,0,0,0,0,0,16,16,1,1
35,2017,4,3,3,42826.125,69.42512905132928,108.83145307805513,446,389,975.735200192757,995.735200192757,20.0,26.512215735845636,20.439973648208323,621.0891991646461,1211875,1.3852693893427204,10.251321106301408,15.565564825384326,-5.282700646989255,16.437570819891317,0,0,0,0,0,17,17,1,1
35,2017,4,3,6,42826.25,69.70103441807656,110.44450263594315,444,391,977.6139210940781,995.6139210940781,18.0,24.730691148542153,16.6304995464965,608.7955927281761,1164375,1.8787209013210668,13.878054013474845,20.74084977128695,10.226425672101236,23.12493527044141,0,0,0,0,0,14,14,1,1
35,2017,4,3,9,42826.375,70.17073499323655,112.34476729132021,441,393,979.4195997747258,997.4195997747258,18.0,23.897526633902483,16.561327736274833,640.6409364833199,1289375,1.8056786806476885,13.298615302853696,23.891293293365617,17.409440333274446,29.561503817422075,0,0,0,0,0,15,15,1,1
35,2017,4,3,12,42826.5,70.38091215678713,112.59459111663466,440,393,981.6830341373603,997.6830341373603,16.0,22.761470020463467,12.388626552211354,615.781334498246,1191250,2.26343436263458,16.648023508559703,3.1090893221071734,7.790211427789552,8.387719028586005,0,0,0,0,0,16,16,1,1
35,2017,4,3,15,42826.625,70.50123750013034,113.45902408146156,439,394,982.9684797035509,996.9684797035509,14.0,22.346314258229704,10.503711058701374,539.1258803114296,913125,1.285445566190465,9.447663926667374,10.694491635202034,4.459855908842773,11.587168164096267,0,0,0,0,0,16,16,1,1
35,2017,4,3,18,42826.75,70.61700085696164,114.33387656904674,438,395,984.6364140403451,996.6364140403451,12.0,21.266454774102375,10.091282981063777,510.1159985290099,817500,1.6679343367942783,12.250109887456137,10.761616295544542,4.290765990327979,11.585467538096383,0,0,0,0,0,12,12,1,1
35,2017,4,3,21,42826.875,70.93346265412666,115.50693808884903,436,396,986.3142566942129,996.3142566942129,10.0,19.901720880366945,7.641051487743389,479.9758120213127,723750,1.6778426538677014,12.299169065687824,14.203049942861064,11.729648773856587,18.42040412253328,0,0,0,0,0,14,14,1,1
35,2017,4,4,0,42827.0,71.13823805138694,115.801152716148,435,396,987.9642192865614,995.9642192865614,8.0,18.677338329066224,6.974258647313474,444.24332232904777,620000,1.6499625923486019,12.079953679762369,3.5254485316349995,7.5899950923222255,8.36879996479082,0,0,0,0,0,12,12,1,1
35,2017,4,4,3,42827.125,71.44396815739064,117.03086025984298,433,397,989.73952170308,995.73952170308,6.0,16.501326789528758,5.833244019942286,406.84289451282194,520000,1.7753024165185343,12.974144105061903,14.504467420470583,11.331878903371784,18.406277587610568,0,0,0,0,0,11,11,1,1
35,2017,4,4,6,42827.25,72.15311827860565,117.37198063218038,430,396,991.8928496947029,995.8928496947029,4.0,13.95218770028587,4.157029665769951,339.39415148578985,361875,2.1533279916229366,15.672889999405413,3.8749385322319805,26.284631902827822,26.568722643283593,0,0,0,0,0,12,12,1,1
35,2017,4,4,9,42827.375,72.45844257866928,117.05755291084134,429,395,994.4836028257847,996.4836028257847,2.0,11.624101791024504,4.558268027815793,175.0352151573787,96250,2.590753131081874,18.824636268818555,-3.512559141725713,11.316837716125626,11.849425623938249,0,0,0,0,0,13,13,1,1
35,2017,4,4,12,42827.5,72.96511484068829,117.07208023799276,427,394,996.1378381880005,996.1378381880005,0.0,10.37927049897567,3.3696911904845903,14.104739588693906,625,1.6542353622156951,11.986779992758066,0.1577425031529077,18.779795002678735,18.780457476854448,0,0,0,0,0,12,12,1,1
35,2017,4,4,15,42827.625,73.16647271451144,117.42014857334472,426,394,997.4432396271757,997.4432396271757,0.0,8.972499563727443,3.4523035537207027,14.104739588693906,625,1.3054014391751843,9.448973041001402,3.7360620762545205,7.463324669689737,8.346219201700052,0,0,0,0,0,14,14,1,1
35,2017,4,4,18,42827.75,73.67260544747761,117.44645517366014,424,393,998.6178567782563,998.6178567782563,0.0,7.520230174218276,2.2828418858115036,14.104739588693906,625,1.1746171510806016,8.4799753647669,0.27411248154793094,18.759797371527355,18.761799888958016,0,0,0,0,0,12,12,1,1
35,2017,4,4,21,42827.875,73.67260544747761,117.44645517366014,424,393,,,,7.520230174218276,,0.0,0,0.0,,0.0,0.0,0.0,0,3,0,0,0,12,12,0,0
45,2017,3,30,21,42822.875,55.2953924754445,-90.93919094573559,207,362,1011.5853843047006,1011.5853843047006,0.0,8.72347470467364,2.25757246636269,14.104739588693906,625,,,,,,3,0,0,0,0,11,11,1,1
45,2017,3,31,0,42823.0,56.464784451961314,-88.64069421393138,212,356,1012.337718003148,1012.337718003148,0.0,10.348630335488041,2.8942363505130198,14.104739588693906,625,0.7523336984474736,6.253185879139676,47.063030363811905,43.34348501584126,63.98114191184413,0,0,0,0,0,13,13,1,1
45,2017,3,31,3,42823.125,56.684732195566056,-87.8499736489614,213,354,1012.3008826137451,1012.3008826137451,0.0,11.778943864869927,3.9275476239135605,14.104739588693906,625,-0.03683538940298604,-0.3053906478503194,16.09721955639092,8.152357738588199,18.043874698760607,0,0,0,0,0,12,12,1,1
45,2017,3,31,6,42823.25,56.88506576755904,-86.65662385567286,214,351,1012.1790807137179,1014.1790807137179,2.0,12.739259307312588,3.8750776080955984,189.234939151512,112500,-0.12180190002720337,-1.007512116833838,24.164249288384827,7.425358947400971,25.279376953733536,0,0,0,0,0,12,12,1,1
45,2017,3,31,9,42823.375,57.08808593583889,-85.84394339872358,215,349,1012.1913694178438,1014.1913694178438,2.0,13.18539776200603,4.700911896381076,162.05112036071435,82500,0.012288704125967342,0.10141505654692566,16.366652562739077,7.524937573081235,18.013661526413316,0,0,0,0,0,12,12,1,1
45,2017,3,31,12,42823.5,56.81763519368797,-85.08973877841743,214,347,1011.8863475139544,1015.8863475139544,4.0,14.146663456287873,4.32619615755124,249.93662229367052,196250,-0.30502190388942835,-2.524998083272519,15.299619856588123,-10.024250144812763,18.291089599088522,0,0,0,0,0,12,12,1,1
45,2017,3,31,15,42823.625,56.7743504665465,-84.30890185307608,214,345,1012.3601292841505,1016.3601292841505,4.0,13.606690852592534,5.217353518645178,250.73133533983872,197500,0.4737817701960739,3.9239467220119986,15.858165293782427,-1.60434735310875,15.939113429370924,0,0,0,0,0,13,13,1,1
45,2017,3,31,18,42823.75,56.69752184447699,-83.14169927622802,214,342,1012.4156098783632,1014.4156098783632,2.0,12.765228192222,5.750519055250843,138.1976597885342,60000,0.05548059421271319,0.4599047235205472,23.753286066570514,-2.847650998407215,23.92337173495957,0,0,0,0,0,9,9,1,1
45,2017,3,31,21,42823.875,56.870606206084,-82.31447285161838,215,340,1012.4271799417868,1014.4271799417868,2.0,12.295678306168622,6.353137894557149,138.1976597885342,60000,0.011570063423569081,0.09572017044250522,16.757174501134674,6.4153676307374505,17.943239370275144,0,0,0,0,0,10,10,1,1
45,2017,4,1,0,42824.0,57.00094274326053,-81.08889352557723,216,337,1012.1694152628793,1014.1694152628793,2.0,12.338866530128369,6.5126291800953915,135.28790949515025,57500,-0.25776467890740606,-2.129354561127734,24.739851085183382,4.830920563483577,25.207102673804812,0,0,0,0,0,5,5,1,1
45,2017,4,1,3,42824.125,56.96388763407438,-80.69962133900093,216,336,1012.0582423942116,1014.0582423942116,2.0,12.85603364315323,6.096354252187302,136.02118266811544,58125,-0.11117286866778159,-0.9187681079460038,7.865864884452369,-1.3734467159201094,7.98487233848686,0,0,0,0,0,6,6,1,1
45,2017,4,1,6,42824.25,57.156004671597685,-80.24452400240826,217,335,1011.7181257024881,1015.7181257024881,4.0,13.477661184108042,5.823872845681835,250.73133533983872,197500,-0.3401166917233786,-2.804733019559472,9.148494803986795,7.120813298191339,11.593141903999623,0,0,0,0,0,7,7,1,1
45,2017,4,1,9,42824.375,57.11556196994201,-79.85445556610367,217,334,1011.1239636599339,1015.1239636599339,4.0,14.08270918474111,5.440416258181358,221.67338288487116,154375,-0.5941620425542351,-4.901923508335201,7.849841358203335,-1.4990077479706874,7.991685277676776,0,0,0,0,0,5,5,1,1
45,2017,4,1,12,42824.5,57.11556196994201,-79.85445556610367,217,334,1011.011143948239,1017.011143948239,6.0,14.159602372843263,6.6768400954177185,309.01936161855167,300000,-0.11281971169490135,-0.9307790759965212,0.0,0.0,0.0,0,0,0,0,0,5,5,1,1
45,2017,4,1,15,42824.625,57.07354797365364,-79.46533522234537,217,333,1010.5020762254328,1016.5020762254328,6.0,13.8388479728242,6.1184532520935315,313.4935044929087,308750,-0.5090677228062123,-4.201876195645414,7.839640964387244,-1.5572477451098654,7.992808704713776,0,0,0,0,0,8,8,1,1
45,2017,4,1,18,42824.75,57.07354797365364,-79.46533522234537,217,333,1010.1145354427354,1016.1145354427354,6.0,12.490439246755658,6.516925951211815,411.4621133397383,531875,-0.3875407826974697,-3.198785381013393,0.0,0.0,0.0,0,0,0,0,0,7,7,1,1
45,2017,4,1,21,42824.875,56.7999946919429,-79.15150006925032,216,332,1010.0326863675076,1016.0326863675076,6.0,11.119856405832568,7.4024821653969415,454.42660426270623,648750,-0.08184907522780122,-0.6776903037631304,6.369410781689028,-10.139245697734719,11.973875605873332,0,0,0,0,0,7,7,1,1
45,2017,4,2,0,42825.0,56.75512869839179,-78.76687147396233,216,331,1011.1043669910831,1017.1043669910831,6.0,9.328958596795253,6.242078750061628,554.945776524894,967500,1.0716806235755212,8.877805067563452,7.815527574613659,-1.662956953916702,7.990487913771372,0,0,0,0,0,11,11,1,1
45,2017,4,2,3,42825.125,56.479090305021636,-78.46149515006857,215,330,1011.0920509771491,1015.0920509771491,4.0,8.859061142456929,6.597117953792768,404.8821944524756,515000,-0.012316013933887007,-0.10235030613572746,6.250684549223092,-10.231356300625606,11.989650081810044,0,0,0,0,0,10,10,1,2
45,2017,4,2,6,42825.25,55.97210430473147,-78.23952022419556,213,329,1011.6030999459049,1015.6030999459049,4.0,7.590862082415056,9.091859479300474,443.1223431961267,616875,0.5110489687556401,4.272200418892291,4.60407531062667,-18.79142370402749,19.347224976471647,0,0,0,0,0,9,9,1,2
45,2017,4,2,9,42825.375,54.92689264590577,-69.68332048796024,215,306,1011.128651718939,1015.128651718939,4.0,8.234216350436949,3.2482336338711315,446.6995745481115,626875,-0.711195631279843,-6.020516105905251,22.429698610431853,-8.863757857063046,24.117578300970756,0,0,0,0,2,7,7,1,1
45,2017,4,2,12,42825.5,54.92689264590577,-69.68332048796024,215,306,,,,8.234216350436949,,0.0,0,0.0,,0.0,0.0,0.0,0,3,0,0,0,7,7,0,0
46,2017,4,2,3,42825.125,27.578048384510286,-103.22191537654686,102,420,1002.0221860162366,1012.0221860162366,10.0,10.859725745488163,8.650686435804818,771.3887110172301,1869375,,,,,,3,0,0,0,0,15,15,1,1
46,2017,4,2,6,42825.25,27.565089049275908,-101.22498697730619,100,411,1002.8668962989784,1010.8668962989784,8.0,10.659708389733348,13.306366410125555,691.9952565066759,1504375,0.8447102827418712,12.64667517867958,65.61350546954016,-0.4803374435829209,65.61526365153982,0,0,0,0,0,14,14,1,1
46,2017,4,2,9,42825.375,27.45549297059404,-100.54659937803413,99,408,1002.207049673501,1010.207049673501,8.0,10.338012565937431,10.45211325631244,741.6732919967951,1728125,-0.6598466254773666,-9.915319013314711,22.31235719501385,-4.062175976520638,22.67912161575284,0,0,0,0,0,13,13,1,1
46,2017,4,2,12,42825.5,25.371097313413827,-98.96170897411521,90,402,1002.7730433061961,1010.7730433061961,8.0,10.091459676858777,8.569448282589365,738.986061089156,1715625,0.5659936326950264,9.151709438052897,53.077853117546816,-77.25807406613018,93.73403063976033,0,0,0,0,0,13,13,1,1
46,2017,4,2,15,42825.625,24.127855704036115,-98.3929251873925,85,400,1004.3372543659978,1012.3372543659978,8.0,8.925451341784639,8.033849172052651,814.0524518106184,2081875,1.5642110598017462,26.511389177736454,19.24013035066469,-46.08071985207263,49.936112764168676,0,0,0,0,0,14,14,1,2
46,2017,4,2,18,42825.75,24.005835725278448,-99.00477912527731,85,403,1002.4387975711044,1010.4387975711044,8.0,9.869414072276031,11.393912556562064,804.0938728225859,2031250,-1.8984567948934272,-32.33022291152067,-20.716748867815753,-4.522667529043112,21.204674136388096,0,0,0,0,0,13,13,1,1
46,2017,4,2,21,42825.875,23.206762832625298,-98.90900001194163,82,403,998.111154860507,1008.111154860507,10.0,11.893634469216348,15.135131987123168,824.494118039212,2135625,-4.327642710597429,-76.08871486373526,3.26281171154748,-29.617617227407322,29.796798326233414,0,0,0,0,0,17,17,1,2
46,2017,4,3,0,42826.0,22.939527795510834,-98.8775212032364,81,403,998.4201464942714,1006.4201464942714,8.0,10.64589459533722,14.514119092067848,751.4001334964605,1773750,0.3089916337645263,5.492508908314854,1.0744899801344148,-9.90506011626633,9.963169406582386,0,0,0,0,0,18,18,1,2
46,2017,4,3,3,42826.125,21.907105873326536,-98.55555824341289,77,402,1001.2808031857645,1005.2808031857645,4.0,9.055165334043018,12.6683053445071,378.20696067608395,449375,2.860656691493059,53.119966489723566,11.07182547793281,-38.266693301172424,39.83622893321852,0,0,1,0,0,18,18,1,1
46,2017,4,3,6,42826.25,21.69274917917357,-96.71567914275383,75,393,1002.3827379395663,1006.3827379395663,4.0,8.545161278996126,5.110441254419638,421.96515565157495,559375,1.101934753801761,20.65428948909694,63.365082812756214,-7.945125627369689,63.861246003363725,0,0,0,0,0,15,15,1,1
46,2017,4,3,9,42826.375,20.63689274010898,-96.42736669501777,71,392,1001.8455367253463,1005.8455367253463,4.0,7.83063328611182,7.557634752190133,378.7326134115871,450625,-0.5372012142199674,-10.560077566471843,10.000582865017641,-39.13529309632414,40.39285609331532,0,0,0,0,0,14,14,1,1
46,2017,4,3,12,42826.5,20.63689274010898,-96.42736669501777,71,392,,,,7.83063328611182,,0.0,0,0.0,,0.0,0.0,0.0,0,3,0,0,0,14,14,0,0
63,2017,4,2,21,42825.875,53.96911841512711,118.10445407751257,499,434,1004.4329202698625,1006.4329202698625,2.0,9.11586743191683,9.018765159987888,215.29950574842135,145625,,,,,,3,0,0,0,0,19,19,1,4
63,2017,4,3,0,42826.0,53.34206462462192,117.60088425590735,502,434,1005.9723027967309,1009.6257927154552,3.6534899187242265,9.461499987195763,9.510065390902163,444.01935290602523,619375,1.5393825268684305,13.294647743582393,-11.143542837882952,-23.241733412472513,25.77511821497961,0,0,0,0,0,20,19,2,0
63,2017,4,3,3,42826.125,54.24781781903542,119.58641846249596,496,437,1004.8982865033606,1008.7290929522491,3.8308064488884703,9.08055104766852,5.569934930953968,515.7399525364794,835625,-1.0740162933703687,-9.16885872163041,42.99799711625029,33.57172000362769,54.55170153176749,0,0,0,0,0,20,19,2,0
63,2017,4,3,6,42826.25,54.24781781903542,119.58641846249596,496,437,1002.0475174601271,1005.9769883122419,3.929470852114755,10.544579379341725,5.383974561133873,523.2078956954491,860000,-2.8507690432334494,-24.336966549530125,0.0,0.0,0.0,0,0,0,0,0,17,16,2,0
63,2017,4,3,9,42826.375,54.24781781903542,119.58641846249596,496,437,1001.356335998159,1004.5697615799966,3.2134255818375097,10.91278396946062,5.844138166852936,495.8773911734415,772500,-0.6911814619680808,-5.900604315701845,0.0,0.0,0.0,0,0,0,0,0,17,16,2,0
63,2017,4,3,12,42826.5,52.68630819323124,118.68034957947539,503,438,1001.0561213819083,1006.6585899819352,5.6024686000269135,12.643436845807512,3.614733717746422,588.8623202935189,1089375,-0.30021461625074153,-2.615205528341915,-20.35741274214088,-57.87731609868922,61.35314150344276,0,0,0,0,0,19,17,2,0
63,2017,4,3,15,42826.625,53.16290542884406,123.6408866114379,494,449,1001.5373472328258,1005.5373472328258,4.0,12.672778986899639,6.407856119125572,434.508401809172,593125,0.48122585091754444,4.165750064747751,110.21102262640524,17.665064884322543,111.61775855895573,0,0,0,0,0,17,17,1,1
63,2017,4,3,18,42826.75,52.95967971596403,124.71746497072657,493,452,1001.2328574900067,1005.2328574900067,4.0,13.474962575717571,8.765552774462776,296.87042583783426,276875,-0.3044897428191325,-2.64286598420938,24.036630966137256,-7.532556078661158,25.189264167109837,0,0,0,0,0,13,13,1,1
63,2017,4,3,21,42826.875,52.16320096193246,125.17606827658413,495,455,1002.1288307390412,1004.1288307390412,2.0,13.64337589941233,13.706776925277154,123.76858758422884,48125,0.8959732490344322,7.859951526898267,10.42687468085692,-29.521465542830057,31.3087311050256,0,0,0,0,0,16,16,1,1
63,2017,4,4,0,42827.0,52.456421580200406,128.08877288097534,489,461,1004.6289669557423,1006.6289669557423,2.0,11.89817108045261,4.004506935000027,284.9017742606504,255000,2.500136216701067,21.84596821722017,65.78214427582584,10.868215046325476,66.67389746984004,0,0,0,0,0,17,17,1,1
63,2017,4,4,3,42827.125,53.74421348802857,135.0,472,472,1002.3260150277418,1004.3260150277418,2.0,13.418581799669651,12.154971192205485,139.62979814050144,61250,-2.3029519280004025,-19.78623279098488,151.43363694904167,47.73197557480313,158.77810898196185,0,0,0,0,0,19,19,1,1
63,2017,4,4,6,42827.25,53.74421348802857,135.0,472,472,1000.6664940038913,1004.6664940038913,4.0,13.642499530276982,19.88797222008936,236.85885552348068,176250,-1.6595210238505387,-14.258078468859205,0.0,0.0,0.0,0,0,0,0,0,18,18,1,1
63,2017,4,4,9,42827.375,52.40309630794423,135.49179718794593,475,477,1001.1347330806825,1005.1347330806825,4.0,13.774577535325983,12.303930113383322,312.85825864361584,307500,0.46823907679121474,4.0943618461877165,11.121199150988488,-49.70847548707892,50.93734981136605,0,0,2,0,0,20,20,1,2
63,2017,4,4,12,42827.5,52.067314812096704,135.4876118829249,476,478,1003.8209795879507,1003.8209795879507,0.0,11.88761515626263,9.46558676188477,14.104739588693906,625,2.6862465072682244,23.595880040557123,-0.0953627892877585,-12.445732933121798,12.446098276334366,0,0,1,0,0,18,18,1,1
63,2017,4,4,15,42827.625,51.05920828226392,135.0,480,480,1005.3476404290533,1005.3476404290533,0.0,10.022474342032156,10.526409392781279,14.104739588693906,625,1.5266608411025664,13.598704924722954,-11.3593691407896,-37.365443878219,39.05395835882781,0,0,0,3,0,21,21,1,1
63,2017,4,4,18,42827.75,50.012129602563775,132.6815989589687,488,478,1005.0159198413146,1007.0159198413146,2.0,10.341187812721667,6.2826672570948,186.05429348039038,108750,-0.3317205877386732,-2.999590347652739,-55.21954063775317,-38.8099456601129,67.49377416018007,0,0,0,0,0,20,20,1,1
63,2017,4,4,21,42827.875,49.51120200229815,132.93824230924145,489,480,1005.3014607243236,1007.3014607243236,2.0,10.447093496937415,9.91575661464536,143.8406847937898,65000,0.28554088300908914,2.601182934795282,6.176443938286893,-18.566869255257156,19.567245428639524,0,0,0,0,0,25,25,1,1
63,2017,4,5,0,42828.0,49.51120200229815,132.93824230924145,489,480,1006.2929181838471,1008.2929181838471,2.0,9.629462366324162,4.994684751047171,205.8518972422094,133125,0.9914574595233716,9.031849299862209,0.0,0.0,0.0,0,0,2,0,0,22,22,1,2
63,2017,4,5,3,42828.125,49.00859149680993,133.1888792078093,490,482,1006.4538633851869,1006.4538633851869,0.0,8.96927227126335,4.373756991353293,14.104739588693906,625,0.1609452013397822,1.4772778521689227,6.093636153283851,-18.62924609618254,19.600541106835305,0,0,0,2,0,23,23,1,1
63,2017,4,5,6,42828.25,48.582691459053365,139.03771062097712,478,496,,,,10.42238144936572,,0.0,0,-2.678731805599382,,143.3777651592452,-15.785974485418627,144.24416983890183,0,3,3,0,0,22,22,0,0
67,2017,4,3,3,42826.125,55.37877284430022,32.38455559350158,441,231,1012.1789799133566,1016.1789799133566,4.0,9.132763041337059,6.118297776873078,455.9562966050456,653125,,,,,,3,0,0,0,0,5,5,1,1
67,2017,4,3,6,42826.25,54.79718281788629,34.46081627137177,447,232,1012.6253034140988,1016.6253034140988,4.0,9.676737738775591,3.6616145314100867,431.29147886163094,584375,0.4463235007421463,3.7843070267662364,44.36171427275345,-21.556620108101615,49.32189740574087,0,0,0,0,0,3,3,1,1
67,2017,4,3,9,42826.375,53.837902495067326,36.544972322822545,454,232,1012.4280302608403,1016.4280302608403,4.0,10.138599694771294,4.254602313347277,391.13640721247674,480625,-0.19727315325842937,-1.6928805154332394,45.580925765414435,-35.555701709140955,57.80855228823526,0,0,0,0,0,2,2,1,1
67,2017,4,3,12,42826.5,53.198091238773515,38.96471760338775,461,234,1011.8960110568521,1015.8960110568521,4.0,10.307227433626514,3.9945352388051107,354.86807227681413,395625,-0.5320192039881658,-4.603327866626844,53.72494087122894,-23.714588569984446,58.72606731819084,0,0,0,0,0,3,3,1,1
67,2017,4,3,15,42826.625,52.1760967701786,41.82016988013577,470,236,1012.0647968191953,1018.0647968191953,6.0,10.16741642350197,5.354290247675963,509.7258523927535,816250,0.16878576234317733,1.4804192705044057,64.89910048541107,-37.8801999888519,75.14521139108533,0,0,0,0,0,2,2,1,1
67,2017,4,3,18,42826.75,52.1760967701786,41.82016988013577,470,236,1012.8660432411366,1018.8660432411366,6.0,10.85540218010687,6.374385140059386,462.0244229713453,670625,0.8012464219413232,7.027729276435541,0.0,0.0,0.0,0,0,0,0,0,1,1,1,1
67,2017,4,3,21,42826.875,51.55554897848805,43.796484190694976,476,238,1013.2536733215331,1019.2536733215331,6.0,11.06739535315344,8.304059913159726,440.64615120537735,610000,0.3876300803964841,3.4289340442445724,45.543481701179566,-23.000588725491607,51.021914969794004,0,0,0,0,0,2,2,1,1
67,2017,4,4,0,42827.0,50.36228798003262,46.87021809574846,486,241,1013.9622902673043,1017.9622902673043,4.0,10.569139339046536,5.44691677955183,332.2856328070812,346875,0.7086169457712095,6.3751246555480385,72.67295261128976,-44.2281897303548,85.0734436123696,0,0,0,0,0,1,1,1,1
67,2017,4,4,3,42827.125,49.65904257576509,47.75910765862027,490,241,1015.5000422747241,1019.5000422747241,4.0,9.74281353992207,4.681954229714538,390.1178210895074,478125,1.5377520074197673,13.977666754421223,21.32740176892722,-26.065773713550254,33.67911259964026,0,0,0,0,0,0,0,1,1
67,2017,4,4,6,42827.25,48.98982461665912,50.665566993909536,498,246,1016.9833001541433,1018.9833001541433,2.0,9.010015059165312,3.8538662696754904,285.9472888723746,256875,1.4832578794192524,13.618349581828253,70.68594654660772,-24.804547290669866,74.91173876960113,0,0,0,0,0,1,1,1,1
67,2017,4,4,9,42827.375,48.98982461665912,50.665566993909536,498,246,,,,9.010015059165312,,0.0,0,0.0,,0.0,0.0,0.0,0,3,0,0,0,1,1,0,0
69,2017,4,3,6,42826.25,35.42239774197375,-94.28610324739986,126,377,1001.6918415095159,1005.6918415095159,4.0,7.944946841160704,3.4794933194354236,623.6464480623772,1221875,,,,,,3,0,0,0,0,13,13,1,4
69,2017,4,3,9,42826.375,36.28657470585682,-92.6081998861885,129,370,999.30197354646,1007.30197354646,8.0,9.582356388619791,4.957665802499832,871.4172492137195,2385625,-2.389867963056022,-27.977037026526133,50.12984432594035,32.0306980356321,59.48921674381719,0,0,0,1,0,11,11,1,3
69,2017,4,3,12,42826.5,37.68546610698232,-94.45725006845547,135,377,998.2768048066829,1006.2768048066829,8.0,10.48440709427753,2.613899434479099,794.1356697703707,1981250,-1.0251687397770002,-11.618307924974777,-54.23625459857314,51.84987557728443,75.0331987207071,0,0,1,0,0,15,15,1,1
69,2017,4,3,15,42826.625,38.782099914956675,-92.98551029628788,139,371,997.723329750361,1007.723329750361,10.0,11.37526403348877,2.4665652617582237,905.1243392846816,2573750,-0.5534750563219132,-6.122015796820653,42.523102950879405,40.64670527788405,58.82490063330542,0,0,0,0,0,13,13,1,1
69,2017,4,3,18,42826.75,39.82898848778408,-91.71968003906987,143,366,996.2636863039572,1004.2636863039572,8.0,11.812927857027764,2.1299287739202555,748.7478127121317,1761250,-1.4596434464037884,-15.78881009282615,36.03080132748822,38.802899353523316,52.951710477949504,0,0,0,0,0,9,9,1,1
69,2017,4,3,21,42826.875,40.59408881888073,-89.32911989427197,146,357,993.5622333315295,1003.5622333315295,10.0,13.490851984108495,3.2544498605005354,852.024344827017,2280625,-2.7014529724277963,-28.763383605513194,67.27991608899265,28.35842506400653,73.0122413096103,0,0,0,0,0,12,12,1,1
69,2017,4,4,0,42827.0,41.315101526836365,-88.23133365459688,149,353,993.1498158421864,1001.1498158421864,8.0,13.520119095531298,6.7839178291699485,581.8953010877535,1063750,-0.4124174893430609,-4.327951632037701,30.561218907632384,26.724318390307115,40.597749870488315,0,0,0,0,0,10,10,1,1
69,2017,4,4,3,42827.125,42.23293455530976,-86.53595933523529,153,347,993.2841679188056,1003.2841679188056,10.0,14.593102848835136,4.0326693184149915,645.4363357783911,1308750,0.13435207661925233,1.384845061757288,46.52638800681753,34.0194587576841,57.637039784557835,0,0,0,0,0,8,8,1,1
69,2017,4,4,6,42827.25,42.89905550642133,-85.36453657309735,156,343,991.710479032001,1003.710479032001,12.0,16.305861576491612,5.566952318813419,676.8805599408167,1439375,-1.5736888868045935,-16.01688789270872,31.80633192477571,24.68975676508486,40.26446124845159,0,0,0,0,0,7,7,1,1
69,2017,4,4,9,42827.375,43.02903336445025,-83.93944920914315,157,338,991.0671856507636,1003.0671856507636,12.0,16.914050595976654,5.679099880205395,668.153885996906,1402500,-0.643293381237454,-6.53146337638967,38.61198566829001,4.817626129647524,38.91137312885907,0,0,0,0,0,7,7,1,1
69,2017,4,4,12,42827.5,44.03106894360867,-81.78868468887485,162,331,991.736891250069,1003.736891250069,12.0,17.769750228652082,3.2425336660718314,638.1517927863144,1279375,0.6697055993054528,6.675588255247189,57.31269238238816,37.140424239919625,68.29462512408618,0,0,0,0,0,6,6,1,1
69,2017,4,4,15,42827.625,44.71960921828958,-81.37562568439056,165,330,991.8103780341162,1003.8103780341162,12.0,17.82910322691204,8.107030885671628,611.5669352294595,1175000,0.073486784047127,0.723570110832538,10.87865757423682,25.520728444989242,27.74261651287389,0,0,0,0,0,8,8,1,1
69,2017,4,4,18,42827.75,44.56371041766576,-80.22745794390671,165,326,992.6740549486345,1004.6740549486345,12.0,16.643588960590012,8.353495150024756,657.0447345019714,1356250,0.8636769145184371,8.527451466679324,30.320226776702974,-5.778385233113491,30.865934097204317,0,0,0,0,0,7,7,1,1
69,2017,4,4,21,42827.875,44.58101212920223,-78.74702156240289,166,321,993.9677418646087,999.9677418646087,6.0,15.216812097645509,10.443027560160626,317.27827140480923,316250,1.2936869159741036,12.769209539366587,39.082764714012036,0.6412875150412051,39.08802562637018,0,0,0,0,0,11,11,1,1
69,2017,4,5,0,42828.0,44.80391740628062,-77.20219999715201,168,316,997.5434537182892,1003.5434537182892,6.0,13.62137096786544,10.982938323597555,333.48090872711424,349375,3.5757118536805503,35.15519483111092,40.62578036882448,8.261978644472146,41.45737958069321,0,0,0,0,0,10,10,1,1
69,2017,4,5,3,42828.125,45.52301230618728,-75.78414652632645,172,312,999.465255187109,1005.465255187109,6.0,13.28713236938703,10.624410084115661,292.14181185347104,268125,1.9218014688197582,18.660176297228958,36.82433468337944,26.65323488186586,45.457964698625176,0,0,0,0,0,11,11,1,1
69,2017,4,5,6,42828.25,45.870805376848594,-75.05897104884188,174,310,1001.775323371315,1005.775323371315,4.0,11.141242493744656,10.212546424422834,202.4410972262378,128750,2.3100681842060293,22.297652467253016,18.71493810787381,12.890941659890176,22.724992524976535,0,0,0,0,0,10,10,1,1
69,2017,4,5,9,42828.375,45.97708198377273,-74.40383901808336,175,308,1004.1888691691897,1008.1888691691897,4.0,9.238273680893217,7.705735534191627,260.46073503106066,213125,2.4135457978746855,23.25465469349743,16.874946986819666,3.93913983698738,17.32860809365008,0,0,0,0,0,11,11,1,1
69,2017,4,5,12,42828.5,45.97708198377273,-74.40383901808336,175,308,,,,9.238273680893217,,0.0,0,0.0,,0.0,0.0,0.0,0,3,0,0,0,11,11,0,0
73,2017,4,1,18,42824.75,37.00218291335614,-176.6040130420888,346,587,1002.5434638192808,1006.5434638192808,4.0,11.976811396932483,19.230885709423163,128.50029317392293,51875,,,,,,3,0,0,0,0,20,20,1,1
73,2017,4,1,21,42824.875,38.04734462958044,-173.9708879094509,336,582,998.8259445461944,1006.8259445461944,8.0,16.436400896224175,31.50096791128475,189.75986370816491,113125,-3.7175192730863635,-41.790053968842486,76.85501750213949,38.738893455754,86.06622787964177,0,0,0,0,0,23,23,1,1
73,2017,4,2,0,42825.0,39.249530926314876,-171.46276394631732,327,576,995.033178901002,1005.033178901002,10.0,20.03114544473419,28.979838882326366,219.87113035631398,151875,-3.792765645192412,-41.531678831130314,71.98847221064831,44.55900569282644,84.66312727248281,0,0,0,0,0,24,24,1,1
73,2017,4,2,3,42825.125,40.82308669221333,-168.7429233961456,318,568,990.1911973674786,1002.1911973674786,12.0,24.742643680076615,33.50154388477189,218.05398241881235,149375,-4.841981533523358,-51.31546547306353,76.28368500190818,58.32380598673366,96.02534531178995,0,0,0,0,0,24,24,1,1
73,2017,4,2,6,42825.25,42.19725459927602,-166.73570919161997,312,561,984.4059098712169,1000.4059098712169,16.0,31.471769700904964,44.34595604692462,234.74965185398838,173125,-5.785287496261735,-59.67327249040241,55.115018294872144,50.93349987438124,75.045896963776,0,0,0,0,0,21,21,1,1
73,2017,4,2,9,42825.375,43.62584776158251,-165.1694717162537,308,554,981.2769236864026,1001.2769236864026,20.0,35.06559011778311,31.163420992401008,308.69729862159846,299375,-3.1289861848142753,-31.420208117582764,42.02133821131878,52.95077062919604,67.59864625342558,0,0,0,0,0,20,20,1,1
73,2017,4,2,12,42825.5,44.675024505776875,-164.23446469265346,306,549,979.4035089454518,1001.4035089454518,22.0,35.85390992373786,25.85861253546653,380.04356441846903,453750,-1.8734147409508295,-18.460643933689216,24.643963892914545,38.88771036928968,46.038885456981205,0,0,0,0,0,21,21,1,1
73,2017,4,2,15,42825.625,45.564484245789615,-162.69019188491384,302,544,976.2725016717513,1008.2725016717513,32.0,37.99002402369687,21.523383190041276,704.2489555619652,1558125,-3.131007273700379,-30.379656346667627,40.07235733890604,32.967803514668425,51.890942285516076,0,0,0,0,0,20,20,1,1
73,2017,4,2,18,42825.75,46.264022348334066,-161.46987555114205,299,540,975.1747055862891,1009.1747055862891,34.0,38.95198211099697,23.78110779533097,754.3069146929026,1787500,-1.0977960854623234,-10.52651229044968,31.269517800309657,25.92836266583456,40.6209642179371,0,0,0,0,0,19,19,1,1
73,2017,4,2,21,42825.875,46.94025854376295,-160.21261958824078,296,536,974.4458281211995,1008.4458281211995,34.0,39.14585638460677,23.375402560177246,748.6149499992213,1760625,-0.7288774650896085,-6.911469451227683,31.816411642487548,25.064678048370215,40.50335955785234,0,0,0,0,0,22,22,1,1
73,2017,4,3,0,42826.0,47.67858038735536,-159.20772233099606,294,532,972.7946497229859,1006.7946497229859,34.0,38.965864338629984,23.132821239220355,748.2162203038249,1758750,-1.651178398213524,-15.472028103057564,25.077476780681376,27.365881079444293,37.11834167820406,0,0,0,0,0,24,24,1,1
73,2017,4,3,3,42826.125,48.17745464375991,-158.2860649182236,292,529,971.8722378768232,1003.8722378768232,32.0,38.114723868894565,22.206574433348578,708.0523079119723,1575000,-0.9224118461627222,-8.57560322582376,22.779437953400713,18.490762115254302,29.339582087612573,0,0,0,0,0,23,23,1,1
73,2017,4,3,6,42826.25,48.57072701397962,-157.05106271907673,289,526,972.2630328715561,1004.2630328715561,32.0,36.4377917175049,17.802321630288787,780.2356421790148,1912500,0.3907949947328598,3.6111020008668078,30.288975742978835,14.576630785970941,33.61398840704977,0,0,0,0,0,20,20,1,1
73,2017,4,3,9,42826.375,48.84394916365942,-155.50326238834936,285,523,972.1843121078251,1002.1843121078251,30.0,35.23913137230871,18.89549795500163,754.7024265166506,1789375,-0.07872076373096207,-0.7243711056245554,37.75470282825579,10.126972297104139,39.08929717398639,0,0,0,0,0,19,19,1,1
73,2017,4,3,12,42826.5,49.62102286569167,-153.9432630612515,282,518,971.3035200668332,999.3035200668332,28.0,33.67083346843544,17.24727344171166,745.0187004585757,1743750,-0.8807920409918006,-8.010630102221715,37.458328616830855,28.802217764964187,47.25139289954221,0,0,0,0,0,21,21,1,1
73,2017,4,3,15,42826.625,50.26178667505296,-152.77132082290876,280,514,970.1246348480742,996.1246348480742,26.0,33.258518182249645,16.25645015238639,714.6246732699055,1604375,-1.1788852187590964,-10.6213775640362,27.768800886696795,23.749894926138897,36.53989342742601,0,0,0,0,0,18,18,1,1
73,2017,4,3,18,42826.75,51.10818454765807,-152.15522966863463,280,510,970.0426704651793,994.0426704651793,24.0,32.42302108382829,15.14946961865484,683.0248362527664,1465625,-0.08196438289494835,-0.7295926249858782,14.337209247112147,31.371716452145378,34.492610254216586,0,0,0,0,0,14,14,1,1
73,2017,4,3,21,42826.875,51.73827180139986,-151.67608506811135,280,507,969.7839088866366,989.7839088866366,20.0,31.501500239588587,12.476178906995774,594.2432414299238,1109375,-0.25876157854261694,-2.2832083620293835,10.997623274488285,23.35416865316325,25.81404484322361,0,0,0,0,0,17,17,1,1
73,2017,4,4,0,42827.0,52.77917988459154,-150.843082117687,280,502,970.1982979774453,1010.1982979774453,40.0,29.70821379696069,9.868460058032433,1511.1173170905588,7173750,0.4143890908086905,3.6053436944459345,18.67597021802289,38.58123265140894,42.863776974114415,0,0,2,0,0,18,18,1,2
73,2017,4,4,3,42827.125,53.423077272164235,-151.11880874765737,282,500,969.8782838236574,1007.8782838236574,38.0,28.577605849542046,7.894084043495457,1433.0026703545182,6451250,-0.3200141537879244,-2.7608520491378656,-6.089990552288404,23.866040925922878,24.63079159111188,0,0,0,0,0,20,20,1,2
73,2017,4,4,6,42827.25,54.06480579775103,-151.4040345860689,284,498,970.7069053222101,1006.7069053222101,36.0,26.905962935820213,8.400128603969351,1386.2167919036947,6036875,0.8286214985526749,7.090268853613878,-6.204318212565125,23.78565210944812,24.581513597711208,0,0,0,0,0,19,19,1,2
73,2017,4,4,9,42827.375,54.607178756150105,-152.19854122006586,287,497,972.5375069301394,1006.5375069301394,34.0,24.5913849346931,8.63629599036598,1393.3740926406872,6099375,1.8306016079294205,15.557868289946109,-17.05578719535068,20.10304044105914,26.363461681424678,0,0,0,0,0,22,22,1,2
73,2017,4,4,12,42827.5,54.716513349743316,-152.52556837372288,288,497,973.4547255560631,1007.0584171713032,33.603691615240095,22.87840251786271,7.938781937898021,1465.1966552755991,6744375,0.9172186259235605,7.784693268645345,-7.001500929295926,4.052484038103482,8.089724478745566,0,0,0,0,0,19,20,2,0
73,2017,4,4,15,42827.625,54.72107529685362,-153.3522709877921,290,498,974.9597581561469,1005.407968820608,30.448210664461076,21.219154562439385,7.199683538678146,1413.9253972233012,6280625,1.505032600083796,12.772916726973854,-17.69724477878375,0.16908845809561732,17.698052538820477,0,0,0,0,0,23,24,2,0
73,2017,4,4,18,42827.75,54.72107529685362,-153.3522709877921,290,498,976.3750901848475,1006.0859133680523,29.710823183204774,19.29750163610878,6.743456786448005,1458.3236701999497,6681250,1.41533202870065,12.011645556784515,0.0,0.0,0.0,0,0,0,0,0,22,23,2,0
73,2017,4,4,21,42827.875,54.510236192661715,-153.51715218045453,290,499,977.3432547889953,1005.3299561660451,27.986701377049904,18.31397007843127,6.2690725163280145,1438.3376921000765,6499375,0.9681646041477506,8.238126437843167,-3.5479703275407712,-7.814746241474807,8.582444422409875,0,0,0,0,0,29,27,2,0
73,2017,4,5,0,42828.0,54.08726413168208,-153.02860258961297,288,500,977.3229263998769,1005.4526274842759,28.129701084398985,17.52606353761533,6.129184237320515,1482.0047957642228,6900000,-0.02032838911836734,-0.17389461617230315,10.621315889270592,-15.677449097775987,18.936598465221493,0,0,0,0,0,25,23,2,0
73,2017,4,5,3,42828.125,53.87066823236807,-152.38450921945184,286,500,976.8025778578677,1006.6827142389475,29.880136381079794,17.239591996801096,5.246950002860395,1581.1784251926824,7854375,-0.5203485420091601,-4.463455928970895,14.075889089518368,-8.028121711911083,16.204363359344924,0,0,0,0,0,26,24,2,0
73,2017,4,5,6,42828.25,54.195232266491416,-141.19787763343083,261,482,968.9377311026733,1006.9377311026733,38.0,26.580476595217938,4.726050546859987,1589.335675855558,7935625,0.2550168637257593,2.1785150131429347,-26.16232198158464,46.93068847708008,53.73040677680418,0,0,0,0,2,21,21,1,1
73,2017,4,5,9,42828.375,55.20602880076585,-143.2425203515189,268,482,968.2727602046818,1008.2727602046818,40.0,26.36611445126602,5.0712023154207415,1721.1828264239584,9306875,-0.664970897991443,-5.610084746737701,-43.24322211384532,37.46514882707332,57.21550170558775,0,0,0,0,0,22,22,1,1
73,2017,4,5,12,42828.5,55.760845568421786,-144.46232220802563,272,482,967.9758631458762,1005.9758631458762,38.0,26.31821972483555,6.04983221350958,1545.80481524866,7506875,-0.29689705880562545,-2.488172792242849,-25.438091825878377,20.564269926891054,32.71063608931896,0,0,0,0,0,19,19,1,1
73,2017,4,5,15,42828.625,56.03963460045415,-146.4695303328669,277,484,967.6716407712167,1005.6716407712167,38.0,26.609186165404935,5.562273098820151,1558.3024559515375,7628750,-0.3042223746594391,-2.5411778958070705,-41.55820354220486,10.333308655382236,42.823609719671296,0,0,0,0,0,19,19,1,1
73,2017,4,5,18,42828.75,56.22555550467124,-147.64712613572607,280,485,968.1141027478988,1004.1141027478988,36.0,26.810962384912127,5.291788216472196,1467.5030915511588,6765625,0.44246197668195236,3.6878568387984574,-24.264470922238367,6.891153768703161,25.22404704642106,0,0,0,0,0,21,21,1,1
73,2017,4,5,21,42828.875,56.3965078941129,-148.83683900788188,283,486,968.8853669468926,1002.8853669468926,34.0,26.822667290359853,5.403366627119467,1378.661636470298,5971250,0.7712641989938857,6.4156024031915955,-24.404663638642187,6.3363461345590375,25.213823384251057,0,0,0,0,0,19,19,1,1
73,2017,4,6,0,42829.0,56.14509044209928,-150.4221613187387,286,489,969.6677629891533,1001.6677629891533,32.0,26.34725106457655,5.297397498162463,1318.849720140832,5464375,0.7823960422606615,6.5272954644246,-32.7339527611881,-9.318781711272143,34.034561198200194,0,0,0,0,0,17,17,1,1
73,2017,4,6,3,42829.125,55.73588272096211,-150.79763148445326,286,491,970.2431508909748,986.2431508909748,16.0,26.472883041123758,5.448958055188559,570.5014098343019,1022500,0.575387901821523,4.823521376552464,-7.835263965769976,-15.1672741780782,17.071542619408802,0,0,0,0,0,19,19,1,1
73,2017,4,6,6,42829.25,55.73588272096211,-150.79763148445326,286,491,971.645713523091,989.645713523091,18.0,26.206801839655608,5.9243573152406315,646.0525042583579,1311250,1.402562632116169,11.75779125099597,0.0,0.0,0.0,0,0,0,0,0,20,20,1,1
73,2017,4,6,9,42829.375,55.73588272096211,-150.79763148445326,286,491,972.686474488311,990.686474488311,18.0,25.783699586243088,6.779725722683214,645.8985172452641,1310625,1.0407609652199608,8.724779835876753,0.0,0.0,0.0,0,0,0,0,0,24,24,1,1
73,2017,4,6,12,42829.5,55.8499048012164,-151.13069855211288,287,491,973.7725070375864,997.7725070375864,24.0,25.090907082688396,7.385757481811961,953.8183492935366,2858125,1.0860325492754055,9.09198702163733,-6.930085664248327,4.226225616578485,8.11708508493316,0,0,0,0,0,22,22,1,1
73,2017,4,6,15,42829.625,56.07423033357207,-151.80327640203575,289,491,974.4825171852605,996.4825171852605,22.0,24.561187276217854,8.996912731513003,867.29813201002,2363125,0.7100101476741838,5.928324594321285,-13.913323203113736,8.314620371596599,16.20843837259075,0,0,0,0,0,20,20,1,1
73,2017,4,6,18,42829.75,55.97681192621701,-152.32171802591967,290,492,975.5550715905658,997.5550715905658,22.0,24.087134731995373,9.469430866566254,904.134711453856,2568125,1.0725544053052727,8.965702856146677,-10.75188668730058,-3.6108108865584128,11.342002583099696,0,0,0,0,0,18,18,1,1
73,2017,4,6,21,42829.875,55.66731635100437,-153.01054340356055,291,494,976.3037171136884,996.3037171136884,20.0,24.186318057094102,10.902954493343058,755.0977311757168,1791250,0.7486455231226864,6.281078537972236,-14.399520057198544,-11.471445927528338,18.410329968413645,0,0,0,0,0,21,21,1,1
73,2017,4,7,0,42830.0,55.45768126135501,-153.18180269614865,291,495,977.4106248912635,995.4106248912635,18.0,23.423123433271332,11.506632153607644,673.9350256875631,1426875,1.1069077775751066,9.310199269968809,-3.5992510157646667,-7.7701194718951285,8.563256651648764,0,0,0,0,0,21,21,1,1
73,2017,4,7,3,42830.125,55.45768126135501,-153.18180269614865,291,495,978.1152927712803,996.1152927712803,18.0,22.551454675502008,11.220213450541632,705.0959179312472,1561875,0.7046678800167865,5.926960235544646,0.0,0.0,0.0,0,0,0,0,0,21,21,1,1
73,2017,4,7,6,42830.25,55.3509600520147,-152.84602616202613,290,495,978.8373998869378,994.8373998869378,16.0,21.766433095874657,11.60535414736114,573.1108215745878,1031875,0.722107115657418,6.081449679761455,7.075885982340028,-3.9556190146714494,8.106484085243517,0,0,0,0,0,21,21,1,1
73,2017,4,7,9,42830.375,55.3509600520147,-152.84602616202613,290,495,979.1824002747836,995.1824002747836,16.0,21.048323349232774,11.402333611988215,573.4578460215091,1033125,0.34500038784579373,2.9055280756681556,0.0,0.0,0.0,0,0,0,0,0,21,21,1,1
73,2017,4,7,12,42830.5,55.56003097983004,-152.6733068120347,290,494,979.8812503120394,993.8812503120394,14.0,19.95694320617919,12.328394187887243,473.08734787878007,703125,0.698850037255761,5.87081662865138,3.6205105374678013,7.749208827312052,8.553264523046531,0,0,0,0,0,15,15,1,1
73,2017,4,7,15,42830.625,55.66731635100437,-153.01054340356055,291,494,979.733095934517,993.733095934517,14.0,19.10575463588783,12.243783935114333,487.1753369022173,745625,-0.14815437752229627,-1.2430038679459674,-7.049769627505375,3.976529659254527,8.093950823413014,0,0,0,0,0,20,20,1,1
73,2017,4,7,18,42830.75,55.66731635100437,-153.01054340356055,291,494,979.9783724815418,991.9783724815418,12.0,18.756159583019176,11.058043479442421,407.8197095911754,522500,0.2452765470246959,2.057851423406275,0.0,0.0,0.0,0,0,0,0,0,20,20,1,1
73,2017,4,7,21,42830.875,55.87807082806209,-153.69111304535238,293,494,980.6969471905542,992.6969471905542,12.0,18.230382090910297,11.189700681392132,435.4231573518114,595625,0.7185747090124641,6.013719268644976,-14.150221796031786,7.811609538815068,16.163230508280193,0,0,0,0,0,24,24,1,1
73,2017,4,8,0,42831.0,55.98152011589208,-154.0344343548352,294,494,981.4368976450298,991.4368976450298,10.0,17.44465080353579,11.56314050345638,355.428243221036,396875,0.73995045447562,6.185054932181356,-7.119234212803577,3.8343453238960357,8.086142457292993,0,0,0,0,0,19,19,1,1
73,2017,4,8,3,42831.125,56.083670879021305,-154.37977108020397,295,494,982.0504399407057,990.0504399407057,8.0,16.93196781500955,10.875121529864991,291.46003306679825,266875,0.6135422956758703,5.122285754108982,-7.142100197287648,3.7862155376133773,8.083626867029503,0,0,0,0,0,19,19,1,1
73,2017,4,8,6,42831.25,55.97210430473147,-154.89058212996042,296,495,983.527667693435,991.527667693435,8.0,15.95826747997723,9.864001389746337,321.01841949022526,323750,1.4772277527292317,12.349135620752568,-10.594927304678318,-4.1352123480476575,11.3733225468578,0,0,0,0,0,24,24,1,1
73,2017,4,8,9,42831.375,55.857726666691086,-155.39811899462774,297,496,985.3040496401475,991.3040496401475,6.0,14.974242678866874,9.551886328687106,253.49321149362706,201875,1.7763819467124995,14.870038916226225,-10.558118474071653,-4.239404357226189,11.377452044135431,0,0,0,0,0,28,28,1,1
73,2017,4,8,12,42831.5,55.857726666691086,-155.39811899462774,297,496,987.1047272978265,993.1047272978265,6.0,13.35567064841733,8.440368287997698,285.5992092681567,256250,1.8006776576790435,15.073417569245358,0.0,0.0,0.0,0,0,0,0,0,25,25,1,1
73,2017,4,8,15,42831.625,55.64396866578301,-155.55604521958347,297,497,988.348585551433,994.348585551433,6.0,12.434572642427824,8.458710834088125,309.34108930758305,300625,1.2438582536064495,10.438781505925043,-3.3033441586803103,-7.922935076887137,8.583995739936961,0,0,0,0,0,20,20,1,1
73,2017,4,8,18,42831.75,55.64396866578301,-155.55604521958347,297,497,990.4500732143275,996.4500732143275,6.0,10.949863957755563,8.007278661562959,346.6438835958035,377500,2.1014876628946513,17.63623024307645,0.0,0.0,0.0,0,0,0,0,0,21,21,1,1
73,2017,4,8,21,42831.875,55.42981338146393,-155.7120790917796,297,498,992.0908562678593,996.0908562678593,4.0,9.965552319378297,8.331152771877678,212.50932944773342,141875,1.6407830535317771,13.805247040647243,-3.281584549010459,-7.937660376801601,8.589251970326071,0,0,0,0,0,24,24,1,1
73,2017,4,9,0,42832.0,55.33242894436215,-155.36931330218718,296,498,993.6433814828713,995.6433814828713,2.0,8.405135053423663,8.071148040455446,114.58744610593851,41250,1.5525252150119924,13.077997973065829,7.2265515854222215,-3.609551779951299,8.077865551549989,0,0,0,0,0,25,25,1,1
73,2017,4,9,3,42832.125,55.33242894436215,-155.36931330218718,296,498,,,,8.405135053423663,,0.0,0,0.0,,0.0,0.0,0.0,0,3,0,0,0,25,25,0,0
75,2017,4,2,0,42825.0,57.85698603088673,-33.185024763776774,282,241,982.2824900746355,982.2824900746355,0.0,18.636592059888738,5.778366288984834,14.104739588693906,625,,,,,,3,0,0,0,0,2,2,1,1
75,2017,4,2,3,42825.125,59.320280679196244,-31.39945748334126,289,244,979.9176222658181,981.9176222658181,2.0,20.89734697549221,4.209199136611132,158.3253092116782,78750,-2.364867808817362,-19.050764436169935,33.76759941900142,54.23698035938401,63.88975511790879,0,0,0,0,0,2,2,1,1
75,2017,4,2,6,42825.25,60.94639338452072,-29.661803859494647,296,248,977.7428530549515,981.7428530549515,4.0,22.69249732919431,7.474941377416472,206.33455182562614,133750,-2.174769210866507,-17.236140175937834,31.27646571961687,60.2718276614465,67.90368559630234,0,0,0,0,0,3,3,1,1
75,2017,4,2,9,42825.375,62.427604084573446,-28.141601232261724,302,252,976.5171896196646,980.5171896196646,4.0,24.049741012922567,10.067404946757305,200.96160531198103,126875,-1.2256634352869877,-9.579636447701422,26.08034338465799,54.90103837916622,60.78082202613219,0,0,0,0,0,3,3,1,1
75,2017,4,2,12,42825.5,63.146649593861234,-28.398753012829193,303,255,974.7072879106624,980.7072879106624,6.0,25.400052805475344,7.064450564324215,290.7766557300799,265625,-1.8099017090021516,-14.054976842759135,-4.305377090111341,26.65140421978506,26.996918690369693,0,0,0,0,0,5,5,1,1
75,2017,4,2,15,42825.625,63.86396678635062,-28.66975158634522,304,258,973.7428822789811,979.7428822789811,6.0,25.49499510162558,7.953474896216503,311.90296402073676,305625,-0.964405631681293,-7.4425985462540964,-4.424662053284331,26.587344199912874,26.953005507557318,0,0,0,0,0,6,6,1,1
75,2017,4,2,18,42825.75,64.57954481433019,-28.955733136796372,305,261,973.0741805809215,981.0741805809215,8.0,25.780009031340047,10.082131094296564,400.4355193599646,503750,-0.6687016980595945,-5.129531751513665,-4.550083491717142,26.522882109882108,26.910342532125103,0,0,0,0,0,4,4,1,2
75,2017,4,2,21,42825.875,64.86693648006393,-29.904479155788916,304,263,973.8176099951194,981.5716914983516,7.754081503232155,24.67159765571791,11.545883503307413,410.49396584912694,529375,0.7434294141978899,5.689268024009216,-14.93531201176998,10.652165063173628,18.344813038622593,0,0,0,0,0,6,7,2,0
75,2017,4,3,0,42826.0,64.94961140463639,-30.609536751259093,303,264,974.659053506064,983.4434823882872,8.784428882223292,23.976199844211493,14.512383552935642,456.61031027604156,655000,0.8414435109445185,6.434994474855603,-11.065026427308469,3.064344057725847,11.48150749427768,0,0,0,0,0,7,8,2,0
75,2017,4,3,3,42826.125,61.96137609934133,-38.11827636936305,283,262,970.5274485637105,982.5274485637105,12.0,33.046488556392745,6.843578944140245,436.1079648376247,597500,-0.9160338245767343,-7.190399062685343,46.29528580384593,7.375204099122467,46.87906913712655,0,0,0,0,2,7,7,1,1
75,2017,4,3,6,42826.25,61.73645546192005,-37.19100753970427,284,260,968.9023547844945,984.9023547844945,16.0,35.39136289476962,8.764036550178135,526.618921363093,871250,-1.6250937792159674,-12.782982157412313,16.2746354397273,-8.336677926302,18.285621606686465,0,0,0,0,0,5,5,1,1
75,2017,4,3,9,42826.375,61.90918217411386,-35.162149033966756,288,258,969.3437261791673,987.3437261791673,18.0,35.9162767535457,11.235398344866335,581.5533114601598,1062500,0.4413713946727512,3.4662237769140627,35.40782962319546,6.402111363981951,35.98195976516656,0,0,0,0,0,4,4,1,1
75,2017,4,3,12,42826.5,62.43139330916921,-33.624884642254514,292,258,971.6435474834674,989.6435474834674,18.0,34.450091739235674,10.543529916374318,631.0984432618005,1251250,2.2998213043001305,17.974503116172997,26.369698155128674,19.355742951817295,32.710942603499234,0,0,0,0,0,5,5,1,2
75,2017,4,3,15,42826.625,63.127245703600906,-32.286367836727,296,259,973.6787063638329,991.6787063638329,18.0,33.09974551893817,7.517299466022669,666.5142420873337,1395625,2.0351588803654885,15.806945712772153,22.424785225831357,25.79175198475772,34.177265292412116,0,0,0,0,0,4,4,1,2
75,2017,4,3,18,42826.75,63.60839362074814,-30.627221315538147,300,259,975.4123766004482,997.4123766004482,22.0,31.623712337480953,5.972552774423457,790.6206669404861,1963750,1.7336702366152894,13.408718056761941,27.3345490207304,17.83373578412284,32.63770369043473,0,0,0,0,0,3,3,1,2
75,2017,4,3,21,42826.875,64.03964529715556,-30.023164060457912,302,260,977.9245283759359,997.6499617249832,19.725433349047236,30.183911137214444,5.286094027724684,779.9806215341314,1911250,2.5121517754877276,19.357972483516054,9.80088939134523,15.984332841155172,18.749835445630325,0,0,0,0,0,5,7,2,0
75,2017,4,4,0,42827.0,64.28503668028898,-28.028083085652348,306,259,980.0785463856932,996.7118795070669,16.633333121373724,27.91550125635502,4.894159489867743,733.4464586120832,1690000,2.154018009757274,16.563901440288706,32.084145261738165,9.095425615576,33.34845040335145,0,0,0,0,0,4,6,2,0
75,2017,4,4,3,42827.125,64.39637657564383,-26.45204189657734,309,258,982.9504570030126,998.3149914154587,15.364534412446227,25.398755190818978,5.847111264968407,771.1307646094104,1868125,2.8719106173193722,22.06372333355492,25.243374366836747,4.1268104988647325,25.578477560593996,0,0,0,0,0,2,4,2,0
75,2017,4,4,6,42827.25,67.66486564350967,-15.508638196829802,333,264,971.46467983738,997.46467983738,26.0,35.400427179561994,13.97265527285359,723.3407740578475,1643750,-0.8503115780788357,-6.3689500668573125,0.0,0.0,0.0,0,0,0,0,2,4,4,1,1
75,2017,4,4,9,42827.375,67.44458041521219,-15.355549414421832,333,263,972.5651014449617,996.5651014449617,24.0,36.21916375157018,13.841399233793345,652.3346756780259,1336875,1.1004216075816657,8.255409491162235,2.1765036435112073,-8.164866600472948,8.449983119139128,0,0,0,0,0,3,3,1,1
75,2017,4,4,12,42827.5,67.11790805194826,-13.967789761532739,335,261,976.2888910904289,998.2888910904289,22.0,34.487505605171954,13.13428211874707,677.4681299819595,1441875,3.723789645467332,28.002795948253862,20.000250835351295,-12.108103156645559,23.37982454016583,0,0,0,0,0,3,3,1,1
75,2017,4,4,15,42827.625,66.82672575129128,-12.075288583193542,338,259,979.6394273941994,995.6394273941994,16.0,33.13083514113012,11.675647081126662,591.8951076677646,1100625,3.3505363037704954,25.250426222708985,27.602118932562973,-10.79266485391561,29.637114977951153,0,0,0,0,0,4,4,1,1
75,2017,4,4,18,42827.75,66.32417857334082,-9.596924418146724,342,256,984.2154801977082,994.2154801977082,10.0,30.014958225644882,9.09348410746221,543.1698406176479,926875,4.576052803508792,34.61750544226535,36.885215838139025,-18.626898862543754,41.321671174597185,0,0,0,0,0,4,4,1,1
75,2017,4,4,21,42827.875,67.11114913977107,-1.4109408203827343,357,258,988.6551403024107,992.6551403024107,4.0,24.540503633276206,2.5534696589331,433.13264616000913,589375,4.439660104702488,33.38778466847902,117.92579007759885,29.169044801879227,121.47973139614669,0,0,0,0,0,4,4,1,3
75,2017,4,5,0,42828.0,66.65365779588213,1.3836869673685084,362,256,991.0890003484436,991.0890003484436,0.0,21.40653537183249,3.2882041514920273,14.104739588693906,625,2.4338600460329327,18.365969594747565,41.0452191076135,-16.956905474750346,44.40998372969324,0,0,0,2,0,3,3,1,1
75,2017,4,5,3,42828.125,65.91291342619104,4.028263666485141,367,253,993.8826294355267,993.8826294355267,0.0,18.318040909139448,2.1906288848176336,14.104739588693906,625,2.7936290870831,21.20087078023914,40.001902546739906,-27.455671950057038,48.517688831889195,0,0,0,0,0,3,3,1,1
75,2017,4,5,6,42828.25,64.77422862111649,8.492729028118493,376,249,996.0593998652419,996.0593998652419,0.0,15.545080350575281,4.34516049415899,14.104739588693906,625,2.176770429715107,16.670923040412248,70.50869393625092,-42.20532445717896,82.17521118397966,0,0,0,0,0,2,2,1,1
75,2017,4,5,9,42828.375,64.66339570711257,10.007979801441337,379,249,999.4623785255474,999.4623785255474,0.0,12.43282284649331,4.619351870338214,14.104739588693906,625,3.4029786603055254,26.085731444699025,24.033447356722494,-4.108019247489721,24.382010048109187,0,0,0,0,0,3,3,1,1
75,2017,4,5,12,42828.5,64.66339570711257,10.007979801441337,379,249,,,,12.43282284649331,,0.0,0,0.0,,0.0,0.0,0.0,0,3,0,0,0,3,3,0,0
76,2017,4,3,12,42826.5,28.79300378756845,67.72778905975034,600,261,1000.7960159130776,1004.7960159130776,4.0,8.480510508223372,13.25117203162277,797.136193065145,1996250,,,,,,3,0,0,0,0,7,7,1,1
76,2017,4,3,15,42826.625,28.307201853342473,67.89372049533105,602,261,1001.493730803167,1005.493730803167,4.0,9.09407041376558,6.333154139672114,577.433637552854,1047500,0.6977148900894099,10.19384646680615,5.414784123411378,-18.006236813347467,18.80277775440367,0,0,0,0,0,6,6,1,1
76,2017,4,3,18,42826.75,27.964529509842947,67.77388548971277,603,260,1002.3985802895891,1006.3985802895891,4.0,9.04766170965324,9.691986286235332,550.0848439590624,950625,0.9048494864220266,13.36883936739124,-3.923062052441944,-12.70114203284943,13.293209725492355,0,0,0,0,0,5,5,1,1
76,2017,4,3,21,42826.875,27.964529509842947,67.77388548971277,603,260,1001.6630443206849,1007.6630443206849,6.0,9.040735272700926,10.932132760497844,890.0526553187227,2488750,-0.7355359689041506,-10.86729048838934,0.0,0.0,0.0,0,0,0,0,0,6,6,1,1
76,2017,4,4,0,42827.0,27.720700258070007,67.85598881017235,604,260,1001.8151761831988,1005.8151761831988,4.0,8.58852480827596,7.314441442636453,396.44105022467926,493750,0.15213186251392471,2.2658787568537435,2.693881011699931,-9.037525254896648,9.430474942339446,0,0,0,0,0,5,5,1,1
76,2017,4,4,3,42827.125,27.37684882152223,67.73734638994513,605,259,1003.7669489132772,1009.7669489132772,6.0,8.075167060803947,10.343222613129328,882.6457083308272,2447500,1.951772730078519,29.406420390705662,-3.9049662296673358,-12.744845087852053,13.32966006949123,0,0,0,0,0,3,3,1,1
76,2017,4,4,6,42827.25,28.550331376795242,67.81104932131299,601,261,1004.2667100829823,1010.2667100829823,6.0,9.148662869363546,5.006963836508948,940.9034865216878,2781250,0.49976116970501605,7.244665140692919,2.3996042364755077,43.49510221741724,43.561244442684206,0,0,0,0,0,2,2,1,1
76,2017,4,4,9,42827.375,28.69325013548475,67.52407272044856,600,260,1001.0292532912625,1005.0292532912625,4.0,10.244058616282192,19.32164285010622,367.53606346758164,424375,-3.237456791719742,-46.71696895600576,-9.33061083062704,5.297280296203823,10.729467694585965,0,0,0,0,0,2,2,1,1
76,2017,4,4,12,42827.5,28.69325013548475,67.52407272044856,600,260,998.8089224717424,1002.8089224717424,4.0,11.602732191797152,24.444256513164365,330.18348840901825,342500,-2.220330819520168,-32.039694315885065,0.0,0.0,0.0,0,0,0,0,0,2,2,1,1
76,2017,4,4,15,42827.625,29.376276528129335,67.76500910751149,598,262,999.6119107610617,1003.6119107610617,4.0,11.978385161355863,22.7078970895573,303.16988576632997,288750,0.8029882893193281,11.341036874192184,7.782014952337634,25.31635654213741,26.48542363805099,0,0,0,0,0,5,5,1,1
76,2017,4,4,18,42827.75,28.550331376795242,67.81104932131299,601,261,1000.5029652592791,1006.5029652592791,6.0,12.632564837190092,10.45594968933532,557.2711034210017,975625,0.8910544982174179,12.916952842702125,1.4989674236411012,-30.613636838341225,30.650312621684304,0,0,0,0,0,5,5,1,1
76,2017,4,4,21,42827.875,27.720700258070007,67.85598881017235,604,260,999.1066342598431,1007.1066342598431,8.0,12.53404703868611,8.861057506059442,832.8965171026944,2179375,-1.3963309994360316,-20.79719985593988,1.4745035475518489,-30.75025712956519,30.785588742886137,0,0,3,0,0,5,5,1,1
76,2017,4,5,0,42828.0,27.37684882152223,67.73734638994513,605,259,999.6273369907375,1009.6273369907375,10.0,11.454334850565859,12.04568756886365,1207.9126378985156,4583750,0.5207027308944089,7.845177446788835,-3.9049662296673358,-12.744845087852053,13.32966006949123,0,0,0,0,0,4,4,1,1
76,2017,4,5,3,42828.125,27.132305970419345,67.81888912747435,606,259,1001.3181910716918,1009.3181910716918,8.0,11.601369890638894,8.988928561242064,828.585925394985,2156875,1.6908540809543047,25.68723492434708,2.689784201847765,-9.063974796612229,9.454659071914307,0,0,0,0,0,4,4,1,2
76,2017,4,5,6,42828.25,27.127341030150426,68.97794091042608,608,264,1001.8936878283388,1007.8936878283388,6.0,10.691140721967392,3.327935518903323,665.4687289070755,1391250,0.5754967566468986,8.744350480768325,38.23426459162703,-0.18402538966561974,38.23470745548586,0,0,0,0,0,5,5,1,2
76,2017,4,5,9,42828.375,27.499318579940176,69.78582609267542,608,268,999.1099290962571,1005.1099290962571,6.0,11.182068964411956,4.864589670522401,694.8642375349573,1516875,-2.783758732081624,-41.76923616485834,26.56098681309869,13.78733878743139,29.92618805202247,0,0,0,1,0,7,7,1,3
76,2017,4,5,12,42828.5,28.282116243482648,71.63424894477811,608,277,996.2810242662006,1004.2810242662006,8.0,12.003200420657064,4.259459730980743,747.2850236514096,1754375,-2.8289048300565627,-41.36486884118503,60.33259022729554,29.014376258378956,66.94666140441615,0,0,1,0,0,7,7,1,2
76,2017,4,5,15,42828.625,29.31344665237912,73.673146489435,607,287,997.150493237472,1007.150493237472,10.0,12.452400117718463,6.157031279277653,841.3332332680104,2223750,0.8694689712714171,12.303955110839555,65.8942317882226,38.22623638784863,76.17936027126828,0,0,0,0,0,6,6,1,2
76,2017,4,5,18,42828.75,29.887427378354232,73.7622027131163,605,288,997.300452719569,1009.300452719569,12.0,13.580951905205989,4.973636688774641,1030.3220226817157,3335000,0.14995948209703783,2.0849989519686876,2.861871581804536,21.27458157339775,21.466209028934184,0,0,0,0,0,5,5,1,1
76,2017,4,5,21,42828.875,29.887427378354232,73.7622027131163,605,288,995.9280607223889,1005.9280607223889,10.0,14.185054208344141,5.18724606994736,726.7705741059057,1659375,-1.3723919971800933,-19.081393425719433,0.0,0.0,0.0,0,0,0,0,0,6,6,1,1
76,2017,4,6,0,42829.0,30.421640531640676,74.56657550477715,604,292,996.8868177580855,1006.8868177580855,10.0,12.993661739406013,5.480493976785001,775.2476080909697,1888125,0.9587570356966171,13.118078392642282,25.709278158178247,19.80059746408145,32.450433638846334,0,0,0,0,0,5,5,1,1
76,2017,4,6,3,42829.125,31.240269789427824,74.60445074600491,601,293,998.7992448447163,1008.7992448447163,10.0,12.970625937806695,5.439553728391257,743.0132629031677,1734375,1.912427086630778,25.547563638093685,1.2002873169489108,30.342473422910523,30.366204620651224,0,0,0,0,0,6,6,1,1
76,2017,4,6,6,42829.25,31.87442054118757,74.92722227103815,599,295,1000.1562958403791,1008.1562958403791,8.0,11.68581928058771,3.72865709749778,718.0961047225788,1620000,1.3570509956628667,17.80467792910854,10.15950631009092,23.504782107838803,25.60645134339697,0,0,0,0,0,6,6,1,1
76,2017,4,6,9,42829.375,31.75701115617652,75.43247853760906,600,297,999.5037214748231,1001.5037214748231,2.0,8.884050780887991,8.12237099285965,173.8949084575512,95000,-0.6525743655560654,-8.59018319473289,15.923590424637633,-4.351775984561933,16.50753422626836,0,0,0,0,0,10,10,1,1
76,2017,4,6,12,42829.5,31.75701115617652,75.43247853760906,600,297,,,,8.884050780887991,,0.0,0,0.0,,0.0,0.0,0.0,0,3,0,0,0,10,10,0,0
85,2017,4,4,0,42827.0,33.62623241857221,-104.52593906105571,126,420,999.0650789867857,1003.0650789867857,4.0,7.785855901469332,10.767510966434566,368.6170542239,426875,,,,,,3,0,0,0,0,13,13,1,1
85,2017,4,4,3,42827.125,33.937343406907466,-104.3547109182142,127,419,1000.5994379392862,1004.5994379392862,4.0,7.6387435932285825,7.973318613790833,386.01659999252234,468125,1.534358952500479,19.041049463862446,5.265419691207369,11.531321175418306,12.676593098116108,0,0,0,0,0,12,12,1,1
85,2017,4,4,6,42827.25,33.4705612118931,-100.84525669693085,122,405,1001.4587162533121,1005.4587162533121,4.0,7.811652986826,4.342561146090593,442.4483924742311,615000,0.8592783140260144,10.79449407541576,108.50177589254211,-17.301270644536284,109.87251402307552,0,0,0,0,0,13,13,1,1
85,2017,4,4,9,42827.375,33.76943931509769,-100.65621926577555,123,404,1000.7363601547681,1002.7363601547681,2.0,8.167955003134766,3.976382706551085,238.11540999374174,178125,-0.722356098543969,-9.00352456310042,5.824509463177761,11.077909587166607,12.515789679763923,0,0,0,0,0,14,14,1,1
85,2017,4,4,12,42827.5,33.26975900292979,-101.7731057272605,122,409,1001.2999575429973,1007.2999575429973,6.0,8.98714404991743,6.482634779493529,611.2415471057446,1173750,0.5635973882291,7.117842191627685,-34.61205233342264,-18.520638552413523,39.25567753995253,0,0,3,0,0,13,13,1,1
85,2017,4,4,15,42827.625,34.0341952240129,-99.24611274556325,123,398,1001.5847078747306,1005.5847078747306,4.0,9.240292955084291,3.28660465696681,334.67191576366446,351875,0.28475033173337577,3.5248381514803806,77.61684715440207,28.333809842593357,82.6267495571867,0,0,0,0,0,16,16,1,1
85,2017,4,4,18,42827.75,34.69377087246399,-98.36940314443902,125,394,1000.420005766548,1008.420005766548,8.0,9.818071386310681,4.449730517885837,809.2728778497085,2057500,-1.1647021081826825,-14.17679677784833,26.717677996818228,24.447155282018972,36.214606430621515,0,0,0,0,0,13,13,1,2
85,2017,4,4,21,42827.875,35.65223343804261,-97.0183771589317,128,388,998.3380348285075,1006.3380348285075,8.0,10.537615188229077,9.365944404191177,844.8727240047169,2242500,-2.0819709380404676,-24.747313405224972,40.68971459936885,35.52539155702326,54.0157969436526,0,0,0,0,0,17,17,1,2
85,2017,4,5,0,42828.0,36.04510880398931,-95.82132136890327,129,383,1000.2381132544182,1006.2381132544182,6.0,9.394785474774828,6.787203928196468,812.9519673320775,2076250,1.900078425910615,22.371919022796202,35.87437924396583,14.56191583229906,38.717185833255606,0,0,0,0,0,14,14,1,1
85,2017,4,5,3,42828.125,37.184607886565246,-94.41804896652026,133,377,1002.2811022707679,1004.2811022707679,2.0,9.910047403957343,7.144169557301792,260.07854739300495,212500,2.0429890163497477,23.419245195175666,41.437387108758706,42.235505632857965,59.168361363690806,0,0,0,1,0,16,16,1,2
85,2017,4,5,6,42828.25,37.72224442132013,-93.94956563585568,135,375,1000.7056662598225,1008.7056662598225,8.0,13.238697163436374,7.64980331507184,859.1164348263072,2318750,-1.5754360109454137,-17.839704388107787,13.734923180800696,19.927485014501173,24.2023299247338,0,0,0,0,0,15,15,1,1
85,2017,4,5,9,42828.375,38.50443641075247,-93.48775347935448,138,373,999.4581847910295,1007.4581847910295,8.0,15.3138548397025,6.797348268741627,769.8397361389221,1861875,-1.2474814687929756,-13.882346576222403,13.395108714143605,28.991926962296812,31.93682461439895,0,0,0,0,0,18,18,1,1
85,2017,4,5,12,42828.5,39.04380436207386,-92.73871267758989,140,370,999.6985458784939,1009.6985458784939,10.0,16.763989326154505,8.592752073476003,830.5045060832008,2166875,0.24036108746440732,2.6436458218414014,21.56261738097333,19.991659927202527,29.40430130037387,0,0,0,0,0,16,16,1,1
85,2017,4,5,15,42828.625,39.323555553091886,-91.96590251986076,141,367,999.4782604792564,1011.4782604792564,12.0,17.755009714466926,10.98294340431421,701.1346735649947,1544375,-0.22028539923747303,-2.4083707037477238,22.15849750631176,10.36897105465925,24.464557475449784,0,0,0,0,0,15,15,1,1
85,2017,4,5,18,42828.75,39.09489665368802,-91.17446421446394,140,364,998.2376143285223,1010.2376143285223,12.0,17.44614317934997,8.93689258276616,662.1720835388425,1377500,-1.240646150734101,-13.630443365216212,22.76661887828851,-8.47523651527946,24.292973657812443,0,0,0,1,0,15,15,1,2
85,2017,4,5,21,42828.875,38.79454055965709,-87.27368900609373,139,349,994.9360462015093,1010.9360462015093,16.0,18.86161351669333,8.47775680839215,772.2908449780289,1873750,-3.3015681270130153,-36.50894837120373,112.67843584439026,-11.132691281005233,113.22705824800246,0,0,1,0,0,14,14,1,1
85,2017,4,6,0,42829.0,39.2040155059691,-83.05337355716088,142,333,996.171007456657,1012.171007456657,16.0,18.067930208211106,3.9963800286886544,831.4621362728556,2171875,1.2349612551476457,13.536282846885294,121.20350000357134,15.177178872649842,122.15005186919949,0,0,0,0,0,10,10,1,1
85,2017,4,6,3,42829.125,40.25029941786613,-83.45370921670597,146,335,996.0110566082674,1014.0110566082674,18.0,19.537905880539842,10.664015792486024,922.5405455501185,2673750,-0.15995084838956244,-1.7150967596426099,-11.325112949281538,38.7804876109239,40.400302011928154,0,0,0,0,0,11,11,1,1
85,2017,4,6,6,42829.25,41.599582632496954,-82.17939243177618,152,331,994.2012993039125,1014.2012993039125,20.0,21.01125491253452,9.638502518275272,977.0014182147548,2998750,-1.8097573043548618,-18.885335504611096,35.320296150851256,50.01114935786976,61.22612498173468,0,0,0,0,0,13,13,1,1
85,2017,4,6,9,42829.375,41.14289275173523,-82.5218295176737,150,332,992.7724080841551,1012.7724080841551,20.0,22.093867235654802,7.715524131443308,940.5862745713831,2779375,-1.4288912197573518,-15.04644936067249,-9.558289656786886,-16.927199263537393,19.439418100101147,0,0,0,0,0,16,16,1,1
85,2017,4,6,12,42829.5,42.18655448284793,-80.96983307854963,155,327,992.9074046727408,1014.9074046727408,22.0,22.306373949990437,6.286841893797028,1056.9147348893573,3509375,0.13499658858563635,1.3927307856673727,42.623048478012144,38.683296544270014,57.55972283716198,0,0,0,0,0,16,16,1,1
85,2017,4,6,15,42829.625,42.608783755970016,-82.30394827798344,156,332,992.4988520076548,1016.4988520076548,24.0,23.12516405563081,10.236536197891764,1152.194067449261,4170625,-0.40855266508602656,-4.181067477851033,-36.39371752240108,15.649917683998451,39.615938694119706,0,0,0,0,0,14,14,1,1
85,2017,4,6,18,42829.75,42.022708676463644,-79.88017693386988,155,323,989.9526836578334,1015.4992315199232,25.546547862089792,23.957480014950548,11.414799085311461,1167.4601251876738,4281875,-2.5461683498213823,-26.35152458244544,66.7358601351967,-21.722858491305164,70.1823169254037,0,0,0,0,0,11,8,2,0
85,2017,4,6,21,42829.875,40.22374784553875,-75.86680945113709,151,307,985.8624316093925,1013.8624316093925,28.0,26.453877314653788,15.469354702835336,1122.9888602850901,3961875,-4.090252048440889,-43.88236176035947,113.56926726567168,-66.67843921037566,131.69659343655525,0,0,1,0,0,10,10,1,1
85,2017,4,7,0,42830.0,40.22374784553875,-75.86680945113709,151,307,,,,26.453877314653788,,0.0,0,0.0,,0.0,0.0,0.0,0,3,0,0,0,10,10,0,0
92,2017,4,4,3,42827.125,37.43295933171455,155.30447370996046,454,565,1010.0237375448124,1012.0237375448124,2.0,7.798774062041459,9.794362767667408,125.36566766991936,49375,,,,,,3,0,0,0,0,22,22,1,1
92,2017,4,4,6,42827.25,37.308682809611675,155.63971917180103,453,566,1009.5882625886691,1011.5882625886691,2.0,8.630459850755535,11.23872295722882,111.06083058226194,38750,-0.4354749561434437,-4.977750347542782,9.883299555847934,-4.606306252956531,10.904020699111426,0,0,0,0,0,21,21,1,1
92,2017,4,4,9,42827.375,37.18239408548823,155.97349342132082,452,567,1011.0932852538785,1015.0932852538785,4.0,8.629029845106627,10.259986746659123,250.73133533983872,197500,1.5050226652095444,17.25329399211516,9.856430787814823,-4.6808884716471315,10.911459332233381,0,0,0,0,0,24,24,1,1
92,2017,4,4,12,42827.5,37.05410245897087,156.30578361782878,451,568,1012.0013464045581,1016.0013464045581,4.0,8.998467001394054,8.698590470151903,232.6213245840639,170000,0.9080611506795685,10.440685563600358,9.829248472448306,-4.755125999903064,10.91903607504259,0,0,0,0,0,21,21,1,1
92,2017,4,4,15,42827.625,36.791547862248414,156.96586305171263,449,570,1011.7618577121989,1015.7618577121989,4.0,8.906637661428109,8.023065045406183,247.13500240053986,191875,-0.23948869235930034,-2.7704310865829673,19.592678940512755,-9.73157970758178,21.87639622220784,0,0,0,0,0,25,25,1,1
92,2017,4,4,18,42827.75,36.75411234561034,157.5245536156637,447,571,1012.0423299570783,1016.0423299570783,4.0,9.09874554367942,6.942700312990638,231.33492951703124,168125,0.2804722448794928,3.2473710131988747,16.59133258202425,-1.387546508824027,16.64925230037341,0,0,0,0,0,24,24,1,1
92,2017,4,4,21,42827.875,36.711193699722465,158.08246627152934,445,572,1013.5005158449163,1017.5005158449163,4.0,9.139092761110689,7.739044216432885,232.6213245840639,170000,1.4581858878380445,16.900160868058425,16.577495615784994,-1.5907785603951128,16.653646367074792,0,0,0,0,0,30,30,1,1
92,2017,4,5,0,42828.0,36.19252368621821,158.82009528323985,443,575,1014.3604397181848,1018.3604397181848,4.0,9.109093508054707,6.014781967810922,268.3609728501569,226250,0.8599238732684171,10.089286487065763,22.06451103930443,-19.22449136811263,29.264717934164754,0,0,0,0,0,27,27,1,1
92,2017,4,5,3,42828.125,36.0756614121291,159.9217705225852,439,577,1014.2562419822699,1018.2562419822699,4.0,8.695446423221394,4.258986248572037,313.17604263477836,308125,-0.1041977359149314,-1.2259477207622178,33.00314880921113,-4.3314973316183165,33.286178820296435,0,0,0,0,0,29,29,1,1
92,2017,4,5,6,42828.25,35.93717672851275,161.01865022598736,435,579,1014.2387172238721,1018.2387172238721,4.0,8.565535633334251,4.971728314464344,307.7290872499344,297500,-0.017524758397776168,-0.20687601951877913,32.91725817076179,-5.1329314120383875,33.31505471046497,0,0,0,0,0,24,24,1,1
92,2017,4,5,9,42828.375,35.777180409146965,162.10996743262953,431,581,1015.5569441937336,1019.5569441937336,4.0,8.573800463817507,5.016446008182684,314.76015007415543,311250,1.3182269698614255,15.621628180017034,32.816495623708406,-5.930259665092669,33.34801890242204,0,0,0,0,0,25,25,1,1
92,2017,4,5,12,42828.5,37.231112457460156,164.27997211490614,421,578,1016.1218008611643,1020.1218008611643,4.0,7.703734597614232,5.981972372740128,348.93198687609583,382500,0.5648566674307222,6.468161481638316,64.03801691753411,53.88995581945277,83.69584785969347,0,0,0,0,0,22,22,1,1
92,2017,4,5,15,42828.625,37.298705075141015,164.52323528648282,420,578,1015.0695495533414,1019.0695495533414,4.0,8.307941193283634,4.761649257639656,342.8931527591907,369375,-1.0522513078228803,-12.03063820779321,7.172542756610291,2.5053187215789516,7.597499028765766,0,0,0,0,0,22,22,1,1
92,2017,4,5,18,42828.75,37.298705075141015,164.52323528648282,420,578,1015.4378140713155,1019.4378140713155,4.0,8.379197905027116,6.33759613292852,326.24357187951614,334375,0.36826451797416665,4.210455380360823,0.0,0.0,0.0,0,0,0,0,0,25,25,1,1
92,2017,4,5,21,42828.875,36.27672694450324,165.57235687497842,417,583,1016.967928702376,1020.967928702376,4.0,8.574734975913556,3.2223456406682818,324.1022407214287,330000,1.5301146310604237,17.916511920136244,31.348252979630857,-37.87959442287024,49.168858421932846,0,0,0,0,0,23,23,1,1
92,2017,4,6,0,42829.0,36.33254708460729,166.8377432392477,412,584,1018.0104036257943,1022.0104036257943,4.0,7.729960722670306,2.8748295285750647,364.81957343404355,418125,1.0424749234183401,12.190435355756495,37.783208729638126,2.0689721280530105,37.8398137888397,0,0,0,0,0,21,21,1,1
92,2017,4,6,3,42829.125,36.33254708460729,166.8377432392477,412,584,,,,7.729960722670306,,0.0,0,0.0,,0.0,0.0,0.0,0,3,0,0,0,21,21,0,0
93,2017,4,2,12,42825.5,31.27848959493852,147.23039488915663,495,570,1005.3944329448096,1007.3944329448096,2.0,8.374929441251345,4.8026160758367045,242.25685803530186,184375,,,,,,3,0,0,0,0,23,23,1,1
93,2017,4,2,15,42825.625,32.01800479917388,148.71859860300842,488,571,1004.375052813909,1008.375052813909,4.0,9.25259335542803,5.208076875261904,470.3460118867115,695000,-1.0193801309006814,-13.320752142715092,46.76897429295377,27.41011296249573,54.20932806290581,0,0,0,0,0,21,21,1,1
93,2017,4,2,18,42825.75,32.45427597376792,149.83585351293266,483,572,1003.4764206797196,1009.4764206797196,6.0,10.363004973631739,6.267137557515598,552.0703904584809,957500,-0.8986321341893927,-11.60193808656901,34.943290844770495,16.170380418706642,38.50343852109721,0,0,0,0,0,20,20,1,1
93,2017,4,2,21,42825.875,33.213826630884775,151.05998730716064,477,572,1003.2025108403898,1011.2025108403898,8.0,12.07163763602427,9.228966739021198,585.4741315243309,1076875,-0.27390983932986274,-3.464446548250562,37.9598665590644,28.152726533644895,47.26021033025741,0,0,0,0,0,23,23,1,1
93,2017,4,3,0,42826.0,33.71531138929212,152.42426461098492,471,573,1001.6512466031783,1013.6512466031783,12.0,14.529689385647734,12.782035718676198,762.8304272115411,1828125,-1.5512642372114351,-19.36248965616203,42.0615395962149,18.58752030815632,45.985530598331444,0,0,0,0,0,25,25,1,1
93,2017,4,3,3,42826.125,34.408790118905394,153.7039411166185,465,573,998.3793677543978,1012.3793677543978,14.0,17.08439144777194,19.867799334302834,741.8073980085586,1728750,-3.2718788487804704,-40.114137372245814,39.13173422383613,25.703772156303177,46.818548956883475,0,0,0,0,0,24,24,1,1
93,2017,4,3,6,42826.25,34.73133994451056,154.89543133476565,460,574,995.6448024679511,1013.6448024679511,18.0,19.52221119814459,30.931410577059943,848.631909305104,2262500,-2.734565286446741,-33.25373893996142,36.294012710052115,11.955301399127505,38.212361745139546,0,0,0,0,0,21,21,1,1
93,2017,4,3,9,42826.375,34.79470866012433,156.19731432992185,455,576,996.2217572083531,1014.2217572083531,18.0,19.853606187390724,28.86974406962086,814.4189495189032,2083750,0.5769547404019977,7.0048990430569775,39.62621410535981,2.3487598947442176,39.695761957254014,0,0,0,0,0,21,21,1,1
93,2017,4,3,12,42826.5,35.254764461057896,157.85876187986565,448,577,994.0529945952693,1016.0529945952693,22.0,22.579263349005338,32.73957295154163,947.6453800847759,2821250,-2.168762613083818,-26.031336152714243,50.28647970821556,17.051957012403744,53.09895742288769,0,0,0,0,0,23,23,1,1
93,2017,4,3,15,42826.625,35.513387382900504,159.8598617695681,440,579,993.8565674304184,1013.8565674304184,20.0,21.94279794798611,18.201780373262153,824.0113931043662,2133125,-0.19642716485090206,-2.342749767242442,60.37243202537338,9.585852274296862,61.12870939651001,0,0,0,0,0,20,20,1,1
93,2017,4,3,18,42826.75,36.25812894677663,161.95748188641886,431,579,995.6493623332199,1015.6493623332199,20.0,20.166569247646404,10.818030171204228,970.6684619910242,2960000,1.7927949028015429,21.001593126479474,62.69189936542639,27.603827854786484,68.49996757868894,0,0,0,0,0,16,16,1,1
93,2017,4,3,21,42826.875,36.53865618683462,163.69490437934346,424,580,998.4188511983474,1016.4188511983474,18.0,18.170487137932255,6.8507139557119805,951.102995368304,2841875,2.769488865127496,32.228266427318715,51.739831944206834,10.397735293349688,52.77426559266681,0,0,0,0,0,19,19,1,1
93,2017,4,4,0,42827.0,37.133706581801235,165.87208336308032,415,580,1000.189820884254,1016.189820884254,16.0,16.304221529225025,6.869990366347775,932.8342035726058,2733750,1.7709696859066026,20.324835921966436,64.33264064155166,22.05552833937606,68.00834494563182,0,0,0,0,0,20,20,1,1
93,2017,4,4,3,42827.125,37.48294899079386,167.34744349944202,409,580,1000.0019427963077,1012.0019427963077,12.0,15.019203414660158,5.170745702527711,665.7676144954247,1392500,-0.1878780879463011,-2.1390360749666852,43.393343706998074,12.944661349701517,45.28296076375887,0,0,0,0,0,23,23,1,2
93,2017,4,4,6,42827.25,37.694380414707744,168.34070734647702,405,580,1001.1340426692785,1013.1340426692785,12.0,14.001766160430561,6.056841385696025,737.0991703834414,1706875,1.1320998729708662,12.827582401672885,29.131203505577336,7.836700557486353,30.1668840504131,0,0,0,0,0,22,22,1,2
93,2017,4,4,9,42827.375,37.9790793367515,169.84385456164293,399,580,1003.2230020025186,1013.2230020025186,10.0,12.877185667203545,5.1011978413342876,689.1143311892757,1491875,2.0889593332400547,23.518611043441155,43.91536619425857,10.552358584146454,45.165381208003076,0,0,0,0,0,25,25,1,2
93,2017,4,4,12,42827.5,38.54500413247068,171.83335697508824,391,579,1002.7977930379991,1014.7977930379991,12.0,13.486209077773758,5.9618161675189185,828.3457903586726,2155625,-0.425208964519552,-4.727646065465641,57.672997457329465,20.975988715443854,61.369102472690265,0,0,0,0,0,23,23,1,2
93,2017,4,4,15,42827.625,38.98594367453335,173.34341911324816,385,578,1002.1340519437986,1012.1340519437986,10.0,13.1892180718675,4.886220496381356,719.0651023167478,1624375,-0.6637410942005226,-7.309356209482212,43.50532453192106,16.343413344781474,46.47386816681127,0,0,0,0,0,27,27,1,2
93,2017,4,4,18,42827.75,39.36458698863416,174.61561479027353,380,577,1002.7840233204464,1012.7840233204464,10.0,12.888817991619133,4.106899402595591,737.0991703834414,1706875,0.6499713766478817,7.09990384361709,36.455593661138835,14.034405178630477,39.063727905872426,0,0,0,0,0,26,26,1,2
93,2017,4,4,21,42827.875,39.715464533818235,175.90497967842023,375,576,1003.146071552395,1013.146071552395,10.0,13.308997578099346,5.7337233302591635,729.911756310391,1673750,0.36204823194857455,3.925571300906303,36.76126119101742,13.00526763265552,38.99393940795416,0,0,0,0,0,32,32,1,2
93,2017,4,5,0,42828.0,39.78997968196539,177.2233964760977,370,576,1002.7344731505086,1010.7344731505086,8.0,13.663635567589324,6.028970148673397,594.2432414299238,1109375,-0.4115984018864401,-4.4558551861863,37.54890795857498,2.7619021440438494,37.65034651015591,0,0,0,0,0,28,28,1,2
93,2017,4,5,3,42828.125,39.84964903542709,179.33841532230588,362,576,1002.6518664232764,1010.0456040415095,7.393737618233136,12.751607259602153,4.9453795095786335,632.515405501915,1256875,-0.08260672723219614,-0.8931622015999423,60.183235004602224,2.211643127033982,60.22385856901346,0,0,0,0,0,28,27,2,0
93,2017,4,5,6,42828.25,40.33001575086053,-174.24955355602728,338,573,1003.1241314648975,1009.1241314648975,6.0,10.842108831021724,6.745022350993167,520.5394227279542,851250,1.0785274233880044,11.5457068848381,37.614216332965064,-4.073674572783777,37.83416570862956,0,0,0,0,2,23,23,1,1
93,2017,4,5,9,42828.375,40.25029941786613,-173.453709216706,335,573,1004.2614295110739,1008.2614295110739,4.0,10.666493820121074,6.2908844839061935,403.15875983611977,510625,1.1372980461762927,12.194847438346663,22.513618817360644,-2.9546839332286665,22.706677198539968,0,0,0,0,0,24,24,1,1
93,2017,4,5,12,42828.5,40.30574445680462,-171.83215339602523,329,572,1004.2167703356353,1006.2167703356353,2.0,9.751779923190991,6.7533372606868936,189.234939151512,112500,-0.04465917543857358,-0.4783181187300683,45.834061002493186,2.0550690125232993,45.88010959693209,0,0,0,0,0,21,21,1,1
93,2017,4,5,15,42828.625,40.194899054449714,-171.04121963411222,326,572,1003.7350230787188,1005.7350230787188,2.0,9.546302765039602,7.923909688208079,202.93186424272537,129375,-0.4817472569164238,-5.171515714390415,22.393009426362138,-4.108482127913257,22.766784941324637,0,0,0,0,0,21,21,1,1
93,2017,4,5,18,42828.75,39.75213900100204,-168.43104677919595,316,572,1005.3927100263695,1007.3927100263695,2.0,8.101818373080041,6.341019864757763,208.25398433773478,136250,1.6576869476506544,17.95992508510187,74.3774265566008,-16.410890554751802,76.16638963468458,0,0,0,0,0,24,24,1,1
93,2017,4,5,21,42828.875,39.75213900100204,-168.43104677919595,316,572,,,,8.101818373080041,,0.0,0,0.0,,0.0,0.0,0.0,0,3,0,0,0,24,24,0,0
111,2017,4,4,21,42827.875,51.3608788098539,-42.604084549678255,245,235,995.8759563393468,997.8759563393468,2.0,16.023115314810532,10.868631950513082,188.18069730433754,111250,0.4442763024197484,3.9406720506417994,6.958493393090581,43.48836577517828,44.04155524158273,2,0,0,2,0,2,2,1,2
111,2017,4,5,0,42828.0,56.279292088370276,-40.077581812864004,264,246,994.8207650720828,1000.8207650720828,6.0,19.922140245455804,10.539612647004688,266.12769430462026,222500,-1.1978423068867414,-9.977589019283931,14.51610702524222,48.14254443845191,50.28341623414825,0,0,0,0,2,2,2,1,1
111,2017,4,5,3,42828.125,57.74826651747422,-39.57318750142718,269,250,994.9187188690361,1002.9187188690361,8.0,20.491971111581194,10.03114946070382,335.26583267409023,353125,0.09795379695322481,0.8024529293713191,9.976572302133881,54.447501295648465,55.35397359033357,0,0,0,0,0,2,2,1,1
111,2017,4,5,6,42828.25,58.84549681065296,-38.496944055118306,274,252,994.2284813013482,1004.2284813013482,10.0,21.54799051343134,11.72473949539417,369.1563625652894,428125,-0.6902375676878728,-5.588039201668498,20.637259437326474,40.668813987399346,45.605360520723984,0,0,0,0,0,3,3,1,1
111,2017,4,5,9,42828.375,59.643387222988665,-38.025070484003855,277,254,994.1007822085795,1006.1007822085795,12.0,22.33276995622492,16.11882149711615,397.94367487929225,497500,-0.12769909276874386,-1.0252969483609622,8.839077100085897,29.573788623354975,30.866458454447653,0,0,0,0,0,4,4,1,1
111,2017,4,5,12,42828.5,60.71781664200055,-36.82558537353973,282,256,993.6935577995732,1007.6935577995732,14.0,23.291978260608033,15.868978382104103,432.2130429014286,586875,-0.4072244090063032,-3.2346528524483107,21.74503935435504,39.823700143927574,45.373712980930996,0,0,0,0,0,5,5,1,1
111,2017,4,5,15,42828.625,61.64029551815498,-35.90972307917768,286,258,993.1542998489954,1009.1542998489954,16.0,23.838832017406624,12.538183522205873,466.52372359631073,683750,-0.5392579505777394,-4.245638021597276,16.124598298858714,34.19165698838224,37.80306968899147,0,0,0,0,0,3,3,1,1
111,2017,4,5,18,42828.75,62.68445775351564,-34.545164922246514,291,260,994.4188928504431,1010.4188928504431,16.0,22.47121366839805,6.798774332421891,500.2710745306043,786250,1.2645930014476472,9.860921173675772,23.209020621683575,38.70184772198227,45.12750442150815,0,0,0,0,0,3,3,1,1
111,2017,4,5,21,42828.875,63.6399682329324,-32.39585271623817,297,261,996.7265531992557,1010.7265531992557,14.0,20.441028658458258,8.413202542850195,503.44239677826437,796250,2.307660348812642,17.843250571328795,35.370057623269105,35.41597255561794,50.05329248244974,0,0,0,0,0,4,4,1,1
111,2017,4,6,0,42829.0,64.6900364689131,-28.50847369408608,306,261,998.4345726137866,1010.4345726137866,12.0,19.08113609487326,9.773049878891616,492.65737405943736,762500,1.7080194145308634,13.09004206320746,61.589113645046766,38.92075349055199,72.85632417199484,0,0,0,0,0,4,4,1,1
111,2017,4,6,3,42829.125,65.21798689984605,-26.21497948740458,311,261,999.8471789698897,1009.8471789698897,10.0,16.86582765040212,7.973672322323473,486.5624089972368,743750,1.4126063561030606,10.779519428835416,35.630722916981966,19.56846981318419,40.650626396357595,0,0,0,0,0,3,3,1,1
111,2017,4,6,6,42829.25,65.41737315254544,-25.271116011725077,313,261,1000.8651558250692,1006.8651558250692,6.0,14.6260081766522,10.11416519152146,341.7307997440064,366875,1.017976855179586,7.755710351428658,14.553500571343347,7.390246580947179,16.32238105814506,0,0,0,0,0,4,4,1,1
111,2017,4,6,9,42829.375,65.20962451246942,-25.04840930523677,313,260,1003.0772323789101,1005.0772323789101,2.0,11.944234279393712,8.569324549834782,126.15662610100802,50000,2.212076553840889,16.88136911822011,3.4611563998500916,-7.70019826458663,8.442313482580838,0,0,0,3,0,5,5,1,1
111,2017,4,6,12,42829.5,65.41737315254544,-25.271116011725077,313,261,1004.5405076371841,1006.5405076371841,2.0,9.421465205714572,11.2531950620289,115.45226928885475,41875,1.4632752582739341,11.14832720394464,-3.43396146078259,7.70019826458663,8.431200663492897,0,0,0,3,0,9,9,1,1
111,2017,4,6,15,42829.625,65.01178466913203,-25.98632561147023,311,260,1004.9344345795365,1004.9344345795365,0.0,8.214935639019414,7.897351092236205,14.104739588693906,625,0.3939269423524092,3.0110568133206117,-11.198281583012994,-15.03312722034385,18.745570795136945,0,0,0,0,0,6,6,1,1
111,2017,4,6,18,42829.75,65.01178466913203,-25.98632561147023,311,260,,,,8.214935639019414,,0.0,0,0.0,,0.0,0.0,0.0,0,3,0,0,0,6,6,0,0
120,2017,4,4,21,42827.875,41.070393945336534,-70.53743439063634,160,289,1001.120395014046,1001.120395014046,0.0,11.345681515870723,3.6572740549279117,14.104739588693906,625,,,,,,3,0,0,0,0,9,9,1,1
120,2017,4,5,0,42828.0,41.830897029365346,-69.65300384819113,164,287,1002.1686157802387,1002.1686157802387,0.0,11.83745855800172,8.72445449202547,14.104739588693906,625,1.0482207661926806,10.88905711225484,24.425850206897707,28.188028213848156,37.298620522943,0,0,3,0,0,7,7,1,1
120,2017,4,5,3,42828.125,42.0286378474176,-68.68522155265507,166,284,1002.9516554516375,1004.9516554516375,2.0,12.109935321749045,8.844812275560326,151.2564810824976,71875,0.7830396713987284,8.103124807793975,26.64507732301756,7.329258585984867,27.634727734678652,0,0,0,3,0,9,9,1,2
120,2017,4,5,6,42828.25,42.48683680640072,-68.48287035254984,168,284,1003.469208304127,1005.469208304127,2.0,11.31826882871989,7.711904924341797,173.8949084575512,95000,0.5175528524896071,5.308855320711827,5.530847574860542,16.983133210914033,17.861049480811367,0,0,0,0,0,9,9,1,2
120,2017,4,5,9,42828.375,42.53224059430597,-67.86232117661605,169,282,1004.0679817815824,1008.0679817815824,4.0,11.426931037284087,7.515007704897143,345.2061176167894,374375,0.5987734774552519,6.136677280864671,16.949066217251758,1.6828902885031156,17.032409264690738,0,0,0,0,0,8,8,1,2
120,2017,4,5,12,42828.5,42.57169660252199,-67.24072953747975,170,280,1004.6405037024617,1010.6405037024617,6.0,12.250544071247777,8.764908181485298,403.40541557032054,511250,0.5725219208793715,5.863231800151991,16.966809544542887,1.4624359797557487,17.02971946673449,0,0,0,0,0,8,8,1,2
120,2017,4,5,15,42828.625,42.70219625502208,-66.87481851666803,171,279,1006.5602310476603,1012.5602310476603,6.0,10.499752954921673,9.967297464201765,458.5667547480592,660625,1.9197273451986256,19.61147105451857,9.966906375733274,4.83696642896272,11.078604015738849,0,0,0,0,0,5,5,1,2
120,2017,4,5,18,42828.75,42.73216547114214,-66.25050550713324,172,277,1007.068658952922,1013.068658952922,6.0,9.284575813083828,10.290948456773258,513.6139777837209,828750,0.508427905261633,5.191035193277621,16.997180163586428,1.1108082626881355,17.033438540408458,0,0,0,0,0,4,4,1,2
120,2017,4,5,21,42828.875,42.507145010125036,-66.36265012809602,171,277,1008.7039827401793,1012.7039827401793,4.0,7.610955173204631,9.57994875116994,455.3013434827462,651250,1.6353237872573663,16.76802569086481,-3.064244286026353,-8.340377885440263,8.885465452996042,0,0,0,0,0,5,5,1,3
120,2017,4,6,0,42829.0,38.002573448287386,-52.43920862184086,182,223,1009.0821220243773,1015.0821220243773,6.0,9.90357858229595,12.376928732317246,514.3880761548386,831250,-0.04639161733779474,-0.5220272663934832,82.73902892270385,-17.26566714884784,84.52130009155579,0,0,0,0,2,1,1,1,2
120,2017,4,6,3,42829.125,38.01040646364866,-50.80062414371698,186,218,1008.7876101784254,1012.7876101784254,4.0,10.157389151707374,16.500847297023792,168.66815371514653,89375,-0.294511845951929,-3.313450334936014,47.8517083264866,0.29033052283430216,47.852589079125444,0,0,0,2,0,0,0,1,1
120,2017,4,6,6,42829.25,37.945529142618824,-49.523472158901676,189,214,1008.0234394313462,1012.0234394313462,4.0,10.104815680182233,14.136408634424367,165.09174420450913,85625,-0.764170747079188,-8.609898498064725,37.329941364688025,-2.4046763176025987,37.40731199222265,0,0,0,0,0,0,0,1,1
120,2017,4,6,9,42829.375,38.01935948911063,-48.440856922229706,192,211,1008.3261715018057,1014.3261715018057,6.0,10.55465637743231,16.246831080552294,333.18249174678584,348750,0.3027320704594604,3.4052524559838764,31.61206443334616,2.736519987432779,31.73028772922881,0,0,0,0,0,0,0,1,1
120,2017,4,6,12,42829.5,37.71890019654684,-47.340976782972795,194,207,1008.9844176158979,1014.9844176158979,6.0,11.08639334091908,15.374375740890828,241.0218957450584,182500,0.6582461140921805,7.454318802946698,32.24742306928104,-11.13651633210218,34.11624672534155,0,0,0,0,0,2,2,1,1
120,2017,4,6,15,42829.625,37.38855161777174,-46.61101910794161,195,204,1009.2995004506479,1015.2995004506479,6.0,10.728921851659559,13.283298909623118,261.60394784772456,215000,0.31508283475006466,3.5950205204944763,21.496802928670256,-12.244361994677272,24.73938028348292,0,0,0,0,0,3,3,1,1
120,2017,4,6,18,42829.75,37.04857744430036,-45.889614521414366,196,201,1009.1806072408851,1015.1806072408851,6.0,10.491611857013075,10.56218974858646,276.03519522924046,239375,-0.11889320976275485,-1.3671823537932366,21.34088771587907,-12.601134426731306,24.78350413767817,0,0,0,0,0,2,2,1,1
120,2017,4,6,21,42829.875,37.05520750935044,-45.17793663141038,198,199,1010.7409416764957,1016.7409416764957,6.0,9.419787816236875,9.588443329551882,355.9875326987192,398125,1.5603344356105664,17.939920762410114,21.051310721899004,0.24574319896407182,21.05274501887526,0,0,0,0,0,2,2,1,1
120,2017,4,7,0,42830.0,36.51999650472659,-44.64741503834349,198,196,1012.0843861069512,1018.0843861069512,6.0,9.358096873026305,7.2780378510542505,414.1128483656565,538750,1.3434444304555655,15.640404003114718,15.802753243580577,-19.83758279950326,25.362505818720752,0,0,0,0,0,3,3,1,1
120,2017,4,7,3,42830.125,35.802192937223474,-44.30342909857783,197,193,1012.2803062819851,1016.2803062819851,4.0,8.490815265137305,5.42553743671473,298.20768677650904,279375,0.19592017503382522,2.3203435376568518,10.34063539956483,-26.605371677903648,28.544255859737014,0,0,0,0,0,3,3,1,1
120,2017,4,7,6,42830.25,35.438638480683096,-43.961519542179886,197,191,1012.2241119561896,1016.2241119561896,4.0,7.733128153847297,4.524624596083522,355.428243221036,396875,-0.056194325795513575,-0.6714471732585507,10.325049912737253,-13.475137042103277,16.976041175844838,0,0,0,0,0,3,3,1,1
120,2017,4,7,9,42830.375,35.438638480683096,-43.961519542179886,197,191,,,,7.733128153847297,,0.0,0,0.0,,0.0,0.0,0.0,0,3,0,0,0,3,3,0,0
127,2017,4,1,18,42824.75,52.063026170919926,-115.10020244085621,209,430,1004.6477394001363,1006.6477394001363,2.0,9.502748310489773,19.47969341979595,152.56608544230824,73125,,,,,,3,0,0,0,0,13,13,1,1
127,2017,4,1,21,42824.875,51.951664149792464,-112.02484593396929,205,422,1002.5889631721803,1004.5889631721803,2.0,10.246458275596133,6.161119286651447,196.9619693713725,121875,-2.0587762279559683,-18.112738430430372,70.2485504542927,-4.127630590085715,70.36971063758553,0,0,0,0,0,15,15,1,1
127,2017,4,2,0,42825.0,50.74835371239396,-108.85700954601914,197,415,1000.5567448053512,1004.5567448053512,4.0,12.242458116350761,7.218643377893094,244.30125595145995,187500,-2.0322183668291838,-18.181929422355843,74.2865262287305,-44.600671939053065,86.64703062740753,0,0,0,0,0,16,16,1,1
127,2017,4,2,3,42825.125,50.731684070810815,-106.74716374847972,195,409,1000.153900915258,1002.153900915258,2.0,12.769708134486073,7.75783567655395,126.94265629824517,50625,-0.40284389009320876,-3.605036354085322,49.49611181335642,-0.6178598576763374,49.499968034777645,0,0,0,0,0,14,14,1,1
127,2017,4,2,6,42825.25,51.239975770420926,-104.15910771029307,195,401,1000.5399174734154,1002.5399174734154,2.0,12.851900735801925,4.7596310208930666,177.29382747475822,98750,0.3860165581574256,3.429708947810898,60.05246444737288,18.839819417395017,62.93836097232782,0,0,0,0,0,13,13,1,1
127,2017,4,2,9,42825.375,51.514571741039575,-102.51036684093951,195,396,999.7544459368041,999.7544459368041,0.0,13.311438789883496,4.931392303790126,14.104739588693906,625,-0.7854715366112941,-6.952145713378551,38.02923714673408,10.177892936610645,39.36765655448198,0,0,0,0,0,12,12,1,1
127,2017,4,2,12,42825.5,52.96551470557601,-100.82555940408014,200,390,997.8244575033773,999.8244575033773,2.0,14.496834596350647,4.697124040202907,168.66815371514653,89375,-1.9299884334267698,-16.75034692363785,37.6108983610236,53.779165502355774,65.6260490784949,0,0,0,0,0,12,12,1,1
127,2017,4,2,15,42825.625,53.440773079778765,-98.78690350682386,201,384,996.63087954334,1000.63087954334,4.0,16.037429513169702,4.741864535113272,251.12774876576967,198125,-1.1935779600373644,-10.294973628219527,45.007667160660866,17.615440018895764,48.33212006837839,0,0,0,0,0,12,12,1,1
127,2017,4,2,18,42825.75,54.042359490077764,-97.46270858511038,203,380,995.3836670423826,1001.3836670423826,6.0,16.396218966997974,5.5493281088930235,380.5666803775979,455000,-1.2472125009573938,-10.675060198064555,28.819451867570088,22.29778558785367,36.43833212523707,0,0,0,0,0,10,10,1,1
127,2017,4,2,21,42825.875,54.412011669758236,-95.69235188389338,204,375,994.4104761743672,1002.4104761743672,8.0,16.85491053746004,7.057804333500753,446.4768372744536,626250,-0.9731908680153719,-8.291041852940898,38.18568686619932,13.701149001190338,40.569300775293705,0,0,0,0,0,13,13,1,1
127,2017,4,3,0,42826.0,54.96359167855211,-94.28451361877062,206,371,993.7070658796468,1003.7070658796468,10.0,17.617817591818657,9.771842913343061,501.6609948601341,790625,-0.7034102947203792,-5.951935094011101,29.95672412166154,20.444299538813596,36.268094845663896,0,0,0,0,0,14,14,1,1
127,2017,4,3,3,42826.125,55.4793697817304,-93.2112480181116,208,368,993.7901794408026,1003.7901794408026,10.0,18.50010948343505,9.625483640902239,436.56390637860187,598750,0.08311356115576927,0.698885948774855,22.54353837306211,19.117302782593022,29.558118818000963,0,0,0,0,0,15,15,1,1
127,2017,4,3,6,42826.25,55.73744243512341,-92.47303164808766,209,366,993.7253479295848,1005.7253479295848,12.0,19.025939483705713,8.261638787057528,537.0924821239452,906250,-0.06483151121778065,-0.5434775048848567,15.404336372022202,9.565456587667397,18.13260981747955,0,0,0,0,0,11,11,1,1
127,2017,4,3,9,42826.375,55.74680201820544,-92.09293430528814,209,365,994.0008456965468,1006.0008456965468,12.0,19.068973459270033,7.043165569530391,512.8387109602365,826250,0.2754977669619257,2.3092193724905443,7.929603976991742,0.3469127180765898,7.937188901990839,0,0,0,0,0,10,10,1,1
127,2017,4,3,12,42826.5,56.230293960819324,-91.350155611466,211,363,994.8164881073685,1006.8164881073685,12.0,19.188215873513993,4.288437343455371,523.3979803141439,860625,0.815642410821747,6.797886029084512,15.303243417351764,17.9206170307288,23.565605739143802,0,0,0,0,0,12,12,1,1
127,2017,4,3,15,42826.625,56.00506959548358,-90.19162396617428,210,360,995.3386214555304,1007.3386214555304,12.0,19.22486382505727,3.3359558901518898,542.803452825119,925625,0.5221333481618785,4.363167849519973,24.008841745901314,-8.34793559402485,25.418743294303923,0,0,0,0,0,11,11,1,1
127,2017,4,3,18,42826.75,56.23819267952351,-89.42127443439225,211,358,996.7371803662327,1004.7371803662327,8.0,17.628211456156926,2.787456799779393,431.98283620445767,586250,1.3985589107022678,11.655068103977774,15.867998904611625,8.640701409657293,18.068068797954286,0,0,0,0,0,8,8,1,1
127,2017,4,3,21,42826.875,56.216080335136446,-87.87890360333854,211,354,997.9686479584894,1003.9686479584894,6.0,16.237356270026172,3.745951666456749,389.86275874050864,477500,1.231467592256813,10.265240471413545,31.78827577164053,-0.8195935040195097,31.79883975942675,0,0,0,0,0,11,11,1,1
127,2017,4,4,0,42827.0,56.182935514798416,-86.72401818676586,211,351,998.6500523862392,1002.6500523862392,4.0,15.762016882214667,4.285418638743722,270.5758189903005,230000,0.6814044277496578,5.6822361759966205,23.8229934177361,-1.2285119553782293,23.85464854081914,0,0,0,0,0,9,9,1,1
127,2017,4,4,3,42827.125,56.4028540767133,-86.31485334484422,212,350,999.1640443749305,1005.1640443749305,6.0,15.849922987110718,4.512811554400542,398.19356104198965,498125,0.513991988691414,4.275221876344842,8.391920228821514,8.15127611996753,11.699043871652787,0,0,0,0,0,9,9,1,1
127,2017,4,4,6,42827.25,56.36954831304827,-85.5418900219016,212,348,998.9836524623933,1002.9836524623933,4.0,16.08482110513143,5.059323096910157,263.498280684788,218125,-0.18039191253730677,-1.5010224544254043,15.867191243565221,-1.2344773158579163,15.915140345068924,0,0,0,0,0,9,9,1,1
127,2017,4,4,9,42827.375,56.58416381867143,-85.12309371335625,213,347,999.0023792356287,1003.0023792356287,4.0,16.072894213460295,5.377276981849791,265.379091712523,221250,0.01872677323553944,0.15543735712213722,8.54850180514481,7.954718468184155,11.677089920893568,0,0,0,0,0,9,9,1,1
127,2017,4,4,12,42827.5,56.81763519368797,-85.08973877841743,214,347,999.6052656396464,1003.6052656396464,4.0,15.795733683632948,5.36494781682326,254.27680907051368,203125,0.6028864040176267,4.990746550213011,0.6766338827389314,8.65361080618944,8.68002381311647,0,0,0,0,0,9,9,1,1
127,2017,4,4,15,42827.625,57.02996794946494,-84.66260001155732,215,346,1000.2158078496067,1004.2158078496067,4.0,15.30108890667571,4.587274899059339,266.8741970172897,223750,0.6105422099602583,5.041937759947439,8.615704173149515,7.870108400952573,11.66914584029055,0,0,0,0,0,12,12,1,1
127,2017,4,4,18,42827.75,57.28409306087774,-85.02164466069118,216,347,1000.9493069165732,1004.9493069165732,4.0,14.141588909808537,4.464916385766628,276.3953195770684,240000,0.7334990669664694,6.040013780129025,-7.1926084967109665,9.419141040695258,11.851322075256775,0,0,0,0,0,9,9,1,1
127,2017,4,4,21,42827.875,57.262984859360316,-84.62562262767563,216,346,1001.6455426092173,1005.6455426092173,4.0,13.266508682400694,3.921391678874061,279.9710868514077,246250,0.6962356926441134,5.734525236100842,7.9379100219196115,-0.7823749731092209,7.9763729924470965,0,0,0,0,0,13,13,1,1
127,2017,4,5,0,42828.0,57.240266362587825,-84.23011494212035,216,345,1003.3994332374068,1007.3994332374068,4.0,12.067216965498213,3.427621734460627,289.0611442640554,262500,1.753890628189547,14.449554253737777,7.932489182280722,-0.842060527364178,7.977057763282495,0,0,0,0,0,11,11,1,1
127,2017,4,5,3,42828.125,57.007390847322554,-84.26977829885814,215,345,1004.121594750091,1008.121594750091,4.0,12.21737034735799,3.8686624886309438,284.55241573039183,254375,0.7221615126842517,5.96522981437583,-0.8005264106352803,-8.631525279078513,8.668568000396375,0,0,0,0,0,14,14,1,1
127,2017,4,5,6,42828.25,56.98321617015572,-83.87749633851264,215,344,1004.3469624030826,1008.3469624030826,4.0,12.23145710872773,3.783780172836123,297.5398075802073,278125,0.22536765299155376,1.8621018944601886,7.922569554884088,-0.8960338180738309,7.97307876263042,0,0,0,0,0,13,13,1,1
127,2017,4,5,9,42828.375,56.95744699879191,-83.4857897170003,215,343,1004.7628771254782,1008.7628771254782,4.0,12.248197647256813,3.7935573895724524,304.15261082582236,290625,0.4159147223956825,3.437503462611186,7.916424520492722,-0.9551337064969799,7.973835813831702,0,0,0,0,0,15,15,1,1
127,2017,4,5,12,42828.5,56.72471417188369,-83.53018001482683,214,343,1005.7189485431275,1011.7189485431275,6.0,12.144250669502528,4.559034333372693,576.3991184104392,1043750,0.9560714176492183,7.922856073285815,-0.9027278618293223,-8.626236538613409,8.673342747328276,0,0,0,0,0,13,13,1,1
127,2017,4,5,15,42828.625,56.72471417188369,-83.53018001482683,214,343,1006.7001390896579,1012.7001390896579,6.0,11.546230778277577,4.469875906867019,578.6382389106122,1051875,0.9811905465304153,8.13101546299059,0.0,0.0,0.0,0,0,0,0,0,12,12,1,2
127,2017,4,5,18,42828.75,56.43618876845071,-82.80279245093853,213,341,1007.9681098041287,1013.9681098041287,6.0,9.87225746551911,4.849097822584809,646.5142452375586,1313125,1.2679707144708663,10.54250414983692,14.905513439359563,-10.694187023273594,18.345025673998983,0,0,0,0,0,12,12,1,3
127,2017,4,5,21,42828.875,56.17347077885483,-82.46897616945652,212,340,1009.3444266290708,1013.3444266290708,4.0,8.355979844169317,5.978826517672424,510.8953969950291,820000,1.3763168249420414,11.4783857202256,6.887738929988723,-9.737635860440312,11.927384445812725,0,0,0,0,0,12,12,1,2
127,2017,4,6,0,42829.0,56.10885689017521,-81.7068171198818,212,338,1010.8668461923672,1014.7785611599882,3.9117149676209375,7.54250223443145,5.012976123162953,562.9540660051551,995625,1.5224195632964257,12.706482702826747,15.752263574688365,-2.3949122039831816,15.933280019859108,0,0,0,0,0,11,9,2,0
127,2017,4,6,3,42829.125,58.090349583431426,-74.53042523226715,224,322,1010.8198160930982,1016.8198160930982,6.0,9.685140995780461,3.822207441350183,761.7865260352295,1823125,0.04125493311003083,0.3367044362802007,-3.382957561356562,19.00482508854684,19.303569061398957,0,0,0,0,2,10,10,1,1
127,2017,4,6,6,42829.25,58.251773774334325,-74.0264765708934,225,321,1010.6374558986473,1016.6374558986473,6.0,9.862617807117344,3.3339870985859306,690.4122352335788,1497500,-0.18236019445088458,-1.4857423171808395,9.828553575322406,5.983183688701522,11.506474370358925,0,0,0,0,0,12,12,1,1
127,2017,4,6,9,42829.375,58.47597998007653,-73.91299346426231,226,321,1010.8664126666906,1016.8664126666906,6.0,9.93168849032142,3.0251122741680594,682.8791864299668,1465000,0.22895676804328105,1.8608867444612343,2.1992619153008532,8.310197533586589,8.596286175978635,0,0,0,0,0,14,14,1,1
127,2017,4,6,12,42829.5,58.98827111559925,-74.08338148465985,228,322,1012.0074779914538,1018.0074779914538,6.0,8.867369500976922,3.3048639246151286,790.7464718051442,1964375,1.1410653247631855,9.22399295253504,-3.2537929924183953,18.988058411702056,19.264826266637346,0,0,0,0,0,15,15,1,1
127,2017,4,6,15,42829.625,56.872212550093835,-70.5708641215712,222,311,1012.2535754541755,1016.2535754541755,4.0,7.7091868044666505,3.8231146026613714,553.5099506349444,962500,0.24609746272166377,2.035949088641278,71.14283344836501,-78.43165898898803,105.89064114843535,0,0,0,0,0,11,11,1,1
127,2017,4,6,18,42829.75,56.872212550093835,-70.5708641215712,222,311,,,,7.7091868044666505,,0.0,0,0.0,,0.0,0.0,0.0,0,3,0,0,0,11,11,0,0
129,2017,4,6,6,42829.25,56.50930912829422,165.25643716352928,397,502,984.5852129281607,994.5852129281607,10.0,23.714881083860558,4.28428219960384,402.6649950950149,509375,-1.9675330669659887,-16.345167409479266,17.458479702791184,-3.838500740188545,17.875474859851966,2,0,0,2,0,24,24,1,1
129,2017,4,6,9,42829.375,56.45366137176004,166.481617183088,394,503,984.4001823153407,1002.4001823153407,18.0,24.164981857381978,4.4590457688958125,696.7227399979714,1525000,-0.1850306128199736,-1.5381202910874057,25.094443790469924,-2.062582735250916,25.179065842338346,0,0,0,0,0,27,27,1,1
129,2017,4,6,12,42829.5,56.279292088370276,166.94747945870805,393,504,985.0148463070637,1003.0148463070637,18.0,23.652071203268495,2.9633598885752144,730.8650886122375,1678125,0.6146639917230641,5.11992660394917,9.585768293350384,-6.46299322519634,11.561022238657587,0,0,0,0,0,24,24,1,1
129,2017,4,6,15,42829.625,55.87807082806209,169.43898930880363,387,507,986.4598017621909,1002.4598017621909,16.0,21.625136319587178,2.4566393583767785,704.531389483711,1559375,1.4449554551272012,12.092766909058296,51.800217193646986,-14.871256202735596,53.89264107794684,0,0,0,0,0,22,22,1,1
129,2017,4,6,18,42829.75,55.707818424234866,172.56859202882748,379,509,988.1890146635016,1000.1890146635016,12.0,19.282260928686956,2.994258874787265,614.6495311674666,1186875,1.7292129013106752,14.500966187886158,65.3496372006062,-6.310401184875939,65.6536080148299,0,0,0,0,0,19,19,1,1
129,2017,4,6,21,42829.875,54.32606781697963,177.62167002664452,366,516,989.3980915160219,999.3980915160219,10.0,17.880606863998725,6.051189433218387,572.4161415355436,1029375,1.2090768525202293,10.311738937173798,109.20014997027337,-51.214552471606545,120.61344509795389,0,0,0,0,0,24,24,1,1
129,2017,4,7,0,42830.0,54.117227324124585,179.09061955080085,362,517,989.819863930003,999.819863930003,10.0,17.062294992995493,6.14615609573717,583.6022431559495,1070000,0.4217724139810889,3.6065914653525994,31.912132262901398,-7.7406677611433805,32.83751091287701,0,0,0,0,0,24,24,1,1
129,2017,4,7,3,42830.125,53.634429657777694,-178.38393334931428,355,519,990.8920151287155,998.8920151287155,8.0,15.225726272981948,5.437072607544251,533.189006917714,893125,1.0721511987125267,9.224562742679556,-55.4991540013488,-17.894883697868913,58.31280268882371,0,0,0,0,0,24,24,1,1
129,2017,4,7,6,42830.25,52.50547960978836,-174.23736711340155,343,523,991.1503044499296,997.1503044499296,6.0,14.728612338825517,5.6281034984156575,419.60118659914343,553125,0.2582893212142517,2.2554258177509308,93.53747508932871,-41.84450592384869,102.47059052283146,0,0,0,0,0,23,23,1,1
129,2017,4,7,9,42830.375,51.45387943901431,-170.6214026902667,332,526,991.638686937794,995.638686937794,4.0,14.486828978875096,4.298882413187385,305.45799283636967,293125,0.4883824878642918,4.3262801206764,83.50884338879195,-38.97753461620849,92.1573389855171,0,0,0,0,0,23,23,1,1
129,2017,4,7,12,42830.5,50.58330489541861,-167.7775839131192,323,528,990.3290555750418,996.3290555750418,6.0,15.5933056984771,7.8333249915566565,342.6029342114174,368750,-1.309631362752116,-11.744752828407954,66.92408119579522,-32.26782417124831,74.2970061351599,0,0,0,0,0,17,17,1,1
129,2017,4,7,15,42830.625,50.6026926645212,-166.40727587485696,319,527,989.1346096953373,993.1346096953373,4.0,15.927845032495146,7.579450394759915,223.4611004069437,156875,-1.194445879704581,-10.708793632020754,32.235934886358336,0.7186071877218887,32.243943528789714,0,0,0,0,0,22,22,1,1
129,2017,4,7,18,42830.75,50.02444508965032,-165.9239954145749,317,529,989.801653817627,991.801653817627,2.0,16.092431526230122,7.5782440607983155,176.73188049071527,98125,0.6670441222896625,6.030673326124038,11.508236508864659,-21.43273222338742,24.32697100140901,0,0,0,0,0,22,22,1,1
129,2017,4,7,21,42830.875,49.67398692772437,-159.91966436983242,299,525,989.3063564045948,991.3063564045948,2.0,15.625511201683093,7.733553385886917,163.27416503504918,83750,-0.49529741303209446,-4.501095837303352,143.98204164371336,-12.98972320244773,144.56680540417366,0,0,0,0,0,26,26,1,1
129,2017,4,8,0,42831.0,49.73108900184232,-159.19625258779124,297,524,988.2112534637491,992.2112534637491,4.0,16.49703557336993,9.938391397333762,227.4320920733615,162500,-1.0951029408456816,-9.9435191668772,17.331363951362682,2.116486980932703,17.460117226268885,0,0,0,0,0,20,20,1,1
129,2017,4,8,3,42831.125,49.73380980469406,-157.44275336529435,292,522,988.403493596235,990.403493596235,2.0,15.678923230587786,5.929938690726122,165.69317331547472,86250,0.1922401324857492,1.7454674617009676,42.006858786593796,0.1008464911710436,42.00697983825562,0,0,0,0,0,20,20,1,1
129,2017,4,8,6,42831.25,49.69709167952958,-155.69066851393308,287,520,989.2595734798125,991.2595734798125,2.0,15.016575760112099,4.556154376986014,199.96919625742038,125625,0.8560798835776222,7.777103782575689,42.004725598515634,-1.3609564113966939,42.02676736272154,0,0,0,0,0,26,26,1,1
129,2017,4,8,9,42831.375,50.15188854917193,-152.4788820695203,279,514,990.1157088483606,992.1157088483606,2.0,13.546491758259958,3.6566102094543753,236.438520044912,175625,0.8561353685479844,7.725838692231304,76.27260736818393,16.857034852685274,78.11318876326706,0,0,0,0,0,30,30,1,1
129,2017,4,8,12,42831.5,48.9081360237474,-148.21465858563536,265,512,989.6227779442447,993.6227779442447,4.0,14.370212019046821,7.746190565622019,349.7861668246681,384375,-0.49293090411578305,-4.531407119507847,103.86981809412224,-46.09965694285485,113.64029866713193,0,0,0,0,0,27,27,1,1
129,2017,4,8,15,42831.625,48.26326848465101,-145.7426660641623,257,510,988.5251081737063,994.5251081737063,6.0,16.610502683003283,8.014910959787011,400.18703313103447,503125,-1.0976697705384868,-10.19131794104459,60.99250363853955,-23.901999568426792,65.50870998169889,0,0,0,0,0,22,22,1,1
129,2017,4,8,18,42831.75,48.9308884169182,-145.9111283842834,259,508,987.2296214150007,995.2296214150007,8.0,18.020117026699925,10.549214713783003,408.0635480043464,523125,-1.2954867587055197,-11.905007433638605,-4.102146992086581,24.74531646496507,25.083028064728477,0,0,0,0,0,22,22,1,1
129,2017,4,8,21,42831.875,49.06493414229991,-146.176583344319,260,508,987.64684964808,997.64684964808,10.0,18.43240618377304,10.024757137743,473.92764578407673,705625,0.41722823307922224,3.8263710105269393,-6.446595291906788,4.968401533611918,8.139017425760436,0,0,0,0,0,25,25,1,1
129,2017,4,9,0,42832.0,48.59598857038261,-146.9694863730682,261,511,987.316774536498,999.316774536498,12.0,19.535034107041962,14.827924862581856,522.2564348322916,856875,-0.33007511158197306,-3.048839984358493,-19.436705145939033,-17.3814561565448,26.0749022059923,0,0,0,0,0,27,27,1,2
129,2017,4,9,3,42832.125,47.59632797567408,-146.6967698185798,258,514,988.5984490705737,1000.5984490705737,12.0,19.33076638931038,16.1050845419932,555.4832544005374,969375,1.2816745340757187,12.025400668443638,6.816480125332542,-37.05239549935696,37.67418762946086,0,0,0,0,0,25,25,1,2
129,2017,4,9,6,42832.25,46.3863577167909,-145.51479009100427,252,516,991.8221938290319,1002.2472543899405,10.425060560908605,18.232963293738024,15.332927913001914,573.9779892994359,1035000,3.223744758458197,30.84878887573671,30.219538780359386,-44.84751805953784,54.078835048456966,0,0,0,0,0,24,22,2,0
129,2017,4,9,9,42832.375,45.16359384779875,-142.92432055217,242,515,994.4413843679666,1004.3961106435631,9.954726275596476,17.439912838386572,10.569493639339125,642.0368389804505,1295000,2.6191905389347814,25.589760650162635,67.69631674960804,-45.32171290539926,81.46685805984355,0,0,0,0,0,19,17,2,0
129,2017,4,9,12,42832.5,44.684929294080895,-140.77202532930522,235,512,995.608956958765,995.608956958765,0.0,16.530159463150152,13.803690109984162,14.104739588693906,625,1.1675725907983725,11.503258608984167,56.71697290395183,-17.741689979336144,59.42711989244037,0,0,0,2,0,18,18,1,1
129,2017,4,9,15,42832.625,44.684929294080895,-140.77202532930522,235,512,,,,16.530159463150152,,0.0,0,0.0,,0.0,0.0,0.0,0,3,0,0,0,18,18,0,0
130,2017,4,2,3,42825.125,40.465399263289775,-62.29756448552472,170,260,995.4682730862685,1013.4682730862685,18.0,21.13128597803004,8.780598955290698,718.3730945514808,1621250,,,,,,3,0,0,0,0,4,4,1,1
130,2017,4,2,6,42825.25,41.027166019846014,-62.890443552009515,171,263,993.4356693121739,1013.4356693121739,20.0,22.422356369265366,8.013153912478955,801.6159197106351,2018750,-2.032603774094605,-21.453278215161152,-16.577910003767922,20.821871095540963,26.615360527566647,0,0,0,0,0,5,5,1,1
130,2017,4,2,9,42825.375,41.23772803569422,-62.15921973656274,173,261,991.7168578302684,1013.7168578302684,22.0,23.29524057304614,8.199242031485774,890.2761462589227,2490000,-1.7188114819054316,-18.065155431905424,20.380725513490685,7.804475968790458,21.82392763926049,0,0,0,0,0,4,4,1,1
130,2017,4,2,12,42825.5,41.51128542554756,-60.44141824592521,177,256,989.1342290585765,1013.1342290585765,24.0,26.056553259492595,10.603905177785563,845.1081629737583,2243750,-2.5826287716919616,-26.997364081708096,47.677117885686236,10.139397965940068,48.743358121874735,0,0,0,0,0,6,6,1,1
130,2017,4,2,15,42825.625,41.816711304510385,-59.93141717813756,179,255,986.6226967330792,1012.6226967330792,26.0,28.025995522487364,15.57764223707585,840.741869426568,2220625,-2.5115323254972464,-26.097352363771634,14.088168689968182,11.320602735539977,18.072978264052526,0,0,0,0,0,5,5,1,1
130,2017,4,2,18,42825.75,41.905422970921215,-59.55538377053093,180,254,983.6302971454762,1011.6302971454762,28.0,29.294794852389025,20.931614646740055,880.7277694578074,2436875,-2.992399587602995,-31.040364350118818,10.37307866343871,3.28809574635639,10.881743178144502,0,0,0,0,0,3,3,1,1
130,2017,4,2,21,42825.875,41.865191991347324,-58.94192951276047,181,252,981.6409806029762,1013.6409806029762,32.0,30.397695524757047,22.273615799705293,1157.8779952440384,4211875,-1.9893165425000188,-20.651479045283626,16.93309406013941,-1.4911602741857204,16.998624456491715,0,0,0,0,0,5,5,1,1
130,2017,4,3,0,42826.0,41.76708561818857,-57.71824934637343,183,248,980.041106641823,1014.041106641823,34.0,31.931164752246936,13.830504908601359,1123.2545621367403,3963750,-1.5998739611532073,-16.640419664144186,33.828643289372835,-3.636310322250702,34.02351921185309,0,0,0,0,0,6,6,1,1
130,2017,4,3,3,42826.125,41.64554422637258,-56.499778629857246,185,244,978.3639708326964,1014.3639708326964,36.0,32.90084347308809,17.016580139753714,1227.2744569516326,4731875,-1.6771358091266302,-17.48559907562418,33.74837036945274,-4.504928715752183,34.04771483268392,0,0,0,0,0,6,6,1,1
130,2017,4,3,6,42826.25,42.04642863037594,-55.20013300719708,189,241,976.4761607507234,1014.4761607507234,38.0,33.532222721642285,13.993335660281737,1304.5168565450163,5346250,-1.8878100819730026,-19.528887020619397,35.77180190086076,14.858770632034197,38.73506003519069,0,0,0,0,0,4,4,1,1
130,2017,4,3,9,42826.375,42.708188957355624,-54.332326334630096,193,240,975.3681555910351,1015.3681555910351,40.0,34.28621277374648,12.000024119529117,1384.996372419462,6026250,-1.1080051596881821,-11.31783052501482,23.635477454807216,24.52813033826141,34.06266243862097,0,0,0,0,0,3,3,1,1
130,2017,4,3,12,42826.5,43.501892773392385,-53.66980865701649,197,240,974.7465174896262,1016.7465174896262,42.0,35.66862879258038,12.822457987616216,1413.2217066421042,6274375,-0.6216381014090439,-6.2564924144781,17.811833795427088,29.418612533904835,34.39064097361288,0,0,0,0,0,4,4,1,1
130,2017,4,3,15,42826.625,44.23716394194166,-53.389618453425314,200,241,973.5847312944755,1015.5847312944755,42.0,36.88045567866946,13.668670409149708,1296.5624113046563,5281250,-1.1617861951506347,-11.537765344964248,7.440589475163945,27.252807883565136,28.25027272923981,0,0,0,0,0,3,3,1,1
130,2017,4,3,18,42826.75,44.774147713307066,-53.275892827075204,202,242,973.0000932354887,1015.0000932354887,42.0,36.864789384779215,13.70899091336061,1308.4759456371617,5378750,-0.5846380589867476,-5.750973905002723,2.992348848695255,19.90329035543164,20.126974899495103,0,0,0,0,0,2,2,1,1
130,2017,4,3,21,42826.875,45.309844722664195,-53.159590658043875,204,243,973.7790964773906,1015.7790964773906,42.0,36.02451287765501,13.966236814440053,1381.4006542896327,5995000,0.7790032419018098,7.591698542058106,3.031622822223507,19.855596553058227,20.08570266169556,0,0,0,0,0,3,3,1,1
130,2017,4,4,0,42827.0,45.550656910897104,-52.56694417833308,206,242,976.7598068460383,1014.7598068460383,38.0,33.66104602865167,14.178606429068532,1233.096321284025,4776875,2.980710368647706,28.928195758459324,15.382579259495559,8.925697868558135,17.78459521933086,0,0,0,0,0,2,2,1,1
130,2017,4,4,3,42827.125,45.74328533741244,-52.38604315126727,207,242,978.7387990876296,1014.7387990876296,36.0,31.154820626434827,12.376629396011413,1257.2221476657915,4965625,1.9789922415913315,19.143360046619208,4.679311164546129,7.139767918676619,8.536523818698681,0,0,0,0,0,1,1,1,1
130,2017,4,4,6,42827.25,45.74328533741244,-52.38604315126727,207,242,980.3416340694152,1012.3416340694152,32.0,28.981194176749483,12.70995865093886,1173.6635090435223,4327500,1.6028349817857088,15.504682892019359,0.0,0.0,0.0,0,0,0,0,0,0,0,1,1
130,2017,4,4,9,42827.375,45.25355041659991,-52.099184168725564,206,240,982.5236955420941,1010.5236955420941,28.0,27.446490983710824,12.113726333165104,1064.230409158515,3558125,2.1820614726787606,21.28576185011558,7.4849091970618105,-18.152012865009624,19.634648882517237,0,0,0,0,0,0,0,1,1
130,2017,4,4,12,42827.5,44.95299393407001,-51.63729523920021,206,238,986.1292716932611,1010.1292716932611,24.0,24.923890754156588,11.005639401021254,1009.8441948445906,3203750,3.6055761511670426,35.356305780579426,12.115509821991576,-11.140118675819611,16.458670127264817,0,0,0,0,0,0,0,1,1
130,2017,4,4,15,42827.625,44.873439041513834,-50.58724396420435,208,235,988.7704982265174,1010.7704982265174,22.0,22.68527662029618,7.917606388233617,1056.5382066498025,3506875,2.641226533256267,25.935982566665512,27.581215445008215,-2.948700147333108,27.73838996738711,0,0,0,0,0,2,2,1,2
130,2017,4,4,18,42827.75,44.77786809682195,-49.54103517970502,210,232,991.0885975027725,1013.0885975027725,22.0,20.217404210070345,7.877083120624666,1221.5062797573,4687500,2.3180992762550887,22.801211507410276,27.52588611765118,-3.542334728121988,27.752883487810074,0,0,0,0,0,0,0,1,3
130,2017,4,4,21,42827.875,45.01024127115156,-48.52463506169869,213,230,993.4899621532084,999.4899621532084,6.0,18.497104187902913,5.494433465044931,346.06949399889504,376250,2.401364650435862,23.524267876101653,26.63378792080201,8.612906024581427,27.99179896324154,0,0,0,2,0,1,1,1,1
130,2017,4,5,0,42828.0,45.4062987456397,-47.298960979689596,217,228,996.3514073221835,1000.3514073221835,4.0,16.803639135833645,4.877709786322666,302.84160209044046,288125,2.861445168975188,27.83960635192377,31.894653584054016,14.67986060757946,35.11078516218019,0,0,0,0,0,1,1,1,1
130,2017,4,5,3,42828.125,46.11528944696629,-46.48511345367545,221,228,997.0930150772604,1001.0930150772604,4.0,16.46001742818759,3.7279074099381977,299.2067103010745,281250,0.7416077550768386,7.1288354970903125,20.9107393988996,26.278723008561457,33.583184857445985,0,0,0,0,0,1,1,1,1
130,2017,4,5,6,42828.25,47.65767876314987,-46.31691240579326,226,232,997.4479051780559,1003.4479051780559,6.0,16.064189458183243,2.5532091020108783,391.89860944341075,482500,0.3548901007954555,3.3265300851389368,4.199211514767989,57.16862229012824,57.322637342476725,0,0,0,0,0,1,1,1,1
130,2017,4,5,9,42828.375,47.65767876314987,-46.31691240579326,226,232,998.438859826912,1006.438859826912,8.0,15.918211081936203,4.081902274863169,487.1753369022173,745625,0.9909546488561318,9.288623280952404,0.0,0.0,0.0,0,0,0,0,0,2,2,1,1
130,2017,4,5,12,42828.5,47.6642096325985,-45.87802749947289,227,231,999.3400551498017,1007.3400551498017,8.0,16.33984308515569,2.782144452183056,494.0687138113427,766875,0.9011953228898346,8.446395108341132,10.9555674009068,0.24206651642203778,10.958241340387811,0,0,0,0,0,3,3,1,1
130,2017,4,5,15,42828.625,47.498574640822184,-45.21868511942297,228,229,999.6359006422624,1009.6359006422624,10.0,15.921348483036716,2.4919749662635877,648.2044814428574,1320000,0.2958454924606485,2.780126717395571,16.5108162120635,-6.13925692011334,17.615264049105207,0,0,0,0,0,1,1,1,1
130,2017,4,5,18,42828.75,46.985382050063905,-44.567587232462316,228,226,999.2237369057231,1009.2237369057231,10.0,15.923938754903565,3.362032712253931,644.2022307568618,1303750,-0.412163736539369,-3.90540685725786,16.463071913663935,-19.021470827966073,25.156491991007705,0,0,0,0,0,1,1,1,1
130,2017,4,5,21,42828.875,47.1313241058406,-43.04749095060039,232,223,999.6775919481353,1011.0342783254187,11.356686377283477,16.10548187921264,1.9340587554418018,724.028033855686,1646875,0.4538550424121786,4.290265863421553,38.330226848894135,5.409338728815228,38.71004050334674,0,0,0,1,0,0,1,2,0
130,2017,4,6,0,42829.0,51.22593768753487,-37.5788840674294,256,225,995.397752768056,1011.397752768056,16.0,21.4398441361298,11.663182601948865,719.618229400322,1626875,-3.6365255573627655,-32.316433785013864,55.98422419396685,74.86642358460647,93.48376724838415,0,0,0,0,2,2,2,1,1
130,2017,4,6,3,42829.125,52.123104301648084,-38.14753022944621,257,229,991.61420527608,1009.61420527608,18.0,24.71576725378502,15.676155413168527,663.8224526827073,1384375,-3.7835474919759147,-33.209340254803976,-12.940460066016957,33.2534586147555,35.68260103416561,0,0,0,0,0,1,1,1,1
130,2017,4,6,6,42829.25,52.82859785688484,-38.522540238058056,258,232,988.4181912745928,1008.4181912745928,20.0,27.37778980653216,18.730602153649816,650.6551687525748,1330000,-3.1960140014872014,-27.78834925236639,-8.398231891116641,26.14910137425334,27.464628189326476,0,0,0,0,0,1,1,1,1
130,2017,4,6,9,42829.375,52.975727814521,-38.24642596446901,259,232,987.4951898656614,1007.4951898656614,20.0,28.860492596733614,21.29793058987736,611.4042628139659,1174375,-0.92300140893145,-8.009641278665892,6.1625346603152185,5.4533682821897225,8.2289767930636,0,0,0,0,0,2,2,1,1
130,2017,4,6,12,42829.5,53.598884831717825,-37.62327399305471,262,233,987.6397224371351,1007.6397224371351,20.0,28.80259920710605,17.66663645601162,628.0965810996232,1239375,0.14453257147368276,1.2440963034643595,13.706580903113739,23.097299605081126,26.85806413538554,0,0,0,0,0,4,4,1,1
130,2017,4,6,15,42829.625,54.16821406677295,-36.46923439005187,266,233,988.6192234202421,1004.6192234202421,16.0,27.409041714273418,13.172603440422826,519.3915945996456,847500,0.9795009831069911,8.37036381351634,25.040207051969382,21.10217417618574,32.74620167542455,0,0,0,0,0,4,4,1,1
130,2017,4,6,18,42829.75,55.0493522762118,-35.190697752121,271,234,989.3366452476798,1009.3366452476798,20.0,26.22689094385146,9.223556807068308,747.9502824172287,1757500,0.7174218274377927,6.064136785295325,27.147347760718457,32.659366187423586,42.468961491960364,0,0,0,0,0,3,3,1,1
130,2017,4,6,21,42829.875,56.49181111008261,-34.498514991348685,276,238,990.056093320808,1012.056093320808,22.0,25.49571996712116,4.009583328879817,850.7391513915379,2273750,0.719448073128151,5.9779815816321635,14.163347857669665,53.46470140668677,55.308902710535946,0,0,0,0,0,4,4,1,1
130,2017,4,7,0,42830.0,58.052180000021906,-33.40782458970893,282,242,988.9502339567564,1012.9502339567564,24.0,26.67433330681853,3.676481782176852,892.9536745489072,2505000,-1.1058593640515755,-9.02928036730096,21.391271172433623,57.835034751750584,61.66423377541302,0,0,0,0,0,7,7,1,1
130,2017,4,7,3,42830.125,59.468494067361654,-32.56907792371227,287,246,988.057115260878,1012.057115260878,24.0,26.727107801976462,1.760739658270395,878.4660097674965,2424375,-0.8931186958783656,-7.183732788274085,15.793038274921164,52.495646274500146,54.8198224708049,0,0,0,0,0,7,7,1,1
130,2017,4,7,6,42830.25,60.47659967413386,-31.189922908101078,292,248,987.2673897136846,1011.2673897136846,24.0,27.05380116177908,2.1970423032951656,835.162581836753,2191250,-0.7897255471935205,-6.287824766761319,25.189586568866712,37.36540966500118,45.06316800829469,0,0,0,0,0,6,6,1,1
130,2017,4,7,9,42830.375,61.864514901288466,-30.173520029644333,297,252,986.8989834259967,1010.8989834259967,24.0,27.95594644709383,2.0228987033977317,792.2545719771281,1971875,-0.3684062876878306,-2.8944118549338462,17.764803318979972,51.44304395744087,54.42402969800413,0,0,0,0,0,6,6,1,1
130,2017,4,7,12,42830.5,62.61002869035761,-29.422174225688977,300,254,985.5752056926367,1011.5752056926367,26.0,29.004981535937347,3.260350236578524,826.783212565235,2147500,-1.323777733360039,-10.329365121825171,12.811525928771571,27.63245036268331,30.457962992783074,0,0,0,0,0,4,4,1,1
130,2017,4,7,15,42830.625,63.036219595964965,-28.821316383720337,302,255,984.7902371018062,1010.7902371018062,26.0,29.571569946507307,3.4160174270567953,794.2609178856153,1981875,-0.78496859083054,-6.101719492601352,10.098140280465783,15.796755495196122,18.74859784887858,0,0,0,0,0,7,7,1,1
130,2017,4,7,18,42830.75,63.3629065983131,-27.54344186633312,305,255,984.7956740104258,1010.7956740104258,26.0,29.304268525665726,3.533875698750271,804.4649074679512,2033125,0.00543690861974028,0.04214063965592122,21.234897110516417,12.108645753943936,24.444634529661574,0,0,0,0,0,7,7,1,1
130,2017,4,7,21,42830.875,63.88188371283389,-26.454227757232204,308,256,985.8736377804316,1011.8736377804316,26.0,28.39617667718388,3.799956328546614,843.5766351077044,2235625,1.0779637700057356,8.317683855618293,17.77233643330609,19.23587405978128,26.18921138832526,0,0,0,0,0,9,9,1,1
130,2017,4,8,0,42831.0,64.29109823330408,-25.777143171898086,310,257,986.3383286016164,1012.3383286016164,26.0,27.505443170820634,5.563252996264928,879.7106972092251,2431250,0.4646908211847767,3.5731831531562146,10.886623785135813,15.167526195190284,18.670094491482047,0,0,0,0,0,6,6,1,1
130,2017,4,8,3,42831.125,64.18219217083684,-25.107742946644567,311,256,987.362135009445,1011.362135009445,24.0,25.851819913453415,5.789061727716907,859.695159334394,2321875,1.0238064078285243,7.879659214054222,10.805543145059408,-4.036600542397668,11.534899505354414,0,0,0,0,0,5,5,1,2
130,2017,4,8,6,42831.25,64.06970036209871,-24.44395478041654,312,255,988.5905394301417,1008.5905394301417,20.0,24.261249951914774,5.3164438788245025,763.4821406385788,1831250,1.228404420696752,9.46334169147085,10.758415920883941,-4.169506140249656,11.53812352942664,0,0,0,0,0,5,5,1,2
130,2017,4,8,9,42831.375,63.95366540641326,-23.785884313005912,313,254,990.8227830380621,1008.5523379753715,17.72955493730944,22.70137252392702,6.492126503045292,750.0751454553404,1767500,2.232243607920391,17.2136707649903,10.710148760799582,-4.300832795216459,11.541423188275623,0,0,0,0,0,7,9,2,0
130,2017,4,8,12,42831.5,63.92373415211855,-22.677141616244917,315,253,993.2953280578408,1008.4833316237768,15.188003565936087,20.482469921034877,6.655933109395046,752.458444068121,1778750,2.472545019778772,19.071597261436168,18.064012965894158,-1.1094012085597043,18.098047835983472,0,0,0,0,0,5,7,2,0
130,2017,4,8,15,42831.625,63.584735532428084,-21.846918435886455,316,251,995.0067111354729,1006.8434926294108,11.836781493937888,19.140900456222397,5.631264759150799,702.6935398469274,1551250,1.7113830776320538,13.239056335362614,13.68965015787253,-12.564975549696134,18.58184953144872,0,0,0,0,0,5,6,2,0
130,2017,4,8,18,42831.75,63.32186924556988,-20.584451652314538,318,249,996.6715878934504,1005.879701666405,9.208113772954675,17.707381509498962,5.0838483787749285,663.8224526827073,1384375,1.6648767579774721,12.908843564319335,21.00882193783307,-9.743132494841769,23.158135288222528,0,0,0,0,0,4,5,2,0
130,2017,4,8,21,42831.875,63.26334516868888,-19.50720452719691,320,248,998.2262745394406,998.2262745394406,0.0,16.769206394067112,5.457871730203042,14.104739588693906,625,1.5546866459902957,12.060666185682102,17.9630766501281,-2.1691934785745675,18.093576846103918,0,0,0,2,0,3,3,1,1
130,2017,4,9,0,42832.0,62.97633551734041,-18.283373040253704,322,246,1000.4076611300484,1002.4076611300484,2.0,14.929635572105502,4.405884206361079,140.3403869441083,61875,2.181386590607726,16.965388757962344,20.60997261458842,-10.638005709324307,23.1934934118537,0,0,0,0,0,3,3,1,1
130,2017,4,9,3,42832.125,62.67681544132107,-17.085297944487298,324,244,1001.2503086550979,1003.2503086550979,2.0,14.150614331138085,7.114380588665589,124.56968712917198,48750,0.8426475250495423,6.571168236337723,20.382751160129953,-11.101704293847913,23.210006098315016,0,0,0,0,0,2,2,1,1
130,2017,4,9,6,42832.25,62.14288138770521,-15.785620019731585,326,241,1002.473910734139,1002.473910734139,0.0,13.468675948151013,5.50414657815214,14.104739588693906,625,1.2236020790411566,9.588524352101068,22.509116999918092,-19.79025264161574,29.971894296740412,0,0,0,0,0,3,3,1,1
130,2017,4,9,9,42832.375,61.70683605126831,-13.647238333144033,330,238,1004.973457776658,1004.973457776658,0.0,12.103205282093553,4.296128790332295,14.104739588693906,625,2.4995470425189708,19.666897173071845,37.56577107612732,-16.162009732934603,40.89495953233695,0,0,0,0,0,3,3,1,1
130,2017,4,9,12,42832.5,61.70683605126831,-13.647238333144033,330,238,,,,12.103205282093553,,0.0,0,0.0,,0.0,0.0,0.0,0,3,0,0,0,3,3,0,0
136,2017,4,6,3,42829.125,71.23598608391549,25.18284748038102,395,284,999.8528168858555,999.8528168858555,0.0,7.968623415490495,4.79946347435085,14.104739588693906,625,,,,,,3,0,0,0,0,5,5,1,1
136,2017,4,6,6,42829.25,71.53774228028087,24.848252965788113,394,285,999.7995654859378,999.7995654859378,0.0,8.488781389027011,6.606424676458192,14.104739588693906,625,-0.05325139991778997,-0.38895507946884494,-3.927375985298822,11.184586039796345,11.854081449505449,0,0,0,0,0,5,5,1,1
136,2017,4,6,9,42829.375,71.53774228028087,24.848252965788113,394,285,999.9343613982908,999.9343613982908,0.0,9.035671965550776,7.810730824464117,14.104739588693906,625,0.13479591235300176,0.9845666946273434,0.0,0.0,0.0,0,0,0,0,0,9,9,1,1
136,2017,4,6,12,42829.5,71.7434411665095,25.144785630678943,394,286,1000.226765531605,1000.226765531605,0.0,9.199934428724262,9.111323916308102,14.104739588693906,625,0.2924041333142668,2.1332142903859452,3.443167270031056,7.624224188353067,8.365655701956726,0,0,0,0,0,11,11,1,1
136,2017,4,6,15,42829.625,71.94857183633087,25.448004826759423,394,287,1000.4532691171821,1000.4532691171821,0.0,9.530830622251425,8.80639805487037,14.104739588693906,625,0.2265035855770111,1.6505026566746925,3.482572977218604,7.603163261112739,8.362798940354105,0,0,0,0,0,8,8,1,1
136,2017,4,6,18,42829.75,72.15311827860565,25.75812172197562,394,288,1000.7155192547631,1002.7155192547631,2.0,10.013720670255307,7.630645408793862,143.8406847937898,65000,0.2622501375809952,1.9087744991129074,3.522757018477029,7.581508881383133,8.359969732583993,0,0,0,0,0,6,6,1,1
136,2017,4,6,21,42829.875,72.65998066032246,25.73473569081998,393,290,1000.4410509159555,1002.4410509159555,2.0,11.630013381656113,8.067066878923505,138.1976597885342,60000,-0.27446833880749183,-1.9921080459442226,-0.2583433167722302,18.786841784628812,18.788617977647956,0,0,0,0,0,8,8,1,1
136,2017,4,7,0,42830.0,72.65998066032246,25.73473569081998,393,290,1001.2908964870481,1003.2908964870481,2.0,11.106386295938487,6.107279487730702,163.88226458881186,84375,0.8498455710925918,6.1682313061655165,0.0,0.0,0.0,0,0,0,0,0,10,10,1,1
136,2017,4,7,3,42830.125,73.05799231527513,24.695526290039567,391,291,1001.0799990430205,1003.0799990430205,2.0,12.289145831970043,5.432832721651939,223.0155145190964,156250,-0.21089744402765065,-1.5274305452354495,-11.224223006043962,14.752292258713773,18.53680956842123,0,0,2,0,0,11,11,1,2
136,2017,4,7,6,42830.25,73.53925003261885,22.89055165624833,388,292,1001.119836740502,1005.119836740502,4.0,13.854749995544626,6.471261890347015,309.34108930758305,300625,0.03983769748156192,0.2877993893123847,-18.95633897902624,17.837805525720878,26.029408242624108,0,0,1,0,0,9,9,1,1
136,2017,4,7,9,42830.375,73.83529866386066,22.46674992099574,387,293,1001.7486411481556,1005.7486411481556,4.0,14.50936191812517,6.416375816429864,288.716818776427,261875,0.6288044076535152,4.535806081440204,-4.37314511180389,10.973035278051912,11.81236222701734,0,0,0,0,0,8,8,1,1
136,2017,4,7,12,42830.5,74.04411343595288,22.774969548886446,387,294,1002.2776396154757,1008.2776396154757,6.0,14.549569698914873,7.3060721496119365,343.1831258788849,370000,0.5289984673200524,3.8118662559935133,3.140463878824403,7.739714421698336,8.352585989000413,0,0,0,0,0,6,6,1,1
136,2017,4,7,15,42830.625,74.08236572529657,20.22485943116808,384,293,1002.6245176048692,1008.6245176048692,6.0,14.77682555869704,6.75751038473405,327.46090286958605,336875,0.34687798939354253,2.499062911064508,-25.920560151990454,1.4178201691856118,25.959307629925434,0,0,0,0,0,9,9,1,1
136,2017,4,7,18,42830.75,73.62596640599432,14.703551823761567,378,289,1003.460721593474,1009.460721593474,6.0,13.354118624455941,4.1997725144291325,331.6863796001769,345625,0.8362039886048297,6.038293282589182,-57.670843225621,-16.91642961014638,60.10068010521339,0,0,0,0,0,10,10,1,1
136,2017,4,7,21,42830.875,72.96810323351946,14.127916636919693,378,286,1004.0647593074729,1012.0647593074729,8.0,11.788580126703064,4.583555131785688,415.55157712936966,542500,0.6040377139988413,4.376856917418968,-6.249348437800029,-24.383682401833376,25.171776325291635,0,0,0,0,0,12,12,1,1
136,2017,4,8,0,42831.0,72.69231955577686,14.667824903700053,379,285,1004.9334090108656,1012.9334090108656,8.0,10.010802946721814,3.369301487084231,433.8210693433022,591250,0.8686497033927298,6.3036029732234615,5.953513874468858,-10.221915272117997,11.829280590291717,0,0,0,0,0,8,8,1,1
136,2017,4,8,3,42831.125,72.29074861083534,16.594753566529228,382,284,1004.8714268701578,1010.8714268701578,6.0,9.285313275841473,5.371410859401367,344.0515788724086,371875,-0.06198214070769609,-0.4507865713565638,21.7245735580835,-14.884217255119616,26.334331576445628,0,0,0,0,0,8,8,1,1
136,2017,4,8,6,42831.25,72.37151195209448,18.203918706026535,384,285,1004.796063630847,1008.796063630847,4.0,9.201646874666991,6.838436790223932,262.74218649868465,216875,-0.07536323931082733,-0.547859191397093,18.062174798351993,2.99349126895977,18.30855396866613,0,0,0,0,0,9,9,1,1
136,2017,4,8,9,42831.375,72.80152738152279,18.67170689482912,384,287,1005.3635131408341,1009.3635131408341,4.0,9.029571281555405,6.66166110672435,279.615567867552,245625,0.5674495099870547,4.115421476903871,5.1266965779244345,15.938511377103108,16.742734624909616,0,0,0,0,0,13,13,1,1
136,2017,4,8,12,42831.5,73.30303325939518,18.434948822922014,383,289,1005.7410082105373,1007.7410082105373,2.0,8.59971524536918,5.076634906752151,196.456289539899,121250,0.3774950697031454,2.7304861185300386,-2.5212661141763792,18.58830310061199,18.758512600382673,0,0,0,0,0,12,12,1,1
136,2017,4,8,15,42831.625,73.58874780048438,17.938893862526765,382,290,1005.4443373107782,1005.4443373107782,0.0,8.623631986042838,5.116409720008305,14.104739588693906,625,-0.29667089975904676,-2.1426927880058617,-5.194653740261219,10.590002479232453,11.795447426501436,0,0,0,0,0,10,10,1,1
136,2017,4,8,18,42831.75,73.93937629562481,16.66086796410411,380,291,1005.3555556366664,1005.3555556366664,0.0,8.723722919758291,4.196909892293043,14.104739588693906,625,-0.08878167411181494,-0.6400801217529702,-13.104862756607295,12.99603659887769,18.456283351446505,0,0,0,0,0,11,11,1,1
136,2017,4,8,21,42831.875,74.2201766367407,16.113418233089295,379,292,1005.3319258896628,1005.3319258896628,0.0,8.631812697326579,3.457612398217679,14.104739588693906,625,-0.023629747003578814,-0.17012297509044946,-5.518000582498178,10.40785777738291,11.780145752183211,0,0,0,0,0,10,10,1,1
136,2017,4,9,0,42832.0,74.77688490087691,14.958636073720873,377,294,1004.0732256805765,1004.0732256805765,0.0,9.701761180830756,4.71882835163633,14.104739588693906,625,-1.2587002090863826,-9.037656436988124,-11.238699699739975,20.634378197681485,23.49650898635558,0,0,0,0,0,11,11,1,1
136,2017,4,9,3,42832.125,75.05263019384495,14.349332042947134,376,295,1003.7881664766479,1003.7881664766479,0.0,9.668425744217766,3.883698483582412,14.104739588693906,625,-0.28505920392854023,-2.0441144671482867,-5.825061582509803,10.220492541387536,11.763919849633023,0,0,0,0,0,10,10,1,1
136,2017,4,9,6,42832.25,75.54576933006358,13.92834193915369,375,297,1003.080619082664,1003.080619082664,0.0,10.285610405088848,4.925621563564709,14.104739588693906,625,-0.7075473939838411,-5.0622663284487865,-3.894849265336774,18.27819002579769,18.688554824246435,0,0,0,0,0,9,9,1,1
136,2017,4,9,9,42832.375,76.08864412264842,12.578935237493054,373,299,1002.4178625623516,1004.4178625623516,2.0,10.891950561922206,6.605019682836209,143.8406847937898,65000,-0.6627565203123958,-4.730461748369104,-12.024540665483006,20.12164091288349,23.440776677467007,0,0,0,0,0,6,6,1,1
136,2017,4,9,12,42832.5,76.44246086783834,10.007979801441337,370,300,1002.2660144424237,1004.2660144424237,2.0,10.148446616816013,5.305347639287357,175.60259173501603,96875,-0.15184811992789038,-1.082189862843821,-22.33683978870002,13.11420900900323,25.90206342509943,0,0,0,0,0,5,5,1,1
136,2017,4,9,15,42832.625,76.73674120339531,8.267173335510636,368,301,1001.4792466947613,1003.4792466947613,2.0,10.59640804974082,4.532595078385129,153.21669003752353,73750,-0.7867677476625249,-5.600267298702277,-14.802679107795145,10.907493441731374,18.387297842526177,0,0,0,0,0,6,6,1,1
136,2017,4,9,18,42832.75,77.04147015824473,5.4638428132366395,365,302,1000.5963783059683,1002.5963783059683,2.0,10.946575411616378,7.812758880258261,132.3141857100307,55000,-0.8828683887929947,-6.276538571773143,-23.29813262174504,11.294771260318171,25.89159789358953,0,0,0,0,0,6,6,1,1
136,2017,4,9,21,42832.875,77.2856421776443,4.553767979158628,364,303,999.8160532678571,1003.8160532678571,4.0,11.372423693265908,12.100201395831464,214.37348207692287,144375,-0.7803250381111866,-5.542147101229862,-7.424002123393344,9.050229928596327,11.705659711806488,0,0,0,0,0,5,5,1,1
136,2017,4,10,0,42833.0,77.3015535179376,3.5447664555948797,363,303,999.262863510059,1003.262863510059,4.0,11.336928687516343,14.618025154529896,213.90896694369758,143750,-0.5531897577980999,-3.928705214454104,-8.220853633500793,0.5897534389099086,8.241980561864318,0,0,0,0,0,6,6,1,1
136,2017,4,10,3,42833.125,77.08837540522703,2.489552921999156,362,302,999.5949794127046,1001.5949794127046,2.0,10.620479499999076,16.210417281741393,127.72384924875728,51250,0.3321159026456007,2.3606535175749332,-8.739256261619293,-7.901441535026302,11.781654312433837,0,0,0,0,0,6,6,1,1
136,2017,4,10,6,42833.25,76.86318959017058,2.447048642323615,362,301,999.3577863890616,1001.3577863890616,2.0,10.562314543399797,12.256167727811334,129.27207364566027,52500,-0.23719302364290343,-1.6874826380314345,-0.35805674958886463,-8.34650672886538,8.354183335965354,0,0,0,0,0,7,7,1,1
136,2017,4,10,9,42833.375,76.64551634457239,1.4441255309358456,361,300,1000.5092855207884,1002.5092855207884,2.0,9.710140262919362,13.486883518755349,120.5109478725292,45625,1.1514991317267413,8.199538188892912,-8.586005722852663,-8.068053525591335,11.781892121584947,0,0,0,0,0,10,10,1,1
136,2017,4,10,12,42833.5,76.1982576586734,0.4658090827649937,360,298,1001.4473084481883,1003.4473084481883,2.0,8.710117842192298,15.919915915416496,118.0087179853287,43750,0.9380229273998703,6.692032353470813,-8.650499107507228,-16.57763225656,18.69890440755078,0,0,0,0,0,6,6,1,1
136,2017,4,10,15,42833.625,75.74697760554217,0.45113854678728116,360,296,1002.3845835303986,1004.3845835303986,2.0,7.851835539219885,15.082899872847774,116.31066229203195,42500,0.9372750822102535,6.699868104136067,-0.13387686797350692,-16.726684134693034,16.72721988728462,0,0,0,0,0,4,4,1,1
136,2017,4,10,18,42833.75,75.74697760554217,0.45113854678728116,360,296,,,,7.851835539219885,,0.0,0,0.0,,0.0,0.0,0.0,0,3,0,0,0,4,4,0,0
143,2017,4,6,6,42829.25,62.73992332553751,-117.94668523129906,253,416,997.2109493924982,997.2109493924982,0.0,16.023705727853493,2.0859587442827614,14.104739588693906,625,,,,,,3,0,0,0,0,16,16,1,1
143,2017,4,6,9,42829.375,63.57291382086972,-116.67460320325452,255,412,996.5233366483349,998.5233366483349,2.0,16.648788271804577,3.0793341797369793,203.9098547955877,130625,-0.6876127441633435,-5.3198359104034125,20.984027700759,30.87477234135991,37.330697631801954,0,0,0,0,0,19,19,1,1
143,2017,4,6,12,42829.5,63.87591014125964,-115.3461759419467,255,409,996.2483819821422,1000.2483819821422,4.0,17.271555680753345,3.789646176840324,366.18033747720784,421250,-0.27495466619264336,-2.121688105844721,21.67997700508746,11.230551206442595,24.416115238539692,0,0,0,0,0,19,19,1,1
143,2017,4,6,15,42829.625,64.27897645181852,-114.65215073731565,256,407,996.1885309142949,1002.1885309142949,6.0,17.34758895393172,7.237800443795423,474.1374875680072,706250,-0.05985106784719392,-0.46026434827668866,11.163907151447274,14.939642945162802,18.650087244168276,0,0,0,0,0,18,18,1,1
143,2017,4,6,18,42829.75,64.347736772413,-113.06611495893696,255,404,996.6725569870599,1002.6725569870599,6.0,16.005314804239553,8.487373595731624,535.4230488541527,900625,0.48402607276497295,3.720090494706169,25.44844391252526,2.5485996015194865,25.575743537535896,0,0,0,0,0,15,15,1,1
143,2017,4,6,21,42829.875,64.31131298826534,-111.94172540056323,254,402,997.525536940983,999.4034549696761,1.8779180286930932,14.148056878837128,10.252003446988674,299.2067103010745,281250,0.8529799539230589,6.55777135028526,18.065296286345042,-1.3500466688052146,18.115671555903855,0,0,0,1,0,17,15,2,0
143,2017,4,7,0,42830.0,62.68445775351564,-108.58493743190947,245,398,997.6793559149149,999.6793559149149,2.0,13.158238326691961,3.5160264386644853,288.0269329188686,260625,0.15381897393192048,1.1994347392576095,57.08838274009366,-60.299349496436434,83.03670871110447,0,0,1,0,0,17,17,1,1
143,2017,4,7,3,42830.125,62.933911067587914,-105.25511870305779,244,391,997.5717235802794,999.5717235802794,2.0,14.041132546013223,3.036456397878865,212.97689729449573,142500,-0.10763233463556389,-0.8374099247298165,56.15188851087142,9.24598098650303,56.90802006519037,0,0,0,0,0,16,16,1,1
143,2017,4,7,6,42830.25,63.16218200447674,-103.3924977537511,244,387,997.878917131167,999.878917131167,2.0,13.993521210725277,3.406269814205734,189.75986370816491,113125,0.3071935508876049,2.3852156442440893,31.167257828507942,8.460856694145669,32.29526368598899,0,0,0,0,0,13,13,1,1
143,2017,4,7,9,42830.375,63.088476559802594,-101.8762644037596,243,384,997.5194824992001,999.5194824992001,2.0,14.282086340686991,3.9565260827339808,168.07737027574956,88750,-0.35943463196686937,-2.792663427672848,25.435936213489267,-2.7318905046156923,25.582221889153885,0,0,0,0,0,13,13,1,1
143,2017,4,7,12,42830.5,63.036219595964965,-99.8966719676691,242,380,997.6928184460273,999.6928184460273,2.0,14.313576270086063,4.977906010514053,163.27416503504918,83750,0.1733359468272829,1.3473753445414858,33.26824352049747,-1.9369030868637522,33.324579824913386,0,0,0,0,0,9,9,1,1
143,2017,4,7,15,42830.625,62.65580919086027,-98.80019787638051,240,378,997.3409619729863,999.3409619729863,2.0,14.168414263672545,4.500449169165513,184.44340347622256,106875,-0.3518564730411163,-2.744381495155144,18.667501712487372,-14.099902363481323,23.39407760193646,0,0,0,0,0,13,13,1,1
143,2017,4,7,18,42830.75,62.4181331099002,-94.9392155421262,238,370,997.2539692239935,999.2539692239935,2.0,14.306100965354657,2.115096453278675,218.05398241881235,149375,-0.08699274899277952,-0.679983455563202,66.25101552860393,-8.809458129173807,66.83415003649695,0,0,0,0,0,12,12,1,1
143,2017,4,7,21,42830.875,62.469311838405595,-93.53229458389089,238,367,996.8237108195023,996.8237108195023,0.0,14.124179125419232,3.4220083273930504,14.104739588693906,625,-0.43025840449117825,-3.3615705211980993,24.103326785547655,1.8969383206398884,24.177856338460014,0,0,0,0,0,14,14,1,1
143,2017,4,8,0,42831.0,62.28019451103996,-91.63657704161672,237,363,997.4023193895459,997.4023193895459,0.0,13.28290771143434,2.272852195091109,14.104739588693906,625,0.5786085700435797,4.528432921201817,32.682332858927325,-7.009629114545562,33.42558573047308,0,0,0,0,0,10,10,1,1
143,2017,4,8,3,42831.125,63.893834648574455,-88.26429541107161,244,356,997.171108342944,997.171108342944,0.0,15.156068707864078,4.122894573494413,14.104739588693906,625,-0.2312110466019658,-1.7838667994505184,54.99522873006377,59.809532241287855,81.25057125949135,0,0,0,0,0,10,10,1,1
143,2017,4,8,6,42831.25,64.32344892503018,-86.72232404780974,246,353,996.9490810576671,996.9490810576671,0.0,15.636898352711988,4.7922390722137065,14.104739588693906,625,-0.22202728527685395,-1.7067879073884946,24.763288626005917,15.923642651983,29.441176248290866,0,0,0,0,0,11,11,1,1
143,2017,4,8,9,42831.375,64.75161486240074,-85.64059215565518,248,351,997.2820846557847,997.2820846557847,0.0,15.960727038069555,4.532499818341093,14.104739588693906,625,0.3330035981176479,2.5508019376788202,17.10177336937178,15.869959999206207,23.330801159706432,0,0,0,0,0,14,14,1,1
143,2017,4,8,12,42831.5,65.83144745841797,-83.83701113088443,253,348,997.666106584011,997.666106584011,0.0,16.730583268966075,4.346147573354537,14.104739588693906,625,0.3840219282262842,2.916201712769863,27.36881479488308,40.023968767512976,48.48680335080325,0,0,0,0,0,13,13,1,1
143,2017,4,8,15,42831.625,67.39666333355412,-82.83955027310887,260,347,998.0283412923804,998.0283412923804,0.0,17.75004094777543,6.073109316609989,14.104739588693906,625,0.36223470836950583,2.718445347018329,14.209564198620962,58.01468813955431,59.72952163415068,0,0,0,0,0,11,11,1,1
143,2017,4,8,18,42831.75,67.36704836574812,-82.27338238090277,260,346,998.1679435955434,998.1679435955434,0.0,16.749623667623254,6.990838567177052,14.104739588693906,625,0.13960230316297384,1.0478923093053953,8.075549687295824,-1.0976780575895448,8.149809805762171,0,0,0,0,0,12,12,1,1
143,2017,4,8,21,42831.875,67.10889658697704,-81.79009856162929,259,345,999.0091861789703,999.0091861789703,0.0,14.872258978044712,7.25856333559379,14.104739588693906,625,0.8412425834267924,6.326541174335421,6.967759732974995,-9.568389367870823,11.836543025379125,0,0,0,3,0,11,11,1,1
143,2017,4,9,0,42832.0,67.07513332405003,-81.23241875544701,259,344,999.6755649743278,999.6755649743278,0.0,13.498181300397839,8.014342402526745,14.104739588693906,625,0.6663787953575957,5.012731084337447,8.051579467965889,-1.251434514816523,8.14825259020877,0,0,0,3,0,12,12,1,1
143,2017,4,9,3,42832.125,67.03917074088473,-80.67640822186199,259,343,1000.2632583608654,1000.2632583608654,0.0,11.894252160811282,6.431384045099403,14.104739588693906,625,0.5876933865375759,4.422007031590125,8.039391248935086,-1.3329522656713133,8.149145562328135,0,0,0,0,0,11,11,1,1
143,2017,4,9,6,42832.25,68.61537936717194,-79.99202019855866,266,343,1000.3239837591386,1000.3239837591386,0.0,12.353436444448175,6.653161759013747,14.104739588693906,625,0.06072539827320725,0.45182432308557013,9.24937811336128,58.42213419217548,59.14978240917278,0,0,0,0,0,10,10,1,1
143,2017,4,9,9,42832.375,67.41034413831807,-79.36278549070992,261,341,1000.6766219277671,1000.6766219277671,0.0,9.651402656118414,4.5848206493006725,14.104739588693906,625,0.3526381686284731,2.646163681523713,8.958828372220866,-44.66460129217182,45.55422279428753,0,0,0,0,0,8,8,1,1
143,2017,4,9,12,42832.5,67.41034413831807,-79.36278549070992,261,341,,,,9.651402656118414,,0.0,0,0.0,,0.0,0.0,0.0,0,3,0,0,0,8,8,0,0
161,2017,4,7,0,42830.0,42.856990983871135,-76.26978449168358,161,311,986.6684242071228,1014.6684242071228,28.0,26.305864667859044,8.681018486062385,1166.0960702452353,4271875,,,,,,3,0,0,0,0,12,12,1,1
161,2017,4,7,3,42830.125,43.27408124276832,-75.8608916883495,163,310,985.9685727111681,1015.9685727111681,30.0,26.941457720342456,7.2889160187575905,1240.0143926368653,4830625,-0.6998514959547901,-7.0733636237056485,11.034523857814134,15.45944024741077,18.993551788223638,0,0,0,0,0,12,12,1,1
161,2017,4,7,6,42830.25,44.09846248896094,-75.02227947044835,167,308,985.9134410046676,1013.9134410046676,28.0,25.801602079236904,5.063418847038338,1166.6077777533333,4275625,-0.05513170650054235,-0.5488823404267947,22.3221051848941,30.55567073251314,37.840790078950995,0,0,0,0,0,10,10,1,1
161,2017,4,7,9,42830.375,44.93806911135015,-73.2306949308921,172,303,985.9139800313495,1013.9139800313495,28.0,24.83427668709984,3.8228693116170325,1227.9226938683248,4736875,0.0005390266819449607,0.005287079194364216,47.00522320448055,31.119998928951254,56.37326797198264,0,0,0,0,0,10,10,1,1
161,2017,4,7,12,42830.5,45.63618886016588,-72.97367991241646,175,303,986.5235682999576,1014.5235682999576,28.0,24.18127152988693,3.6304457403381822,1241.457482222465,4841875,0.6095882686080586,5.9074919851625785,6.660868547493219,25.875791419560702,26.719351627530106,0,0,0,0,0,7,7,1,1
161,2017,4,7,15,42830.625,46.41570742205308,-72.04250495438757,179,301,987.6254795250476,1015.6254795250476,28.0,22.457291396280226,3.3019985743071447,1310.6028091375665,5396250,1.1019112250900072,10.539311282375019,23.794522782504846,28.89283643570644,37.42960475008556,0,0,0,0,0,10,10,1,1
161,2017,4,7,18,42830.75,46.18642827801509,-71.1849852458413,179,298,987.8250149846483,1015.8250149846483,28.0,20.953068669508077,2.1850461778964383,1411.74281470396,6261250,0.19953545960073826,1.9157835125027975,22.004368337227497,-8.498225867477064,23.58838843191786,0,0,0,0,0,11,11,1,1
161,2017,4,7,21,42830.875,46.256385340300255,-70.51823482267459,180,296,987.7963407124388,1013.7963407124388,26.0,20.21036724017886,4.377404900023394,1357.4300547897185,5788750,-0.028674272209464106,-0.2749860250383006,17.087383161314612,2.5929568030227172,17.282999979283687,0,0,0,0,0,13,13,1,1
161,2017,4,8,0,42831.0,46.4629549187044,-69.4616441220938,182,293,989.0273358068391,1011.0273358068391,22.0,19.061224432541547,4.2006025698139275,1158.9942707777277,4220000,1.2309950944002777,11.764713968787099,26.975852496402755,7.656496372548482,28.041372195570723,0,0,0,0,0,9,9,1,1
161,2017,4,8,3,42831.125,47.14167126921236,-69.13871534547563,185,293,989.2376741637199,1011.2376741637199,22.0,18.872625941343742,6.751215500456165,1148.2159029718619,4141875,0.21033835688082037,1.9879832878838213,8.141399470563618,25.156604935731753,26.441201887050763,0,0,0,0,0,9,9,1,1
161,2017,4,8,6,42831.25,49.47870928872079,-65.82390572492359,198,287,988.8984928389203,1010.8984928389203,22.0,19.928767938948855,8.51878820780461,1153.8332197348561,4182500,-0.3391813247995742,-3.091326804023847,79.82163169635616,86.62225704826172,117.79180066033399,0,0,0,0,0,10,10,1,1
161,2017,4,8,9,42831.375,49.69709167952958,-65.69066851393308,199,287,989.1384393826463,1011.1384393826463,22.0,18.811716716457553,7.837662626175661,1197.5746243707913,4505625,0.23994654372596413,2.17980729208194,3.194319375164853,8.094337975482144,8.701837939877182,0,0,0,0,0,12,12,1,1
161,2017,4,8,12,42831.5,49.915083258440305,-65.55604521958347,200,287,990.730043782675,1010.730043782675,20.0,17.156936206707194,5.884725837230217,1134.79620782425,4045625,1.5916044000287366,14.412611816854998,3.2130486285406046,8.079852542036653,8.695268747452422,0,0,0,0,0,11,11,1,2
161,2017,4,8,15,42831.625,50.231539725003586,-65.7196690856149,201,288,991.849119602055,1009.849119602055,18.0,15.464292183214665,3.947584273254324,1102.3375120654387,3817500,1.119075819379941,10.086942362940743,-3.879516388418126,11.729451195233228,12.354378687306093,0,0,0,0,0,9,9,1,2
161,2017,4,8,18,42831.75,49.062249727833525,-65.37036510267008,197,285,992.814902302955,1007.9995464994277,15.184644196472654,14.211337491884835,9.451908728892668,1025.1923992320192,3301875,0.9657827009000175,8.857485685585827,8.48333070443287,-43.33970515384698,44.16216641723053,0,0,0,1,0,8,7,2,0
161,2017,4,8,21,42831.875,48.96168738897883,-65.07969405601709,197,284,994.6097526234023,1007.7773390178128,13.167586394410463,12.549698038158605,6.196107842693673,1008.3655798758435,3194375,1.7948503204472945,16.48623962815027,7.073624324948818,-3.727340630717455,7.995575605790044,0,0,0,0,0,6,7,2,0
161,2017,4,9,0,42832.0,48.757158822165316,-64.50244850666222,197,282,997.1862380287373,997.1862380287373,0.0,11.193260251524418,3.9647975679802765,14.104739588693906,625,2.57648540533497,23.73970990309761,14.1050504496134,-7.580846327848594,16.013172054049587,0,0,0,2,0,7,7,1,1
161,2017,4,9,3,42832.125,50.04908543655837,-62.92142805803398,204,280,,,,9.83344531533047,,0.0,0,1.951320849853946,,37.62849192978775,47.88522837252945,60.9007266064979,0,2,2,0,0,6,7,0,0
162,2017,4,7,0,42830.0,53.20249147609313,121.57261543535039,497,444,1006.6367231294985,1010.6367231294985,4.0,8.475571702218563,4.7457388494024055,441.9985210894959,613750,,,,,,3,0,0,0,0,20,20,1,1
162,2017,4,7,3,42830.125,53.22449937772519,122.85261362409128,495,447,1003.6743901196699,1009.6743901196699,6.0,10.803553110292762,8.524700821970182,480.3901200932928,725000,-2.9623330098285807,-25.62293011945073,28.40291189653826,0.8157223358593902,28.414623121409413,0,0,0,0,0,19,19,1,2
162,2017,4,7,6,42830.25,53.352366853768984,122.55319955285351,495,446,1003.0123659590233,1005.0123659590233,2.0,10.199778303312275,8.095966511794467,226.11617692741794,160625,-0.6620241606465425,-5.716708072773598,-6.624169458424763,4.73940487297136,8.1450340431377,0,0,0,2,0,17,17,1,2
162,2017,4,7,9,42830.375,52.76465575871977,124.5175616024401,494,452,1003.2102011534881,1009.2102011534881,6.0,10.275189729195798,12.053788913088356,658.1036308126709,1360625,0.19783519446486025,1.721573469028955,44.05467508816207,-21.783497367397064,49.146059401328635,0,0,2,0,0,18,18,1,3
162,2017,4,7,12,42830.5,56.05221130671579,126.83152137595452,479,449,1002.8053065574542,1008.8053065574542,6.0,11.68948696915211,8.56951646563597,468.6510657907603,690000,-0.4048945960339915,-3.3815958967996904,47.89316679296139,121.85316599977683,130.9272679376897,0,0,1,0,0,13,13,1,1
162,2017,4,7,15,42830.625,56.42666161388137,127.29660172339962,477,449,1001.7300658454266,1007.7300658454266,6.0,12.950296472252608,11.793991911062912,341.4395932149834,366250,-1.0752407120275893,-8.941042918596455,9.532769137705522,13.878991479102913,16.837460969807832,0,0,0,0,0,17,17,1,1
162,2017,4,7,18,42830.75,56.14036240626223,127.9087267446724,477,451,1001.3613991764566,1005.3613991764566,4.0,13.324607946758727,7.593627951279997,253.88531259649034,202500,-0.3686666689699632,-3.075845699865939,12.6410328623458,-10.611673129868738,16.50464535947636,0,0,0,0,0,17,17,1,1
162,2017,4,7,21,42830.875,55.48091941453489,128.04057792850102,479,453,1000.5429856890182,1010.5429856890182,10.0,14.084980732915598,8.799801762755669,669.9380116989519,1410000,-0.8184134874383744,-6.8817535766251,2.769402460696262,-24.44223836379645,24.598630169624354,0,0,2,0,0,20,20,1,2
162,2017,4,8,0,42831.0,55.18910294544823,128.6305607938877,479,455,999.6973493015747,1009.6973493015747,10.0,14.978973024814307,8.748328445242878,609.6120012922773,1167500,-0.8456363874435192,-7.135749913339931,12.483571118312303,-10.816170291255254,16.517538788675324,0,0,0,0,0,16,16,1,1
162,2017,4,8,3,42831.125,53.73084623695578,133.47247455778708,475,469,999.59864268947,1009.59864268947,10.0,14.017100614407392,8.77176869256349,692.5700034965415,1506875,-0.09870661210472463,-0.848201066173776,106.14746845522853,-54.05024924325128,119.11639057120276,0,0,0,0,0,18,18,1,1
162,2017,4,8,6,42831.25,50.72057423584508,135.47155955407615,480,482,1000.8413435646322,1008.3911802630423,7.549836698410072,11.347543901355571,7.576825241111002,701.1346735649947,1544375,1.2427008751622635,11.122651593005706,46.90899388884112,-111.57565811455747,121.0354542741917,0,0,0,1,0,23,21,2,0
162,2017,4,8,9,42831.375,50.49477541975256,138.04976046926842,475,488,1000.9252289161745,1008.9252289161745,8.0,10.338501563930592,5.067664553884751,755.22945341504,1791875,0.08388535154226702,0.7532399401352834,60.78791156958492,-8.369227597278883,61.36134095313376,0,0,0,0,0,27,27,1,3
162,2017,4,8,12,42831.5,50.990727489660564,138.32464910711084,473,487,1001.3605349722659,1007.3605349722659,6.0,10.573015005270705,7.785043693142432,525.6736344380449,868125,0.4353060560913582,3.8812324883116105,6.413259884664635,18.3824513442126,19.46906314568301,0,0,1,0,0,24,24,1,2
162,2017,4,8,15,42831.625,50.96978396229939,138.79829522039213,472,488,1000.8911398539062,1006.8911398539062,6.0,10.905171511889876,7.284512488102846,472.0348719413148,700000,-0.46939511835968006,-4.186413870718534,11.055322954156654,-0.7762713295347222,11.082543155691324,0,0,0,0,0,19,19,1,2
162,2017,4,8,18,42831.75,50.946059253357085,139.2714220173839,471,489,1000.5578302649695,1004.5578302649695,4.0,10.854828905902968,8.202611077195106,360.4306067730092,408125,-0.3333095889366814,-2.973700613111088,11.04884149238714,-0.8793557568342878,11.083779358638157,0,0,0,0,0,20,20,1,2
162,2017,4,8,21,42831.875,49.66447636040893,140.75633826112337,471,496,1000.5877917565231,1000.5877917565231,0.0,10.496032328980034,5.583064133340813,14.104739588693906,625,0.02996149155354942,0.272318303315874,35.62370358839034,-47.501838590096945,59.375693063686576,0,0,0,2,0,23,23,1,1
162,2017,4,9,0,42832.0,48.73181732368837,146.08939553577204,460,509,,,,9.785086478467287,,0.0,0,-0.9582550335004635,,130.3532063775279,-34.568984390842886,134.85908606659294,0,3,3,0,0,26,26,0,0
163,2017,4,7,3,42830.125,43.400000300828005,-29.164735207102545,261,183,1009.0726369989795,1011.0726369989795,2.0,7.875364041534642,7.256991821838674,130.03927369650248,53125,,,,,,3,0,0,0,0,2,2,1,1
163,2017,4,7,6,42830.25,43.75371227592606,-28.416778110655176,264,183,1008.6201721770224,1010.6201721770224,2.0,8.457346717703166,6.034699689913977,135.28790949515025,57500,-0.45246482195725546,-4.532895031200011,20.024794270294255,13.110325708110363,23.934766047328498,0,0,0,0,0,2,2,1,1
163,2017,4,7,9,42830.375,44.08497772427154,-28.300755766006375,265,184,1009.4412629069874,1011.4412629069874,2.0,8.595073785798746,6.0988435905387455,135.28790949515025,57500,0.8210907299650717,8.17663247751981,3.0889897438589675,12.278345742883898,12.660949088415965,0,0,0,0,0,3,3,1,1
163,2017,4,7,12,42830.5,44.31463319304615,-27.792168827925867,267,184,1010.1464625796932,1012.1464625796932,2.0,8.626247101064,5.191497988361079,147.93175681757992,68750,0.7051996727057849,6.993673485672067,13.487969165118013,8.512174334637908,15.949370649102196,0,0,0,0,0,2,2,1,1
163,2017,4,7,15,42830.625,44.651507323120285,-27.020286156518708,270,184,1009.6758874217953,1011.6758874217953,2.0,9.02108802648856,4.497959091553712,151.91269449366246,72500,-0.47057515789783794,-4.63897758538082,20.35278833194591,12.48623139401464,23.877645765650147,0,0,0,0,0,4,4,1,1
163,2017,4,7,18,42830.75,44.97912159243156,-26.2376502862336,273,184,1009.1931197181232,1011.1931197181232,2.0,9.266663757125833,4.133741217301649,158.95234259311306,79375,-0.4827677036721434,-4.7318627436635605,20.519415232686768,12.14301488125916,23.84322150838471,0,0,0,0,0,4,4,1,1
163,2017,4,7,21,42830.875,45.51673131098665,-25.57158232079541,276,185,1009.9281631416651,1011.9281631416651,2.0,9.539843181102666,3.2247604072382092,249.93662229367052,196250,0.735043423541938,7.1378426637556105,17.29871040972434,19.926491072711922,26.38769463803864,0,0,0,0,0,4,4,1,2
163,2017,4,8,0,42831.0,46.26656825106376,-25.016893478100023,279,187,1009.3973155082696,1011.3973155082696,2.0,10.878087096169308,2.688035563117592,238.53279052439012,178750,-0.5308476333956059,-5.0899585538010506,14.212858125009513,27.792687849084935,31.2160028504343,0,0,0,0,0,2,2,1,2
163,2017,4,8,3,42831.125,47.42830342033753,-24.009516963617582,284,190,1006.7267178652341,1010.7267178652341,4.0,12.914763175614889,6.5124592525067415,326.8528041036741,335625,-2.670597643035435,-25.124463834817806,25.25969951399668,43.05968564260009,49.921828363722256,0,0,1,0,0,2,2,1,1
163,2017,4,8,6,42831.25,47.589805478472904,-22.750976342787634,288,189,1004.1730320835227,1010.1730320835227,6.0,15.404988851609971,8.430562219132407,345.78194139918065,375625,-2.5536857817113923,-23.9626262532162,31.460491477132823,5.986069835769419,32.024920859565846,0,0,0,0,0,2,2,1,1
163,2017,4,8,9,42831.375,48.623923769303964,-21.948699083526975,292,192,1002.3855132885839,1010.3855132885839,8.0,17.590047235506315,9.014183452019424,354.02615395598616,393750,-1.7875187949388056,-16.503872371335067,19.655619753276916,38.3295691635855,43.07550649907083,0,0,0,0,0,4,4,1,1
163,2017,4,8,12,42831.5,49.2478121499405,-21.59219265066238,294,194,1001.3752846066402,1011.3752846066402,10.0,19.072056486621204,11.331009542922766,372.9096828007334,436875,-1.0102286819436994,-9.239207277450893,8.625877797134601,23.12440757309076,24.680842639130397,0,0,0,0,0,3,3,1,1
163,2017,4,8,15,42831.625,49.781448297962925,-21.52900688183912,295,196,999.8413540731573,1009.8413540731573,10.0,19.90029454638009,12.264890894130076,311.58388162107514,305000,-1.533930533482926,-13.917710122542898,1.5122274015077353,19.779210778079396,19.83693551730113,0,0,0,0,0,3,3,1,1
163,2017,4,8,18,42831.75,49.47058944053182,-21.711274616533494,294,195,999.1813593640057,1011.1813593640057,12.0,20.768976653670915,15.009418921519318,371.3057627526865,433125,-0.6599947091515059,-6.015975445358939,-4.390143376267556,-11.521975949621126,12.330015760242707,0,0,0,0,0,2,2,1,1
163,2017,4,8,21,42831.875,48.623923769303964,-21.948699083526975,292,192,999.4085336681892,1011.4085336681892,12.0,21.85447549921799,27.230712672456868,327.76452917762373,337500,0.22717430418342702,2.097463664665122,-5.816872629555568,-31.381642401549023,31.916194745100366,0,0,0,0,0,1,1,1,1
163,2017,4,9,0,42832.0,47.86444636973122,-21.888265073453102,291,189,1001.3918975767436,1013.3918975767436,12.0,21.016867507915748,27.336123376188116,371.8411714846597,434375,1.9833639085544563,18.53006388263078,1.5027766399978673,-28.150011244564073,28.19009525877497,0,0,0,0,0,1,1,1,1
163,2017,4,9,3,42832.125,47.192142203574136,-21.544735237443422,291,186,1002.0885565075926,1014.0885565075926,12.0,19.804846431182405,25.413331635262516,391.13640721247674,480625,0.6966589308489347,6.578998587277071,8.652549368439608,-24.91893747955609,26.378401310225566,0,0,0,0,0,1,1,1,1
163,2017,4,9,6,42832.25,46.563970487634116,-21.885792016673168,289,184,1003.4496894194046,1013.4496894194046,10.0,19.144507974954408,20.946675218193196,227.4320920733615,162500,1.3611329118120192,12.98671529201003,-8.69141991948337,-23.28316929137909,24.852499923907263,0,0,0,0,0,1,1,1,1
163,2017,4,9,9,42832.375,45.70798413613864,-22.105143303598005,287,181,1006.0232343967103,1014.0232343967103,8.0,17.80393210593032,17.624550143895977,183.3616146530208,105625,2.573544977305719,24.90959829817139,-5.677478261889184,-31.72711318776088,32.23109477885004,0,0,0,0,0,2,2,1,1
163,2017,4,9,12,42832.5,44.66140814786178,-22.854819961776716,283,178,1007.9220722057299,1015.9220722057299,8.0,17.267292678953243,16.400111805892376,202.4410972262378,128750,1.8988378090196056,18.71566210483336,-19.76389567578413,-38.79131341480066,43.53593422367978,0,0,0,0,0,2,2,1,1
163,2017,4,9,15,42832.625,43.60273903295895,-23.57233458969852,279,175,1008.2099635297997,1014.2099635297997,6.0,16.59893208874555,14.313604911215153,165.09174420450913,85625,0.2878913240697875,2.89213015890695,-19.258169354758014,-39.239544857493215,43.710627626696954,0,0,0,0,0,2,2,1,1
163,2017,4,9,18,42832.75,42.53224059430597,-24.259502203912415,275,172,1007.9037883734168,1013.9037883734168,6.0,16.28143916385558,13.909478919526228,179.5240261806447,101250,-0.3061751563829603,-3.1379114087111772,-18.76860684387611,-39.67799845304427,43.89309927653522,0,0,0,0,0,1,1,1,1
163,2017,4,9,21,42832.875,41.56895947573966,-25.281155793379074,270,170,1008.4644539189146,1014.4644539189146,6.0,15.916940860312888,12.839733340218881,214.37348207692287,144375,0.5606655454979045,5.8542305518150615,-28.330744149021328,-35.7039911056897,45.57857001829341,0,0,0,0,0,1,1,1,1
163,2017,4,10,0,42833.0,40.36354738605664,-26.146841235580894,265,167,1009.4191393131114,1015.4191393131114,6.0,15.188902504818833,12.63358194792039,241.0218957450584,182500,0.9546853941967128,10.212931235976825,-24.44831076949958,-44.6785696295894,50.93029043337665,0,0,0,0,0,0,0,1,1
163,2017,4,10,3,42833.125,39.25294575423726,-26.74062502847801,261,164,1008.6990053985938,1014.6990053985938,6.0,14.237411437381024,10.476604382475925,675.1147815589695,1431875,-0.7201339145175006,-7.885061115911128,-17.042537343036173,-41.16442232716107,44.55286460619181,0,0,0,0,0,0,0,1,1
163,2017,4,10,6,42833.25,38.13136326575927,-27.310599820007777,257,161,1008.8946386685486,1014.8946386685486,6.0,13.160146215068922,8.886187327060833,670.5316653481805,1412500,0.19563326995470562,2.195077715941195,-16.61770513267357,-41.57142751071071,44.7697633359253,0,0,0,0,0,0,0,1,1
163,2017,4,10,9,42833.375,37.11600966990311,-27.635349291992355,254,158,1009.1866794097473,1017.1866794097473,8.0,12.77189269799493,9.082534396340707,819.04705916836,2107500,0.2920407411987253,3.3530232770945556,-9.59834929771834,-37.63405620317155,38.83877566999873,0,0,0,0,0,1,1,1,1
163,2017,4,10,12,42833.5,35.988399121401926,-27.61471175488452,252,154,1010.4618781040786,1016.4618781040786,6.0,11.671369379359014,7.51966479868679,551.8901814148488,956875,1.275198694331193,15.034910532961629,0.6189322355847712,-41.79485740807309,41.7994399827726,0,0,0,0,0,0,0,1,1
163,2017,4,10,15,42833.625,35.31420816299627,-27.275067388693518,252,151,1009.893563039115,1015.893563039115,6.0,10.916381855685037,8.489216079663528,543.9018757754568,929375,-0.5683150649635355,-6.811407682379723,10.272473482671248,-24.988871388113694,27.017908962461757,0,0,0,0,0,0,0,1,1
163,2017,4,10,18,42833.75,34.635839978918526,-26.94305743299144,252,148,1009.2706285381649,1017.2706285381649,8.0,10.259187397090946,7.5451100582863,808.2889590933619,2052500,-0.6229345009500684,-7.5934759804369465,10.12508985767758,-25.143700155509087,27.105776176604742,0,0,0,0,0,0,0,1,1
163,2017,4,10,21,42833.875,34.292287626393374,-25.974393962431318,255,145,1009.7115814855872,1017.7115814855872,8.0,9.980935545935639,6.44661201137642,744.0835022233264,1739375,0.4409529474223382,5.422312985844819,29.662421099860197,-12.733759545866654,32.28014649405082,0,0,0,0,0,0,0,1,1
163,2017,4,11,0,42834.0,34.283743236979504,-25.437538478843702,257,144,1010.2868748857429,1014.2868748857429,4.0,10.023888333032826,8.000516267239146,277.472888262447,241875,0.5752934001556423,7.075818905127194,16.44130799547331,-0.316697584699528,16.444357876249505,0,0,0,0,0,0,0,1,1
163,2017,4,11,3,42834.125,34.48262177805389,-24.463890680625607,261,143,1008.9124231072445,1012.9124231072445,4.0,10.594688061455864,8.013258291846286,271.67647093347347,231875,-1.3744517784983328,-16.819528697428648,29.74734063758274,7.371428261981174,30.647059069834356,0,0,0,0,0,0,0,1,1
163,2017,4,11,6,42834.25,34.896843677114774,-23.58076903348461,265,143,1008.6098923648544,1012.6098923648544,4.0,10.491202647961508,6.337596480466817,292.14181185347104,268125,-0.30253074239008126,-3.663681055605498,26.84687945441858,15.353124560214859,30.92690366334068,0,0,0,0,0,0,0,1,1
163,2017,4,11,9,42834.375,35.76304631212958,-22.875436695418937,269,145,1009.73850515801,1017.73850515801,8.0,10.606712687967315,5.919571096851359,700.5669530884484,1541875,1.1286127931554801,13.379188790725788,21.21355652283116,32.10577948659856,38.48111298792493,0,0,2,0,0,0,0,1,2
163,2017,4,11,12,42834.5,36.849939113077994,-22.243749259776003,273,148,1010.0775769184407,1020.0775769184407,10.0,11.254369212755572,4.530875342668005,878.8056448119926,2426250,0.3390717604308156,3.9170829940805407,18.735641760260933,40.2856550906524,44.42925025534238,0,0,0,0,0,0,0,1,2
163,2017,4,11,15,42834.625,38.504436410752454,-23.50371308223715,271,156,1008.5442667565839,1018.5442667565839,10.0,12.826960107922456,6.088586337969173,803.5988934756975,2028750,-1.5333101618569345,-17.063133688340283,-36.54567779222623,61.323901882844154,71.38772658818822,0,0,0,0,0,0,0,1,2
163,2017,4,11,18,42834.75,38.98707775042506,-24.293063309622873,269,159,1007.2544324251045,1017.2544324251045,10.0,13.569704945482439,7.568857124283824,743.147127108002,1735000,-1.28983433147936,-14.203773295535727,-22.741232094114,17.88908945350891,28.934117554091817,0,0,0,0,0,1,1,1,2
163,2017,4,11,21,42834.875,39.11079946101376,-24.638396724613845,268,160,1007.2633098100304,1019.2633098100304,12.0,14.14503460051018,7.253117515739578,883.096382707056,2450000,0.00887738492587232,0.09749869229772662,-9.931691361484006,4.585742177750133,10.939265268772512,0,0,0,0,0,0,0,1,1
163,2017,4,12,0,42835.0,39.458136175308596,-25.096250462692165,267,162,1007.0761005720834,1019.0761005720834,12.0,14.828696688814288,6.424966845582894,809.2728778497085,2057500,-0.1872092379469541,-2.040904100436117,-13.102599208063255,12.874026822325343,18.368959486837902,0,0,0,0,0,0,0,1,1
163,2017,4,12,3,42835.125,39.80145059918337,-25.55996517182381,266,164,1005.9293124663185,1017.9293124663185,12.0,14.900024185656653,5.914112161750381,816.4926624754056,2094375,-1.1467881057648628,-12.411840724473963,-13.204636871924995,12.724940726258067,18.338117444442936,0,0,0,0,0,0,0,1,1
163,2017,4,12,6,42835.25,40.253763422277856,-26.38618876274159,264,167,1005.9137255837718,1015.9137255837718,10.0,14.382552241628181,4.623701031374003,685.4961484055334,1476250,-0.015586882546776905,-0.16712073148188974,-23.371814196191146,16.7649637281284,28.76292244586323,0,0,0,0,0,0,0,1,1
163,2017,4,12,9,42835.375,40.2526087347478,-26.982390785309974,262,168,1007.2950641018994,1015.2950641018994,8.0,13.418035867736007,3.7788829089904907,581.039949602162,1060625,1.3813385181275952,14.8109025588161,-16.865392095046204,-0.0427984650673284,16.865446398724796,0,0,0,0,0,0,0,1,1
163,2017,4,12,12,42835.5,40.465399263289775,-27.702435514475287,260,170,1008.7647525633237,1014.7647525633237,6.0,12.44941599620905,2.890400455715717,461.59363087490163,669375,1.4696884614243755,15.689487323308557,-20.304456418325152,7.887075737293748,21.782490999182652,0,0,0,0,0,0,0,1,1
163,2017,4,12,15,42835.625,40.23298201272494,-28.17439476841925,258,170,1008.8226825372924,1014.8226825372924,6.0,11.399129703353887,2.7290598460967157,502.8492973419061,794375,0.05792997396871215,0.62138463836145,-13.354687144009043,-8.614539709162344,15.892072335447486,0,0,0,0,0,0,0,1,1
163,2017,4,12,18,42835.75,40.23298201272494,-28.17439476841925,258,170,1008.9406685460885,1012.9406685460885,4.0,10.423640838665401,2.6306957781043456,388.8408362521876,475000,0.11798600879614242,1.2655744234771953,0.0,0.0,0.0,0,0,0,0,0,0,0,1,1
163,2017,4,12,21,42835.875,40.5685634329962,-28.064598215055625,259,171,1009.6839147371511,1013.6839147371511,4.0,10.225238238161904,1.6929910190663942,404.63643892485425,514375,0.7432461910624988,7.917738219884836,3.0913879313730286,12.438317136779943,12.816723939343955,0,0,0,0,0,0,0,1,1
163,2017,4,13,0,42836.0,40.917469137860806,-26.142434545886992,266,169,1010.5767623960342,1014.5767623960342,4.0,10.131394787258563,2.29734590019485,422.9070433316492,561875,0.8928476588831109,9.444430031873702,53.83543417207967,12.932181419429265,55.366915109669556,0,0,0,0,0,0,0,1,1
163,2017,4,13,3,42836.125,41.027166019846014,-27.109556447990485,263,171,1009.4420104513474,1013.4420104513474,4.0,9.900702665839765,1.9910522947825666,417.2238236327841,546875,-1.1347519446867227,-11.97682966292985,-27.042291708553716,4.065912248494101,27.34624623715232,0,0,0,0,0,1,1,1,1
163,2017,4,13,6,42836.25,41.35969095012158,-26.991260591322863,264,172,1008.8753569386486,1016.8753569386486,8.0,9.776668185697634,2.224920331115645,1066.284729663108,3571875,-0.566653512698831,-5.9412619250348335,3.2910006562411986,12.325028409826356,12.7568417181686,0,0,0,0,0,1,1,1,1
163,2017,4,13,9,42836.375,41.46659343304099,-27.35823280736083,263,173,1008.7919892610668,1016.7919892610668,8.0,10.175635240889578,2.64127267912394,1007.2798827589246,3187500,-0.08336767758184578,-0.8722482938554974,-10.192403671245264,3.9623379154479856,10.935502473769125,0,0,0,0,0,2,2,1,2
163,2017,4,13,12,42836.5,41.46659343304099,-27.35823280736083,263,173,1009.2969148950273,1017.2568680777414,7.959953182714089,9.941063882175156,2.6491144899121717,969.2327128197398,2951250,0.5049256339605199,5.282869038946039,0.0,0.0,0.0,0,0,0,0,0,1,0,2,0
163,2017,4,13,15,42836.625,41.79898349984374,-27.24053282213751,264,174,1009.152729448067,1016.528019154926,7.375289706859039,9.454627827305835,2.21087962614758,935.2835698165716,2748125,-0.14418544696032767,-1.498750542774404,3.2522254745540056,12.320029698504188,12.742060363589681,0,0,0,0,0,1,0,2,0
163,2017,4,13,18,42836.75,41.79898349984374,-27.24053282213751,264,174,1008.6822124129699,1016.362358413443,7.680146000473178,9.138787415166387,2.3464521410575983,1003.9166684189616,3166250,-0.4705170350971457,-4.890837990955365,0.0,0.0,0.0,0,0,0,0,0,1,0,2,0
163,2017,4,13,21,42836.875,41.68563967317937,-27.484155960792226,263,174,1009.4124393467247,1016.1133666860536,6.700927339328919,8.790321336740307,2.3699287677707614,929.8436580128518,2716250,0.7302269337548932,7.607266115069036,-6.743560522507313,-4.201086163852818,7.945107518267748,0,0,0,0,0,3,1,2,0
163,2017,4,14,0,42837.0,41.68563967317937,-27.484155960792226,263,174,1010.3088905059731,1016.7656266484238,6.456736142450682,8.39616406531602,1.1385469659064984,918.0007754199263,2647500,0.8964511592483905,9.33893590106014,0.0,0.0,0.0,0,0,0,0,0,2,1,2,0
163,2017,4,14,3,42837.125,41.571314595446424,-27.726706078548,262,174,1009.2641580088227,1016.2205393443725,6.956381335549813,8.703932161522033,1.1383994548080227,927.2726568027144,2701250,-1.0447324971503986,-10.908145690236276,-6.725775460422838,-4.237456210716017,7.949345298938887,0,0,0,0,0,2,1,2,0
163,2017,4,14,6,42837.25,41.01899090755025,-27.7144427036001,261,172,1008.6908030911765,1015.9904367013654,7.299633610188903,8.94341017663711,1.1833198418768007,951.4167009439948,2843750,-0.5733549176462112,-6.052512640874174,0.3429481092871153,-20.47186398655588,20.474736347257497,0,0,0,1,0,4,2,2,0
163,2017,4,14,9,42837.375,40.34388892011674,-24.95235306100131,269,165,1008.2050113798564,1016.2050113798564,8.0,10.262879733772236,6.39949618230421,900.0548096298065,2545000,-0.48579171132005283,-5.198949528480064,78.02561977827692,-25.02263865675485,81.93979367273731,0,0,1,0,0,2,2,1,2
163,2017,4,14,12,42837.5,40.89764948626944,-24.935368519582152,270,167,1009.2736184382669,1017.2736184382669,8.0,10.099826821402056,5.604695742057811,903.9146470204018,2566875,1.0686070584104164,11.308104474370431,0.47585056139268206,20.5251218439994,20.530637117922062,0,0,0,0,0,1,1,1,1
163,2017,4,14,15,42837.625,41.12183658813866,-25.049643277055864,270,168,1008.5144123139218,1016.5144123139218,8.0,10.492729880452366,4.225697502447583,884.1095600999182,2455625,-0.7592061243450735,-7.997924698077096,-3.1907247496810216,8.309489449001344,8.90103023988188,0,0,0,0,0,1,1,1,1
163,2017,4,14,18,42837.75,41.56895947573966,-25.281155793379074,270,170,1007.5242151498911,1013.5242151498911,6.0,11.198410606071654,4.626416500218839,630.6254150055114,1249375,-0.9901971640306875,-10.339216555283663,-6.419943341524818,16.57259889596571,17.772639271502495,0,0,0,0,0,1,1,1,1
163,2017,4,14,21,42837.875,41.90779027669297,-25.765054689786783,269,172,1007.9745730988101,1015.9745730988101,8.0,11.242820057416067,5.01677156238642,858.1896638609356,2313750,0.4503579489189724,4.6713785534405865,-13.348102739086753,12.558755352306875,18.327416149919003,0,0,0,0,0,1,1,1,1
163,2017,4,15,0,42838.0,41.800165203171545,-26.012375912129833,268,172,1009.3201688785255,1015.3201688785255,6.0,10.468197294512132,4.353796934554703,671.7173986622078,1417500,1.345595779715368,13.986611875866856,-6.833725011929245,-3.9891207184434108,7.91283019184551,0,0,0,0,0,1,1,1,1
163,2017,4,15,3,42838.125,41.800165203171545,-26.012375912129833,268,172,1009.0133717159132,1015.0133717159132,6.0,10.394863909811253,3.2596641460881073,688.2477020501075,1488125,-0.30679716261220163,-3.18896127853623,0.0,0.0,0.0,0,0,0,0,0,0,0,1,1
163,2017,4,15,6,42838.25,41.800165203171545,-26.012375912129833,268,172,1009.2231919049742,1015.2231919049742,6.0,10.181740549225433,2.8451923169835207,712.3940796948564,1594375,0.20982018906099256,2.180947348644238,0.0,0.0,0.0,0,0,0,0,0,0,0,1,1
163,2017,4,15,9,42838.375,41.800165203171545,-26.012375912129833,268,172,1010.2125021141982,1014.2125021141982,4.0,9.863576906133893,2.6540396189130115,557.4495729542948,976250,0.9893102092239132,10.283250088800408,0.0,0.0,0.0,0,0,0,0,0,0,0,1,1
163,2017,4,15,12,42838.5,42.24245256654926,-26.25534727711915,268,174,1010.1047156858768,1016.1047156858768,6.0,10.749008676635547,2.4922919273457955,648.5113238181223,1321250,-0.10778642832126933,-1.1108142035002198,-6.666998211315033,16.393370308866682,17.697216030588244,0,0,0,0,0,0,0,1,1
163,2017,4,15,15,42838.625,42.13308063622458,-26.503243456163112,267,174,1009.582974904694,1015.582974904694,6.0,10.633769851504828,2.714271109365072,656.5903990313683,1354375,-0.5217407811828889,-5.388238457917315,-6.813911118864468,-4.053867923142427,7.928633543938571,0,0,0,0,0,0,0,1,1
163,2017,4,15,18,42838.75,42.022708676463644,-26.750074579713896,266,174,1008.9342736836268,1014.9342736836268,6.0,10.710275193331997,2.4403141766448972,624.6027171362676,1225625,-0.6487012210671673,-6.7137218852056755,-6.796446435283754,-4.090933989744398,7.932680824042227,0,0,0,0,0,0,0,1,1
163,2017,4,15,21,42838.875,41.79898349984374,-27.24053282213751,264,174,1009.2388533868734,1015.2388533868734,6.0,10.384912904950383,2.4465991574848887,618.1996498700187,1200625,0.3045797032465634,3.16598523070401,-13.552072655598689,-8.292368200930206,15.887795430531707,0,0,0,0,0,0,0,1,1
163,2017,4,16,0,42839.0,41.46659343304099,-27.35823280736083,263,173,1009.7060800987109,1015.7060800987109,6.0,10.439945588108063,2.5499424497663856,596.0817145766647,1116250,0.46722671183757486,4.888437750277268,-3.269039223408252,-12.320029698504188,12.74636219539547,0,0,0,0,0,0,0,1,1
163,2017,4,16,3,42839.125,41.13353363516012,-27.47443162627713,262,172,1009.1994559895778,1015.1994559895778,6.0,9.9699570613928,2.396477773236329,607.3232916787132,1158750,-0.5066241091331176,-5.335829268939786,-3.243869132655548,-12.344853264538052,12.763937052209686,0,0,0,0,0,0,0,1,1
163,2017,4,16,6,42839.25,40.47350764201009,-27.103867074960753,262,169,1008.641927799293,1014.641927799293,6.0,9.617341294292709,2.089510621440495,586.3230142835039,1080000,-0.5575281902849383,-5.950839826704251,10.448265807641004,-24.463847297273247,26.601618051754365,0,0,0,0,0,0,0,1,1
163,2017,4,16,9,42839.375,40.3647039421383,-26.74428660757427,263,168,1009.6552690837062,1015.6552690837062,6.0,8.908176035694384,2.091541633217348,623.1677632421503,1220000,1.0133412844133272,10.84015650305216,10.154974050031658,-4.032806475300045,10.926437023295305,0,0,0,0,0,0,0,1,1
163,2017,4,16,12,42839.5,40.14069600002754,-26.029592191513455,265,166,1010.6038729825284,1016.6038729825284,6.0,8.520607735130952,2.5239506176837314,670.5316653481805,1412500,0.9486038988221844,10.194601073018548,20.250689047654387,-8.302848896934972,21.886701595035365,0,0,0,0,0,0,0,1,1
163,2017,4,16,15,42839.625,40.02551167523573,-25.67451492371742,266,165,1010.5883215268832,1014.5883215268832,4.0,7.6676619738379745,2.922244055400151,473.92764578407673,705625,-0.015551455645181704,-0.16753047374721383,10.07808303182155,-4.269304181942714,10.945077240213656,0,0,0,0,0,0,0,1,1
163,2017,4,16,18,42839.75,40.02551167523573,-25.67451492371742,266,165,,,,7.6676619738379745,,0.0,0,0.0,,0.0,0.0,0.0,0,3,0,0,0,0,0,0,0
167,2017,4,6,12,42829.5,27.61394360054998,-4.664654263745793,338,96,1002.962302998318,1006.962302998318,4.0,8.59575925693789,4.499807135271185,672.9010425734546,1422500,,,,,,3,0,0,0,0,0,0,1,1
167,2017,4,6,15,42829.625,27.95452593887594,-3.8140748342903543,342,97,1000.0611850738699,1004.0611850738699,4.0,9.213542038524551,4.248661467778729,647.436739279043,1316875,-2.90111792444819,-42.877118751152295,27.84811104795747,12.62367604219569,30.57571725663482,0,0,0,0,0,0,0,1,1
167,2017,4,6,18,42829.75,28.250015103369865,-3.392148076868165,344,98,999.4717224826284,1003.4717224826284,4.0,9.71818753784034,3.6842788916583236,570.8500205663969,1023750,-0.589462591241463,-8.628237760598154,13.775981420584438,10.95229865672131,17.599162195011075,0,0,0,0,0,0,0,1,1
167,2017,4,6,21,42829.875,27.51525939959735,-2.4895529219991563,348,95,1001.11639135667,1005.11639135667,4.0,9.135474439721383,2.2252389688892436,558.3410649247018,979375,1.6446688740415265,24.664446594167856,29.67047170000663,-27.233702194218495,40.27420298533883,0,0,0,0,0,0,0,1,1
167,2017,4,7,0,42830.0,27.578048384510264,-0.5415318847270396,357,95,1000.2125359832999,1006.1672357915115,5.95469980821159,9.271439615986491,7.039486575605769,812.9519673320775,2076250,-0.9038553733700246,-13.526312082455211,63.99901986013515,2.3272721904925118,64.04132055873468,0,0,0,1,0,0,1,2,0
167,2017,4,7,3,42830.125,27.052892777265605,-0.10749664593944575,359,93,998.7221980016224,1004.7221980016224,6.0,9.120714983742777,7.279777925240414,720.9991906194508,1633125,-1.490337981677585,-22.70244697145863,14.327316858770137,-19.46487974151619,24.169268746143032,0,0,0,0,0,0,0,1,2
167,2017,4,7,6,42830.25,26.523217393244177,-0.10669592790226687,359,91,999.612231335729,1005.612231335729,6.0,8.765327711828805,3.645375298868239,692.1389879977901,1505000,0.8900333341067017,13.80850500933011,0.02655502567886685,-19.632405157230362,19.632423116544583,0,0,0,0,0,0,0,1,2
167,2017,4,7,9,42830.375,26.502475457925442,1.386777799174099,366,91,1000.7978319565362,1008.7978319565362,8.0,8.703543814615923,5.533950907810504,1048.5050163958526,3453750,1.1856006208072358,18.407464318873423,49.53825270806067,-0.7687993254108835,49.54421796507068,0,0,0,0,0,0,0,1,2
167,2017,4,7,12,42830.5,26.49556229374875,1.6000247151477376,367,91,1000.5231371552193,1006.5231371552193,6.0,7.772878710266742,2.735867189242563,788.7311860262951,1954375,-0.2746948013169458,-4.265904158803965,7.073826111270843,-0.25623626116984244,7.0784654321424405,0,0,0,0,0,0,0,1,1
167,2017,4,7,15,42830.625,26.68433939878212,3.102716062102067,374,92,997.8830844223277,1003.8830844223277,6.0,8.773943860190961,6.76374926254437,758.3839236154316,1806875,-2.640052732891636,-40.73001195975214,49.76485177020336,6.997018782119422,50.254340544351436,0,0,0,0,0,1,1,1,2
167,2017,4,7,18,42830.75,27.578048384510264,0.5415318847270396,362,95,998.6064167398072,1004.6064167398072,6.0,8.989813226590975,9.075208703575335,718.9267540514334,1623750,0.7233323174795078,10.82476129900482,-84.14285099010314,33.12530170320785,90.428452301647,0,0,0,0,0,1,1,1,2
167,2017,4,7,21,42830.875,27.03800893207199,1.1822966561007604,365,93,1001.4249622451908,1007.4249622451908,6.0,8.223921648742719,6.894545406633551,813.3189609407186,2078125,2.818545505383663,42.95699908570179,21.154162927082236,-20.016549099680606,29.123201180595945,0,0,0,0,0,0,0,1,3
167,2017,4,8,0,42831.0,27.03800893207198,12.237376959413105,416,99,1003.1178462504216,1007.1178462504216,4.0,7.586684346402375,3.36550711926815,613.515639908497,1182500,1.2817299576062942,19.534640300056278,52.7569582237072,15.23469651733305,54.9125907146369,0,0,0,0,2,0,0,1,1
167,2017,4,8,3,42831.125,27.063808825369424,13.12355222437001,420,100,1002.826067504395,1006.826067504395,4.0,8.059433491579759,4.552100965135687,1235.1919175636965,4793125,-0.291778746026539,-4.443033328268396,29.24937240245561,0.9562724142157131,29.26500030527459,0,0,0,0,0,1,1,1,2
167,2017,4,8,6,42831.25,27.406707234560024,10.75902849480164,409,99,1003.7484669001004,1007.7484669001004,4.0,8.479230732327888,3.3344188864906754,565.422401338897,1004375,0.9223993957054336,13.883378088898125,-77.80314883406606,12.709521152161505,78.83439538940523,0,0,0,0,0,1,1,1,2
167,2017,4,8,9,42831.375,27.03007167099269,10.0453303694967,406,97,1005.1295083842982,1009.1295083842982,4.0,7.942595116339626,4.904023937467645,542.803452825119,925625,1.3810414841977763,21.05394635480347,-23.56363906707428,-13.959987954200626,27.38843459865452,0,0,0,0,0,0,0,1,2
167,2017,4,8,12,42831.5,27.517252161044855,13.432599780107784,421,102,1004.3192472949621,1008.3192472949621,4.0,8.41063546842464,5.991878436301267,544.0847306724618,930000,-0.8102610893361271,-12.15035283457595,111.3424514281123,18.05733295133697,112.79720193044234,0,0,1,0,0,0,0,1,1
167,2017,4,8,15,42831.625,27.517252161044855,13.432599780107784,421,102,1003.2509844660631,1006.810911020713,3.5599265546498646,8.095428990359226,6.3440071476681625,565.5982988081821,1005000,-1.0682628288990237,-16.019244243630304,0.0,0.0,0.0,0,0,0,0,0,1,0,2,0
167,2017,4,8,18,42831.75,27.097555916590697,10.93021637231005,410,98,1003.2392579828057,1007.2392579828057,4.0,8.264053583757475,3.9578818979446804,455.9562966050456,653125,-0.011726483257371,-0.1783583373680631,-82.56837228443801,-15.556031038359023,84.02098668408946,0,0,1,0,0,0,0,1,1
167,2017,4,8,21,42831.875,27.097555916590697,10.93021637231005,410,98,,,,8.264053583757475,,0.0,0,0.0,,0.0,0.0,0.0,0,3,0,0,0,0,0,0,0
175,2017,4,5,12,42828.5,38.24914943236587,-158.55653533317997,278,567,1003.8605923245711,1005.8605923245711,2.0,7.6386558872432095,8.102783977520012,156.42912932180792,76875,,,,,,3,0,0,0,0,20,20,1,1
175,2017,4,5,15,42828.625,38.303057074945215,-156.02445067016293,269,563,1001.9942336602762,1005.9942336602762,4.0,8.192451140313562,9.160303654331438,290.4343640802591,265000,-1.8663586642949668,-20.861690941135343,73.64715561133221,1.998085454063796,73.67425517181374,0,0,0,0,0,20,20,1,1
175,2017,4,5,18,42828.75,38.24802677476824,-153.49241698771579,260,559,1001.1332660552874,1005.1332660552874,4.0,9.467243187211102,11.410405774832617,226.55566456642887,161250,-0.8609676049888367,-9.635402104778636,73.70151278241025,-2.039696730468855,73.72973178554271,0,0,0,0,0,23,23,1,1
175,2017,4,5,21,42828.875,38.084301131393374,-150.97028546474084,251,555,1000.7618053630567,1004.7618053630567,4.0,9.541470405202263,10.098877877014093,226.99430130732603,161875,-0.37146069223061207,-4.172293684912119,73.57838606447163,-6.068486968300642,73.82821567623633,0,0,0,0,0,22,22,1,1
175,2017,4,6,0,42829.0,38.23904612778522,-148.19890323137605,242,549,997.9052056947216,1001.9052056947216,4.0,11.18031168875357,12.577756915028369,194.4204181260938,118750,-2.8565996683351114,-31.97560593211788,80.67785211849339,5.73561950746814,80.88147596074108,0,0,0,0,0,20,20,1,1
175,2017,4,6,3,42829.125,38.13024239209674,-146.13210629294403,235,545,996.4831468401899,1000.4831468401899,4.0,12.190777350031683,14.02968658931444,190.28334018879895,113750,-1.4220588545317878,-15.956424480271483,60.25756582507213,-4.0328078028448076,60.39236522887298,0,0,0,0,0,23,23,1,1
175,2017,4,6,6,42829.25,38.0036924001032,-143.71864928531187,227,540,996.4284875507806,1000.4284875507806,4.0,13.237789591145425,10.592308209478215,227.86904174049369,163125,-0.05465928940931917,-0.6150448705903466,70.48576011883613,-4.690572358863738,70.64165802544449,0,0,0,0,0,26,26,1,1
175,2017,4,6,9,42829.375,38.2379236236189,-140.27667946781952,217,531,992.5493363012113,998.5493363012113,6.0,16.659980546757865,12.839336753449167,250.33429417967045,196875,-3.879151249569259,-43.42270880263065,100.19887852702301,8.681774572230871,100.57429327515132,0,0,0,0,0,29,29,1,1
175,2017,4,6,12,42829.5,38.72557840885877,-138.48486244390946,213,525,988.1392912716858,998.1392912716858,10.0,19.712110187098464,16.11498090442481,393.1656628928871,485625,-4.4100450295255,-48.839718346081575,51.811865910561366,18.07491269087219,54.87414617027443,0,0,0,0,0,26,26,1,1
175,2017,4,6,15,42829.625,39.50952673903297,-136.6737510522122,210,518,985.4434591922313,997.4434591922313,12.0,21.69166370491509,16.91505897306459,423.846837920229,564375,-2.6958320794544126,-29.35724827555975,51.790258685940806,29.057025688948094,59.384691938620485,0,0,0,0,0,23,23,1,1
175,2017,4,6,18,42829.75,40.235290748178386,-135.18847227912985,208,512,983.711366694513,995.711366694513,12.0,23.392898049234443,13.276993487070065,367.8066090054814,425000,-1.732092497718404,-18.578368658715142,42.02597703215539,26.90042525272825,49.89805230953281,0,0,0,0,0,21,21,1,1
175,2017,4,6,21,42829.875,40.73232471738556,-133.09718559568498,204,505,980.923549066449,996.923549066449,16.0,26.107246638880117,6.320792582342038,478.1069828142386,718125,-2.787817628063931,-29.599688810633904,58.73572347805166,18.42255191528195,61.5570924553898,0,0,0,0,0,22,22,1,1
175,2017,4,7,0,42830.0,41.22015573300263,-132.11841627100182,203,501,977.0417835214612,997.0417835214612,20.0,28.95089430564812,10.349680222637689,571.3725378570888,1025625,-3.8817655449878656,-40.81264584287568,27.28760204374675,18.081444665493578,32.73456684438024,0,0,0,0,0,22,22,1,1
175,2017,4,7,3,42830.125,41.69153813800434,-131.1214754971523,202,497,975.2936169302623,995.2936169302623,20.0,29.646552105167686,11.366050476851306,567.3542741562438,1011250,-1.7481665911989694,-18.20972455626806,27.5929406196448,17.471777315233574,32.65935355441614,0,0,0,0,0,22,22,1,1
175,2017,4,7,6,42830.25,42.5836578247566,-129.07356761821472,200,489,975.5809371563435,995.5809371563435,20.0,29.473147932990816,2.9386781382608023,621.5694847364822,1213750,0.28732022608121044,2.941795436329688,55.88722181757218,33.06639437552804,64.93664604431359,0,0,0,0,0,20,20,1,1
175,2017,4,7,9,42830.375,43.99066907173344,-127.47238488757971,201,481,974.2946431596586,994.2946431596586,20.0,29.24259081340289,8.018105132294004,618.3605346222206,1201250,-1.2862939966848352,-12.831068996169764,42.69727683304242,52.15083746521965,67.40005413411193,0,0,0,0,0,20,20,1,1
175,2017,4,7,12,42830.5,45.50417139554748,-127.01794842618837,205,476,975.2636327223455,995.2636327223455,20.0,27.081432350004615,8.056943691179987,706.3644573399004,1567500,0.968989562686911,9.411667910210896,11.804998352649328,56.097926624290245,57.32656764232711,0,0,0,0,0,14,14,1,1
175,2017,4,7,15,42830.625,46.57037012407915,-127.26378098795975,209,474,974.7235743650423,994.7235743650423,20.0,27.072250667171847,7.787351870873099,710.1564798848515,1584375,-0.5400583573032054,-5.1522099340967324,-6.264009078422051,39.51862980253376,40.01199709092591,0,0,0,0,0,18,18,1,1
175,2017,4,7,18,42830.75,47.440008851015875,-127.33319573818584,212,472,977.0183106509304,995.0183106509304,18.0,25.28568816122511,7.081406827576284,689.4029654767758,1493125,2.294736285888066,21.58438278691156,-1.7401814665312607,32.23313814966567,32.280077857896984,0,0,0,0,0,18,18,1,1
175,2017,4,7,21,42830.875,48.49767164257425,-127.59752441797568,216,470,978.6917981028969,986.6917981028969,8.0,23.177522382449887,7.7874419489183495,256.6132453796407,206875,1.6734874519665026,15.481126216190457,-6.492206241933202,39.20224550733727,39.736189987281634,0,0,0,0,0,22,22,1,1
175,2017,4,8,0,42831.0,49.02468296054075,-127.7345531001609,218,469,981.099243157288,995.099243157288,14.0,20.907318544367158,11.119985867720606,650.5022712839493,1329375,2.407445054391137,22.09197649257219,-3.330448609536949,19.533661614045997,19.815545008725362,0,0,2,0,0,18,18,1,2
175,2017,4,8,3,42831.125,49.361101371815245,-127.6768271009464,219,468,983.4939296836994,993.4939296836994,10.0,19.071242135992158,17.797994999538933,510.50584650224977,818750,2.3946865264113875,21.86377698088154,1.3935073768235284,12.469340187848728,12.546964076204288,0,0,0,0,0,17,17,1,2
175,2017,4,8,6,42831.25,49.842765934191476,-127.35959323897325,220,466,987.3477330796272,993.3477330796272,6.0,15.912190010528308,20.949890540724954,434.508401809172,593125,3.8538033959278253,34.93486332927547,7.58275157192392,17.8528852269028,19.396485050814718,0,0,0,0,0,20,20,1,2
175,2017,4,8,9,42831.375,52.456421580200406,-128.08877288097534,230,461,991.1268324328237,994.69168316694,3.564850734116335,13.569673053189733,2.89237997929391,449.5851173323102,635000,3.7790993531965067,33.0214345155096,-16.469244582185116,96.87508261070003,98.26503776999117,0,0,0,0,0,23,24,2,0
175,2017,4,8,12,42831.5,56.06164650565423,-133.37117505947427,251,462,992.2902488513128,994.2902488513128,2.0,11.221582510373686,2.5305373658302415,323.1801841141507,328125,1.5985656843727338,13.349410175800031,-5.063011095582051,18.649918894691254,19.324946471660635,0,0,0,0,2,22,22,1,1
175,2017,4,8,15,42831.625,56.231873575356616,-133.6360724683971,252,462,993.7702584884726,995.7702584884726,2.0,10.388536121817758,2.7406074246960634,311.58388162107514,305000,1.4800096371598193,12.334757530037416,-5.4573987445044585,6.3094621761583545,8.342212776529484,0,0,0,0,0,17,17,1,1
175,2017,4,8,18,42831.75,58.21676450408072,-133.5534443134261,258,456,995.3091172915624,997.3091172915624,2.0,10.652058723909494,5.434066394917754,321.01841949022526,323750,1.5388588030898245,12.542281210961702,1.613098610457241,73.56993373897542,73.58761606061371,0,0,0,0,0,18,18,1,1
175,2017,4,8,21,42831.875,59.00871541949552,-132.0339591100129,258,451,996.0562350256491,998.0562350256491,2.0,11.796629593587232,10.758564469556731,276.3953195770684,240000,0.7471177340866416,6.038156730656464,28.99881239848792,29.35364131521359,41.26217855354842,0,0,0,1,0,21,21,1,2
175,2017,4,9,0,42832.0,61.509478011627,-135.96556778740094,272,450,995.7908575871837,997.7908575871837,2.0,12.23619858451204,5.852973526078058,192.36300129927707,116250,-0.26537743846536616,-2.091929826134578,-69.50222928325418,92.69070432917219,115.85390172273031,0,0,1,0,0,22,22,1,1
175,2017,4,9,3,42832.125,61.1820713916284,-135.95484125387222,271,451,997.4661796927851,999.4661796927851,2.0,10.875871117355441,6.032857246500498,195.94930472170537,120625,1.6753221056013716,13.247610563079924,0.19164401054934535,-12.135318364562593,12.136831515517942,0,0,0,0,0,21,21,1,1
175,2017,4,9,6,42832.25,62.129746898467936,-137.96093613416377,277,451,999.5698734508253,1001.5698734508253,2.0,9.298931631237094,5.648164589236403,196.456289539899,121250,2.103693758040172,16.487192930213105,-34.757813439474525,35.12556948862256,49.415698183809646,0,0,0,0,0,20,20,1,1
175,2017,4,9,9,42832.375,62.129746898467936,-137.96093613416377,277,451,1001.530828171646,1001.530828171646,0.0,8.05648587941895,5.220809152658476,14.104739588693906,625,1.9609547208207367,15.368510119887082,0.0,0.0,0.0,0,0,0,0,0,16,16,1,1
175,2017,4,9,12,42832.5,62.129746898467936,-137.96093613416377,277,451,,,,8.05648587941895,,0.0,0,0.0,,0.0,0.0,0.0,0,3,0,0,0,16,16,0,0
177,2017,4,8,3,42831.125,55.73744243512341,39.34292929393167,455,243,1003.0118573587033,1003.0118573587033,0.0,7.785996449524323,1.7783881401670074,14.104739588693906,625,,,,,,3,0,0,0,0,4,4,1,1
177,2017,4,8,6,42831.25,57.51708164232351,41.88301140087983,455,253,1002.6526090133109,1002.6526090133109,0.0,9.326464162832215,2.540514227061576,14.104739588693906,625,-0.3592483453924069,-2.950555205969239,50.55910572322263,65.9622836994652,83.10984323400409,0,0,0,0,0,4,4,1,1
177,2017,4,8,9,42831.375,58.193444015671915,42.397437797500196,454,256,1002.5519120095279,1004.5519120095279,2.0,9.827584324002167,3.6252901993171687,362.08270377352846,411875,-0.10069700378298876,-0.8209257661137974,10.049402296629758,25.069354829871894,27.008573418555983,0,0,2,0,0,8,8,1,3
177,2017,4,8,12,42831.5,60.201825166905344,44.691961142600135,452,266,1002.3535284092472,1006.3535284092472,4.0,11.5554782292742,2.062005435576284,538.2025607773058,910000,-0.19838360028064927,-1.5838575058604878,42.26139422463801,74.44059826190517,85.60039784604173,0,0,0,0,0,8,8,1,3
177,2017,4,8,15,42831.625,61.34260591149062,46.28013955960492,451,272,1001.3917069289919,1007.3917069289919,6.0,13.727243597641468,3.7428829941779984,599.5758731877214,1129375,-0.961821480255312,-7.593927907796212,28.229638167948696,42.28301040389504,50.84058850868273,0,0,0,0,0,7,7,1,1
177,2017,4,8,18,42831.75,62.1447582056502,47.303760324600205,450,276,1000.6232574271365,1008.6232574271365,8.0,15.865832590336373,3.6740339578761634,626.9870089858174,1235000,-0.7684495018553571,-6.0217037315691755,17.72709812931908,29.73175516894626,34.61541959174655,0,0,0,0,0,6,6,1,2
177,2017,4,8,21,42831.875,63.2613963989309,48.42679315729048,448,281,999.4001681004181,1009.4001681004181,10.0,18.142296439102775,3.4609146703161975,665.1697090182843,1390000,-1.2230893267184728,-9.488423201142595,18.727797797262756,41.38816733012002,45.42808388300318,0,0,0,0,0,5,5,1,2
177,2017,4,9,0,42832.0,64.188231333664,49.9697407281103,447,286,997.4879151946317,1009.4879151946317,12.0,20.393513396589785,4.217137257764916,684.1889186248468,1470625,-1.9122529057864448,-14.716779323149181,24.900533554056164,34.3531141930874,42.42844595362856,0,0,0,0,0,9,9,1,2
177,2017,4,9,3,42832.125,64.94961140463639,51.21922968879116,446,290,995.7125117546055,1009.7125117546055,14.0,22.728757623840252,6.2907956383280546,693.1442739132013,1509375,-1.7754034400261298,-13.577514329373775,19.60900102867388,28.220533713467393,34.36439210018828,0,0,0,0,0,9,9,1,2
177,2017,4,9,6,42832.25,66.01834398585711,52.64501327167073,444,295,994.4376554842552,1010.4376554842552,16.0,24.264049907423864,7.282059621351728,738.5821331764473,1713750,-1.274856270350283,-9.666957301998071,21.478741845963157,39.61254699049675,45.06096126759661,0,0,0,0,0,8,8,1,2
177,2017,4,9,9,42832.375,67.11790805194826,53.412345290426835,441,299,993.1003038173317,1007.1003038173317,14.0,24.93523574097002,7.811583409601298,640.9513997612884,1290625,-1.337351666923496,-10.056847836585014,11.05887023846515,40.75531522333231,42.22906972577531,0,0,0,0,0,7,7,1,1
177,2017,4,9,12,42832.5,68.3052150390256,52.594643368591456,436,301,991.0273550437951,1007.0273550437951,16.0,25.674195917167435,9.653583476717758,664.8705546478496,1388750,-2.0729487735366274,-15.456664319794838,-11.203677067406801,44.00750444421201,45.411263220021496,0,0,0,0,0,6,6,1,1
177,2017,4,9,15,42832.625,69.02265258595077,51.10005996032166,432,301,989.4555644247775,1005.4555644247775,16.0,25.768837145789394,12.125119473370214,631.7285966322306,1253750,-1.5717906190175563,-11.662662326648723,-19.831462068900368,26.591805134132024,33.172443203386216,0,0,0,0,0,7,7,1,1
177,2017,4,9,18,42832.75,69.37534276624079,50.31454566994475,430,301,987.3861921570443,1003.3861921570443,16.0,26.467123331006242,12.35650741873862,571.8945777447492,1027500,-2.0693722677332698,-15.318846626465593,-10.25555071913396,13.072452908535219,16.61521428085115,0,0,0,0,0,5,5,1,1
177,2017,4,9,21,42832.875,69.25384773650305,48.96031183045839,429,299,985.3166055189511,1003.3166055189511,18.0,26.609374032459094,11.110285717665102,623.8059280414735,1222500,-2.069586638093169,-15.33270473561354,-17.779998386422754,-4.503210306455556,18.341407952645383,0,0,0,0,0,4,4,1,1
177,2017,4,10,0,42833.0,69.27363730243916,48.082180824528145,428,298,982.9918853146097,998.9918853146097,16.0,27.223945288276724,14.179409825833284,435.8798152196888,596875,-2.3247202043414292,-17.220631011835422,-11.518774567817939,0.7334997775311607,11.54210507090659,0,0,0,0,0,5,5,1,1
177,2017,4,10,3,42833.125,69.10353941328243,48.49463892725334,429,298,982.9139520144896,996.9139520144896,14.0,26.18526491851793,15.362632310847694,376.88962138737196,446250,-0.07793330012005754,-0.5779516380261177,5.452828626348888,-6.304674102392038,8.335601691881802,0,0,0,0,0,5,5,1,1
177,2017,4,10,6,42833.25,69.10353941328243,48.49463892725334,429,298,983.0988071675868,997.0988071675868,14.0,25.19785681956886,15.188656182748819,414.83283647526247,540625,0.18485515309715994,1.3708817458709905,0.0,0.0,0.0,0,0,0,0,0,6,6,1,1
177,2017,4,10,9,42833.375,68.9323127902049,48.90049374238189,430,298,984.5536435176682,994.5536435176682,10.0,22.801890096194164,13.672942236678793,316.9646002738459,315625,1.4548363500814594,10.801406679144769,5.407505931744605,-6.346510597567327,8.337824486452535,0,0,0,0,0,9,9,1,1
177,2017,4,10,12,42833.5,68.73340143455935,50.15558431740624,432,299,985.6026324150481,999.6026324150481,14.0,21.462586898850063,13.614568230214646,550.8076890067217,953125,1.0489888973798953,7.798676018238981,16.872848629690907,-7.372644533258808,18.413280758578935,0,0,0,0,0,7,7,1,1
177,2017,4,10,15,42833.625,68.66588430314107,51.859760005525814,434,301,986.8931849866532,998.8931849866532,12.0,20.021327171638074,11.40571205554501,500.8672269659895,788125,1.290552571605076,9.59898300076537,22.979149988838603,-2.5025208251022164,23.115015567583153,0,0,0,0,0,5,5,1,1
177,2017,4,10,18,42833.75,68.39544138599486,53.90674418377976,437,303,987.3274015538924,997.3274015538924,10.0,19.274935698609426,11.711925057561603,423.846837920229,564375,0.4342165672392002,3.2356544267837086,27.9344602580999,-10.023960111204493,29.6785081535845,0,0,0,0,0,4,4,1,1
177,2017,4,10,21,42833.875,68.60337107192655,55.72444853747118,438,306,988.401683827066,998.401683827066,10.0,17.73094909980224,9.18231486136312,486.97111331877176,745000,1.0742822731735941,7.993800361257342,24.578320369295614,7.706908724799882,25.758304957200274,0,0,0,0,0,6,6,1,1
177,2017,4,11,0,42834.0,68.66588430314107,57.06488441052542,439,308,989.6820089609915,995.6820089609915,6.0,15.755875229571178,8.173601265948456,309.6624827338096,301250,1.2803251339255075,9.522912484470583,18.0746931550066,2.3170513864046107,18.222602991199746,0,0,0,0,0,8,8,1,1
177,2017,4,11,3,42834.125,68.59616916587005,57.89875110416445,440,309,991.5566836293146,995.5566836293146,4.0,13.484450390950412,6.354392806702963,227.4320920733615,162500,1.8746746683231321,13.950256504153877,11.279175180787611,-2.5839898582884655,11.571378325274516,0,0,0,0,0,8,8,1,1
177,2017,4,11,6,42834.25,68.44307280407736,59.549632770122344,442,311,993.5441093573488,995.5441093573488,2.0,11.031269913211478,6.091070327842608,151.2564810824976,71875,1.9874257280341407,14.804844307810828,22.48205132292781,-5.674512906362947,23.187124194501564,0,0,0,0,0,10,10,1,1
177,2017,4,11,9,42834.375,68.3597830994926,60.366085212823386,443,312,995.6766688473109,997.6766688473109,2.0,8.86592382967705,4.875876332558255,198.47127856504602,123750,2.13255948996215,15.895128132044784,11.159773155341735,-3.0871308638494943,11.578899509418767,0,0,0,0,0,9,9,1,1
177,2017,4,11,12,42834.5,68.3597830994926,60.366085212823386,443,312,,,,8.86592382967705,,0.0,0,0.0,,0.0,0.0,0.0,0,3,0,0,0,9,9,0,0
179,2017,4,5,0,42828.0,69.06673579515521,30.012438028943187,406,279,990.4269147450815,990.4269147450815,0.0,13.53032572798928,5.2038746982024895,14.104739588693906,625,,,,,,3,0,0,0,0,5,5,1,1
179,2017,4,5,3,42828.125,68.66588430314107,32.93511558947458,411,280,988.6191913056822,990.6191913056822,2.0,15.053686570605626,4.207175051863524,242.66711549775604,185000,-1.8077234393992694,-13.445640996474417,39.40701452257592,-14.857550749958254,42.114838333657346,0,0,3,0,0,6,6,1,1
179,2017,4,5,6,42828.25,68.39544138599486,36.09325581622025,416,282,987.0807306226251,993.0807306226251,6.0,16.57814615855397,4.840423976183883,421.25735785557896,557500,-1.5384606830570555,-11.464157508352327,43.095274029031145,-10.023960111204493,44.24570510171925,0,0,2,0,0,7,7,1,2
179,2017,4,5,9,42828.375,68.41210104013933,39.92039213998543,421,286,985.9615856692537,993.9615856692537,8.0,17.19587755829023,7.2285924623104805,430.8299576177624,583125,-1.119144953371433,-8.33857992256952,52.18322065253937,0.6174896735060896,52.186873935583634,0,0,0,0,0,10,10,1,1
179,2017,4,5,12,42828.5,68.30758485641603,42.05355261998767,424,288,986.0129157594938,996.0129157594938,10.0,17.19764871195437,7.797874495315845,498.2787485166879,780000,0.05133009024008061,0.38272963129761917,29.223044879561098,-3.873889794094017,29.478693562802743,0,0,0,0,0,9,9,1,1
179,2017,4,5,15,42828.625,68.1728946506145,44.16362467457759,427,290,986.61402473275,996.61402473275,10.0,16.568146200055903,9.080961317901092,504.62650440403206,800000,0.6011089732561959,4.486222235492136,29.077526602155096,-4.992289184613916,29.502974504308042,0,0,0,0,0,7,7,1,1
179,2017,4,5,18,42828.75,67.67639508916893,47.04540848888724,432,292,987.8619985135224,995.8619985135224,8.0,15.449132794619613,7.765054762157088,414.35298340953466,539375,1.247973780772445,9.3467218414838,40.567995482695075,-18.402744104665008,44.54686574907095,0,0,0,0,0,6,6,1,1
179,2017,4,5,21,42828.875,67.49259379001644,48.24734279032293,434,293,989.2771573229525,995.2771573229525,6.0,14.053460318992313,9.343087341735881,376.88962138737196,446250,1.415158809429995,10.612891136296971,17.053472147221377,-6.812590658811657,18.36388585677288,0,0,0,0,0,7,7,1,1
179,2017,4,6,0,42829.0,67.14947455329643,49.00018576051311,436,293,990.7774722674556,994.7774722674556,4.0,12.588932493749322,9.989760059355904,342.02175833204393,367500,1.5003149445031887,11.279706132876573,10.83588983577044,-12.717706119139773,16.707978856395478,0,0,0,0,0,6,6,1,2
179,2017,4,6,3,42829.125,66.56096514564292,51.64151913801154,441,295,992.0390495363806,995.7117927665448,3.6727432301641967,11.33876385059078,8.318809329870856,377.94386014985884,448750,1.2615772689250297,9.52655874468958,38.93945974692037,-21.81308680455489,44.63286100313398,0,0,0,0,0,7,9,2,0
179,2017,4,6,6,42829.25,66.15670669697604,53.0758963348383,444,296,993.3192185791175,995.1389262799872,1.8197077008696214,10.979020943111031,10.40799973844667,274.22747967867946,236250,1.2801690427369612,9.696854338711711,21.490828787059236,-14.98382951498533,26.198680670767363,0,0,0,0,0,7,9,2,0
179,2017,4,6,9,42829.375,64.86693648006393,60.09552084421109,456,304,994.1622263749274,996.1622263749274,2.0,11.859465667470559,12.993511683481193,260.46073503106066,213125,0.8430077958098263,6.45131495350638,110.4484381322001,-47.80530155262639,120.3503400177165,0,0,1,0,0,12,12,1,2
179,2017,4,6,12,42829.5,64.86693648006393,60.09552084421109,456,304,994.982897861661,996.982897861661,2.0,11.73901291195612,13.3291949625891,183.3616146530208,105625,0.8206714867334813,6.280381107500912,0.0,0.0,0.0,0,0,0,0,0,13,13,1,1
179,2017,4,6,15,42829.625,64.86693648006393,60.09552084421109,456,304,996.2477885718926,1002.2284429494028,5.980654377510218,11.0476112606527,16.47777158115059,866.8392440773612,2360625,1.2648907102317026,9.679872943084792,0.0,0.0,0.0,0,0,2,1,0,10,12,2,0
179,2017,4,6,18,42829.75,63.49815602601413,67.69959000722625,468,315,996.241005258512,1002.241005258512,6.0,13.14311459800164,5.830019246935408,704.1076961170457,1557500,-0.006783313380583422,-0.05251438522380754,125.69264444375824,-50.733814060191285,135.54541953293403,0,0,1,0,0,9,9,1,3
179,2017,4,6,21,42829.875,62.933911067587914,74.74488129694222,475,328,995.975783802824,1003.975783802824,8.0,14.517647101566553,7.865196062056494,781.8912489289945,1920625,-0.26522145568800626,-2.0634977397492933,118.76108314573429,-20.913725587254984,120.58846871855955,0,0,0,0,0,12,12,1,3
179,2017,4,7,0,42830.0,62.86269837728594,78.22197516671145,477,335,994.7434491711842,1002.7434491711842,8.0,16.617222366115616,8.474786531870269,649.2777953346763,1324375,-1.2323346316398238,-9.594011562954595,58.77743461730995,-2.6394966247635194,58.83667022040153,0,0,0,0,0,13,13,1,3
179,2017,4,7,3,42830.125,62.9184991453737,81.59931746368211,478,342,993.7213855055737,1005.7213855055737,12.0,18.461996072216838,9.71814615082534,849.3349042421462,2266250,-1.0220636656104762,-7.953037039590226,56.9830930796568,2.0682541047430156,57.02061532434227,0,0,0,0,0,13,13,1,3
179,2017,4,7,6,42830.25,63.40400231752318,86.83367348099654,477,353,992.4733433703477,1006.4733433703477,14.0,19.71424149948069,8.560965919524024,780.6180169347197,1914375,-1.2480421352259874,-9.669905667597206,86.83404155883929,17.995163204287362,88.67906558027755,0,0,0,0,0,11,11,1,2
179,2017,4,7,9,42830.375,64.13392590471025,90.75055679636426,474,361,990.6198103016903,1008.6198103016903,18.0,21.392682881218164,11.076079917280222,949.7424071680263,2833750,-1.853533068657416,-14.271417808100992,63.32720085098881,27.05459991113344,68.86425592404944,0,0,0,0,0,12,12,1,2
179,2017,4,7,12,42830.5,64.78245648148773,93.33633670221333,471,366,987.4703414296796,1009.4703414296796,22.0,24.945443201146148,15.27753474811041,935.1772090304407,2747500,-3.149468872010766,-24.118759209969458,40.831197882204606,24.03776997050812,47.381442629481135,0,0,1,0,0,8,8,1,1
179,2017,4,7,15,42830.625,65.6034241810781,96.10609384728427,467,371,986.0268750389325,1010.0268750389325,24.0,26.848191601489944,14.861610070641472,937.3021315815206,2760000,-1.443466390747053,-10.981153886555767,42.400693996172706,30.429147711167936,52.189576371006815,0,0,0,0,0,12,12,1,1
179,2017,4,7,18,42830.75,66.42914131135508,97.97503972999289,463,374,984.0608058176706,1010.0608058176706,26.0,28.934217723262677,17.295538110636407,909.8377040751393,2600625,-1.9660692212618596,-14.86125785029355,27.699830403767255,30.605185243434793,41.279025765907164,0,0,0,0,0,13,13,1,1
179,2017,4,7,21,42830.875,67.22630774140454,99.97512672045865,459,377,983.8027545963637,1009.8027545963637,26.0,29.195261810854873,14.773357957109038,865.346177692701,2352500,-0.2580512213069596,-1.938993314325377,28.695140133306662,29.546954237618003,41.187784256864305,0,0,0,0,0,15,15,1,1
179,2017,4,8,0,42831.0,67.63491537520706,100.74378707098089,457,378,984.5941396016144,1010.5941396016144,26.0,28.888360577398245,18.520699627020004,886.469137373791,2468750,0.7913850052507769,5.928856076945131,10.840715489606929,15.145031955692488,18.625066584191053,0,0,0,0,0,12,12,1,1
179,2017,4,8,3,42831.125,67.71563737666091,99.60520415501296,457,376,986.4788287072033,1010.4788287072033,24.0,27.561389466400083,16.67329474437749,900.9385160867895,2550000,1.8846891055889137,14.11144733815518,-16.002754877075912,2.991959010087865,16.280048598632096,0,0,0,0,0,12,12,1,1
179,2017,4,8,6,42831.25,67.33519616409464,98.29127149169106,459,374,989.7306914963569,1009.2199243977833,19.48923290142644,24.643037878928546,19.266336713117997,841.0967376250337,2222500,3.2518627891535288,24.415016590833613,-18.766011913092218,-14.101044241291051,23.47344567414777,0,0,0,1,0,13,14,2,0
179,2017,4,8,9,42831.375,66.84900195094684,98.68252388126822,461,375,993.7591372499583,1009.0654500019986,15.306312752040249,20.906218581052784,20.87080944310277,838.2535855877493,2207500,4.028445753601408,30.354261260203057,5.701440038825996,-18.020776621993125,18.901185374893874,0,0,0,0,0,17,19,2,0
179,2017,4,8,12,42831.5,66.36130284670026,99.05788812861766,463,376,996.9167880009674,1008.6288887230132,11.71210072204587,18.733771449414004,13.912508929537001,783.6702984392423,1929375,3.1576507510090597,23.88061797550584,5.5786037987607475,-18.07655537377177,18.917787252334374,0,0,0,0,0,16,19,2,0
179,2017,4,8,15,42831.625,64.70439229574164,116.22196677755446,460,409,992.2946385753952,1008.2946385753952,16.0,19.83930007086767,11.228745387941963,759.5634724683123,1812500,-0.33425014761800415,-2.5613469114735086,78.94176424087746,-72.24947809962997,107.0130329779097,0,0,0,0,2,16,16,1,1
179,2017,4,8,18,42831.75,64.90617545968118,117.60248711439496,458,411,991.9040277850912,1007.9040277850912,16.0,20.333166953215184,14.534771711354406,751.2677398502041,1773125,-0.3906107903040538,-2.988281321430595,21.700415177885844,7.4790880374543525,22.953099502346323,0,0,0,0,0,16,16,1,1
179,2017,4,8,21,42831.875,65.41947998052778,117.62378490028077,456,410,992.5782362839262,1008.5782362839262,16.0,20.541218308689245,12.682755792640018,827.2643200907131,2150000,0.674208498835069,5.136539059906493,0.3283688046369346,19.025619513953014,19.028453010204704,0,0,0,0,0,17,17,1,1
179,2017,4,9,0,42832.0,65.83144745841797,115.72780293273014,456,406,993.7183452344843,1003.7183452344843,10.0,21.164364800946743,12.929648309651384,495.27523261352746,770625,1.1401089505580604,8.657806833370572,-28.77086817770088,15.269564494647357,32.57180461004327,0,0,0,0,0,18,18,1,1
179,2017,4,9,3,42832.125,65.93009704013798,115.24399900253543,456,405,995.6936910185124,1001.6936910185124,6.0,19.68033867296924,10.205061271694431,396.6918829294488,494375,1.9753457840280317,14.988904071872742,-7.3136379672164145,3.6564443342914985,8.176728287358083,0,0,0,0,0,18,18,1,1
179,2017,4,9,6,42832.25,65.93009704013798,115.24399900253543,456,405,999.0200566606989,1001.0200566606989,2.0,16.876011973246655,7.396747312306761,228.30515513802078,163750,3.3263656421865746,25.24042925641033,0.0,0.0,0.0,0,0,0,0,0,17,17,1,1
179,2017,4,9,9,42832.375,66.4401001714765,122.09259132873417,448,415,1001.6504747229848,1001.6504747229848,0.0,13.308257883533633,5.5554516521492765,14.104739588693906,625,2.6304180622858984,19.88132441170325,101.41218076046302,18.90325359256057,103.15892304099282,0,0,0,0,0,13,13,1,1
179,2017,4,9,12,42832.5,65.37527192921603,127.55258314980483,446,426,1004.0281504074857,1004.0281504074857,0.0,10.368835537912519,10.39494779448163,14.104739588693906,625,2.377675684500864,18.121010998716496,84.2976399581065,-39.46783276240266,93.07954622508394,0,0,0,3,0,13,13,1,1
179,2017,4,9,15,42832.625,65.37527192921603,127.55258314980483,446,426,,,,10.368835537912519,,0.0,0,0.0,,0.0,0.0,0.0,0,3,0,0,0,13,13,0,0
180,2017,4,8,6,42831.25,45.77356105248754,-101.54355311413148,171,398,995.071204541685,995.071204541685,0.0,10.597573583605527,5.389770098549998,14.104739588693906,625,,,,,,3,0,0,0,0,15,15,1,1
180,2017,4,8,9,42831.375,45.868277427389046,-100.9587880685021,171,396,995.2706047973312,995.2706047973312,0.0,9.999106655318469,4.631950091983672,14.104739588693906,625,0.19940025564617828,1.9247691216040976,15.092005851942883,3.5106601197369365,15.494946760521302,0,0,0,0,0,20,20,1,1
180,2017,4,8,12,42831.5,45.80385299735016,-99.7317745074185,170,392,995.5941749594101,997.5941749594101,2.0,9.889906117775999,6.1392523624149185,155.79194081053757,76250,0.3235701620789769,3.126768152477061,31.704026342483473,-2.3878899240967653,31.793824944704102,0,0,0,0,0,18,18,1,1
180,2017,4,8,15,42831.625,45.20105869560425,-98.71261018000762,167,389,996.7710988429645,996.7710988429645,0.0,8.971828023269577,5.6129363717077645,14.104739588693906,625,1.1769238835544094,11.491198576193591,26.617097313493705,-22.342556054798052,34.7513982518371,0,0,0,0,0,14,14,1,1
180,2017,4,8,18,42831.75,46.09244264280467,-97.36676925816991,170,384,996.2351022222517,996.2351022222517,0.0,7.6526400662177165,4.4340047424790825,14.104739588693906,625,-0.5359966207128309,-5.1543393774809,34.59368017435737,33.039124207028955,47.83624605226891,0,0,0,0,0,14,14,1,1
180,2017,4,8,21,42831.875,45.91126801614406,-96.73601121411936,169,382,995.301775016591,995.301775016591,0.0,7.612337476377642,6.568949385011511,14.104739588693906,625,-0.933327205660753,-9.002662335479224,16.26642267607588,-6.715233107127331,17.598035752884883,0,0,0,0,0,15,15,1,1
180,2017,4,9,0,42832.0,46.037901937635645,-95.24866058061943,169,377,995.630313621469,997.630313621469,2.0,7.717151963652571,5.782328006286698,146.58075357087597,67500,0.3285386048779765,3.1622462514644964,38.26875552412261,4.69368320365679,38.55552244985606,0,0,0,0,0,17,17,1,1
180,2017,4,9,3,42832.125,46.116558987977065,-94.05355423183141,169,373,997.3844252399881,997.3844252399881,0.0,7.615780383415857,7.005076511380467,14.104739588693906,625,1.7541116185190913,16.86134833497029,30.70581979566189,2.9154216475967676,30.843914354487133,0,0,0,0,0,16,16,1,1
180,2017,4,9,6,42832.25,46.41698384989725,-92.8699451365187,170,369,998.3456021438644,998.3456021438644,0.0,7.51300434865627,3.3180048527628974,14.104739588693906,625,0.9611769038763305,9.193052554052809,30.244213481073864,11.135240161139048,32.22896247996535,0,0,0,0,0,15,15,1,1
180,2017,4,9,9,42832.375,47.91560934167377,-88.90729746434023,176,356,999.1696851353174,999.1696851353174,0.0,8.146314359904292,2.7573180687314744,14.104739588693906,625,0.8240829914530332,7.692985724220219,98.42870274006233,55.546517208585406,113.02046317855554,0,0,0,0,0,10,10,1,1
180,2017,4,9,12,42832.5,47.91560934167377,-88.90729746434023,176,356,,,,8.146314359904292,,0.0,0,0.0,,0.0,0.0,0.0,0,3,0,0,0,10,10,0,0
191,2017,4,8,12,42831.5,40.19259167312302,147.52880770915152,475,541,1007.6743896898187,1007.6743896898187,0.0,7.879484772889295,4.992211424915877,14.104739588693906,625,,,,,,3,0,0,0,0,30,30,1,1
191,2017,4,8,15,42831.625,41.01665534469728,149.50016676655255,467,542,1005.5335664548825,1007.5335664548825,2.0,8.78327826001682,6.262785650890801,267.24666641978536,224375,-2.140823234936106,-22.600254278139786,55.13029428124209,30.543899837048446,63.026019744166,0,0,0,0,0,25,25,1,1
191,2017,4,8,18,42831.75,41.5571851453603,151.66221950278978,459,544,1003.8355364332904,1003.8355364332904,0.0,9.302324028791444,7.446642232535596,14.104739588693906,625,-1.6980300215921307,-17.734215064063065,59.96404595094109,20.034723844641203,63.22244036999528,0,0,0,0,0,26,26,1,1
191,2017,4,8,21,42831.875,42.02152290763866,153.86666342621643,451,546,1003.635356169116,1003.635356169116,0.0,9.207029282269135,7.2424729685409694,14.104739588693906,625,-0.20018026417441434,-2.0718097080544338,60.69840500208441,17.21066780494687,63.09123121392782,0,0,0,0,0,29,29,1,1
191,2017,4,9,0,42832.0,42.23650364377311,154.36398814234408,449,546,1003.2444763224786,1003.2444763224786,0.0,8.918671090425006,4.872615680810413,14.104739588693906,625,-0.39087984663739916,-4.028749672107391,13.647583595715197,7.968255728154385,15.803469155577826,0,0,0,0,0,31,31,1,1
191,2017,4,9,3,42832.125,42.22460745542828,151.88679112394405,457,542,1001.8692636546274,1001.8692636546274,0.0,8.16022439015309,2.321263337186465,14.104739588693906,625,-1.3752126678511558,-14.177387409986727,-67.98975183448574,-0.44093193011799303,67.99118160086611,0,0,0,3,0,28,28,1,1
191,2017,4,9,6,42832.25,42.23650364377311,152.50590950349996,455,543,1000.3483198696752,1000.3483198696752,0.0,8.539165448718418,1.9075983079701109,14.104739588693906,625,-1.520943784952251,-15.676177289857442,16.98983174880748,0.44093193011799303,16.99555247174343,0,0,0,0,0,27,27,1,1
191,2017,4,9,9,42832.375,41.24827365077031,153.98176362629707,452,549,998.8845554438882,1000.8845554438882,2.0,10.783543730508391,2.421809242263553,283.50175706934715,252500,-1.4637644257869398,-15.381315286885313,41.12810722254536,-36.628720526633025,55.07435311583219,0,0,0,0,0,21,21,1,1
191,2017,4,9,12,42832.5,42.68302343672671,153.49743056425322,451,543,997.089948675342,1005.089948675342,8.0,12.382804239105344,2.617814050063753,711.5558043548602,1590625,-1.7946067685462186,-18.33992064253438,-13.196623294692976,53.178965734239505,54.79190873610312,0,0,2,0,0,20,20,1,2
191,2017,4,9,15,42832.625,43.20276048168894,155.39247696223097,444,544,994.1082072531799,1004.1082072531799,10.0,14.475663200854008,2.6398050843445526,722.1020580948527,1638125,-2.9817414221621585,-30.176229755874807,51.19923545275415,19.26404086301147,54.703427509785286,0,0,0,0,0,18,18,1,2
191,2017,4,9,18,42832.75,43.72811785346963,156.05199794787242,441,543,991.6467801974893,997.6467801974893,6.0,16.814259524315368,4.334838358163397,403.15875983611977,510625,-2.4614270556905833,-24.670646731796293,17.664688448656364,19.47235813911044,26.290948052245554,0,0,0,2,0,18,18,1,2
191,2017,4,9,21,42832.875,44.24576666590309,156.72567155358115,438,542,989.0069595659827,997.0069595659827,8.0,19.933554340143456,6.5947001013804405,431.0607800064717,583750,-2.639820631506591,-26.212168541588838,17.88707871747541,19.186640575394225,26.23117918841099,0,0,0,0,0,18,18,1,1
191,2017,4,10,0,42833.0,44.755549340784455,157.4137659106563,435,541,984.6361123119232,1002.6361123119232,18.0,23.944282747415638,10.936840450294913,743.6823429693194,1737500,-4.370847254059481,-43.00927066478507,18.110917135513464,18.895082379366603,26.173067409313823,0,0,0,0,0,19,19,1,2
191,2017,4,10,3,42833.125,45.257301656660985,158.11654410741886,432,540,979.7209629084906,999.7209629084906,20.0,27.768033060795883,16.188890892038252,685.7863055183814,1477500,-4.915149403432588,-47.94361304108156,18.336081409227035,18.597437319209575,26.116595419153132,0,0,1,0,0,20,20,1,1
191,2017,4,10,6,42833.25,45.52426858826508,158.94122105442915,429,540,974.0137202291435,1000.0137202291435,26.0,33.01797951602402,21.662041770831273,752.3262366623624,1778125,-5.707242679347109,-55.414601097451175,21.415104257673946,9.895122792079786,23.5906792067838,0,0,0,0,0,22,22,1,1
191,2017,4,10,9,42833.375,45.718067947541044,160.43621638041736,424,541,970.7113035911489,1000.7113035911489,30.0,36.22733671052733,14.927467785802289,793.1329728177466,1976250,-3.302416637994611,-31.95893291009561,38.68749311527162,7.183168512817963,39.34869798897707,0,0,0,0,0,24,24,1,1
191,2017,4,10,12,42833.5,46.18515714519121,162.13513962207688,418,541,967.483689153296,1001.483689153296,34.0,39.11505271776806,12.397807023728237,844.5194424822653,2240625,-3.227614437852899,-30.989690536325398,43.595576181856266,17.31264968972524,46.907377904836856,0,0,0,0,0,22,22,1,1
191,2017,4,10,15,42833.625,46.610064525111554,163.86715946951463,412,541,964.2804393176883,1002.2804393176883,38.0,41.27164037951325,16.081365323872088,911.8035062316269,2611875,-3.2032498356077124,-30.539297889826766,44.10006378039758,15.749181646991362,46.827901383524164,0,0,0,0,0,21,21,1,1
191,2017,4,10,18,42833.75,47.16495966190331,165.25643716352928,407,540,963.4441402400198,1005.4441402400198,42.0,41.884840115755175,14.711945320203887,1035.2340788657657,3366875,-0.8362990776685183,-7.901183362370234,35.0094792978473,20.567174676994025,40.60384606044584,0,0,0,0,0,27,27,1,1
191,2017,4,10,21,42833.875,47.45692123804818,166.75063404821285,402,540,964.0602314923391,1008.0602314923391,44.0,41.590387447296074,9.94180759637129,1115.3451591063758,3908125,0.6160912523193111,5.793409319085478,37.44590123862346,10.821548680819653,38.978217448006674,0,0,0,0,0,24,24,1,1
191,2017,4,11,0,42834.0,48.18932808903239,168.1356095487189,397,538,965.3156518696218,1011.3156518696218,46.0,40.18443545655124,7.619267833861013,1254.132658495765,4941250,1.2554203772827168,11.669398349673166,34.22249756548994,27.146642023053715,43.68202734246421,0,0,0,0,0,22,22,1,1
191,2017,4,11,3,42834.125,48.6998250408931,169.93678649505821,391,537,965.5823179514912,1011.5823179514912,46.0,39.374755180563305,6.980477826650895,1268.2506233479512,5053125,0.26666608186933444,2.4592173161323174,44.06122290920446,18.921557038140985,47.952233368240805,0,0,0,0,0,26,26,1,1
191,2017,4,11,6,42834.25,49.33140548015978,171.0944447966827,387,535,966.5726064968122,1010.5726064968122,44.0,38.660025368704545,6.379963965844945,1192.246864323614,4465625,0.9902885453210911,9.045478933210378,27.962505596452637,23.409513538131996,36.467890579571915,0,0,0,0,0,24,24,1,1
191,2017,4,11,9,42834.375,49.975201851225954,172.6109496698391,382,533,967.9500338081713,1011.9500338081713,44.0,37.87831405235755,7.503421635734776,1230.5930617061777,4757500,1.3774273113590607,12.462154585295428,36.148601695167606,23.862296751579077,43.314323390494,0,0,0,0,0,23,23,1,1
191,2017,4,11,12,42834.5,50.74557503110286,173.1439759447947,380,530,969.653123111045,1011.653123111045,42.0,36.607108670260125,7.4343676251442945,1203.2921901095003,4548750,1.7030893028737046,15.23786869401782,12.501264300363237,28.55386307511585,31.17057435499065,0,0,0,0,0,20,20,1,1
191,2017,4,11,15,42834.625,51.27368447796199,173.7344606932963,378,528,970.8386574874047,1010.8386574874047,40.0,35.4940567329717,6.943809733738017,1173.6635090435223,4327500,1.1855343763597193,10.528353719667939,13.692056809355519,19.574363734599636,23.887823996442798,0,0,0,0,0,19,19,1,1
191,2017,4,11,18,42834.75,51.58241595284709,174.7130591497647,375,527,972.6636119038271,1010.6636119038271,38.0,34.238617869152755,5.9535520122820165,1141.874279980223,4096250,1.8249544164224063,16.13734531235817,22.538657908249075,11.443124567571816,25.27718734697443,0,0,0,0,0,18,18,1,1
191,2017,4,11,21,42834.875,52.097346724480545,175.3366508941604,373,525,974.9914166906278,1010.9914166906278,36.0,32.663725200485786,5.852432524735778,1124.8474552491853,3975000,2.327804786800698,20.43899552627114,14.199028324469664,19.085896459602566,23.78831328669104,0,0,0,0,0,21,21,1,1
191,2017,4,12,0,42835.0,52.589292200917455,175.62809341737815,372,523,977.6949640010283,1009.6949640010283,32.0,30.53096689219516,5.587473910287299,1044.1318691523036,3425000,2.703547310400463,23.581391608029694,6.562661294535174,18.233947055175076,19.378992452594584,0,0,0,0,0,18,18,1,1
191,2017,4,12,3,42835.125,52.84314314925079,175.9519706492578,371,522,979.7989929110313,1009.7989929110313,30.0,28.523574716203893,5.231343292217934,1045.179286365261,3431875,2.1040289100029623,18.290357809716436,7.250702852744617,9.408979192858954,11.878618661715327,0,0,0,0,0,18,18,1,1
191,2017,4,12,6,42835.25,53.110180205948886,176.63353933657018,369,521,982.4609135923663,1008.4609135923663,26.0,26.68461270660382,4.828700425050483,971.3855407900998,2964375,2.661920681335032,23.058924036109747,15.164365040161806,9.897721976974395,18.108640683518008,0,0,0,0,0,15,15,1,1
191,2017,4,12,9,42835.375,53.37150611093661,177.32457334397085,367,520,984.9972092032008,1008.9972092032008,24.0,24.94472521429406,4.890957710122384,957.8769476946277,2882500,2.536295610834495,21.895968301421934,15.281366812775765,9.68603827847774,18.092526335444163,0,0,0,0,0,16,16,1,1
191,2017,4,12,12,42835.5,53.61813459920035,177.66635357623642,366,519,987.4981143106284,1007.4981143106284,20.0,22.70564540371098,4.384825075937042,881.7436685363318,2442500,2.500905107427534,21.521767846756166,7.514240664574897,9.141278886981883,11.833291699891952,0,0,0,0,0,16,16,1,1
191,2017,4,12,15,42835.625,53.64035667945857,178.7429275841855,363,519,988.8540138050391,1006.8540138050391,18.0,21.19966204143151,4.410055328718008,869.1312608863567,2373125,1.3558994944108418,11.66498474974763,23.65645217439892,0.823660861400464,23.670786778098996,0,0,0,0,0,19,19,1,1
191,2017,4,12,18,42835.75,53.64924875916124,179.82038999425293,360,519,991.1419329462811,1005.1419329462811,14.0,19.155221465255565,4.436907848404226,790.3689971372164,1962500,2.2879191412420186,19.681026106947634,23.670981844221192,0.3295847167518351,23.673276231965986,0,0,0,0,0,19,19,1,1
191,2017,4,12,21,42835.875,53.87662837116919,-178.73499909697495,356,518,993.6688098576008,1001.6688098576008,8.0,17.16563839626421,3.9974487955665245,624.92114831532,1226875,2.5268769113195595,21.673448623616764,-31.56530499672328,8.427819759230825,32.67103649152021,0,0,0,0,0,20,20,1,2
191,2017,4,13,0,42836.0,54.570798523736144,-177.9743056218773,354,515,996.3921626802922,1000.1545521869828,3.7623895066905244,14.871657052141634,2.9362210880505883,497.87932660999996,778750,2.7233528226915222,23.15560919236866,16.34451345401856,25.729399731174876,30.481882005138324,0,0,0,0,0,18,16,2,0
191,2017,4,13,3,42836.125,54.570798523736144,-177.9743056218773,354,515,,,,14.871657052141634,,0.0,0,0.0,,0.0,0.0,0.0,0,3,0,0,0,18,16,0,0
195,2017,4,8,18,42831.75,67.36704836574812,-82.27338238090277,260,346,,,,16.749623667623254,,0.0,0,,,,,,0,0,0,0,0,12,12,0,0
195,2017,4,8,21,42831.875,70.93614335112204,-85.60129464500447,275,353,998.8161631688183,998.8161631688183,0.0,19.160615990467956,4.522704065779326,14.104739588693906,625,,,-40.283401657481164,132.28841836203884,138.28585640559115,3,0,0,3,0,13,13,1,1
195,2017,4,9,0,42832.0,71.21694123239017,-91.02915480430599,276,361,997.8611720821384,999.8611720821384,2.0,20.81608676459672,5.426403250063522,162.05112036071435,82500,-0.9549910866799474,-6.988551068714371,-64.75651498868737,10.407766603185404,65.5875585697964,0,0,0,0,0,15,15,1,1
195,2017,4,9,3,42832.125,70.53011649176818,-91.65548653911931,273,362,997.2772589386971,999.2772589386971,2.0,20.66155995453009,6.5160253100103,136.75052399642826,58750,-0.5839131434413138,-4.290832364264316,-7.737778440175391,-25.45714221704325,26.607128838865886,0,0,0,0,0,15,15,1,1
195,2017,4,9,6,42832.25,70.0677262639321,-92.26475454822342,271,363,996.4858866011261,1000.4858866011261,4.0,20.643554041983858,7.898386824369663,214.37348207692287,144375,-0.7913723375709378,-5.832156439350619,-7.698550014162787,-17.138482488464476,18.788167934313588,0,0,0,0,0,14,14,1,1
195,2017,4,9,9,42832.375,70.04461939408145,-93.55618109425512,271,365,996.656862840953,1000.656862840953,4.0,20.32063746454681,7.3634990041921995,200.96160531198103,126875,0.17097623982685037,1.2602236193234815,-16.336034430294294,-0.8564555660095898,16.358469887012948,0,0,0,0,0,11,11,1,1
195,2017,4,9,12,42832.5,69.5576217519029,-94.73744334801012,269,367,997.5396073431501,1001.5396073431501,4.0,18.842612062402807,7.600790391139162,202.4410972262378,128750,0.8827445021971653,6.526870031411188,-15.291800050795507,-18.050555699372225,23.65717036861443,0,0,0,0,0,10,10,1,1
195,2017,4,9,15,42832.625,69.08390314563502,-95.25027272973306,267,368,997.5619311643692,1001.5619311643692,4.0,18.202074207652412,8.460058232023366,197.9694540487982,123125,0.022323821219033563,0.16557464135385602,-6.785847698788775,-17.55836855803998,18.82402813988345,0,0,0,0,0,10,10,1,1
195,2017,4,9,18,42832.75,68.62979778027959,-95.13975737899061,265,368,998.0811678749151,1002.0811678749151,4.0,16.88675261153273,7.713547157875217,218.50968611841583,150000,0.5192367105459561,3.862974525901815,1.4926422179901644,-16.831404263199033,16.897459876033473,0,0,0,0,0,8,8,1,1
195,2017,4,9,21,42832.875,68.19410909542168,-94.4441061216527,263,367,999.0430131824494,1001.0430131824494,2.0,15.42540212509508,6.505894171354957,135.28790949515025,57500,0.9618453075342405,7.1774211952438325,9.577869190827846,-16.14879045088023,18.775489641099906,0,0,0,0,0,7,7,1,1
195,2017,4,10,0,42833.0,67.54070407695727,-93.16388361888075,260,365,999.6103169629386,1001.6103169629386,2.0,14.33183710761568,5.48752247989134,163.27416503504918,83750,0.5673037804891646,4.252979416996348,18.127399620889136,-24.218441032445384,30.251206638040834,0,0,0,0,0,11,11,1,1
195,2017,4,10,3,42833.125,67.10439210791543,-91.97493401088198,258,363,1000.2166208097618,1000.2166208097618,0.0,13.735806805189737,4.8370938920413025,14.104739588693906,625,0.6063038468232844,4.559842396141949,17.144692276138294,-16.1718924639167,23.56842334794506,0,0,0,0,0,9,9,1,1
195,2017,4,10,6,42833.25,67.10439210791543,-91.97493401088198,258,363,,,,13.735806805189737,,0.0,0,0.0,,0.0,0.0,0.0,0,3,0,0,0,9,9,0,0
198,2017,4,9,0,42832.0,40.27108606341366,-102.77471083242222,150,407,995.0989173884907,997.0989173884907,2.0,9.498899038987389,7.806141123291091,195.44100476116796,120000,,,,,,3,0,0,0,0,19,19,1,1
198,2017,4,9,3,42832.125,40.18797714227251,-101.93666167370918,149,404,995.8694381561404,999.8694381561404,4.0,10.413353231298984,6.243799494224804,349.2169456715478,383125,0.770520767649723,8.27265765148719,23.729358195394674,-3.0804301299330055,23.928466105263485,0,0,0,0,0,17,17,1,1
198,2017,4,9,6,42832.25,40.18682355784374,-100.5787589379804,148,399,995.9381755616513,999.9381755616513,4.0,11.225289209767984,4.91740114300701,353.74506923207105,393125,0.06873740551091032,0.7380133043842637,38.449431836535375,-0.0427575786451971,38.4494556107484,0,0,0,0,0,16,16,1,1
198,2017,4,9,9,42832.375,40.318456920608185,-99.79147856110342,148,396,995.5766409659252,999.5766409659252,4.0,12.233313066164365,4.250024588817468,366.18033747720784,421250,-0.36153459572611607,-3.871171574227694,22.24891020418883,4.878987372190016,22.777588174608116,0,0,0,0,0,12,12,1,1
198,2017,4,9,12,42832.5,41.07623770312925,-98.0152045546042,150,389,996.1243865936826,1000.1243865936826,4.0,13.399476191949635,4.4389109884167555,353.46376098143054,392500,0.5477456277573947,5.7755420256683445,49.629856621104594,28.08712617502868,57.02639147801113,0,0,0,0,0,11,11,1,1
198,2017,4,9,15,42832.625,41.17448948704105,-97.20915106010762,150,386,996.9251409598598,1002.9251409598598,6.0,14.23127018971589,2.7533138501398935,559.586767653868,983750,0.8007543661772797,8.426751745453434,22.488092892556438,3.6416999682563564,22.781051349818025,0,0,0,0,0,11,11,1,1
198,2017,4,9,18,42832.75,41.17448948704105,-97.20915106010762,150,386,996.9310138730035,1002.9310138730035,6.0,14.08256795647574,2.612999861702556,581.382241207463,1061875,0.005872913143684854,0.061803698081224344,0.0,0.0,0.0,0,0,0,0,0,9,9,1,1
198,2017,4,9,21,42832.875,42.89905550642133,-94.63546342690265,156,376,995.7829421607861,1003.7829421607861,8.0,14.681378848141373,3.6133272251129527,681.1289592381717,1457500,-1.1480717122174975,-11.684988094893454,69.87830282366738,63.92099733956295,94.70412402002658,0,0,0,1,0,8,8,1,2
198,2017,4,10,0,42833.0,41.5854470902097,-95.61534970668315,151,380,996.5670995866114,1002.5670995866114,6.0,14.612656146607009,6.192714112847316,507.57468822825047,809375,0.7841574258253968,8.185181965059689,-27.165601577575057,-48.68886382677587,55.7545995395346,0,0,0,0,0,12,12,1,1
198,2017,4,10,3,42833.125,39.50952673903297,-96.45635130194381,143,384,1001.5088927417074,1001.5088927417074,0.0,11.609151541396368,11.974959484243737,14.104739588693906,625,4.941793155095947,53.81546190739541,-24.04946825635534,-76.94393705634728,80.61480244436859,0,0,0,3,0,11,11,1,1
198,2017,4,10,6,42833.25,39.50952673903297,-96.45635130194381,143,384,,,,11.609151541396368,,0.0,0,0.0,,0.0,0.0,0.0,0,3,0,0,0,11,11,0,0
199,2017,4,9,0,42832.0,57.394701567471074,119.86863008834868,484,431,1002.6801960748677,1002.6801960748677,0.0,7.603971966940446,12.520896816840398,14.104739588693906,625,,,,,,3,0,0,0,0,20,20,1,1
199,2017,4,9,3,42832.125,55.77021072166282,115.79888285720325,495,425,1000.0645925695832,1002.0645925695832,2.0,10.724279217303568,8.767209964474532,208.25398433773478,136250,-2.6156035052845255,-21.91786498423739,-84.84017243105849,-60.21171347813529,104.03511569707987,0,0,0,0,0,19,19,1,1
199,2017,4,9,6,42832.25,55.77021072166282,115.79888285720325,495,425,995.9568260047724,999.9568260047724,4.0,13.92616310606809,20.830996956326125,261.22343281308076,214375,-4.107766564810736,-34.421682327762625,0.0,0.0,0.0,0,0,0,0,0,18,18,1,1
199,2017,4,9,9,42832.375,55.79207142641352,120.57177327821428,489,436,993.6849586499075,1001.6849586499075,8.0,15.298833487125867,7.011724095151876,399.4406469672623,501250,-2.2718673548649533,-19.03253413924269,99.43709701559403,0.8102664870506863,99.44039820248457,0,0,0,0,0,15,15,1,1
199,2017,4,9,12,42832.5,53.47913906316771,122.25177438976236,495,445,994.9451920039583,1002.9451920039583,8.0,16.385506383402614,6.279654341816059,450.69002221153227,638125,1.2602333540507242,10.864504278560268,37.05650413166207,-85.72878148831444,93.39490603845078,0,0,0,0,0,15,15,1,1
199,2017,4,9,15,42832.625,54.01543976330887,123.6397639572427,491,447,994.6284428100806,1006.6284428100806,12.0,17.23991371497304,5.834816682519304,743.4147832042396,1736250,-0.316749193877622,-2.7120237483972427,30.227381424470174,19.87797233720711,36.177733096743026,0,0,0,0,0,13,13,1,1
199,2017,4,9,18,42832.75,54.913139061422214,125.49446831335374,485,449,994.1274016130029,1004.1274016130029,10.0,17.793814598803767,8.003300218098957,526.2410103554245,870000,-0.5010411970777204,-4.242201494627906,39.51443571052986,33.27320253419509,51.657493516460555,0,0,0,0,0,12,12,1,1
199,2017,4,9,21,42832.875,54.448251993965165,127.71404087351979,483,455,993.1727593064784,1005.1727593064784,12.0,19.336604842670777,10.568697117318953,589.8749819535121,1093125,-0.9546423065244745,-8.129340492188005,47.83199608615384,-17.231027787963455,50.84100872539219,0,0,0,0,0,12,12,1,1
199,2017,4,10,0,42833.0,54.34263960514264,128.51692630710275,482,457,992.8807714631944,1012.8807714631944,20.0,20.04407813341448,7.544813904035691,1071.03186336114,3603750,-0.29198784328400507,-2.4897321402446138,17.347478024011586,-3.914520609292465,17.7836572558667,0,0,0,0,0,14,14,1,1
199,2017,4,10,3,42833.125,56.50930912829422,128.38653951768526,475,451,992.3315439036951,1012.3315439036951,20.0,19.466209709485483,11.621810214506404,1092.6394725013736,3750625,-0.5492275594992679,-4.562676255173937,-2.6667365611625833,80.30755289661388,80.35181725467744,0,0,0,0,0,16,16,1,1
199,2017,4,10,6,42833.25,56.32993619188139,131.1677302538052,471,457,991.4663522094468,995.4663522094468,4.0,19.44232028268917,15.378544397622825,159.57691216057307,80000,-0.8651916942483513,-7.20248456490611,57.14730479227649,-6.648453502148283,57.53274179970546,0,0,0,0,0,14,14,1,1
199,2017,4,10,9,42833.375,56.66076320857415,131.1308154236346,470,456,992.4420767051796,998.4420767051796,6.0,18.685461505253,24.98448451349832,171.59156293944244,92500,0.9757244957328658,8.091650990203329,-0.7519819348288372,12.262095284396967,12.285131566000393,0,0,0,0,0,16,16,1,1
199,2017,4,10,12,42833.5,57.20297323834582,132.47388308838046,466,457,995.4759900828446,1001.4759900828446,6.0,16.756155453202823,25.553845761538398,204.39709528665645,131250,3.0339133776650122,25.005592035576296,26.964044240976293,20.0970014954682,33.62958743336257,0,0,0,0,0,13,13,1,1
199,2017,4,10,15,42833.625,57.21594051868037,133.0347394280795,465,458,,,,15.118141493455875,,0.0,0,1.9368938414749572,,11.256205143966998,0.4806319285262861,11.266461791254075,0,2,2,1,0,14,16,0,0
200,2017,4,9,12,42832.5,48.8960947838854,-139.51991111453518,243,496,987.3645901595746,997.3645901595746,10.0,23.762502704079097,20.311728863775205,278.90317035875347,244375,-1.03152048398857,-9.484283062694535,-4.234748139922981,-19.28847597659104,19.74787070314445,2,0,0,2,0,16,16,1,1
200,2017,4,9,15,42832.625,48.42472015887745,-138.79921982308235,240,496,989.3481065396771,1005.3481065396771,16.0,23.103326941725054,22.2863641708059,615.6197757037828,1190625,1.983516380102519,18.369856789394536,17.726380510462267,-17.471488949955262,24.88930477394066,0,0,0,0,0,15,15,1,1
200,2017,4,9,18,42832.75,47.94580581604225,-138.09405805891714,237,496,991.9225609236216,1005.9225609236216,14.0,21.769418399811617,22.747913682725486,596.4153735530181,1117500,2.5744543839445395,24.02163622572285,17.507238441324596,-17.750948406862253,24.931898587642284,0,0,0,0,0,14,14,1,1
200,2017,4,9,21,42832.875,47.4725374424582,-136.9674020299193,233,495,996.1309535152318,1006.1309535152318,10.0,18.610401642799857,18.889289114832646,522.2564348322916,856875,4.208392591610172,39.56369265405727,28.226801504681678,-17.541680694622762,33.2334603190339,0,0,0,0,0,14,14,1,1
200,2017,4,10,0,42833.0,46.985382050063905,-135.43241276753767,228,493,998.4453499351158,1006.4453499351158,8.0,16.335116723565292,17.198029242465637,459.2170506381065,662500,2.314396419883997,21.929778986668925,38.81184038053676,-18.056402707261725,42.80645549973826,0,0,0,0,0,16,16,1,1
200,2017,4,10,3,42833.125,46.79997088642778,-133.492564241225,223,489,1000.6271484668486,1006.6271484668486,6.0,14.58566595775829,13.233592696605992,413.8725739918657,538125,2.1817985317327837,20.73607872757939,49.21801425770529,-6.872260246533559,49.69548156892905,0,0,0,0,0,17,17,1,1
200,2017,4,10,6,42833.25,46.58189134882315,-131.99847567230086,219,486,1003.9248976377958,1007.9248976377958,4.0,12.657108687879468,12.112978104434733,242.25685803530186,184375,3.297749170947209,31.454865114363916,38.06192304609255,-8.08311272887551,38.91075297850686,0,0,0,0,0,19,19,1,1
200,2017,4,10,9,42833.375,46.674148354173575,-130.48601154199872,216,482,1005.941835114376,1007.941835114376,2.0,11.438851986973859,10.782896515720786,100.72798827589244,31875,2.016937476580206,19.208878028192245,38.464410127524246,3.419503647462383,38.61610870677415,0,0,0,0,0,21,21,1,1
200,2017,4,10,12,42833.5,46.886159854188435,-128.7312790438558,213,477,1007.936563813141,1009.936563813141,2.0,9.771393918534478,9.089291310731133,122.96226898414837,47500,1.9947286987649568,18.93142287921999,44.450067216304014,7.858201063985121,45.13933760586171,0,0,0,0,0,16,16,1,1
200,2017,4,10,15,42833.625,47.24784464718434,-127.14668669802178,211,472,1009.8446519714291,1011.8446519714291,2.0,8.356748535362385,7.731158287725993,153.8645436249672,74375,1.9080881582881557,18.003100943907512,39.86885764940781,13.405838008543853,42.062362070859294,0,0,0,0,0,15,15,1,1
200,2017,4,10,18,42833.75,47.24784464718434,-127.14668669802178,211,472,,,,8.356748535362385,,0.0,0,0.0,,0.0,0.0,0.0,0,3,0,0,0,15,15,0,0
203,2017,4,6,21,42829.875,51.731175913752345,-114.50054318622706,207,429,999.0202897892156,1001.0202897892156,2.0,8.066196022031473,7.126345986066081,147.2578045343293,68125,,,,,,3,0,0,0,0,20,20,1,1
203,2017,4,7,0,42830.0,52.045875680613655,-114.32987672406647,208,428,996.4255231002468,998.4255231002468,2.0,9.130212330362122,9.055850329614914,119.6826841204298,45000,-2.5947666889688117,-22.798975654966334,3.8905261519333854,11.66433916373443,12.296056354193665,0,0,0,0,0,19,19,1,1
203,2017,4,7,3,42830.125,52.456421580200406,-113.83874018317172,209,426,995.3936822222181,999.3936822222181,4.0,9.174828404127675,8.141446647382836,271.3100830783876,231250,-1.0318408780287427,-9.01613395144849,11.092831036861204,15.216873729590967,18.8309358905676,0,0,0,0,0,18,18,1,1
203,2017,4,7,6,42830.25,53.04874824130224,-112.68786370499832,210,422,995.7300405081105,999.7300405081105,4.0,8.264330599114558,8.234571143457725,321.9466674599954,325625,0.33635828589249284,2.9160565172695425,25.642479063719197,21.954573210278255,33.75707359026764,0,0,0,0,0,15,15,1,1
203,2017,4,7,9,42830.375,53.434873666357944,-110.24249975681546,209,415,995.5575639292193,999.5575639292193,4.0,9.11880138415063,4.203150861345421,332.2856328070812,346875,-0.17247657889121912,-1.4877766583615284,53.99330242646126,14.31172943822272,55.85787595700537,0,0,0,0,0,15,15,1,1
203,2017,4,7,12,42830.5,54.19823536886804,-109.12661477371391,211,411,995.1307394478614,999.1307394478614,4.0,9.40502329181998,6.022774855062162,348.64679517591304,381875,-0.4268244813579076,-3.6460662771580865,24.19477706573585,28.293982837958534,37.22817081318057,0,0,0,0,0,11,11,1,1
203,2017,4,7,15,42830.625,54.70587078423805,-106.68154396285047,211,404,994.7820611770329,998.7820611770329,4.0,9.444718111716055,4.208360495210582,414.5929793656026,540000,-0.3486782708285318,-2.959719929087571,52.358982214031734,18.815494258082982,55.637090530196176,0,0,0,0,0,15,15,1,1
203,2017,4,7,18,42830.75,54.858171232815664,-104.4413129292886,210,398,993.2846408699096,997.2846408699096,4.0,12.016259107528615,7.03619051972004,468.6510657907603,690000,-1.4974203071232477,-12.686871949212025,47.79259534449588,5.645012402506651,48.12482036109,0,0,0,0,0,15,15,1,1
203,2017,4,7,21,42830.875,54.68763282185392,-103.99144615139951,209,397,991.8957114095402,993.7394951635589,1.8437837540186592,12.393082598261731,8.5242730395744,294.5156090686586,272500,-1.3889294603693998,-11.792443798151767,9.638292697058318,-6.32100203232342,11.5261334716723,0,0,0,0,0,17,18,2,0
203,2017,4,8,0,42831.0,54.67395967833353,-102.46872826995511,208,393,992.5284042586972,993.614510868122,1.0861066094248963,11.694624189052764,8.55049100213735,320.08747962925327,321875,0.6326928491568833,5.372667760785586,32.63428817195899,-0.5067947302499604,32.63822307340079,0,0,0,0,0,13,14,2,0
203,2017,4,8,3,42831.125,54.26285446459657,-101.95448280249308,206,392,991.981999382051,995.0684323006469,3.086432918595965,12.572284695935148,9.68690385517788,383.4310611845868,461875,-0.5464048766461201,-4.663768052408545,11.13259281366213,-15.237604694892417,18.871121312540204,0,0,0,0,0,13,14,2,0
203,2017,4,8,6,42831.25,52.95530398541028,-105.53355172487991,203,403,991.0770231538058,995.0770231538058,4.0,13.18179210370085,5.5579700143321675,339.1009383412178,361250,-0.9049762282452138,-7.855334395601399,-79.90998302933234,-48.464326539059,93.45799235288933,0,0,0,0,0,16,16,1,2
203,2017,4,8,9,42831.375,53.30382076294575,-108.66007842861578,207,411,991.0517594211528,994.7959297773376,3.744170356184768,13.134072110078721,9.215346804588698,325.6331998352982,333125,-0.0252637326529657,-0.21829495097060828,-69.24385225123578,12.917765837484682,70.43848201674321,0,0,1,1,0,21,18,2,0
203,2017,4,8,12,42831.5,53.378869631899164,-108.3221620010597,207,410,991.2505970086492,996.6154202756146,5.364823266965395,14.075377283366656,11.815497254289221,438.83650844157603,605000,0.1988375874963822,1.7164109705630564,7.471336358546564,2.7816844926776567,7.9723670010444945,0,0,0,0,0,20,17,2,0
203,2017,4,8,15,42831.625,53.43929815036896,-106.85321878587796,206,406,991.4409056380048,996.3406076097244,4.899701971719623,14.855889676737851,9.753283172554147,407.08731802211184,520625,0.19030862935556797,1.6415012576515862,32.43170390728808,2.239781559495933,32.5089532246774,0,0,0,0,0,15,13,2,0
203,2017,4,8,18,42831.75,53.662590362618865,-101.02803669442679,203,390,990.1220253639524,996.1220253639524,6.0,15.151549954907688,6.280586438428654,427.81793388739516,575000,-1.3188802740523533,-11.34326382095092,127.89952472463264,8.276320387143063,128.1670234652329,0,0,1,0,0,15,15,1,1
203,2017,4,8,21,42831.875,54.3351061537685,-96.78464938538434,204,378,990.4531469462887,996.4531469462887,6.0,14.663910437848543,9.305896398960249,495.07435033691536,770000,0.3311215823363455,2.8236854620875556,91.68786038368938,24.926781354730387,95.01583115694696,0,0,0,1,0,14,14,1,2
203,2017,4,9,0,42832.0,54.199737001142836,-95.29344225303053,203,374,991.2242417639504,997.2242417639504,6.0,14.401349403857097,11.491557397700308,503.8374085273672,797500,0.7710948176616512,6.586805091762992,32.33112631061483,-5.017454332048994,32.718138340790844,0,0,1,0,0,16,16,1,1
203,2017,4,9,3,42832.125,54.117227324124585,-90.90938044919915,202,362,992.7026258721734,998.7026258721734,6.0,15.077181476235348,6.316914111371879,528.8807166876157,878750,1.4783841082229627,12.64171702673025,95.22782439109359,-3.0582191611699314,95.27691873008229,0,0,0,0,0,14,14,1,2
203,2017,4,9,6,42832.25,53.88109902759903,-89.09635601248705,201,357,993.0908216528435,999.0908216528435,6.0,15.45512402671878,5.475606429697,543.7189593836099,928750,0.3881957806700666,3.329430964007882,39.61065327535175,-8.75208953695479,40.566031654119286,0,0,0,0,0,13,13,1,2
203,2017,4,9,9,42832.375,57.65463282590963,-83.34890397493632,218,343,992.2573082560988,998.2573082560988,6.0,16.89736744382548,2.4132131513271453,476.43964736870475,713125,-1.0302554565253377,-8.44873840503736,16.67732455833714,6.733032775871136,17.985185147366987,0,0,0,0,2,9,9,1,1
203,2017,4,9,12,42832.5,58.22676365461781,-81.58052748240343,221,339,992.176519911471,1000.176519911471,8.0,17.42067472383871,3.2275820124250463,544.2675241366053,930625,-0.08078834462779923,-0.6583843768104467,34.512213883174546,21.20601517643226,40.50664126758797,0,0,0,0,0,7,7,1,1
203,2017,4,9,15,42832.625,59.075242859523264,-80.50314146130899,225,337,991.9869748447792,999.9869748447792,8.0,17.479043434965803,2.994277288545709,523.3979803141439,860625,-0.18954506669178955,-1.5308242346981333,20.5219713880702,31.448860982965225,37.552392291019814,0,0,0,0,0,8,8,1,1
203,2017,4,9,18,42832.75,59.68160290491208,-79.44612630173046,228,335,991.2612907781289,1001.2612907781289,10.0,18.077418969933166,3.6727232238060967,602.224481875867,1139375,-0.7256840666502831,-5.824248771280563,19.77715613497873,22.474720255733512,29.937417312801134,0,0,0,0,0,7,7,1,1
203,2017,4,9,21,42832.875,60.503313428860636,-78.25863155754719,232,333,990.7536100866474,1000.7536100866474,10.0,18.160670820746073,3.7167665364010465,539.3103545273711,913750,-0.5076806914815097,-4.0411063551119915,21.671249631746857,30.45668047784046,37.37984010574091,0,0,0,0,0,6,6,1,1
203,2017,4,10,0,42833.0,61.63660299438644,-77.79349314644143,237,333,991.0839092447372,1001.0839092447372,10.0,18.313382895160913,4.653561147982546,506.7901828316588,806875,0.3302991580899106,2.600572603478381,8.190217478499502,42.005350035228794,42.79636776558514,0,0,0,0,0,8,8,1,1
203,2017,4,10,3,42833.125,62.26323188210326,-77.04040507383986,240,332,990.8275500865775,1000.8275500865775,10.0,18.550901403429275,4.6370111674476355,498.8772817637132,781875,-0.2563591581597575,-2.006686356880696,12.991008562001575,23.22598440101098,26.612265120692065,0,0,0,0,0,8,8,1,1
203,2017,4,10,6,42833.25,62.60431106321919,-75.90640341858379,242,330,990.6181204776154,1004.6181204776154,14.0,18.295687009727594,10.497312747493051,752.8549269852807,1780625,-0.20942960896209115,-1.6342522706225981,19.339942707243484,12.642091508057398,23.105321067181848,0,0,0,0,0,9,9,1,1
203,2017,4,10,9,42833.375,63.834130456631364,-76.26373169437744,247,332,991.3088160378102,1003.3088160378102,12.0,17.875583577130097,10.945122618027018,653.8577566111791,1343125,0.6906955601947266,5.331661419130933,-5.840376537244587,45.58322574550727,45.9558534624554,0,0,0,0,0,12,12,1,1
203,2017,4,10,12,42833.5,64.50409443536742,-75.90221436507176,250,332,992.2448636059966,1002.2448636059966,10.0,17.329332660634073,13.468345277419214,552.7906391541368,960000,0.9360475681863317,7.184813307309485,5.7678177402932205,24.832198490017348,25.49325015240036,0,0,0,0,0,8,8,1,1
203,2017,4,10,15,42833.625,67.07513332405003,-81.23241875544701,259,344,992.2965065024243,1008.2965065024243,16.0,20.426973778378425,7.056489793442161,959.7443582248058,2893750,0.051642896427802044,0.38847567481487066,-76.93228108373224,95.295493542457,122.47369906329622,0,0,0,0,0,8,8,1,2
203,2017,4,10,18,42833.75,67.14045136077621,-82.34934904464059,259,346,991.8265540191813,1007.8265540191813,16.0,21.75845027254935,9.28048796031595,923.4027331640455,2678750,-0.46995248324295974,-3.533443298456944,-16.082195306098626,2.421011434111274,16.263403771277346,0,0,0,0,0,11,11,1,2
203,2017,4,10,21,42833.875,67.19690152682038,-83.472158992115,259,348,992.1886280046413,1000.1886280046413,8.0,22.275487502700678,9.002272867135835,380.30521234234993,454375,0.3620739854598651,2.721205616436789,-16.129061801733574,2.092324024118679,16.264207771239438,0,0,0,2,0,10,10,1,1
203,2017,4,11,0,42834.0,67.22178137857671,-84.03551289874689,259,349,993.3850111002571,1007.3850111002571,14.0,22.193182104520556,8.261860848385187,835.8769049168787,2195000,1.1963830956158927,8.989904249341286,-8.084250269644834,0.9221710969902372,8.136676345681739,0,0,2,0,0,10,10,1,2
203,2017,4,11,3,42834.125,66.80891928847387,-85.25948942610883,257,351,994.7210121401977,1008.7210121401977,14.0,22.073494235252287,8.557067013526902,890.7229599112725,2492500,1.336001039940602,10.069756766445577,-17.865050271280143,-15.302723274434474,23.5230389365253,0,0,0,0,0,13,13,1,3
203,2017,4,11,6,42834.25,66.35256280305687,-85.34981515011374,255,351,996.0937768744403,1008.0937768744403,12.0,21.164291900872925,7.217058170072487,830.1451099584378,2165000,1.3727647342426643,10.382611025142797,-1.3428762883649925,-16.914841973237646,16.96806399402875,0,0,0,0,0,15,15,1,3
203,2017,4,11,9,42834.375,65.68417544365072,-86.00908690157023,252,352,997.5188949050606,1007.5188949050606,10.0,20.638322859782885,7.3456985117050495,773.3205665620155,1878750,1.425118030620215,10.834653989970784,-10.061824702703907,-24.773761133105523,26.739101649608806,0,0,0,0,0,13,13,1,3
203,2017,4,11,12,42834.5,64.99726469823499,-86.11710143963631,249,352,1000.2411629632202,1008.4560637304332,8.214900767213113,19.077339379132702,6.891285686878836,771.5176518808164,1870000,2.722268058159534,20.810641282052842,-1.692148981947427,-25.460329982620294,25.516499975526024,0,0,0,0,0,12,8,2,0
203,2017,4,11,15,42834.625,64.06368676933945,-85.75438921589709,245,351,1002.6198542774625,1004.6198542774625,2.0,17.273613324701326,5.060855463306653,256.22531886097215,206250,2.37869131424246,18.325819461321533,5.879983785652393,-34.603043106839486,35.09907123519548,0,0,0,2,0,11,11,1,1
203,2017,4,11,18,42834.75,62.65580919086027,-81.19980212361949,240,341,1003.9545646771996,1003.9545646771996,0.0,15.144698338970816,2.162832178864628,14.104739588693906,625,1.3347103997370868,10.410365598138508,77.52679467366858,-52.182948021170745,93.45300399962204,0,0,0,0,0,10,10,1,1
203,2017,4,11,21,42834.875,62.71313392051217,-76.82744657667311,242,332,1004.8007766974885,1004.8007766974885,0.0,13.306239916776766,3.9771156264565803,14.104739588693906,625,0.8462120202888036,6.596805944376943,74.28206754687909,2.1247397028541384,74.3124490098664,0,0,0,0,0,9,9,1,1
203,2017,4,12,0,42835.0,62.872311673250955,-74.28417954854312,244,327,1005.3732525917891,1005.3732525917891,0.0,12.6731016598242,3.6219248551571224,14.104739588693906,625,0.5724758943005872,4.45647472762071,42.980208425475325,5.899919513078505,43.38326136378067,0,0,0,0,0,8,8,1,1
203,2017,4,12,3,42835.125,62.82811639013066,-72.31889951014875,245,323,1006.2713818192025,1006.2713818192025,0.0,11.837849502309089,3.3394764509951345,14.104739588693906,625,0.8981292274134467,6.9943098257417855,33.26332259211053,-1.6380970881986605,33.3036333143574,0,0,0,0,0,10,10,1,1
203,2017,4,12,6,42835.25,62.82811639013066,-72.31889951014875,245,323,,,,11.837849502309089,,0.0,0,0.0,,0.0,0.0,0.0,0,3,0,0,0,10,10,0,0
215,2017,4,9,18,42832.75,30.178186036883723,125.40686573726965,567,507,1004.5013079961593,1006.5013079961593,2.0,8.512585057022845,6.997962172282132,177.8539989415875,99375,,,,,,3,0,0,0,0,15,15,1,1
215,2017,4,9,21,42832.875,30.238483044822484,125.72098176283289,566,508,1004.0359145274093,1006.0359145274093,2.0,8.8675428439949,5.111520460912507,318.8419983313807,319375,-0.46539346874997134,-6.402578298866785,10.058555638117543,2.2349071248791694,10.303851288811474,0,0,0,0,0,15,15,1,1
215,2017,4,10,0,42833.0,30.770470105460145,126.62009598858283,562,510,1004.161720892796,1008.161720892796,4.0,9.799114080119358,6.804663460048686,833.2547265022824,2181250,0.12580636538667023,1.7036980190940758,28.634108195200188,19.718087394486435,34.76658054268546,0,0,0,0,0,17,17,1,1
215,2017,4,10,3,42833.125,31.28468883171549,127.53370238540332,558,512,1002.9897614096303,1006.9897614096303,4.0,10.443947658823653,8.81859292435991,320.7084064584796,323125,-1.1719594831657014,-15.635890649933513,28.938984918708904,19.059504515073733,34.65154484991077,0,0,0,0,0,18,18,1,1
215,2017,4,10,6,42833.25,31.44186986288361,127.35174906891403,558,511,1000.0225816791982,1004.0225816791982,4.0,10.993281029161565,10.13399212153141,286.2949452790358,257500,-2.967179730432108,-39.40934480519319,-5.753857938797191,5.825911076885076,8.188291705577647,0,0,0,0,0,20,20,1,1
215,2017,4,10,9,42833.375,31.44186986288361,127.35174906891403,558,511,999.091432007743,1005.091432007743,6.0,11.081899292008785,9.128141714694648,408.3072407988381,523750,-0.931149671455205,-12.367298849900312,0.0,0.0,0.0,0,0,0,0,0,22,22,1,1
215,2017,4,10,12,42833.5,31.23613882696739,127.21298204536754,559,511,1001.2351096320001,1005.2351096320001,4.0,9.272495518379573,7.834005095376634,385.50087952176875,466875,2.1436776242571067,28.640177356179255,-4.397795677239605,-7.625415815737682,8.802702606679937,0,0,0,1,0,19,19,1,2
215,2017,4,10,15,42833.625,31.28468883171549,127.53370238540332,558,512,1000.8986586768882,1006.5152255683819,5.616566891493712,9.444083967439818,4.766877166477498,588.5243791923468,1088125,-0.33645095511194084,-4.488815883792966,10.159018548608064,1.799504738852605,10.317164105320593,0,0,0,0,0,18,20,2,0
215,2017,4,10,18,42833.75,31.982608524472056,128.60560223477242,553,514,999.2725160712147,1004.388845814502,5.116329743287351,9.935260164408874,3.0040819922576336,465.8836267154838,681875,-1.6261426056735218,-21.27064087103122,33.69915259639645,25.868376346619858,42.48300578496742,0,0,0,0,0,22,25,2,0
215,2017,4,10,21,42833.875,32.47624837282403,132.0305461583401,542,524,997.1034016802653,1005.1034016802653,8.0,13.066869169320476,10.148758831656886,531.3201297798244,886875,-2.1691143909493986,-27.98783318859197,107.08838515506082,18.296748908776447,108.64020091913244,0,0,1,0,0,21,21,1,1
215,2017,4,11,0,42834.0,32.91470780928868,134.00365210349506,535,529,996.8226321588285,1004.8226321588285,8.0,14.36967382718758,9.737167234722873,529.2567428401228,880000,-0.28076952143674133,-3.579801690561492,61.392928334166044,16.2514882914335,63.50749972350233,0,0,0,0,0,21,21,1,1
215,2017,4,11,3,42834.125,33.28559530074866,134.66591760825148,532,530,995.1482943075279,1003.1482943075279,8.0,14.710142634825722,9.437418906576204,512.2564908546913,824375,-1.674337851300661,-21.136816854284394,20.519795026340805,13.746935802092366,24.6989925274269,0,0,0,0,0,25,25,1,1
215,2017,4,11,6,42834.25,33.79704686004272,136.8530406308265,524,535,992.7393070025398,1000.7393070025398,8.0,15.47216106964125,11.28922096367096,483.8974168395105,735625,-2.408987304987968,-30.00426083925933,67.36536417933635,18.956939539316,69.98183941360712,0,0,0,0,0,25,25,1,1
215,2017,4,11,9,42834.375,35.00987504195735,140.33444003703173,510,541,990.2095757661988,1000.2095757661988,10.0,18.957854021302218,19.588690624760346,501.0657868259067,788750,-2.529731236341031,-30.548987529839284,105.6836176247615,44.95344690681695,114.84702618292216,0,0,0,0,0,24,24,1,1
215,2017,4,11,12,42834.5,36.323788387082466,141.51481430568134,503,540,986.6398973063052,1000.6398973063052,14.0,23.12542547399563,26.815798169491174,470.3460118867115,695000,-3.569678459893621,-41.75158655153059,35.24882485002247,48.70016600949798,60.118098960797354,0,0,0,0,0,21,21,1,1
215,2017,4,11,15,42834.625,37.25215950263566,142.70083394214677,497,540,983.5195210953927,999.5195210953927,16.0,25.421264301670067,25.77164083664037,471.824095028845,699375,-3.120376210912509,-35.71409844524861,34.990848108169935,34.41005269762145,49.07556599757261,0,0,0,0,0,20,20,1,1
215,2017,4,11,18,42834.75,38.241291187248294,144.4921948745123,489,541,980.872853334118,996.872853334118,16.0,27.13263148009297,21.971451015573404,418.6518614313685,550625,-2.64666776127473,-29.624241196039943,52.1479248358468,36.66214170410355,63.74573475156511,0,0,0,0,0,19,19,1,1
215,2017,4,11,21,42834.875,39.16989797613615,146.34617268393313,481,542,980.9719559527459,996.9719559527459,16.0,27.244559895599917,17.525553383735097,405.6185676485321,516875,0.09910261862794868,1.0870473168530195,53.27424148506652,34.418787924008235,63.42552930774041,0,0,0,0,0,22,22,1,1
215,2017,4,12,0,42835.0,40.246835587967894,148.12178354133349,473,542,980.8312512806754,994.8312512806754,14.0,27.379657060595182,15.078027817591499,348.64679517591304,381875,-0.14070467207056936,-1.5088345232094102,50.23210727688679,39.91666624946587,64.16077342074291,0,0,0,0,0,19,19,1,1
215,2017,4,12,3,42835.125,41.35499591033753,149.59657552549416,466,541,979.0314198122945,991.0314198122945,12.0,28.080921054391034,13.596854727100654,290.7766557300799,265625,-1.7998314683808712,-18.872671540508513,41.03130510527248,41.073935252100604,58.05718005325192,0,0,0,0,0,20,20,1,1
215,2017,4,12,6,42835.25,42.8521854083537,150.86370045317884,459,538,977.5962817237872,987.5962817237872,10.0,28.384839307399243,13.931393998135754,253.49321149362706,201875,-1.4351380885072285,-14.619603366990166,34.43092013497495,55.49329213497056,65.3069194903435,0,0,0,0,0,17,17,1,1
215,2017,4,12,9,42835.375,44.31463319304615,152.20783117207412,452,535,976.6319315026237,998.6319315026237,22.0,29.3030469340903,14.607597266831219,760.8719376457311,1818750,-0.9643502211634768,-9.56374603348235,35.646648550471646,54.20559138012452,64.87626445588457,0,0,2,0,0,18,18,1,2
215,2017,4,12,12,42835.5,45.73950201245379,152.969139740157,447,531,975.477414028899,999.477414028899,24.0,29.9978848277247,12.149089547802214,813.6857890256439,2080000,-1.1545174737246997,-11.168697561048429,19.69379866573409,52.81272795071736,56.365148269856896,0,0,0,0,0,18,18,1,1
215,2017,4,12,15,42835.625,47.36331999998889,152.9523243093603,444,525,971.7929275003364,999.7929275003364,28.0,31.761776319382317,9.367040593071943,953.088053485612,2853750,-3.684486528562702,-34.69910859732846,-0.42216572630196725,60.186774002693596,60.18825457472395,0,0,0,0,0,21,21,1,1
215,2017,4,12,18,42835.75,48.743819617180804,151.65614850724816,445,518,963.8752531859026,999.8752531859026,36.0,38.2025217586295,13.795168251767972,999.9454635003013,3141250,-7.9176743144338255,-72.96826559100495,-31.680283536797972,51.168184555498755,60.18158751376948,0,0,0,0,0,18,18,1,1
215,2017,4,12,21,42835.875,49.37595596711118,151.19627893684697,445,515,955.3865152940198,999.3865152940198,44.0,45.97231989993563,18.59903589276131,990.4500393672919,3081875,-8.488737891882774,-77.48596184992871,-11.097894789465707,23.43011835328924,25.925541745683763,0,0,0,0,0,19,19,1,1
215,2017,4,13,0,42836.0,50.00392101151788,150.72258010383806,445,512,954.0672763088259,998.0672763088259,44.0,46.56763169556946,20.72290369307135,957.1497485622208,2878125,-1.3192389851939514,-11.930679851390812,-11.28489133018018,23.2755090160498,25.86693047677268,0,0,0,0,0,17,17,1,1
215,2017,4,13,3,42836.125,50.23566319146077,151.29748843788798,443,512,952.1730170658421,996.1730170658421,44.0,46.96134312082535,21.70311805041536,922.9717400329058,2676250,-1.8942592429836804,-17.07314122189544,13.629847525900994,8.589518233066725,16.110635215766482,0,0,0,0,0,19,19,1,1
215,2017,4,13,6,42836.25,50.34988604239584,151.58733855692742,442,512,951.9342208927328,995.9342208927328,44.0,46.39032776879016,21.79638087803367,949.9518552700692,2835000,-0.2387961731092946,-2.148732729957966,6.855262521949388,4.233667176952365,8.057205595617361,0,0,0,0,0,15,15,1,1
215,2017,4,13,9,42836.375,50.46300020848198,151.87878388767265,441,512,952.6829205156052,996.6829205156052,44.0,45.83920768020184,20.179304619947942,1003.6193731155416,3164375,0.7486996228723729,6.725948192482905,6.876557207513824,4.192573800136457,8.053863302651775,0,0,0,0,0,18,18,1,1
215,2017,4,13,12,42836.5,50.574998268235,152.17182242909414,440,512,956.2639475308692,998.2639475308692,42.0,42.63890418260565,19.447593423422514,1075.573099607467,3634375,3.5810270152639716,32.11841968757746,6.8977613817304455,4.151205346189852,8.050566309616181,0,0,0,0,0,19,19,1,1
215,2017,4,13,15,42836.625,50.26178667505296,152.77132082290876,439,514,957.9234839538497,995.9234839538497,38.0,40.68238123361287,18.451060635177274,1000.1443982408551,3142500,1.6595364229804546,14.951890692377452,14.20503305273877,-11.609180042700817,18.345463343651037,0,0,0,0,0,20,20,1,1
215,2017,4,13,18,42836.75,50.15600521808618,153.9497879271144,436,516,960.0138109693987,996.0138109693987,36.0,38.553129183091336,18.477287590864215,1020.0369799488966,3268750,2.090327015549119,18.862158512663072,27.985367452298835,-3.9207871159250485,28.25868650607439,0,0,0,0,0,22,22,1,1
215,2017,4,13,21,42836.875,49.915083258440305,155.55604521958347,432,519,962.6321533154342,994.6321533154342,32.0,36.50237378224993,16.260939056434434,964.3970648510206,2921875,2.6183423460353517,23.710132892545158,38.335746995962495,-8.929766543295568,39.36204044833306,0,0,0,0,0,25,25,1,1
215,2017,4,14,0,42837.0,50.08195870711038,156.88763331819624,428,520,966.7216765607369,994.7216765607369,28.0,32.758417473354854,12.952521994843845,972.7158560861018,2972500,4.089523245302844,36.94186447404881,31.670428033723223,6.185234424549077,32.26876410285756,0,0,0,0,0,22,22,1,1
215,2017,4,14,3,42837.125,50.177966709107544,158.96248897457818,422,522,969.109106752389,993.109106752389,24.0,30.450907057326933,12.556571588986845,915.0704586763986,2630625,2.3874301916520926,21.53619536733504,49.24842985171757,3.5585342464550767,49.376826638036796,0,0,0,0,0,24,24,1,1
215,2017,4,14,6,42837.25,50.52242323210734,161.2502423696889,415,523,971.4457581697608,991.4457581697608,20.0,28.808981733472784,12.754493903593323,809.2728778497085,2057500,2.3366514173717587,20.97338067698702,53.90884108293609,12.767272602400537,55.400057731100475,0,0,0,0,0,26,26,1,2
215,2017,4,14,9,42837.375,51.188056006209614,163.05845760716343,409,522,973.8810978017282,993.8810978017282,20.0,26.989409931435404,10.922116143740714,909.619019369643,2599375,2.435339631967363,21.653451354670274,42.00572731617801,24.671662496172157,48.71521382161974,0,0,0,0,0,23,23,1,2
215,2017,4,14,12,42837.5,51.74820789723185,164.59489268795477,404,521,977.2488413471452,993.2488413471452,16.0,24.135757045151667,10.29734732396093,792.1290066269493,1971250,3.3677435454170337,29.71155483968417,35.256865410587636,20.76201614400953,40.91586334106129,0,0,0,0,0,24,24,1,3
215,2017,4,14,15,42837.625,52.45065360495357,165.75264555113165,400,519,979.0101642709617,995.0101642709617,16.0,21.677875664440734,8.448970586019787,894.9565638118776,2516250,1.7613229238164785,15.391474175739779,26.15225174551215,26.036132980634026,36.90285208416691,0,0,0,0,0,24,24,1,3
215,2017,4,14,18,42837.75,52.95676251354419,167.37553999321202,395,518,981.1557929672942,995.1557929672942,14.0,19.643809341320996,8.679330874116204,861.8907685324292,2333750,2.1456286963325693,18.624032923828217,36.23617456830744,18.75891432163053,40.803887239711926,0,0,0,0,0,23,23,1,3
215,2017,4,14,21,42837.875,53.569286758368044,168.26826572648335,392,516,982.7016255183077,992.7016255183077,10.0,18.32611706363141,7.916033646809812,675.7038870650922,1434375,1.5458325510134454,13.311169669591308,19.64969802417064,22.703196157067296,30.0257514175311,0,0,0,0,0,24,24,1,2
215,2017,4,15,0,42838.0,53.9392607261848,169.25803682217165,389,515,984.3827489177413,988.3827489177413,4.0,16.945912613359276,8.100769095645592,235.17300594335575,173750,1.6811233994335635,14.407792239298068,21.594672196463684,13.71307607059332,25.580819427661044,0,0,0,2,0,19,19,1,1
215,2017,4,15,3,42838.125,54.529909183729345,170.2050938890906,386,513,985.2250954879305,989.2250954879305,4.0,16.00264962633113,7.275890346908345,235.17300594335575,173750,0.8423465701892564,7.165785066541947,20.369136396293374,21.892370636462758,29.90280270501513,0,0,0,0,0,18,18,1,1
215,2017,4,15,6,42838.25,54.87648558607059,171.23972199998389,383,512,986.1269796300589,996.1269796300589,10.0,15.838432563766933,7.389077946108082,815.1514505959387,2087500,0.9018841421284014,7.6394818928119825,22.063243083475943,12.845845878356325,25.530422082116722,0,0,2,0,0,20,20,1,4
215,2017,4,15,9,42838.375,55.210646181124645,172.29391047508804,380,511,987.1594652095445,993.1594652095445,6.0,15.574629057576729,7.473897852398004,485.7439687054641,741250,1.0324855794855103,8.71016656043952,22.293585248116965,12.385654284846208,25.503105208558186,0,0,0,2,0,20,20,1,2
215,2017,4,15,12,42838.5,55.76552786624478,173.32351993959793,377,509,988.3089293792187,993.2477536466079,4.938824267389136,14.880972039278449,6.394284293517412,425.72020323904735,569375,1.1494641696743202,9.632653240011244,21.469267463878033,20.566676091113866,29.730751939235013,0,0,0,0,0,22,19,2,0
215,2017,4,15,15,42838.625,56.050638996069296,174.04120943675883,375,508,989.3159402158236,998.9822918847465,9.666351668922871,13.61277291306719,5.927999351132457,829.4258505223462,2161250,1.0070108366048953,8.41050153984059,14.855606994712723,10.56763705546153,18.23085330195274,0,0,0,0,0,25,21,2,0
215,2017,4,15,18,42838.75,56.56344463538312,174.7350532453942,373,506,990.90579646668,999.8473268085904,8.941530341910402,12.533670016583937,5.788570652178314,832.8965171026944,2179375,1.5898562508563918,13.199393253661212,14.170515378362213,19.007128482139066,23.708109144867333,0,0,0,0,0,23,21,2,0
215,2017,4,15,21,42838.875,57.050944590817714,175.0559255892022,372,504,993.0638122637098,1001.5197475407956,8.455935277085809,11.099556164602676,5.23176775069056,868.1006022000702,2367500,2.1580157970298024,17.816947855629124,6.468583166896035,18.069173927924997,19.192123765353724,0,0,0,0,0,26,24,2,0
215,2017,4,16,0,42839.0,57.51708164232351,174.98688624496418,372,502,995.0074849432925,1001.271039727541,6.263554784248554,9.933231934217837,5.3032425534479986,790.4948420543642,1963125,1.9436726795826689,15.963646366077425,-1.3742747794894417,17.27735841616595,17.331928485030197,0,0,0,0,0,25,23,2,0
215,2017,4,16,3,42839.125,58.00245431803928,175.32074083959517,371,500,996.7578713513858,996.7578713513858,0.0,8.80585467029435,5.87039578053751,14.104739588693906,625,1.7503864080933271,14.299552394453379,6.556930317031744,17.990326357162598,19.147981032464735,0,0,0,2,0,22,22,1,1
215,2017,4,16,6,42839.25,58.25344173825998,175.69553103949204,370,499,998.4692971419252,998.4692971419252,0.0,8.35441094614078,5.690724367157091,14.104739588693906,625,1.7114257905393606,13.943239782893775,7.309228841995261,9.30284259338279,11.83079484151054,0,0,0,0,0,17,17,1,1
215,2017,4,16,9,42839.375,58.46758860428578,175.25347685657238,371,498,1000.1978963379955,1000.1978963379955,0.0,7.925718768968238,5.6046476735815665,14.104739588693906,625,1.7285991960702813,14.050758963673191,-8.568882565702914,7.937348352966937,11.680207502487029,0,0,0,0,0,18,18,1,1
215,2017,4,16,12,42839.5,58.46758860428578,175.25347685657238,371,498,,,,7.925718768968238,,0.0,0,0.0,,0.0,0.0,0.0,0,3,0,0,0,18,18,0,0
216,2017,4,10,0,42833.0,45.92012309942912,56.268503862647925,519,253,1007.436322987853,1011.436322987853,4.0,7.561999694743379,3.4172475867828327,699.8566548696297,1538750,,,,,,3,0,0,0,0,1,1,1,1
216,2017,4,10,3,42833.125,45.8379508783823,57.757532160876686,522,257,1007.8199872464786,1011.8199872464786,4.0,7.891818194456288,2.4639636447265367,688.3922160048866,1488750,0.38366425862550385,3.7053343363326503,38.450324859283654,-3.0457113638406166,38.57076405123801,0,0,0,0,0,1,1,1,1
216,2017,4,10,6,42833.25,45.29733011220121,57.82274559359714,524,256,1008.1617284081946,1012.1617284081946,4.0,7.826450914795223,2.2722275761813218,666.9618174542285,1397500,0.3417411617160542,3.3311243106554804,1.7002794672837298,-20.038095479343987,20.11010245389547,0,0,0,0,0,2,2,1,1
216,2017,4,10,9,42833.375,46.506407255174594,57.94650951563694,520,259,1006.6746568604576,1010.6746568604576,4.0,8.83540748559757,2.467088063659321,618.6821786151661,1202500,-1.4870715477369958,-14.201826203494917,3.1573211363403657,44.81441474017939,44.92549883154097,0,0,0,1,0,4,4,1,2
216,2017,4,10,12,42833.5,45.4263615307582,58.07295387670077,524,257,1005.5852205281334,1009.5852205281334,4.0,8.618131022995648,4.539368188949957,583.6022431559495,1070000,-1.0894363323242577,-10.5956996068606,3.2892145911737254,-40.031868366416724,40.166770065975015,0,0,1,0,0,3,3,1,1
216,2017,4,10,15,42833.625,46.23984209015097,60.94539590092286,526,267,1005.1305912329152,1011.1305912329152,6.0,9.881138347019553,5.109462661018406,733.9887481195237,1692500,-0.45462929521818296,-4.361096381872243,73.63292669405855,30.151637042817956,79.56713586584874,0,0,0,0,0,3,3,1,1
216,2017,4,10,18,42833.75,47.71125574548399,59.888954898722986,519,267,1005.5838309100614,1009.5838309100614,4.0,9.963750841144478,1.8423279134978658,499.87324458734105,785000,0.45323967714619356,4.244785624295676,-26.34722973265917,54.537911156185686,60.56864096102473,0,0,0,0,0,3,3,1,1
216,2017,4,10,21,42833.875,47.22581584190445,61.303676459843615,523,270,1005.0990981220441,1009.0990981220441,4.0,10.481158839338926,2.443817071867961,445.36147995563624,623125,-0.4847327880172816,-4.57515381041979,35.609779066031884,-17.99281815628942,39.89734164498809,0,0,0,0,0,3,3,1,1
216,2017,4,11,0,42834.0,46.059458185590756,64.4400348281762,532,277,1004.8332568685495,1008.8332568685495,4.0,9.800311910854148,3.7087261856762783,450.24838563097774,636875,-0.26584125349458193,-2.5578444760965455,80.66132846106197,-43.231018011707086,91.51595941381956,0,0,0,0,0,4,4,1,1
216,2017,4,11,3,42834.125,47.35552730336919,62.262996465779175,524,273,1005.5489897579182,1009.5489897579182,4.0,10.702693669553414,2.8843120205348534,432.443127050225,587500,0.7157328893686645,6.741347464491238,-54.662698148071776,48.038770159217385,72.77179403613273,0,0,0,0,0,5,5,1,1
216,2017,4,11,6,42834.25,47.54938390019283,65.58166944842655,528,283,1006.3138052923022,1008.3138052923022,2.0,9.709818251099078,3.763969317076335,281.3886710374423,248750,0.7648155343839608,7.181310869122692,83.01749212964513,7.185290021122707,83.3278608400776,0,0,0,0,0,7,7,1,1
216,2017,4,11,9,42834.375,47.96682234182309,66.02164401405422,527,285,1005.6959526291075,1007.6959526291075,2.0,9.19950838666526,4.3735807653204395,210.15588668414918,138750,-0.6178526631946443,-5.763133117819985,10.918946359416067,15.472345631898607,18.93718218090372,0,0,0,0,0,7,7,1,1
216,2017,4,11,12,42834.5,48.977763882483224,67.51546947380662,525,291,1005.2900165172184,1009.2900165172184,4.0,9.045666500548435,8.496808695011133,458.1327113429437,659375,-0.40593611188902284,-3.7277348719281527,36.3407013811373,37.470523485213235,52.19853165682835,0,0,0,0,0,7,7,1,1
216,2017,4,11,15,42834.625,48.93624341055515,68.22826206952136,526,293,1006.1230097990591,1008.1230097990591,2.0,8.334831912925154,5.620064743683251,238.949442004407,179375,0.8329932818406087,7.654253195015379,17.354956634381054,-1.5389552767629375,17.423056652755378,0,0,0,0,0,6,6,1,1
216,2017,4,11,18,42834.75,48.93624341055515,68.22826206952136,526,293,,,,8.334831912925154,,0.0,0,0.0,,0.0,0.0,0.0,0,3,0,0,0,6,6,0,0
221,2017,4,10,3,42833.125,43.24143271520219,-92.96823402987171,157,370,998.0409314132828,1002.0409314132828,4.0,16.31696573051205,8.677736114964064,258.1591222864905,209375,,,71.47138781610809,61.3790666984947,94.21013270948505,3,0,0,3,0,10,10,1,1
221,2017,4,10,6,42833.25,44.282649547465624,-89.27842883658442,161,357,999.4509801525464,1005.4509801525464,6.0,16.871562273426672,6.8056139812256875,442.4483924742311,615000,1.410048739263584,13.991871757062928,97.90062662522865,38.59267642820452,105.2327295450637,0,0,0,1,0,11,11,1,2
221,2017,4,10,9,42833.375,45.25730165666099,-89.2635909445407,165,357,999.1146049874308,1007.1146049874308,8.0,18.352582785961225,19.901018585918283,484.3083701338237,736875,-0.33637516511560533,-3.2810886158760244,0.3871344582917723,36.125456595314084,36.127530877555394,0,0,1,0,0,13,13,1,1
221,2017,4,10,12,42833.5,44.04209180358199,-89.8564018557688,160,359,1002.0552269512432,1008.0552269512432,6.0,18.28746779059234,5.757776182108792,425.01865889546684,567500,2.9406219638124456,29.30612506235756,-15.7944581158737,-45.04172349028792,47.73072136632384,0,0,0,1,0,10,10,1,2
221,2017,4,10,15,42833.625,44.038417292245555,-89.28204535509359,160,357,1006.1726992298537,1006.1726992298537,0.0,15.559546246423892,7.299171677360573,14.104739588693906,625,4.117472278610512,41.0372913115813,15.303722240662538,-0.13619567283662765,15.304328266233988,0,0,0,2,0,9,9,1,1
221,2017,4,10,18,42833.75,43.059159492986616,-89.29615605177861,156,357,1007.6953747825713,1009.6953747825713,2.0,13.673284518755548,4.52816708917002,191.3259964331453,115000,1.5226755527175555,15.451273780342701,-0.3821387206386364,-36.296166384903145,36.29817797414058,0,0,0,0,0,12,12,1,1
221,2017,4,10,21,42833.875,42.56810867664278,-90.69699456456308,154,362,1007.8056126032571,1009.8056126032571,2.0,12.485750692054259,7.192295186065239,171.59156293944244,92500,0.11023782068587025,1.1290291892516517,-38.2387863675881,-18.20078650070113,42.34942044597713,0,0,0,0,0,11,11,1,1
221,2017,4,11,0,42834.0,42.57169660252199,-89.86059448552018,154,359,1010.3597773703133,1012.3597773703133,2.0,10.374375085324466,6.684958519805659,253.49321149362706,201875,2.554164767056063,26.157356668595117,22.830125330884727,0.1329863849814021,22.83051265308107,0,0,0,0,0,11,11,1,1
221,2017,4,11,3,42834.125,42.322221543498976,-89.30638038121273,153,357,1013.3608968373926,1013.3608968373926,0.0,9.149100619188944,9.049146147932188,14.104739588693906,625,3.001119467079407,30.88131080143838,15.188061972593433,-9.246786962570235,17.781459321846945,0,0,0,3,0,14,14,1,1
221,2017,4,11,6,42834.25,44.17452434032898,-86.10930096596987,161,346,,,,9.192191993510054,,0.0,0,0.739275227432663,,84.98504025971307,68.6555578723409,109.25219766534403,0,2,2,0,0,13,12,0,0
227,2017,4,8,21,42831.875,66.69348927658518,-10.875058247994115,340,258,993.3705996487218,999.3705996487218,6.0,19.7771134700782,9.305162831747076,334.67191576366446,351875,1.4908979823168194,11.24698187554409,19.32743591346093,-13.22901121670832,23.421283414038907,2,0,0,2,0,4,4,1,1
227,2017,4,9,0,42832.0,66.81336969796345,-9.233323509277204,343,258,994.7189030102861,1000.7189030102861,6.0,18.616404346724572,5.437747707462913,385.7588259404082,467500,1.3483033615643216,10.162144148546272,23.957958923905984,4.443364887091816,24.36651980319321,0,0,0,1,0,4,4,1,2
227,2017,4,9,3,42832.125,66.71564555708066,-6.952957468173916,347,257,995.8006244228544,1003.6465059379343,7.845881515079818,17.161731833374954,4.006302210406429,513.0326374980659,826875,1.081721412568295,8.158891986190575,33.409123233842976,-3.6221428922879677,33.60490193983995,0,0,0,0,0,4,5,2,0
227,2017,4,9,6,42832.25,68.71650307374325,0.3031494437141273,360,265,996.0878495680838,1004.0878495680838,8.0,16.371503897021725,5.640070008749972,548.9987918750612,946875,0.2872251452293131,2.13561183911314,97.56665991837677,74.16173493050314,122.55291124869453,0,0,1,0,0,4,4,1,1
227,2017,4,9,9,42832.375,67.79663676447818,-1.4538954651088813,357,261,996.4384027089037,1004.4384027089037,8.0,16.031010112960264,2.374182693570183,571.3725378570888,1025625,0.35055314081997496,2.6232193000061916,-24.609528465632174,-34.09482226051032,42.048612299058696,0,0,0,0,0,4,4,1,1
227,2017,4,9,12,42832.5,67.34429248139152,0.8550973962667233,361,259,996.2342877561674,1004.2342877561674,8.0,15.937468608733871,3.581147209038245,550.9882520959865,953750,-0.20411495273627225,-1.5323954234266244,32.96396120968182,-16.76612979196889,36.98277770577211,0,0,0,0,0,3,3,1,1
227,2017,4,9,15,42832.625,67.32383060892344,2.5637702114650045,364,259,995.8820687508361,1003.8820687508361,8.0,15.836947541613984,3.9052612951764605,550.0848439590624,950625,-0.35221900533142614,-2.6446827499405767,24.415095959943933,-0.758418802699161,24.426872698189552,0,0,0,0,0,4,4,1,1
227,2017,4,9,18,42832.75,67.51091005728487,4.310625824820529,367,260,994.8727597761754,1002.8727597761754,8.0,16.103210826754236,4.557999564957063,537.2776545073555,906875,-1.0093089746606712,-7.568244654520182,24.765455886517536,6.934095179084768,25.717882518194468,0,0,0,0,0,3,3,1,1
227,2017,4,9,21,42832.875,67.24442168250596,5.3999734233250605,369,259,994.2406721619877,1002.2406721619877,8.0,16.39901105223938,3.886275386231864,571.0242461222821,1024375,-0.6320876141876215,-4.748867547799332,15.617515220664425,-9.877385095056566,18.47889385173611,0,0,0,0,0,2,2,1,1
227,2017,4,10,0,42833.0,67.5613525931276,8.37425902759904,374,261,992.7362085329587,1000.7362085329587,8.0,16.473029840759775,5.299781172937583,564.1895835477562,1000000,-1.504463629029051,-11.27702724239783,42.07459712044431,11.747036452655397,43.683687896830726,0,0,0,0,0,3,3,1,1
227,2017,4,10,3,42833.125,67.49030524620788,9.509479217552888,376,261,991.2958274675849,1001.2958274675849,10.0,17.15550616941998,5.818744409209467,654.1619472564371,1344375,-1.4403810653738036,-10.802222593035983,16.10848838607843,-2.6333681763427452,16.32231680971174,0,0,0,0,0,3,3,1,1
227,2017,4,10,6,42833.25,67.36704836574812,11.198026796954007,379,261,990.894091153286,1000.894091153286,10.0,16.775513082995886,3.809833836854232,679.0813262112033,1448750,-0.4017363142989052,-3.015540464479756,24.083980984146862,-4.568513260386872,24.5134545393969,0,0,0,0,0,4,4,1,2
227,2017,4,10,9,42833.375,67.4971715369633,12.435441502527647,381,262,990.7306500700652,999.7089820542216,8.978331984156393,16.633927033522294,4.730636285905348,654.9218057391721,1347500,-0.1634410832208232,-1.2256751634411027,17.553478959985025,4.823012159342697,18.204012466700974,0,0,0,0,0,7,2,2,0
227,2017,4,10,12,42833.5,63.55715912817296,19.20916898785007,398,249,987.3491429851376,999.3491429851376,12.0,20.195811458035028,4.035345115875389,668.3027450576806,1403125,-2.3598390690839732,-18.259802554790365,10.236485702705089,5.313763989713404,11.53350455325963,0,0,0,0,2,1,1,1,1
227,2017,4,10,15,42833.625,63.92373415211855,22.677141616244917,404,253,985.0436800854601,999.0436800854601,14.0,20.910086014243515,4.147945072505609,677.9084733043597,1443750,-2.3054628996775137,-17.782834921956816,56.49514163592244,13.587094299119121,58.10602516052954,0,0,0,0,0,1,1,1,1
227,2017,4,10,18,42833.75,64.46746371150232,23.730940160771482,405,256,982.2995516081243,998.2995516081243,16.0,22.869011750751245,5.855019131495501,669.1952040509709,1406875,-2.744128477335762,-21.06951452694565,16.835164031295545,20.153322823385643,26.25983946607869,0,0,0,0,0,1,1,1,1
227,2017,4,10,21,42833.875,64.90410882682559,25.297142338587292,407,259,980.224126626952,998.224126626952,18.0,24.167872992608714,5.673921710179566,682.0046342848882,1461250,-2.075424981172255,-15.877847271860858,24.620906170630256,16.18424052269171,29.463853481160868,0,0,0,0,0,2,2,1,1
227,2017,4,11,0,42834.0,64.91030920068303,26.449768074072264,409,260,979.1702511278263,995.1702511278263,16.0,24.617488475638208,6.068012191324815,578.2943231364502,1050625,-1.0538754991257155,-8.062168672903177,18.11545479121706,0.22981670541587698,18.11691248559526,0,0,0,0,0,3,3,1,1
227,2017,4,11,3,42834.125,64.80715505693374,26.90951063130782,410,260,979.1066488012755,995.1066488012755,16.0,24.42533131447865,6.5975024065698396,601.3980447061099,1136250,-0.06360232655089931,-0.4869703594591768,7.253485271821645,-3.823405815761911,8.199480509186879,0,0,0,0,0,3,3,1,1
227,2017,4,11,6,42834.25,64.91030920068303,35.47774499007478,424,269,980.5301768747241,996.5301768747241,16.0,21.740637676120013,9.204546751459638,683.8980837897614,1469375,1.4235280734486877,10.890018269024374,134.56315891645488,3.823405815761911,134.61746606442676,0,0,0,0,0,4,4,1,1
227,2017,4,11,9,42834.375,65.14699023019789,36.505624210191016,425,271,981.8755663312602,995.8755663312602,14.0,20.695410032764624,11.117468864165202,633.9292005476918,1262500,1.3453894565360678,10.272475667826777,16.012232930123254,8.772576571687518,18.257866882925953,0,0,0,0,0,5,5,1,1
227,2017,4,11,12,42834.5,65.19290762275128,37.23483398157466,426,272,984.2796321938242,998.2796321938242,14.0,18.75857439769838,11.878516536818424,750.3403302419374,1768750,2.4040658625640208,18.349000843760283,11.339984581885455,1.7019270322280209,11.466987657638265,0,0,0,0,0,5,5,1,1
227,2017,4,11,15,42834.625,65.27240669030765,38.70064629386951,428,274,986.2930893178652,998.2930893178652,12.0,16.986459436609074,11.711595438948134,740.3308957977606,1721875,2.013457124041015,15.357850114346919,22.726099729703726,2.946630995080345,22.91633136314816,0,0,0,0,0,5,5,1,1
227,2017,4,11,18,42834.75,65.4827634088188,39.77180811472766,429,276,987.4591356213931,997.4591356213931,10.0,16.352436209043073,13.350531302064628,662.6225918686793,1379375,1.1660463035278372,8.879184321174789,16.47506358005886,7.7968666280125385,18.22687162356715,0,0,0,0,0,5,5,1,1
227,2017,4,11,21,42834.875,65.33533789695082,40.174783072890186,430,276,988.5937597359884,994.5937597359884,6.0,15.565561592231077,12.222447027057424,452.6720548375118,643750,1.1346241145953535,8.650091217734637,6.232988906411428,-5.464322992565777,8.2890877950792,0,0,0,0,0,4,4,1,2
227,2017,4,12,0,42835.0,65.51023364520418,40.51539399045537,430,277,989.6279476596162,991.6279476596162,2.0,14.881182609178122,10.947646099801569,143.1474726395179,64375,1.03418792362776,7.873391192544792,5.233334082081591,6.482506632492885,8.3313070916268,0,0,0,2,0,4,4,1,1
227,2017,4,12,3,42835.125,65.36055236423341,40.91438322002512,431,277,990.6008918347139,992.6008918347139,2.0,14.402345970471355,8.70091248099714,159.57691216057307,80000,0.9729441750978003,7.415985760950545,6.165425215412939,-5.547933019202957,8.294096025029619,0,0,0,3,0,5,5,1,1
227,2017,4,12,6,42835.25,65.36055236423341,40.91438322002512,431,277,992.0086763343425,994.0086763343425,2.0,13.317697701279133,7.759822951974639,207.77578856468483,135625,1.4077844996284694,10.730430451142972,0.0,0.0,0.0,0,0,0,0,0,5,5,1,1
227,2017,4,12,9,42835.375,65.20962451246942,41.30861401354873,432,277,993.3194976766692,995.3194976766692,2.0,12.649914519229982,6.2781684548677,364.00067324663405,416250,1.3108213423268171,10.003477903799268,6.126860502234051,-5.594137135172409,8.296552892674804,0,0,0,0,0,6,6,1,1
227,2017,4,12,12,42835.5,63.135005711545396,46.704728319007266,446,278,993.2771951484959,997.2771951484959,4.0,13.081726651581187,3.2788754893426084,477.27404318721887,715625,-0.042302528173313474,-0.32853842059506855,90.35446238109398,-76.89569512805645,118.64601468824618,0,0,0,0,0,5,5,1,1
227,2017,4,12,15,42835.625,63.604449246509155,47.77580344878313,446,281,992.9376621043851,998.9376621043851,6.0,13.712599346236884,3.121863420645459,620.2878968065208,1208750,-0.3395330441108672,-2.626138641887556,17.64877048740059,17.399913144685804,24.78378657831672,0,0,0,0,0,5,5,1,1
227,2017,4,12,18,42835.75,64.08373710332806,48.179830119864235,445,283,991.6360237693084,999.6360237693084,8.0,15.429697963612785,6.66185465795963,657.4987560241926,1358125,-1.3016383350767138,-10.026324688420383,6.545023454459891,17.76479269353562,18.932120627751313,0,0,0,0,0,5,5,1,1
227,2017,4,12,21,42835.875,64.4085499269754,48.21949489685283,444,284,990.6550838704349,998.6550838704349,8.0,16.483855344535428,8.86937083918041,580.1833370921287,1057500,-0.9809398988734757,-7.5353959716161265,0.6350433623610047,12.039179366225628,12.055916385087933,0,0,0,0,0,6,6,1,1
227,2017,4,13,0,42836.0,64.88551625342272,48.644489512771564,443,286,989.9056674983013,997.9056674983013,8.0,17.402535254097632,11.983278641252255,564.365865252901,1000625,-0.7494163721335645,-5.734212572796694,6.685758599782205,17.678745227078124,18.9007248765358,0,0,0,0,0,6,6,1,1
227,2017,4,13,3,42836.125,64.86280937695146,49.37079703790748,444,287,990.1248939550809,998.1248939550809,8.0,17.421743320875844,8.521770113484235,569.8035485213009,1020000,0.21922645677957917,1.6777385976453423,11.435449385615106,-0.8416298211827079,11.466378827113159,0,0,0,0,0,8,8,1,1
227,2017,4,13,6,42836.25,64.86280937695146,49.37079703790748,444,287,,,,17.421743320875844,,0.0,0,0.0,,0.0,0.0,0.0,0,3,0,0,0,8,8,0,0
228,2017,4,10,6,42833.25,87.64698676479665,64.6538240580533,369,355,1014.457445590196,1014.457445590196,0.0,8.246211742959392,5.591159637488454,14.104739588693906,625,,,,,,3,0,0,0,0,10,10,1,1
228,2017,4,10,9,42833.375,88.76385542349766,84.8055710922652,365,359,1015.6705155894701,1015.6705155894701,0.0,8.052427677327074,4.531742944007783,14.104739588693906,625,1.2130699992741574,8.406351871031816,16.030593542474534,41.39670952528834,44.39220076595802,0,0,0,0,0,14,14,1,1
228,2017,4,10,12,42833.5,89.34743730338711,149.03624346792648,361,362,1015.8914980119224,1015.8914980119224,0.0,8.469928229473899,4.424810223661552,14.104739588693906,625,0.22098242245221628,1.531110438052521,25.71667807691215,21.630448108467007,33.60392561419898,0,0,0,0,0,11,11,1,1
228,2017,4,10,15,42833.625,88.54079135059384,-147.52880770915152,356,365,1016.2095828072538,1016.2095828072538,0.0,8.468203296601034,4.454981054098898,14.104739588693906,625,0.3180847953313787,2.2044709985299082,-56.864445996434,-29.8983125163261,64.24542248133528,0,0,0,0,0,10,10,1,1
228,2017,4,10,18,42833.75,87.42333630262955,-124.38034472384487,350,366,1016.5660527477656,1016.5660527477656,0.0,8.286058154819795,3.78387422732645,14.104739588693906,625,0.35646994051188813,2.472195674491887,38.31093125656897,-41.41844402899353,56.41998723438727,0,0,0,0,0,13,13,1,1
228,2017,4,10,21,42833.875,86.5427909206394,-119.05460409907714,346,367,1016.9125968253709,1016.9125968253709,0.0,8.640236650309324,3.9003668597868817,14.104739588693906,625,0.34654407760521283,2.4053051798603278,11.899463603561127,-32.63739305253285,34.73897896193835,0,0,0,0,0,12,12,1,1
228,2017,4,11,0,42834.0,85.53065983530462,-112.06789956241022,341,367,1017.6223311611608,1017.6223311611608,0.0,8.397271847313776,3.00530766029995,14.104739588693906,625,0.7097343357899808,4.932181615846994,20.167352093645164,-37.51461392949341,42.59188125391968,0,0,0,0,0,12,12,1,1
228,2017,4,11,3,42834.125,84.68944979148007,-108.43494882292201,337,367,1017.9057585692921,1017.9057585692921,0.0,8.646454848951523,2.7514115182348178,14.104739588693906,625,0.2834274081312469,1.97210761618894,12.460801590247303,-31.179429705244946,33.57720079184417,0,0,0,0,0,15,15,1,1
228,2017,4,11,6,42834.25,83.83242208349927,-105.80251395393553,333,367,1018.067902868489,1018.067902868489,0.0,8.244391918967978,2.925020481854517,14.104739588693906,625,0.1621442991969525,1.1299086607441462,10.481816746484327,-31.765711040427234,33.45039432070719,0,0,0,0,0,16,16,1,1
228,2017,4,11,9,42834.375,83.0153336286293,-102.03059609653786,329,366,1018.6014686954082,1018.6014686954082,0.0,7.776520216435871,2.7080026348802493,14.104739588693906,625,0.5335658269192208,3.7242914541494376,16.997909268496773,-30.285363600460098,34.729413584339746,0,0,0,0,0,15,15,1,1
228,2017,4,11,12,42834.5,83.0153336286293,-102.03059609653786,329,366,,,,7.776520216435871,,0.0,0,0.0,,0.0,0.0,0.0,0,3,0,0,0,15,15,0,0
232,2017,4,10,6,42833.25,49.512556328385706,129.49452214202168,496,472,996.7722661245617,996.7722661245617,0.0,14.88551429141438,5.474793686762132,14.104739588693906,625,,,,,,3,0,0,0,0,18,18,1,1
232,2017,4,10,9,42833.375,49.97930355039362,131.75593697037147,490,476,996.15968015424,998.15968015424,2.0,15.549188640969792,9.943634624432525,135.28790949515025,57500,-0.6125859703216702,-5.541985453713785,53.899136333250134,17.299974370907268,56.607473099444505,0,0,0,0,0,20,20,1,1
232,2017,4,10,12,42833.5,50.37193614784973,133.59711846734854,485,479,996.7858138790459,1000.7858138790459,4.0,15.80642252640146,11.30708428437334,313.4935044929087,308750,0.6261337248058407,5.632272687230873,43.52458563585488,14.552917624131602,45.893103688328004,0,0,3,0,0,17,17,1,1
232,2017,4,10,15,42833.625,51.39044962571837,135.9588356612495,477,481,995.3277258428243,1007.3277258428243,12.0,17.254549902528613,9.818095545620963,757.9903327627221,1805000,-1.4580880362215975,-12.927716053816898,54.62158315986391,37.75117715269898,66.39780661516154,0,0,2,0,0,16,16,1,3
232,2017,4,10,18,42833.75,51.210500688055916,136.67065327139997,476,483,995.0353617468929,1007.0353617468929,12.0,17.29917103893437,7.650068277297542,760.0871288369381,1815000,-0.29236409593140705,-2.5986921831596304,16.5281698825789,-6.669802974380506,17.82320597940907,0,0,0,0,0,19,19,1,3
232,2017,4,10,21,42833.875,52.1760967701786,138.17983011986425,470,483,994.5512378675962,1006.5512378675962,12.0,17.436111702963373,7.818374304607496,754.0431248912731,1786250,-0.484123879296676,-4.246248678042711,34.30236925173126,35.789795173301776,49.57380331212256,0,0,0,1,0,18,18,1,2
232,2017,4,11,0,42834.0,51.462343336359346,139.08561677997488,470,487,993.3467709132503,1005.3467709132503,12.0,18.48159685121819,10.789119235090402,696.579954313513,1524375,-1.204466954345844,-10.668376506690478,20.916789909491882,-26.455253571944883,33.725250802236054,0,0,1,1,0,18,18,1,2
232,2017,4,11,3,42834.125,51.408764849259704,140.0424510691709,468,489,993.5295773654524,1004.4281634200481,10.898586054595652,17.15144332000629,7.80801002577471,696.00851865186,1521875,0.1828064522020577,1.620387008688099,22.121517288113044,-1.9858853142568793,22.2104765281987,0,0,0,0,0,22,21,2,0
232,2017,4,11,6,42834.25,49.20606791890986,140.00913957320734,474,496,994.4471044045364,1001.807636455032,7.360532050495676,14.325145562832603,18.0638079502718,581.7243314054713,1063125,0.9175270390839433,8.396663531614944,-0.8066727482590259,-81.64290786348197,81.64689293125483,0,0,0,0,0,21,20,2,0
232,2017,4,11,9,42834.375,50.52242323210735,140.64054943215683,469,493,996.5334658143707,996.5334658143707,0.0,12.685481226372724,5.762741607471107,14.104739588693906,625,2.0863614098343533,18.726820677193615,14.879146719575363,48.79067749639007,51.00901114175215,0,0,0,2,0,19,19,1,1
232,2017,4,11,12,42834.5,53.54118758200207,144.67051816492474,452,490,998.0810218380677,998.0810218380677,0.0,12.190355455822466,3.326527584605428,14.104739588693906,625,1.5475560236969614,13.33083755956926,88.75091597673902,111.89042681458405,142.81523973112945,0,0,0,0,0,16,16,1,1
232,2017,4,11,15,42834.625,53.54118758200207,144.67051816492474,452,490,,,,12.190355455822466,,0.0,0,0.0,,0.0,0.0,0.0,0,3,0,0,0,16,16,0,0
240,2017,4,11,0,42834.0,53.7947500589571,-67.22756858256902,213,298,1007.4949865856479,1007.4949865856479,0.0,8.637176935686439,6.963846094721666,14.104739588693906,625,1.0406409037296545,8.935080359571847,63.361814484373376,38.072767001688504,73.92060011875586,2,0,0,2,0,6,6,1,1
240,2017,4,11,3,42834.125,53.96613169279097,-65.13630342824813,216,293,1006.8849202314886,1008.8849202314886,2.0,10.145348823142431,8.737866124010178,191.3259964331453,115000,-0.6100663541592075,-5.226689247810152,45.5962220840697,6.352256067460507,46.03657921138792,0,0,0,0,0,6,6,1,1
240,2017,4,11,6,42834.25,54.91161117290718,-61.52302754154848,224,286,1006.9112895338964,1008.9112895338964,2.0,9.721443754173356,6.2312976429225095,192.8794129702041,116875,0.026369302407692884,0.22326704931847466,76.97739408305105,35.04417381181932,84.57903592481027,0,0,0,3,0,8,8,1,1
240,2017,4,11,9,42834.375,55.37877284430022,-57.61544440649842,231,278,1007.3575574728308,1007.3575574728308,0.0,10.298766165651099,3.514398832952429,14.104739588693906,625,0.4462679389344703,3.7571242367995112,82.27671165461958,17.315335927232987,84.07899939325122,0,0,0,0,0,6,6,1,1
240,2017,4,11,12,42834.5,56.29827582660876,-55.72038024624977,237,276,1007.3593175663281,1007.3593175663281,0.0,10.754756502772132,4.265198171794473,14.104739588693906,625,0.0017600934972870164,0.01465769550165047,38.97308265852706,34.08135555574991,51.7729656135886,0,0,0,0,0,6,6,1,1
240,2017,4,11,15,42834.625,57.17543275833892,-53.72484686937448,243,274,1007.4318787388557,1007.4318787388557,0.0,10.28075800321788,3.038952383198557,14.104739588693906,625,0.07256117252763943,0.5982364137957805,40.092343818914124,32.51180022650063,51.61795411348563,0,0,0,0,0,4,4,1,1
240,2017,4,11,18,42834.75,58.0438876189037,-51.054191894114844,250,271,1006.6049802952557,1006.6049802952557,0.0,10.377408475488147,2.320013862246051,14.104739588693906,625,-0.8268984436000756,-6.752189406571344,52.38779036442145,32.18925817153693,61.48681908263287,0,0,0,0,0,4,4,1,1
240,2017,4,11,21,42834.875,59.119665697759665,-49.467159061389275,256,271,1006.3584270133,1006.3584270133,0.0,10.605822456472174,3.377937399397342,14.104739588693906,625,-0.24655328195571202,-1.9903162497939935,30.190171128117196,39.87368818807129,50.013572582495414,0,0,0,0,0,3,3,1,1
240,2017,4,12,0,42835.0,60.32208854866333,-48.09405805891711,262,272,1006.2953801164732,1006.2953801164732,0.0,11.0467594053291,5.132632756535458,14.104739588693906,625,-0.06304689682670869,-0.5027514081808282,25.19835113971275,44.56777356732473,51.1980794650404,0,0,0,0,0,3,3,1,1
240,2017,4,12,3,42835.125,60.32208854866333,-48.09405805891711,262,272,,,,11.0467594053291,,0.0,0,0.0,,0.0,0.0,0.0,0,3,0,0,0,3,3,0,0
248,2017,4,11,3,42834.125,43.5116056565513,-81.5886443252615,160,330,1013.274759512073,1013.274759512073,0.0,9.396258239456749,4.250574129433662,14.104739588693906,625,,,,,,3,0,0,0,0,10,10,1,1
248,2017,4,11,6,42834.25,44.2003091629698,-81.17716593144388,163,329,1012.9641686054447,1014.9641686054447,2.0,10.196599166010396,15.588463541979728,187.12051592547775,110000,-0.3105909066283493,-3.086535705681028,10.933847890136683,25.52677862535189,27.769865982254373,0,0,2,0,0,12,12,1,2
248,2017,4,11,9,42834.375,44.23839282656006,-79.70804927252264,164,324,1013.4203510239349,1015.4203510239349,2.0,9.932268475585445,10.927677310430663,178.4124116152771,100000,0.4561824184902071,4.530273977943512,39.01180367469778,1.4115700597583731,39.037332849296575,0,0,0,2,0,10,10,1,1
248,2017,4,11,12,42834.5,44.671310640683025,-77.83411856572947,167,318,1016.087207491191,1018.087207491191,2.0,8.746395277064924,12.070822266950781,310.9447345242019,303750,2.6668564672560024,26.280948089181216,49.393507131668024,16.046088194841833,51.934530835685635,0,0,2,0,0,9,9,1,2
248,2017,4,11,15,42834.625,44.84239237139825,-73.87411396610368,171,305,1016.2171475005815,1018.2171475005815,2.0,9.050298609519148,7.620626182753694,295.5271138519739,274375,0.12994000939055694,1.2766635166932734,104.06214690678419,6.341140165701024,104.25517002743894,0,0,0,0,0,7,7,1,2
248,2017,4,11,18,42834.75,45.11118385910577,-71.9364934904488,174,299,1015.5226902304847,1017.5226902304847,2.0,8.973749931859066,6.555814366396808,219.87113035631398,151875,-0.6944572700967546,-6.791098342130881,50.683039325248565,9.96274991944006,51.6529462973991,0,0,0,2,0,6,6,1,1
248,2017,4,11,21,42834.875,43.797613559822594,-70.93247363696143,170,294,1015.4656844894686,1017.4656844894686,2.0,8.5119326900964,5.4721988770223104,223.0155145190964,156250,-0.05700574101618258,-0.5706399037090609,26.860472603711308,-48.687451023754555,55.60533136026818,0,0,0,0,0,5,5,1,1
248,2017,4,12,0,42835.0,43.566269372517084,-71.02538946435067,169,294,1016.0076105252555,1020.0076105252555,4.0,8.514216482829688,5.843187849162641,490.63413194201206,756250,0.5419260357868916,5.447781949416562,-2.495389658838036,-8.574766645693838,8.930486693206555,0,0,0,0,0,5,5,1,1
248,2017,4,12,3,42835.125,43.40484848994832,-70.48920055628672,169,292,1016.8963734652762,1020.8963734652762,4.0,7.925951372370566,8.090625036499986,516.5108647044992,838125,0.8887629400206788,8.960982753459504,14.43864014765389,-5.98306106537775,15.629182609000441,0,0,0,0,0,6,6,1,1
248,2017,4,12,6,42835.25,43.40484848994832,-70.48920055628672,169,292,,,,7.925951372370566,,0.0,0,0.0,,0.0,0.0,0.0,0,3,0,0,0,6,6,0,0
254,2017,4,4,18,42827.75,46.48978908001542,107.66977522390856,540,417,999.4518309673257,1003.4518309673257,4.0,13.473494181831287,5.88512409457835,264.25221149797227,219375,,,,,,3,0,0,0,0,16,16,1,1
254,2017,4,4,21,42827.875,46.71263468637925,109.68449084166174,537,423,999.4609435393064,1003.4609435393064,4.0,13.1844833289529,15.809518648213345,256.6132453796407,206875,0.009112571980804205,0.0867312423366753,51.200366192405646,8.259766950895989,51.8623297617794,0,0,0,1,0,21,21,1,2
254,2017,4,5,0,42828.0,46.74215923517169,111.32136736678662,535,428,1000.9205134035301,1004.9205134035301,4.0,13.321378254782482,22.66931229493275,223.90579955406923,157500,1.4595698642235948,13.885093038553563,41.575889258779355,1.0943266790632051,41.590288752770086,0,0,0,2,0,17,17,1,1
254,2017,4,5,3,42828.125,46.68953963773768,114.59479895892241,531,438,1000.8928319039147,1006.8928319039147,6.0,13.820875979543565,10.270895378145797,465.8836267154838,681875,-0.027681499615282518,-0.2635658684279853,83.22023442103051,-1.950344092247365,83.2430853534961,0,0,2,0,0,19,19,1,2
254,2017,4,5,6,42828.25,46.71391803072975,115.95337570236421,529,442,998.3990546265022,1004.3026018261028,5.90354719960058,14.061609256081402,13.214530264229108,424.55031863322336,566250,-2.4937772774125917,-23.73466445334263,34.52547224606156,0.9035845401554787,34.53729431838538,0,0,0,0,0,17,18,2,0
254,2017,4,5,9,42828.375,47.5024813205161,119.95587919635923,520,452,998.2829521774312,1004.2829521774312,6.0,13.346514980565471,12.067242448658508,503.2447746325624,795625,-0.11610244907104061,-1.0909726960138009,100.20981041990514,29.228079054128084,104.38528013847397,0,0,1,0,0,20,20,1,1
254,2017,4,5,12,42828.5,46.51152154893168,120.28910914982627,523,455,1000.0990995987503,1008.0990995987503,8.0,12.299602894112628,12.282786866247552,474.1374875680072,706250,1.8161474213191833,17.34309695496328,8.500169477167711,-36.72989970301252,37.70064208118919,0,0,0,0,0,17,17,1,1
254,2017,4,5,15,42828.625,46.473175916043765,120.96375653207352,522,457,1000.9265904609776,1008.9265904609776,8.0,11.75806611425528,13.783749901122938,516.70341302981,838750,0.8274908622272779,7.907053097900338,17.22128680488585,-1.4212799453704967,17.27983668612779,0,0,0,1,0,17,17,1,2
254,2017,4,5,18,42828.75,46.300949371323675,121.89363343153704,521,460,1003.3158975655823,1009.8583352534675,6.542437687885249,9.374390656366211,11.318878109971774,600.4048185209234,1132500,2.389307104604668,22.896397416480376,23.811310118160808,-6.383572668798478,24.652149795931756,0,0,0,1,0,18,17,2,0
254,2017,4,5,21,42828.875,43.549257646148384,120.57366363534629,533,462,1004.7237737695979,1006.7237737695979,2.0,7.513379166459968,9.196096443308198,305.45799283636967,293125,1.407876204015629,14.157278512198877,-35.459347749597896,-101.99138650976884,107.97966597934989,0,0,1,0,0,16,16,1,2
254,2017,4,6,0,42829.0,49.97930355039362,131.75593697037147,490,476,1006.1879194403497,1012.1879194403497,6.0,7.598971302281586,9.118595141457408,780.7454335709939,1915000,1.2706894285450108,11.49576168955761,57.71441940529667,36.675012484314685,68.38136257793583,0,0,2,1,2,14,14,1,3
254,2017,4,6,3,42829.125,49.14284463624502,137.95311685348722,479,492,1004.0859973426706,1010.0859973426706,6.0,8.468476639438142,18.0964001582747,614.6495311674666,1186875,-2.101922097679053,-19.253891640643186,150.2210770281838,-31.003329199980133,153.38702163152485,0,0,0,0,0,20,20,1,3
254,2017,4,6,6,42829.25,48.94427696580563,138.61862948014436,478,494,1001.1387361560481,1003.1387361560481,2.0,10.763976407207812,27.783179057283196,74.63526651802309,17500,-2.9472611866224905,-27.07864351129441,16.20119145522164,-7.359905849496533,17.794572731094163,0,0,0,2,0,23,23,1,1
254,2017,4,6,9,42829.375,48.94427696580563,138.61862948014436,478,494,1001.7093704316943,1003.7093704316943,2.0,10.511449197232285,21.104390732826506,102.68405416537693,33125,0.5706342756461527,5.242834328930176,0.0,0.0,0.0,0,0,0,0,0,26,26,1,1
254,2017,4,6,12,42829.5,48.42472015887745,138.79921982308235,479,496,1003.1771276079509,1011.1771276079509,8.0,10.34615910187509,14.695832330905978,727.7280214051688,1663750,1.467757176256564,13.593277776735892,4.441879959093452,-19.25736034468665,19.763001417196378,0,0,2,0,0,23,23,1,2
254,2017,4,6,15,42829.625,45.49035868155671,139.19000772552386,486,506,1002.1108148984051,1010.1108148984051,8.0,13.273264800823744,2.4581052266612824,652.639576220815,1338125,-1.0663127095457456,-10.359408958707391,10.154079403513714,-108.76203640643288,109.23500305216774,0,0,1,0,0,21,21,1,1
254,2017,4,6,18,42829.75,46.01635398692819,141.36356823564222,479,509,1000.8185620709727,1008.8185620709727,8.0,14.485833643892036,3.4249996955246025,577.9502027113715,1049375,-1.292252827432385,-12.442691860585144,55.94545887588884,19.496003132054497,59.24515597885491,0,0,0,0,0,20,20,1,1
254,2017,4,6,21,42829.875,47.25821427503001,145.4993984528332,465,513,999.5719033306841,1007.5719033306841,8.0,15.800432815340766,4.066441607182424,532.6290323117051,891250,-1.246658740288549,-11.760446666655932,104.02805906620732,46.029521212757665,113.75655539861441,0,0,0,0,0,23,23,1,1
254,2017,4,7,0,42830.0,49.1119346257494,148.0456370629486,454,511,997.6139106399045,1007.6139106399045,10.0,16.691775944230972,3.2240118017997887,524.5370414662,864375,-1.957992690779647,-17.943854096312847,61.77423119671804,68.70809947258923,92.39512201994643,0,0,0,0,0,23,23,1,1
254,2017,4,7,3,42830.125,49.19933824123344,149.47739570879415,450,513,993.7448419583991,1005.7448419583991,12.0,20.29305184431848,3.072615050472741,512.4506377219443,825000,-3.8690686815054507,-35.41101250686877,34.675736399641146,3.2396128707394696,34.82673953171125,0,0,0,0,0,23,23,1,1
254,2017,4,7,6,42830.25,49.717487248908824,152.0519648540015,442,515,990.3032298003632,1004.3032298003632,14.0,23.151610599874047,6.472222932149162,522.6372270336906,858125,-3.4416121580358596,-31.256076189776184,61.69554629471864,19.205180299804706,64.61562800864647,0,0,0,0,0,22,22,1,1
254,2017,4,7,9,42830.375,49.94376696828073,153.36177417622764,438,516,987.9207666648097,1003.9207666648097,16.0,26.228449916415922,8.164626920417795,529.4446557673433,880625,-2.382463135553553,-21.565069154168736,31.24217187796057,8.38705226557002,32.34835311661837,0,0,0,0,0,22,22,1,1
254,2017,4,7,12,42830.5,49.835949067772894,153.79988515865267,437,517,985.417614682917,1005.417614682917,20.0,29.014193356400696,12.811177964254092,657.6500268776895,1358750,-2.503151981892588,-22.693439134611666,10.47351273799946,-3.9962678459793533,11.210023450905238,0,0,0,0,0,16,16,1,1
254,2017,4,7,15,42830.625,49.714767350367346,154.96344427850124,434,519,982.5778386875296,1006.5778386875296,24.0,31.145673182098392,17.96105192337869,766.3430954925436,1845000,-2.839775995387463,-25.791350734818735,27.88553332352505,-4.491597392524196,28.24495381256546,0,0,0,0,0,21,21,1,1
254,2017,4,7,18,42830.75,49.767832576658954,156.71582959553143,429,521,981.0197672857249,1007.0197672857249,26.0,32.14165898485671,12.998003641644608,811.6049043232686,2069375,-1.5580714018046273,-14.13958764723546,41.950737363516225,1.9668613149577323,41.99682022219055,0,0,0,0,0,21,21,1,1
254,2017,4,7,21,42830.875,49.86867870017678,158.7748653160852,423,523,979.1073387885056,1007.1073387885056,28.0,33.883245556414096,8.301519831954284,826.061025897301,2143750,-1.9124284972193708,-17.32962014362994,49.18865495716404,3.737859102317366,49.3304709805584,0,0,0,0,0,25,25,1,1
254,2017,4,8,0,42831.0,49.68893582139442,160.94788532200155,417,526,978.1418870102149,1008.1418870102149,30.0,33.97671184902943,12.775527921585454,901.0489184542264,2550625,-0.9654517782907351,-8.771757760082918,52.10439122206378,-6.6621654070287635,52.52858300518383,0,0,0,0,0,21,21,1,1
254,2017,4,8,3,42831.125,49.976569045863755,163.2223329029719,410,527,976.2061865372275,1006.2061865372275,30.0,34.87892313959887,14.759368792703242,864.1959097674086,2346250,-1.9357004729873735,-17.5127318241133,54.212819590487875,10.66111843180197,55.25114708463249,0,0,0,0,0,21,21,1,1
254,2017,4,8,6,42831.25,50.19719120706834,165.52456403693856,403,528,976.1579896999023,1006.1579896999023,30.0,34.46351150878464,14.103277178469144,878.12624336153,2422500,-0.048196837325231175,-0.4346456917644835,54.62297573005241,8.177355010436184,55.231681239779405,0,0,0,0,0,27,27,1,1
254,2017,4,8,9,42831.375,50.532103751869364,167.45319173237283,397,528,976.7803286296029,1004.7803286296029,28.0,33.87012848023732,12.03020576301853,828.3457903586726,2155625,0.6223389297006361,5.585229850275893,45.43756571385567,12.413525283830468,47.10273864621091,0,0,0,0,0,31,31,1,1
254,2017,4,8,12,42831.5,50.584689474191705,169.47221388003643,391,529,978.3350290406452,1004.3350290406452,26.0,31.76129330644891,9.519347970626987,827.3845532604623,2150625,1.554700411042286,13.942251169905967,47.5140456274407,1.9490885120612838,47.554005908171035,0,0,0,0,0,29,29,1,2
254,2017,4,8,15,42831.625,51.057809713725575,171.39442491339616,385,528,978.474411223305,1004.474411223305,26.0,30.569927805641072,7.457342478595674,855.8683459390517,2301250,0.13938218265975594,1.2415688610981601,44.77984517880704,17.53619010967488,48.0910854296364,0,0,0,0,0,24,24,1,2
254,2017,4,8,18,42831.75,51.27368447796199,173.7344606932963,378,528,979.5090383807884,1003.5090383807884,24.0,29.269640021970194,9.055710345545377,823.528385212276,2130625,1.0346271574834827,9.18819470710609,54.258190175983515,8.001392857893187,54.8449951120386,0,0,0,0,0,25,25,1,2
254,2017,4,8,21,42831.875,51.840575192262804,175.02283465361936,374,526,980.1074083384275,1002.1074083384275,22.0,28.224969774780572,6.979906478550692,774.220449497332,1883125,0.5983699576390791,5.272360372302124,29.504228248734613,21.0117904640536,36.22146909028847,0,0,0,0,0,28,28,1,2
254,2017,4,9,0,42832.0,52.14887662317912,176.36978584070332,370,525,981.1262503258107,1001.1262503258107,20.0,26.549520155400167,6.6300545657661845,754.1750313253953,1786875,1.0188419873832026,8.939557312079755,30.633955168182823,11.42718499838392,32.69586772412571,0,0,0,0,0,29,29,1,2
254,2017,4,9,3,42832.125,52.671814657324795,177.72338501802918,366,523,981.30786487105,1001.30786487105,20.0,25.168931233043743,6.045905596275188,802.608019000836,2023750,0.18161454523928114,1.582371216277091,30.422298666860065,19.382685448826177,36.07221578145393,0,0,0,0,0,26,26,1,2
254,2017,4,9,6,42832.25,52.93051645490796,178.76612783299996,363,522,982.2067721003405,1000.2067721003405,18.0,23.63000086404532,5.542113991714432,777.8095701571607,1900625,0.8989072292904894,7.805203943651693,23.296902119928617,9.588775801691964,25.193059952309245,0,0,0,0,0,25,25,1,1
254,2017,4,9,9,42832.375,53.176096758217646,179.82261425246773,360,521,983.279041068207,1003.279041068207,20.0,22.51201526721054,5.629174579710234,1155.0395276646652,4191250,1.0722689678665482,9.280537159701558,23.469817560790315,9.10242793728967,25.17313112607037,0,0,0,0,0,20,20,1,1
254,2017,4,9,12,42832.5,53.17463085660271,-179.46785635869244,358,521,983.9810163052159,1001.9810163052159,18.0,21.378634671074593,5.631355202868799,1003.5202551089678,3163750,0.7019752370088826,6.075744305980939,-15.762793548007576,-0.05433360751391307,15.76288719042342,0,0,0,0,0,19,19,1,1
254,2017,4,9,15,42832.625,53.17463085660271,-179.46785635869244,358,521,983.8505295655929,999.8505295655929,16.0,21.014956598286158,5.279119164995354,783.4163958573508,1928125,-0.13048673962301108,-1.129390359478585,0.0,0.0,0.0,0,0,0,0,0,17,17,1,1
254,2017,4,9,18,42832.75,53.167302092435534,-178.75849014153482,356,521,985.2600950297217,1001.2600950297217,16.0,19.55712433050587,4.659105896873516,849.6861835999277,2268125,1.4095654641288275,12.20125625274256,15.76186051684034,-0.2716404646546986,15.764201073773712,0,0,0,0,0,17,17,1,1
254,2017,4,9,21,42832.875,52.077323227340614,-174.9929135728941,345,525,987.2900258375415,1001.2900258375415,14.0,17.769014099414942,5.376044339983564,818.3180451750711,2103750,2.0299308078197646,17.828402667056793,85.77037620129667,-40.40003998278315,94.80886384891676,0,0,0,0,0,17,17,1,1
254,2017,4,10,0,42833.0,52.24493703027391,-173.92754359279232,342,524,988.000687112303,1002.000687112303,14.0,16.885325144832393,5.344995195347001,865.9207386601224,2355625,0.7106612747615145,6.22740303869112,24.177723421305434,6.212601507261423,24.963147384197534,0,0,0,0,0,18,18,1,1
254,2017,4,10,3,42833.125,51.897509929187066,-172.59819459892043,338,525,989.3400447189644,999.3400447189644,10.0,15.25011723649818,3.3439217903842655,685.0606823064848,1474375,1.3393576066613604,11.792152679848137,30.404032114747135,-12.877377006561169,33.01866150230329,0,0,0,0,0,19,19,1,1
254,2017,4,10,6,42833.25,51.607883384837955,-169.89330255069865,330,525,991.1915508355783,999.1915508355783,8.0,14.05380505846804,3.0560524553274444,606.6677887443901,1156250,1.8515061166138913,16.36636355550249,62.2598990957863,-10.735000784405345,63.17859825335376,0,0,0,0,0,21,21,1,1
254,2017,4,10,9,42833.375,51.14880381333043,-168.29356327084668,325,526,993.6563654856037,1001.6563654856037,8.0,12.622161518390142,3.2336398247227045,688.9699687007974,1491250,2.46481465002551,21.927612423088732,37.19457590893708,-17.01577309259814,40.90199275077523,0,0,0,0,0,23,23,1,1
254,2017,4,10,12,42833.5,50.65951664536047,-165.35811545876663,316,526,996.0364500820315,1001.6128442441931,5.576394162161596,10.932187701932735,1.8234028364429833,606.8317308602714,1156875,2.3800845964277686,21.321269603029858,68.96825688830002,-18.1354169168483,71.31278850920394,0,0,0,0,0,20,18,2,0
254,2017,4,10,15,42833.625,50.06962861940596,-161.46125458861053,304,525,998.0591049242655,1003.2491769814068,5.190072057141224,10.7727675394378,0.9802167790613748,666.9618174542285,1397500,2.022654842234042,18.27452596377989,92.69730927689734,-21.864185258171652,95.24092473396301,0,0,0,0,0,19,17,2,0
254,2017,4,10,18,42833.75,49.15897916561228,-158.1091125340528,293,525,999.7163917157491,1005.7163917157491,6.0,11.931199300663085,1.6154154184013165,717.5418042889776,1617500,1.6572867914834932,15.177275897070857,81.24627515898757,-33.75319973783201,87.97860944429563,0,0,0,0,0,24,24,1,4
254,2017,4,10,21,42833.875,47.53113908510561,-150.734971633671,269,521,998.8950714098718,1008.8950714098718,10.0,15.515289590836906,7.113115814058038,775.5041851650444,1889375,-1.4296296495528076,-13.427560476772724,24.65150174797863,14.915000256127824,28.812389194075635,0,0,1,1,2,20,20,1,2
254,2017,4,11,0,42834.0,48.040446828819725,-150.00271602076862,268,518,996.4176262872236,1010.4176262872236,14.0,18.546811927209713,9.391265312290198,759.825345764308,1813750,-2.4774451226482053,-23.082101814147723,18.146586901814164,18.87747906726559,26.18506887751384,0,0,0,0,0,19,19,1,1
254,2017,4,11,3,42834.125,45.8885042018128,-148.4218350678862,259,523,995.533214285954,1011.533214285954,16.0,20.57757719658488,16.34869056582975,758.2527493649278,1806250,-0.8844120012695202,-8.534122515362723,40.785003640396006,-79.76170085111106,89.58429239888679,0,0,0,0,0,24,24,1,1
254,2017,4,11,6,42834.25,46.71135137215956,-147.7852151002322,259,519,995.5844057010701,1015.5844057010701,20.0,21.921956726108824,17.44961306589874,882.4202848286626,2446250,0.05119141511604539,0.4872377099779966,16.17933136507855,30.49881024879689,34.5246026771219,0,0,0,0,0,23,23,1,1
254,2017,4,11,9,42834.375,46.96732813708841,-148.30239438304903,261,519,996.3088493678889,1014.3088493678889,18.0,21.815140192372258,12.487927836766467,761.9170918989074,1823750,0.7244436668188428,6.866395943023499,-13.081357022222598,9.487772532991537,16.15981835234051,0,0,0,0,0,21,21,1,2
254,2017,4,11,12,42834.5,46.55501224856702,-148.6206875306003,261,521,997.793511001702,1010.342525045402,12.549014043700009,20.34382658714636,10.461839438743628,574.1512656775113,1035625,1.4846616338130842,14.167413611094611,-8.112656395721928,-15.282478326174258,17.302292841847112,0,0,0,0,0,18,19,2,0
254,2017,4,11,15,42834.625,45.68152266800605,-148.5774792369043,259,524,1000.9320640160037,1009.3119378072064,8.3798737912027,17.83335163669166,9.937181281266822,520.5394227279542,851250,3.138553014301724,30.3920642314833,1.1188916654994008,-32.37586994508768,32.39519830561862,0,0,0,0,0,18,17,2,0
254,2017,4,11,18,42834.75,43.5529026175091,-143.27227521251294,239,521,995.7672425031352,1009.7672425031352,14.0,23.255484512532156,14.111249726904134,510.50584650224977,818750,0.4553046959287894,4.578132676726478,6.140105040071359,-5.410658569657841,8.183893698021837,0,0,0,0,2,17,17,1,1
254,2017,4,11,21,42834.875,43.062775608727115,-142.9893267663969,237,522,996.6908613441155,1008.6908613441155,12.0,22.815070295116342,11.856211012642744,461.809077155419,670000,0.9236188409803435,9.37174289757984,7.6622105561969525,-18.16654559600987,19.716309226105214,0,0,0,0,0,20,20,1,1
254,2017,4,12,0,42835.0,42.271015093264644,-142.27086867580627,233,523,996.7326379799669,1006.7326379799669,10.0,22.105606580381323,13.112830922479116,407.8197095911754,522500,0.041776635851274474,0.4303011590382614,19.705109074541603,-29.346584145635692,35.34845576056269,0,0,0,0,0,17,17,1,1
254,2017,4,12,3,42835.125,41.66205113784097,-141.40435272638416,229,523,997.7707776791939,1005.7707776791939,8.0,20.82143803625256,12.32815408555165,378.99516638136106,451250,1.038139699227031,10.820004054866613,23.994116278647954,-22.571234117505263,32.94204343358973,0,0,0,0,0,19,19,1,1
254,2017,4,12,6,42835.25,41.04001464460372,-140.55826174630613,225,523,999.7831915572365,1005.7831915572365,6.0,19.35209188756811,10.958216000881949,347.21732300118714,378750,2.012413878042571,21.234710187710306,23.653482951217214,-23.05576741191815,33.0311317801251,0,0,0,0,0,16,16,1,2
254,2017,4,12,9,42835.375,40.05544115838868,-139.70124500478826,220,524,1000.9122368342377,1002.9122368342377,2.0,17.57682187611805,8.511665366383676,105.5502061411188,35000,1.129045277001278,12.155257218150323,24.313772374369922,-36.4931921919529,43.85102739311231,0,0,0,2,0,17,17,1,1
254,2017,4,12,12,42835.5,39.26432969597874,-138.3338506615366,214,523,1002.277547500483,1002.277547500483,0.0,14.78236798008522,5.219290095424076,14.104739588693906,625,1.3653106662453502,14.94574963370516,39.23971285389574,-29.322527010114335,48.98536164115842,0,0,0,0,0,17,17,1,1
254,2017,4,12,15,42835.625,38.80472085792509,-136.65230467765133,208,520,1003.9863048659025,1003.9863048659025,0.0,12.727402706594763,5.595268991954436,14.104739588693906,625,1.7087573654194421,18.89137130903505,48.56947451881753,-17.0353903441889,51.47036408665622,0,0,0,0,0,20,20,1,1
254,2017,4,12,18,42835.75,38.29631646622219,-134.6362221611354,201,516,,,,11.29910962053503,,0.0,0,1.457769602676417,,58.64505295732745,-18.843996347058624,61.59820155406893,0,2,2,0,0,17,16,0,0
259,2017,4,12,0,42835.0,64.67773749574714,66.06344845213036,462,314,991.4885243721501,991.4885243721501,0.0,13.982915554434454,7.715445859773825,14.104739588693906,625,0.22507806570065442,1.7251446377365747,95.65808771107777,-26.010032721448685,99.13118352320363,2,0,0,2,0,7,7,1,1
259,2017,4,12,3,42835.125,64.13392590471025,72.98923849532378,469,326,992.0136148131372,994.0136148131372,2.0,13.168732316426308,4.4522870833259365,208.7310845835051,136875,0.5250904409871145,4.042973495905924,111.93690658470003,-20.156363324602545,113.73719724973552,0,0,3,0,0,11,11,1,1
259,2017,4,12,6,42835.25,64.08373710332806,78.69006752597979,472,337,991.9612999145452,993.9612999145452,2.0,11.562421046649321,3.338640400658842,230.04134101951155,166250,-0.052314898592012465,-0.40297381015164224,92.31982122330494,-1.8602466960236712,92.33856132988565,0,0,0,0,0,9,9,1,1
259,2017,4,12,9,42835.375,63.86396678635062,81.79985394050121,474,343,992.173988294207,994.173988294207,2.0,10.655699722972686,3.702178382245183,251.5235374254831,198750,0.21268837966170395,1.6413780397732638,50.76928209284047,-8.145781424986096,51.4186129650155,0,0,0,0,0,9,9,1,1
259,2017,4,12,12,42835.5,63.20882897953073,88.79140756797314,478,357,992.6705401814689,994.6705401814689,2.0,8.774708093230327,3.4719675728838775,309.01936161855167,300000,0.4965518872620305,3.8539091677987556,116.74780197990728,-24.282666790471897,119.24637174185523,0,0,0,1,0,11,11,1,2
259,2017,4,12,15,42835.625,63.19521589016499,92.17474411461005,478,364,992.0426302418184,994.0426302418184,2.0,9.197656891821085,3.336045782230649,304.4794810016416,291250,-0.6279099396505626,-4.874008853935352,56.54432576542501,-0.504568824476245,56.54657696063609,0,0,0,0,0,12,12,1,2
259,2017,4,12,18,42835.75,62.87808115380062,95.02146104220186,479,370,990.4990750298614,992.4990750298614,2.0,10.082773524839583,4.73430086353801,186.5881662950577,109375,-1.543555211956991,-12.015283147664857,48.09814483944289,-11.75459124882585,49.51365420187647,0,0,0,2,0,11,11,1,1
259,2017,4,12,21,42835.875,61.70683605126831,98.9726266148964,483,379,989.6377243109417,991.6377243109417,2.0,9.915155100388443,4.934348280894483,180.07726023841454,101875,-0.8613507189197116,-6.777266332972772,69.40409932502232,-43.412171086293334,81.8629684383798,0,0,0,0,0,11,11,1,1
259,2017,4,13,0,42836.0,60.95723261805934,101.92316663584464,485,386,988.8476597656036,990.8476597656036,2.0,9.942461035205815,5.819645148531854,160.81877456451716,81250,-0.7900645453381003,-6.2610011294050665,53.086498569851535,-27.7840329227267,59.917683665659254,0,0,0,0,0,12,12,1,1
259,2017,4,13,3,42836.125,60.6390008240351,104.51861000917607,485,392,988.1860444165446,992.1860444165446,4.0,10.069708724084641,7.651646592023026,301.19481662601754,285000,-0.6616153490589931,-5.2593854156799384,47.16483948852993,-11.795253664163805,48.61738467853615,0,0,0,0,0,15,15,1,1
259,2017,4,13,6,42836.25,60.191234715922455,107.47092812754337,485,399,988.0134157856772,990.0134157856772,2.0,8.932631044189977,6.55902976866426,158.3253092116782,78750,-0.17262863086740254,-1.378380579352508,54.39266252263293,-16.5964398485017,56.86830006203783,0,0,0,0,0,12,12,1,1
259,2017,4,13,9,42836.375,59.82268090031584,109.52357371015634,485,404,988.3072449650152,992.3072449650152,4.0,8.875634908436624,5.436261069288885,386.78889139475245,470000,0.29382917933806313,2.3548523195442104,38.242829473471176,-13.660438163649907,40.60937794352308,0,0,0,0,0,14,14,1,1
259,2017,4,13,12,42836.5,59.932819735075675,111.44055910310267,483,408,988.9644663572046,990.9644663572046,2.0,9.353959228532842,5.92438824740595,158.95234259311306,79375,0.6572213921893854,5.261336430278639,35.5973895993647,4.082293217279077,35.83070281477606,0,0,0,0,0,15,15,1,1
259,2017,4,13,15,42836.625,59.93632215321439,114.72989516140633,480,415,988.6367955187944,992.6367955187944,4.0,9.901456094274621,8.769224180728997,357.66015365163463,401875,-0.3276708384102676,-2.623051434647921,61.07060568887168,0.12981704267090727,61.07074366396903,0,0,0,0,0,16,16,1,1
259,2017,4,13,18,42836.75,59.94858351097935,115.69553612144949,479,417,988.5892659754314,992.5892659754314,4.0,10.391880196089518,6.7721314894650275,385.7588259404082,467500,-0.047529543362907135,-0.38043360523577674,17.923378833183275,0.4544669257456641,17.929139661021075,0,0,0,0,0,18,18,1,1
259,2017,4,13,21,42836.875,59.63991521337787,116.85200593731135,479,420,988.2756573998381,994.2756573998381,6.0,10.916001385455138,8.606832116353035,648.9713153575649,1323125,-0.3136085755933891,-2.518054916419764,21.66486199532133,-11.440782903099134,24.500158340552904,0,0,2,0,0,21,21,1,2
259,2017,4,14,0,42837.0,59.523808239106486,118.18529843208202,478,423,988.6749750024858,994.6749750024858,6.0,10.837337467679182,6.1940205858853,680.2521569533504,1453750,0.39931760264764304,3.2100547133217923,25.063645365186282,-4.303502162342583,25.43042370573308,0,0,0,0,0,18,18,1,2
259,2017,4,14,3,42837.125,59.18812042090519,119.30033145386545,478,426,988.462972561661,992.462972561661,4.0,9.967263247867214,4.27006366469519,518.6249645218626,845000,-0.21200244082472636,-1.7101818082937574,21.16916500409646,-12.442260773455299,24.55490582603254,0,0,0,0,0,17,17,1,1
259,2017,4,14,6,42837.25,58.276801418007935,115.19021639650857,486,419,988.315172136434,988.315172136434,0.0,11.808957440344386,10.381650929873722,14.104739588693906,625,-0.14780042522703296,-1.2038484050971172,-80.09108699916587,-33.778016558984035,86.92258981051448,0,0,0,0,0,17,17,1,1
259,2017,4,14,9,42837.375,58.276801418007935,115.19021639650857,486,419,,,,11.808957440344386,,0.0,0,0.0,,0.0,0.0,0.0,0,3,0,0,0,17,17,0,0
262,2017,4,11,21,42834.875,62.524378889287505,97.32974771675875,480,375,992.8402411803481,992.8402411803481,0.0,13.750772904636044,1.935721634233123,14.104739588693906,625,,,,,,3,0,0,0,0,15,15,1,1
262,2017,4,12,0,42835.0,61.8589360432293,99.9546069435557,482,381,989.4613258772546,991.4613258772546,2.0,16.520529513530786,5.6252169204915115,167.48450292473797,88125,-3.378915303093527,-26.54808599385498,45.88328458824558,-24.66462281786292,52.092412339546904,0,0,0,0,0,13,13,1,1
262,2017,4,12,3,42835.125,61.81248475370169,102.7533002545757,481,387,985.5335109564651,989.5335109564651,4.0,19.237272232194687,8.28914448567324,214.37348207692287,144375,-3.927814920789533,-30.874180199646684,48.99563810599929,-1.721715910522469,49.02587948309134,0,0,0,0,0,14,14,1,1
262,2017,4,12,6,42835.25,61.92035912800207,105.66002913184354,479,393,982.5901547834874,994.5901547834874,12.0,20.27419787884142,13.125080562526565,573.2843600559532,1032500,-2.943356172977656,-23.11266500708296,50.70779310993522,3.998361045719503,50.86518625869683,0,0,0,0,0,10,10,1,1
262,2017,4,12,9,42835.375,61.734603419529634,108.43494882292201,478,399,981.7360070548145,989.7360070548145,8.0,19.832343478894035,14.608405467850899,270.5758189903005,230000,-0.8541477286728332,-6.718839903187874,48.702682804054355,-6.885030792467188,49.18693893022367,0,0,0,0,0,11,11,1,1
262,2017,4,12,12,42835.5,61.56468612690986,110.7428496143103,477,404,982.6983007731931,990.6983007731931,8.0,18.34550749459376,14.902077676305053,271.67647093347347,231875,0.9622937183784961,7.581653020910913,40.73022327186383,-6.297980296165519,41.214265049698106,0,0,0,0,0,13,13,1,1
262,2017,4,12,15,42835.625,61.34809309133958,113.02028472148311,476,409,984.349400842341,992.349400842341,8.0,16.240428294523177,9.086093283582668,324.7154905426913,331250,1.651100069147942,13.035349064892152,40.4729265086407,-8.028015567319894,41.261444644158566,0,0,0,0,0,15,15,1,1
262,2017,4,12,18,42835.75,60.57465729679983,116.26920640779686,476,417,985.0448104966812,993.0448104966812,8.0,14.90758934627397,8.918027758411554,350.3544631649842,385625,0.6954096543401829,5.531524985395844,59.15560565791654,-28.667378812708087,65.73586759712107,0,0,0,0,0,14,14,1,1
262,2017,4,12,21,42835.875,60.465920288477534,117.64597536373869,475,420,986.2883412913334,992.2883412913334,6.0,13.03918598516119,8.499377875752034,343.47285419209976,370625,1.243530794652179,9.902084751214325,25.15428392675002,-4.030334554648579,25.47511720267345,0,0,0,0,0,14,14,1,1
262,2017,4,13,0,42836.0,59.91006296410001,119.55755339993044,475,425,988.3878191628418,992.3878191628418,4.0,10.52094816468628,5.583988273478099,293.5006183102318,270625,2.099477871508425,16.81107897271927,35.5213363383561,-20.602838136333318,41.06388041253004,0,0,0,0,0,13,13,1,1
262,2017,4,13,3,42836.125,57.98423873657716,122.84505830277779,478,436,989.4789161803664,991.4789161803664,2.0,8.422456383019524,9.917846298726364,267.99005218518425,225625,1.0910970175245893,8.915345510898794,64.59339782350993,-71.38062790323893,96.26786110767637,0,0,0,0,0,16,16,1,1
262,2017,4,13,6,42836.25,57.98423873657716,122.84505830277779,478,436,,,,8.422456383019524,,0.0,0,0.0,,0.0,0.0,0.0,0,3,0,0,0,16,16,0,0
263,2017,4,10,0,42833.0,60.94639338452072,-37.71833119246493,281,258,1008.9049569319125,1008.9049569319125,0.0,9.138458181124635,2.392748853273297,14.104739588693906,625,,,,,,3,0,0,0,0,2,2,1,1
263,2017,4,10,3,42833.125,61.69018755151236,-36.549301106397955,285,259,1008.222574121874,1008.222574121874,0.0,9.224147291102183,2.7973844231811382,14.104739588693906,625,-0.6823828100383981,-5.3699539656085475,20.54853319372741,27.568712612428925,34.38424248868098,0,0,0,0,0,2,2,1,1
263,2017,4,10,6,42833.25,62.47310632402501,-35.97545937377727,288,261,1007.0722686545486,1007.0722686545486,0.0,9.510833118491973,4.408506507801357,14.104739588693906,625,-1.1503054673255246,-8.986923759747501,9.829951801591776,29.018865159397393,30.638578419386647,0,0,0,0,0,3,3,1,1
263,2017,4,10,9,42833.375,62.93005733081407,-35.48205083905123,290,262,1006.7925831827517,1006.7925831827517,0.0,9.800069765867109,4.577616537895519,14.104739588693906,625,-0.2796854717968381,-2.1761066599342906,8.322522901330247,16.936877893355636,18.871200815464956,0,0,0,0,0,6,6,1,1
263,2017,4,10,12,42833.5,62.79549271118361,-35.86982351772131,289,262,1003.9455580396713,1007.9455580396713,4.0,12.869586180389367,4.334203137015356,314.76015007415543,311250,-2.847025143080391,-22.17810121154585,-6.570765853949484,-4.987634336253891,8.2493308928426,0,0,2,0,0,4,4,1,2
263,2017,4,10,15,42833.625,63.43927388094927,-35.65102241071272,291,264,1001.3746511758867,1009.3746511758867,8.0,14.905418911133577,5.6714974360779165,415.31213511748194,541875,-2.570906863784621,-19.913407396169745,3.626289284636588,23.861733315746754,24.135705724251956,0,0,1,0,0,2,2,1,1
263,2017,4,10,18,42833.75,63.705201442684995,-34.85084820103174,293,264,997.6234026395472,1009.6234026395472,12.0,18.071393208456026,6.129047060583616,485.3342309955121,740000,-3.7512485363395536,-28.989001314576694,13.138299600503636,9.856598573323385,16.424598985309643,0,0,0,0,0,2,2,1,1
263,2017,4,10,21,42833.875,63.724998616927266,-30.203237754942652,301,259,995.1086206162156,1011.1086206162156,16.0,22.534934134450495,3.6685302144386513,595.4138356951381,1113750,-2.5147820233314997,-19.430485269676435,76.2408260291281,0.7337817792129647,76.24435709810452,0,0,0,0,0,1,1,1,1
263,2017,4,11,0,42834.0,64.37812661101547,-28.711225969940553,305,260,992.0066150490826,1012.0066150490826,20.0,25.728286987755624,9.463903137879388,668.89785002427,1405625,-3.1020055671330193,-23.835088694999673,23.913426745053794,24.208173130715107,34.02774786872812,0,0,0,0,0,2,2,1,1
263,2017,4,11,3,42834.125,64.70439229574164,-26.221966777554464,310,259,990.7141654419349,1012.7141654419349,22.0,26.623100855423715,13.083908195700639,751.4001334964605,1773750,-1.2924496071477187,-9.903995056080706,39.4209582219858,12.093029626588097,41.2341280093212,0,0,0,0,0,2,2,1,1
263,2017,4,11,6,42834.25,64.58362913878938,-24.40182553836706,313,257,991.0814451485392,1009.0814451485392,18.0,25.587356684805894,9.34359003293779,632.6726498562402,1257500,0.3672797066043131,2.8172638122280653,28.95387959816919,-4.476083459557434,29.297823586782037,0,0,0,0,0,3,3,1,1
263,2017,4,11,9,42834.375,64.5591323281516,-23.26536878121195,315,256,992.5519677544717,1010.5519677544717,18.0,23.82268587710239,9.310050908662888,706.0827566478041,1566250,1.4705226059324923,11.28211627769752,18.09481825091876,-0.9079736872979945,18.117584379563635,0,0,0,0,0,4,4,1,2
263,2017,4,11,12,42834.5,63.96764422183922,-21.108907598452593,318,252,994.7667984054548,1010.9778519879366,16.211053582481835,21.681885354839036,4.574711548655978,706.7867978603495,1569375,2.214830650983058,17.07735711099898,35.077538476613746,-21.923492197511194,41.36512076269876,0,0,0,0,0,4,3,2,0
263,2017,4,11,15,42834.625,65.03046475686224,-11.208344318926503,338,251,991.8788929765274,1009.8788929765274,18.0,23.04732791774897,11.755430473976958,689.547237313759,1493750,-1.0989590114091699,-8.398830124312306,15.84305711568315,3.457078893051816,16.215851912359796,0,0,0,0,2,3,3,1,1
263,2017,4,11,18,42834.75,65.03046475686224,-11.208344318926503,338,251,991.3802668722647,1007.3802668722647,16.0,22.833569186073262,12.50404767916567,651.7244466616975,1334375,-0.49862610426280296,-3.8107662813382843,0.0,0.0,0.0,0,0,0,0,0,3,3,1,1
263,2017,4,11,21,42834.875,64.84836947827996,-10.60385825987135,339,250,992.6483257464316,1004.6483257464316,12.0,21.428619378975394,9.590865767111172,553.6896324934786,963125,1.2680588741670362,9.705594079949694,9.522542065742217,-6.749357048091945,11.671873369620597,0,0,0,0,0,2,2,1,1
263,2017,4,12,0,42835.0,64.21038614240646,-9.833563964207114,340,247,994.0946163906615,1004.0946163906615,10.0,19.791941565279693,5.817339476762136,582.2370898403304,1065000,1.4462906442298844,11.128633544469597,12.421521028848387,-23.646836744301865,26.71080441847058,0,0,0,0,0,2,2,1,1
263,2017,4,12,3,42835.125,63.750755567606674,-6.176801182604219,347,244,994.7035460954831,1000.7035460954831,6.0,17.786064341647485,2.069726175925971,478.93847384731384,720625,0.6089297048216394,4.703857211395851,59.93705901724704,-17.03619601615292,62.311178919498374,0,0,0,0,0,3,3,1,2
263,2017,4,12,6,42835.25,62.482594636181744,-3.0622870854000537,353,238,995.476706841632,1001.476706841632,6.0,16.36693318989942,2.044337822833695,578.4663065820774,1051250,0.7731607461487875,6.039906217510739,53.329916180638364,-47.00435391443008,71.08789803297684,0,0,0,0,0,3,3,1,3
263,2017,4,12,9,42835.375,61.597857909913984,0.228268830153421,360,234,996.2878111073524,999.7582583057979,3.4704471984456178,14.764410515835914,2.0185513322804036,478.5229089327537,719375,0.8111042657203507,6.388470317004495,58.007050988499635,-32.792745125696925,66.63469139465805,0,0,0,0,0,4,3,2,0
263,2017,4,12,12,42835.5,60.26013346043362,9.426445080896851,381,230,994.8795509787076,998.8795509787076,4.0,13.70513710851484,10.588902070586991,444.24332232904777,620000,-0.8787073270903784,-7.011352245097033,5.3754419517480985,-18.360788387319353,19.131490438032646,0,0,0,0,2,3,3,1,2
263,2017,4,12,15,42835.625,60.031026753194006,9.35549365653009,381,229,994.6142886515046,999.4864638125654,4.872175161060731,13.527856325057927,10.111492294529308,526.2410103554245,870000,-0.265262327202945,-2.121435670030165,-1.313672847670342,-8.491834501761785,8.592845253815415,0,0,0,0,0,3,2,2,0
263,2017,4,12,18,42835.75,59.34264380602439,9.148852985793841,381,226,994.6873373613383,998.6129211551396,3.925583793801343,13.395865680484434,7.820939582698702,479.3536784973324,721875,0.07304870983367437,0.5883253553182005,-3.905411062150128,-25.514897104630116,25.812055513349318,0,0,0,0,0,2,3,2,0
263,2017,4,12,21,42835.875,58.765865581411205,10.249020783755986,384,224,995.3215617409254,995.3215617409254,0.0,12.738265390960997,4.951575019222,14.104739588693906,625,0.6342243795871036,5.1388891698321535,21.144484773705518,-21.378270792014018,30.068583245675946,0,0,0,2,0,2,2,1,1
263,2017,4,13,0,42836.0,58.45081181435859,10.986687500089351,386,223,996.0063065815666,996.0063065815666,0.0,11.552051096193534,5.920748541633802,14.104739588693906,625,0.684744840641215,5.566885612500921,14.305882831370885,-11.677460172169177,18.46676364871521,0,0,0,0,0,2,2,1,1
263,2017,4,13,3,42836.125,57.94783512003232,11.230355053642848,387,221,996.7117949273069,996.7117949273069,0.0,10.364258974635534,5.284629574588762,14.104739588693906,625,0.7054883457403048,5.766832065134958,4.792951453795268,-18.642818876510493,19.249079959852995,0,0,0,0,0,3,3,1,1
263,2017,4,13,6,42836.25,57.672683797779726,11.546690545927323,388,220,998.3939374582706,998.3939374582706,0.0,9.014961229282592,5.140896277401626,14.104739588693906,625,1.6821425309636107,13.791868688102099,6.269982404253097,-10.198477031343701,11.971700510307151,0,0,0,0,0,2,2,1,1
263,2017,4,13,9,42836.375,57.672683797779726,11.546690545927323,388,220,,,,9.014961229282592,,0.0,0,0.0,,0.0,0.0,0.0,0,3,0,0,0,2,2,0,0
269,2017,4,12,21,42835.875,58.20177101710345,22.446861473089207,413,230,991.5954142154874,995.5954142154874,4.0,14.436703284799316,6.746120492282063,238.11540999374174,178125,-1.0175069396522303,-8.294411548953947,25.22851046832939,-1.606087668788522,25.279581840893652,2,0,0,2,0,3,3,1,1
269,2017,4,13,0,42836.0,58.235098416664414,23.359835246064492,415,231,991.2230635281946,997.2230635281946,6.0,14.515607201817302,5.92751706391151,377.1534573464513,446875,-0.3723506872927828,-3.034197479536436,17.81408454746605,1.2352792498120382,17.856862072863887,0,0,0,0,0,3,3,1,1
269,2017,4,13,3,42836.125,58.38713230058597,25.737400858718004,420,234,990.5084984832963,996.5084984832963,6.0,14.586253731937084,5.029899694911,373.1763325901154,437500,-0.714565044898336,-5.813290479824283,46.19040143349411,5.6351321900481475,46.53286902165663,0,0,0,0,0,4,4,1,1
269,2017,4,13,6,42836.25,58.4927687013269,27.210869971052492,423,236,989.9884794004145,997.9884794004145,8.0,15.429149243319804,5.38959952934485,451.79222493902637,641250,-0.5200190828817722,-4.225788013224507,28.54109227674393,3.9154106104611723,28.808408296851876,0,0,0,0,0,3,3,1,1
269,2017,4,13,9,42836.375,58.79803508338376,27.962232204374367,424,238,990.5687768302961,998.5687768302961,8.0,15.06531422243795,6.686843506413862,456.8281067636358,655625,0.5802974298816116,4.700339049739173,14.427390892460103,11.314690986620658,18.334989503311842,0,0,0,0,0,4,4,1,1
269,2017,4,13,12,42836.5,58.66784628572884,29.256065222107075,427,239,990.908489950507,998.908489950507,8.0,14.857682595343523,6.254858994510652,438.83650844157603,605000,0.3397131202109449,2.7554343940590433,24.936605883221354,-4.825444601727342,25.399197400300846,0,0,0,0,0,3,3,1,1
269,2017,4,13,15,42836.625,58.92191016493037,30.963756532073518,430,242,991.165646722375,999.165646722375,8.0,14.510731606947454,4.621747751604343,438.83650844157603,605000,0.25715677186788527,2.080219647709144,32.67263921830286,9.416871470281913,34.002629630327,0,0,0,0,0,3,3,1,1
269,2017,4,13,18,42836.75,59.272163490062404,32.34149069120235,432,245,991.0194177054476,999.0194177054476,8.0,15.305171871905143,6.408977921637199,404.8821944524756,515000,-0.14622901692739107,-1.1785708254958083,26.092087844750242,12.982130931689838,29.1433143555379,0,0,0,0,0,4,4,1,1
269,2017,4,13,21,42836.875,59.53765086614769,33.157923884672236,433,247,990.5635547424706,998.5635547424706,8.0,16.1577943860543,9.56760416400015,384.72600259855415,465000,-0.45586296297697115,-3.664093594703574,15.341423469973176,9.84028310295329,18.22609243999689,0,0,0,0,0,7,7,1,1
269,2017,4,14,0,42837.0,59.85760637030299,34.58617452901078,435,250,990.438359773438,1000.438359773438,10.0,16.286361776913672,9.292799743422801,504.8235856473997,800625,-0.12519496903260005,-1.003002008330238,26.582378531829537,11.859142938023819,29.10776734196479,0,0,0,0,0,7,7,1,1
269,2017,4,14,3,42837.125,60.10487271017802,35.43671617045695,436,252,990.0589346913599,1000.0589346913599,10.0,16.49830485040773,12.428741711453767,489.21288379849284,751875,-0.3794250820780871,-3.032201407456846,15.712545409539326,9.164920841357429,18.190103278298974,0,0,0,0,0,6,6,1,1
269,2017,4,14,6,42837.25,60.531832231405524,36.56162202217608,437,255,989.8222061962541,1003.8222061962541,14.0,16.896303009467772,12.388291768608179,828.9459975168818,2158750,-0.2367284951057809,-1.8838137243423398,20.51099295507676,15.825244214362757,25.90635417127293,0,0,0,0,0,9,9,1,1
269,2017,4,14,9,42837.375,60.94639338452072,37.71833119246493,438,258,990.7158252871689,1002.7158252871689,12.0,15.79031367394568,9.732781248280808,725.6748017916211,1654375,0.8936190909147262,7.08238089721871,20.820239577887513,15.365699003442465,25.876380773690634,0,0,0,0,0,6,6,1,1
269,2017,4,14,12,42837.5,61.16751763281066,38.624679025191504,439,260,992.5384078242458,1000.5384078242458,8.0,13.768527885995761,13.759450937262299,583.7726628538894,1070625,1.82258253707696,14.414087308183786,16.20047456277553,8.195964855977723,18.155693762000915,0,0,0,0,0,7,7,1,1
269,2017,4,14,15,42837.625,61.55916092322645,39.83475895500425,440,263,993.7449544463774,999.7449544463774,6.0,12.549258067051644,8.95884659947631,534.6794053718705,898125,1.2065466221315728,9.506552319006657,21.360307935904924,14.516248982872671,25.826038016882006,0,0,0,0,0,8,8,1,2
269,2017,4,14,18,42837.75,62.1447582056502,42.696239675399795,443,269,994.0046048426692,996.0046048426692,2.0,13.05768138838978,4.697001656462525,177.8539989415875,99375,0.25965039629183595,2.03466559153065,49.55170663040364,21.705148954120542,54.09699733909589,0,0,0,2,0,7,7,1,1
269,2017,4,14,21,42837.875,62.482594636181744,43.334893941896325,443,271,993.7315707381384,995.7315707381384,2.0,12.979711627800086,6.100718767472863,169.8435557664936,90625,-0.27303410453081595,-2.1329334084309535,10.936710318880635,12.52189903693824,16.625570308725802,0,0,0,0,0,7,7,1,1
269,2017,4,15,0,42838.0,62.65008278317569,43.659992219100296,443,272,,,,12.686650549898209,,0.0,0,-0.19187671581472387,,5.535937652581204,6.207944072941624,8.317762638236157,0,2,2,0,0,6,5,0,0
271,2017,4,10,0,42833.0,32.54114999315151,-148.15545530998392,230,568,1011.7997287839977,1015.7997287839977,4.0,7.701792382330787,10.67363549508831,448.0336728133869,630625,,,,,,3,0,0,0,0,21,21,1,1
271,2017,4,10,3,42833.125,32.78021790158948,-147.1873375329171,227,565,1010.8755701413756,1014.8755701413756,4.0,8.358054449153729,8.85437473272461,427.35266139097564,573750,-0.9241586426220602,-11.825907794832517,30.168875742603113,8.861046180609435,31.443269597602594,0,0,0,0,0,21,21,1,1
271,2017,4,10,6,42833.25,33.28242781565185,-145.75304420667055,223,560,1010.7575702392908,1014.7575702392908,4.0,9.988312216651844,12.000677849177155,252.7071841393177,200625,-0.11799990208484815,-1.4897545090993887,44.44183021262199,18.61439818477853,48.182694947761135,0,0,0,0,0,23,23,1,1
271,2017,4,10,9,42833.375,33.47585163591403,-144.76532590953292,220,557,1010.5385886288443,1016.5385886288443,6.0,10.733839804455206,8.907875877593034,376.88962138737196,446250,-0.21898161044649897,-2.7505240015046017,30.536753805370488,7.169249168454565,31.36704427594662,0,0,0,0,0,25,25,1,1
271,2017,4,10,12,42833.5,34.16421111334578,-142.81858508347338,215,550,1008.3631787146232,1016.3631787146232,8.0,11.596434799112888,10.343600479117448,474.76645643294637,708125,-2.1754099142210905,-26.83863457939608,59.70316043157734,25.514027199369995,64.92636559556414,0,0,0,0,0,23,23,1,1
271,2017,4,10,15,42833.625,34.6176106981744,-140.64264679578108,209,543,1007.9619995614793,1015.9619995614793,8.0,12.582554840327521,11.928760650760742,421.25735785557896,557500,-0.4011791531438939,-4.892566002770798,66.37148612478447,16.805244525230698,68.46597997520558,0,0,0,0,0,22,22,1,1
271,2017,4,10,18,42833.75,35.15003155123038,-138.61930888748097,204,536,1007.5348605471813,1017.5348605471813,10.0,14.207651729914364,12.400580300159854,452.6720548375118,643750,-0.427139014298009,-5.140187430236381,61.31837880606196,19.73416589986412,64.41568817584012,0,0,0,0,0,26,26,1,1
271,2017,4,10,21,42833.875,35.95243104997679,-136.92078491268896,201,529,1005.4033267472483,1019.4033267472483,14.0,16.20959207959692,20.35028453981431,589.5376213414429,1091875,-2.1315337999329493,-25.153062370226554,50.96233285602479,29.74091780091274,59.0057756644967,0,0,0,0,0,22,22,1,1
271,2017,4,11,0,42834.0,36.69689272010886,-135.53050131667382,199,523,1002.5082834995846,1016.5082834995846,14.0,17.601053574870058,28.097200349632327,476.23081998748347,712500,-2.895043247663707,-33.56436314730682,41.317470501881644,27.59345360000724,49.684323989057276,0,0,0,0,0,20,20,1,1
271,2017,4,11,3,42834.125,37.22335973870434,-133.92917554521304,196,517,998.5318298993008,1016.5318298993008,18.0,21.09789618672431,31.795488642901255,537.6478079474099,908125,-3.9764536002838575,-45.54239405351254,47.26132309039397,19.513487171167753,51.13129024221797,0,0,0,0,0,23,23,1,1
271,2017,4,11,6,42834.25,37.71890019654684,-132.6590232170272,194,512,997.6953068205994,1015.6953068205994,18.0,22.197387229705804,29.069109960661667,447.14471623758845,628125,-0.8365230787014297,-9.473219182255107,37.23956774983597,18.367194953069244,41.52275588925518,0,0,0,0,0,22,22,1,1
271,2017,4,11,9,42834.375,38.18518513005743,-131.36704926051178,192,507,997.3884629491613,1013.3884629491613,16.0,21.14179300530413,18.34806582325451,380.04356441846903,453750,-0.30684387143803177,-3.4387882538780086,37.63966690190198,17.282839659057608,41.4178834703903,0,0,0,0,0,20,20,1,1
271,2017,4,11,12,42834.5,38.8126398570225,-130.2211119606414,191,502,997.2727521578263,1011.2727521578263,14.0,19.38276926274596,11.949539489987655,382.9118584262031,460625,-0.11571079133500461,-1.2790346659783902,33.09561941973474,23.256594112554534,40.44983553108751,0,0,0,0,0,17,17,1,1
271,2017,4,11,15,42834.625,39.41590966457072,-129.04929055911546,190,497,998.5279204537553,1010.5279204537553,12.0,17.92325512955662,10.913409627838337,344.3405764696662,372500,1.2551682959290338,13.695769308612528,33.55465587013073,22.36018066573364,40.32235868556237,0,0,0,0,0,15,15,1,1
271,2017,4,11,18,42834.75,39.99444473081157,-127.85171160545961,189,492,999.8001549478064,1009.8001549478064,10.0,16.28365159328433,8.891297029708294,326.24357187951614,334375,1.272234494051081,13.714199912315475,34.005871026340714,21.44338808398544,40.20221581928697,0,0,0,0,0,15,15,1,1
271,2017,4,11,21,42834.875,40.795146921404914,-127.16620604073009,190,488,1000.5183871513218,1008.5183871513218,8.0,14.299812741866726,7.546452945320124,308.69729862159846,299375,0.7182322035153629,7.6161464771079075,19.23527455351546,29.67800711572143,35.36636669930813,0,0,0,0,0,18,18,1,1
271,2017,4,12,0,42835.0,41.5854470902097,-126.4596723441605,191,484,1000.7666343079202,1006.7666343079202,6.0,12.691554382710391,5.674016033669031,271.67647093347347,231875,0.24824715659837238,2.591250279786022,19.587438637944583,29.292456432476513,35.23798740342273,0,0,0,0,0,15,15,1,1
271,2017,4,12,3,42835.125,42.708188957355624,-125.6676736653699,193,479,1000.9655746864726,1004.9655746864726,4.0,12.418458332360341,8.74010876923654,211.57109383040859,140625,0.19894037855236094,2.032096574055267,21.5707959641899,41.614399852688905,46.87278009280211,0,0,0,0,0,16,16,1,1
271,2017,4,12,6,42835.25,43.81591514927166,-124.8397938791054,195,474,1001.7698762107331,1005.7698762107331,4.0,12.007961373670076,9.959149544179235,261.98391020896656,215625,0.8043015242605179,8.048553005734332,22.141468229858976,41.0578442174533,46.64752069680143,0,0,0,0,0,12,12,1,1
271,2017,4,12,9,42835.375,45.64877795204736,-124.22552651154433,200,468,1002.3058989514732,1004.3058989514732,2.0,12.402302000846587,4.814187939080003,211.57109383040859,140625,0.5360227407401544,5.19345590183678,15.91590506843517,67.93501496806158,69.77451033764545,0,0,0,0,0,13,13,1,1
271,2017,4,12,12,42835.5,46.954436168226735,-126.10599918491404,208,470,1001.1092915841062,1003.1092915841062,2.0,13.543129162669285,4.082468454752379,182.81831978578631,105000,-1.1966073673669597,-11.344024214509268,-47.574445001537875,48.39418985697685,67.86254805942282,0,0,0,0,0,14,14,1,1
271,2017,4,12,15,42835.625,47.62895251759047,-125.9703626780349,210,468,1001.3346758676568,1005.3346758676568,4.0,14.16055336472458,4.047930902976077,459.86642694738646,664375,0.2253842835505202,2.113585019498814,3.3880865762025922,25.000931996018824,25.22946157406856,0,0,2,0,0,17,17,1,2
271,2017,4,12,18,42835.75,44.22733377597871,-128.05197799391337,203,482,1001.034635422076,1015.034635422076,14.0,11.520921213029816,6.953508451661911,1057.1970430637966,3511250,-0.6885607795169926,-6.83934178507863,24.94007747491392,35.33228183468986,43.247862422328616,0,0,2,0,2,16,16,1,3
271,2017,4,12,21,42835.875,45.20980399577161,-127.48785589694725,205,478,1000.6688947081681,1006.6688947081681,6.0,11.369524957856253,4.051379726871819,551.1687560327193,954375,-0.3657407139078714,-3.5704622620990323,14.730748810055871,36.415234673444914,39.28185684036623,0,0,0,2,0,16,16,1,2
271,2017,4,13,0,42836.0,46.847550896606485,-128.30275567105417,212,476,1000.3814501412228,1008.3814501412228,8.0,11.84434716245694,4.166386628753389,716.7095498380723,1613750,-0.28744456694534165,-2.7297803326738226,-20.657852303551213,60.70304883356248,64.12181375698295,0,0,0,0,0,15,15,1,1
271,2017,4,13,3,42836.125,46.9969913170557,-128.0627500466057,212,475,999.6574107364012,1011.6574107364012,12.0,12.896717315416728,4.728222061824199,900.6072277813852,2548125,-0.724039404821524,-6.859249891580901,6.067262043125745,5.5390055298609315,8.215366757472509,0,0,0,0,0,18,18,1,1
271,2017,4,13,6,42836.25,47.674660702901114,-127.95667909884223,214,473,999.8148646618321,1013.8148646618321,14.0,13.864464273072826,3.556404668526957,952.0438019904043,2847500,0.1574539254308911,1.4754815949024824,2.647245748622576,25.1177992161146,25.256914845535817,0,0,0,0,0,14,14,1,1
271,2017,4,13,9,42836.375,48.72915053189356,-128.23761032506073,218,471,999.4939653699832,1015.4939653699832,16.0,14.892162931835351,2.92569415079146,1007.9709162286811,3191875,-0.32089929184890936,-2.958030896412948,-6.868420578160308,39.084639727416025,39.683551553010005,0,0,0,0,0,17,17,1,2
271,2017,4,13,12,42836.5,49.88095796710424,-129.91016349071214,225,472,999.0535791962166,1005.0535791962166,6.0,16.365407239933273,4.414878257909659,453.98860261465205,647500,-0.4403861737666011,-3.9898729421011825,-39.94617592578219,42.691714422302894,58.46605383818037,0,0,0,2,0,18,18,1,1
271,2017,4,13,15,42836.625,49.90962160756896,-130.37076505220242,226,473,999.5876421916566,1005.5876421916566,6.0,16.50389618520992,4.584078990858034,460.514887566027,666250,0.5340629954400355,4.836541198100481,-10.994387722491402,1.0624171329468106,11.045600552113434,0,0,0,0,0,19,19,1,1
271,2017,4,13,18,42836.75,50.091550944060955,-130.58348433177235,227,473,1000.302600265394,1016.302600265394,16.0,15.92622997604565,4.131824071040391,1150.0337286765334,4155000,0.7149580737373618,6.457521824562251,-5.05835805393395,6.743206408573745,8.429579993714306,0,0,2,0,0,21,21,1,2
271,2017,4,13,21,42836.875,50.272790276348914,-130.79806364184037,228,473,1001.1138252352953,1009.1388942378577,8.025069002562523,15.084097656018727,4.379072798436609,668.7491234298748,1405000,0.8112249699012318,7.307710084509912,-5.083264924613174,6.7176314196229505,8.424141154070725,0,0,0,0,0,24,23,2,0
271,2017,4,14,0,42837.0,50.51136218543917,-132.41874130256537,232,476,1002.3183713006267,1010.3183713006267,8.0,14.12571799099189,3.91281521474717,718.7883791576386,1623125,1.204546065331524,10.81351770932131,-38.19950786259614,8.842661976914473,39.20962983480606,0,0,0,0,0,21,21,1,3
271,2017,4,14,3,42837.125,50.34988604239584,-132.6626941408762,232,477,1003.1194701888761,1005.1194701888761,2.0,14.245067677599728,3.7954970237605448,171.01087916602197,91875,0.8010988882493985,7.208437969089974,-5.769744250709231,-5.98510929351661,8.3133315808965,0,0,0,2,0,22,22,1,1
271,2017,4,14,6,42837.25,50.187578001422466,-132.90474743537615,232,478,1004.5499571063425,1006.5499571063425,2.0,13.8932075955018,3.58301380859848,171.59156293944244,92500,1.4304869174663326,12.902131249467638,-5.7443635720365664,-6.015943569952165,8.318009971416812,0,0,0,0,0,23,23,1,1
271,2017,4,14,9,42837.375,50.187578001422466,-132.90474743537615,232,478,1005.7053083574096,1007.7053083574096,2.0,13.070610892769206,3.326637585005956,174.46599343804792,95625,1.1553512510671862,10.420573091928546,0.0,0.0,0.0,0,0,0,0,0,19,19,1,1
271,2017,4,14,12,42837.5,50.02444508965032,-133.14491474650535,232,479,1006.9793361967834,1012.9793361967834,6.0,11.719902024525728,3.5077156578271387,575.0168643382667,1038750,1.274027839373739,11.518347064175487,-5.719051500335778,-6.046517385938937,8.322735281261489,0,0,2,0,0,19,19,1,2
271,2017,4,14,15,42837.625,50.012129602563775,-132.6815989589687,231,478,1008.2154833982371,1014.2154833982371,6.0,11.170691215449919,3.3484448483288,607.4870568944925,1159375,1.236147201453714,11.177886904865812,11.035652709832071,-0.456473227726687,11.045089340501287,0,0,0,0,0,20,20,1,2
271,2017,4,14,18,42837.75,50.187578001422466,-132.90474743537615,232,478,1009.6522274236585,1013.6522274236585,4.0,9.909182144467582,2.897275296700318,441.3228541654136,611875,1.436744025421358,12.95856659822344,-5.295718309082739,6.502990613665625,8.38650817268888,0,0,0,0,0,19,19,1,1
271,2017,4,14,21,42837.875,50.173848169190784,-132.43969910609133,231,477,1011.147338111583,1013.147338111583,2.0,7.86153698886571,2.989031999305953,206.81608002267828,134375,1.4951106879246072,13.487693204689824,11.03959957150484,-0.5088958959480887,11.051322714140722,0,0,0,0,0,20,20,1,1
271,2017,4,15,0,42838.0,50.173848169190784,-132.43969910609133,231,477,,,,7.86153698886571,,0.0,0,0.0,,0.0,0.0,0.0,0,3,0,0,0,20,20,0,0
272,2017,4,12,9,42835.375,61.26041255719694,-40.52786993571559,277,263,1007.2089295059126,1013.2089295059126,6.0,11.431614992930447,8.781148146249906,333.7790589062273,350000,,,,,,3,0,0,0,0,5,5,1,1
272,2017,4,12,12,42835.5,61.23306222377844,-39.89216414398722,278,262,1006.3105318447934,1016.3105318447934,10.0,13.38704580317846,8.345608435666726,424.315954652552,565625,-0.8983976611190883,-7.100606253521318,11.33932088034027,-1.0137394393916124,11.384545036069683,0,0,0,0,0,4,4,1,1
272,2017,4,12,15,42835.625,61.67354797327202,-38.83852189632938,281,262,1005.3504914997736,1015.3504914997736,10.0,14.37253633324459,7.080339255473227,411.4621133397383,531875,-0.9600403450198064,-7.556138893640125,18.530343713341093,16.326593534304163,24.696787130494165,0,0,0,0,0,4,4,1,1
272,2017,4,12,18,42835.75,62.013658921339974,-36.453039992655796,286,260,1004.5024302372952,1014.5024302372952,10.0,15.314217200005839,5.208155640171681,415.31213511748194,541875,-0.8480612624784407,-6.653618320751535,41.48870706657434,12.60620397380908,43.361609664371265,0,0,0,0,0,4,4,1,1
272,2017,4,12,21,42835.875,62.49398457076993,-34.27803094060902,291,259,1004.271986605536,1012.271986605536,8.0,15.430810298852595,4.12820524026487,360.4306067730092,408125,-0.23044363175926263,-1.8000316635909295,37.230378323884246,17.803258451288247,41.26811216451409,0,0,0,0,0,4,4,1,1
272,2017,4,13,0,42836.0,62.613841050156665,-32.18090583475623,295,257,1004.850860790387,1010.850860790387,6.0,14.93828711296805,3.441686180671386,337.04130404423773,356875,0.5788741848510108,4.5167678398510915,35.75303356790799,4.442477477760972,36.02797545586442,0,0,0,0,0,4,4,1,1
272,2017,4,13,3,42836.125,62.94354761721718,-28.17105416636024,303,254,1004.2863165873525,1006.2863165873525,2.0,13.972307023402058,6.23014744019456,184.98192550829796,107500,-0.5645442030344566,-4.391935761224641,67.5938636300775,12.220565846174198,68.68968357797401,0,0,0,3,0,5,5,1,1
272,2017,4,13,6,42836.25,62.924277671131435,-23.88962452104884,311,250,1003.5188727801545,1005.5188727801545,2.0,12.61763200006548,7.479499189989074,172.74707473566775,93750,-0.7674438071979967,-5.971442413259086,72.21772559566728,-0.7142400804829535,72.22125746000042,0,0,0,0,0,5,5,1,1
272,2017,4,13,9,42836.375,62.89539636701687,-22.822062881390856,313,249,1003.5009322937924,1005.5009322937924,2.0,12.473194816486897,7.150023391780996,169.8435557664936,90625,-0.017940486362058437,-0.13963003690191952,18.02814654049734,-1.07048483080603,18.059900483076643,0,0,0,0,0,5,5,1,1
272,2017,4,13,12,42836.5,62.89539636701687,-22.822062881390856,313,249,1003.5111428970387,1005.5111428970387,2.0,12.19088652318807,5.752482169067735,204.39709528665645,131250,0.010210603246232495,0.07946868770946304,0.0,0.0,0.0,0,0,0,0,0,4,4,1,1
272,2017,4,13,15,42836.625,62.89539636701687,-22.822062881390856,313,249,1003.0282220740419,1005.0282220740419,2.0,12.420594602330747,5.832262020606431,218.05398241881235,149375,-0.48292082299682076,-3.7585520801909125,0.0,0.0,0.0,0,0,0,1,0,5,5,1,2
272,2017,4,13,18,42836.75,62.89539636701687,-22.822062881390856,313,249,1002.4465677427105,1004.4276842936014,1.9811165508908744,12.517456433470398,7.087962299856954,226.55566456642887,161250,-0.5816543313313741,-4.526990746456138,0.0,0.0,0.0,0,0,0,0,0,5,3,2,0
272,2017,4,13,21,42836.875,62.85693190150063,-21.75709721404752,315,248,1002.1425875409808,1006.0663712305324,3.9237836895516374,12.969635610659804,7.154989346309666,373.1763325901154,437500,-0.30398020172971885,-2.3666786272521345,18.007893762623862,-1.4256844738335877,18.06424130664993,0,0,0,0,0,8,6,2,0
272,2017,4,14,0,42837.0,62.7265256032199,-21.139824808657657,316,247,1001.007584693204,1004.9106825424938,3.9030978492897703,13.963772666194249,8.889193533813232,307.0819170546322,296250,-1.1350028477767773,-8.847063054942694,10.484075219206767,-4.833506257104836,11.544635808004383,0,0,0,0,0,6,5,2,0
272,2017,4,14,3,42837.125,63.33163476425762,-13.9773577954292,331,245,999.249987211685,1005.249987211685,6.0,13.437537952043128,7.397806185713998,388.8408362521876,475000,-1.7575974815188966,-13.626599237572238,119.09077746580564,22.428356257846925,121.18434074515957,0,0,1,0,0,5,5,1,1
272,2017,4,14,6,42837.25,63.386382702105024,-13.505195837194186,332,245,998.1211965040301,1006.1211965040301,8.0,15.009812127043384,8.655021678318153,449.80631543540153,635625,-1.128790707654989,-8.747285635153276,7.839785805407881,2.0292309776274817,8.09814916108847,0,0,0,0,0,7,7,1,1
272,2017,4,14,9,42837.375,63.16218200447674,-13.392497753751098,332,244,997.5413886512313,1005.5413886512313,8.0,16.484076265904033,10.372151042547411,407.08731802211184,520625,-0.5798078527988401,-4.501939435757762,1.8858442051028463,-8.30999337547875,8.521290880284553,0,0,0,0,0,4,4,1,1
272,2017,4,14,12,42837.5,62.71313392051217,-13.17255342332689,332,242,997.4981218219539,1007.4981218219539,10.0,17.19878881824927,9.987819133549564,534.3071955074976,896875,-0.04326682927741785,-0.3372947556029758,3.73735471850922,-16.64395625210663,17.058402621992556,0,0,0,0,0,5,5,1,1
272,2017,4,14,15,42837.625,62.13725162756758,-11.948553250418508,334,239,998.1154375555464,1008.1154375555464,10.0,16.584289124439863,6.899124761989006,622.0493994789887,1215625,0.6173157335925498,4.837728274643695,21.20243548217652,-21.3450631066245,30.085793813719462,0,0,0,0,0,4,4,1,1
272,2017,4,14,18,42837.75,61.403017560293506,-9.797817407851255,338,235,998.6231812108803,1008.6231812108803,10.0,16.18346076072343,6.185692446426328,660.0656457611345,1368750,0.5077436553339066,4.0065130285297155,38.15445199518639,-27.214367750159077,46.865595260210675,0,0,0,0,0,2,2,1,1
272,2017,4,14,21,42837.875,60.85800984869632,-7.815293546766876,342,232,1000.0513192553298,1008.0513192553298,8.0,15.290117640274985,4.106403399432966,595.580875629886,1114375,1.4281380444494425,11.328433975353068,35.78267644687039,-20.20069750392258,41.09097362373392,0,0,0,0,0,2,2,1,1
272,2017,4,15,0,42838.0,60.32208854866332,-5.0360442952388675,348,229,1000.240901071534,1008.240901071534,8.0,15.213974077738564,4.694092423811453,605.8474127250884,1153125,0.18958181620429967,1.5117718691875919,51.00031278332619,-19.86390988147544,54.7321369925977,0,0,0,0,0,2,2,1,1
272,2017,4,15,3,42838.125,59.93807350005802,-2.808484877345993,353,227,1000.6229517303692,1008.6229517303692,8.0,14.661969672516316,4.154941020779806,638.4634664521666,1280625,0.38205065883521455,3.0583154836599906,41.35752418870089,-14.233508386691,43.7382849230852,0,0,0,0,0,2,2,1,2
272,2017,4,15,6,42838.25,61.12389633797247,1.5724304276733532,363,232,1000.7177835911957,1006.7177835911957,6.0,13.943778482996755,1.7797370444396075,535.6087983996728,901250,0.09483186082652537,0.7503025063342079,78.40073315883251,43.9524944917801,89.88045800891548,0,0,0,0,0,2,2,1,2
272,2017,4,15,9,42838.375,60.876027553579135,2.450852637771025,365,231,1001.9724173155732,1006.5396644785008,4.567247162927524,13.260490134345298,2.456268903798482,479.14612114683666,721250,1.2546337243774905,9.950399748491105,15.846229791026479,-9.187250432697565,18.316892998080124,0,0,0,0,0,3,1,2,0
272,2017,4,15,12,42838.5,61.3389483224199,2.489552921999156,365,233,1003.5282763901102,1003.5282763901102,0.0,12.118450485800823,4.634271791620704,14.104739588693906,625,1.555859074537002,12.284497833400241,0.6879891686563367,17.15814697783058,17.171934568039358,0,0,0,2,0,3,3,1,1
272,2017,4,15,15,42838.625,61.09666339285807,2.9184347207815593,366,232,1004.8203010011581,1004.8203010011581,0.0,10.75004102041427,5.630695696486655,14.104739588693906,625,1.2920246110478184,10.22508233751947,7.68329189090179,-8.980284989903364,11.818565597426824,0,0,0,0,0,3,3,1,1
272,2017,4,15,18,42838.75,60.865215718585674,2.8957619734665787,366,231,1005.7164481667384,1007.7164481667384,2.0,9.898121015510245,5.103981616509918,238.53279052439012,178750,0.8961471655803325,7.1080189337723345,-0.4091448554824485,-8.578602387590957,8.588353651145779,0,0,0,0,0,4,4,1,1
272,2017,4,15,21,42838.875,60.8382020285565,3.784479909487907,368,231,1007.2232498877955,1009.2232498877955,2.0,8.70588813851623,6.52879054295241,241.0218957450584,182500,1.506801721057127,11.954723678461164,16.050949458803956,-1.0012617603974232,16.082148601536833,0,0,0,0,0,7,7,1,1
272,2017,4,16,0,42839.0,60.82200469532949,4.228182705161643,369,231,1008.0147750268803,1010.0147750268803,2.0,8.102685398092015,6.185575143665628,223.4611004069437,156875,0.7915251390848426,6.280824793074957,8.017729291923004,-0.600353760005271,8.04017460231509,0,0,0,0,0,5,5,1,1
272,2017,4,16,3,42839.125,60.572871793676434,4.635463426902642,370,230,1008.5592421604365,1010.5592421604365,2.0,7.731130140390846,6.954151212833822,221.22419623711556,153750,0.5444671335561725,4.33095295056531,7.416823775898098,-9.234104908019171,11.843900049182746,0,0,0,0,0,4,4,1,1
272,2017,4,16,6,42839.25,60.572871793676434,4.635463426902642,370,230,,,,7.731130140390846,,0.0,0,0.0,,0.0,0.0,0.0,0,3,0,0,0,4,4,0,0
275,2017,4,12,9,42835.375,43.1870567884089,-169.35433665503967,322,559,1010.983007328709,1010.983007328709,0.0,7.547449955801619,7.017560049160165,14.104739588693906,625,,,,,,3,0,0,0,0,19,19,1,1
275,2017,4,12,12,42835.5,42.03338157647876,-168.47365390165996,318,563,1010.5926065203274,1010.5926065203274,0.0,9.32208366581894,12.051727306939792,14.104739588693906,625,-0.3904008083816734,-4.03961131795036,24.24525688845977,-42.760943520739545,49.15618752884812,0,0,0,0,0,19,19,1,1
275,2017,4,12,15,42835.625,44.566181779947534,-167.26650914572758,316,552,1010.1750351830403,1010.1750351830403,0.0,8.648204776882036,7.547845118585175,14.104739588693906,625,-0.4175713372870814,-4.1226798071420525,31.876279714503795,93.87817761001136,99.14236954911924,0,0,0,0,0,22,22,1,1
275,2017,4,12,18,42835.75,45.40379139191108,-166.4295656148385,314,548,1010.112362094543,1010.112362094543,0.0,9.420843231470451,8.562721577932752,14.104739588693906,625,-0.06267308849739493,-0.6097860675825717,21.780134694974286,31.04597978635458,37.92396509103393,0,0,0,0,0,20,20,1,1
275,2017,4,12,21,42835.875,47.05120086996066,-165.9266238220986,314,541,1009.7841917234877,1009.7841917234877,0.0,9.38846943633729,7.92331452811959,14.104739588693906,625,-0.328170371055312,-3.1062109169031724,12.701279464345161,61.06119202175786,62.36819438743903,0,0,0,0,0,21,21,1,1
275,2017,4,13,0,42836.0,48.158990238196346,-165.24045953440827,313,536,1009.5153702191792,1009.5153702191792,0.0,9.479817094269286,7.576067859304531,14.104739588693906,625,-0.26882150430843466,-2.499937151682682,16.965205099000922,41.06018584619649,44.426985558052,0,0,0,0,0,19,19,1,1
275,2017,4,13,3,42836.125,49.02468296054075,-164.60445074600491,312,532,1009.6079131482029,1009.6079131482029,0.0,9.47640703608987,7.456349891582213,14.104739588693906,625,0.0925429290237662,0.8492223773987146,15.45799492451064,32.08687958593811,35.616252591319714,0,0,0,0,0,20,20,1,1
275,2017,4,13,6,42836.25,49.65225118849914,-164.03228396794557,311,529,1010.4315944877129,1012.4315944877129,2.0,9.276671873499913,6.855152869243176,144.5305721320277,65625,0.8236813395099307,7.487749926955939,13.730136934757008,23.260801024096256,27.01076682602284,0,0,0,0,0,16,16,1,1
275,2017,4,13,9,42836.375,49.747416082006644,-163.31635494327222,309,528,1011.355574968391,1013.355574968391,2.0,8.937511877898629,6.8148942799062935,141.75087853467357,63125,0.9239804806781468,8.387705212683137,17.1463243875555,3.5272844509013,17.505375620101688,0,0,0,0,0,19,19,1,1
275,2017,4,13,12,42836.5,49.9068910114653,-162.90929028386824,308,527,1012.1378089823643,1014.1378089823643,2.0,8.124126630494299,6.7620039328224815,140.3403869441083,61875,0.7822340139732114,7.084293157404261,9.717035249668914,5.910934360933829,11.373650208379736,0,0,0,0,0,20,20,1,1
275,2017,4,13,15,42836.625,49.9068910114653,-162.90929028386824,308,527,,,,8.124126630494299,,0.0,0,0.0,,0.0,0.0,0.0,0,3,0,0,0,20,20,0,0
286,2017,4,13,6,42836.25,61.397520795669884,54.98940742623668,463,287,990.0330351250701,998.0330351250701,8.0,18.26416226896658,1.8554507036360883,561.3615477764332,990000,,,,,,3,0,0,0,0,8,8,1,1
286,2017,4,13,9,42836.375,62.17104581140664,57.278765370963015,463,293,990.0713617329134,998.0713617329134,8.0,18.588604407396144,7.830946874941145,514.5814187950639,831875,0.0383266078431916,0.3002611825841651,39.61110246138307,28.67068579419286,48.898340075257366,0,0,0,0,0,9,9,1,1
286,2017,4,13,12,42836.5,62.295280383940664,57.672315936323564,463,294,992.6661888298253,998.6661888298253,6.0,16.42846305795275,9.301659935912467,474.3472365221147,706875,2.594827096911904,20.305394700989165,6.781677385758282,4.604751393213242,8.197248535807889,0,0,0,1,0,9,9,1,2
286,2017,4,13,15,42836.625,61.70683605126831,62.10272896905237,470,301,992.3421448917139,1000.3421448917139,8.0,17.649440380147652,11.126304520031553,516.5108647044992,838125,-0.324043938111281,-2.549637475104033,77.81923133919096,-21.810674801969892,80.81793304421863,0,0,0,0,0,10,10,1,2
286,2017,4,13,18,42836.75,62.02487399696959,63.33133993131167,470,304,992.6904834282136,996.6904834282136,4.0,17.948943685147448,11.366385753077047,178.4124116152771,100000,0.34833853649965024,2.732668922601151,21.361223502172066,11.788068680813556,24.397959601846335,0,0,0,2,0,9,9,1,1
286,2017,4,13,21,42836.875,62.12036858493825,64.78650412852136,471,307,993.3359887854407,999.3359887854407,6.0,17.771844692981,10.505276364604942,261.98391020896656,215625,0.6455053572270845,5.059430693634867,25.22061057481713,3.5395045680425796,25.46776963838357,0,0,0,0,0,12,12,1,1
286,2017,4,14,0,42837.0,62.197356150306234,66.25050550713324,472,310,995.2006737492361,1003.2006737492361,8.0,16.340440843416413,10.621794983003129,393.1656628928871,485625,1.8646849637954437,14.604915859756353,25.30929617748753,2.8535422278787714,25.46965206370264,0,0,0,0,0,11,11,1,1
286,2017,4,14,3,42837.125,62.21240086138162,68.7615694725643,474,315,996.0697392856231,1004.0697392856231,8.0,16.266322517673053,6.486314743521944,402.9119531035698,510000,0.8690655363869155,6.805906931026652,43.38724388430358,0.5576318481386249,43.39082720062037,0,0,0,0,0,9,9,1,1
286,2017,4,14,6,42837.25,62.46551783205477,71.56505117707799,475,321,997.2046840578331,1005.2046840578331,8.0,15.44463978739217,5.212134077961455,425.01865889546684,567500,1.1349447722100012,8.867528321759451,48.032445181401506,9.381774328831,48.94010093636356,0,0,0,0,0,10,10,1,1
286,2017,4,14,9,42837.375,62.74375235676841,73.36904629327859,475,325,999.1744254396885,1005.1744254396885,6.0,13.495270592052846,5.679767658517012,374.5067337174764,440625,1.9697413818554197,15.351262083048034,30.621237423244615,10.31275585517301,32.31119178642474,0,0,0,0,0,7,7,1,1
286,2017,4,14,12,42837.5,62.60431106321919,75.90640341858379,477,330,1001.5532290151718,1007.5532290151718,6.0,11.578089875138879,4.606434394050957,447.14471623758845,628125,2.3788035754833254,18.562633831314976,43.27137574390907,-5.168388135809498,43.57894210158088,0,0,0,0,0,8,8,1,1
286,2017,4,14,15,42837.625,62.58906940633962,77.855721950433,478,334,1002.7325816814395,1008.7325816814395,6.0,11.093928883278739,4.690840650130558,465.02879365272946,679375,1.1793526662676594,9.204169372856189,33.26107144452494,-0.5649316395552739,33.26586871547416,0,0,0,0,0,10,10,1,1
286,2017,4,14,18,42837.75,61.77537395462131,81.93485881927076,483,342,1003.9735115452359,1009.9735115452359,6.0,11.224264564001404,2.9444221332694,527.751030705594,875000,1.2409298637963366,9.75758903433551,71.4919583746857,-30.1596020216095,77.59318079799064,0,0,0,0,0,10,10,1,1
286,2017,4,14,21,42837.875,61.66061223692598,83.8113840367584,484,346,1004.4854080336677,1008.4854080336677,4.0,10.904359660855603,2.6990387695385287,427.81793388739516,575000,0.511896488431812,4.029447170204818,33.01537685721507,-4.253640260245397,33.28826466620801,0,0,0,0,0,10,10,1,1
286,2017,4,15,0,42838.0,61.12389633797247,91.57243042767335,487,363,1006.0653148922617,1010.0653148922617,4.0,10.058599000558655,3.5938797369123496,478.7307364817192,720000,1.5799068585940403,12.50010350367546,138.83595448779525,-19.893361671034537,140.25394146729616,0,0,0,0,0,8,8,1,1
286,2017,4,15,3,42838.125,60.359317715310524,94.16361262005326,490,369,1006.6823428041229,1008.6823428041229,2.0,9.204016161782953,6.509110425207182,305.45799283636967,293125,0.6170279118612234,4.91851156040945,47.49544069703944,-28.339087953631072,55.307511181119224,0,0,0,0,0,9,9,1,1
286,2017,4,15,6,42838.25,60.09079414478216,94.99794209392792,491,371,1007.2204839301999,1009.2204839301999,2.0,8.303205115998828,5.125682837516579,292.482105284911,268750,0.5381411260769527,4.301199234879737,15.419639817240125,-9.952819575745508,18.352762996365428,0,0,0,0,0,10,10,1,1
286,2017,4,15,9,42838.375,60.09079414478216,94.99794209392792,491,371,,,,8.303205115998828,,0.0,0,0.0,,0.0,0.0,0.0,0,3,0,0,0,10,10,0,0
297,2017,4,13,18,42836.75,81.32085522907323,66.41296947487176,395,344,1011.0497355172795,1011.0497355172795,0.0,7.983521801915251,3.9709466091531067,14.104739588693906,625,,,,,,3,0,0,0,0,14,14,1,1
297,2017,4,13,21,42836.875,80.42744291481168,64.33480853782642,398,341,1010.5325483135312,1012.5325483135312,2.0,8.189318127857618,3.4432603392101737,235.59559928678317,174375,-0.5171872037483263,-3.633775468171953,-12.808632546545448,-33.11430558255334,35.50518697214741,0,0,0,0,0,17,17,1,1
297,2017,4,14,0,42837.0,80.12703410618589,63.72578784527257,399,340,1008.5012503433351,1014.5012503433351,6.0,10.544643456215018,4.59069036127672,457.6982563269247,658125,-2.0312979701960283,-14.284798184200376,-3.870503144040779,-11.134645146174245,11.788177005765194,0,0,0,0,0,13,13,1,1
297,2017,4,14,3,42837.125,79.92501904188202,64.29004621918874,400,340,1007.1695194775851,1013.1695194775851,6.0,12.107974343064672,5.388799814478843,390.37271678549695,478750,-1.3317308657499962,-9.371006163109392,3.6586531276836287,-7.4876834187883174,8.333735398289695,0,0,0,0,0,12,12,1,1
297,2017,4,14,6,42837.25,80.02552071574522,62.57125877832243,399,339,1006.3967170143077,1014.3967170143077,8.0,13.515878955433864,6.6496715865949225,465.67006556435143,681250,-0.7728024632774759,-5.436302220845613,-11.034224578290537,3.7250920842915614,11.646047530411451,0,0,0,0,0,12,12,1,1
297,2017,4,14,9,42837.375,79.92001997158607,61.44037952168018,399,338,1006.3331356839846,1014.3331356839846,8.0,14.305445003623948,6.2240981402561735,448.0336728133869,630625,-0.06358133032306795,-0.4474104285370478,-7.336138819459519,-3.9103825025747514,8.31324389722951,0,0,0,0,0,9,9,1,1
297,2017,4,14,12,42837.5,79.8106540029136,60.333284793053544,399,337,1005.3587539010048,1013.3587539010048,8.0,15.846728333044107,5.812945817861764,413.3916062826175,536875,-0.9743817829797626,-6.858889864758364,-7.258953808408242,-4.053646954648819,8.31411234140712,0,0,0,0,0,9,9,1,1
297,2017,4,14,15,42837.625,79.77117120362063,57.52880770915151,398,335,1005.182895791179,1013.182895791179,8.0,16.435002969355544,7.842278866445486,416.26907678964227,544375,-0.1758581098257855,-1.2380579447374793,-18.45727101625436,-1.4634289903678253,18.51519586116529,0,0,0,1,0,11,11,1,2
297,2017,4,14,18,42837.75,77.91307200821083,64.1481374579396,408,336,1004.007691482937,1012.007691482937,8.0,15.472596082322639,14.706880690572286,368.6170542239,426875,-1.175204308241955,-8.326647434322156,51.34688009686709,-68.87040124396857,85.90479767269855,0,0,1,0,0,9,9,1,1
297,2017,4,14,21,42837.875,79.01551515397398,65.26569747094752,404,339,1003.5310448198729,1011.5310448198729,8.0,16.83988510939712,19.6556429564031,364.00067324663405,416250,-0.4766466630641662,-3.363936243180865,7.892622488150703,40.86202824097679,41.617290177363145,0,0,0,0,0,9,9,1,1
297,2017,4,15,0,42838.0,79.92001997158607,61.44037952168018,399,338,1003.9662558233946,1011.9662558233946,8.0,17.263420882067926,18.11796212798632,415.55157712936966,542500,0.4352110035216901,3.062501847638006,-24.811183502182292,33.52544894800843,41.70791955905356,0,0,0,0,0,7,7,1,1
297,2017,4,15,3,42838.125,80.14746093693893,56.12918928961118,396,335,1004.9437444160228,1010.9437444160228,6.0,16.404351948325406,14.379453158504257,378.20696067608395,449375,0.977488592628215,6.873615796658069,-33.67345609965936,8.430093819459763,34.71265082791258,0,0,0,0,0,6,6,1,1
297,2017,4,15,6,42838.25,80.11174137915786,51.441600099335034,394,332,1005.7720564010323,1009.7720564010323,4.0,15.364956075272676,11.396164248496861,304.80600064613867,291875,0.8283119850094954,5.825250557553168,-29.828735819528344,-1.3239445357472457,29.858102915706954,0,0,0,0,0,7,7,1,1
297,2017,4,15,9,42838.375,79.84532594056061,47.683775159468986,393,329,1006.6444859851889,1008.6444859851889,2.0,14.863269205830827,10.043106921221625,122.15062797572998,46875,0.8724295841566345,6.1405589275538315,-24.552299836846927,-9.87468171726638,26.463649905025356,0,0,0,0,0,8,8,1,1
297,2017,4,15,12,42838.5,79.37957692179945,45.0,393,326,1005.4371176604403,1009.4371176604403,4.0,15.491971219463622,11.834735582369321,157.69578262626,78125,-1.207368324748677,-8.510683543097947,-18.3316200572887,-17.262975991974024,25.180520924402277,0,0,0,0,0,8,8,1,1
297,2017,4,15,15,42838.625,78.89223788578076,42.54596832547293,393,323,1005.929453692182,1007.929453692182,2.0,14.523690986404857,12.413871293139017,86.9474542287756,23750,0.4923360317417246,3.476123796249041,-17.522335334277294,-18.063209453709586,25.165686387131306,0,0,0,0,0,8,8,1,1
297,2017,4,15,18,42838.75,78.23912087252222,41.13453883014825,394,320,1006.355280349206,1008.355280349206,2.0,13.405798938651447,11.798795386377169,89.20620580763855,25000,0.42582665702400846,3.0134761646097683,-10.662903262902487,-24.20776612653189,26.45209721044593,0,0,0,0,0,9,9,1,1
297,2017,4,15,21,42838.875,77.92143121334239,41.23596513509429,395,319,1006.9132791281124,1008.9132791281124,2.0,12.46205488899133,10.754262468021189,102.68405416537693,33125,0.5579987789064762,3.953452145611716,0.7866572922481679,-11.775159449412117,11.80140710909198,0,0,0,0,0,11,11,1,1
297,2017,4,16,0,42839.0,77.43357714388662,40.65676004831061,396,317,1007.4207888500846,1007.4207888500846,0.0,11.447817868945181,8.071462012425764,14.104739588693906,625,0.5075097219721647,3.6024287169048432,-4.670849799603388,-18.082299155461566,18.675823424900468,0,0,0,0,0,10,10,1,1
297,2017,4,16,3,42839.125,77.11581420803554,40.763605200941164,397,316,1008.1797586545476,1008.1797586545476,0.0,10.371043437950885,5.653631057692474,14.104739588693906,625,0.7589698044629768,5.394105655577398,0.8830523787719263,-11.77787544744004,11.810932713340877,0,0,0,0,0,11,11,1,1
297,2017,4,16,6,42839.25,76.64930517736414,41.59355624500528,399,315,1008.5490284890225,1008.5490284890225,0.0,9.429203792373425,2.4963639980919106,14.104739588693906,625,0.3692698344748351,2.6294371412942468,7.103242983097785,-17.291145814843343,18.693308547902973,0,0,0,0,0,9,9,1,1
297,2017,4,16,9,42839.375,76.47983822555588,40.96228937902288,399,314,1009.1870964376308,1009.1870964376308,0.0,8.983883922333073,2.7690506352717783,14.104739588693906,625,0.6380679486083681,4.546662847214469,-5.470108650467424,-6.28128842499909,8.329266049655642,0,0,0,0,0,10,10,1,1
297,2017,4,16,12,42839.5,76.30873024069139,40.34664841273161,399,313,1009.4669761236843,1009.4669761236843,0.0,8.808986765466342,3.181965421375425,14.104739588693906,625,0.27987968605346397,1.9957728388701157,-5.400940127172581,-6.342113275101555,8.33021938795866,0,0,0,0,0,10,10,1,1
297,2017,4,16,15,42839.625,76.13603916034901,39.746197248737744,399,312,1010.1650319643547,1010.1650319643547,0.0,8.34267270687147,2.9178170424070413,14.104739588693906,625,0.6980558406704221,4.981393713314214,-5.332832089787943,-6.400790670279809,8.331219556740363,0,0,0,0,0,12,12,1,1
297,2017,4,16,18,42839.75,76.13603916034901,39.746197248737744,399,312,1010.4549275999914,1010.4549275999914,0.0,8.32599131703441,3.480151845757646,14.104739588693906,625,0.2898956356366398,2.0687231776338515,0.0,0.0,0.0,0,0,0,0,0,11,11,1,1
297,2017,4,16,21,42839.875,75.8182382321356,39.86362150757227,400,311,1010.8054521554863,1010.8054521554863,0.0,7.987597521162089,3.0798175589093444,14.104739588693906,625,0.3505245554949215,2.504844536902274,1.066314709076387,-11.779283633421691,11.827449005402169,0,0,0,0,0,12,12,1,1
297,2017,4,17,0,42840.0,75.60901174068675,38.03174325862146,399,309,1011.1642539822386,1011.1642539822386,0.0,7.957633812698836,3.211623945864121,14.104739588693906,625,0.3588018267523148,2.566379141745023,-16.87465745015219,-7.75497478958374,18.571313848165296,0,0,0,0,0,7,7,1,1
297,2017,4,17,3,42840.125,75.46883829174581,38.72892255049885,400,309,1011.6825856891935,1011.6825856891935,0.0,7.582248341536112,2.422618696680656,14.104739588693906,625,0.518331706954923,3.7097783106084443,6.483621134494845,-5.195525457500985,8.308479270914084,0,0,0,0,0,6,6,1,1
297,2017,4,17,6,42840.25,75.46883829174581,38.72892255049885,400,309,,,,7.582248341536112,,0.0,0,0.0,,0.0,0.0,0.0,0,3,0,0,0,6,6,0,0
299,2017,4,13,21,42836.875,41.50540316471251,49.058103802731544,518,222,1005.0409621085568,1007.0409621085568,2.0,7.828079983083634,23.203292930424432,536.9072458769722,905625,,,,,,3,0,0,0,0,4,4,1,1
299,2017,4,14,0,42837.0,42.99049317215454,47.18731725013636,509,221,1001.0832895851324,1005.0832895851324,4.0,10.2702661999202,14.113341776787495,311.2644721248978,304375,-3.9576725234242622,-40.2118850491581,-50.719345095043394,55.04482481269457,74.84907952360093,0,0,0,0,0,3,3,1,1
299,2017,4,14,3,42837.125,41.66676816381411,49.26501049377686,518,223,998.1374597443494,1004.1374597443494,6.0,13.750980424470958,19.17799727397025,307.0819170546322,296250,-2.945829840783117,-30.700051321478846,57.52665490808747,-49.0638350666604,75.60804147947916,0,0,0,0,0,3,3,1,1
299,2017,4,14,6,42837.25,41.50540316471251,49.058103802731544,518,222,997.8591197422326,1003.8591197422326,6.0,13.424306029120569,25.95283287235856,369.4257214939158,428750,-0.2783400021167472,-2.909949056610511,-5.74325440612077,-5.980989746034166,8.291996714639453,0,0,0,0,0,5,5,1,1
299,2017,4,14,9,42837.375,43.02662390385744,49.78016296463769,515,228,997.8781638805385,1001.8781638805385,4.0,12.4109247144492,4.877482182529202,355.14826819277476,396250,0.019044138305907836,0.19336697614608944,19.564752221343653,56.384009499800946,59.681957547957616,0,0,0,0,0,3,3,1,1
299,2017,4,14,12,42837.5,45.40253775622469,52.33232717469387,513,241,997.089651375559,999.089651375559,2.0,12.781175423683003,6.234999570118235,269.8395568936143,228750,-0.7885125049794443,-7.672101770143797,66.41503519328494,88.06318884258869,110.29996431935376,0,0,0,0,0,4,4,1,2
299,2017,4,14,15,42837.625,46.37742828977273,52.918902438377216,511,245,996.7130584453071,998.7130584453071,2.0,12.170794730953691,6.315182339121892,266.8741970172897,223750,-0.3765929302519362,-3.6042435285176917,14.999459904511006,36.13429378811641,39.123790524346454,0,0,0,0,0,6,6,1,2
299,2017,4,14,18,42837.75,47.24784464718434,52.85331330197822,508,247,995.9360477064427,997.9360477064427,2.0,11.34350258868996,4.42369729241509,227.4320920733615,162500,-0.7770107388644828,-7.331214077041043,-1.6502722670374697,32.26196100420258,32.304141009970245,0,0,1,0,0,4,4,1,1
299,2017,4,14,21,42837.875,48.068082820179015,53.22408113184409,506,250,994.8708784302551,996.8708784302551,2.0,11.694018415357302,3.52469760371634,243.89374731754785,186875,-1.0651692761875164,-9.91977187963969,9.183376966631007,30.402107825736827,31.758818818699435,0,0,0,0,0,5,5,1,1
299,2017,4,15,0,42838.0,48.972404481990125,54.31359890930502,505,255,,,,11.730173705654472,,0.0,0,-0.714330128513975,,26.508047360277686,33.51866028272371,42.73379414472069,0,2,2,0,0,4,5,0,0
305,2017,4,14,3,42837.125,46.110211571584806,-108.15036947677139,178,419,991.3561694961006,1009.3561694961006,18.0,25.315284855913756,11.463498633199706,493.86734077921125,766250,,,,,,3,0,0,0,0,16,16,1,1
305,2017,4,14,6,42837.25,46.542217296198665,-106.42371616029068,178,413,991.6720572920719,1011.6720572920719,20.0,26.34323172435171,13.404235043769512,599.9075887722611,1130625,0.31588779597135724,3.0150034483059174,44.018470595022315,16.012281619489173,46.84035563685096,0,0,0,0,0,16,16,1,1
305,2017,4,14,9,42837.375,48.135259931691785,-106.0531351111184,184,410,992.9826445050908,1010.9826445050908,18.0,26.023663794421143,16.67201535354143,635.4963950296527,1268750,1.3105872130187344,12.192482294526389,9.166763650431648,59.0460863317705,59.753408830976085,0,0,0,0,0,12,12,1,1
305,2017,4,14,12,42837.5,48.68516862589583,-104.61419070632054,185,405,994.4474433599954,1012.4474433599954,18.0,25.105641675707826,11.337696665348922,735.3427222422987,1698750,1.4647988549046567,13.511536664900195,35.21066751072629,20.38235230440815,40.68453504726247,0,0,0,0,0,12,12,1,2
305,2017,4,14,15,42837.625,49.55998112600241,-103.91827016962209,188,402,995.5184967856101,1001.5184967856101,6.0,24.58028203204194,10.778514520272802,286.98899464971794,258750,1.0710534256146638,9.749859160725356,16.731441143698802,32.42490392569829,36.48719662204567,0,0,0,0,0,13,13,1,2
305,2017,4,14,18,42837.75,50.42572579621508,-103.19312887594245,191,399,995.995260032535,1001.995260032535,6.0,24.028229994632092,11.818233804963384,315.07601583359167,311875,0.47676324692496563,4.285307958152219,17.122895930991643,32.08880503240525,36.37148571987796,0,0,0,0,0,12,12,1,2
305,2017,4,14,21,42837.875,50.681710312146315,-101.57125690829497,191,394,997.0098126551227,999.0098126551227,2.0,21.739344855854963,12.003397439746841,100.72798827589244,31875,1.0145526225876529,9.085679464091447,38.08955270836393,9.488059823705317,39.25350054124403,0,0,0,2,0,12,12,1,1
305,2017,4,15,0,42838.0,51.1796420385358,-99.65635652023973,192,388,999.7281592920486,1001.7281592920486,2.0,18.04697859584196,11.96418574524636,137.4759960580849,59375,2.7183466369259985,24.172620606825067,44.49206072001409,18.45582726329224,48.168049857617255,0,0,0,0,0,9,9,1,1
305,2017,4,15,3,42838.125,51.36228651549387,-97.9863841450902,192,383,1001.2294129420033,1003.2294129420033,2.0,16.912383491794152,7.378805717832437,134.55064019432646,56875,1.5012536499545968,13.315659821548737,38.6475761209757,6.769713072462171,39.23600585062241,0,0,0,0,0,10,10,1,1
305,2017,4,15,6,42838.25,51.7467883225488,-96.3401917459099,193,378,1001.4851327182312,1005.4851327182312,4.0,16.989341153807683,9.427330337659077,204.88317705582224,131875,0.25571977622792474,2.256104263382273,37.7765711596626,14.251550076724428,40.37543817929951,0,0,0,0,0,11,11,1,1
305,2017,4,15,9,42838.375,51.840575192262804,-94.97716534638067,193,374,1002.2268548906659,1006.2268548906659,4.0,15.96954712934856,10.337695093051952,201.4559765517849,127500,0.7417221724346745,6.535466126394681,31.213747540313754,3.4762080326904883,31.406719946485733,0,0,0,0,0,11,11,1,1
305,2017,4,15,12,42838.5,51.92600408912887,-93.26558791639545,193,369,1002.6737214216013,1006.6737214216013,4.0,15.920716146174817,11.807436500471304,201.94913757502948,128125,0.4468665309353673,3.9328292709086248,39.12093071478066,3.166419973449061,39.2488654032053,0,0,0,0,0,11,11,1,1
305,2017,4,15,15,42838.625,51.26244552441849,-91.52076966114376,190,364,1004.1377617619571,1006.1377617619571,2.0,14.25048489205944,10.090655100017612,138.91557454041038,60625,1.4640403403558593,13.003722327713424,40.46759322568781,-24.59478197577976,47.35535241042848,0,0,0,0,0,11,11,1,1
305,2017,4,15,18,42838.75,49.600667225345084,-89.18849931628813,183,357,1004.431466337833,1006.431466337833,2.0,12.929961223988363,7.07527583688774,180.62879984608918,102500,0.29370457587589044,2.6719927341349408,56.02406692320254,-61.59377202166218,83.26156872454405,0,0,0,0,0,11,11,1,1
305,2017,4,15,21,42838.875,49.11730891185271,-88.87669728592458,181,356,1005.123388089372,1007.123388089372,2.0,10.880401118542064,6.776256162118443,321.9466674599954,325625,0.6919217515390482,6.340541913543647,7.564152176807831,-17.91566407060741,19.447041349386797,0,0,0,1,0,14,14,1,2
305,2017,4,16,0,42839.0,48.64388684143533,-89.52386874835815,179,358,1006.7424656693958,1006.7424656693958,0.0,9.179122781693769,5.951263806036368,14.104739588693906,625,1.6190775800237316,14.944096156220438,-15.849314174424608,-17.547377463991733,23.64553267878357,0,0,0,2,0,14,14,1,1
305,2017,4,16,3,42839.125,46.95056917559606,-91.06939702063312,172,363,1007.6905372257306,1007.6905372257306,0.0,8.085217187053749,3.5898355730640463,14.104739588693906,625,0.9480715563349077,8.988432645186327,-39.10375089714739,-62.762777879644396,73.9477492652463,0,0,0,0,0,13,13,1,1
305,2017,4,16,6,42839.25,44.7729076380092,-89.56263613247927,163,358,,,,8.931477720973943,,0.0,0,-0.3523750353285868,,39.64618255239549,-80.71497164288265,89.92622775525068,0,3,3,0,0,10,10,0,0
316,2017,4,14,21,42837.875,52.70370672573879,-107.99166343563687,204,410,997.038749479745,999.038749479745,2.0,21.556723868384754,11.219369693575572,111.06083058226194,38750,-0.42970528479869247,-3.7423483050932176,22.328359214583998,8.36365883143819,23.843372543836832,2,0,0,2,0,15,15,1,1
316,2017,4,15,0,42838.0,53.002001077659884,-107.76485330069748,205,409,997.7398523156368,1001.7398523156368,4.0,20.449488859705227,12.707384752704238,160.81877456451716,81250,0.7011028358917974,6.081942313059532,5.059049044857576,11.056272860117252,12.158747747841456,0,0,0,0,0,12,12,1,1
316,2017,4,15,3,42838.125,53.59592410021805,-107.30052719194501,207,407,998.5375064664777,1004.5375064664777,6.0,20.79634284732752,14.131096077189067,200.96160531198103,126875,0.7976541508408264,6.866247388442725,10.21384630625358,22.013742308623492,24.26782863789527,0,0,0,0,0,12,12,1,1
316,2017,4,15,6,42838.25,53.891532401447485,-107.06285717346141,208,406,999.3752046951132,1005.3752046951132,6.0,20.32615848072171,16.831398370501702,200.46601490203662,126250,0.8376982286355633,7.18371514387473,5.191417675678237,10.95671445690973,12.124372527005226,0,0,0,0,0,14,14,1,1
316,2017,4,15,9,42838.375,53.960158884121576,-106.71659082126656,208,405,1001.3537495602534,1005.3537495602534,4.0,18.740693473283603,15.822624977713351,150.59740831300877,71250,1.9785448651401385,16.95229284918054,7.551054648913434,2.5436389022732087,7.967968698233875,0,0,0,0,0,14,14,1,1
316,2017,4,15,12,42838.5,53.960158884121576,-106.71659082126656,208,405,1003.1674159832728,1007.1674159832728,4.0,17.365494042856557,20.423059208890045,152.56608544230824,73125,1.8136664230194584,15.539604320053622,0.0,0.0,0.0,0,0,0,0,0,15,15,1,1
316,2017,4,15,15,42838.625,53.86619868036454,-105.92058179268082,207,403,1005.6764606144295,1009.6764606144295,4.0,15.333012222102166,16.497644056613424,214.83699284957805,145000,2.509044631156721,21.52335797812133,17.397651216697337,-3.4826326547569084,17.7428013026644,0,0,0,0,0,15,15,1,1
316,2017,4,15,18,42838.75,51.799342031392726,-100.5039488840356,195,390,1007.6865793481452,1009.6865793481452,2.0,10.149751123770374,7.421184675474068,284.2026277484726,253750,2.0101187337156445,17.72159419634312,124.12947558635466,-76.60799115574682,145.86607219728103,0,0,0,0,0,13,13,1,1
316,2017,4,15,21,42838.875,52.033017087056805,-100.56675060096612,196,390,1007.1800288827988,1009.1800288827988,2.0,10.845245891597077,8.05997599729686,233.04854500749258,170625,-0.5065504653463723,-4.451596381338369,-1.432045065106799,8.661160224410331,8.77874988260882,0,0,0,0,0,17,17,1,1
316,2017,4,16,0,42839.0,51.56544550957547,-100.44188102427468,194,390,1008.225904406672,1008.225904406672,0.0,10.487737477297328,7.100606652114439,14.104739588693906,625,1.0458755238732556,9.250434232984583,2.8770373272570384,-17.330529086372703,17.567714199520683,0,0,0,0,0,16,16,1,1
316,2017,4,16,3,42839.125,50.58607409323616,-98.50611519722278,189,385,1009.4868669134963,1009.4868669134963,0.0,10.009064496969303,6.423241221719291,14.104739588693906,625,1.2609625068242893,11.307842142166844,45.55353231119728,-36.300377599209114,58.248104860780295,0,0,0,0,0,16,16,1,1
316,2017,4,16,6,42839.25,50.44919148434659,-97.47425126790803,188,382,1008.7337417934,1008.7337417934,0.0,11.553108052669508,8.13845682530271,14.104739588693906,625,-0.7531251200963743,-6.767051063075088,24.353419705637357,-5.0735505514636445,24.87629326401309,0,0,0,0,0,12,12,1,1
316,2017,4,16,9,42839.375,50.242536419475385,-97.10457547231164,187,381,1008.8058234470221,1008.8058234470221,0.0,12.139938163422455,9.62358304878886,14.104739588693906,625,0.07208165362215369,0.649614054632346,8.76297199328903,-7.6596649263599526,11.638734679477695,0,0,0,0,0,13,13,1,1
316,2017,4,16,12,42839.5,49.22356931992845,-94.67013035930096,182,374,1009.7169710885097,1011.7169710885097,2.0,11.172576742735426,6.601900735038072,171.01087916602197,91875,0.9111476414876233,8.336086004763638,58.92922614730296,-37.767990629113356,69.99339119146013,0,0,0,0,0,12,12,1,1
316,2017,4,16,15,42839.625,48.84795845929425,-92.392582401291,180,367,1009.851824285564,1011.851824285564,2.0,10.938416846135503,9.196871861542459,139.62979814050144,61250,0.1348531970543263,1.240813486605491,55.549500144138136,-13.92200736503986,57.26752356559367,0,0,0,0,0,14,14,1,1
316,2017,4,16,18,42839.75,48.631908061456215,-91.42813080390154,179,364,1011.4127852486558,1011.4127852486558,0.0,8.986896974645017,13.02917714016803,14.104739588693906,625,1.560960963091784,14.410331737569727,23.6250693832135,-8.007902713042803,24.945348448622845,0,0,0,0,0,14,14,1,1
316,2017,4,16,21,42839.875,48.631908061456215,-91.42813080390154,179,364,,,,8.986896974645017,,0.0,0,0.0,,0.0,0.0,0.0,0,3,0,0,0,14,14,0,0
324,2017,4,14,6,42837.25,55.24452320854654,115.81009924057278,497,426,986.8983918652334,988.8983918652334,2.0,12.094257314139474,11.993573692725185,96.69722284868811,29375,,,,,,3,0,0,0,0,18,18,1,1
324,2017,4,14,9,42837.375,54.70435064365734,118.30075576600638,496,433,987.2211294185746,993.2211294185746,6.0,11.962473643025138,13.992655393105597,506.59386665817544,806250,0.32273755334113957,2.739576248817674,53.337056698412596,-20.021482909418978,56.97105752170865,0,0,0,1,0,14,14,1,2
324,2017,4,14,12,42837.5,56.15139538719515,121.82180889298442,486,438,989.2307872963711,993.2307872963711,4.0,10.477010960067117,4.543351275914829,418.41419359420024,550000,2.0096578777965624,16.764735320184815,72.68497051381951,53.6346780363602,90.33152067057672,0,0,1,0,0,16,16,1,1
324,2017,4,14,15,42837.625,55.87337508361327,121.09471808574892,488,437,990.0518338840828,994.0518338840828,4.0,11.662830253123994,6.595993645665947,374.7722472096855,441250,0.8210465877117531,6.871683428019107,-15.119297202925258,-10.304815754161472,18.297059207358924,0,0,0,0,0,18,18,1,1
324,2017,4,14,18,42837.75,52.965514705576,123.44542435212055,495,449,989.7802846464002,995.7802846464002,6.0,12.912830140564632,4.638130016306823,462.2396684630923,671250,-0.2715492376826296,-2.3567726413558456,52.47498956396492,-107.77977380949154,119.8753693306652,0,0,0,0,0,18,18,1,1
324,2017,4,14,21,42837.875,51.96877893376869,124.97793222748454,496,455,989.8435548484152,995.8435548484152,6.0,14.069176840853821,7.054818018061123,437.01937223683166,600000,0.06327020201497362,0.5565096404013672,34.994767260902826,-36.94398701003998,50.887050531965,0,0,0,0,0,19,19,1,1
324,2017,4,15,0,42838.0,53.483568118435386,124.83087166550935,491,451,991.0939570230253,995.0939570230253,4.0,13.670243808810625,6.360159425770108,399.93839251484076,502500,1.2504021746100624,10.779132421158872,-3.2435136559824502,56.145624090328006,56.23923439493967,0,0,0,1,0,15,15,1,2
324,2017,4,15,3,42838.125,49.935569899849185,130.8319670232525,492,474,989.9430432219639,995.9430432219639,6.0,14.276245469517502,8.480577899359123,526.4299997708744,870625,-1.2829095060141116,-11.613762379611858,36.799930418415364,22.543380969628007,43.15598341298688,0,0,0,0,2,15,15,1,1
324,2017,4,15,6,42838.25,48.1062709309989,131.67259575827342,496,481,989.7275118958132,995.6183000913031,5.890788195489876,15.156437770296684,4.398818697243842,481.0109130984897,726875,-0.21553132615066717,-2.0060124294703185,20.805607202541808,-67.80292155075792,70.92326460255966,0,0,0,0,0,15,18,2,0
324,2017,4,15,9,42838.375,48.00888076290154,134.55757034196054,490,488,990.861427621324,998.861427621324,8.0,14.171416314628049,4.645502747466162,594.7452068085437,1111250,1.1339157255107422,10.56981381936454,71.53465460211784,-3.609764199162528,71.62567421405437,0,0,1,0,0,17,17,1,1
324,2017,4,15,12,42838.5,48.99652627156932,137.26347707883582,481,491,993.2826866763585,999.2826866763585,6.0,12.633446646919694,8.453626775130761,495.07435033691536,770000,2.421259055034461,22.228231119482743,65.80013093998058,36.60705662904722,75.29763493470999,0,0,0,0,0,20,20,1,1
324,2017,4,15,15,42838.625,49.497660779699615,137.51938929120627,479,490,993.036636665414,999.036636665414,6.0,13.259847352414251,6.198957402198939,453.3308066604451,645625,-0.2460500109444547,-2.2418865750316628,6.160552969115094,18.57453829020172,19.56951418864154,0,0,0,1,0,22,22,1,3
324,2017,4,15,18,42838.75,48.7851825546044,138.3796837833227,479,494,992.4631827754536,1000.4631827754536,8.0,14.574064334284534,9.046220018635358,539.6791137872286,915000,-0.573453889960365,-5.281533985888169,21.009587622354793,-26.407987991769346,33.7458827390074,0,0,1,0,0,22,22,1,1
324,2017,4,15,21,42838.875,48.7678327071537,141.3153345763141,472,500,992.5713938215099,1000.5713938215099,8.0,14.548981712436719,4.15305283636415,509.9209627740205,816875,0.10821104605623987,0.9968926504414105,71.71340025364836,-0.6430716715248452,71.71628348649064,0,0,0,0,0,25,25,1,1
324,2017,4,16,0,42839.0,48.32540726765991,145.30484646876604,463,509,992.6123859223354,1000.6123859223354,8.0,14.132579986329793,3.066950488391667,511.86797620581103,823125,0.04099210082553327,0.3802236181015829,98.30833325897727,-16.39848809673294,99.66663835013614,0,0,0,1,0,26,26,1,2
324,2017,4,16,3,42839.125,48.73181732368837,146.08939553577204,460,509,991.8291123121296,1001.8291123121296,10.0,14.608183236582459,4.644340512774433,582.4079089990124,1065625,-0.783273610205797,-7.219875398177031,19.180162016465207,15.06357878923153,24.38831730393142,0,0,0,0,0,23,23,1,1
324,2017,4,16,6,42839.25,48.92821113297286,147.06319785160937,457,510,991.7016969075294,1001.7016969075294,10.0,14.418545395214984,4.868213458496903,582.4079089990124,1065625,-0.12741540460017858,-1.1709445103670861,23.71371788146446,7.2793317389451015,24.805827668660864,0,0,0,0,0,19,19,1,1
324,2017,4,16,9,42839.375,48.98446393417108,147.77418427971702,455,511,991.6593629226461,1001.6593629226461,10.0,15.094416399451116,5.3880385569985085,551.3492008750172,955000,-0.0423339848832984,-0.38871589750874364,17.294252316538127,2.0850087009288827,17.419484047210858,0,0,0,0,0,20,20,1,1
324,2017,4,16,12,42839.5,49.40567848168646,149.3133002036048,450,512,991.0930131971861,1001.0930131971861,10.0,16.454031304451767,6.855183210486139,504.62650440403206,800000,-0.5663497254600225,-5.167392336755402,37.11997161639401,15.6123069041979,40.269547050752415,0,0,0,0,0,20,20,1,1
324,2017,4,16,15,42839.625,49.64817680584006,149.87221205375587,448,512,990.2569127673925,1004.2569127673925,14.0,17.215962695244414,8.560109643194737,885.7956138088763,2465000,-0.836100429793587,-7.601105986556312,13.413186065137847,8.988194455229287,16.14624414478558,0,0,0,0,0,21,21,1,1
324,2017,4,16,18,42839.75,49.678063448089176,150.59796158465997,446,513,989.5462999680134,1007.5462999680134,18.0,18.268290995861026,5.514418736199587,1131.9877364921504,4025625,-0.7106127993791597,-6.457419474209156,17.406358851834437,1.107747664180772,17.441571986674052,0,0,0,0,0,20,20,1,1
324,2017,4,16,21,42839.875,50.050454711504834,153.65503396139206,437,516,989.5538631943045,1009.5538631943045,20.0,19.155680199515444,3.193135914127052,1250.3197305170154,4911250,0.007563226291240426,0.06835229928398397,72.752927591547,13.80267307285965,74.05067357625538,0,0,0,0,0,22,22,1,1
324,2017,4,17,0,42840.0,50.42572579621508,156.32323123009846,429,518,987.8538422293118,1009.8538422293118,22.0,21.404441786862606,4.500099000238333,1242.3385450969695,4848750,-1.7000209649927274,-15.280358579015008,63.00150433958665,13.909413578726966,64.51868981275915,0,0,0,0,0,17,17,1,1
324,2017,4,17,3,42840.125,50.74001815785984,156.49478362419234,428,517,986.7471288608892,1006.7471288608892,20.0,22.36533277462249,4.98985826831311,929.6296794901676,2715000,-1.106713368422643,-9.902762978015677,4.023967681275994,11.649238699344705,12.32465326791241,0,0,0,0,0,18,18,1,1
324,2017,4,17,6,42840.25,50.64426451589318,156.18957849956524,429,517,985.9847756055602,1007.9847756055602,22.0,22.944307424651587,5.8930897237919275,1036.4824484140065,3375000,-0.7623532553289261,-6.830802275548467,-7.173577908101699,-3.5491063981446045,8.003522738704234,0,0,0,0,0,14,14,1,1
324,2017,4,17,9,42840.375,50.301686703992374,156.75806926805745,428,519,987.1293122952826,1009.1293122952826,22.0,22.21802647841291,3.5947437558915407,1084.0481128874226,3691875,1.1445366897222993,10.305944350137558,13.45902833165218,-12.697638221454339,18.503390501071802,0,0,0,0,0,19,19,1,1
324,2017,4,17,12,42840.5,49.82504405748333,157.74411210662626,426,522,988.2224998791756,1008.2224998791756,20.0,21.6446570222662,2.725287632543041,964.3970648510206,2921875,1.0931875838930136,9.912371377344272,23.57759026508843,-17.66674803808015,29.462123972134147,0,0,0,0,0,21,21,1,1
324,2017,4,17,15,42840.625,49.448943014141754,160.03070967737725,420,526,989.2982415626171,1009.2982415626171,20.0,20.727847590843297,2.2173591047876835,1016.0308802540433,3243125,1.0757416834415927,9.808756030525064,55.09776057961848,-13.940175975103074,56.83389593460756,0,0,0,0,0,20,20,1,1
324,2017,4,17,18,42840.75,49.61559387304427,161.66773167559901,415,527,990.4090427344076,1010.4090427344076,20.0,20.06104436128863,2.6983186288153957,1050.400705913969,3466250,1.1108011717905173,10.10333202721448,39.31208671262055,6.176910010305894,39.79440135215021,0,0,0,0,0,20,20,1,2
324,2017,4,17,21,42840.875,49.976569045863755,163.2223329029719,410,527,992.7919032007554,1011.8183456513812,19.02644245062562,18.51565445624547,3.1605352155757287,1081.8436406255876,3676875,2.3828604663477746,21.55829215510159,37.055611139238124,13.379535954056614,39.397084908002036,0,0,0,0,0,24,21,2,0
324,2017,4,18,0,42841.0,50.407789203828806,164.07733149951665,407,526,994.5738070729319,1013.3056941439776,18.73188707104564,17.380806010638157,2.5761636587476096,1148.9087471459197,4146875,1.781903872176481,16.02049558570228,20.196855248350378,15.983164610859511,25.756057790365553,0,0,0,0,0,18,15,2,0
324,2017,4,18,3,42841.125,53.52492807889524,162.35762997944238,408,512,994.9477334767839,1014.9477334767839,20.0,17.675642144185883,5.898716523041221,1233.6608704649138,4781250,0.3739264038519468,3.2217235793623513,-37.891201767942206,115.53667618463832,121.59139243882717,0,0,1,0,0,20,20,1,2
324,2017,4,18,6,42841.25,53.52492807889524,162.35762997944238,408,512,997.9336998914616,999.9336998914616,2.0,16.0153805536214,5.595956418236383,255.83680412822147,205625,2.985966414677678,25.72687648225045,0.0,0.0,0.0,0,0,0,2,0,26,26,1,1
324,2017,4,18,9,42841.375,53.29941019270474,162.46550009407932,408,513,1001.0087182316356,1001.0087182316356,0.0,14.466350378905046,4.289734073746003,14.104739588693906,625,3.075018340173992,26.57166704993361,2.389459524326557,-8.358814937329642,8.693635831740368,0,0,0,0,0,25,25,1,1
324,2017,4,18,12,42841.5,52.62112471918955,162.78157407902043,408,516,1004.5655723638727,1004.5655723638727,0.0,11.665346365088217,3.1194006524008002,14.104739588693906,625,3.556854132237058,31.011092691139297,7.1121371493884675,-25.140634490530374,26.127265402604937,0,0,0,0,0,27,27,1,1
324,2017,4,18,15,42841.625,52.39445497916685,162.88449035315088,408,517,1006.3568964895888,1006.3568964895888,0.0,9.73353418961318,2.473218295853221,14.104739588693906,625,1.7913241257162007,15.665461222166298,2.327745426539552,-8.401508371454867,8.718012484873029,0,0,0,0,0,25,25,1,1
324,2017,4,18,18,42841.75,52.39445497916685,162.88449035315088,408,517,,,,8.236717965547946,,0.0,0,1.3994706993448198,,0.0,0.0,0.0,0,2,2,0,0,23,22,0,0
330,2017,4,13,12,42836.5,46.29076015180194,-158.89762585566902,291,537,1014.0305999923474,1014.0305999923474,0.0,8.737552013846528,4.983153389532163,14.104739588693906,625,,,,,,3,0,0,0,0,21,21,1,1
330,2017,4,13,15,42836.625,45.84047746759512,-157.50631173980764,286,537,1013.1567535067301,1017.1567535067301,4.0,9.87118600343014,5.187791040692755,396.94255713009204,495000,-0.873846485617396,-8.439031414194844,35.92554215183289,-16.689716679897654,39.613018336884856,0,0,0,0,0,21,21,1,1
330,2017,4,13,18,42836.75,45.46023344652296,-156.41296947487177,282,537,1012.282206101214,1018.282206101214,6.0,10.937498609378666,5.579577030679648,483.8974168395105,735625,-0.8745474055160594,-8.500771373461575,28.423975959916454,-14.09373534338364,31.726263336536334,0,0,0,0,0,23,23,1,1
330,2017,4,13,21,42836.875,45.263554266865164,-155.87299736250782,280,537,1011.7267839180713,1019.7267839180713,8.0,11.52943178516691,6.020322950561021,611.4042628139659,1174375,-0.5554221831426548,-5.417142900575252,14.086798924224924,-7.289908984853541,15.86129493260222,0,0,0,0,0,26,26,1,1
330,2017,4,14,0,42837.0,44.75307000393885,-154.54292019556794,275,537,1010.4600642513699,1018.4600642513699,8.0,11.985676923335467,5.953984291809902,565.7741415914787,1005625,-1.2667196667013922,-12.465104295106967,35.00937661887832,-18.921086723097744,39.79527577521545,0,0,0,0,0,23,23,1,1
330,2017,4,14,3,42837.125,43.437583778590906,-152.10272896905238,265,538,1009.0139758967858,1017.0139758967858,8.0,12.42817331243323,7.4732167710254735,512.2564908546913,824375,-1.4460883545840624,-14.571435510044765,65.67237764009104,-48.758464776497334,81.79394276022927,0,0,0,0,0,25,25,1,1
330,2017,4,14,6,42837.25,43.421820165182375,-151.4687562536555,263,537,1008.6480421935967,1018.6480421935967,10.0,12.962683283438302,7.536271254571475,638.4634664521666,1280625,-0.36593370318922097,-3.6883841101790726,17.066993671355785,-0.5842779455383057,17.076991939324117,0,0,0,0,0,27,27,1,1
330,2017,4,14,9,42837.375,43.51889133034694,-151.08339124949467,262,536,1008.2075304455019,1018.2075304455019,10.0,12.967021126203447,7.782565991033843,619.4855579675225,1205625,-0.4405117480947229,-4.432156278298271,10.35766544149381,3.597940363258819,10.964780356007235,0,0,0,0,0,24,24,1,1
330,2017,4,14,12,42837.5,43.185848976961616,-150.9728101474017,261,537,1006.9551015924693,1016.9551015924693,10.0,13.38443312204539,6.145052064324045,630.3098656162251,1248125,-1.2524288530326158,-12.678988146049358,2.988506054402901,-12.344206684737589,12.700811277738245,0,0,0,0,0,25,25,1,1
330,2017,4,14,15,42837.625,42.52267920055201,-147.50744463053184,249,533,1006.8952584226863,1016.8952584226863,10.0,12.573880959964688,5.45093198169554,681.858766539816,1460625,-0.05984316978298011,-0.6134290439739408,94.65767248189714,-24.580371546918006,97.79708392930048,0,0,0,0,0,25,25,1,1
330,2017,4,14,18,42837.75,42.46295311606754,-146.88865803962798,247,532,1006.6521868738231,1016.6521868738231,10.0,12.858237711688252,5.663624454303354,658.5569223122742,1362500,-0.2430715488632268,-2.4944686540934056,16.919661990326667,-2.213745861006034,17.063869215509897,0,0,0,0,0,24,24,1,1
330,2017,4,14,21,42837.875,42.80294948400986,-146.97026137346737,248,531,1005.6963952474334,1015.6963952474334,10.0,13.364660142376232,7.176769666540568,630.4676600524476,1248750,-0.9557916263896914,-9.745581405422078,-2.2191522320356802,12.601957064254343,12.795857082597433,0,0,0,0,0,25,25,1,1
330,2017,4,15,0,42838.0,42.596817781732106,-147.12230974596932,248,532,1003.4281207124106,1013.4281207124106,10.0,14.468724143665494,6.895924722087439,606.1756963648521,1154375,-2.268274535022792,-23.21845792783526,-4.148610990914269,-7.640266504630884,8.693943030393017,0,0,0,0,0,20,20,1,1
330,2017,4,15,3,42838.125,42.25673223662628,-147.0400202610748,247,533,1002.9728841282986,1012.9728841282986,10.0,14.241841410068938,3.918044419502112,640.9513997612884,1290625,-0.4552365841119899,-4.6902429205453755,2.257466966379323,-12.605262413639187,12.805811087978718,0,0,0,0,0,19,19,1,1
330,2017,4,15,6,42838.25,42.50833981278288,-144.49469270148154,240,527,1003.5177988344841,1015.5177988344841,12.0,14.11559659640427,4.352841911009673,838.2535855877493,2207500,0.5449147061855183,5.587233540979854,69.5447005175488,9.325828657982758,70.16720352296794,0,0,0,0,0,21,21,1,1
330,2017,4,15,9,42838.375,42.52865490264265,-145.49865064188134,243,529,1003.4424457893318,1015.4424457893318,12.0,13.461165643790297,5.218272846478067,861.7753496141304,2333125,-0.07535304515229654,-0.7723269090644892,-27.422589027849433,0.7529783089118167,27.432924840855375,0,0,0,1,0,22,22,1,2
330,2017,4,15,12,42838.5,39.85538916247111,-145.53918372862825,237,538,1003.4658137746228,1015.1654695715473,11.699655796924489,11.881378237047892,2.416504402538558,1020.2319970580198,3270000,0.023367985290969954,0.2526295016880136,-1.1533065758723318,-99.0845292932623,99.09124109287009,0,0,0,0,0,25,24,2,0
330,2017,4,15,15,42838.625,41.04001464460372,-140.55826174630613,225,523,999.7888050225679,1013.7888050225679,14.0,16.191024633408784,12.574931515812132,926.843463233412,2698750,-1.376664548979461,-14.526372056084265,-13.497547648104632,37.60252775318757,39.951644345910175,0,0,0,0,2,27,27,1,1
330,2017,4,15,18,42838.75,41.50775600588003,-141.19092879493266,228,523,999.5853345507338,1013.5853345507338,14.0,16.23078740595992,12.106767608725931,870.0463769712665,2378125,-0.20347047183400718,-2.1271151399558152,-17.560710658402833,17.336822118581903,24.676789904675477,0,0,0,0,0,25,25,1,1
330,2017,4,15,21,42838.875,41.66205113784097,-141.40435272638416,229,523,1000.3442026336764,1006.3442026336764,6.0,15.211376193130434,7.7467641808529155,437.24692724951115,600625,0.7588680829426449,7.909297506551297,-5.9098033776405865,5.718945293336245,8.223874465879502,0,0,0,0,0,29,29,1,2
330,2017,4,16,0,42839.0,41.50775600588003,-141.19092879493266,228,523,999.7236924379945,1009.3178486074378,9.594156169443304,14.496182546714566,5.390011907320149,683.3160427619478,1466875,-0.6205101956819999,-6.4869197964455,5.923942659806936,-5.718945293336245,8.234041043427782,0,0,0,0,0,29,27,2,0
330,2017,4,16,3,42839.125,41.544235821684104,-140.80672690553158,227,522,999.4479217486133,1008.335768935031,8.88784718641764,13.641042622547953,4.6310099718844135,688.1031577448172,1487500,-0.2757706893811701,-2.880881911245305,10.658157114927118,1.352123480780189,10.743581851214644,0,0,0,0,0,27,24,2,0
330,2017,4,16,6,42839.25,41.89122095164688,-140.84608966078358,228,521,1000.2024104689494,1005.6701291339306,5.467718664981221,12.84522974477247,6.984004533857441,516.318244572981,837500,0.7544887203360849,7.828525307669828,-1.0860846043819845,12.86099535765439,12.906772693337532,0,0,0,0,0,22,20,2,0
330,2017,4,16,9,42839.375,41.57955818052964,-142.17298266629632,231,525,1000.2001161405774,1005.3376568366684,5.137540696091019,11.54572530917785,3.716054119022956,550.0848439590624,950625,-0.00229432837193599,-0.023951403204127295,-36.78893522019817,-11.551772990740423,38.55994312580787,0,0,0,0,0,23,19,2,0
330,2017,4,16,12,42839.5,42.32579561850219,-143.26883278404358,236,525,998.9751728807863,1000.9751728807863,2.0,11.667823738483717,3.261970403645973,222.56903656473068,155625,-1.22494325979118,-12.60371769708026,-30.029564894706667,27.6592723915939,40.82658590915713,0,0,0,2,0,23,23,1,1
330,2017,4,16,15,42839.625,42.99290123612899,-144.78916281287644,242,526,997.6099776665582,1001.6099776665582,4.0,13.365288336667136,2.153564439455149,343.7623383178156,371250,-1.3651952142281516,-13.870424552276937,-41.21670793673961,24.726253405394985,48.064588010408464,0,0,0,0,0,24,24,1,1
330,2017,4,16,18,42839.75,44.028619693715825,-146.031219970134,248,525,996.3150407204342,1000.3150407204342,4.0,15.400145662122373,4.154418092651031,312.5401515368078,306875,-1.2949369461239257,-12.908430429956216,-33.09982418074767,38.38887930526124,50.68830649282261,0,0,0,0,0,23,23,1,1
330,2017,4,16,21,42839.875,44.56741749992558,-146.9943891975461,252,525,994.963897638948,1002.963897638948,8.0,17.10297764167901,5.413529634861552,519.2000432029043,846875,-1.351143081486225,-13.339537067236378,-25.43332183989091,19.970527512580947,32.33691124616303,0,0,0,0,0,23,23,1,1
330,2017,4,17,0,42840.0,44.88461988787339,-148.13402230639633,256,526,993.1976678824592,1005.1976678824592,12.0,18.66888919949442,5.735278003576314,667.4090926698872,1399375,-1.766229756488756,-17.340401279674182,-29.928366955357102,11.75709875311169,32.15488329484235,0,0,0,0,0,18,18,1,1
330,2017,4,17,3,42840.125,44.80515813897634,-148.53585636913425,257,527,991.316937362664,1007.316937362664,16.0,19.84253084675725,6.061350776775871,906.5518944830321,2581875,-1.8807305197951791,-18.4903059872682,-10.567369448837974,-2.945247779885324,10.970131337096818,0,0,0,0,0,19,19,1,1
330,2017,4,17,6,42840.25,44.51430489418137,-149.08597937515037,258,529,990.8382510641699,1008.8382510641699,18.0,20.8335302257134,5.831009266790861,1036.3864733734365,3374375,-0.4786862984941399,-4.730417844950718,-14.539791524133069,-10.780468406435897,18.100387747985245,0,0,0,0,0,15,15,1,1
330,2017,4,17,9,42840.375,43.92584110956598,-148.49573328079583,255,530,989.8155397437564,1007.8155397437564,18.0,21.498759619386483,4.942189420758805,980.0510606899971,3017500,-1.0227113204135094,-10.213750621958638,15.756949066681956,-21.81139578776283,26.90759056661238,0,0,0,0,0,20,20,1,1
330,2017,4,17,12,42840.5,43.53832403566718,-147.76862882558876,252,530,988.2999423571862,1008.2999423571862,20.0,22.198218959320293,6.367076293847858,1063.6694513355692,3554375,-1.5155973865701526,-15.24355822322675,19.536443122758385,-14.363310868563701,24.24824342082893,0,0,0,0,0,22,22,1,1
330,2017,4,17,15,42840.625,43.347906393643264,-146.89897045483576,249,529,987.9758305007309,1015.9758305007309,28.0,22.072108272990324,7.326899680376517,1632.2541920173855,8370000,-0.3241118564552744,-3.27130787202974,23.44033166157735,-7.05782524555942,24.47982936218309,0,0,0,0,0,21,21,1,1
330,2017,4,17,18,42840.75,43.282548494270614,-146.27071565638462,247,528,987.7500102723782,1007.7500102723782,20.0,22.72103898346485,7.994163212606363,1010.7303255424284,3209375,-0.2258202283528226,-2.281995444389096,16.951921041974877,-2.422488942128317,17.124137341427875,0,0,0,0,0,21,21,1,1
330,2017,4,17,21,42840.875,43.41333374146632,-145.48417539652903,245,526,988.2224786716142,1006.2224786716142,18.0,21.958445478140703,8.437430470789478,915.613817467036,2633750,0.4724683992360951,4.762933073212611,21.177160150883957,4.847551989372493,21.724890617580947,0,0,0,0,0,23,23,1,1
330,2017,4,18,0,42841.0,43.61490043035108,-145.32285268423644,245,525,987.1890817616961,1011.1890817616961,24.0,22.485835484939532,7.764359075178,1266.2097409086618,5036875,-1.033396909918083,-10.379098777620216,4.329056242315773,7.471064394842386,8.634670297180708,0,0,0,0,0,17,17,1,1
330,2017,4,18,3,42841.125,43.67574383719209,-144.9262455066517,244,524,986.9609414019429,1012.9609414019429,26.0,22.146369004124537,7.289542189281637,1393.302701627824,6098750,-0.22814035975316074,-2.2888170657646607,10.632075710443818,2.2551593868301816,10.868614344644753,0,0,0,0,0,22,22,1,2
330,2017,4,18,6,42841.25,43.67574383719209,-144.9262455066517,244,524,987.683241736401,1013.683241736401,26.0,22.083156636188896,7.231384374429763,1399.8554342570383,6156250,0.7223003344579775,7.246474643520575,0.0,0.0,0.0,0,0,0,0,0,28,28,1,2
330,2017,4,18,9,42841.375,43.534679933193985,-144.6936187927508,243,524,987.6356906996427,1011.6356906996427,24.0,21.80637831008952,6.702404859167291,1275.7579068120624,5113125,-0.047551036758231933,-0.47829029283252694,6.2508023151833285,-5.228530152421244,8.14923659849678,0,0,0,0,0,27,27,1,2
330,2017,4,18,12,42841.5,43.59179584727988,-144.29691914697023,242,523,987.4287025363633,1013.4287025363633,26.0,21.180257215830512,5.917731658533448,1417.2280627406865,6310000,-0.2069881632794568,-2.079801466896001,10.649420475778957,2.116999959006233,10.857801126212088,0,0,0,0,0,28,28,1,2
330,2017,4,18,15,42841.625,43.501892773392385,-143.6698086570165,240,522,988.2524362492242,1012.2524362492242,24.0,20.102125909520936,5.490257239429775,1345.5064019432643,5687500,0.8237337128608487,8.29048881396124,16.85991372541208,-3.3322552353468393,17.186058762317643,0,0,0,0,0,27,27,1,1
330,2017,4,18,18,42841.75,43.40606059699501,-143.04505177905006,238,521,989.5074478840996,1009.5074478840996,20.0,19.33116720892235,5.213834070962694,1177.6401765254966,4356875,1.2550116348755547,12.653414731746548,16.82327543552599,-3.552017274898154,17.194168287554565,0,0,0,0,0,24,24,1,1
330,2017,4,18,21,42841.875,43.69157308571096,-142.0749982214831,236,518,990.5027978802673,1008.5027978802673,18.0,18.560238266536793,4.526346970442246,1087.6208505405327,3716250,0.9953499961676425,9.982955900546933,25.997797021212108,10.58251341295803,28.069111850779706,0,0,0,0,0,23,23,1,1
330,2017,4,19,0,42842.0,44.11562930430264,-141.31773162181025,235,515,991.0178669880031,1007.0178669880031,16.0,17.768115348424313,4.3617263991978685,991.2531613637299,3086875,0.5150691077357624,5.126359783470752,20.151017689716056,15.717633373157192,25.55596824196325,0,0,0,0,0,25,25,1,1
330,2017,4,19,3,42842.125,44.341709711579405,-140.73092520886516,234,513,991.4952797820407,1005.4952797820407,14.0,17.1521776679309,4.478439876079428,899.3914599686602,2541250,0.47741279403766385,4.732353702671357,15.555196560793275,8.37966476763725,17.668698923885028,0,0,0,0,0,24,24,1,1
330,2017,4,19,6,42842.25,44.59213734026077,-139.7295269108856,232,510,992.937505092518,1004.937505092518,12.0,16.656531410112787,4.138363517326725,815.1514505959387,2087500,1.4422253104772245,14.23253915880551,26.431541144177483,9.282093933665257,28.01398998803513,0,0,0,0,0,25,25,1,1
330,2017,4,19,9,42842.375,44.987833422186206,-138.93806166061952,231,507,993.8566043724702,1005.8566043724702,12.0,15.958721778684046,3.716691969406602,842.2785518058283,2228750,0.9190992799522064,9.007209890999366,20.747751967590453,14.666465601079238,25.408156661519037,0,0,0,0,0,29,29,1,1
330,2017,4,19,12,42842.5,45.373711706392726,-138.1335024327596,230,504,994.4602068445872,1004.4602068445872,10.0,15.290932053897883,3.6698420590089516,743.4147832042396,1736250,0.6036024721170543,5.875872142142385,20.948536623374615,14.302569168690601,25.365422753939,0,0,0,0,0,21,21,1,1
330,2017,4,19,15,42842.625,45.74959144137153,-137.31584676667663,229,501,996.2225146912641,1004.2225146912641,8.0,14.283356092169377,3.453736703090107,674.0826080884755,1427500,1.7623078466768494,17.04548178625951,21.147570631760455,13.93197318604799,25.32428914070556,0,0,0,0,0,24,24,1,1
330,2017,4,19,18,42842.75,45.94796244749133,-136.26833402961455,227,498,998.8575312214791,1006.8575312214791,8.0,13.354026809948339,3.5444410116604557,746.885583966576,1752500,2.6350165302150708,25.401018055163068,26.995990123205402,7.352616491299628,27.979357605212005,0,0,0,0,0,23,23,1,2
330,2017,4,19,21,42842.875,46.300949371323675,-135.42598307664318,226,495,1001.7265523346895,1005.7265523346895,4.0,11.806022477703799,3.2374131613024657,530.9455649607779,885625,2.8690211132103287,27.49342998969806,21.57005988906229,13.083451700675594,25.227845568372363,0,0,0,0,0,25,25,1,2
330,2017,4,20,0,42843.0,46.47062048906307,-134.35865612105746,224,492,1004.3595577144681,1006.3595577144681,2.0,9.785951314415064,3.2120462665128433,381.0890782630152,456250,2.633005379778624,25.160634811815964,27.24611888621021,6.288855830243841,27.962487407508878,0,0,0,0,0,23,23,1,1
330,2017,4,20,3,42843.125,46.79997088642778,-133.492564241225,223,489,1006.2725022975967,1008.2725022975967,2.0,8.515657050259897,2.708160373812061,470.768794904106,696250,1.9129445831285556,18.180858085804452,21.975008982162233,12.20736442510861,25.138034250384777,0,0,0,0,0,20,20,1,1
330,2017,4,20,6,42843.25,46.79997088642778,-133.492564241225,223,489,,,,8.515657050259897,,0.0,0,0.0,,0.0,0.0,0.0,0,3,0,0,0,20,20,0,0
341,2017,4,15,12,42838.5,55.693793768056985,12.054959135151627,391,212,999.3749421213263,1003.3749421213263,4.0,12.779374709613437,15.792193903103325,178.4124116152771,100000,-1.164722357174469,-9.768849053018384,23.37640619253876,-5.206590605711189,23.949216108550285,2,0,0,2,0,1,1,1,1
341,2017,4,15,15,42838.625,55.714053206989995,13.62139792921548,395,213,998.7546152369664,1004.7546152369664,6.0,12.876795618538168,17.85734538439574,266.5012070418412,223125,-0.6203268843599653,-5.201598797277898,32.705870648471524,0.7509156086718879,32.714489895547786,0,0,0,0,0,1,1,1,1
341,2017,4,15,18,42838.75,55.541402298784874,14.724310223111644,398,213,999.0313180244813,1005.0313180244813,6.0,12.601237921045954,18.317551907908783,304.80600064613867,291875,0.2767027875149506,2.3250105048769454,23.12976357294953,-6.399301690994754,23.998687986490243,0,0,0,0,0,2,2,1,1
341,2017,4,15,21,42838.875,55.064685826344615,16.07357416474639,402,212,1000.1077575904065,1005.33011034999,5.222352759583446,11.965972052606554,13.309636086294413,362.35732095655754,412500,1.0764395659252477,9.097097411619602,28.63809408594869,-17.66948439441585,33.65042513312655,0,0,0,1,0,2,4,2,0
341,2017,4,16,0,42839.0,54.25834290048021,23.869807432133598,423,216,998.479730953093,1004.479730953093,6.0,12.948597916828023,9.579162603869918,360.98214589711955,409375,-0.8503793968968967,-7.258714492634396,57.32393837139251,-7.318967261565016,57.789282675796095,0,0,0,0,2,3,3,1,1
341,2017,4,16,3,42839.125,54.40446559706383,26.81095430034869,430,220,997.0636276025017,1005.0636276025017,8.0,14.127415981816355,9.417778230162803,422.43636200235846,560625,-1.4161033505914384,-12.065545735959297,63.44776842806985,5.416034175907061,63.67851085489178,0,0,0,0,0,3,3,1,1
341,2017,4,16,6,42839.25,54.68459395107103,29.1263583252003,435,224,996.2949274969463,1004.2949274969463,8.0,15.061564979971918,9.761007792625314,382.9118584262031,460625,-0.7687001055553264,-6.5267485835295895,49.60855231421111,10.382950591630205,50.68346994533873,0,0,0,0,0,2,2,1,1
341,2017,4,16,9,42839.375,54.94523801158139,30.644741011846627,438,227,995.9256877020999,1003.9256877020999,8.0,14.913703958744653,10.13539158452404,384.20854977177817,463750,-0.3692397948463622,-3.125039738237128,32.323616967998184,9.66076572959658,33.736428506527005,0,0,0,0,0,2,2,1,1
341,2017,4,16,12,42839.5,54.980423177048195,31.985646460840357,441,229,996.7151314204225,1002.7151314204225,6.0,14.000464738594609,11.079096655126486,328.37093955580036,338750,0.7894437183225819,6.6785351187817525,28.52058130018819,1.3041372976859396,28.55038234055474,0,0,0,0,0,3,3,1,1
341,2017,4,16,15,42839.625,55.318536249459214,34.57628278993401,446,234,997.2370382186185,1003.2370382186185,6.0,13.113467874922822,8.76004559890178,349.7861668246681,384375,0.5219067981959961,4.397120875634292,54.6345955269537,12.532152761436773,56.05349124925063,0,0,0,0,0,4,4,1,1
341,2017,4,16,18,42839.75,55.37722718068497,35.099979816846094,447,235,997.8289037107751,1003.8289037107751,6.0,13.532886729214331,10.862654435723671,361.25759969217836,410000,0.591865492156503,4.983001039195332,11.028634961031198,2.17537793078299,11.24113242718087,0,0,0,0,0,3,3,1,1
341,2017,4,16,21,42839.875,55.675101982214485,36.37630804507404,449,238,998.0353825842254,1004.0353825842254,6.0,13.652067275286528,12.099033141291075,355.428243221036,396875,0.20647887345039634,1.7321811725443246,26.675372556915054,11.04072223511231,28.869933296132157,0,0,0,0,0,3,3,1,1
341,2017,4,17,0,42840.0,55.954847883268954,37.673593339830454,451,241,998.6681975179391,1002.6681975179391,4.0,13.372306061646793,11.956185215284496,279.615567867552,245625,0.632814933713671,5.291199901724006,26.919157682548164,10.368774982289132,28.84705435518914,0,0,0,0,0,2,2,1,1
341,2017,4,17,3,42840.125,56.24925360039897,39.53379496126426,454,245,999.2664068599393,1003.2664068599393,4.0,13.057928433982484,8.008954445326454,299.8708769569344,282500,0.598209342000191,4.9846102740279505,38.30522212527706,10.912140706670016,39.8291960359355,0,0,0,0,0,1,1,1,1
341,2017,4,17,6,42840.25,56.699120853675545,42.2342381657505,458,251,999.9368874985611,1001.9368874985611,2.0,12.936065951844661,5.101050054828665,189.234939151512,112500,0.6704806386218115,5.557827272010818,54.950446064395265,16.674318742626006,57.42459776268966,0,0,0,0,0,1,1,1,1
341,2017,4,17,9,42840.375,56.90435382019007,44.72186733270364,462,256,1000.9181252303755,1002.9181252303755,2.0,11.915801609375162,3.9391200765033134,195.94930472170537,120625,0.9812377318143263,8.11474969631098,50.344093297072966,7.606954885542457,50.91555256044135,0,0,0,0,0,2,2,1,1
341,2017,4,17,12,42840.5,57.69074369127519,47.848187911387896,465,264,1002.3890046819157,1004.3890046819157,2.0,10.230271822268941,4.900376735458922,256.22531886097215,206250,1.4708794515402406,12.057320422265848,61.92947903076527,29.147521343111443,68.44587915622921,0,0,0,0,0,3,3,1,1
341,2017,4,17,15,42840.625,59.09061353162929,52.75177915429671,468,277,1003.1423343978842,1005.1423343978842,2.0,9.405154041594452,2.40284885490546,263.12050517771223,217500,0.7533297159684298,6.08314497726483,93.34145795068797,51.88614140336773,106.79325560207593,0,0,0,0,0,4,4,1,1
341,2017,4,17,18,42840.75,59.91531315115134,54.81351785925462,468,283,1003.7737001106652,1005.7737001106652,2.0,10.022189035284116,2.102813981872532,197.9694540487982,123125,0.6313657127811166,5.055245171013921,38.30537669464744,30.567471232183614,49.00685851234715,0,0,0,0,0,5,5,1,1
341,2017,4,17,21,42840.875,60.311459387329826,55.885527054658745,468,286,1004.310383596286,1004.310383596286,0.0,10.472750865318496,4.344804339652328,14.104739588693906,625,0.5366834856207424,4.28009822388413,19.679432054520976,14.683150557461753,24.553512096675643,0,0,0,0,0,5,5,1,1
341,2017,4,18,0,42841.0,60.94639338452072,57.73429079534761,468,291,1005.7523088765952,1005.7523088765952,0.0,9.83118687694009,3.4984662497851233,14.104739588693906,625,1.441925280309224,11.42798331448504,33.27623610946859,23.53381308059242,40.75718645497214,0,0,0,0,0,5,5,1,1
341,2017,4,18,3,42841.125,60.913897666444015,59.34222603039358,470,294,1006.4101660124087,1006.4101660124087,0.0,10.106172953526908,3.9306235164315875,14.104739588693906,625,0.6578571358135378,5.215492892717992,28.971296720780348,-1.2044529959335128,28.996322882443412,0,0,0,0,0,8,8,1,1
341,2017,4,18,6,42841.25,62.38027896738361,59.76044930209235,465,298,1006.3757606198654,1006.3757606198654,0.0,10.947121436976769,2.889131530909799,14.104739588693906,625,-0.03440539254326722,-0.2690244899463245,7.186468961190848,54.35138706364358,54.82443444188149,0,0,0,0,0,9,9,1,1
341,2017,4,18,9,42841.375,64.88758146228929,65.85445803957835,461,314,,,,7.9312018945981615,,0.0,0,0.27009993349915024,,95.8230235917539,92.93310566558509,133.48638124886233,0,3,3,0,0,11,9,0,0
342,2017,4,16,0,42839.0,49.21414472746936,-80.14108205285612,184,329,1005.0869506621847,1007.0869506621847,2.0,13.043818781570899,6.602287253180475,210.15588668414918,138750,-0.42891845706282766,-3.924730029377969,102.36109604369182,2.0447102013349903,102.38151602253868,2,0,0,2,0,11,11,1,1
342,2017,4,16,3,42839.125,49.493599135234,-77.10245347440183,187,320,1005.2748563769978,1007.2748563769978,2.0,13.877791805288137,5.2419206211711575,245.1142407474329,188750,0.18790571481309598,1.7122080502492176,73.1497970286625,10.357970790629036,73.87949894411877,0,0,0,0,0,12,12,1,1
342,2017,4,16,6,42839.25,49.48683046816756,-74.43256844631617,189,312,1004.0864387656613,1008.0864387656613,4.0,14.790477093566178,6.5141335368973525,421.25735785557896,557500,-1.188417611336481,-10.830025005853862,64.28280686457964,-0.2508804793112212,64.28329642608371,0,0,0,0,0,8,8,1,1
342,2017,4,16,9,42839.375,47.94317934395713,-71.07113427845924,186,300,1003.4810730543998,1007.4810730543998,4.0,15.502912288542872,7.175797850962481,414.1128483656565,538750,-0.6053657112615474,-5.6487605255567,83.45315078887697,-57.21539117379016,101.18314762726479,0,0,0,0,0,7,7,1,1
342,2017,4,16,12,42839.5,47.505085933183395,-68.62937773065681,187,292,1003.9962280021166,1009.9962280021166,6.0,14.904356870595729,5.390200133768085,644.2022307568618,1303750,0.5151549477168009,4.840522995045138,61.1349387382091,-16.237921558149978,63.25465066738739,0,0,2,0,0,7,7,1,2
342,2017,4,16,15,42839.625,47.08349430684671,-66.51976115341961,188,285,1004.4321258592,1011.9002203694337,7.468094510233641,13.85190114757766,3.8923998957346337,789.6135064463499,1958750,0.43589785708347334,4.1237144433550315,53.24241555645614,-15.62628332148925,55.48815679701224,0,0,0,0,0,9,13,2,0
342,2017,4,16,18,42839.75,46.48595482838254,-64.85521436932105,188,279,1003.8629004798017,1008.4351923981021,4.572291918300325,13.209028345562155,4.882232649019497,586.3230142835039,1080000,-0.5692253793982672,-5.438056544457018,42.47917302643252,-22.147786158350176,47.90620599385428,0,0,0,0,0,7,12,2,0
342,2017,4,16,21,42839.875,47.242660585067036,-61.99082329198616,195,272,1004.8705563001874,1004.8705563001874,0.0,11.008916571295186,1.402880806036701,14.104739588693906,625,1.0076558203856985,9.50818071846624,72.07325403712854,28.047280368682333,77.33824334428562,0,0,0,2,0,8,8,1,1
342,2017,4,17,0,42840.0,47.38150738191531,-59.77686787797037,199,266,,,,9.873015827540033,,0.0,0,1.134429169868963,,55.5622006544207,5.146353130125398,55.80002770700082,0,2,2,0,0,4,5,0,0
350,2017,4,16,0,42839.0,48.65719989550224,174.11564021173908,378,539,1004.8086862724932,1004.8086862724932,0.0,8.087348216860828,5.747827776639024,14.104739588693906,625,,,,,,3,0,0,0,0,31,31,1,1
350,2017,4,16,3,42839.125,48.837267709124745,177.28885464351433,368,539,1004.6261306685898,1004.6261306685898,0.0,8.676312744372481,8.469625046767032,14.104739588693906,625,-0.18255560390345635,-1.680007657236725,77.40865096639665,6.674209108933606,77.69584488032287,0,0,0,0,0,29,29,1,1
350,2017,4,16,6,42839.25,49.12537142045002,-179.83950804016538,359,538,1005.1400251940603,1005.1400251940603,0.0,8.95560834486254,9.178757178972882,14.104739588693906,625,0.5138945254705323,4.70858579111636,-69.64895698890903,10.678557015612691,70.46281849016964,0,0,0,0,0,24,24,1,1
350,2017,4,16,9,42839.375,49.07701578174405,-177.27368900609375,351,538,1005.6445442771364,1007.6445442771364,2.0,9.369825385180453,9.916877625235356,117.16276644769007,43125,0.5045190830761567,4.626063381477145,62.29303267730917,-1.792300566253703,62.31881145734489,0,0,0,0,0,25,25,1,1
350,2017,4,16,12,42839.5,49.20337593920085,-175.00936619653774,344,537,1004.9450621834062,1006.9450621834062,2.0,10.120948848338873,9.836742042714759,118.0087179853287,43750,-0.6994820937301847,-6.4015050207728645,54.833887767863565,4.6835361464013205,55.03354212272099,0,0,0,0,0,24,24,1,1
350,2017,4,16,15,42839.625,48.99384550267334,-172.45822225537398,336,537,1005.0281923774872,1007.0281923774872,2.0,10.188982575068508,9.636966399353186,126.94265629824517,50625,0.08313019408102264,0.7632030672032275,62.04043365484165,-7.766240506492921,62.52463434267728,0,0,0,0,0,25,25,1,1
350,2017,4,16,18,42839.75,48.50430873858829,-170.30360645886097,329,538,1006.4049343360509,1006.4049343360509,0.0,9.879997478680734,6.186068864437111,14.104739588693906,625,1.3767419585636527,12.73468280675321,52.91110777885611,-18.144668190750355,55.93580526047833,0,0,0,0,0,24,24,1,1
350,2017,4,16,21,42839.875,47.981276105399395,-166.91164786510376,318,538,1007.0603698544193,1007.0603698544193,0.0,9.520201702544357,4.780691390524007,14.104739588693906,625,0.6554355183683219,6.112304257977935,84.14875918981991,-19.386191760050075,86.35298549641313,0,0,0,0,0,24,24,1,1
350,2017,4,17,0,42840.0,47.14167126921235,-163.99138700868036,308,539,1007.8382716410882,1007.8382716410882,0.0,8.333739650240574,4.010925603813303,14.104739588693906,625,0.7779017866689537,7.352228925079421,73.61884686487616,-31.11993272341157,79.92612105202997,0,0,0,0,0,19,19,1,1
350,2017,4,17,3,42840.125,46.72033520454151,-162.23795724474877,302,539,1007.5330378051742,1007.5330378051742,0.0,7.97211609629094,4.344355910683225,14.104739588693906,625,-0.3052338359139685,-2.9047736583539465,44.55419351644983,-15.616810934594083,47.211872909980144,0,0,0,0,0,20,20,1,1
350,2017,4,17,6,42840.25,46.72033520454151,-162.23795724474877,302,539,,,,7.97211609629094,,0.0,0,0.0,,0.0,0.0,0.0,0,3,0,0,0,20,20,0,0
351,2017,4,16,3,42839.125,51.00888611266655,-42.14945234398243,245,233,1007.7538415690999,1007.7538415690999,0.0,8.121720728524945,4.801959897664128,14.104739588693906,625,,,,,,3,0,0,0,0,5,5,1,1
351,2017,4,16,6,42839.25,50.51136218543917,-42.41874130256536,243,232,1005.8938028985652,1007.8938028985652,2.0,9.00212815840536,4.327148126429092,240.60883306661233,181875,-1.8600386705347045,-16.698042260686556,-6.347285806799747,-18.440712197320526,19.502510183502213,0,0,0,0,0,3,3,1,1
351,2017,4,16,9,42839.375,51.48492132769948,-41.39369137740334,248,233,1004.5858111302628,1008.5858111302628,4.0,10.623064212136075,7.998087361488579,322.56401542380166,326875,-1.3079917683024542,-11.581696974934108,23.659110151779533,36.08494580259143,43.149470526878986,0,0,0,0,0,4,4,1,1
351,2017,4,16,12,42839.5,52.92905880264904,-40.008666742475484,255,235,1003.522954829574,1007.522954829574,4.0,12.334556538486588,8.61886256874277,298.20768677650904,279375,-1.062856300688727,-9.228949735937077,30.944977837305146,53.52692019722469,61.82817188912646,0,0,0,0,0,4,4,1,1
351,2017,4,16,15,42839.625,55.70314298440245,-38.80816571515795,265,242,1001.7149027950331,1011.7149027950331,10.0,15.048186120415306,6.475192558925919,744.6180450381191,1741875,-1.8080520345408877,-15.162945286966266,25.0726306034366,102.82136236530042,105.83415972186297,0,0,2,0,0,6,6,1,3
351,2017,4,16,18,42839.75,58.15183802245969,-38.05403237923719,273,249,998.6719148272232,1010.6719148272232,12.0,17.685002904928734,7.389942993130534,725.9488999323839,1655625,-3.042987967809895,-24.818945114145553,14.749320466749571,90.76082171055674,91.95145029746048,0,0,0,0,0,4,4,1,3
351,2017,4,16,21,42839.875,59.643387222988665,-38.025070484003855,277,254,994.805185466046,1010.805185466046,16.0,21.583477737332256,9.538714246961826,749.4117729496419,1764375,-3.866729361177131,-31.045998277624594,0.5425117600863568,55.28423464652319,55.2868964535148,0,0,0,0,0,4,4,1,3
351,2017,4,17,0,42840.0,61.02234524797436,-38.97442499163333,279,260,988.6790458159247,1010.6790458159247,22.0,27.007338499557484,15.477627271197637,755.3611526842275,1792500,-6.126139650121331,-48.51705265652285,-17.047231637990574,51.111045478069876,53.879004040355404,0,0,1,0,0,3,3,1,1
351,2017,4,17,3,42840.125,61.73645546192005,-40.128608968475916,279,264,981.8590381603847,1009.8590381603847,28.0,33.145526572712036,25.09187863304789,759.5634724683123,1812500,-6.820007655540103,-53.64615709515844,-20.257163289687668,26.468477618607274,33.33066113943412,0,0,0,0,0,3,3,1,1
351,2017,4,17,6,42840.25,62.08850387198637,-40.727219232390745,279,266,978.1724623078128,1012.1724623078128,34.0,35.98409561013446,30.44323717393469,890.3878706926008,2490625,-3.686575852571841,-28.903659611955945,-10.386078222794625,13.048665710885889,16.67747875682826,0,0,0,0,0,2,2,1,1
351,2017,4,17,9,42840.375,62.41434555423871,-40.67772294050896,280,267,978.4377327980733,1012.4377327980733,34.0,35.335801823250726,39.17671809300227,908.5248062713214,2593125,0.2652704902604455,2.073572524845974,0.8495459933875206,12.07731398526265,12.107156622985498,0,0,0,0,0,3,3,1,2
351,2017,4,17,12,42840.5,62.88962349995921,-40.26441696497061,282,268,981.9869981412322,1011.9869981412322,30.0,31.810303332420236,28.863047126621318,888.7105294152482,2481250,3.5492653431589134,27.62520489458679,6.981030222422082,17.6161654367226,18.948985926965868,0,0,0,0,0,4,4,1,1
351,2017,4,17,15,42840.625,63.53944544869996,-40.15015609821719,284,270,985.2781496080203,999.2781496080203,14.0,28.103273010752446,21.808954564514643,292.14181185347104,268125,3.291151466788142,25.469965823023337,1.8870717389474245,24.085634640750616,24.15944609869316,0,0,0,0,0,3,3,1,1
351,2017,4,17,18,42840.75,64.188231333664,-40.030259271889705,286,272,989.0758149597466,1001.0758149597466,12.0,24.119686219208372,17.9305090052756,284.2026277484726,253750,3.7976653517263186,29.226993330958244,1.9349767113676046,24.047232962200923,24.124956953576053,0,0,0,0,0,3,3,1,1
351,2017,4,17,21,42840.875,62.62718814542623,-42.32144874455676,278,270,991.6108797595391,1003.6108797595391,12.0,21.710107331916813,18.72763539061787,300.2024092604617,283125,2.5350647997924534,19.777903606758795,-39.0436588247212,-57.860027601695904,69.80107512417156,0,0,0,0,0,2,2,1,1
351,2017,4,18,0,42841.0,62.62718814542623,-42.32144874455676,278,270,,,,21.710107331916813,,0.0,0,0.0,,0.0,0.0,0.0,0,3,0,0,0,2,2,0,0
356,2017,4,12,12,42835.5,45.80385299735016,-71.65928757156554,177,299,1018.1591403258037,1022.1591403258037,4.0,7.761288267241309,3.548210421489057,607.4870568944925,1159375,,,,,,3,0,0,0,0,7,7,1,1
356,2017,4,12,15,42835.625,48.0207157997087,-71.36713908161772,186,301,1018.0065241139642,1024.0065241139644,6.0,7.996208315544317,10.863304772102492,767.2511621113049,1849375,-0.15261621183948593,-1.4223500660640154,7.242750817883977,82.1679655631027,82.4865565058282,0,0,0,1,0,6,6,1,2
356,2017,4,12,18,42835.75,48.248736143800194,-71.26663835708311,187,301,1016.6004364146758,1022.6004364146758,6.0,9.127625441971393,11.220867649219436,678.4951531833572,1446250,-1.4060876992884732,-13.057780091861536,2.4805082180079614,8.451568478240281,8.80806055621723,0,0,0,0,0,6,6,1,1
356,2017,4,12,21,42835.875,48.47643870284474,-71.165087136344,188,301,1016.0020215259351,1022.0020215259351,6.0,9.390572870389876,9.882539191550968,675.2621061175284,1432500,-0.5984148887406627,-5.537642774109562,2.495256431395464,8.43978978324531,8.800929282967358,0,0,0,0,0,7,7,1,2
356,2017,4,13,0,42836.0,49.08507182200837,-71.56505117707799,190,303,1016.6600109775804,1022.6600109775804,6.0,9.468098417601402,5.106419039018801,677.0275002573076,1440000,0.6579894516452623,6.0325368284001595,-9.709216141734235,22.55897167961653,24.559643346935093,0,0,0,0,0,7,7,1,2
356,2017,4,13,3,42836.125,48.93624341055515,-68.22826206952136,193,293,1016.261158874364,1023.7739689251938,7.512810050829721,10.85414359298021,6.521581849909344,764.26346317697,1835000,-0.3988521032163408,-3.664993526282062,81.23736129510296,-5.516321431388997,81.42443535159144,0,0,0,0,0,9,7,2,0
356,2017,4,13,6,42836.25,48.0115105391665,-63.225075111354464,196,277,1013.2366585932418,1023.2366585932418,10.0,12.374698355344195,3.89058566936219,776.1452567675872,1892500,-3.024500281122164,-28.191763718800217,124.03611861009453,-34.2752012666243,128.68468495405753,0,0,1,0,0,7,7,1,1
356,2017,4,13,9,42836.375,48.86800969891763,-62.65012421993012,200,277,1011.7090838365561,1021.7090838365561,10.0,13.775723612103787,4.383858981711892,706.7867978603495,1569375,-1.52757475668579,-14.051249624165088,14.017952633053401,31.746120413217874,34.703301821484615,0,0,0,0,0,7,7,1,1
356,2017,4,13,12,42836.5,49.393517122160254,-61.91801285207807,203,276,1011.206574922535,1023.206574922535,12.0,14.722546230250986,4.700663958977966,817.5883811466258,2100000,-0.5025089140211639,-4.585741004898867,17.6614692387675,19.477919792877834,26.29290503405268,0,0,0,0,0,7,7,1,1
356,2017,4,13,15,42836.625,49.678063448089176,-60.597961584659984,206,273,1010.6291469409844,1022.6291469409844,12.0,14.732907569392076,5.453700284993829,822.6824390360383,2126250,-0.5774279815505724,-5.247153859704746,31.659793038814072,10.546702612881601,33.37027766239148,0,0,0,0,0,8,8,1,1
356,2017,4,13,18,42836.75,50.26728816138626,-59.375602458122756,210,271,1010.770549765575,1020.770549765575,10.0,13.398141601091188,6.274792218742878,751.6648508319571,1775000,0.14140282459062292,1.2738923967447686,28.960041455923513,21.839599590743624,36.27191904783668,0,0,0,0,0,7,7,1,1
356,2017,4,13,21,42836.875,50.19307102741484,-56.72081149880949,214,264,1011.0747225859626,1021.0747225859626,10.0,12.286068222985048,4.556529339868648,813.9302492351628,2081250,0.30417282038761184,2.7432366088067948,62.992458201939804,-2.7508562559072662,63.05249400669094,0,0,0,0,0,9,9,1,1
356,2017,4,14,0,42837.0,52.123104301648084,-51.852469770553796,229,257,1010.054980464574,1020.054980464574,10.0,12.586906372351095,3.877213096102714,707.2088861618477,1571250,-1.0197421213885536,-8.950584908255642,110.76647836715033,71.53663611664122,131.8586479406835,0,0,0,0,0,8,8,1,1
356,2017,4,14,3,42837.125,53.08091606235421,-50.26239539959512,235,256,1007.867869379848,1017.867869379848,10.0,13.839969769248192,6.848040014531725,593.0703366659715,1105000,-2.187111084726057,-18.95314751324537,35.40137693916339,35.501269490337734,50.135791851872796,0,0,0,0,0,7,7,1,1
356,2017,4,14,6,42837.25,53.47028232612519,-49.30175827405909,238,255,1006.3428573256216,1016.3428573256216,10.0,14.749424939408119,5.267179377370194,568.755151039775,1016250,-1.5250120542263903,-13.148673570291605,21.193937462401987,14.431851045959876,25.6410083610801,0,0,0,0,0,8,8,1,1
356,2017,4,14,9,42837.375,54.199737001142836,-47.83666010112546,243,254,1006.1637708845046,1016.1637708845046,10.0,14.403982465717206,4.096054696714418,578.810120167607,1052500,-0.17908644111696048,-1.529782661219374,31.765073802944592,27.03721969303923,41.7136807586694,0,0,0,0,0,5,5,1,1
356,2017,4,14,12,42837.5,55.241442296605605,-44.204276447260725,253,250,1005.8608161601721,1015.8608161601721,10.0,14.48823988067113,4.110098229096693,618.0387232371033,1200000,-0.30295472433252146,-2.5548070943255596,76.74890918583138,38.61078130474373,85.91383761756741,0,0,0,0,0,6,6,1,1
356,2017,4,14,15,42837.625,55.718729941588556,-42.84905687248399,257,249,1004.6870734708989,1016.6870734708989,12.0,15.314399492115465,6.522276299382647,714.0676781164791,1601875,-1.1737426892732037,-9.841583502791604,28.29256183809271,17.690654890744558,33.368073450915986,0,0,0,0,0,7,7,1,1
356,2017,4,14,18,42837.75,56.19398063292973,-42.001532860305545,260,249,1003.9609706793738,1017.9609706793738,14.0,15.47177636465344,7.599561596701025,869.7033212792926,2376250,-0.7261027915251907,-6.054194447561913,17.477800602429394,17.61515525381912,24.814657130704678,0,0,0,0,0,5,5,1,1
356,2017,4,14,21,42837.875,56.48386011127782,-40.87523339385761,263,248,1004.4275339599617,1018.4275339599617,14.0,15.227186313749138,6.887652169253415,1006.8847935565287,3185000,0.46656328058801594,3.877087330240382,23.050853426727805,10.744375776893154,25.431937687395692,0,0,0,0,0,4,4,1,1
356,2017,4,15,0,42838.0,57.02190313735268,-38.56734607586169,269,246,1004.6078320667792,1018.6078320667792,14.0,15.357612288248033,5.977576165170467,847.4589551725662,2256250,0.1802981068174995,1.4890614194564833,46.559752277706956,19.942551605336707,50.65092197278304,0,0,0,0,0,3,3,1,1
356,2017,4,15,3,42838.125,57.410995461211414,-37.0695337003684,273,245,1005.0802968357187,1017.0802968357187,12.0,14.607656036472557,5.364547827347996,754.5706122764493,1788750,0.47246476893953515,3.885003265078613,29.90102266638051,14.421697469810875,33.19723654773316,0,0,0,0,0,3,3,1,1
356,2017,4,15,6,42838.25,57.69074369127519,-36.42700163638861,275,245,1005.5873966702278,1015.5873966702278,10.0,13.982455460035403,5.133261712291715,656.2873339798977,1353125,0.5070998345089902,4.15687715560258,12.729038068630945,10.368861306962124,16.41772502375625,0,0,0,0,0,4,4,1,1
356,2017,4,15,9,42838.375,57.3117142299297,-37.944813938903316,271,246,1006.9729903427456,1014.8616542322438,7.888663889498275,12.702807965550381,3.8279499134534127,582.5786780714402,1066250,1.3855936725178617,11.406169851831725,-30.38235587639925,-14.048717716812845,33.47318356665322,0,0,0,1,0,5,4,2,0
356,2017,4,15,12,42838.5,57.3117142299297,-37.944813938903316,271,246,1007.5684682861503,1015.5684682861503,8.0,12.126690670746786,4.36785084615396,606.503802313838,1155625,0.5954779434046941,4.901958416965723,0.0,0.0,0.0,0,0,0,0,0,5,5,1,2
356,2017,4,15,15,42838.625,57.639870474301816,-37.8749836510982,272,247,1007.7784379880859,1013.7784379880859,6.0,11.221568897011847,4.506361238057361,469.92284849750047,693750,0.20996970193562448,1.7221637926032674,1.3853368299151518,12.163103173637305,12.241741581362728,0,0,0,0,0,5,5,1,2
356,2017,4,15,18,42838.75,57.967687090018,-37.80376457091863,273,248,1008.3265988128991,1014.3265988128991,6.0,9.841679882364001,3.981372255625465,506.2010059037334,805000,0.5481608248130942,4.4798273180106785,1.4001078360611818,12.150514845809536,12.230916276830524,0,0,0,0,0,6,6,1,2
356,2017,4,15,21,42838.875,58.57851543163445,-37.076740716621345,276,249,1008.9934917467679,1012.9934917467679,4.0,9.601729053120103,3.8275205514174746,288.716818776427,261875,0.6668929338688031,5.414356006994336,14.048264906220135,22.640337546152843,26.644673596782425,0,0,0,2,0,8,8,1,1
356,2017,4,16,0,42839.0,59.27559819285671,-37.504142360270144,277,252,1009.609937389076,1013.609937389076,4.0,9.292319723197183,4.2896615737422685,260.46073503106066,213125,0.6164456423080992,4.968227090481971,-8.093619425267958,25.837355499765273,27.0753691502503,0,0,0,0,0,6,6,1,1
356,2017,4,16,3,42839.125,59.643387222988665,-38.025070484003855,277,254,1010.0047820681916,1012.0047820681916,2.0,8.554086320376907,4.472661226708515,179.5240261806447,101250,0.39484467911563115,3.1702108119667747,-9.757956393117599,13.632091408731933,16.764594511827823,0,0,0,0,0,6,6,1,1
356,2017,4,16,6,42839.25,59.89606649507806,-39.501837275019014,275,257,1009.9111720184862,1009.9111720184862,0.0,7.698249354726831,6.016022290362453,14.104739588693906,625,-0.09361004970531211,-0.7496667587957733,-27.453536934174878,9.365551041527008,29.00707218089326,0,0,0,0,0,4,4,1,1
356,2017,4,16,9,42839.375,59.97487303095363,-41.3282999016293,272,260,1009.272443559356,1009.8630012156277,0.5905576562717033,7.899868622476953,7.248562963924416,223.0155145190964,156250,-0.6387284591302159,-5.111122280228168,-33.87352906187134,2.9209623252653114,33.999235168030786,0,0,0,0,0,5,6,2,0
356,2017,4,16,12,42839.5,57.448498740441416,-49.81058619436565,250,267,1005.7644321254397,1007.7644321254397,2.0,9.452499196003473,11.917575414152743,173.32194179790176,94375,-2.098569090187957,-17.24898880633995,-28.4698378182388,3.9247883264302823,28.739095824401012,0,0,0,0,2,6,6,1,1
356,2017,4,16,15,42839.625,57.59889515654016,-50.117314849972644,250,268,,,,9.880134369145729,,0.0,0,-1.7060346488423237,,-6.09193586888019,5.574439485234723,8.257484980615647,0,2,2,0,0,7,6,0,0
359,2017,4,16,12,42839.5,62.7265256032199,-111.13982480865766,247,403,1018.2021120888894,1018.2021120888894,0.0,9.369481901726706,3.853151180049317,14.104739588693906,625,,,,,,3,0,0,0,0,14,14,1,1
359,2017,4,16,15,42839.625,62.968617427424455,-109.79887635452492,247,400,1017.4800794360166,1019.4800794360166,2.0,10.666461509517877,3.7817739976363374,333.48090872711424,349375,-0.7220326528728765,-5.61588051177166,22.588180203908813,8.973127544557816,24.305203205387116,0,0,3,0,0,16,16,1,1
359,2017,4,16,18,42839.75,63.267243100843565,-107.97536686539205,247,396,1016.4163686149996,1018.4163686149996,2.0,11.738999548930169,4.422947521361129,166.88952945311365,87500,-1.0637108210170119,-8.251580177933057,30.402215388629255,11.068553283340048,32.354405763709266,0,0,0,0,0,16,16,1,1
359,2017,4,16,21,42839.875,63.47262562647723,-106.58236194098292,247,393,1015.4182104703775,1017.4182104703775,2.0,12.319299970891045,6.40204083298071,143.1474726395179,64375,-0.9981581446219934,-7.729160126224229,23.059567863358083,7.61249829063657,24.283611763281048,0,0,0,0,0,15,15,1,1
359,2017,4,17,0,42840.0,63.43927388094926,-105.04132947318067,246,390,1014.8495317191499,1016.8495317191499,2.0,12.751223122625388,8.199341257603082,124.56968712917198,48750,-0.5686787512275623,-4.404800426752533,25.53962160595619,-1.236181632483742,25.569521247061203,0,0,0,0,0,9,9,1,1
359,2017,4,17,3,42840.125,63.16218200447674,-103.3924977537511,244,387,1013.8208301153032,1015.8208301153032,2.0,13.425218831667157,8.35196144698777,117.16276644769007,43125,-1.0287016038467118,-7.987391505012115,27.59012949415305,-10.270403626055039,29.439708492887945,0,0,0,0,0,10,10,1,1
359,2017,4,17,6,42840.25,63.04008728611457,-102.34642066872684,243,385,1012.9464759578099,1016.9464759578099,4.0,13.880237705899134,11.616067403040942,226.99430130732603,161875,-0.8743541574933624,-6.796298188613277,17.57812350246039,-4.52543775065603,18.151308842692668,0,0,0,0,0,8,8,1,1
359,2017,4,17,9,42840.375,62.61956050292643,-99.26783626282112,240,379,1012.1984508964774,1018.1984508964774,6.0,14.149318247910129,6.0798400548570495,335.8586993311039,354375,-0.7480250613324461,-5.836295579739159,52.47275222866001,-15.586814936226146,54.73882101677481,0,0,0,0,0,12,12,1,1
359,2017,4,17,12,42840.5,62.524378889287505,-97.32974771675875,239,375,1010.9003879510515,1016.9003879510515,6.0,15.177632416824363,7.002356411806031,313.4935044929087,308750,-1.2980629454259178,-10.136576502949458,33.14144758710679,-3.527904182163779,33.32869118473564,0,0,0,0,0,12,12,1,1
359,2017,4,17,15,42840.625,62.39730744629323,-95.40694937047158,238,371,1009.1091689821999,1015.1091689821999,6.0,15.954679048677992,6.715751803680031,298.87407349973716,280625,-1.7912189688516083,-14.003818358683843,33.020152405909265,-4.7098999274554405,33.35436436564367,0,0,0,0,0,15,15,1,1
359,2017,4,17,18,42840.75,62.238747055154484,-93.50353164478446,237,367,1007.23953125118,1013.23953125118,6.0,16.365800956737946,5.414820812812759,293.5006183102318,270625,-1.8696377310199024,-14.638135590167979,32.86024419048588,-5.877037020468454,33.381659820900424,0,0,0,0,0,11,11,1,1
359,2017,4,17,21,42840.875,62.28019451103996,-91.63657704161672,237,363,1005.5310622246818,1011.5310622246818,6.0,16.653345467376102,5.838092863404963,281.74195262169036,249375,-1.7084690264982054,-13.371193903791264,32.18649197303213,1.5362489389296035,32.223133403386214,0,0,0,0,0,12,12,1,1
359,2017,4,18,0,42841.0,62.289622300556275,-89.29845408765478,237,358,1003.9056459519045,1009.9056459519045,6.0,17.4658176019378,5.039010950034135,282.44719015209296,250625,-1.6254162727773656,-12.720088659524523,40.29606542182784,0.34944078789559124,40.29758053958667,0,0,0,0,0,9,9,1,1
359,2017,4,18,3,42841.125,62.469311838405595,-86.46770541610911,238,352,1002.0689589511572,1010.0689589511572,8.0,18.518625948584695,6.261943753052765,347.7898169151024,380000,-1.836687000747188,-14.349871644415698,48.493378955313595,6.660188326649969,48.94860479165975,0,0,0,0,0,12,12,1,1
359,2017,4,18,6,42841.25,62.85693190150063,-84.50310749426444,240,348,1000.6706080901683,1008.6706080901683,8.0,19.11866677574839,6.880562459243593,342.31246961133036,368125,-1.3983508609888669,-10.887048160605326,33.219194382097,14.367128160603869,36.19294471273043,0,0,0,0,0,14,14,1,1
359,2017,4,18,9,42841.375,63.21077422663123,-82.48522245578015,242,344,1000.0786962860828,1008.0786962860828,8.0,19.25030567007073,6.7542449869819405,341.1481381100423,365625,-0.5919118040855392,-4.593951371322075,33.70847795887455,13.1151571288792,36.16999907131769,0,0,0,0,0,14,14,1,1
359,2017,4,18,12,42841.5,63.56700479535821,-80.90004964021622,244,341,1000.4557307881645,1008.4557307881645,8.0,18.315119233182262,6.184775510070031,391.13640721247674,480625,0.37703450208166034,2.917142714086903,26.153902835552245,13.203677319381764,29.297845113350302,0,0,0,0,0,16,16,1,1
359,2017,4,18,15,42841.625,63.901804751194874,-79.27370553387476,246,338,1000.5146052923377,1008.5146052923377,8.0,17.438544912587634,6.484179429592041,411.7037944844188,532500,0.058874504173145395,0.4542045779325798,26.517288006148316,12.409352176619823,29.277270785447136,0,0,0,0,0,14,14,1,1
359,2017,4,18,18,42841.75,64.26282231097234,-78.09839376183243,248,336,1001.2058396553414,1009.2058396553414,8.0,16.26807424315535,5.016484125684437,445.36147995563624,623125,0.6912343630037503,5.316425820622396,18.916645698612744,13.381107025617988,23.170962641156866,0,0,0,0,0,12,12,1,1
359,2017,4,18,21,42841.875,64.88758146228928,-77.27564431457763,251,335,1002.0074877921913,1010.0074877921913,8.0,15.050439637020489,4.900406819907439,443.7952704527398,618750,0.8016481368499808,6.133763998345792,12.94193523911602,23.15668266706789,26.52782765091698,0,0,0,0,0,13,13,1,1
359,2017,4,19,0,42842.0,64.72696676680106,-75.77753038553448,251,332,1003.8678159887925,1009.8678159887925,6.0,14.105880780229544,4.861757172340222,378.469878303024,450000,1.8603281966010399,14.252975475580595,23.70595512817659,-5.9531797609505785,24.44202646683195,0,0,0,0,0,13,13,1,1
359,2017,4,19,3,42842.125,65.11364536550718,-75.01836742760908,253,331,1004.6661983531037,1010.6661983531037,6.0,13.472529835725775,4.405484301147663,394.9327084834294,490000,0.7983823643112555,6.097547560162783,11.841105784380733,14.332232806049733,18.590983927799602,0,0,0,0,0,11,11,1,1
359,2017,4,19,6,42842.25,65.49543840569898,-74.23580456870002,255,330,1005.6030738430047,1011.6030738430047,6.0,12.54268433485658,3.617328297332133,423.14218766081717,562500,0.9368754899009946,7.13337977956017,12.030480581172952,14.151149699176162,18.573839151410596,0,0,0,0,0,12,12,1,1
359,2017,4,19,9,42842.375,65.9365438571227,-73.94392340060158,257,330,1007.1806997495604,1011.1806997495604,4.0,11.262597738376067,3.1787586998026383,322.87224675588243,327500,1.5776259065557678,11.97040804785413,4.411247387009995,16.34956277119201,16.93420521661853,0,0,0,0,0,13,13,1,1
359,2017,4,19,12,42842.5,66.31108892394425,-73.117869722016,259,329,1008.4950509960935,1012.4950509960935,4.0,10.564080707646173,2.59692210544541,348.93198687609583,382500,1.3143512465330423,9.94396759786144,12.301184618579939,13.882503743434723,18.54839759135184,0,0,0,0,0,11,11,1,1
359,2017,4,19,15,42842.625,66.74891720168694,-72.79513962483534,261,329,1009.3486868062679,1013.3486868062679,4.0,9.922192850595254,3.10837571070595,369.1563625652894,428125,0.8536358101744554,6.436947081173297,4.722121796336229,16.228094408837137,16.901168078022444,0,0,0,0,0,13,13,1,1
359,2017,4,19,18,42842.75,67.25348375404688,-73.00163481263642,263,330,1010.3697265371233,1014.3697265371233,4.0,9.618472979358451,3.1277952163739973,389.607529411195,476875,1.0210397308552637,7.670551900156406,-2.959354269884108,18.701746925653904,18.934442578694693,0,0,0,0,0,14,14,1,1
359,2017,4,19,21,42842.875,67.60270356916513,-73.93581550732837,264,332,1011.9465631605956,1015.9465631605956,4.0,9.153983334697237,2.992238228739079,410.73621666150774,530000,1.576836623472336,11.8159958908496,-13.19307284910065,12.943823908299972,18.482417281588326,0,0,0,0,0,13,13,1,1
359,2017,4,20,0,42843.0,67.94547740198176,-74.89890183861456,265,334,1013.189756901835,1019.189756901835,6.0,9.146951839122725,4.655270554797171,866.6097089895087,2359375,1.24319374123952,9.293103534116876,-13.403599805910654,12.704903731906947,18.46810944829035,0,0,0,0,0,13,13,1,1
359,2017,4,20,3,42843.125,67.78273132355675,-75.61138840686756,264,335,1014.2030258116947,1018.2030258116947,4.0,9.081015428838308,4.346485723536244,414.83283647526247,540625,1.0132689098596166,7.583129792581688,-9.985445526400799,-6.032179417386999,11.666032353986726,0,0,0,0,0,14,14,1,1
359,2017,4,20,6,42843.25,67.89187866061359,-76.7427611534189,264,337,1014.9329296168673,1018.9329296168673,4.0,8.818633338766372,4.339743359264175,638.7749880449662,1281875,0.729903805172653,5.4582371851574045,-15.781989304053338,4.045543379161573,16.292256063109615,0,0,0,0,0,13,13,1,1
359,2017,4,20,9,42843.375,67.89187866061359,-76.7427611534189,264,337,1016.3656972880499,1020.3656972880499,4.0,8.339946245529958,4.3689990214509455,710.9964050511314,1588125,1.4327676711825188,10.71426909288403,0.0,0.0,0.0,0,0,0,0,0,10,10,1,1
359,2017,4,20,12,42843.5,67.94314445880589,-77.31247862613002,264,338,1017.6234885790094,1019.6234885790094,2.0,7.930308634555479,3.9479477157749354,207.77578856468483,135625,1.257791290959576,9.40237803249221,-7.929800719139614,1.9001655564561117,8.154285289785323,0,0,0,0,0,11,11,1,1
359,2017,4,20,15,42843.625,67.94314445880589,-77.31247862613002,264,338,,,,7.930308634555479,,0.0,0,0.0,,0.0,0.0,0.0,0,3,0,0,0,11,11,0,0
363,2017,4,16,21,42839.875,45.11118385910577,-71.9364934904488,174,299,1001.1691321254148,1005.1691321254148,4.0,15.036940666040831,7.903731336388882,304.80600064613867,291875,-2.8957542016865045,-28.317583248213236,-43.389356683291716,17.542387703995804,46.80140638642406,2,0,1,2,0,9,9,1,1
363,2017,4,17,0,42840.0,44.69978960965713,-69.63136225202635,175,291,1001.1156759319299,1015.1156759319299,14.0,15.863682964496654,6.74716962271974,1007.3786308482514,3188125,-0.05345619348488981,-0.526527631173414,60.728640249885636,-15.248317796478355,62.61372806519692,0,0,2,0,0,5,5,1,2
363,2017,4,17,3,42840.125,44.66759701032419,-68.71183459325987,176,288,1001.6664022896813,1013.6664022896813,12.0,15.659140949266154,5.782643480370971,878.0129586750801,2421875,0.5507263577514095,5.427573633409382,24.239085111627684,-1.1932179071081104,24.268436620898644,0,0,0,0,0,4,4,1,2
363,2017,4,17,6,42840.25,44.73943552626476,-65.19433424518398,181,277,1000.9179493978654,1012.9179493978654,12.0,15.764257091781253,8.137156906662858,854.4725281915563,2293750,-0.7484528918158321,-7.366889250967066,92.60089008219278,2.662692836755282,92.63916438071566,0,0,0,0,0,3,3,1,1
363,2017,4,17,9,42840.375,44.76174814204616,-63.23940084665116,184,271,1001.5462884175208,1013.5462884175208,12.0,14.875565722301856,4.329139011439329,891.6159154838015,2497500,0.6283390196553955,6.1822006268160585,51.44802043688557,0.8270165583537681,51.45466706978082,0,0,0,0,0,4,4,1,2
363,2017,4,17,12,42840.5,45.21855062285283,-59.94482283524274,191,262,1002.3476650370242,1008.3476650370242,6.0,14.2472701413244,3.2093126028632835,465.67006556435143,681250,0.8013766195032804,7.82207547233933,86.01128706137172,16.931372781450005,87.66192381084342,0,0,0,2,0,2,2,1,1
363,2017,4,17,15,42840.625,45.8885042018128,-58.421835067886214,196,259,1002.5159738347147,1012.5159738347147,10.0,13.56400042997993,3.6813118956948894,743.4147832042396,1736250,0.16830879769055174,1.6240936326539526,39.29146882236937,24.831813022571406,46.480516995910996,0,0,0,0,0,2,2,1,1
363,2017,4,17,18,42840.75,46.32260768092956,-55.93381678575579,202,253,1002.9537474033266,1010.9537474033266,8.0,12.400143549275898,3.646680849810218,565.9499297397601,1006250,0.4377735686118831,4.193608654217179,63.68309751004455,16.09003483884485,65.68429134571738,0,0,0,0,0,2,2,1,1
363,2017,4,17,21,42840.875,46.75885408706195,-54.07328277049371,207,249,1004.503395222956,1010.503395222956,6.0,11.107982594754377,4.814801789890116,462.45481377074486,671875,1.549647819629463,14.737977068302401,47.24179871914647,16.16946237628135,49.93234482535671,0,0,0,0,0,1,1,1,1
363,2017,4,18,0,42841.0,46.71648480983424,-52.978124515592086,209,246,1007.3060291883287,1011.3060291883287,4.0,9.682354508539827,5.6640369842940705,402.6649950950149,509375,2.802633965372661,26.67309976065426,27.830022888875757,-1.5704162244392645,27.87429606489338,0,0,0,1,0,2,2,1,2
363,2017,4,18,3,42841.125,48.52953754113047,-49.930955301972986,221,243,1007.7208760411694,1009.7208760411694,2.0,9.72221828744436,4.023618737664001,274.589974853026,236875,0.4148468528407102,3.83578535885244,74.78989570085581,67.20075515306713,100.54586014395306,0,0,1,0,0,4,4,1,1
363,2017,4,18,6,42841.25,48.52953754113047,-49.930955301972986,221,243,,,,9.72221828744436,,0.0,0,0.0,,0.0,0.0,0.0,0,3,0,0,0,4,4,0,0
368,2017,4,14,18,42837.75,55.235281182539,43.673945623295104,465,249,994.8319520708269,996.8319520708269,2.0,9.711179604719,3.762730026260978,203.42144725641097,130000,-1.6538152324171096,-13.947609609636531,33.023758436017744,13.694766097915606,35.750737610811214,2,0,0,2,0,6,6,1,1
368,2017,4,14,21,42837.875,55.90939019547977,44.72973889350587,465,253,991.9017231256158,995.9017231256158,4.0,12.30749693738425,10.575422456349552,243.0766805410715,185625,-2.930228945211129,-24.513877380973785,21.933934830326898,24.985834081461643,33.24739691896732,0,0,0,0,0,6,6,1,1
368,2017,4,15,0,42838.0,56.73271562790179,46.10702704568078,465,258,989.498944406356,1007.498944406356,18.0,14.292791059897967,10.92777164204912,1365.9040304482387,5861250,-2.4027787192598042,-19.9097319243579,28.002310393945038,30.51653702092217,41.41724784613478,0,0,2,0,0,5,5,1,3
368,2017,4,15,3,42838.125,57.705526614259995,47.27922602142671,464,263,987.9592876251683,1007.9592876251683,20.0,15.909836479985618,10.063536744751836,1384.1342519671603,6018750,-1.5396567811878048,-12.619054001486369,23.21245604823921,36.05721542237359,42.88287420179404,0,0,0,0,0,5,5,1,2
368,2017,4,15,6,42838.25,58.50620541630288,48.21220976010922,463,267,986.6095607297373,1006.6095607297373,20.0,17.08800428732642,10.857411351179543,1268.0937490046772,5051875,-1.3497268954309403,-10.966597741826238,18.065194418957958,29.67714021967073,34.743113001179786,0,0,0,0,0,6,6,1,2
368,2017,4,15,9,42838.375,58.967838853126246,49.14890369773435,463,270,985.9694885331469,991.9694885331469,6.0,17.16830303647845,9.666125711771455,417.9384524584394,548750,-0.6400721965903358,-5.175240723412737,17.89792434909771,17.110432048083126,24.760908320942,0,0,0,2,0,6,6,1,1
368,2017,4,15,12,42838.5,60.074962895476716,50.22220194458677,461,275,984.9724447864116,990.9724447864116,6.0,17.938361246851557,4.975375568586751,414.83283647526247,540625,-0.9970437467352895,-7.970336197879164,19.845576382921752,41.03552555852924,45.582466583491154,0,0,0,0,0,6,6,1,1
368,2017,4,15,15,42838.625,60.876027553579135,50.67924971638495,459,278,984.2402532818146,988.2402532818146,4.0,18.64841363231891,6.033833792696096,309.34108930758305,300625,-0.7321915045969944,-5.806952277489703,8.244923010917532,29.691441965082397,30.8149392571495,0,0,0,0,0,6,6,1,1
368,2017,4,15,18,42838.75,61.34809309133958,51.092771657336066,458,280,983.3060871502653,1005.3060871502653,22.0,19.610823905700162,4.731069744485722,1183.2859383306088,4398750,-0.9341661315494275,-7.375192961884401,7.34917260152827,17.497097614232246,18.97784926826603,0,0,2,0,0,7,7,1,2
368,2017,4,15,21,42838.875,61.454367139105614,52.08517228055889,459,282,982.2290317435852,1004.2290317435852,22.0,20.22732964483031,2.969250926564491,1140.2179359148497,4084375,-1.0770554066800104,-8.494701855165076,17.577046693225213,3.9390449818548197,18.013013235572082,0,0,0,0,0,9,9,1,2
368,2017,4,16,0,42839.0,61.22759499272925,52.99486473076328,461,283,981.6428931556177,1005.6428931556177,24.0,20.304082580868275,4.275082556616471,1230.9163489997377,4760000,-0.58613858796758,-4.632867563363982,16.229276131709025,-8.40530406044952,18.276721262520514,0,0,0,0,0,7,7,1,2
368,2017,4,16,3,42839.125,61.69018755151236,53.450698893602045,460,285,980.9932828663613,1004.9932828663613,24.0,21.386981382665724,4.235380050646781,1177.3022596816602,4354375,-0.6496102892563794,-5.112053377628485,8.012480025475169,17.145981880068764,18.925763677862115,0,0,0,1,0,7,7,1,3
368,2017,4,16,6,42839.25,61.963241809265156,54.19358224861307,460,287,981.2650248512182,1004.3767813837534,23.111756532535217,21.23788253554662,4.574087453382454,1155.0395276646652,4191250,0.27174198485692613,2.132999215850451,12.942401657547666,10.12074938693514,16.429708725916004,0,0,0,0,0,5,7,2,0
368,2017,4,16,9,42839.375,60.88504019631611,62.93673721030838,474,301,980.2344574250064,1004.2344574250064,24.0,21.355184708167233,7.024424486430944,1155.5561312809525,4195000,-0.1423239587470016,-1.1286610365779646,14.211180996610164,7.925222411174516,16.271656817453984,0,0,0,0,2,9,9,1,1
368,2017,4,16,12,42839.5,61.19481141037828,64.13978225865313,474,304,980.2896747479492,1002.2896747479492,22.0,21.912676347839998,5.7003952780286635,1039.6446543280229,3395625,0.055217322942771714,0.43657761817085783,21.485034169484916,11.481662474746424,24.360526809737397,0,0,0,0,0,9,9,1,1
368,2017,4,16,15,42839.625,61.60338997260196,64.76242093239473,473,306,980.0598719071132,1002.0598719071132,22.0,23.113779079384496,5.474002382756662,1000.34329341996,3143750,-0.2298028408359096,-1.8098930688196233,10.975254060484925,15.143954418333593,18.702822169842616,0,0,0,0,0,11,11,1,1
368,2017,4,16,18,42839.75,61.91104471774586,64.98310652189998,472,307,980.4657109869231,1002.4657109869231,22.0,23.69982747011733,4.6531122717175455,998.8506142098121,3134375,0.40583907980981165,3.1871224063068526,3.8513458609790487,11.403215606042302,12.036037184171839,0,0,0,0,0,10,10,1,1
368,2017,4,16,21,42839.875,62.008052923221435,65.40274584087713,472,308,980.866128178458,1002.866128178458,22.0,23.90023425536354,5.0721162129125155,1016.2266661466506,3244375,0.40041719153494343,3.1417090056135253,7.300180635166298,3.5956067639254323,8.137630202143823,0,0,0,0,0,11,11,1,1
368,2017,4,17,0,42840.0,62.10349488569829,65.82521804236526,472,309,982.5346362202769,1002.5346362202769,20.0,22.372761087929515,5.996313131536881,1002.7269583406286,3158750,1.6685080418188591,13.079700212924594,7.326419270339755,3.5375540054756476,8.135767183644239,0,0,0,0,0,8,8,1,1
368,2017,4,17,3,42840.125,61.89242435263948,66.01409632320542,473,309,984.5072597913324,1002.5072597913324,18.0,20.99107412913386,5.732629339084451,990.7512864080796,3083750,1.972623571055592,15.494032171355789,3.2982606536844425,-7.823324146767374,8.490166314333093,0,0,0,0,0,7,7,1,2
368,2017,4,17,6,42840.25,61.68094224097007,66.20021665564103,474,309,988.565777240671,1002.565777240671,14.0,17.614401670607524,4.619420739576672,989.847270243991,3078125,4.058517449338542,31.94093744867371,3.2725381608113646,-7.838579297905451,8.494282278304539,0,0,0,0,0,5,5,1,2
368,2017,4,17,9,42840.375,63.43927388094927,66.16125981682828,467,312,993.0454044695679,1003.5759428148698,10.530538345301903,13.854178022199132,3.506754400417267,1026.1622153596147,3308125,4.479627228896861,34.69773380303647,-0.6456495379816066,65.17251924143123,65.17571731558174,0,0,0,0,0,9,10,2,0
368,2017,4,17,12,42840.5,63.44319561039044,89.26860424690246,477,358,992.5399848953783,1004.5399848953783,12.0,13.858548028277092,2.09822952048693,1031.2870149534467,3341250,0.9640420805085159,7.466900554136025,15.449667975159244,25.995810855453286,30.240278149765157,0,0,0,0,2,10,10,1,2
368,2017,4,17,15,42840.625,63.899812014484745,91.23997476631268,475,362,992.3593620080865,1000.3593620080865,8.0,15.43447620015987,2.906823313383793,621.5694847364822,1213750,-0.1806228872918291,-1.3934918218357046,32.144763783711554,16.92447585265622,36.32800189382506,0,0,0,2,0,14,14,1,1
368,2017,4,17,18,42840.75,64.76805936329313,93.84817946092505,471,367,991.5816795431083,1003.5816795431083,12.0,17.447255523282976,1.7122195684540202,843.5766351077044,2235625,-0.7776824649781338,-5.956228599010785,41.2072249652046,32.18156675336052,52.28468827519181,0,0,0,0,0,12,12,1,1
368,2017,4,17,21,42840.875,65.3984192799247,95.52754015165618,468,370,990.3543894956213,1004.3543894956213,14.0,19.154979795911807,1.4546284537555039,875.6305946831721,2408750,-1.2272900474870403,-9.351830831234665,25.912385200174253,23.364274896505222,34.89041484708478,0,0,0,0,0,13,13,1,1
368,2017,4,18,0,42841.0,66.0334409493061,96.7570975445059,465,372,989.3177098889931,1005.3177098889931,16.0,20.741264677829626,2.7607567599834875,888.598594087716,2480625,-1.0366796066281676,-7.8599945398978495,18.51181904438386,23.53706264819051,29.94462827347933,0,0,0,0,0,10,10,1,1
368,2017,4,18,3,42841.125,67.36704836574812,97.72661761909723,459,373,988.5840750692544,1002.5840750692544,14.0,21.930223330740883,10.282939033402945,723.7532082493317,1645625,-0.7336348197387997,-5.506859614955379,13.828680862850222,49.43012628130315,51.32806053799556,0,0,0,0,0,13,13,1,1
368,2017,4,18,6,42841.25,67.5613525931276,98.37425902759904,458,374,988.3779637621642,1000.3779637621642,12.0,22.131519488884184,9.034726566483586,623.8059280414735,1222500,-0.20611130709017744,-1.5449511574581734,9.162449455129295,7.201881436729617,11.654079811229618,0,0,0,0,0,16,16,1,1
368,2017,4,18,9,42841.375,68.4645395524262,98.72338064168298,454,374,989.1801494307106,999.1801494307106,10.0,22.167381247709354,11.36592115874897,500.07219912042757,785625,0.8021856685464445,5.974802980606955,4.750037511093299,33.4766025618436,33.81191765399334,0,0,0,0,0,16,16,1,1
368,2017,4,18,12,42841.5,68.94937581212028,98.30346273136304,452,373,989.8953504117767,999.8953504117767,10.0,22.179186182157867,18.626318531224243,475.81289027118754,711250,0.7152009810661548,5.30938813766827,-5.590552764769044,17.970444110435125,18.819966571222682,0,0,0,0,0,17,17,1,1
368,2017,4,18,15,42841.625,69.1404048430416,99.00477912527731,451,374,990.9751764346454,1000.9751764346454,10.0,21.4398976482159,17.692775949990683,492.8592414615001,763125,1.0798260228686558,8.006000966058336,9.255967899360876,7.080486360092177,11.653592958802463,0,0,0,0,0,16,16,1,1
368,2017,4,18,18,42841.75,69.62543397530646,98.57771652501653,449,373,992.1169614286576,1002.1169614286576,10.0,20.434462390966583,16.09361297313051,547.5473715116874,941875,1.1417849940122686,8.438456772204953,-5.510971852371834,17.97759292755514,18.803315086082964,0,0,0,0,0,15,15,1,1
368,2017,4,18,21,42841.875,69.88358196175659,98.03944455083665,448,372,993.6234741450087,1003.6234741450087,10.0,18.777826056515085,13.149271405893307,601.5634229698453,1136875,1.5065127163509897,11.11552038267421,-6.861713695974333,9.568248805587446,11.774315268887076,0,0,0,0,0,16,16,1,1
368,2017,4,19,0,42842.0,70.13977871290025,97.48738819714364,447,371,994.9645045223677,1004.9645045223677,10.0,17.45543149680701,9.602374949992154,657.9524642479541,1360000,1.3410303773591294,9.878460159757724,-6.951447822813201,9.49592631666475,11.768400207539704,0,0,0,0,0,18,18,1,1
368,2017,4,19,3,42842.125,70.36526962287196,97.5729486405434,446,371,995.9088330456185,999.9088330456185,4.0,15.788803085405306,7.481926551196884,302.5129621649952,287500,0.9443285232507332,6.946406050162548,1.0656267788200802,8.35781506443966,8.425475243754086,0,0,0,0,0,16,16,1,2
368,2017,4,19,6,42842.25,70.59063289344587,97.66047533446633,445,371,996.0268421615426,1000.0268421615426,4.0,14.998431323072692,6.5025644957442275,331.08604176942123,344375,0.1180091159240692,0.8668560025706792,1.0780889223535812,8.353084113281547,8.422368427470866,0,0,0,0,0,16,16,1,2
368,2017,4,19,9,42842.375,70.59063289344587,97.66047533446633,445,371,996.9244137312169,998.9244137312169,2.0,13.79567199886495,6.098282558266801,162.6637921881437,83125,0.8975715696743282,6.59326440009609,0.0,0.0,0.0,0,0,0,2,0,18,18,1,1
368,2017,4,19,12,42842.5,70.59063289344587,97.66047533446633,445,371,997.8403916705313,1001.8403916705313,4.0,12.7910679940796,5.93717680839356,304.4794810016416,291250,0.9159779393143254,6.728471514250158,0.0,0.0,0.0,0,0,0,0,0,14,14,1,1
368,2017,4,19,15,42842.625,70.59063289344587,97.66047533446633,445,371,997.8863062112688,1001.8863062112688,4.0,12.537901484585765,7.309549130840824,292.8220032558322,269375,0.045914540737576316,0.3372730566785486,0.0,0.0,0.0,0,0,0,0,0,15,15,1,1
368,2017,4,19,18,42842.75,70.81586800684805,97.7500364229193,444,371,997.4076547058025,1001.4076547058025,4.0,12.598771136879277,8.16587927022265,282.79914940409105,251250,-0.47865150546625956,-3.511179803199817,1.0908306391386406,8.348333970844296,8.41929875773728,0,0,0,0,0,15,15,1,1
368,2017,4,19,21,42842.875,70.61963954484497,97.00126755749534,445,370,998.362054993173,1000.362054993173,2.0,11.393245918181528,6.434331235425561,141.75087853467357,63125,0.9544002873705176,7.009459976915467,-9.209469210692996,-7.273203146001951,11.735152625582462,0,0,0,0,0,14,14,1,1
368,2017,4,20,0,42843.0,70.81586800684805,97.7500364229193,444,371,,,,9.24055906921706,,0.0,0,1.8497033478334197,,9.119751933429592,7.273203146001951,11.664877167390383,0,2,2,0,0,14,17,0,0
372,2017,4,17,6,42840.25,78.22625126659021,-0.5456575934157205,359,307,1016.3733512546575,1020.3733512546575,4.0,8.24390563015071,14.396154718876932,238.53279052439012,178750,,,,,,3,0,0,0,0,4,4,1,1
372,2017,4,17,9,42840.375,78.35991289706514,7.193470055295539,366,308,1016.0631792143972,1022.0631792143972,6.0,9.542654729195437,10.385781865095268,323.1801841141507,328125,-0.31017204026022227,-2.1940571978831684,57.83369992082353,4.954165065284065,58.045504546226006,0,0,0,0,0,7,7,1,1
372,2017,4,17,12,42840.5,78.35991289706514,7.193470055295539,366,308,1015.5268037269968,1021.5268037269968,6.0,10.73382841162067,12.640660020813593,324.7154905426913,331250,-0.5363754874003643,-3.794147589549143,0.0,0.0,0.0,0,0,0,0,0,6,6,1,1
372,2017,4,17,15,42840.625,78.38595789147347,6.095861544595816,365,308,1015.0487950425559,1021.0487950425559,6.0,11.422538587020354,12.052063635619124,333.18249174678584,348750,-0.4780086844410107,-3.3809633589991557,-8.19006594469199,0.9653570808972537,8.246762666164338,0,0,0,0,0,7,7,1,1
372,2017,4,17,18,42840.75,78.16210991249469,5.9805995247634485,365,307,1014.7987179525968,1018.7987179525968,4.0,11.701319376169115,9.905911829443358,277.83114908082075,242500,-0.2500770899590862,-1.770234352717026,-0.8764099368953898,-8.296919867359053,8.343079387304567,0,0,0,0,0,8,8,1,1
372,2017,4,17,21,42840.875,75.86474600885182,16.132840530485385,377,299,1013.8100864241638,1017.8100864241638,4.0,12.987985739177068,7.027933637054957,273.1371076480198,234375,-0.9886315284328885,-7.063303299477717,91.78203166451844,-85.15173691380889,125.19888033007798,0,0,0,0,0,6,6,1,1
372,2017,4,18,0,42841.0,75.80039029281755,17.002852638757364,378,299,1012.148765733554,1018.148765733554,6.0,14.651188309446118,9.740946363837065,341.1481381100423,365625,-1.6613206906098639,-11.872714163121696,7.9101373847763705,-2.385343041195791,8.261969188408894,0,0,0,0,0,6,6,1,1
372,2017,4,18,3,42841.125,74.13030712986831,22.02727866917134,386,294,1011.5351748050409,1017.5351748050409,6.0,14.520250732798035,4.478966333189674,342.31246961133036,368125,-0.6135909285131492,-4.4195281592490625,50.90964462731071,-61.90159159815108,80.14735777593268,0,0,0,0,0,7,7,1,1
372,2017,4,18,6,42841.25,74.06960504116395,24.577666975276568,389,295,1009.3620982053851,1017.3620982053851,8.0,16.298872550221994,5.365280901202495,482.86850345578216,732500,-2.17307659965576,-15.656802655594266,25.94363153208621,-2.249921433551341,26.041009264807915,0,0,0,0,0,8,8,1,1
372,2017,4,18,9,42841.375,74.38190869331116,26.012375912129833,390,297,1008.3183203075765,1018.3183203075765,10.0,17.425211928849738,9.20142576327482,540.0476212482546,916250,-1.0437778978086134,-7.508746287810302,14.316295523442067,11.575527230445966,18.41057164178569,0,0,0,0,0,8,8,1,1
372,2017,4,18,12,42841.5,74.28144409356801,26.748104162921464,391,297,1005.9887836589937,1017.9887836589937,12.0,19.69528061235887,14.02156440506631,504.0347983130112,798125,-2.3295366485827254,-16.766502473879736,7.387661126242995,-3.723717932938548,8.273065463314675,0,0,0,0,0,11,11,1,1
372,2017,4,18,15,42841.625,74.07917462211765,26.384307992668962,391,296,1005.7081074051334,1019.7081074051334,14.0,19.675457045155074,16.82453811042593,638.6192462437864,1281250,-0.2806762538602925,-2.0221483635437454,-3.6988000319297067,-7.49711301345191,8.359893851758716,0,0,0,0,0,10,10,1,1
372,2017,4,18,18,42841.75,73.87306957667818,27.814293855775233,393,296,1005.375893270878,1019.375893270878,14.0,19.222308962843027,15.041997047521436,653.0966601401967,1340000,-0.33221413425548235,-2.395929989909987,14.721920790240869,-7.639278469571793,16.585943665941638,0,0,0,0,0,9,9,1,1
372,2017,4,18,21,42841.875,73.65704474610216,29.207596471142715,395,296,1006.0950895162729,1018.0950895162729,12.0,18.018048032058655,11.918647119532034,506.59386665817544,806250,0.7191962453948508,5.192544573138402,14.531221430264566,-8.006955063101213,16.591194219763157,0,0,0,0,0,11,11,1,1
372,2017,4,19,0,42842.0,73.23613563166163,30.173520029644333,397,295,1006.9079780716507,1018.9079780716507,12.0,17.007870536169914,8.555915856256542,552.4306321871637,958750,0.8128885553778673,5.881825307137493,10.326166829870191,-15.600986034747198,18.708834454735243,0,0,0,0,0,12,12,1,1
372,2017,4,19,3,42842.125,73.0040036258205,31.483431891208678,399,295,1007.4379797383581,1019.4379797383581,12.0,15.94727586465099,7.655496652345681,625.2394173190522,1228125,0.5300016667073941,3.839655509013513,14.191660385019002,-8.603967120453024,16.596128304323102,0,0,0,0,0,10,10,1,1
372,2017,4,19,6,42842.25,72.95316634115224,33.166354693839324,401,296,1007.8037245870551,1017.8037245870551,10.0,15.048853712252901,6.943885709417665,535.0513563075481,899375,0.3657448486969224,2.650398713191978,18.28556642472326,-1.8842827131650752,18.382395404737093,0,0,0,0,0,11,11,1,1
372,2017,4,19,9,42842.375,72.94122594368174,35.88864295521601,404,298,1009.1505131871882,1015.1505131871882,6.0,13.504513128511567,7.389432415160119,286.98899464971794,258750,1.34678860013315,9.76023304660174,29.59717964887492,-0.4425705402795188,29.60048837183095,0,0,0,0,0,12,12,1,1
372,2017,4,19,12,42842.5,73.62286172031472,36.634113875967415,403,301,1009.3302868241179,1015.3302868241179,6.0,12.74320213541177,7.144677305196237,263.875515352797,218750,0.17977363692974904,1.2981799226409811,7.790709983582767,25.26481339366986,26.438720806144463,0,0,0,0,0,10,10,1,1
372,2017,4,19,15,42842.625,73.66637944015486,37.73675525941544,404,302,1009.7968165846374,1015.7968165846374,6.0,11.339946896652874,7.328035204873668,279.25959628100287,245000,0.46652976051947914,3.3681500671835365,11.493525700604822,1.6129832217877371,11.606155603998781,0,0,0,0,0,11,11,1,1
372,2017,4,19,18,42842.75,73.8447333502775,38.224343830600986,404,303,1009.8562801507592,1015.8562801507592,6.0,10.221245832878015,7.800163317044935,293.5006183102318,270625,0.059463566121703476,0.42891292160034333,5.0284899295746825,6.610683317619283,8.305831981065104,0,0,0,0,0,12,12,1,1
372,2017,4,19,21,42842.875,74.19766266274152,39.23211110208585,404,305,1009.8817930222497,1015.8817930222497,6.0,9.242492695490768,6.190916352924542,289.7485676944319,263750,0.0255128714905004,0.18370099131574885,10.171793280054716,13.08131633671718,16.57064318707726,0,0,0,0,0,11,11,1,1
372,2017,4,20,0,42843.0,74.22661494141931,40.38007651833961,405,306,1009.4082706035657,1015.4082706035657,6.0,8.626562585859189,7.3234040793193,278.54628835670917,243750,-0.47352241868386047,-3.40902867705497,11.566138068633023,1.0731155012564029,11.615813647856049,0,0,0,0,0,10,10,1,1
372,2017,4,20,3,42843.125,74.54528736196478,40.28524548129506,404,307,1008.8579175213438,1012.8579175213438,4.0,7.6587441263707925,6.798916522101353,194.4204181260938,118750,-0.5503530822219909,-3.9560015549881133,-0.9366412769359685,11.81158547539955,11.848664410992905,0,0,0,0,0,13,13,1,1
372,2017,4,20,6,42843.25,74.54528736196478,40.28524548129506,404,307,,,,7.6587441263707925,,0.0,0,0.0,,0.0,0.0,0.0,0,3,0,0,0,13,13,0,0
389,2017,4,17,21,42840.875,45.00775108313147,-106.48875370589126,172,415,1000.5624917531402,1010.5624917531402,10.0,16.919845436089506,16.89929500131824,419.3640567770972,552500,,,,,,3,0,0,0,0,14,14,1,3
389,2017,4,18,0,42841.0,44.505663175553295,-105.40770364064203,169,412,1000.4459266394239,1006.4459266394239,6.0,15.604763124885103,13.029900598316162,250.73133533983872,197500,-0.11656511371635134,-1.1520829049137524,28.576315102169605,-18.609876017424856,34.10180743307327,0,0,0,2,0,11,11,1,1
389,2017,4,18,3,42841.125,44.27404150003989,-102.95135837845757,166,404,1002.7935519842105,1010.7935519842105,8.0,15.062049540611731,12.368514443826426,415.79088125351103,543125,2.3476253447866475,23.29900600905708,65.1861680766823,-8.585051739334306,65.74906555905203,0,0,0,0,0,14,14,1,1
389,2017,4,18,6,42841.25,44.86722838609049,-101.02345596374315,167,397,1004.2467647626733,1012.2467647626733,8.0,14.567980843405827,5.87315247581988,503.44239677826437,796250,1.4532127784627664,14.27162914073501,50.64395721034806,21.986457426969984,55.210639482907,0,0,0,0,0,17,17,1,1
389,2017,4,18,9,42841.375,45.643741980283515,-99.09614198165895,169,390,1002.5562435338646,1010.5562435338646,8.0,16.87461180756511,12.860054518584729,355.9875326987192,398125,-1.6905212288086477,-16.38065194659007,49.94085874832148,28.781457381598692,57.64079858510446,0,0,0,0,0,17,17,1,1
389,2017,4,18,12,42841.5,45.85184852071847,-97.32852003774644,169,384,1001.505966126489,1011.505966126489,10.0,18.47929763167604,15.105264245139843,313.4935044929087,308750,-1.0502774073755428,-10.140930372309082,45.6326166344691,7.713463832639335,46.27994409251011,0,0,0,0,0,18,18,1,1
389,2017,4,18,15,42841.625,46.256385340300255,-95.5758502409776,170,378,1002.201455450388,1012.201455450388,10.0,17.801099236613993,16.203235978552183,323.1801841141507,328125,0.6954893238989461,6.669736662834054,44.916385612036244,14.994147326140094,47.352995158565534,0,0,0,0,0,18,18,1,1
389,2017,4,18,18,42841.75,46.5998180603595,-94.0964171152877,171,373,1003.7874113494789,1011.7874113494789,8.0,15.395344947107466,15.288630237714388,337.6310530587642,358125,1.5859558990909135,15.1228197421661,37.676122483615984,12.729325371442846,39.768403661858144,0,0,0,0,0,14,14,1,1
389,2017,4,18,21,42841.875,46.68056086288722,-92.27847110648264,171,367,1004.9649986513698,1010.9649986513698,6.0,12.983284087038525,12.19564865307104,287.33539066554385,259375,1.1775873018908896,11.21390407969184,46.22750617597749,2.992730001381924,46.32427830102923,0,0,0,0,0,15,15,1,1
389,2017,4,19,0,42842.0,47.19861626393993,-89.53918597232135,173,358,1008.0700366901067,1012.0700366901067,4.0,11.07664507486986,6.2040005515347,277.472888262447,241875,3.1050380387368204,29.319803821969607,68.98298140673569,19.20171077262475,71.60556836138916,0,0,0,0,0,17,17,1,1
389,2017,4,19,3,42842.125,47.65506664130622,-87.98228400751277,175,353,1008.7741513545185,1012.7741513545185,4.0,12.26098468619536,5.71350281986779,270.9431997691338,230625,0.7041146644118998,6.600228988924938,38.870026114574415,16.918322076041758,42.39231713431549,0,0,0,0,0,14,14,1,1
389,2017,4,19,6,42842.25,48.104953633031,-87.02016951232171,177,350,1009.2885188126546,1013.2885188126546,4.0,12.604933668918845,7.121259039969955,292.8220032558322,269375,0.514367458136112,4.787465535362794,23.812960042106813,16.675050347726195,29.070850865879024,0,0,0,0,0,14,14,1,1
389,2017,4,19,9,42842.375,48.02597667777079,-85.45727539361708,177,345,1009.7430047855088,1013.7430047855088,4.0,12.984558015259747,7.597510149724257,331.9861414142728,346250,0.45448597285416326,4.235361024724517,38.74163531296048,-2.927278915590047,38.852069038496325,0,0,0,0,0,14,14,1,1
389,2017,4,19,12,42842.5,46.39273676188385,-83.19318627690262,171,337,1011.6000938544163,1015.6000938544163,4.0,13.46594329111471,3.6737024283842046,401.42792613437354,506250,1.8570890689075168,17.7690471941126,57.87750290644771,-60.535997546671055,83.75208858086124,0,0,0,0,0,12,12,1,1
389,2017,4,19,15,42842.625,47.192142203574136,-79.65394343559771,176,326,1011.8510711935543,1015.8510711935543,4.0,14.43942514022535,6.276428624684195,378.20696067608395,449375,0.25097733913789855,2.3701405185672395,89.13600512634024,29.62994314933718,93.931682306429,0,0,0,0,0,12,12,1,1
389,2017,4,19,18,42842.75,46.53454175361356,-78.57131996644225,174,322,1011.4642476850522,1015.4642476850522,4.0,14.087581299776552,9.953382356024376,298.54106607209235,280000,-0.38682350850198416,-3.6925208950782404,27.60411870454709,-24.373944598264753,36.824944599198055,0,0,0,0,0,13,13,1,1
389,2017,4,19,21,42842.875,46.09624979459641,-77.45492894200538,173,318,1013.2291604178042,1015.2291604178042,2.0,11.62849124247761,7.639936021317408,203.9098547955877,130625,1.7649127327519818,16.970960366577625,28.693994264380002,-16.245280743937446,32.97354171595185,0,0,0,0,0,12,12,1,1
389,2017,4,20,0,42843.0,45.094971342309265,-77.42343255238546,169,317,1016.0804198936719,1016.0804198936719,0.0,8.835037225175071,6.508056195178942,14.104739588693906,625,2.8512594758677006,27.890331725021657,0.8241161532522089,-37.11236135094875,37.12151037441023,0,0,0,3,0,12,12,1,1
389,2017,4,20,3,42843.125,45.094971342309265,-77.42343255238546,169,317,,,,8.835037225175071,,0.0,0,0.0,,0.0,0.0,0.0,0,3,0,0,0,12,12,0,0
393,2017,4,18,0,42841.0,43.304326763253016,8.090091341446806,388,159,1009.5926704268418,1013.5926704268418,4.0,8.059505422794292,8.727100312488183,1032.636489145962,3350000,,,,,,3,0,0,0,0,0,0,1,1
393,2017,4,18,3,42841.125,43.304326763253016,8.090091341446806,388,159,1008.4862882580294,1012.4862882580294,4.0,8.765800514594181,6.586205869486585,406.1087413230311,518125,-1.1063821688124154,-11.175883954099627,0.0,0.0,0.0,0,0,0,0,0,0,0,1,1
393,2017,4,18,6,42841.25,42.55017209659333,9.943403013329684,395,157,1007.7121344462264,1013.7121344462264,6.0,9.987121080647466,5.028192027479017,579.6687619690783,1055625,-0.7741538118029712,-7.931400336992014,50.60408997528044,-27.952724279291786,57.81114699485201,0,0,0,0,0,0,0,1,1
393,2017,4,18,9,42841.375,42.46295311606754,10.491477012331599,397,157,1007.2724194736561,1013.2724194736561,6.0,10.97348549333352,4.192615524192661,515.7399525364794,835625,-0.4397149725703639,-4.512478819269385,14.98615414667513,-3.2327693805261806,15.33087127255251,0,0,0,0,0,0,0,1,1
393,2017,4,18,12,42841.5,43.33458712494427,11.254413325201856,399,161,1005.9399559287069,1013.811319633439,7.871363704732066,12.296854299371196,7.462818262008949,644.2022307568618,1303750,-1.3324635449491324,-13.452060634546259,20.568332569846234,32.30709322598363,38.29888480643,0,0,0,1,0,1,0,2,0
393,2017,4,18,15,42841.625,42.377046036971855,14.743562836470735,412,160,1003.3915722940569,1007.3915722940569,4.0,13.846932478315143,16.213743743541055,241.43425172789108,183125,-2.548383634649945,-26.19517755832931,95.52913602774794,-35.49123701208138,101.90899732043145,0,0,1,3,0,0,0,1,1
393,2017,4,18,18,42841.75,42.8942467014961,15.771948056854868,415,163,1002.9056090672536,1012.9056090672536,10.0,15.540411199735182,9.680862500211298,565.5982988081821,1005000,-0.4859632268032874,-4.946544206291459,27.924822833916586,19.170029984096868,33.871607282454164,0,0,0,0,0,0,0,1,1
393,2017,4,18,21,42841.875,42.92430779978145,16.658904569563276,418,164,1003.5113118064179,1013.5113118064179,10.0,16.101005013218533,12.817513129185972,575.5355986470404,1040625,0.6057027391642623,6.161875214919894,24.072755668637914,1.1142138728984334,24.098527715121897,0,0,0,0,0,1,1,1,1
393,2017,4,19,0,42842.0,42.86780487670468,17.814121020757213,422,165,1005.1768560947775,1013.1768560947775,8.0,14.077979824664007,14.47843327763032,569.9780939530319,1020625,1.6655442883595242,16.961743830582726,31.382199890352,-2.0942794622417367,31.452002741065257,0,0,0,1,0,2,2,1,2
393,2017,4,19,3,42842.125,42.752552692168415,20.73616854006055,432,168,1005.4406839692425,1011.4406839692425,6.0,13.351777760146385,17.220654948126978,492.4554239078655,761875,0.26382787446505973,2.692638529182044,79.52400695389761,-4.271819401711636,79.63865972631882,0,0,0,0,0,2,2,1,2
393,2017,4,19,6,42842.25,43.213634603798724,22.456938999942125,437,172,1006.9177176498208,1008.9177176498208,2.0,12.3845829827403,13.210740798260085,173.32194179790176,94375,1.4770336805783153,14.945059547631061,46.482638422646446,17.089989780288462,49.52477587451408,0,0,0,2,0,3,3,1,1
393,2017,4,19,9,42842.375,42.292445359679064,20.53981871774793,432,166,1007.3788300240806,1009.3788300240806,2.0,12.33113091412432,14.06555704734121,142.4508871303252,63750,0.4611123742596828,4.747524297889061,-52.561913253376666,-34.14385680854754,62.67820739793132,0,0,3,0,0,2,2,1,1
393,2017,4,19,12,42842.5,41.479527466636284,21.370622269343183,436,164,1006.4789734506946,1012.4789734506946,6.0,12.203608717164709,14.326433157617357,425.2526356040208,568125,-0.8998565733859141,-9.41249593555382,23.070328423270446,-30.13078182831371,37.94870310225371,0,0,0,0,0,2,2,1,1
393,2017,4,19,15,42842.625,41.38904251107267,21.62433700083639,437,164,1006.4158118524333,1010.4158118524333,4.0,11.624990760012961,15.649957606827375,241.43425172789108,183125,-0.06316159826135845,-0.661853152542221,7.055178916306037,-3.3538226654443655,7.811765230236862,0,0,0,0,0,1,1,1,1
393,2017,4,19,18,42842.75,40.69279994504169,22.774969548886446,442,163,1007.1033547540152,1011.1033547540152,4.0,11.063096764050202,8.90503629786952,249.13937425834396,195000,0.68754290158191,7.3058498452610845,32.336303550692,-25.80621368554439,41.371453831192284,0,0,0,3,0,2,2,1,1
393,2017,4,19,21,42842.875,40.69279994504169,22.774969548886446,442,163,1007.9120110766848,1011.9120110766848,4.0,11.119654453806767,10.070256685492277,257.3873444091637,208125,0.8086563226697036,8.59280439991862,0.0,0.0,0.0,0,0,0,1,0,2,2,1,2
393,2017,4,20,0,42843.0,40.36817372759985,22.917903086055855,443,162,1006.983600134869,1012.983600134869,6.0,11.36012610877563,9.266459661575135,518.4331298696469,844375,-0.9284109418158186,-9.930911833708798,4.036405241342174,-12.032262811782054,12.691253509568233,0,0,0,0,0,2,2,1,1
393,2017,4,20,3,42843.125,41.001476173139864,24.690146067864966,448,167,1006.6758499419954,1012.6758499419954,6.0,12.194083258119115,6.47958934028371,526.0519530436449,869375,-0.3077501928736456,-3.2498488634699783,49.57350963324582,23.47333965854698,54.85007321857493,0,0,0,0,0,2,2,1,1
393,2017,4,20,6,42843.25,41.226012650480676,24.80359402428782,448,168,1007.06376065617,1013.06376065617,6.0,12.81353922703058,10.007315564155215,526.996561369576,872500,0.3879107141745044,4.077993736104829,3.162605822762751,8.32243904231325,8.903093125604874,0,0,0,0,0,2,2,1,1
393,2017,4,20,9,42843.375,41.78953064581365,27.85444908113826,457,175,1006.3830113475129,1014.3830113475129,8.0,13.814445645481499,10.689351508788969,619.4855579675225,1205625,-0.6807493086569594,-7.077425201805969,84.30767463420854,20.886780717979477,86.85644254163607,0,0,0,0,0,2,2,1,1
393,2017,4,20,12,42843.5,41.14172279023824,30.26619628104911,466,177,1005.1987091644464,1013.1987091644464,8.0,13.043440110545006,7.879872307600235,587.1706697995212,1083125,-1.1843021830664657,-12.471179802755023,67.31708866024547,-24.01098232682547,71.47109694128442,0,0,0,0,0,1,1,1,1
393,2017,4,20,15,42843.625,41.81907537700665,31.67049428252933,469,182,1004.3264134174542,1010.3264134174542,6.0,13.634190237073511,12.049183650323393,398.69286350903053,499375,-0.872295746992313,-9.063614030514504,38.79024369492747,25.106057066071866,46.20602890659094,0,0,0,0,0,4,4,1,2
393,2017,4,20,18,42843.75,42.53343586993939,33.49689300671164,473,188,1005.0748305450012,1013.0748305450012,8.0,13.95402740462675,12.954068212124985,517.8571995346242,842500,0.7484171275469998,7.6701626182780975,49.8826392055451,26.477754203142307,56.474323030494176,0,0,0,0,0,1,1,1,2
393,2017,4,20,21,42843.875,42.021522907638655,35.79417649036347,481,191,1005.5675698928009,1014.4042036649352,8.836633772134373,13.38754377469474,10.8250174771803,540.0476212482546,916250,0.492739347799652,5.099714342580075,63.25455154160622,-18.974041430476273,66.03902284963904,0,0,0,0,0,2,1,2,0
393,2017,4,21,0,42844.0,44.15243191013626,39.08687755575192,485,205,1006.8625664807951,1008.8625664807951,2.0,12.07264145314955,6.228134278566867,219.41825422078801,151250,1.2949965879942464,12.88026157289286,87.55931670360162,78.98209007298354,117.91863505781645,0,0,0,2,0,2,2,1,1
393,2017,4,21,3,42844.125,44.619341149045546,40.680105846349385,488,210,1008.157979429162,1008.157979429162,0.0,10.007269895067374,11.704807447715211,14.104739588693906,625,1.2954129483668657,12.77757531009032,42.03258356989042,17.30597952339495,45.45585780539167,0,0,0,0,0,3,3,1,1
393,2017,4,21,6,42844.25,44.48344741292233,41.30861401354873,490,211,1009.0991997418693,1009.0991997418693,0.0,8.990930509934937,14.66559642558888,14.104739588693906,625,0.9412203127073008,9.30631657740873,16.620301127942273,-5.0368980065584354,17.366771464839154,0,0,0,0,0,2,2,1,1
393,2017,4,21,9,42844.375,43.37334209289954,44.799665922992155,502,216,1009.007716181354,1011.007716181354,2.0,7.647720678022273,21.717288244043594,129.27207364566027,52500,-0.09148356051518931,-0.9229228506759142,94.05016910997813,-41.14602654255618,102.65685466570764,0,0,0,0,0,3,3,1,1
393,2017,4,21,12,42844.5,43.37334209289954,44.799665922992155,502,216,,,,7.647720678022273,,0.0,0,0.0,,0.0,0.0,0.0,0,3,0,0,0,3,3,0,0
395,2017,4,18,3,42841.125,42.52865490264265,34.501349358118674,476,190,1006.156686308986,1012.156686308986,6.0,8.551738366581086,3.4799004770386817,698.4338913430956,1532500,,,,,,3,0,0,0,0,2,2,1,3
395,2017,4,18,6,42841.25,42.30792724334329,35.3442206334628,479,191,1005.6900552067076,1011.5118735515638,5.821818344856147,9.614005570997307,6.524937999490139,577.7780656404763,1048750,-0.4666311022783339,-4.8029175986422725,23.103813773690394,-8.18126529473917,24.5095759390543,0,0,0,0,0,2,3,2,0
395,2017,4,18,9,42841.375,42.30792724334329,35.3442206334628,479,191,1005.3214312421885,1011.3214312421885,6.0,9.902016042186617,6.290156304783815,587.8479141651161,1085625,-0.3686239645190653,-3.794154564120465,0.0,0.0,0.0,0,0,0,0,0,2,2,1,2
395,2017,4,18,12,42841.5,41.5854470902097,36.45967234416049,484,191,1005.9813527489991,1010.1357462445816,4.154393495582335,8.12573103118805,8.438699079029028,559.586767653868,983750,0.6599215068106423,6.888384191753122,30.923862540089186,-26.77870920994686,40.907023129888394,0,0,0,0,0,3,4,2,0
395,2017,4,18,15,42841.625,46.80639818869169,37.874983651098205,475,211,1003.7906600388321,1009.7906600388321,6.0,13.207991199844496,6.548454509179646,536.7219457003138,905000,-0.34508620574939414,-3.27939585258342,75.90875503116888,45.7053024849273,88.60651085343959,0,0,0,0,2,3,3,1,1
395,2017,4,18,18,42841.75,46.506407255174594,35.3266445675965,469,205,1003.5876701223947,1011.5876701223947,8.0,14.31277402549191,9.206440198066849,615.781334498246,1191250,-0.20298991643750924,-1.9385936868300035,-65.00744718820864,-11.119156615488784,65.9515263945233,0,0,0,0,0,2,2,1,1
395,2017,4,18,21,42841.875,46.75885408706195,35.92671722950629,470,207,1002.5623595158212,1010.5623595158212,8.0,15.745633874177416,11.517290320871908,604.5324954663436,1148125,-1.0253106065734756,-9.751250584910517,15.237079210358587,9.356935651122035,17.88073901274722,0,0,0,0,0,3,3,1,2
395,2017,4,19,0,42842.0,47.29192942784337,36.0386899521129,469,209,1002.40970064679,1006.40970064679,4.0,15.954176400188084,9.708207112358505,193.39444569737623,117500,-0.15265886903114734,-1.439336187552125,2.8149725334520785,19.758424471404265,19.957940974867036,0,0,0,0,0,4,4,1,1
395,2017,4,19,3,42842.125,47.68119367193462,36.40408856307903,469,211,1002.7488460024944,1006.7488460024944,4.0,15.985428996004007,8.73250440302967,187.12051592547775,110000,0.33914535570438603,3.1777599304155597,9.11821766301708,14.42806968902552,17.067837833232822,0,0,0,0,0,4,4,1,1
395,2017,4,19,6,42842.25,47.68119367193462,36.40408856307903,469,211,1003.8593014792582,1007.8593014792582,4.0,14.982909127763754,9.087728725075358,180.62879984608918,102500,1.1104554767637456,10.404862868433792,0.0,0.0,0.0,0,0,0,0,0,6,6,1,1
395,2017,4,19,9,42842.375,48.11549295098698,37.21485985670384,470,214,1006.1850205267386,1008.1850205267386,2.0,12.733994855058894,8.48763239730928,126.94265629824517,50625,2.3257190474805247,21.643015625907868,20.063040081632327,16.0972921586708,25.722526939606645,0,0,0,0,0,5,5,1,1
395,2017,4,19,12,42842.5,48.95499036162678,38.8844964337146,472,220,1009.3615947015434,1009.3615947015434,0.0,10.010505760067812,8.691855859340357,14.104739588693906,625,3.1765741748047005,29.180757669167615,40.63609818325163,31.11595099812962,51.181001182830244,0,0,0,0,0,5,5,1,1
395,2017,4,19,15,42842.625,48.95499036162678,38.8844964337146,472,220,,,,10.010505760067812,,0.0,0,0.0,,0.0,0.0,0.0,0,3,0,0,0,5,5,0,0
397,2017,4,17,15,42840.625,65.41526649310603,-51.709836807756936,274,292,986.8744066204736,998.8744066204736,12.0,25.64774746620878,9.272697750125008,359.6017119844745,406250,,,,,,3,0,0,0,0,5,5,1,1
397,2017,4,17,18,42840.75,66.91818673219385,-50.9468630539735,280,295,985.630786402016,1001.630786402016,16.0,25.880463300624612,13.765152471601832,438.6097781198323,604375,-1.2436202184575087,-9.365825544129365,11.086811476127897,55.705701912664246,56.79826242315698,0,0,0,0,0,6,6,1,1
397,2017,4,17,21,42840.875,68.34553538070953,-51.75908112697051,284,300,986.4436527570314,1002.4436527570314,16.0,24.380074627425977,11.886666966773992,444.46717889267717,620625,0.812866355015285,6.059333943713365,-11.108854171706843,52.90464275597044,54.05837461619711,0,0,0,0,0,7,7,1,1
397,2017,4,18,0,42841.0,68.94449932082523,-52.82371073188527,285,303,988.4526604430176,1010.4526604430176,22.0,22.225292585279853,13.360735813626379,825.0971270557076,2138750,2.009007685986289,14.914620250765097,-14.176868879266555,22.200583794633364,26.341023747046243,0,0,0,0,0,7,7,1,1
397,2017,4,18,3,42841.125,69.21679068801508,-53.8129016377444,285,305,990.3751834121884,1006.3751834121884,16.0,20.056669307827875,17.703811268116624,522.6372270336906,858125,1.9225229691708228,14.24666456334743,-13.00957514296401,10.092472866874228,16.465328844849093,0,0,0,0,0,10,10,1,2
397,2017,4,18,6,42841.25,71.12199400517373,-54.7003919439458,291,311,992.5476323622457,1006.5476323622457,14.0,17.937769032701702,12.115581397499046,533.189006917714,893125,2.172448950057296,15.90680050893127,-10.643158283225263,70.6163143648087,71.41386891011629,0,0,0,0,0,11,11,1,2
397,2017,4,18,9,42841.375,72.12457403828165,-54.21102654081666,295,313,996.6027901139022,1006.3978397423468,9.795049628444685,15.02524553363206,13.133218641396379,493.86734077921125,766250,4.05515775165637,29.520001422040426,5.567512917996339,37.16060441224481,37.575360548841104,0,0,0,0,0,10,13,2,0
397,2017,4,18,12,42841.5,78.51266210468567,-65.18580300946486,313,338,997.6912842197379,1009.6912842197379,12.0,21.223125200967882,23.484132763473973,783.0353876176522,1926250,1.2934444773910219,9.144420469585812,24.450021448827037,16.45729423054055,29.47280241576436,0,0,0,0,2,15,15,1,1
397,2017,4,18,15,42841.625,78.39900199043224,-66.6559890384225,312,339,998.901921465266,1006.901921465266,8.0,19.31038611232246,17.89715427832627,473.50768323302583,704375,1.2106372455281962,8.562456911556607,-10.957861687006076,-4.212809355607698,11.739782596720069,0,0,0,0,0,15,15,1,1
397,2017,4,18,18,42841.75,78.39900199043224,-66.6559890384225,312,339,1000.6682339611573,1006.6682339611573,6.0,17.31485717330717,16.325270535464515,377.4171088692805,447500,1.7663124958911793,12.49257338998661,0.0,0.0,0.0,0,0,0,0,0,13,13,1,1
397,2017,4,18,21,42841.875,78.39900199043224,-66.6559890384225,312,339,1003.0914586880452,1009.0914586880452,6.0,15.107673314440675,15.244875961130164,433.36224206596097,590000,2.423224726888002,17.138707228476555,0.0,0.0,0.0,0,0,0,0,0,14,14,1,1
397,2017,4,19,0,42842.0,78.91951589384247,-64.21267181718562,315,338,1005.9734681134156,1010.8917889947747,4.918320881359104,13.259845178799507,15.445640700029617,424.315954652552,565625,2.882009425370343,20.346441647345678,17.403535986949176,19.29283510239129,25.98262017459164,0,0,0,1,0,15,16,2,0
397,2017,4,19,3,42842.125,81.080711312575,-57.30801581742793,326,338,1009.1248003444657,1011.1248003444657,2.0,11.824922443975701,11.866077954651336,332.88380724771235,348125,3.1513322310501826,22.100313177228404,39.65530953444428,80.10465535017374,89.38288081642203,0,0,1,0,0,12,12,1,1
397,2017,4,19,6,42842.25,81.080711312575,-57.30801581742793,326,338,,,,11.824922443975701,,0.0,0,0.0,,0.0,0.0,0.0,0,3,0,0,0,12,12,0,0
399,2017,4,18,3,42841.125,47.986533010743784,104.37751144778831,537,405,,,,11.536535405195899,,0.0,0,,,,,,0,0,0,0,0,15,15,0,0
399,2017,4,18,6,42841.25,50.219171440937956,108.95580519742397,524,416,995.4283288038216,1001.4283288038216,6.0,8.174156772186658,15.061117519289619,388.32886652883644,473750,,,108.56230329625402,82.75268882308772,136.50560869223884,3,0,0,3,0,19,19,1,1
399,2017,4,18,9,42841.375,50.87774318001801,110.34057492778933,520,419,994.9252847099598,996.9252847099598,2.0,7.963782373316694,12.940675819940298,111.95289977703462,39375,-0.5030440938618267,-4.492376396951931,32.38535016066484,24.409945405728685,40.554362770724545,0,0,0,0,0,19,19,1,1
399,2017,4,18,12,42841.5,51.06760057144104,111.52039701722055,518,422,995.0142347060795,1001.0142347060795,6.0,9.131417657507985,20.260063402391097,416.98534186215187,546250,0.08894999611962703,0.7922267850394222,27.479819279666305,7.037059570737481,28.366541471339577,0,0,2,0,0,19,19,1,2
399,2017,4,18,15,42841.625,45.15610379545334,110.57324599346273,542,428,995.9949489270516,1001.9949489270516,6.0,10.422847723485525,11.708533228596643,426.88688178511666,572500,0.9496429407900723,9.279315314233115,41.32630639370494,1.7111866698891538,41.3617185325463,0,0,0,0,2,20,20,1,1
399,2017,4,18,18,42841.75,46.02395819936191,111.94040916395622,537,431,995.6444476125715,1001.6444476125715,6.0,11.126933540018886,10.88867777253523,348.07571077095474,380625,-0.3505013144800614,-3.374433578008207,35.185349957074585,32.16700226025698,47.673104430204525,0,0,0,0,0,19,19,1,1
399,2017,4,18,21,42841.875,46.51152154893168,112.8409932043297,534,433,995.3411386938337,1003.3411386938337,8.0,12.635926971354042,11.63362721085192,423.846837920229,564375,-0.3033089187377482,-2.896414643010061,22.972368152995948,18.071523629995458,29.22857616898686,0,0,0,0,0,20,20,1,1
399,2017,4,19,0,42842.0,46.76527654401611,113.63808926769066,532,435,997.9389581824446,1005.9389581824446,8.0,12.393696985981435,11.183776275554628,480.8040711568258,726250,2.5978194886108397,24.70404455128506,20.2374584712735,9.40542268803433,22.316287803241615,0,0,0,0,0,23,23,1,1
399,2017,4,19,3,42842.125,46.68953963773768,114.59479895892241,531,438,997.7558719279338,1005.7558719279338,8.0,12.847965856670617,11.291818199387853,445.36147995563624,623125,-0.18308625451085392,-1.743232423749881,24.323969263434236,-2.8071865793053634,24.485419686407777,0,0,0,0,0,22,22,1,1
399,2017,4,19,6,42842.25,46.48595482838254,115.14478563067895,531,440,997.265524990063,1003.265524990063,6.0,12.977457848708518,21.63207303090647,343.7623383178156,371250,-0.49034693787078143,-4.684496635342359,14.035871004068007,-7.545865980730113,15.935675958112887,0,0,0,0,0,22,22,1,2
399,2017,4,19,9,42842.375,46.283119464998514,116.36306924229316,530,444,999.4589556475414,1005.4589556475414,6.0,10.965486685008104,15.224477374454725,442.89780690443814,616250,2.193430657478457,21.02559409290885,31.206555665655245,-7.518087784136271,32.09938878613763,0,0,0,0,0,27,27,1,2
399,2017,4,19,12,42842.5,46.28184611947122,117.03633368163692,529,446,1001.6937716201696,1007.6937716201696,6.0,11.073189369807574,11.271306662702264,431.52205438136946,585000,2.2348159726281303,21.42275704150271,17.24630944181972,-0.047196520833807584,17.246374021068277,0,0,0,0,0,19,19,1,2
399,2017,4,19,15,42842.625,45.95555739210497,117.16673502769007,530,447,1004.3451941495274,1010.1570412950078,5.811847145480424,9.732159577059285,9.594947759672287,551.1687560327193,954375,2.6514225293578058,25.5558914161159,3.360203537647168,-12.093883701478859,12.552011424441604,0,0,0,0,0,22,23,2,0
399,2017,4,19,18,42842.75,43.92584110956598,121.5042667192042,530,464,1004.3513952906892,1010.3513952906892,6.0,8.747942732929928,6.408378687701043,481.8373929400896,729375,0.006201141161873238,0.06193038850232664,115.77976613927865,-75.2313843820633,138.07503555425149,0,0,1,0,0,20,20,1,1
399,2017,4,19,21,42842.875,43.74517960298846,122.383617610077,529,467,1005.1538657311198,1011.1538657311198,6.0,8.218999147174074,4.1063484895865985,554.4077775845346,965625,0.8024704404306249,8.04058134158996,23.545880409843544,-6.696214323794155,24.47953779271251,0,0,0,0,0,22,22,1,1
399,2017,4,20,0,42843.0,43.74517960298846,122.383617610077,529,467,,,,8.218999147174074,,0.0,0,0.0,,0.0,0.0,0.0,0,3,0,0,0,22,22,0,0
403,2017,4,18,15,42841.625,64.26484106445099,69.17910714668918,466,319,1007.2467921404875,1009.2467921404875,2.0,7.827108978191477,3.7442604382643183,254.66770370415514,203750,-0.2788613565271953,-2.1447436871349814,31.794597201715476,-14.241119533088876,34.83828205831997,2,0,0,2,0,12,12,1,1
403,2017,4,18,18,42841.75,64.0676956877027,70.93371827743378,468,322,1006.4782123039298,1008.4782123039298,2.0,8.302182395095697,4.616407739361603,230.9045385777095,167500,-0.7685798365577647,-5.92106087379089,28.439319044080747,-7.307188568613738,29.363069874730286,0,0,0,0,0,11,11,1,1
403,2017,4,18,21,42841.875,63.09428865367155,74.15378884624418,474,327,1005.5588319487648,1007.5588319487648,2.0,8.989023702430222,3.075947921720217,244.7080859684159,188125,-0.9193803551649035,-7.142850148935553,54.00387067006081,-36.079307914797,64.94716704336986,0,0,0,0,0,12,12,1,1
403,2017,4,19,0,42842.0,62.36326009961496,77.95436761473421,479,334,1004.7010792763867,1006.7010792763867,2.0,9.851234194156754,2.977537916618603,249.13937425834396,195000,-0.8577526723781194,-6.708028516635266,65.33438646854162,-27.095555481133598,70.73012923819626,0,0,0,0,0,14,14,1,1
403,2017,4,19,3,42842.125,61.93526805582862,80.95533346558936,482,340,1002.7744580349777,1002.7744580349777,0.0,11.86337997884218,3.286137963402652,14.104739588693906,625,-1.9266212414090114,-15.126668169705923,52.325928790837956,-15.863514637758396,54.67772782848808,0,0,0,0,0,13,13,1,1
403,2017,4,19,6,42842.25,61.49661013109919,85.21746751552607,485,349,1001.1612655037821,1001.1612655037821,0.0,12.400288704141222,2.9411444073215534,14.104739588693906,625,-1.6131925311955273,-12.718100963629729,75.37437112889172,-16.258845254114636,77.10801431805355,0,0,0,0,0,13,13,1,1
403,2017,4,19,9,42842.375,62.054800972156784,91.15967520848356,483,362,1000.2620822969039,1002.2620822969039,2.0,10.77920239819979,3.915847435507457,398.19356104198965,498125,-0.8991832068782242,-7.052015696037448,103.17792068582507,20.689329875021247,105.23179979325572,0,0,2,0,0,16,16,1,2
403,2017,4,19,12,42842.5,62.66726530898717,94.50777079340136,480,369,998.406370796945,1002.406370796945,4.0,12.081069107950418,6.230796034486266,453.11132913285775,645000,-1.8557114999589976,-14.47253148827093,56.97366660094584,22.70097566875421,61.329707175797786,0,0,0,0,0,13,13,1,1
403,2017,4,19,15,42842.625,64.09176126019288,98.27139868797445,473,376,996.6998926491858,1000.6998926491858,4.0,13.361447898177621,3.446056058461254,364.81957343404355,418125,-1.7064781477591895,-13.143850643013124,60.94249180376692,52.798907599930175,80.6331938533887,0,0,0,1,0,17,17,1,2
403,2017,4,19,18,42842.75,64.92891888527676,99.58955170914825,469,378,994.880229384483,1000.880229384483,6.0,14.572110388998228,3.9046994158368036,431.0607800064717,583750,-1.819663264702831,-13.918344498797683,20.70253416743598,31.029226903711237,37.3015796340564,0,0,0,0,0,16,16,1,2
403,2017,4,19,21,42842.875,64.84836947827996,100.60385825987136,469,380,993.9849667340751,1001.6927109616547,7.707744227579533,15.221061259578505,4.474426370243673,513.6139777837209,828750,-0.8952626504078216,-6.8522495735901074,15.978383641749378,-2.9855618007566322,16.254916889023498,0,0,0,0,0,15,16,2,0
403,2017,4,20,0,42843.0,64.30929084903141,101.4087182028818,471,382,992.9015973514103,1012.6738745366918,19.772277185281418,16.30977586553029,6.539375966357475,1257.3803783816238,4966875,-1.0833693826648232,-8.3291632875978,12.932521856830068,-19.980936211647496,23.801006984396974,0,0,2,0,0,16,17,2,0
403,2017,4,20,3,42843.125,61.72534486711946,106.9847325319886,479,396,991.9036401495766,1011.9036401495766,20.0,16.785581218492432,3.0809907956454845,1271.4622819635379,5078750,-0.997957201833633,-7.85074658660527,97.87162759496937,-95.77389463740066,136.93609597949072,0,0,1,0,0,17,17,1,2
403,2017,4,20,6,42843.25,61.87939679519218,109.01809183701988,477,400,992.4790575855702,1010.4790575855702,18.0,15.279025430670716,3.0785766954266,1265.895466954725,5034375,0.575417435993586,4.520182920210103,35.52093038663812,5.709930947166231,35.97693437403746,0,0,0,0,0,16,16,1,2
403,2017,4,20,9,42843.375,62.295280383940664,110.80241829047954,474,403,992.3095369924465,1000.3095369924465,8.0,15.749578799377987,6.105149168771022,507.3786755975666,808750,-0.16952059312374332,-1.3265556527523272,30.74665053138419,15.41471504785463,34.39433033082086,0,0,0,2,0,14,14,1,1
403,2017,4,20,12,42843.5,63.07104720465579,111.93538222623904,470,404,994.0942140664655,1012.0942140664655,18.0,14.900088465342533,2.5046023578413585,1318.3216521636507,5460000,1.7846770740189823,13.868369550287959,19.01789301256047,28.753778240900473,34.4740484678559,0,0,2,0,0,14,14,1,2
403,2017,4,20,15,42843.625,63.40987791501067,112.75097634278764,468,405,994.4483896838913,1000.4483896838913,6.0,14.896278397957138,3.6074966767133447,410.49396584912694,529375,0.35417561742578985,2.744033151664425,13.530994843909008,12.558751994278015,18.46104203775275,0,0,0,2,0,17,17,1,1
403,2017,4,20,18,42843.75,64.1359353330163,112.87006326823798,465,404,994.5845445307122,1012.5845445307122,18.0,15.211070679195656,5.84780769731995,1317.7178867772031,5455000,0.1361548468208639,1.048316698192026,1.9255320082230594,26.91130044495801,26.98009942816165,0,0,0,0,0,13,13,1,1
403,2017,4,20,21,42843.875,64.69413736126279,111.1843288450461,464,400,995.3742320403404,1009.3742320403404,14.0,15.25145358044354,12.134244208923555,1023.4444143301267,3290625,0.7896875096282747,6.05185911737904,-26.707040638249886,20.689744527903986,33.78359880597483,0,0,0,0,0,13,13,1,2
403,2017,4,21,0,42844.0,64.88758146228929,114.14554196042167,461,405,996.601620235709,1010.601620235709,14.0,14.335621770439822,7.188337308186892,1101.8862337429834,3814375,1.2273881953685486,9.391289243593773,46.57627091281299,7.170000874487935,47.12491829896267,0,0,0,0,0,14,14,1,2
403,2017,4,21,3,42844.125,65.41737315254544,115.27111601172507,458,406,997.8531488032254,1001.8531488032254,4.0,13.283384424076047,5.034621291914373,282.44719015209296,250625,1.2515285675163614,9.535082273047315,17.355240844157894,19.636716044976758,26.206964757288738,0,0,0,2,0,13,13,1,1
403,2017,4,21,6,42844.25,65.93009704013798,115.24399900253543,456,405,999.9746003100375,1003.9746003100375,4.0,11.505112379629935,4.539294598950801,329.5804130409127,341250,2.1214515068121544,16.097552836494184,-0.4099273801484161,19.004098356588685,19.00851900606389,0,0,0,0,0,12,12,1,1
403,2017,4,21,9,42844.375,66.14153665169869,116.68618372284641,454,407,1002.6328442789262,1004.6328442789262,2.0,9.864451957824713,4.829201244072902,196.9619693713725,121875,2.65824396888871,20.1376702738768,21.620745521042906,7.83700403241517,22.997288298618784,0,0,0,0,0,14,14,1,1
403,2017,4,21,12,42844.5,66.33072594512537,114.48914071703686,455,403,1004.9943582407443,1006.9943582407443,2.0,9.258888737716562,8.296468889687457,197.4663542417147,122500,2.3615139618181273,17.863785802053133,-32.690280117046406,7.012296534838445,33.43391566693119,0,0,0,0,0,15,15,1,1
403,2017,4,21,15,42844.625,66.33072594512537,114.48914071703686,455,403,1007.1019274640718,1009.1019274640718,2.0,8.078793881791789,8.254625409764122,219.87113035631398,151875,2.1075692233274457,15.942808629229921,0.0,0.0,0.0,0,0,0,0,0,15,15,1,1
403,2017,4,21,18,42844.75,65.91291342619104,114.04422326936782,457,403,1008.6354215148184,1008.6354215148184,0.0,7.547647854207174,8.392167963451866,14.104739588693906,625,1.5334940507466672,11.6376971311147,-6.7303111059389265,-15.486210798026914,16.885491182185085,0,0,0,0,0,19,19,1,1
403,2017,4,21,21,42844.875,65.91291342619104,114.04422326936782,457,403,,,,7.547647854207174,,0.0,0,0.0,,0.0,0.0,0.0,0,3,0,0,0,19,19,0,0
414,2017,4,18,12,42841.5,32.05966465243308,70.75915346489437,593,278,999.1919893397837,1003.1919893397837,4.0,8.028632269572107,8.956196049947685,727.8646967789732,1664375,,,,,,3,0,0,0,0,10,10,1,4
414,2017,4,18,15,42841.625,32.05966465243308,70.75915346489437,593,278,999.7813662729044,1005.7813662729044,6.0,8.620785841609822,9.824724906641569,792.1290066269493,1971250,0.5893769331206568,7.692741364913438,0.0,0.0,0.0,0,0,0,0,0,9,9,1,2
414,2017,4,18,18,42841.75,31.243368127510962,70.76932762433871,596,277,1000.1879641738666,1008.1879641738666,8.0,9.349718824186915,12.3785410868076,1072.5168302626648,3613750,0.40659790096222426,5.431140291773244,0.32241415795952644,-30.25601073630754,30.257728542717974,0,0,0,0,0,7,7,1,2
414,2017,4,18,21,42841.875,30.998904921379207,70.84438755456033,597,277,998.9257330824598,1004.9257330824598,6.0,9.797798875292854,11.410384315110713,709.5959774456053,1581875,-1.2622310914068657,-16.97985475270702,2.384747754937685,-9.061022757704677,9.36958671822415,0,0,0,0,0,9,9,1,2
414,2017,4,19,0,42842.0,31.243368127510962,70.76932762433871,596,277,998.9232900879487,1006.9232900879487,8.0,10.368524487435176,10.616758411105401,1006.0941497019325,3180000,-0.002442994511075085,-0.032632352233696066,-2.3786125895020693,9.061022757704677,9.368027074394043,0,0,0,0,0,10,10,1,2
414,2017,4,19,3,42842.125,30.423688883995364,70.77924811242468,599,276,1000.2574448783397,1008.2574448783397,8.0,9.139773847803498,8.430908013983789,943.3319010626958,2795625,1.3341547903910396,18.253301946222553,0.3170716027436765,-30.3813911182614,30.383045612348333,0,0,0,0,0,8,8,1,2
414,2017,4,19,6,42842.25,30.092401769099432,70.64100582430528,600,275,1000.3492909645377,1006.3492909645377,6.0,8.399645248094432,10.153412179592415,756.4139213521679,1797500,0.09184608619791107,1.2691133341039453,-4.433330522114593,-12.279148813046938,13.054957490978852,0,0,1,0,0,9,9,1,1
414,2017,4,19,9,42842.375,30.005670438608757,70.42922418720521,600,274,997.7308958844279,1003.7308958844279,6.0,8.424681672536364,13.462435249072804,805.5769860523593,2038750,-2.6183950801097673,-36.275328463142245,-6.79763389740557,-3.214694643898511,7.519447337182901,0,0,0,1,0,10,10,1,2
414,2017,4,19,12,42842.5,29.67269855417772,70.29359034551575,601,273,995.6987829338448,1001.6987829338448,6.0,9.076889668062005,14.10949370865841,735.3427222422987,1698750,-2.032112950583105,-28.439636354962982,-4.368026954501521,-12.341594754669815,13.091776829893844,0,0,0,0,0,8,8,1,2
414,2017,4,19,15,42842.625,29.67269855417772,70.29359034551575,601,273,996.7326908980749,1002.7326908980749,6.0,8.911051635476403,13.217460279696313,634.8699814766996,1266250,1.0339079642301658,14.469651659258734,0.0,0.0,0.0,0,0,0,0,0,8,8,1,3
414,2017,4,19,18,42842.75,30.092401769099432,70.64100582430528,600,275,997.4656900869159,1003.4656900869159,6.0,8.668843258686177,11.509827008870126,606.0115767743621,1153750,0.7329991888409131,10.128456017612391,11.14136034400447,15.556289398568326,19.13447282176765,0,0,0,0,0,11,11,1,2
414,2017,4,19,21,42842.875,30.092401769099432,70.64100582430528,600,275,996.8270389445391,1004.8270389445391,8.0,8.252082439318347,10.714617096005677,900.9385160867895,2550000,-0.6386511423767661,-8.824771029269023,0.0,0.0,0.0,0,0,0,0,0,10,10,1,2
414,2017,4,20,0,42843.0,30.346904469530827,71.27964492245158,600,278,996.9485620871059,1004.9485620871059,8.0,8.830731594399825,2.0116006054535682,940.0573501216556,2776250,0.1215231425667298,1.6664290037834502,20.42774854206105,9.43313636843703,22.500599375199023,0,0,0,0,0,9,9,1,2
414,2017,4,20,3,42843.125,30.100568553740796,71.35179243666217,601,278,998.3426588598677,1006.3426588598677,8.0,8.658913561698855,2.6292130457227176,884.6719350439434,2458750,1.3940967727618407,19.258651337660286,2.313527734402986,-9.130434695397586,9.41898340081199,0,0,0,0,0,11,11,1,2
414,2017,4,20,6,42843.25,29.003902807828446,70.02634043259201,603,271,998.7653670785643,1004.7653670785643,6.0,8.798291269480012,5.640859991143734,705.0959179312472,1561875,0.4227082186966436,6.039996918079062,-42.966334651960175,-40.64788905677465,59.146908610645866,0,0,0,0,0,11,11,1,2
414,2017,4,20,9,42843.375,29.376276528129335,67.76500910751149,598,262,996.8284859334185,1000.8284859334185,4.0,9.600776514923078,17.277260560376234,600.0733778009262,1131250,-1.9368811451457442,-27.355617485587082,-73.03771192785281,13.802022837739605,74.33036524913287,0,0,1,0,0,7,7,1,2
414,2017,4,20,12,42843.5,29.376276528129335,67.76500910751149,598,262,994.7446353645317,1000.7446353645317,6.0,10.368585724464532,20.23421362743924,671.7173986622078,1417500,-2.0838505688868465,-29.431345956595678,0.0,0.0,0.0,0,0,0,0,0,4,4,1,3
414,2017,4,20,15,42843.625,29.4746512048542,67.97114545263133,598,263,995.8968657687166,1001.8968657687166,6.0,10.336115233245353,16.267490090950524,576.3991184104392,1043750,1.152230404184811,16.22411098377251,6.651562258853872,3.6462549873678816,7.585410728254231,0,0,1,3,0,9,9,1,1
414,2017,4,20,18,42843.75,29.376276528129335,67.76500910751149,598,262,997.151042465449,1003.151042465449,6.0,10.901278614921143,22.03032220976689,570.152585949758,1021250,1.2541766967324657,17.71341419742555,-6.6580071848997,-3.6462549873678816,7.591062844363837,0,0,0,3,0,6,6,1,2
414,2017,4,20,21,42843.875,28.550331376795242,67.81104932131299,601,261,995.5695484785973,1001.5695484785973,6.0,12.097848027241906,10.363915920462823,513.4202708268847,828125,-1.5814939868517104,-22.925739435744426,1.4989674236411012,-30.613636838341225,30.650312621684304,0,0,0,0,0,5,5,1,2
414,2017,4,21,0,42844.0,27.964529509842947,67.77388548971277,603,260,996.4655199753953,1008.4655199753953,12.0,11.092317030864784,14.437279430133493,1397.2237904863205,6133125,0.8959714967980108,13.237670129888379,-1.2166396788930716,-21.71273187466854,21.74679143159984,0,0,2,0,0,5,5,1,3
414,2017,4,21,3,42844.125,27.37684882152223,67.73734638994513,605,259,998.7166542997811,1000.7166542997811,2.0,10.191947541665604,14.73822084189429,143.8406847937898,65000,2.2511343243857844,33.916757457807314,-1.202638611559305,-21.7823703427487,21.815544856332867,0,0,0,2,0,5,5,1,1
414,2017,4,21,6,42844.25,27.032055934782736,67.61986494804043,606,258,1000.0637931239945,1004.0637931239945,4.0,9.145036778294713,16.43304550755507,586.153336081634,1079375,1.3471388242134708,20.535707096083783,-3.8787337085857123,-12.779739916187872,13.355385711671703,0,0,0,0,0,4,4,1,1
414,2017,4,21,9,42844.375,27.032055934782736,67.61986494804043,606,258,998.2200309717507,1002.2200309717507,4.0,8.808809341265716,16.156490484879686,686.6560411951095,1481250,-1.8437621522438712,-28.106204670800377,0.0,0.0,0.0,0,0,0,0,0,5,5,1,1
414,2017,4,21,12,42844.5,29.4746512048542,67.97114545263133,598,263,996.5358988262,1000.3703964687379,3.834497642537899,9.23907692495058,16.85698007159648,565.9499297397601,1006250,-1.6841321455506841,-23.713613823690316,11.335039264185417,90.53473395931422,91.24155395544527,0,0,0,0,0,4,5,2,0
414,2017,4,21,15,42844.625,28.01456099522861,68.46169185533462,604,263,997.6043724232009,1003.6043724232009,6.0,9.820924637181658,3.697401007792505,674.5251615499275,1429375,1.0684735970008479,15.76041356637341,16.05165232696711,-54.11820791791871,56.44852496454542,0,0,0,0,0,5,5,1,2
414,2017,4,21,18,42844.75,28.64894506705785,68.01475441878998,601,262,998.8159714137965,1004.8159714137965,6.0,10.29101503158005,3.5542712995225156,689.8356904689457,1495000,1.2115989905956668,17.508289325631093,-14.537636766658917,23.513430110509574,27.644606676911344,0,0,1,0,0,7,7,1,1
414,2017,4,21,21,42844.875,27.964529509842947,67.77388548971277,603,260,998.1996999461865,1002.1996999461865,4.0,10.19721621954769,11.470533934365085,488.80605388712996,750625,-0.6162714676100586,-9.105198578123181,-7.885372352283459,-25.36784589296851,26.565140737130598,0,0,0,0,0,7,7,1,2
414,2017,4,22,0,42845.0,28.550331376795242,67.81104932131299,601,261,998.3537170685458,1000.3537170685458,2.0,10.297107575276915,8.103700759382555,146.58075357087597,67500,0.1540171223593643,2.2326714139982595,1.2099720749752838,21.71273187466854,21.746419426734764,0,0,0,2,0,6,6,1,1
414,2017,4,22,3,42845.125,27.37684882152223,67.73734638994513,605,259,1000.7734027820753,1004.7734027820753,4.0,9.16719176242153,10.585113750397795,435.1946487255507,595000,2.4196857135294705,36.45624011898644,-2.4258394606639366,-43.49510221741724,43.562697505922294,0,0,0,0,0,4,4,1,1
414,2017,4,22,6,42845.25,27.37684882152223,67.73734638994513,605,259,1002.0489010155778,1008.0489010155778,6.0,8.566316519474933,9.534594590247144,1027.6152234249575,3317500,1.2754982335025853,19.217318022713922,0.0,0.0,0.0,0,0,0,0,0,4,4,1,1
414,2017,4,22,9,42845.375,27.23165017976987,68.01847863203903,606,260,1000.2283847270962,1004.2283847270962,4.0,8.120850776307947,4.8482645937352205,814.541078776472,2084375,-1.8205162884815946,-27.563822827505774,9.265226171892083,-5.381784106181088,10.714850264089433,0,0,0,0,0,4,4,1,1
414,2017,4,22,12,42845.5,27.714711198901583,69.0248177827498,606,265,998.0077554291586,1002.0077554291586,4.0,8.846882739323103,6.0780092260838865,638.7749880449662,1281875,-2.220629297937703,-33.08102467582298,33.020580861465746,17.9046448623989,37.562415631548845,0,0,0,0,0,3,3,1,1
414,2017,4,22,15,42845.625,27.132305970419345,67.81888912747435,606,259,999.7364643628296,1003.7364643628296,4.0,8.592439099120226,11.440675117346983,610.75313987865,1171875,1.728708933671005,26.26232091533433,-39.77883927073507,-21.586835552830042,45.25867345506165,0,0,0,0,0,4,4,1,1
414,2017,4,22,18,42845.75,27.37684882152223,67.73734638994513,605,259,1001.4130312748025,1007.4130312748025,6.0,8.21129938720104,12.23816913819872,1113.9172882580597,3898125,1.6765669119729136,25.260026778137902,-2.683876829749144,9.063974796612229,9.45298016240836,0,0,0,0,0,5,5,1,1
414,2017,4,22,21,42845.875,27.769622973530513,68.5414333952504,605,263,1001.1573663793971,1003.1573663793971,2.0,7.8860522791359795,4.65322618211816,427.35266139097564,573750,-0.2556648954053526,-3.8017417632499093,26.37089707560546,14.558164340146659,30.122489298311557,0,0,0,0,0,6,6,1,1
414,2017,4,23,0,42846.0,27.769622973530513,68.5414333952504,605,263,,,,7.8860522791359795,,0.0,0,0.0,,0.0,0.0,0.0,0,3,0,0,0,6,6,0,0
418,2017,4,18,21,42841.875,38.02271715095085,-9.904183212973878,321,139,1009.4049545536924,1009.4049545536924,0.0,7.904827323236798,3.355959385166571,14.104739588693906,625,,,,,,3,0,0,0,0,0,0,1,1
418,2017,4,19,0,42842.0,38.47177319600291,-10.247146811017505,320,141,1008.8327736992447,1008.8327736992447,0.0,9.466367796765008,4.637806461951477,14.104739588693906,625,-0.5721808544476517,-6.371966567678369,-9.952357446740038,16.644251329619816,19.392795597108552,0,0,0,0,0,0,0,1,1
418,2017,4,19,3,42842.125,38.13472598831458,-10.706311826970401,318,140,1007.6313913885325,1007.6313913885325,0.0,9.594498358644747,4.860662927911981,14.104739588693906,625,-1.2013823107122152,-13.478946549001712,-13.386419217935513,-12.492646511552248,18.310173028699424,0,0,0,0,0,0,0,1,1
418,2017,4,19,6,42842.25,37.888528349829556,-10.658872093790727,318,139,1007.8539957368677,1009.8539957368677,2.0,9.356021973096654,3.074256104678934,1310.5269091630341,5395625,0.2226043483351532,2.5112845807454174,1.3877042317513177,-9.125309450468498,9.230221860910506,0,0,0,0,0,0,0,1,1
418,2017,4,19,9,42842.375,37.84161908217602,-10.909619131076317,317,139,1008.4156196075963,1010.4156196075963,2.0,9.661118025393435,3.2661631034822496,1177.1332648828738,4353125,0.5616238707286538,6.342568474284651,-7.339505701971041,-1.7386908585619192,7.542638122759981,0,0,0,0,0,0,0,1,1
418,2017,4,19,12,42842.5,39.249530926314876,-8.53723605368269,327,143,1008.5381031273761,1008.5381031273761,0.0,10.559519161537962,5.107904028901321,14.104739588693906,625,0.12248351977978018,1.3412234452313914,68.09265042007081,52.18421807700865,85.78928637970341,0,0,0,0,0,1,1,1,1
418,2017,4,19,15,42842.625,39.5323789966491,-8.316126958663508,328,144,1007.3114171324996,1009.3114171324996,2.0,11.066180378211056,7.187739345989538,227.4320920733615,162500,-1.2266859948764612,-13.351988297086466,6.320826057018106,10.483756810789897,12.241813546646698,0,0,0,0,0,0,0,1,1
418,2017,4,19,18,42842.75,39.60212415968234,-7.79482528667016,330,144,1007.7033906684799,1007.7033906684799,0.0,10.368398330711335,8.186856731059015,14.104739588693906,625,0.39197353598021434,4.260195204929515,14.887405376391206,2.585102762431095,15.110181836540905,0,0,0,0,0,1,1,1,1
418,2017,4,19,21,42842.875,40.23182767405182,-10.316765707103157,321,148,1008.9046742756708,1008.9046742756708,0.0,12.746934831693206,3.9312837248305725,14.104739588693906,625,1.2012836071909987,12.885850012572337,-71.36040770400709,23.339945362711806,75.08036252720473,0,0,0,0,0,1,1,1,1
418,2017,4,20,0,42843.0,39.55752503249725,-11.258314668603777,317,146,1009.2619483833067,1009.2619483833067,0.0,12.202246419722702,1.8416948084434261,14.104739588693906,625,0.35727410763589434,3.8867197552538397,-26.906108869036462,-24.993010921297426,36.72314378405714,0,0,0,0,0,1,1,1,1
418,2017,4,20,3,42843.125,39.65018562014054,-12.08554997769989,314,147,1008.019834630252,1008.019834630252,0.0,12.191062822539402,2.2671637346994977,14.104739588693906,625,-1.2421137530547275,-13.48634202169832,-23.607846749185622,3.434462415279022,23.85636100110405,0,0,0,0,0,1,1,1,1
418,2017,4,20,6,42843.25,39.78653877387106,-12.657819754218814,312,148,1008.2491816124334,1008.2491816124334,0.0,12.070078508966358,3.038393261659294,14.104739588693906,625,0.22934698218145058,2.4830286763703175,-16.29935052963595,5.05392630893974,17.06490547363615,0,0,0,0,0,1,1,1,1
418,2017,4,20,9,42843.375,39.67537379536448,-13.172553423326892,310,148,1009.2263733267496,1009.2263733267496,0.0,11.540938015876085,2.863405047203996,14.104739588693906,625,0.9771917143161408,10.604307255468433,-14.684275818159884,-4.1203272101608635,15.251395104140052,0,0,0,0,0,1,1,1,1
418,2017,4,20,12,42843.5,39.80145059918337,-13.747682944282808,308,149,1009.7748591181825,1009.7748591181825,0.0,11.063396159475717,3.900801990714899,14.104739588693906,625,0.5484857914329041,5.9363349241940115,-16.377250402871006,4.673033650740448,17.03090057100009,0,0,0,0,0,0,0,1,1
418,2017,4,20,15,42843.625,39.619285196375,-14.515561172069798,305,149,1009.7856308020747,1009.7856308020747,0.0,9.963163060662186,2.7672405207795965,14.104739588693906,625,0.01077168389223516,0.11703053073755237,-21.923701787392016,-6.751956200817504,22.939869498326573,0,0,0,0,0,2,2,1,1
418,2017,4,20,18,42843.75,39.79686200635611,-14.837754967818473,304,150,1010.0157314366828,1010.0157314366828,0.0,9.648592513942608,2.4652147217098537,14.104739588693906,625,0.2301006346080976,2.4906492812011596,-9.175336328932348,6.5818801198744215,11.291941492118344,0,0,0,0,0,0,0,1,1
418,2017,4,20,21,42843.875,39.90707159009471,-15.417758354057176,302,151,1011.4630950978867,1011.4630950978867,0.0,9.126729357432538,1.8368999859636823,14.104739588693906,625,1.4473636612038536,15.630455142478787,-16.490640618671726,4.084915526447183,16.98904832156278,0,0,0,0,0,0,0,1,1
418,2017,4,21,0,42844.0,39.94269737192327,-16.254902979862845,299,152,1012.8735453874442,1012.8735453874442,0.0,8.140862013674507,1.0421646782084282,14.104739588693906,625,1.4104502895574842,15.220505144903068,-23.78924591307822,1.3204687323607884,23.825865331316958,0,0,0,0,0,0,0,1,1
418,2017,4,21,3,42844.125,40.27686124771225,-16.916417832002022,297,154,1012.4771297720621,1012.4771297720621,0.0,7.754891090287827,0.6131086714466073,14.104739588693906,625,-0.39641561538213865,-4.248299434001518,-18.706248573157506,12.385775885205376,22.435043569364698,0,0,0,0,0,0,0,1,1
418,2017,4,21,6,42844.25,40.27686124771225,-16.916417832002022,297,154,,,,7.754891090287827,,0.0,0,0.0,,0.0,0.0,0.0,0,3,0,0,0,0,0,0,0
437,2017,4,19,15,42842.625,50.29618128432216,48.736459358178294,490,245,1008.0690910665747,1008.0690910665747,0.0,11.219120623316169,2.661612822705865,14.104739588693906,625,,,,,,3,0,0,0,0,4,4,1,1
437,2017,4,19,18,42842.75,51.14880381333043,48.57633437499735,487,247,1007.2816548741681,1007.2816548741681,0.0,13.942835212899857,6.902448990815318,14.104739588693906,625,-0.7874361924066033,-7.005230853697671,-3.7230422958056875,31.60243318952436,31.820980931371505,0,0,0,0,0,6,6,1,1
437,2017,4,19,21,42842.875,51.48492132769948,48.606308622596664,486,248,1005.9364780529639,1007.9364780529639,2.0,15.768551055019449,6.444107489030795,145.21718204012956,66250,-1.3451768212042226,-11.910954409989762,0.6918392885345698,12.458187451405689,12.477382585122658,0,0,0,0,0,6,6,1,1
437,2017,4,20,0,42843.0,52.46795977533697,49.19090752732529,484,252,1005.0285609430923,1009.0285609430923,4.0,16.917966934570963,6.8476824520074295,258.1591222864905,209375,-0.9079171098716324,-7.932071605962143,13.200305352323774,36.436296024610854,38.75373181240305,0,0,0,0,0,6,6,1,1
437,2017,4,20,3,42843.125,53.62405935398611,49.57392125990087,481,256,1004.2147824942253,1008.2147824942253,4.0,18.43126494011449,5.688992703666518,247.13500240053986,191875,-0.8137784488669422,-7.0025114737189975,8.419599595417008,42.85080261389851,43.67013787478164,0,0,0,0,0,7,7,1,1
437,2017,4,20,6,42843.25,54.622346698287025,49.698680517299444,478,259,1003.2791022907858,1009.2791022907858,6.0,19.364587570524712,6.375825546382112,308.3748992661489,298750,-0.9356802034395514,-7.9506389319856865,2.6772406406036175,37.001496006577085,37.09822535071509,0,0,0,0,0,6,6,1,1
437,2017,4,20,9,42843.375,55.617524625428324,49.830419958289944,475,262,1002.0598688300237,1008.0598688300237,6.0,19.4838015789687,7.1625335133708,297.5398075802073,278125,-1.2192334607621889,-10.235354193780822,2.7574553543249483,36.88624553558684,36.989169627645,0,0,0,0,0,6,6,1,1
437,2017,4,20,12,42843.5,56.279292088370276,49.922418187135996,473,264,1002.3282291686029,1008.3282291686029,6.0,17.99155881989484,11.386129728080851,298.54106607209235,280000,0.26836033857922303,2.235343627475119,1.8929957764255116,24.528394832528967,24.60133301408683,0,0,0,0,0,5,5,1,1
437,2017,4,20,15,42843.625,57.08970161398861,50.32102123270121,471,267,1000.9539722277497,1008.9539722277497,8.0,18.235619351338613,11.818140613192446,353.74506923207105,393125,-1.374256940853229,-11.34113087845812,8.02719264628375,30.03780925106057,31.091892936642694,0,0,0,0,0,10,10,1,1
437,2017,4,20,18,42843.75,57.567784532305,50.682368617855055,470,269,998.855423788871,1008.855423788871,10.0,20.073454501515833,12.854150746669257,379.25753759061985,451875,-2.098548438878643,-17.22596365978162,7.182854850659729,17.720131677402463,19.120577147934846,0,0,0,0,0,7,7,1,1
437,2017,4,20,21,42843.875,58.0438876189037,51.054191894114844,469,271,997.3009264070292,1007.3009264070292,10.0,20.536014872944364,11.506471680449904,384.98446819881906,465625,-1.5544973818417929,-12.69353066927708,7.294182501242374,17.646749263196767,19.09483851514765,0,0,0,0,0,7,7,1,1
437,2017,4,21,0,42844.0,59.88207588103731,53.259437979878804,466,280,996.0282902582602,1008.0282902582602,12.0,20.512859562752496,9.824549717800402,473.92764578407673,705625,-1.2726361487689428,-10.193223190830238,41.01240580412359,68.13240298894551,79.52384401479964,0,0,0,0,0,7,7,1,1
437,2017,4,21,3,42844.125,60.39303767501825,53.086264734926544,464,281,994.9276305432769,1006.9276305432769,12.0,19.66508551673069,9.837327213632598,482.86850345578216,732500,-1.1006597149833397,-8.770747734722104,-3.1711231750260436,18.938786399960847,19.202438712166984,0,0,0,0,0,8,8,1,1
437,2017,4,21,6,42844.25,61.31701169618998,53.98924854060156,462,285,994.3603926832983,1004.3603926832983,10.0,18.642816521196544,8.078603743005152,452.6720548375118,643750,-0.5672378599786316,-4.479641806479008,16.063790008963625,34.24707450188936,37.827337487457925,0,0,0,0,0,7,7,1,1
437,2017,4,21,9,42844.375,61.90918217411386,54.837850966033244,461,288,994.7756696896458,1002.7756696896458,8.0,16.31529714064382,9.376125026767332,455.51976582367814,651875,0.4152770063476055,3.2612966104770282,14.810386279790453,21.948784284606397,26.478230177426703,0,0,0,0,0,8,8,1,1
437,2017,4,21,12,42844.5,62.1729243666551,55.59942371643346,461,290,995.9454904308933,997.9454904308933,2.0,13.795333481293955,8.284292465387988,122.96226898414837,47500,1.1698207412473858,9.16453868074024,13.176732985241605,9.775597917566383,16.406968239448823,0,0,0,3,0,7,7,1,1
437,2017,4,21,15,42844.625,62.68445775351564,57.16502987028694,461,294,995.8742944071012,997.8742944071012,2.0,13.291458849901757,9.691343044002714,118.0087179853287,43750,-0.07119602379214485,-0.5551654782920682,26.628378454000693,18.959972476066593,32.68869981174979,0,0,0,0,0,7,7,1,1
437,2017,4,21,18,42844.75,63.17383674597543,58.787852916326784,461,298,,,,12.692741350551836,,0.0,0,1.0017963063594653,,27.144028273286196,18.13882038931815,32.64682336793128,0,2,2,1,0,10,14,0,0
438,2017,4,18,6,42841.25,68.37403972134118,-24.295776370657997,320,272,1009.5851147094296,1009.5851147094296,0.0,13.43533292806602,8.675200816454234,14.104739588693906,625,,,,,,3,0,0,0,0,6,6,1,1
438,2017,4,18,9,42841.375,69.19458663849635,-20.592331332219903,327,273,1011.1186182176665,1011.1186182176665,0.0,12.56468795595604,8.699779249972199,14.104739588693906,625,1.5335035082368995,11.365547180526523,48.749564751500024,30.41355142049574,57.45871712340811,0,0,0,0,0,7,7,1,1
438,2017,4,18,12,42841.5,69.85559049954524,-19.244729239832903,330,275,1012.2451037794484,1014.2451037794484,2.0,11.542432839428002,8.323505558093748,117.16276644769007,43125,1.126485561781883,8.313050117089146,17.201404970701798,24.500091947034335,29.935644946772424,0,0,0,0,0,9,9,1,1
438,2017,4,18,15,42841.625,70.64868787812198,-18.64559412207739,332,278,1011.0024732830581,1015.0024732830581,4.0,11.873132801807412,9.473691219123138,166.88952945311365,87500,-1.2426304963903385,-9.124700440652644,7.358446778415355,29.396134944276923,30.303126714134798,0,0,0,0,0,8,8,1,1
438,2017,4,18,18,42841.75,71.22238072387962,-17.783888442692525,334,280,1009.9007083598824,1015.9007083598824,6.0,11.73124167646291,7.876770574274052,218.96444142013897,150625,-1.1017649231756514,-8.06237039605225,10.280978242710916,21.26391130017675,23.618900004210182,0,0,0,0,0,8,8,1,1
438,2017,4,18,21,42841.875,71.79101238489122,-16.86865763593896,336,282,1009.1920294996721,1017.1920294996721,8.0,11.228761715779576,6.442730817547126,287.6813695875796,260000,-0.7086788602103479,-5.168704127926442,10.600293016659702,21.07631861131938,23.59189306191625,0,0,0,0,0,10,10,1,1
438,2017,4,19,0,42842.0,72.35417547107238,-15.895268372581311,338,284,1009.0083499180666,1015.0083499180666,6.0,10.314251817888636,7.121729219356203,251.5235374254831,198750,-0.18367958160539274,-1.33540210135699,10.936478908080415,20.873626018946016,23.565119012763503,0,0,0,0,0,11,11,1,1
438,2017,4,19,3,42842.125,72.19601743771456,-15.001318460471486,339,283,1008.6418248576301,1014.6418248576301,6.0,8.749248576575063,4.8637564965264755,311.2644721248978,304375,-0.36652506043654287,-2.6670921042336477,10.131078735082346,-5.862123639157276,11.704838738624476,0,0,0,0,0,9,9,1,1
438,2017,4,19,6,42842.25,72.03352653157668,-14.123186920939592,340,282,1007.9970770386321,1011.9970770386321,4.0,7.9473099203313025,3.1958789913944927,258.54414729132054,210000,-0.6447478189980029,-4.695930776468138,10.039657808895072,-6.022721462802674,11.707600212605989,0,0,0,0,0,10,10,1,1
438,2017,4,19,9,42842.375,71.96553190084786,-11.870264531587909,343,281,1007.1730212783863,1011.1730212783863,4.0,8.603234941594105,3.2021236368880635,287.33539066554385,259375,-0.8240557602458284,-6.00420994136289,25.850579347085013,-2.5202193253720253,25.97313916391157,0,0,0,0,0,11,11,1,1
438,2017,4,19,12,42842.5,73.34879463584868,-7.3647462449826495,350,286,1006.229463024949,1016.229463024949,10.0,9.137958425938862,5.575632999126465,930.3783890122588,2719375,-0.9435582534372224,-6.823285027477203,47.84076855857504,51.27059944952261,70.12427186209159,0,0,0,0,0,9,9,1,1
438,2017,4,19,15,42842.625,72.31666940948509,-9.881406120350205,346,282,1004.069151141148,1017.4613354764849,13.392184335336934,9.976712919179471,1.5784587957381881,1059.4528003434566,3526250,-2.1603118838010413,-15.709348117908082,-28.33226211220227,-38.2556962778323,47.60478310103181,0,0,0,0,0,9,7,2,0
438,2017,4,19,18,42842.75,66.08959356326676,-30.31480296287848,306,268,995.2727880086,1001.2727880086,6.0,24.22649197838163,3.2021451465754946,439.96840742889447,608125,1.8114525321149266,13.728266207667962,34.21653989656717,22.178971081307562,40.775953216557056,0,0,0,0,2,9,9,1,2
438,2017,4,19,21,42842.875,66.44448505587899,-27.66911582270386,311,267,997.7535738521524,997.7535738521524,0.0,20.029881053387747,3.815700224747852,14.104739588693906,625,2.4807858435524395,18.749742911257965,39.186452348298744,13.15404449593152,41.33529888904197,0,0,0,2,0,8,8,1,1
438,2017,4,20,0,42843.0,66.44448505587899,-27.66911582270386,311,267,,,,20.029881053387747,,0.0,0,0.0,,0.0,0.0,0.0,0,3,0,0,0,8,8,0,0
442,2017,4,16,21,42839.875,33.64743348836908,121.08600907665941,566,484,1001.9748554256471,1003.9748554256471,2.0,7.651702283271536,2.6592564794282225,267.6186174229157,225000,,,,,,3,0,0,0,0,19,19,1,1
442,2017,4,17,0,42840.0,34.5575890750322,124.19176905968021,556,493,1000.716756459444,1002.716756459444,2.0,8.423826783678262,2.622691164255666,233.04854500749258,170625,-1.2580989662031061,-15.366428634759334,94.79989982764396,33.734894564713514,100.62337759498867,0,0,0,0,0,15,15,1,1
442,2017,4,17,3,42840.125,35.99166974472446,127.28991092926151,544,500,998.113638438089,1002.113638438089,4.0,9.624739665738742,4.830264685531147,337.33630743029306,357500,-2.60311802135504,-30.6889983128579,92.90738919789955,53.15416495627055,107.0380690211123,0,0,0,0,0,16,16,1,1
442,2017,4,17,6,42840.25,36.85434777812972,130.20690789834237,534,507,993.2674966769127,999.2674966769127,6.0,13.320551153156716,9.971464901736253,360.70648175160983,408750,-4.846141761176259,-55.97868361844949,86.50897803035959,31.975140214123083,92.22913244506894,0,0,0,0,0,12,12,1,1
442,2017,4,17,9,42840.375,37.477392961293816,131.41248377902573,529,509,988.2462008433546,998.2462008433546,10.0,18.24615924110781,15.332150384862253,401.6756447177361,506875,-5.021295833558106,-57.175860519136805,35.461197017608086,23.093154479392457,42.31773006354075,0,0,0,0,0,18,18,1,1
442,2017,4,17,12,42840.5,38.24241374254748,132.4551956201869,524,510,984.3392662256738,1000.3392662256738,16.0,22.375481585328057,26.583164180097373,472.24555477793365,700625,-3.9069346176808177,-43.72936334837735,30.35400582568255,28.35547655102123,41.53791906320158,0,0,0,0,0,20,20,1,1
442,2017,4,17,15,42840.625,38.81377121330344,133.7147333930617,519,512,981.4096736717884,999.4096736717884,18.0,24.934337853566525,18.355809742992932,482.6624575733665,731875,-2.92959255388545,-32.38210033269686,36.37586791087625,21.17735068284339,42.09137617391054,0,0,0,0,0,19,19,1,1
442,2017,4,17,18,42840.75,39.70859020787943,135.0,513,513,979.1755323104233,999.1755323104233,20.0,25.855860963678165,16.11921459086523,565.2464491325708,1003750,-2.2341413613650367,-24.22756813567287,36.64806847642676,33.16644415401185,49.42766372057303,0,0,0,0,0,19,19,1,1
442,2017,4,17,21,42840.875,40.40056687737992,136.13442163097702,508,514,979.5511940427191,995.5511940427191,16.0,24.79839280688591,10.955956156806932,413.3916062826175,536875,0.3756617322958482,4.015662174188662,32.020147968259614,25.64809833495084,41.02578243139975,0,0,0,0,0,22,22,1,1
442,2017,4,18,0,42841.0,41.06922525515559,137.29826274454484,503,515,982.9312430715331,990.9312430715331,8.0,21.866575117632824,7.665855186156914,236.0174359706574,175000,3.3800490288139553,35.64493426638263,32.522008988058346,24.783806422345094,40.8890954827766,0,0,0,0,0,16,16,1,1
442,2017,4,18,3,42841.125,41.75173294997103,137.7170831345058,500,514,982.5646896086662,988.5646896086662,6.0,21.26119718144008,8.736704335646865,184.98192550829796,107500,-0.36655346286686835,-3.8136968776900106,11.58114794626239,25.297131019783134,27.822074429943065,0,0,0,0,0,21,21,1,1
442,2017,4,18,6,42841.25,42.409247604013856,138.53955916854994,496,514,982.1309621875297,990.1309621875297,8.0,20.358479740192355,9.87913641877858,289.7485676944319,263750,-0.433727421136573,-4.455598501272506,22.50844502111565,24.370764574671597,33.17475340108279,0,0,0,0,0,27,27,1,1
442,2017,4,18,9,42841.375,42.8942467014961,139.17043652484213,493,514,982.9138269418793,988.9138269418793,6.0,19.678200071751686,11.871852487857542,196.9619693713725,121875,0.7828647543495754,7.968658740726515,17.13094119085429,17.976479689071734,24.831894170524265,0,0,0,0,0,26,26,1,1
442,2017,4,18,12,42841.5,43.65383320998163,140.65045063385773,487,515,986.9376848364362,990.9376848364362,4.0,16.504946327187312,7.308594994316808,190.8053805118479,114375,4.023857894557004,40.38551284542097,39.689581564857875,28.15405536374819,48.66121369446619,0,0,0,0,0,26,26,1,1
442,2017,4,18,15,42841.625,44.306020520984234,141.137255949262,484,514,986.9321599133579,992.9321599133579,6.0,15.723199875665658,5.598420980707087,399.93839251484076,502500,-0.005524923078337451,-0.05480073205904201,12.912206483982597,24.173306735148984,27.405726313976817,0,0,2,0,0,24,24,1,2
442,2017,4,18,18,42841.75,44.49578847268118,140.95535823954592,484,513,987.5510504599937,991.7038164640951,4.152766004101432,14.1734734344458,6.759396638778635,377.4171088692805,447500,0.6188905466358119,6.117939172105053,-4.809105241834821,7.033744489476744,8.520625257003598,0,0,0,0,0,21,25,2,0
442,2017,4,18,21,42841.875,44.49455425079344,147.39540683375847,466,526,985.0216905304156,1003.0216905304156,18.0,19.752770934942184,7.308097745628547,1092.366324010167,3748750,-0.6821259336794901,-6.743189870814899,8.698635919418393,17.406018110742757,19.458564523882554,0,0,2,0,2,24,24,1,2
442,2017,4,19,0,42842.0,45.012731565989526,148.38289886298597,462,526,984.7002130684989,990.7002130684989,6.0,20.20052082930151,7.714266252221424,319.4653459417435,320625,-0.321477461916802,-3.1491233001677825,25.87516363977178,19.2062295173679,32.22426640993991,0,0,0,2,0,27,27,1,1
442,2017,4,19,3,42842.125,45.68152266800605,148.5774792369043,460,524,984.473762353507,1004.473762353507,20.0,19.47966952822654,6.27350972997665,1114.0065838041774,3898750,-0.2264507149918063,-2.192827281850931,5.038715698045834,24.788725843086848,25.295643593501538,0,0,2,0,0,26,26,1,2
442,2017,4,19,6,42842.25,46.22203178700938,148.52054380732523,459,522,984.0271472152475,990.0271472152475,6.0,19.670728046933505,8.20509978942915,316.9646002738459,315625,-0.4466151382595126,-4.2854953436216014,-1.4600510451414852,20.03395727943009,20.087090215570015,0,0,0,2,0,26,26,1,1
442,2017,4,19,9,42842.375,46.34809888682512,148.77769026126398,458,522,984.9303139812188,1004.9303139812188,20.0,19.58329730687405,9.08644007762654,1070.381542527141,3599375,0.9031667659712548,8.648123728984414,6.579098185708633,4.672673972101234,8.06959819239762,0,0,2,0,0,30,30,1,3
442,2017,4,19,12,42842.5,46.34809888682512,148.77769026126398,458,522,987.2581205143099,1009.2581205143099,22.0,18.54806553638603,7.925383945382637,1242.4186107397618,4849375,2.3278065330910613,22.289525781720883,0.0,0.0,0.0,0,0,0,0,0,22,22,1,1
442,2017,4,19,15,42842.625,46.26529528510926,149.19109654902397,457,523,987.3081572947892,1009.3081572947892,22.0,18.155869830850783,5.685617680353607,1253.9740179716348,4940000,0.0500367804794223,0.47978089496366977,10.59301401763126,-3.0691134729001623,11.02866281501387,0,0,0,0,0,25,25,1,3
442,2017,4,19,18,42842.75,46.33280275573477,150.53551995309752,453,525,987.7114231135548,1009.6436197367791,21.9321966232243,17.483388039838424,3.834737448142478,1274.0413948763469,5099375,0.4032658187655034,3.8623888892269496,34.40633141291976,2.5021627480544355,34.497194954277376,0,0,0,0,0,24,25,2,0
442,2017,4,19,21,42842.875,46.12163744076016,150.68310779638963,453,526,988.492766450902,1011.5488609054845,23.05609445458249,17.135752001746688,3.490280989769963,1372.4426222952206,5917500,0.7813433373472072,7.510000563994287,3.791654259146566,-7.826837236158796,8.696897328485955,0,0,0,0,0,26,27,2,0
442,2017,4,20,0,42843.0,47.029252358752764,161.4682678577908,419,537,985.6004814450661,1011.6004814450661,26.0,19.209964575187342,7.701092429738855,1371.5000851867776,5909375,-1.948379460418364,-18.44845654564413,21.880895950807254,8.736511870362648,23.56056551254746,0,0,0,0,2,24,24,1,2
442,2017,4,20,3,42843.125,47.410100081318475,161.95547634026727,417,536,983.7356892375266,1011.7356892375266,28.0,20.38837765628655,7.090457149051507,1597.6380690995916,8018750,-1.8647922075395764,-17.548725457694218,12.22091365428922,14.116111524480594,18.67124353430072,0,0,0,0,0,21,21,1,2
442,2017,4,20,6,42843.25,47.639396619829476,161.85937622263648,417,535,982.8973658718799,1010.8973658718799,28.0,20.418096758344113,6.512914249860041,1407.3674952828196,6222500,-0.8383233656466473,-7.860233786940248,-2.400021039970351,8.498870593194148,8.831245798422815,0,0,0,0,0,19,19,1,2
442,2017,4,20,9,42843.375,47.94317934395713,162.05896807569675,416,534,982.6268636324646,1010.6268636324646,28.0,20.871294241396534,6.7564313257661714,1390.3725139436315,6073125,-0.27050223941521834,-2.524097985165205,4.95558761493908,11.259699241752637,12.301978524776512,0,0,0,0,0,15,15,1,2
442,2017,4,20,12,42843.5,47.94317934395713,162.05896807569675,416,534,982.2074362339902,1012.2074362339902,30.0,21.341880789093608,6.104607766808258,1470.2119135916441,6790625,-0.41942739847450866,-3.9137415412947227,0.0,0.0,0.0,0,0,0,0,0,16,16,1,2
442,2017,4,20,15,42843.625,48.17217842901423,161.96224259263244,416,533,982.1850268496036,1010.1850268496036,28.0,20.420530758798098,5.418000197006259,1412.2359507604647,6265625,-0.022409384386555757,-0.20835576564022493,-2.390901327815197,8.487845488198678,8.818159115761244,0,0,0,0,0,19,19,1,2
442,2017,4,20,18,42843.75,48.17217842901423,161.96224259263244,416,533,982.8282796065524,1011.6680379076391,28.839758301086693,19.54433097718665,5.4960789668943475,1521.2208493693997,7270000,0.6432527569487866,5.980772089154617,0.0,0.0,0.0,0,0,0,0,0,16,18,2,0
442,2017,4,20,21,42843.875,48.17217842901423,161.96224259263244,416,533,983.3327750073338,1010.0051946715002,26.672419664166373,19.340030646832293,5.089542581943242,1408.356658763236,6231250,0.5044954007814522,4.690647617917332,0.0,0.0,0.0,0,0,0,0,0,18,20,2,0
442,2017,4,21,0,42844.0,48.17217842901423,161.96224259263244,416,533,984.6677912930678,1009.8726265286614,25.204835235593492,18.054934641838273,4.635658615180728,1423.3911709575227,6365000,1.3350162857340182,12.41258285181446,0.0,0.0,0.0,0,0,0,0,0,20,22,2,0
442,2017,4,21,3,42844.125,47.94317934395713,162.05896807569675,416,534,984.786931948516,1008.7192148373248,23.932282888808842,17.722592813828864,4.343103392228804,1413.2217066421042,6274375,0.11914065544813639,1.1117197736255946,2.4015594865406444,-8.487845488198678,8.821054868831052,0,0,0,0,0,19,21,2,0
442,2017,4,21,6,42844.25,47.787140647261275,162.45099777093222,415,535,985.3133965255317,1009.1938978368735,23.880501311341796,17.296383628706046,3.8312921903901587,1463.9741296932932,6733125,0.5264645770157221,4.924640222719289,9.762888989744084,-5.783570477602569,11.347408906682718,0,0,0,0,0,19,20,2,0
442,2017,4,21,9,42844.375,47.713870648307775,162.15469532915935,416,535,986.6987421751143,1008.2882033371399,21.589461162025547,16.812650182058565,3.6636314629531994,1378.2286623785515,5967500,1.3853456495825958,12.973822685880895,-7.389350208598327,-2.715750719627167,7.87259794962677,0,0,0,0,0,19,20,2,0
442,2017,4,21,12,42844.5,47.55720502726944,160.5857315227385,421,534,988.0233683469041,1009.3567199483333,21.333351601429168,16.391603647624507,3.810387151451069,1443.652998399674,6547500,1.3246261717898598,12.436155295781331,-39.24451139341271,-5.806807413027297,39.6717870386461,0,0,0,0,0,21,22,2,0
442,2017,4,21,15,42844.625,49.15897916561228,174.36931724236476,377,537,978.7954384588038,1008.7954384588038,30.0,23.698400863344244,9.378606035557677,1443.7907975694052,6548750,-0.5612814895295014,-5.140162865162725,6.942301736444243,9.743803180706578,11.96399823738638,0,0,0,0,2,19,19,1,1
442,2017,4,21,18,42844.75,49.15897916561228,174.36931724236476,377,537,978.3099237182453,1008.3099237182453,30.0,24.20271057025497,9.975481597722245,1376.7121807210135,5954375,-0.48551474055857397,-4.446298134649466,0.0,0.0,0.0,0,0,0,0,0,24,24,1,1
442,2017,4,21,21,42844.875,49.15897916561228,174.36931724236476,377,537,977.8354379166599,1007.8354379166599,30.0,25.048121209392225,9.95611574902483,1306.9546383611662,5366250,-0.474485801585397,-4.345296153273612,0.0,0.0,0.0,0,0,0,0,0,22,22,1,1
442,2017,4,22,0,42845.0,49.18184531387198,174.68917556012818,376,537,977.6014721378909,1007.6014721378909,30.0,25.307833912733372,9.427311320622175,1296.945952922661,5284375,-0.2339657787689066,-2.141897753241433,7.7494921086449065,0.8475332261272481,7.795700129644504,0,0,0,0,0,21,21,1,1
442,2017,4,22,3,42845.125,49.18184531387198,174.68917556012818,376,537,976.8220812355959,1004.8220812355959,28.0,25.764915202741786,8.461321811061715,1167.800889971693,4284375,-0.7793909022951265,-7.135127330615413,0.0,0.0,0.0,0,0,0,0,0,19,19,1,1
442,2017,4,22,6,42845.25,49.20337593920085,175.00936619653774,375,537,976.9103291325316,1004.9103291325316,28.0,25.932694893318878,8.119546119239457,1166.7782970523149,4276875,0.08824789693579077,0.807625184934356,7.754167874480446,0.7980321013516374,7.795125057394032,0,0,0,0,0,18,18,1,1
442,2017,4,22,9,42845.375,48.96436644880664,175.03718490699598,375,538,978.0562006920711,1004.0562006920711,26.0,25.32328592103285,8.098203679894942,1097.5445209770685,3784375,1.1458715595395188,10.524746300977107,0.6769461824246901,-8.858880917245827,8.884707493206607,0,0,0,0,0,17,17,1,1
442,2017,4,22,12,42845.5,48.76382973754737,175.69894394034057,373,539,978.8925938707091,1000.8925938707091,22.0,24.059503706835276,6.9935452700936,973.737938805902,2978750,0.8363931786379544,7.705731555943289,16.16798595284399,-7.432888299338792,17.79470702882765,0,0,0,0,0,16,16,1,1
442,2017,4,22,15,42845.625,48.55743646643704,176.35450365538864,371,540,979.0403370746443,999.0403370746443,20.0,23.182091325801085,6.139031249927502,931.8740034173901,2728125,0.14774320393524248,1.3654858470185096,16.08224348285175,-7.64996154701423,17.808999610099495,0,0,0,0,0,16,16,1,1
442,2017,4,22,18,42845.75,48.357166575405735,177.3186856823245,368,541,980.3911977821497,1002.3911977821497,22.0,21.49889015353397,5.648006044467183,1246.2557124836114,4879375,1.3508607075053443,12.523776557054996,23.74680110008584,-7.422998614113113,24.879941135624964,0,0,0,0,0,21,21,1,1
442,2017,4,22,21,42845.875,48.3849720261292,178.26429541107163,365,541,981.5002896903454,1001.5002896903454,20.0,20.40818107002305,5.141597338864958,1163.1066229203195,4250000,1.1090919081956963,10.277913644213658,23.276676793317364,1.030608351171357,23.29948145590505,0,0,0,0,0,24,24,1,1
442,2017,4,23,0,42846.0,48.40351733499119,179.52649194126508,361,541,982.5489276777907,1002.5489276777907,20.0,18.471541686822867,4.48381888185213,1260.0672605145016,4988125,1.0486379874453997,9.714896627879234,31.058149288740882,0.6873814195031569,31.065754947491524,0,0,0,0,0,20,20,1,1
442,2017,4,23,3,42846.125,48.40351733499119,-179.52649194126508,358,541,982.8961490253915,1002.8961490253915,20.0,17.095928505781213,4.523337631877075,1316.1316848539193,5441875,0.3472213476007164,3.2167626381258856,-23.302800025348034,0.0,23.302800025348034,0,0,0,0,0,20,20,1,1
442,2017,4,23,6,42846.25,48.625254397971474,-178.25468525022362,354,540,983.396409018299,1003.396409018299,20.0,15.650431836529792,3.2158124191921527,1365.831203595773,5860625,0.5002599929075222,4.618725243029948,31.157951148802212,8.218678817490895,32.22366523684447,0,0,0,0,0,23,23,1,1
442,2017,4,23,9,42846.375,48.59731847173714,-177.30385261452744,351,540,984.1116995145683,1008.1116995145683,24.0,14.92474463546365,3.168576053719662,1861.6119052654399,10887500,0.7152904962692992,6.606864793661836,23.307428604331033,-1.035444422791565,23.33041734085952,0,0,0,0,0,23,23,1,1
442,2017,4,23,12,42846.5,48.76382973754737,-175.69894394034057,346,539,984.0930251735033,1008.0930251735033,24.0,13.766944082712632,2.7009961951044534,1888.8768982553004,11208750,-0.018674341065052433,-0.17204762413983196,39.21025845120829,6.171735995753497,39.69300559307434,0,0,0,0,0,20,20,1,1
442,2017,4,23,15,42846.625,49.18184531387198,-174.68917556012818,343,537,983.0842266481784,1007.0842266481784,24.0,13.914822402499619,2.5653188249561207,1860.810234989868,10878125,-1.0087985253248188,-9.235296316563955,24.464394008723733,15.49373711523298,28.95794302104391,0,0,0,0,0,22,22,1,1
442,2017,4,23,18,42846.75,49.34760104265131,-173.6954399531739,340,536,983.0167959127226,1001.0167959127226,18.0,13.969083524302919,2.6020992140113957,1264.0868754332628,5020000,-0.06743073545585503,-0.6157752994593431,23.99522025877154,6.14373203417756,24.76925591483805,0,0,0,0,0,19,19,1,1
442,2017,4,23,21,42846.875,49.767832576658954,-172.9760343038434,338,534,982.5530306454285,1002.5530306454285,20.0,14.380012547284744,2.668516549123378,1363.2068457415928,5838125,-0.46376526729407486,-4.208696493018884,17.222335311088212,15.575871532570236,23.22103803809571,0,0,0,0,0,22,22,1,1
442,2017,4,24,0,42847.0,50.41744653423904,-172.1975660152466,336,531,982.1486922141386,1004.1486922141386,22.0,14.383240122834168,2.517659118400552,1553.9557181791836,7586250,-0.4043384312899434,-3.6347635702546564,18.385318627645898,24.07792545346622,30.294660176056436,0,0,0,0,0,23,23,1,1
442,2017,4,24,3,42847.125,50.85684989997061,-171.7752721670316,335,529,981.0663873663277,1003.0663873663277,22.0,14.598841293724664,2.775933936002257,1515.718180774879,7217500,-1.082304847810883,-9.66826484692555,9.880665707850937,16.286475006631264,19.04932605033381,0,0,0,0,0,22,22,1,1
442,2017,4,24,6,42847.25,51.32851338594005,-171.6784337653331,335,527,980.4883019640635,1002.4883019640635,22.0,14.916006051158854,2.845225377875613,1468.8581270121042,6778125,-0.5780854022642598,-5.129858390787969,2.2427971198392647,17.482195574429717,17.62547307232828,0,0,0,0,0,17,17,1,1
442,2017,4,24,9,42847.375,51.564031588920635,-171.6291604931222,335,526,980.8420715025786,1004.8420715025786,24.0,14.74647125651585,2.762764567770573,1637.486764447489,8423750,0.3537695385151892,3.129039607938024,1.1353082948569262,8.729476434628218,8.8029928857804,0,0,0,0,0,19,19,1,1
442,2017,4,24,12,42847.5,51.83346336110371,-171.91837122100745,336,525,980.5468024446117,1008.5468024446117,28.0,14.788516907633898,3.1337089789119634,1938.0548642824149,11800000,-0.29526905796694336,-2.601930002378996,-6.6241580426869975,9.98648204787029,11.983709503610742,0,0,0,0,0,18,18,1,1
442,2017,4,24,15,42847.625,52.03444563889599,-171.52885536698517,335,524,980.5755774989924,1004.5755774989924,24.0,14.296926539078957,2.698649318035168,1668.001003874157,8740625,0.02877505438067601,0.25287201278334165,8.88169641134048,7.44940321198948,11.592158528851197,0,0,0,0,0,20,20,1,1
442,2017,4,24,18,42847.75,52.26934331740422,-171.47780262380184,335,523,980.9407181994121,1008.9407181994121,28.0,14.373693775127823,2.8492150165484054,1952.2202888030592,11973125,0.36514070041972446,3.198610549477114,1.157974370025338,8.706476710233284,8.78314529923479,0,0,0,0,0,18,18,1,1
442,2017,4,24,21,42847.875,52.30382191484405,-171.82084305208247,336,523,981.8684475541086,1007.8684475541086,26.0,13.974050935011846,2.6911944540633703,1829.706049598683,10517500,0.9277293546964939,8.123072561530359,-7.774756534492629,1.2779483710431527,7.879085683611245,0,0,0,0,0,12,12,1,1
442,2017,4,25,0,42848.0,52.53869668219783,-171.77119700357446,336,522,981.963809178087,995.963809178087,14.0,14.239354463261089,3.026889181541992,1003.0245181547874,3160625,0.0953616239783878,0.832343688378647,1.1192136559872754,8.70562750885354,8.777276885837423,0,0,0,0,0,15,15,1,1
442,2017,4,25,3,42848.125,53.007841730870176,-171.67008754211594,336,520,982.3453178183372,996.3453178183372,14.0,13.771760100877724,3.1011978286638624,1048.7895882606108,3455625,0.3815086402502493,3.3092653802417296,2.2549640071758885,17.388849757593146,17.534450620587062,0,0,0,0,0,20,20,1,1
442,2017,4,25,6,42848.25,53.27589476547847,-171.9705047057684,337,519,983.2867825027043,997.2867825027043,14.0,13.461729707834195,2.6266418501521547,1076.7747027231171,3642500,0.9414646843670925,8.137819333754035,-6.658279563522216,9.935379173373407,11.960118982046945,0,0,0,0,0,20,20,1,1
442,2017,4,25,9,42848.375,53.542666025369336,-172.27516607368327,338,518,984.1592240449952,996.1592240449952,12.0,13.356785089327028,2.617474889347504,942.1712663284984,2788750,0.8724415422909079,7.515175267870015,-6.710130671005684,9.887870224813788,11.949720967651515,0,0,0,0,0,21,21,1,1
442,2017,4,25,12,42848.5,53.57372516094922,-172.6304164229749,339,518,985.0843098955179,997.0843098955179,12.0,12.852881264198187,2.065236151727222,992.3563928252302,3093750,0.9250858505227371,7.96546218405792,-7.81860278320552,1.1512061008166463,7.9028997822385785,0,0,0,0,0,22,22,1,1
442,2017,4,25,15,42848.625,53.63146645621953,-173.34260302705417,341,518,985.2083286060831,997.2083286060831,12.0,12.834637449096368,2.179341773401902,995.1590995360082,3111250,0.1240187105651421,1.0670714610543102,-15.652848243927707,2.1401796973145206,15.798481803142604,0,0,0,0,0,21,21,1,1
442,2017,4,25,18,42848.75,53.89302309405781,-173.6598082540901,342,517,985.6963991040667,997.6963991040667,12.0,13.003768285772857,2.296835535510472,990.0482340609525,3079375,0.4880704979835718,4.185388926155016,-6.92845271150693,9.694590385941677,11.915894415728117,0,0,0,0,0,21,21,1,1
442,2017,4,25,21,42848.875,53.91837293357172,-174.01940047523655,343,517,986.7150380355655,998.7150380355655,12.0,12.895218984568272,2.276047893195646,1004.1148163866307,3167500,1.0186389314988629,8.732396494604902,-7.849510059960133,0.9395911817331822,7.905544874972635,0,0,0,0,0,24,24,1,1
442,2017,4,26,0,42849.0,53.94224554227951,-174.379466171408,344,517,987.3824539912437,999.3824539912437,12.0,13.081738915235551,2.131479641920523,1006.687190808368,3183750,0.6674159556781524,5.719761968565462,-7.855350834237099,0.8848376580256498,7.905028425629461,0,0,0,0,0,25,25,1,1
442,2017,4,26,3,42849.125,53.98554918021029,-175.10090754621226,346,517,987.6013738829503,997.6013738829503,10.0,13.423982331265606,2.7973396646867332,851.4404064780947,2277500,0.21891989170660964,1.8751145420592303,-15.72288703616899,1.6050482810520303,15.804599227333762,0,0,0,0,0,22,22,1,1
442,2017,4,26,6,42849.25,53.76947424048006,-175.4907385265201,347,518,988.437484299518,998.437484299518,10.0,13.602562566845867,2.5364043320585914,855.2870320460399,2298125,0.8361104165676807,7.181274324675764,-8.539906168534907,-8.00881235767688,11.707735594377697,0,0,0,0,0,24,24,1,1
442,2017,4,26,9,42849.375,53.76947424048006,-175.4907385265201,347,518,989.5196428064704,999.5196428064704,10.0,13.584940286124398,2.319182863557944,870.6178360653723,2381250,1.0821585069524007,9.294558406661917,0.0,0.0,0.0,0,0,0,0,0,21,21,1,1
442,2017,4,26,12,42849.5,53.53379613215863,-175.51889425189114,347,519,990.4623879716085,998.4623879716085,8.0,13.33692732744567,2.044993416344878,730.5928348912573,1676875,0.9427451651380397,8.121696769799755,-0.6202569297346655,-8.735403322176367,8.757396294560033,0,0,0,0,0,20,20,1,1
442,2017,4,26,15,42849.625,53.53379613215863,-175.51889425189114,347,519,991.0582818481357,999.0582818481357,8.0,13.226872605191115,2.0448356863980006,748.2162203038249,1758750,0.5958938765272614,5.133592354648962,0.0,0.0,0.0,0,0,0,0,0,22,22,1,1
442,2017,4,26,18,42849.75,53.25826659996931,-174.83775972905465,345,520,992.4349980921601,1000.4349980921601,8.0,12.893857265881852,1.7314356577607395,798.5076648109934,2003125,1.3767162440244283,11.902773327915881,15.102467292730047,-10.212495373400404,18.231280264416583,0,0,0,0,0,26,26,1,1
442,2017,4,26,21,42849.875,53.23624150627114,-174.4838688046871,344,520,993.8991808694899,999.8991808694899,6.0,12.561958053114653,1.5433106195449364,637.0597341571143,1275000,1.4641827773298428,12.662623625934032,7.850714475147545,-0.8163595593689833,7.893045084152524,0,0,0,0,0,24,24,1,1
442,2017,4,27,0,42850.0,53.21276043687445,-174.1303995569853,343,520,995.4485394778463,999.4485394778463,4.0,12.182810404218754,1.4797678243334667,459.6500701125706,663750,1.549358608356415,13.403350781742834,7.845660693517306,-0.8703252630338721,7.893786023276628,0,0,0,0,0,19,19,1,1
442,2017,4,27,3,42850.125,52.926143643937756,-173.46519018629743,341,521,996.6152906046462,1000.6152906046462,4.0,11.928530062807534,1.7450170157787943,493.06102621569084,763750,1.1667511267999362,10.131474436914111,14.863649702951504,-10.623444421898128,18.26980169233396,0,0,0,0,0,17,17,1,1
442,2017,4,27,6,42850.25,53.27589476547847,-171.9705047057684,337,519,998.1314140883759,1000.1314140883759,2.0,11.120526103080461,0.8467819534183945,327.1569947736096,336250,1.516123483729607,13.105047064561532,33.12680171866778,12.963516767857143,35.572991989688525,0,0,0,0,0,18,18,1,1
442,2017,4,27,9,42850.375,54.297459389963485,-170.2672749670248,333,514,999.7495805427808,1001.7495805427808,2.0,9.929453656100298,0.9105088034408255,329.2784611561371,340625,1.6181664544048544,13.80565289523957,36.84043375486071,37.86426782742925,52.82916180816779,0,0,0,0,0,18,18,1,1
442,2017,4,27,12,42850.5,54.48906038779996,-169.84303448063773,332,513,1001.2097670657074,1003.2097670657074,2.0,9.463814806378087,0.9909769438303191,334.076942998453,350625,1.4601865229266695,12.428023907444363,9.133672522161046,7.101686299817237,11.56969844218472,0,0,0,0,0,16,16,1,1
442,2017,4,27,15,42850.625,54.4467413460252,-169.48179297817163,331,513,1002.1912320645118,1004.1912320645118,2.0,9.225817878618178,0.7306698632742337,341.4395932149834,366250,0.9814649988044403,8.357908973154649,7.785389050172653,-1.5685542486044093,7.941828825488698,0,0,0,0,0,18,18,1,1
442,2017,4,27,18,42850.75,54.86580121134324,-168.98127609600107,330,511,1003.429320119255,1005.429320119255,2.0,8.848720113092927,0.8441877920308616,333.48090872711424,349375,1.2380880547431297,10.48870009044027,10.676328759740626,15.532443661239443,18.84783281641797,0,0,0,0,0,16,16,1,1
442,2017,4,27,21,42850.875,53.520494741816904,-167.91774472936012,326,516,1005.3800685021508,1007.3800685021508,2.0,8.766392358453597,1.6609527255265857,349.2169456715478,383125,1.9507483828958356,16.80847232901237,23.436220134730224,-49.86375139781026,55.096734183308534,0,0,0,0,0,19,19,1,1
442,2017,4,28,0,42851.0,53.77096063596566,-166.35708522400992,322,514,1006.7455142922795,1008.7455142922795,2.0,7.923456575504027,2.449946139632011,377.4171088692805,447500,1.3654457901287242,11.72746352475541,34.18702755950544,9.283512242278015,35.42508225688277,0,0,0,0,0,16,16,1,1
442,2017,4,28,3,42851.125,53.77096063596566,-166.35708522400992,322,514,,,,7.923456575504027,,0.0,0,0.0,,0.0,0.0,0.0,0,3,0,0,0,16,16,0,0
451,2017,4,15,6,42838.25,38.46839507351418,-55.272208603020765,177,233,1011.6335487156033,1013.6335487156033,2.0,7.826573994693309,4.748062915801129,323.7951802633666,329375,,,,,,3,0,0,0,0,3,3,1,1
451,2017,4,15,9,42838.375,38.59010579522776,-54.55250436783396,179,231,1008.8121585554134,1012.8121585554134,4.0,10.006943943412395,6.062129257462147,365.3644872156122,419375,-2.8213901601899125,-31.33840918218542,20.850519645531474,4.51120492426568,21.332958992071703,0,0,0,0,0,2,2,1,1
451,2017,4,15,12,42838.5,38.241291187248294,-54.4921948745123,178,230,1008.0445373807015,1014.0445373807015,6.0,11.436409809535157,6.872712031671544,563.8368547958363,998750,-0.7676211747118213,-8.5920096052774,1.7556841241048575,-12.928804915609108,13.047468079651013,0,0,0,0,0,2,2,1,1
451,2017,4,15,15,42838.625,37.5986067126095,-54.01932243138168,177,227,1006.383131558286,1014.383131558286,8.0,12.648197189394043,7.627287847289263,717.6804195330581,1618125,-1.661405822415545,-18.865872170712997,13.88671034573855,-23.821084337685583,27.57326210751226,0,0,0,0,0,2,2,1,1
451,2017,4,15,18,42838.75,37.00218291335614,-53.20552457410156,177,223,1004.6352895619416,1008.6352895619416,4.0,12.876898534558164,7.681270293675771,303.8253889873249,290000,-1.7478419963443594,-20.120455452631756,24.088795526396424,-22.10643353568231,32.69502215292224,0,0,0,0,0,3,3,1,1
451,2017,4,15,21,42838.875,36.791547862248414,-52.103047109367616,179,219,1003.6790093422833,1013.6790093422833,10.0,13.058326643764143,6.6431152787983585,885.9079032957709,2465625,-0.9562802196583653,-11.062352973439,32.723955958633816,-7.80718301889885,33.64237506885012,0,0,2,0,0,5,5,1,2
451,2017,4,16,0,42839.0,35.92737190608816,-51.82198142871972,177,216,1001.919488135859,1013.919488135859,12.0,15.343618872438585,5.590345525398589,889.8291082461728,2487500,-1.7595212064242514,-20.775676006345677,8.435842629516248,-32.03066068441006,33.122902420376384,0,0,0,0,0,2,2,1,2
451,2017,4,16,3,42839.125,35.848976258817274,-50.936029363283296,179,213,999.3265601063154,1006.8027365602969,7.476176453981607,17.719103310822646,2.7280252552070308,448.699234466973,632500,-2.592928029543691,-30.67413840639906,26.617024462830216,-2.9057327491797436,26.77516151332346,0,0,0,0,0,2,1,2,0
451,2017,4,16,6,42839.25,35.17161511758466,-48.275402640920106,184,203,991.450037540286,1007.450037540286,16.0,23.841273585940144,21.43065713217322,551.1687560327193,954375,-7.8765225660293074,-94.73533171147403,80.60936227784329,-25.10637413707857,84.42866402562315,0,0,1,0,0,1,1,1,1
451,2017,4,16,9,42839.375,36.054928014272086,-48.499969139067915,186,206,989.1907244467343,1009.1907244467343,20.0,26.238568140889722,17.792637584292535,626.9870089858174,1235000,-2.259313093551755,-26.595360226321237,-6.72919996536232,32.73997091711729,33.42435979682361,0,0,0,0,0,1,1,1,1
451,2017,4,16,12,42839.5,35.84135852261794,-49.01112610101786,184,207,986.5388105484894,1010.5388105484894,24.0,29.96079084674554,30.83925267623752,651.419117787286,1333125,-2.6519138982448203,-31.377710904827207,-15.358410205276886,-7.915947985999736,17.278396816562772,0,0,0,0,0,1,1,1,1
451,2017,4,16,15,42839.625,34.74207704460064,-49.28062399810226,180,205,983.4361178525988,1011.4361178525988,28.0,33.31751216511129,42.70131571255879,719.8946335700691,1628125,-3.1026926958905823,-37.72016420215698,-8.208160977411152,-40.744841103285076,41.56339715618833,0,0,0,0,0,2,2,1,1
451,2017,4,16,18,42839.75,34.283743236979504,-48.05740342688413,182,200,982.8220809608882,1012.8220809608882,30.0,32.977604572419835,36.22046510578548,863.7353736783388,2343750,-0.6140368917105661,-7.552344326626552,37.46119565556463,-16.988131372384682,41.133171376273616,0,0,0,0,0,1,1,1,1
451,2017,4,16,21,42839.875,34.67767496732731,-47.39305798360692,185,199,983.5541931772203,1013.5541931772203,30.0,31.904875479671247,32.31730054662512,956.005889472031,2871250,0.7321122163320252,8.914914805610515,20.249855549111537,14.601069952996326,24.96493327714247,0,0,0,0,0,1,1,1,1
451,2017,4,17,0,42840.0,34.301901084253515,-47.71823320183895,183,199,987.3314989114365,1015.3314989114365,28.0,29.015198113290776,26.891576056347844,1033.9842021132658,3358750,3.7773057342162066,46.43737232863061,-9.95641220708861,-13.928049787777358,17.120768526215986,0,0,0,0,0,0,0,1,1
451,2017,4,17,3,42840.125,33.769439315097685,-47.52611691161956,182,197,987.9542643650242,1013.9542643650242,26.0,27.791458726650344,21.864918141939196,938.8926674813449,2769375,0.6227654535876355,7.762215989771082,5.919373419460964,-19.735682454104673,20.604274886738335,0,0,0,0,0,0,0,1,1
451,2017,4,17,6,42840.25,33.248648321526744,-47.00369983812318,182,194,987.8273651236924,1011.8273651236924,24.0,26.331899257074127,19.506130086565026,869.7033212792926,2376250,-0.1268992413317028,-1.6035495663540837,16.193556922170405,-19.303105442422698,25.19605456242826,0,0,0,0,0,0,0,1,1
451,2017,4,17,9,42840.375,33.08415619332419,-46.498675606024165,183,192,989.1099413375626,1013.1099413375626,24.0,25.128794143795933,16.969683087157975,934.9644511596337,2746250,1.2825762138701975,16.2784984876487,15.683825416226776,-6.096896709696731,16.827196117457948,0,0,0,0,0,0,0,1,1
451,2017,4,17,12,42840.5,32.91470780928868,-45.99634789650493,184,190,990.9589360090359,1014.9589360090359,24.0,24.347198033791432,15.454959962312278,1006.1930141594698,3180625,1.8489946714733378,23.57461813130149,15.63007297365316,-6.280600210955861,16.844735681262016,0,0,0,0,0,0,0,1,1
451,2017,4,17,15,42840.625,32.74032961945288,-45.496771766924674,185,188,991.788744868327,1013.788744868327,22.0,23.349585111244235,13.866779599344593,909.5096572989899,2598750,0.8298088592909335,10.630064354555666,15.575007907871136,-6.463323342400888,16.862841396356444,0,0,0,0,0,0,0,1,1
451,2017,4,17,18,42840.75,32.7424285658468,-45.16559427740283,186,187,991.9715300485772,1011.9715300485772,20.0,22.201156469423488,12.103177524845451,831.2228321561497,2170625,0.18278518025021184,2.3413916504019388,10.324699060961073,0.07779739676753132,10.324992161466966,0,0,0,0,0,0,0,1,1
451,2017,4,17,21,42840.875,32.56104840897639,-45.0,186,186,992.9273880301502,1012.9273880301502,20.0,21.26164730992025,10.072208175866763,903.0338530017016,2561875,0.9558579815730627,12.304726472167593,5.173006765986335,-6.722851079327879,8.482731024602892,0,0,0,0,0,0,0,1,1
451,2017,4,18,0,42841.0,32.56000101603556,-44.669768616320475,187,185,994.7406257679505,1012.7406257679505,18.0,20.596767224433805,10.918629459609948,788.3527464110539,1952500,1.813237737800373,23.34241441487457,10.316229747845782,-0.03882159374127141,10.316302793466216,0,0,0,0,0,1,1,1,1
451,2017,4,18,3,42841.125,32.55685890916752,-44.33955917134204,188,184,994.519235395026,1012.519235395026,18.0,20.472155810177195,9.30425033021078,802.7319451992124,2024375,-0.22139037292450667,-2.8502769361241507,10.31590560938871,-0.11646211423381425,10.316562991901385,0,0,0,0,0,1,1,1,1
451,2017,4,18,6,42841.25,32.37271015856995,-44.176841416670975,188,183,994.610864634285,1012.610864634285,18.0,19.180592367292018,7.533967934875691,917.3504028441894,2643750,0.09162923925890937,1.1856496913650423,5.093789296349745,-6.82546893812772,8.516672802271646,0,0,0,0,0,1,1,1,1
451,2017,4,18,9,42841.375,32.00863389269896,-44.181544538311385,187,182,995.3210482778953,1013.3210482778953,18.0,18.716871666414782,7.345982672791507,990.9520668917313,3085000,0.7101836436103622,9.282754445050946,-0.14781874547702337,-13.494477892183141,13.495287472452521,0,0,0,0,0,1,1,1,1
451,2017,4,18,12,42841.5,32.00863389269896,-44.181544538311385,187,182,996.7383276019423,1014.7383276019423,18.0,18.550271480847673,7.105260319528315,994.3591322849104,3106250,1.4172793240469763,18.525146366781108,0.0,0.0,0.0,0,0,0,0,0,2,2,1,1
451,2017,4,18,15,42841.625,31.45843025340433,-44.02622782750246,186,180,997.0893547074733,1013.0893547074733,16.0,17.98780912266987,7.072493979418068,819.896756234828,2111875,0.3510271055309568,4.66005212297656,4.910668134963908,-20.39328443697862,20.976193926908294,0,0,0,0,0,2,2,1,1
451,2017,4,18,18,42841.75,31.26402626232662,-43.543641365660314,187,178,996.9467850052235,1012.9467850052235,16.0,17.2702683206943,6.8855884738978785,911.8035062316269,2611875,-0.14256970224974794,-1.9032468662312638,15.289571748175652,-7.205579175765079,16.902407387731206,0,0,0,0,0,1,1,1,1
451,2017,4,18,21,42841.875,31.24130255771745,-42.896862785546254,189,176,997.5210330736658,1013.5210330736658,16.0,16.95733988655979,6.108411396839511,949.5329128658927,2832500,0.5742480684422481,7.670986903381369,20.496517203270322,-0.8422535557031293,20.51381506487886,0,0,0,0,0,2,2,1,1
451,2017,4,19,0,42842.0,31.21032432188655,-42.250619977875914,191,174,998.4538545131753,1014.4538545131753,16.0,16.89379010096738,7.74668922655139,973.5336081061797,2977500,0.9328214395095711,12.472041361237544,20.48625238551219,-1.1482075535982927,20.518404357772173,0,0,0,0,0,3,3,1,1
451,2017,4,19,3,42842.125,31.536095411687946,-41.58583262027357,194,173,997.6798746074771,1013.6798746074771,16.0,17.019486900950735,6.362547600548424,980.9641046793569,3023125,-0.7739799056982156,-10.252246645352075,21.001185450426227,12.074697477794766,24.22494808051108,0,0,0,0,0,3,3,1,1
451,2017,4,19,6,42842.25,31.728979213871533,-41.73880956631099,194,174,996.7943102244957,1012.7943102244957,16.0,16.50802620321753,6.387475682008735,1046.1305737983405,3438125,-0.8855643829813925,-11.666377150125845,-4.822664833012367,7.14923341157586,8.623783071527647,0,0,0,0,0,4,4,1,1
451,2017,4,19,9,42842.375,31.87753960160151,-41.2402545439961,196,173,996.6673445820607,1008.6673445820607,12.0,16.73857178815132,6.552037492236342,637.2158571184477,1275625,-0.12696564243509784,-1.6656592098516936,15.691901077916834,5.506387138640555,16.629974707127896,0,0,0,0,0,3,3,1,1
451,2017,4,19,12,42842.5,31.87753960160151,-41.2402545439961,196,173,996.9130816652316,1012.9130816652316,16.0,17.090615820124587,6.204907731293642,970.2584647343,2957500,0.24573708317097043,3.223818884664419,0.0,0.0,0.0,0,0,0,0,0,3,3,1,1
451,2017,4,19,15,42842.625,32.241102230828545,-41.21870931977801,197,174,996.6998024375699,1012.6998024375699,16.0,16.342162448909185,6.809966483331155,1021.109113136681,3275625,-0.2132792276616965,-2.769800271040954,0.6754417471478262,13.475439962534411,13.492357234288585,0,0,0,0,0,2,2,1,1
451,2017,4,19,18,42842.75,32.38420865230885,-40.71495154146434,199,173,995.7620719220332,1011.7620719220332,16.0,15.84486342515766,6.228182141807847,1077.6981011457274,3648750,-0.9377305155366775,-12.130058879030601,15.767838880775017,5.3042360129558235,16.63609517438566,0,0,0,0,0,4,4,1,1
451,2017,4,19,21,42842.875,32.52230285152761,-40.20895061965752,201,172,996.3907866362259,1012.3907866362259,16.0,15.437810322952938,6.054740167550335,1113.2920188917797,3893750,0.6287147141927563,8.102004379062421,15.813793564275443,5.118458117389996,16.621512578372492,0,0,0,0,0,3,3,1,1
451,2017,4,20,0,42843.0,33.04939849531374,-40.00142758253156,203,173,997.4353253898497,1013.4353253898497,16.0,15.279494546057222,6.010363859092177,1111.9509720060332,3884375,1.0445387536237831,13.269677779775407,6.447301418766137,19.53678714848818,20.57313169329737,0,0,0,0,0,3,3,1,2
451,2017,4,20,3,42843.125,33.54042036613979,-39.456303505268025,206,173,996.9717653769313,1012.9717653769313,16.0,14.967411473676512,5.443901262081636,1137.072983120602,4061875,-0.46356001291846044,-5.812655055366308,16.840780977620085,18.199713635792413,24.795997264901825,0,0,0,0,0,3,3,1,2
451,2017,4,20,6,42843.25,34.25918286552732,-39.39072555355419,208,175,996.4053778541255,1012.4053778541255,16.0,14.584030558898542,4.810991009764329,1209.969641258231,4599375,-0.5663875228057441,-6.970664716646629,2.0089270786323508,26.640914464752093,26.71655126556382,0,0,0,0,0,3,3,1,2
451,2017,4,20,9,42843.375,34.81405100716961,-39.510953983697156,209,177,996.8113833833387,1012.8113833833387,16.0,14.69668695872775,4.765712275044134,1193.8310246378767,4477500,0.40600552921314376,4.926984197089423,-3.658633488125664,20.56617410243883,20.889066906213408,0,0,0,0,0,3,3,1,2
451,2017,4,20,12,42843.5,35.59362891598693,-40.135485562239474,209,181,997.4367839642342,1015.4367839642342,18.0,14.674342917633231,4.935729300846288,1405.3870796938547,6205000,0.6254005808955116,7.444432969898705,-18.823324512922667,28.89503612822016,34.48536876082295,0,0,0,0,0,2,2,1,2
451,2017,4,20,15,42843.625,36.5276793675412,-40.58777192174527,210,185,997.1556672514504,1014.7348485057777,17.579181254327267,14.809902752286057,4.846479994685796,1386.9341840709023,6043125,-0.28111671278384165,-3.2721732791285603,-13.471011425822118,34.62055714763119,37.149039369101146,0,0,0,0,0,5,7,2,0
451,2017,4,20,18,42843.75,36.80696771213087,-47.83586302008278,190,206,994.946852750505,1012.946852750505,18.0,16.90017418738853,2.3752686599212027,1306.4979007486302,5362500,-1.7879957552727137,-20.67628838650978,-5.977187222257546,19.491141324772993,20.38703895204481,0,0,0,0,2,3,3,1,1
451,2017,4,20,21,42843.875,36.71889531072476,-49.24946260120723,186,210,994.2843524198138,1012.2843524198138,18.0,17.824172709365065,2.9875057522510904,1224.028122851485,4706875,-0.6625003306911094,-7.67689801111992,-41.99835255497589,-3.26440140458761,42.12502740488513,0,0,0,0,0,3,3,1,1
451,2017,4,21,0,42844.0,36.55402630702712,-49.060481541616674,186,209,993.150578204403,1013.150578204403,20.0,19.481412599976874,3.7276352746219343,1208.0773270584461,4585000,-1.1337742154108128,-13.18884360570648,5.626746226716478,-6.110865590706951,8.306801512468825,0,0,0,0,0,3,3,1,1
451,2017,4,21,3,42844.125,36.17175994646758,-49.38526510670509,184,209,992.1225985559274,1014.1225985559274,22.0,19.755400505618304,2.4742489557152294,1400.636861319334,6163125,-1.0279796484755934,-12.067023174179571,-9.717763380189162,-14.168693307033296,17.181000993600914,0,0,0,0,0,2,2,1,1
451,2017,4,21,6,42844.25,35.29258731145201,-49.14711931057496,182,206,990.9505397243015,1010.9505397243015,20.0,19.122778592711178,3.3862858301633962,1146.4819607216639,4129375,-1.172058831625909,-14.054925550351335,7.204596980002861,-32.5865122194866,33.37344747362813,0,0,0,0,0,1,1,1,1
451,2017,4,21,9,42844.375,34.21648593162536,-49.07353416110863,179,203,990.8779043895499,1012.8779043895499,22.0,19.28708892754005,6.7991903709396135,1268.4858984864836,5055000,-0.07263533475153963,-0.8949195607246558,2.25536458009281,-39.88567133064442,39.949386063935044,0,0,0,0,0,2,2,1,1
451,2017,4,21,12,42844.5,34.072540187280076,-48.555227070918825,180,201,992.208301972799,1014.208301972799,22.0,18.790314923392415,4.947329252877098,1272.2443834596306,5085000,1.330397583248996,16.45228967640547,15.913042936490628,-5.3353454944233025,16.78364820423311,0,0,0,0,0,1,1,1,1
451,2017,4,21,15,42844.625,33.59655951943398,-47.350999060634784,182,196,991.5086497111665,1015.5086497111665,24.0,19.139611890770233,11.247935221952867,1424.8579728576424,6378125,-0.6996522616324364,-8.760110651410793,37.17844811181376,-17.642211815124845,41.151970083248244,0,0,0,0,0,1,1,1,1
451,2017,4,21,18,42844.75,33.992674035268564,-46.35186187555923,186,194,990.6490297730546,1012.6490297730546,22.0,18.814887680316193,14.88437719362424,1201.3065580798936,4533750,-0.859619938111864,-10.652407829903002,30.704270543213983,14.681974843690169,34.03399205061947,0,0,0,0,0,1,1,1,2
451,2017,4,21,21,42844.875,34.54366156631774,-45.85255283973275,189,194,990.547009812324,1012.547009812324,22.0,19.326368592100057,14.076866268564848,1152.7982368208784,4175000,-0.10201996073068585,-1.2465123993485774,15.24399423983555,20.42233936569344,25.48433451263131,0,0,0,0,0,2,2,1,2
451,2017,4,22,0,42845.0,34.730266309834654,-45.0,192,192,992.1358638236794,1014.1358638236794,22.0,18.782848088267862,9.235187186991679,1212.4334386400428,4618125,1.5888540113554337,19.32181504872418,25.97004440764169,6.916500255629996,26.875289436971862,0,0,0,0,0,1,1,1,2
451,2017,4,22,3,42845.125,35.08854919858402,-44.65588534173289,194,192,992.3275525357737,1014.3275525357737,22.0,18.502798194999468,7.535985918226943,1254.2912789553252,4942500,0.19168871209432836,2.3103026193600527,10.436633858171426,13.279746510828701,16.890085662346333,0,0,0,0,0,0,0,1,2
451,2017,4,22,6,42845.25,35.61424421573529,-43.784817216981466,198,191,992.4284923967778,1012.4284923967778,20.0,17.79808865679037,5.850006916617786,1173.324446922033,4325000,0.10093986100400798,1.200930332556312,26.247108724570804,19.48487295651531,32.68900412265541,0,0,0,0,0,1,1,1,1
451,2017,4,22,9,42845.375,36.50353575086913,-43.58992710023392,201,193,993.1163250944925,1015.1163250944925,22.0,17.90569549208745,4.565459512342131,1408.992182871335,6236875,0.6878326977147663,8.010868855405816,5.806472181010282,32.9615690049447,33.46909246538629,0,0,0,0,0,1,1,1,1
451,2017,4,22,12,42845.5,37.38855161777174,-43.38898089205839,204,195,993.6154349707136,1015.6154349707136,22.0,18.415676848220535,4.794467109327743,1312.1956944661274,5409375,0.49910987622119135,5.694725478840997,5.917755425575569,32.803091466501904,33.332606244286076,0,0,0,0,0,0,0,1,1
451,2017,4,22,15,42845.625,38.10670795322814,-43.730997236527166,205,198,993.7480900158157,1015.7480900158157,22.0,18.268940346077596,4.134365087478218,1340.0244943411703,5641250,0.13265504510200116,1.4892552420059615,-9.974918000907138,26.61844701346658,28.42605689387026,0,0,0,0,0,1,1,1,1
451,2017,4,22,18,42845.75,38.46726906727238,-44.08772392339578,205,200,993.636597439692,1013.636597439692,20.0,17.696185745816344,3.554215520810031,1231.9664468077394,4768125,-0.11149257612371002,-1.2417354632329163,-10.3523905069192,13.364188875676811,16.90483757722962,0,0,0,0,0,3,3,1,1
451,2017,4,22,21,42845.875,38.646522094959096,-44.26782542243619,205,201,994.6081385809471,1014.6081385809471,20.0,17.21434785740474,3.7991411744357904,1294.5661631441085,5265000,0.9715411412551476,10.778036895607432,-5.2136226954630365,6.644009088146215,8.445396282828696,0,0,0,0,0,4,4,1,1
451,2017,4,23,0,42846.0,38.47177319600291,-44.452604749122244,204,201,995.97228121197,1015.97228121197,20.0,16.84494291975001,3.538020514286036,1351.4077741301844,5737500,1.3641426310228417,15.19147516184082,-5.3620578761434885,-6.477063666883664,8.408568154684653,0,0,0,0,0,3,3,1,1
451,2017,4,23,3,42846.125,38.11791389865724,-44.456069067208574,203,200,996.29781566507,1014.29781566507,18.0,16.093415578610916,3.7031980157126236,1235.3529700342374,4794375,0.32553445309997187,3.653709760651434,-0.10102150853776232,-13.11578620361515,13.116175246013174,0,0,0,0,0,2,2,1,1
451,2017,4,23,6,42846.25,37.76350207626556,-44.45948981286933,202,199,996.5546956317339,1010.5546956317339,14.0,14.864260424668078,3.7311569846726345,915.2878409003171,2631875,0.2568799666639825,2.9061171972915285,-0.10023312075340414,-13.136265530935816,13.136647927753426,0,0,0,0,0,2,2,1,1
451,2017,4,23,9,42846.375,37.404091374274444,-44.10482628978893,202,197,997.6007388163499,1009.6007388163499,12.0,14.055746970481389,3.799592794980417,803.1036090567056,2026250,1.0460431846159919,11.930871309743738,10.442476391564501,-13.321548881057264,16.926576079608658,0,0,0,0,0,1,1,1,1
451,2017,4,23,12,42846.5,37.04194794845149,-43.75463573323165,202,195,998.724654278947,1010.724654278947,12.0,14.104113981500566,4.358619566433845,804.3412482700079,2032500,1.1239154625970695,12.926162582537929,10.360405101395639,-13.422837223064283,16.956136145416647,0,0,0,0,0,1,1,1,1
451,2017,4,23,15,42846.625,36.32050412487897,-43.41861635357498,201,192,999.646717460757,1009.646717460757,10.0,13.14912548827551,4.194170022548423,728.8207067373983,1668750,0.922063181810081,10.785453915524734,10.034829845865351,-26.740297680105336,28.56118572566827,0,0,0,0,0,1,1,1,1
451,2017,4,23,18,42846.75,35.76739500225834,-42.911110333793005,201,189,999.9617379897228,1009.9617379897228,10.0,12.305255007516188,3.7943164937914116,781.6367684506745,1919375,0.31502052896568783,3.734030899408868,15.262918894663262,-20.50097610541246,25.558691563923247,0,0,0,0,0,0,0,1,1
451,2017,4,23,21,42846.875,35.191045139215554,-42.06874003219536,202,185,1000.8008823846496,1008.8008823846496,8.0,11.759895055417342,4.132265652086499,654.3139895472192,1345000,0.8391443949268432,10.088003717398045,25.515989415307793,-21.362393580881392,33.27788417773254,0,0,0,0,0,1,1,1,1
451,2017,4,24,0,42847.0,34.4323236930304,-41.423665625002656,202,181,1002.4664847220498,1008.4664847220498,6.0,11.150737567217359,3.2837849942062167,499.87324458734105,785000,1.665602337400196,20.408507518006697,19.720531946909727,-28.121991850737235,34.34742793750383,0,0,0,0,0,1,1,1,1
451,2017,4,24,3,42847.125,34.023546864848804,-40.76984929197061,203,178,1002.9198317409434,1008.9198317409434,6.0,10.243703985220026,2.475373608121008,581.039949602162,1060625,0.4533470188936917,5.61339027927919,20.085031545636078,-15.151303141215909,25.158904568089117,0,0,0,0,0,1,1,1,1
451,2017,4,24,6,42847.25,33.410272752681344,-39.97226027409868,204,174,1002.685857704288,1008.685857704288,6.0,9.739901643688139,1.9751826778095714,601.3980447061099,1136250,-0.2339740366555634,-2.943934144572371,24.677309439599735,-22.73098997182272,33.550968782985436,0,0,0,0,0,0,0,1,1
451,2017,4,24,9,42847.375,32.78336772344529,-39.190478996181696,205,170,1004.0474777906368,1010.0474777906368,6.0,9.28443777184787,2.0895632890038542,643.2750982580686,1300000,1.3616200863488483,17.42235407324426,24.36134981376896,-23.236219579669292,33.66596597609264,0,0,0,0,0,0,0,1,1
451,2017,4,24,12,42847.5,32.30270482483532,-38.24212851242283,207,166,1005.8617118373653,1011.8617118373653,6.0,8.769917683011357,2.029425420130283,727.4545936211772,1662500,1.814234046728525,23.52089150995024,29.710466434003806,-17.81575858389882,34.64264813269666,0,0,0,0,0,0,0,1,1
451,2017,4,24,15,42847.625,31.647007519966614,-37.49140241543569,208,162,1005.7639445646852,1011.7639445646852,6.0,8.71286802781297,2.6495542895275865,753.2512012088708,1782500,-0.09776727268006652,-1.2909691681026885,23.687834037978508,-24.303404571970095,33.93772171492468,0,0,0,0,0,2,2,1,1
451,2017,4,24,18,42847.75,31.494666123456636,-36.5254381916142,211,159,1005.5543916272088,1011.5543916272088,6.0,7.750533997744422,2.229494559220839,809.6415391145295,2059375,-0.209552937476401,-2.779042911163523,30.5290939677927,-5.6465301366189316,31.046881986409883,0,0,0,0,0,2,2,1,1
451,2017,4,24,21,42847.875,31.494666123456636,-36.5254381916142,211,159,,,,7.750533997744422,,0.0,0,0.0,,0.0,0.0,0.0,0,3,0,0,0,2,2,0,0
453,2017,4,20,0,42843.0,42.20082170143082,-94.01659763308186,153,374,1006.2502579472639,1006.2502579472639,0.0,11.943518603100147,9.379431395537322,14.104739588693906,625,,,,,,3,0,0,0,0,15,15,1,1
453,2017,4,20,3,42843.125,42.50595022996999,-92.92497794915637,154,370,1007.7452264779282,1009.7452264779282,2.0,11.611940432326238,4.72688947593444,143.1474726395179,64375,1.4949685306643368,15.329221810624437,29.8278279279868,11.309581449358523,31.89993654321688,0,0,0,0,0,15,15,1,1
453,2017,4,20,6,42843.25,43.50917729130395,-92.41551146481291,158,368,1007.4038541886624,1013.4038541886624,6.0,12.634697353034978,11.954176157413022,314.44396702089864,310625,-0.3413722892658552,-3.4352898610646334,13.695403828314435,37.18458649762186,39.62647548066484,0,0,0,0,0,14,14,1,1
453,2017,4,20,9,42843.375,43.54075355794653,-91.27934569237605,158,364,1006.6502154344157,1012.6502154344157,6.0,13.952578493730963,13.108088153605713,330.18348840901825,342500,-0.7536387542466401,-7.579601100135781,30.526070275323836,1.170373551009997,30.5484981742624,0,0,0,0,0,11,11,1,1
453,2017,4,20,12,42843.5,43.307957222439484,-89.85852922697181,157,359,1008.5485821570546,1014.5485821570546,6.0,13.079479419962459,5.160361044185702,415.0725549792189,541250,1.8983667226388934,19.174658264398595,38.32087464504715,-8.628590483275662,39.2803004989714,0,0,0,0,0,12,12,1,1
453,2017,4,20,15,42843.625,42.783745939076944,-87.89962915118231,155,352,1008.9243492732214,1014.9243492732214,6.0,12.886664693673126,4.119097176838113,456.17440534586456,653750,0.3757671161668259,3.832838598536647,53.28641383263037,-19.429878399915886,56.71826931225828,0,0,0,0,0,14,14,1,1
453,2017,4,20,18,42843.75,44.251912228443736,-87.83620133473077,161,352,1007.7828504324466,1015.7828504324466,8.0,12.47327235320021,4.136223509301417,604.2033190218629,1146875,-1.1414988407748752,-11.333294846850283,1.6839355945840844,54.41754761605149,54.44359583671838,0,0,0,0,0,11,11,1,1
453,2017,4,20,21,42843.875,45.16359384779875,-86.32280902015724,165,347,1006.7495151202234,1012.7495151202234,6.0,12.244191122617421,5.5632065656835765,488.6025119029199,750000,-1.0333353122232074,-10.09579216100375,39.55034974308482,33.79145692912455,52.02011847538613,0,0,0,0,0,11,11,1,1
453,2017,4,21,0,42844.0,45.353667350587386,-85.42019440413205,166,344,1007.597538967603,1013.597538967603,6.0,11.555565087716538,7.7865495103768625,556.7353515553564,973750,0.8480238473796635,8.258086154240104,23.509935668658464,7.045069733218553,24.54282140851723,0,0,0,0,0,11,11,1,1
453,2017,4,21,3,42844.125,45.50793907978736,-84.21574300553999,167,340,1007.5187030473109,1015.5187030473109,8.0,12.687687334188395,5.1612478730877775,654.9218057391721,1347500,-0.07883592029218561,-0.7656734337896813,31.285959877901867,5.718077870573869,31.804208841215214,0,0,0,0,0,11,11,1,1
453,2017,4,21,6,42844.25,45.99354753930261,-81.74295004077221,170,332,1006.1302992606658,1014.1302992606658,8.0,14.645935129675618,6.429327941882293,590.0435899266436,1093750,-1.3884037866450671,-13.373637712450586,63.673093409064215,17.999065677924687,66.16818865253653,0,0,0,0,0,10,10,1,2
453,2017,4,21,9,42844.375,46.43741070891924,-81.35719741999546,172,331,1005.3558448573849,1013.3558448573849,8.0,15.251350112196075,6.832542081166684,561.715830896444,991250,-0.7744544032808335,-7.404657314975699,9.853346666118364,16.45177752858072,19.17679390233465,0,0,0,0,0,11,11,1,2
453,2017,4,21,12,42844.5,46.561410841747396,-80.41317607677713,173,328,1005.3448116318306,1015.3448116318306,10.0,15.947070620249836,7.614177824467333,664.8705546478496,1388750,-0.011033225554419913,-0.10527364307674693,24.058253571063407,4.5960618912475155,24.49333276215719,0,0,1,0,0,11,11,1,1
453,2017,4,21,15,42844.625,46.86556499784931,-79.10871399677154,175,324,1005.8648022926285,1015.8648022926285,10.0,15.24601073911937,5.524591213933163,735.3427222422987,1698750,0.519990660797921,4.936750391796814,33.057019157866286,11.273466358796789,34.92645930160201,0,0,0,0,0,9,9,1,1
453,2017,4,21,18,42844.75,46.16863505769762,-76.5101078629818,174,315,1006.4253448504568,1010.4253448504568,4.0,13.541453140756564,4.45057107549459,283.852408727268,253125,0.560542557828303,5.383495744514376,66.7004131888499,-25.831691190521383,71.52776656184479,0,0,0,0,0,15,15,1,1
453,2017,4,21,21,42844.875,45.99354753930261,-75.63718501118737,174,312,1007.4943213269005,1009.4943213269005,2.0,11.561950315145205,3.532344603201418,211.57109383040859,140625,1.068976476443786,10.296791363293675,22.478085656517884,-6.489614588103636,23.39614139733051,0,0,0,0,0,13,13,1,1
453,2017,4,22,0,42845.0,47.69295505319454,-75.39872771416607,181,313,1008.7422811849991,1012.7422811849991,4.0,11.162541544096577,5.551433654766225,290.09166854606434,264375,1.2479598580986204,11.691081005013409,5.949164543492796,62.988497948808664,63.268818802097336,0,0,0,0,0,11,11,1,1
453,2017,4,22,3,42845.125,47.86444636973122,-75.01836742760908,182,312,1009.9079134994,1013.9079134994,4.0,10.296496543892111,4.739528310006644,301.8546089098361,286250,1.1656323144008638,10.890205854985554,9.45818406069957,6.356321454157993,11.395616181438395,0,0,0,0,0,7,7,1,1
453,2017,4,22,6,42845.25,48.2659111670477,-74.55168816755317,184,311,1010.2839307717094,1012.2839307717094,2.0,9.599242679764792,5.176684869178862,194.4204181260938,118750,0.37601727230940013,3.490989735323077,11.51445650734663,14.880282895993092,18.815034619270882,0,0,0,0,0,6,6,1,1
453,2017,4,22,9,42845.375,48.135259931691785,-73.9468648888816,184,309,1010.6734163899167,1012.6734163899167,2.0,8.682193461120345,4.235986165622816,205.8518972422094,133125,0.38948561820725447,3.623411289834347,14.961000140243167,-4.842584843807568,15.725207571470426,0,0,0,0,0,6,6,1,1
453,2017,4,22,12,42845.5,48.29895609805061,-73.55714475004443,185,308,1012.25297128584,1014.25297128584,2.0,7.5462112030937885,3.2417112110288873,245.51972363957924,189375,1.5795548959233565,14.657239935232383,9.609416970010896,6.06739440342182,11.36460159223401,0,0,0,0,0,5,5,1,1
453,2017,4,22,15,42845.625,48.29895609805061,-73.55714475004443,185,308,,,,7.5462112030937885,,0.0,0,0.0,,0.0,0.0,0.0,0,3,0,0,0,5,5,0,0
454,2017,4,20,3,42843.125,41.991885762537926,59.1780644147069,538,253,1006.340287152409,1008.340287152409,2.0,8.56012547234446,4.822853494828378,460.7308382871884,666875,,,,,,3,0,0,0,0,6,6,1,1
454,2017,4,20,6,42843.25,42.36631579685173,59.893472958841606,538,256,1007.1921929206707,1009.1921929206707,2.0,7.907936033353236,5.700351058383166,463.5290424278275,675000,0.8519057682616403,8.758651739891876,19.591775629399542,13.878240066347855,24.00923196713957,0,0,0,0,0,5,5,1,1
454,2017,4,20,9,42843.375,42.63751134157409,60.99962757380748,539,260,1006.1991722030477,1008.1991722030477,2.0,8.324200172840303,4.794629555213469,446.2539888266928,625625,-0.9930207176228578,-10.156891830488956,30.16129125356966,10.051856233911133,31.792189352573313,0,0,0,0,0,5,5,1,1
454,2017,4,20,12,42843.5,43.99556458109187,64.01237833850482,539,272,1005.9665117319366,1007.9665117319366,2.0,8.729498287004569,5.439210019451784,447.36712098460976,628750,-0.23266047111115767,-2.320634613755638,80.32844020272653,50.33621011586163,94.79658408524635,0,0,0,0,0,8,8,1,1
454,2017,4,20,15,42843.625,44.53282712052661,64.66762361932625,538,275,1005.0074440013682,1009.0074440013682,4.0,10.420921765607744,4.942030623516184,514.0011726956917,830000,-0.9590677305684949,-9.474472414502543,17.31266196700491,19.913622887105472,26.38713021292064,0,0,0,0,0,13,13,1,1
454,2017,4,20,18,42843.75,46.12671635565258,66.05274521264938,534,282,1005.1629484802804,1009.1629484802804,4.0,11.165486626259522,3.3101443100924373,460.29883553088166,665625,0.15550447891233488,1.4945276113003505,35.5811983450762,59.07746552646137,68.9649810316938,0,0,0,0,0,9,9,1,1
454,2017,4,20,21,42843.875,46.02776069274729,65.77908129699185,534,281,1004.2778464875212,1008.2778464875212,4.0,12.193351564284187,4.665948226544933,396.94255713009204,495000,-0.8851019927593007,-8.52072880851714,-7.042620873475834,-3.667789225939251,7.940477729547107,0,0,0,0,0,8,8,1,1
454,2017,4,21,0,42844.0,46.68953963773768,65.4052010410776,531,281,1003.4969496707682,1007.4969496707682,4.0,12.65234735289951,3.80321571459368,375.5676614342511,443125,-0.7808968167529383,-7.4352094547113605,-9.505808640751779,24.528820414372987,26.306338187500597,0,0,0,0,0,8,8,1,1
454,2017,4,21,3,42844.125,47.02667076696958,64.8721758192439,529,280,1003.2581801704561,1007.2581801704561,4.0,13.359756491783793,4.927112268859928,347.7898169151024,380000,-0.23876950031219166,-2.260911564398518,-13.467192787533675,12.495757061512757,18.371424172255807,0,0,0,0,0,7,7,1,1
454,2017,4,21,6,42844.25,47.566331133239935,64.88954720023413,527,281,1003.6607951813994,1005.6607951813994,2.0,12.448868499820863,3.8036939077534777,226.99430130732603,161875,0.4026150109434093,3.77937092916295,0.4344422765341823,20.00249828013604,20.007215636826768,0,0,0,0,0,6,6,1,1
454,2017,4,21,9,42844.375,47.98784731973236,65.32313682966294,526,283,1002.8516799649883,1004.8516799649883,2.0,11.89532503363783,3.768555209605911,200.96160531198103,126875,-0.8091152164111555,-7.544674162166639,10.756109388766982,15.623487145506612,18.968058407990302,0,0,0,0,0,7,7,1,1
454,2017,4,21,12,42844.5,49.04077956912877,66.08630106146845,523,287,1003.0096122295128,1003.0096122295128,0.0,10.744236471964857,4.5766216550645185,14.104739588693906,625,0.1579322645244247,1.4489156774679604,18.542443847269823,39.026908077774664,43.20789022783024,0,0,0,0,0,6,6,1,1
454,2017,4,21,15,42844.625,49.04077956912877,66.08630106146845,523,287,,,,10.744236471964857,,0.0,0,0.0,,0.0,0.0,0.0,0,3,0,0,0,6,6,0,0
468,2017,4,20,18,42843.75,63.490298102396025,-100.06456820725187,244,380,1015.6271166978471,1017.6271166978471,2.0,8.348592107155872,6.71584474694675,160.81877456451716,81250,,,,,,3,0,0,0,0,12,12,1,1
468,2017,4,20,21,42843.875,63.33944955292167,-99.02312971289068,243,378,1015.7900294166889,1017.7900294166889,2.0,8.433531404205317,8.151966661194455,161.43612337794121,81875,0.16291271884183517,1.262970792931459,17.320176024000652,-5.59119779774632,18.20027445715834,0,0,0,0,0,12,12,1,1
468,2017,4,21,0,42844.0,63.127245703600906,-94.58352980911702,241,369,1016.224728046682,1018.224728046682,2.0,9.000340529258363,3.777761463727511,158.3253092116782,78750,0.43469862999307224,3.376275784661555,74.36519018810336,-7.865330486305098,74.77997683452158,0,0,0,0,0,12,12,1,1
468,2017,4,21,3,42844.125,63.41575471000002,-92.67997394010794,242,365,1015.4498054274836,1019.4498054274836,4.0,10.826052795860118,9.09127185379839,198.97183743964612,124375,-0.7749226191983325,-6.003530727164485,31.573245420307494,10.693579267614632,33.33500358367651,0,0,0,0,0,12,12,1,1
468,2017,4,21,6,42844.25,63.65576864346146,-92.21204200204835,243,364,1014.8000368801846,1018.8000368801846,4.0,12.330731068750561,13.324971717954902,169.8435557664936,90625,-0.649768547299027,-5.023442600520511,7.696559904719843,8.896110574972164,11.76341012330492,0,0,0,0,0,11,11,1,1
468,2017,4,21,9,42844.375,63.669601185899076,-91.2293344864779,243,362,1014.7566766779643,1020.7566766779643,6.0,13.063242996372086,14.107584736950521,298.54106607209235,280000,-0.04336020222035586,-0.33518313112526243,16.155601723287756,0.5127028472196501,16.163735064985612,0,0,0,0,0,12,12,1,1
468,2017,4,21,12,42844.5,63.43927388094926,-91.2188752351313,242,362,1014.8373159647938,1020.8373159647938,6.0,13.275176378706965,11.511844165877191,247.93869558672074,193125,0.08063928682953701,0.6246056570128955,0.17334596702202087,-8.537075926044746,8.538835646113325,0,0,0,0,0,13,13,1,1
468,2017,4,21,15,42844.625,62.75141190134792,-89.28681136498241,239,358,1015.7316924780665,1019.7316924780665,4.0,12.16563059207658,3.8004430959193267,200.96160531198103,126875,0.8943765132727276,6.9698809160739765,32.78642440898323,-25.495587454450515,41.53281359568005,0,0,0,0,0,12,12,1,1
468,2017,4,21,18,42844.75,62.747581881968785,-88.8114613907912,239,357,1015.949069297623,1019.949069297623,4.0,11.635320211246906,4.842894324200533,216.68112103298049,147500,0.21737681955652077,1.6940770330807156,8.06784780749324,-0.14195957463678455,8.06909665115647,0,0,0,0,0,17,17,1,1
468,2017,4,21,21,42844.875,62.50347948659153,-87.87890360333854,238,355,1016.9565621624857,1018.9565621624857,2.0,10.391353053273026,5.017538417327887,161.43612337794121,81875,1.0074928648627246,7.869007249319082,15.958447199321984,-9.047649315911649,18.34480839794366,0,0,0,0,0,16,16,1,1
468,2017,4,22,0,42845.0,62.251928735737636,-86.96266417704751,237,353,1018.0178809533303,1020.0178809533303,2.0,9.123436666138518,4.10763191266029,191.84519954901347,115625,1.0613187908445252,8.30847996270282,15.81130791676778,-9.323722429527432,18.35563286791595,0,0,0,0,0,14,14,1,1
468,2017,4,22,3,42845.125,61.634756896785916,-83.35692589741879,235,345,1018.4001547807836,1020.4001547807836,2.0,8.397040704767239,4.311192251990869,344.0515788724086,371875,0.3822738274533185,3.0098415694760763,63.48611834316477,-22.875459119774774,67.48165567191434,0,0,2,0,0,12,12,1,2
468,2017,4,22,6,42845.25,61.21302032330972,-80.7228606620653,234,339,1018.3907834658303,1018.3907834658303,0.0,8.048265706674396,3.610552552229856,14.104739588693906,625,-0.00937131495331414,-0.07408167417042112,47.011740744694194,-15.631655783670839,49.5424306063551,0,0,0,2,0,11,11,1,1
468,2017,4,22,9,42845.375,61.63660299438644,-77.79349314644143,237,333,1018.4850430330608,1018.4850430330608,0.0,7.899207428499689,1.9527578571710182,14.104739588693906,625,0.0942595672304742,0.7421419102999147,51.576442648303534,15.700081346094162,53.91309665125643,0,0,0,0,0,11,11,1,1
468,2017,4,22,12,42845.5,61.63660299438644,-77.79349314644143,237,333,,,,7.899207428499689,,0.0,0,0.0,,0.0,0.0,0.0,0,3,0,0,0,11,11,0,0
480,2017,4,21,9,42844.375,61.90918217411386,54.837850966033244,461,288,,,,16.31529714064382,,0.0,0,,,,,,0,0,0,0,0,8,8,0,0
480,2017,4,21,12,42844.5,62.95318732340626,62.89948983735748,466,305,997.3460917470613,997.3460917470613,0.0,15.41987087394031,8.280457359955836,14.104739588693906,625,,,135.78293745894723,38.696025330703634,141.1891939256501,3,0,0,3,0,8,8,1,1
480,2017,4,21,15,42844.625,63.77653589625362,64.20767741521841,464,309,996.8310453835526,996.8310453835526,0.0,15.444893178129998,4.832962370702226,14.104739588693906,625,-0.5150463635087362,-3.9777454385051385,21.42515015961085,30.517394720221326,37.28737641443368,0,0,3,0,0,8,8,1,1
480,2017,4,21,18,42844.75,64.90410882682559,64.70285766141271,460,312,995.6548421017209,997.6548421017209,2.0,16.351177390294318,4.863778033809504,237.27844638474429,176875,-1.1762032818316948,-8.998434652664104,7.784478110476766,41.79346310044665,42.512253026402725,0,0,2,0,0,14,14,1,3
480,2017,4,21,21,42844.875,65.72251367035203,64.98310652189997,457,314,993.9697043382567,995.9697043382567,2.0,17.299718967811074,6.398815184744308,193.90811046849038,118125,-1.685137763464154,-12.807619975761629,4.270847452635687,30.334155513824424,30.63333362043004,0,0,1,0,0,14,14,1,1
480,2017,4,22,0,42845.0,66.42475910653584,66.00968403415997,455,317,993.534509720712,995.534509720712,2.0,17.241388664723765,7.086300123714463,239.78057300779642,180625,-0.4351946175447665,-3.289688478829276,15.218069157226742,26.028709920979047,30.15100941966303,0,0,0,0,0,12,12,1,1
480,2017,4,22,3,42845.125,67.80127374210056,68.25259217486162,451,323,992.9715609901199,996.7343624946943,3.7628015045744543,17.667380156413504,8.51609461107808,349.50167213195084,383750,-0.5629487305920339,-4.2124546292350455,31.40773446760864,51.02048130892678,59.9127306787327,0,0,0,1,0,11,6,2,0
480,2017,4,22,6,42845.25,68.73340143455935,67.91690261844673,447,324,992.3950488053315,996.1957095142666,3.8006607089351747,17.61578119564292,5.921466047649737,327.76452917762373,337500,-0.5765121847884438,-4.286062284321721,-4.512925599157589,34.549290128772014,34.842789008137615,0,0,0,0,0,10,7,2,0
480,2017,4,22,9,42845.375,69.7845066056528,66.71764378651028,442,324,992.7466936094922,996.6562461925782,3.9095525830860423,16.530167088886373,4.4538860085426135,312.22172032673495,306250,0.35164480416075095,2.596193163640139,-15.359710462547238,38.95918746515091,41.877667000897446,0,0,0,0,0,9,7,2,0
480,2017,4,22,12,42845.5,70.31581346749067,65.33922211265222,439,323,993.1678105181305,997.1678105181305,4.0,15.330958346291007,4.344767957542644,314.44396702089864,310625,0.42111690863835977,3.0986581185599573,-17.208945405433198,19.692875842604227,26.152574651827408,0,0,1,0,0,6,6,1,1
480,2017,4,22,15,42845.625,70.63019774256212,64.17900802581072,437,322,993.2680561589331,997.2680561589331,4.0,14.85168648502495,4.144320060285754,288.0269329188686,260625,0.1002456408024591,0.7361924367539455,-14.262430148223386,11.65264546825726,18.41741187414366,0,0,0,0,0,7,7,1,1
480,2017,4,22,18,42845.75,71.23598608391549,64.81715251961899,435,324,993.1024514054282,997.1024514054282,4.0,15.65974902375365,4.747625053420779,265.379091712523,221250,-0.1656047535048856,-1.211745887991232,7.608389330229175,22.453530059639114,23.70756420089298,0,0,0,0,0,9,9,1,1
480,2017,4,22,21,42845.875,71.53774228028087,65.15174703421188,434,325,993.2491027814017,997.2491027814017,4.0,15.63546882682924,5.005412231057635,263.498280684788,218125,0.14665137597359718,1.0711605269361195,3.927375985298561,11.184586039796345,11.854081449505362,0,0,0,0,0,11,11,1,1
480,2017,4,23,0,42846.0,72.13884065620758,65.85445803957835,432,327,992.9965354512158,998.9965354512158,6.0,16.02446752453912,4.814437898662,350.63826593583474,386250,-0.25256733018599337,-1.8384462287730015,7.988551073206896,22.279696605777893,23.668583166187748,0,0,0,0,0,10,10,1,1
480,2017,4,23,3,42846.125,72.55162973143571,65.25063350928248,430,327,993.1208671327787,999.1208671327787,6.0,15.424446055799296,5.239426449209714,347.5036878523386,379375,0.12433168156290776,0.9029417354024436,-6.710753687778464,15.300016979889076,16.70702650512431,0,0,0,0,0,9,9,1,1
480,2017,4,23,6,42846.25,72.85192950829203,65.61818812310449,429,328,993.1874645879524,1001.1874645879524,8.0,15.667601146735564,4.994593356764671,483.2803316785781,733750,0.06659745517375995,0.4828660396689897,4.016746678405109,11.13060388630552,11.833198923043508,0,0,0,0,0,11,11,1,1
480,2017,4,23,9,42846.375,73.35796154976568,65.68408026794681,427,329,994.2092173460638,1002.2092173460638,8.0,15.137925235872787,4.892339739013696,485.3342309955121,740000,1.0217527581113972,7.388390454984359,0.699451078652811,18.75606524381952,18.769102675456896,0,0,0,0,0,10,10,1,1
480,2017,4,23,12,42846.5,73.74749811880761,66.80140948635182,426,331,995.0359639284056,1003.0359639284056,8.0,14.80832588185589,3.484938751374575,493.86734077921125,766250,0.8267465823418751,5.966295629387158,11.59034411842779,14.438163406663948,18.514768141705247,0,0,0,0,0,10,10,1,1
480,2017,4,23,15,42846.625,74.04411343595288,67.22503045111357,425,332,995.996182871161,1005.996182871161,10.0,14.23250748850228,3.2975153186008543,649.4309810853827,1325000,0.9602189427553094,6.919162176022406,4.316289098596733,10.994039477206691,11.810980298393702,0,0,0,0,0,10,10,1,1
480,2017,4,23,18,42846.75,74.71700470349748,68.90205041101085,423,335,997.1624714765618,1007.1624714765618,10.0,13.898384370562596,2.183692347796823,693.4312307766278,1510625,1.1662886054007686,8.376514122609501,16.383667700543388,24.9406983781286,29.84062671779223,0,0,0,0,0,11,11,1,1
480,2017,4,23,21,42846.875,76.66067800627229,71.86981308749907,416,341,998.2103710896724,1006.2103710896724,8.0,14.244911816348637,4.061952767915354,575.881161931641,1041875,1.0478996131106397,7.4613633917454925,25.376258869611068,72.04220344101081,76.38084570658737,0,0,0,0,0,13,13,1,1
480,2017,4,24,0,42847.0,77.56697806143067,74.83553910026156,413,345,998.4299877355198,1008.4299877355198,10.0,14.717494781894851,3.851303082573358,752.0617521273257,1776875,0.2196166458474181,1.558088493027703,23.664039547571303,33.59198938376531,41.0902484595557,0,0,0,0,0,14,14,1,1
480,2017,4,24,3,42847.125,78.11528955948742,76.35708522400994,411,347,998.8931973761075,1006.8931973761075,8.0,14.3569195485723,3.9124016521871816,590.7175405631532,1096250,0.4632096405877382,3.2795101856278888,11.614052390074638,20.323152268262863,23.40762121699675,0,0,0,0,0,12,12,1,1
480,2017,4,24,6,42847.25,79.80076913792263,77.94921511659044,404,350,999.5524343521513,1007.5524343521513,8.0,15.006532683340314,3.6932718291872875,601.7287557812589,1137500,0.6592369760437577,4.640659517958172,10.449064635011185,62.47225936166788,63.340083213539764,0,0,0,0,0,11,11,1,1
480,2017,4,24,9,42847.375,80.7266265936,78.146995832256,400,351,1000.0809698322008,1008.0809698322008,8.0,15.192536454294029,4.773035944813601,594.7452068085437,1111250,0.5285354800494679,3.710292101248777,1.1813125010393488,34.31688395578802,34.33721048163542,0,0,0,0,0,10,10,1,1
480,2017,4,24,12,42847.5,80.94632132025052,77.855721950433,399,351,1000.4635844210959,1008.4635844210959,8.0,14.722655769959523,4.401436917160172,592.063140348983,1101250,0.38261458889508504,2.684274065994379,-1.6988632101467913,8.142979671366685,8.318308369799796,0,0,0,0,0,10,10,1,1
480,2017,4,24,15,42847.625,81.38484675894316,77.22875743509856,397,351,1000.7559538816623,1008.7559538816623,8.0,14.37871305679452,4.417200824105384,597.5817128748505,1121875,0.2923694605664059,2.048711061332449,-3.4810255339360627,16.253934662400365,16.622512769659554,0,0,0,0,0,12,12,1,1
480,2017,4,24,18,42847.75,81.60364003394758,76.89079180184571,396,351,1000.6901329280538,1010.6901329280538,10.0,14.092483624107878,4.253461110246499,750.4728874959072,1769375,-0.06582095360849052,-0.460961710006817,-1.829146621784158,8.109567388146372,8.31329420788604,0,0,0,0,0,12,12,1,1
480,2017,4,24,21,42847.875,81.82209192911196,76.53479190518829,395,351,1001.031042103664,1009.031042103664,8.0,13.399979883534046,3.9416182563151962,639.241985783507,1283750,0.34090917561028616,2.3861524740948634,-1.87696814194943,8.09691415272292,8.311620070868123,0,0,0,0,0,9,9,1,1
480,2017,4,25,0,42848.0,82.0401781227755,76.15930450834438,394,351,1000.5408610317661,1010.5408610317661,10.0,13.2996122207295,3.511804847107341,781.8912489289945,1920625,-0.49018107189796867,-3.429112144193224,-1.9272637085701811,8.083359435535751,8.309936532034197,0,0,0,0,0,9,9,1,1
480,2017,4,25,3,42848.125,82.30998295114831,77.38067770656923,393,352,1000.3239865877243,1010.3239865877243,10.0,12.955212967264456,2.6158391421534906,800.7468245216295,2014375,-0.21687444404175038,-1.5161859973519172,6.057647809465662,10.000309366421067,11.691932449670288,0,0,0,1,0,10,10,1,2
480,2017,4,25,6,42848.25,82.56246434208262,71.56505117707799,391,349,1000.3410500127704,1010.1163813460665,9.775331333296053,12.479078673545786,2.2731755576257275,812.8295993074014,2075625,0.017063425046071643,0.11922194163745983,-27.89092787971546,9.358216581352426,29.4190427372304,0,0,0,0,0,9,11,2,0
480,2017,4,25,9,42848.375,83.81616387073247,95.1944289077348,387,362,999.4319299157959,1009.4319299157959,10.0,13.554422687542456,2.436314008392801,782.9083436665252,1925625,-0.9091200969745113,-6.335432186387884,93.68303785299622,46.46834237417921,104.57446353852293,0,0,1,0,0,10,10,1,1
480,2017,4,25,12,42848.5,84.28000805930814,93.3664606634298,385,361,998.9426751927592,1010.9426751927592,12.0,13.953600657873432,2.571207259294606,880.0498518952979,2433125,-0.48925472303671996,-3.4066182011903647,-6.7525105151413625,17.19237350772532,18.47089887055392,0,0,0,0,0,13,13,1,1
480,2017,4,25,15,42848.625,84.51285900136138,88.83086067209258,384,359,998.6866390285572,1010.6866390285572,12.0,13.824204957926815,2.681594656796733,872.1018772485213,2389375,-0.2560361642019416,-1.782036433698016,-16.07109681708032,8.630614473575173,18.241920378497834,0,0,0,0,0,12,12,1,1
480,2017,4,25,18,42848.75,84.72737796876136,86.34777721969367,383,358,997.9970043960442,1009.9970043960442,12.0,14.29416166602019,2.761707035564614,833.8514002103238,2184375,-0.6896346325130435,-4.798231537969486,-8.45691947060364,7.95114028130249,11.607761140944708,0,0,0,0,0,11,11,1,1
480,2017,4,25,21,42848.875,84.7083800027363,83.9275435927923,383,357,997.9262981204351,1009.9262981204351,12.0,14.086551061736852,2.7419734073712605,837.066088766036,2201250,-0.07070627560911817,-0.49196410089576015,-8.272512610518987,-0.704159146183896,8.302427656676697,0,0,0,1,0,12,12,1,2
480,2017,4,26,0,42849.0,84.20157650668403,79.99202019855866,385,355,996.9628984142296,1008.9628984142296,12.0,14.89347511466483,3.0908636619218304,792.3801174294614,1972500,-0.9633997062055277,-6.70895540041818,-14.734229526896991,-18.78465918891272,23.873854749388215,0,0,0,0,0,12,12,1,1
480,2017,4,26,3,42849.125,84.20157650668403,79.99202019855866,385,355,996.9622682552357,1008.9622682552357,12.0,14.792249731655955,3.2162715789638607,797.5104647156593,1998125,-0.0006301589938811958,-0.004388322477046109,0.0,0.0,0.0,0,0,0,0,0,10,10,1,1
480,2017,4,26,6,42849.25,84.23630368911435,82.18470645323312,385,356,996.9007469082333,1008.9007469082333,12.0,14.570816860253103,2.83714980486875,805.5769860523593,2038750,-0.06152134700241731,-0.4283981445902446,8.161307037341057,1.2871621676371692,8.262186091074751,0,0,0,0,0,13,13,1,2
480,2017,4,26,9,42849.375,84.23630368911435,82.18470645323312,385,356,997.1835463293806,1007.1835463293806,10.0,14.321630939227186,3.0195893585348674,703.825092173847,1556250,0.28279942114735607,1.9692473135538178,0.0,0.0,0.0,0,0,0,0,0,12,12,1,2
480,2017,4,26,12,42849.5,85.6328189150983,88.53119928561418,379,359,996.8199551580299,1006.8199551580299,10.0,14.75852440233024,3.5663198039730197,686.9457083841995,1482500,-0.36359117135070845,-2.526368755722446,17.90336709086093,51.76180270376517,54.770564834896796,0,0,0,0,0,11,11,1,2
480,2017,4,26,15,42849.625,86.3044859203444,91.73570458892839,376,360,996.4179899870661,1006.3188323509643,9.900842363898118,14.845530142449674,3.7723750971522527,691.5638827983613,1502500,-0.40196517096381285,-2.790699186857057,7.654545526058491,24.89532112596994,26.045519406908884,0,0,0,0,0,12,14,2,0
480,2017,4,26,18,42849.75,86.3044859203444,91.73570458892839,376,360,996.2564047900223,1004.2564047900223,8.0,14.621770648248795,4.26817859683666,567.704817454536,1012500,-0.16158519704375066,-1.1218277367586358,0.0,0.0,0.0,0,0,0,0,0,14,14,1,2
480,2017,4,26,21,42849.875,86.3044859203444,91.73570458892839,376,360,995.9142892740379,1003.9142892740379,8.0,14.512182137360766,4.673129552511309,562.4237276245926,993750,-0.3421155159844784,-2.375184621045234,0.0,0.0,0.0,0,0,0,0,0,10,10,1,2
480,2017,4,27,0,42850.0,85.85673410323427,91.54815769897796,378,360,995.8561324325725,1003.8561324325725,8.0,14.355022154567308,5.150834640691828,556.5566529946447,973125,-0.05815684146538842,-0.40397821051441396,-0.5022442717314484,-16.595910152842478,16.60350815670312,0,0,0,0,0,10,10,1,2
480,2017,4,27,3,42850.125,85.84464886862115,94.63546342690265,378,361,996.0513785808292,1004.0513785808292,8.0,13.827898034370902,3.6623576230480097,615.781334498246,1191250,0.19524614825670142,1.3562702950429257,8.290780217450555,-0.44793892542983577,8.302872147334602,0,0,0,0,0,11,11,1,2
480,2017,4,27,6,42850.25,85.737420444268,103.67130713219584,378,364,996.200392292257,1004.200392292257,8.0,13.402066332455943,2.9190972111497104,633.6152964925216,1261250,0.14901371142783318,1.0352609222533378,24.86760341240555,-3.974418926719731,25.183202840023192,0,0,0,0,0,12,12,1,2
480,2017,4,27,9,42850.375,86.10629308706348,108.43494882292201,376,365,996.5931467672089,1004.5931467672089,8.0,12.865070515725154,3.314363303610662,666.0663659641269,1393750,0.3927544749517983,2.7273783113726533,11.986284475771772,13.67225548560875,18.18245268377965,0,0,0,0,0,12,12,1,2
480,2017,4,27,12,42850.5,86.52832077266692,110.77225468204583,374,365,996.718747238604,1004.718747238604,8.0,12.553388959049183,3.60530137973743,667.1109425130968,1398125,0.12560047139515518,0.871785446776568,5.245663671573467,15.64244584754932,16.498578709961006,0,0,1,0,0,8,8,1,1
480,2017,4,27,15,42850.625,86.64582710779332,115.70995378081126,373,366,996.768063980378,1002.768063980378,6.0,12.407947696746875,4.181928744717298,497.0795199464242,776250,0.04931674177394598,0.34226272492607107,10.704567371451047,4.355369438217442,11.55668661655636,0,0,0,0,0,9,9,1,1
480,2017,4,27,18,42850.75,87.14645030671429,115.55996517182382,371,365,996.7444343542236,1002.7444343542236,6.0,12.274580007778262,3.7765513774651485,497.6794954453741,778125,-0.023629626154288416,-0.16391409832255568,-0.27676114934322826,18.555586626859803,18.557650492470326,0,0,0,0,0,9,9,1,1
480,2017,4,27,21,42850.875,87.34667560267698,117.64597536373869,370,365,997.3255818531642,1003.3255818531642,6.0,11.949671047893055,4.143286487054866,505.61114242207606,803125,0.5811474989405542,4.03062914259589,3.5790576043962137,7.4213456989857765,8.239297622943416,0,0,0,0,0,12,12,1,1
480,2017,4,28,0,42851.0,87.64698676479665,115.3461759419467,369,364,998.1459862704447,1004.1459862704447,6.0,11.165437751600301,3.448958904085157,535.4230488541527,900625,0.8204044172805152,5.688725066361269,-3.4994857184134975,11.131025880812897,11.668167699030837,0,0,0,0,0,11,11,1,1
480,2017,4,28,3,42851.125,87.73377630974781,110.22485943116808,369,363,998.8485866537874,1004.8485866537874,6.0,10.850004473714032,3.32089732492459,545.3629982891939,934375,0.7026003833426512,4.871568398986041,-7.503568917503559,3.216852361452876,8.164048359429925,0,0,0,0,0,10,10,1,1
480,2017,4,28,6,42851.25,88.01679090404238,106.38954033403479,368,362,1000.0551895444319,1006.0551895444319,6.0,10.352089424274034,3.679363395591718,564.8943803041859,1002500,1.2066028906445718,8.364600342944584,-4.918621234864519,10.489929017308192,11.585829518865905,0,0,0,0,0,13,13,1,1
480,2017,4,28,9,42851.375,88.0679844413826,100.00797980144135,368,361,1001.4987581062337,1005.4987581062337,4.0,9.782801867419128,3.3549042214164366,359.32498880999094,405625,1.4435685618018033,10.007025030847508,-7.970251815975517,1.8974872097407702,8.193007489389403,0,0,0,0,0,14,14,1,1
480,2017,4,28,12,42851.5,88.09409658018029,93.3664606634298,368,360,1002.7747563662618,1006.7747563662618,4.0,9.53598415252521,3.171460637502896,360.98214589711955,409375,1.2759982600281363,8.845268517948973,-8.18250738936952,0.9678457860469365,8.239548084856088,0,0,0,0,0,11,11,1,1
480,2017,4,28,15,42851.625,87.87057891791461,86.98721249581666,369,359,1003.8827061516914,1007.8827061516914,4.0,9.326793837550927,2.8579581633710767,369.9638510165959,430000,1.1079497854295186,7.681405710312065,-8.781083668767067,-8.2846766864652,12.072418904144591,0,0,0,0,0,12,12,1,1
480,2017,4,28,18,42851.75,87.87057891791461,86.98721249581666,369,359,1004.9223440177811,1008.9223440177811,4.0,9.025996335725939,2.766354378999822,388.0726283837936,473125,1.0396378660897607,7.207799799467134,0.0,0.0,0.0,0,0,0,0,0,12,12,1,1
480,2017,4,28,21,42851.875,87.84717502374525,81.02737338510362,369,358,1005.8659705942766,1009.8659705942766,4.0,8.872603982642852,2.754262072189813,492.0512749486031,760625,0.9436265764954441,6.542254318883998,-8.294431334002345,-0.8674647651195371,8.339669434288377,0,0,0,0,0,14,14,1,1
480,2017,4,29,0,42852.0,87.52249318286341,71.56505117707799,370,356,1006.7382263767471,1008.7382263767471,2.0,8.535867382011297,2.121861032097513,243.89374731754785,186875,0.8722557824704563,6.048819350521399,-15.143476825444072,-12.034324493225164,19.34295366201865,0,0,0,0,0,14,14,1,1
480,2017,4,29,3,42852.125,86.81445887771226,71.56505117707799,373,355,1007.600871044128,1009.600871044128,2.0,7.869136958823313,2.19450692076367,282.0947917738781,250000,0.862644667380955,5.985826755541341,0.0,-26.243274207704886,26.243274207704886,0,0,0,0,0,12,12,1,1
480,2017,4,29,6,42852.25,86.81445887771226,71.56505117707799,373,355,,,,7.869136958823313,,0.0,0,0.0,,0.0,0.0,0.0,0,3,0,0,0,12,12,0,0
487,2017,4,21,18,42844.75,71.79661687344043,19.106353005771986,386,283,990.0044268457539,990.0044268457539,0.0,18.48636168762302,4.291074550488556,14.104739588693906,625,,,,,,3,0,0,0,0,8,8,1,1
487,2017,4,21,21,42844.875,71.65421774814938,18.21287327022855,385,282,990.1970955916748,992.1970955916748,2.0,18.705574477469035,6.128531351977217,175.60259173501603,96875,0.19266874592096428,1.4063257485916818,-10.423452032933117,-5.278020096996068,11.683571732443461,0,0,0,0,0,8,8,1,1
487,2017,4,22,0,42845.0,71.85556471280432,16.189206257026942,382,282,990.7329512349835,992.7329512349835,2.0,19.314159548796926,7.501981783997035,147.2578045343293,68125,0.535855643308605,3.906783552103754,-23.357148529283144,7.462920321637225,24.520431626423292,0,0,0,0,0,7,7,1,1
487,2017,4,22,3,42845.125,71.53774228028087,14.459395150318501,380,280,991.1732137350093,993.1732137350093,2.0,19.769498795102503,5.408187173863044,148.60265258063356,69375,0.4402625000258558,3.2157339703571113,-20.303366763402874,-11.780080690147106,23.473325350184815,0,0,0,0,0,5,5,1,1
487,2017,4,22,6,42845.25,70.53799970727404,12.349197703404434,378,275,991.1185642210397,995.1185642210397,4.0,20.71046973832248,7.224704057701819,191.84519954901347,115625,-0.054649513969634425,-0.40156742949263163,-26.05829573792485,-37.055434022978666,45.300551513160165,0,0,0,0,0,5,5,1,1
487,2017,4,22,9,42845.375,69.77183816226773,13.185761302187698,380,272,991.0841932629843,997.0841932629843,6.0,20.5205863070982,11.709027079589287,219.41825422078801,151250,-0.034370958055369556,-0.253781410586199,10.720951561782735,-28.39775893161966,30.354102107103678,0,0,0,0,0,5,5,1,1
487,2017,4,22,12,42845.5,69.0544816019374,13.36396400137241,381,269,991.2627496619785,997.2627496619785,6.0,20.28423234308614,13.448858533837265,194.4204181260938,118750,0.17855639899426023,1.3246038201319033,2.3611831061053725,-26.58880336797494,26.693438336066652,0,0,0,0,0,4,4,1,1
487,2017,4,22,15,42845.625,68.77933286964479,13.815025341261613,382,268,991.9870245923937,997.9870245923937,6.0,19.42710695782463,10.856482311036524,209.20709679710012,137500,0.724274930415122,5.382922101074041,6.051456864576037,-10.19838103453957,11.858630018239074,0,0,0,0,0,5,5,1,1
487,2017,4,22,18,42845.75,68.5027528879222,14.254650718226664,383,267,993.0411573224383,997.0411573224383,4.0,18.29854907275285,10.346594474988015,162.05112036071435,82500,1.0541327300445118,7.8492795333037755,5.971287827340497,-10.251430259665796,11.863730470882096,0,0,0,0,0,7,7,1,1
487,2017,4,22,21,42845.875,68.06007924695601,13.964891350997318,383,265,993.7164230770488,995.7164230770488,2.0,17.879749667512655,9.944136285340427,101.71072362820549,32500,0.6752657546105911,5.043659630956701,-4.012798757289526,-16.407687678238332,16.89126309111069,0,0,0,0,0,7,7,1,1
487,2017,4,23,0,42846.0,67.78273132355675,14.388611593132431,384,264,994.5671077857032,996.5671077857032,2.0,16.635532836506513,8.981338764586253,107.41849642478903,36250,0.850684708654444,6.366377666896856,5.938428435387087,-10.279893999134238,11.871863919185143,0,0,0,0,0,6,6,1,1
487,2017,4,23,3,42846.125,67.5613525931276,14.245605920441387,384,263,995.4600292993084,997.4600292993084,2.0,15.466063770877003,7.615277351541372,136.02118266811544,58125,0.8929215136051062,6.693083195867308,-2.023168839065217,-8.205397230244696,8.451139323042298,0,0,0,0,0,5,5,1,1
487,2017,4,23,6,42846.25,67.5613525931276,14.245605920441387,384,263,996.7748421227104,996.7748421227104,0.0,14.224814336412713,5.580646213377913,14.104739588693906,625,1.314812823402026,9.85545927602637,0.0,0.0,0.0,0,0,0,0,0,6,6,1,1
487,2017,4,23,9,42846.375,65.8057747020038,17.083086947362784,391,257,998.2622739247788,998.2622739247788,0.0,11.241605831603911,5.053030458434878,14.104739588693906,625,1.4874318020684587,11.297594388941734,43.09874944587519,-65.07045160744002,78.04912476251428,0,0,0,0,0,6,6,1,1
487,2017,4,23,12,42846.5,65.4489932936755,17.93528899405832,393,256,998.7480499392321,1000.7480499392321,2.0,10.616450985217407,4.163986140310299,211.1004122822376,140000,0.48577601445329494,3.7000720428943557,13.124334998188537,-13.224094175735765,18.631286480364288,0,0,0,0,0,4,4,1,1
487,2017,4,23,15,42846.625,64.64087384089817,20.048487755803194,398,254,998.8451488173101,1000.8451488173101,2.0,9.795765604600378,9.480230502253107,148.60265258063356,69375,0.09709887807795894,0.7444557269294724,33.54459150200324,-29.952927757205476,44.97129640409134,0,0,0,0,0,4,4,1,1
487,2017,4,23,18,42846.75,64.42478942541496,19.875042184718176,398,253,1000.7219297057585,1002.7219297057585,2.0,8.505993410493026,3.6739988533227006,265.379091712523,221250,1.8767808884484112,14.415121894171634,-2.775264264515175,-8.00916357622928,8.47636672924743,0,0,0,0,0,4,4,1,1
487,2017,4,23,21,42846.875,64.34571197055259,20.349415277375332,399,253,1001.2940311696534,1003.2940311696534,2.0,8.106910080415783,3.5364383534574886,213.44344089255833,143125,0.5721014638949419,4.39708821368888,7.612205700039234,-2.9310039308864786,8.156988394167408,0,0,0,0,0,6,6,1,1
487,2017,4,24,0,42847.0,64.34571197055259,20.349415277375332,399,253,,,,8.106910080415783,,0.0,0,0.0,,0.0,0.0,0.0,0,3,0,0,0,6,6,0,0
488,2017,4,21,18,42844.75,51.85337929116833,69.50416048103854,516,301,1003.3623061861618,1003.3623061861618,0.0,10.379041347659728,4.986577237383244,14.104739588693906,625,,,,,,3,0,0,0,0,11,11,1,1
488,2017,4,21,21,42844.875,52.2406314179367,70.03168712081623,515,303,1002.4422425629398,1002.4422425629398,0.0,11.356546974600796,4.560080370630676,14.104739588693906,625,-0.9200636232220859,-8.062829199787425,11.973040110623131,14.35349060965288,18.69161261560874,0,0,0,0,0,10,10,1,1
488,2017,4,22,0,42845.0,52.629810293290696,71.67566065262989,515,308,1002.1682736246221,1002.1682736246221,0.0,12.320229305892495,3.4891595179202706,14.104739588693906,625,-0.27396893831770286,-2.3883724457470588,36.98374972896659,14.42490549886654,39.6973001936664,0,0,0,0,0,9,9,1,1
488,2017,4,22,3,42845.125,52.91739933383577,73.01385735333575,515,312,1002.363948205385,1002.363948205385,0.0,13.135864505353123,4.165023292540354,14.104739588693906,625,0.1956745807628613,1.6993346939613547,29.906806192439962,10.659480755729195,31.74967065362925,0,0,0,0,0,8,8,1,1
488,2017,4,22,6,42845.25,53.365616201783105,76.87176456152795,516,323,1003.1935541901056,1005.1935541901056,2.0,12.59635647519751,2.104406148480048,265.7536566014258,221875,0.8296059847206925,7.162577861418193,85.31461963230888,16.613147250752814,86.91709259162285,0,0,0,0,0,9,9,1,1
488,2017,4,22,9,42845.375,53.38476135676901,78.69006752597979,517,328,1002.6802970659962,1004.6802970659962,2.0,12.470633721725248,4.438566952342662,220.32307560268868,152500,-0.5132571241093683,-4.430212869504624,40.19608916713724,0.709614701418859,40.20235238586067,0,0,0,0,0,10,10,1,1
488,2017,4,22,12,42845.5,54.91008334187194,79.34609740006151,511,331,1002.7468608206796,1004.7468608206796,2.0,12.27530018844247,6.26961253824833,171.01087916602197,91875,0.06656375468330225,0.5636012390103263,13.978120752309257,56.53602208095084,58.23838641741287,0,0,0,0,0,8,8,1,1
488,2017,4,22,15,42845.625,55.72964448215281,80.25635871296284,508,334,1003.6244423224298,1005.6244423224298,2.0,12.167561372981599,6.934193716098889,145.90056078898738,66875,0.8775815017502464,7.35737949804625,18.998140585858927,30.377013624754127,35.828651976854474,0,0,0,0,0,8,8,1,1
488,2017,4,22,18,42845.75,55.64396866578302,81.81624992789541,509,338,1004.9088419317475,1008.9088419317475,4.0,12.203012753188604,5.006557832324179,264.6283714200614,220000,1.2843996093176246,10.779015092023704,32.627577755014904,-3.1755720388168225,32.781749311671255,0,0,0,0,0,10,10,1,1
488,2017,4,22,21,42845.875,55.76552786624478,83.3235199395979,509,342,1006.2280029348788,1010.2280029348788,4.0,11.670683777017915,4.851718088793205,257.00058634784585,207500,1.319161003131303,11.054733889190764,31.429045617686224,4.505588792771756,31.750358089447623,0,0,0,0,0,13,13,1,1
488,2017,4,23,0,42846.0,55.84052062246518,84.46021192644551,509,345,1008.0989019391901,1012.0989019391901,4.0,10.895323859154091,6.684773088371948,255.83680412822147,205625,1.870899004311359,15.664428972416072,23.656478370740533,2.7796046756004573,23.819218523241577,0,0,0,0,0,12,12,1,1
488,2017,4,23,3,42846.125,56.11673087077118,85.18846549832196,508,347,1010.4973814176432,1012.4973814176432,2.0,8.749063244870133,6.362721436233041,175.60259173501603,96875,2.398479478453082,20.016443454627954,15.048434168172049,10.237726099620184,18.200725441713917,0,0,0,0,0,11,11,1,1
488,2017,4,23,6,42846.25,56.11673087077118,85.18846549832196,508,347,,,,8.749063244870133,,0.0,0,0.0,,0.0,0.0,0.0,0,3,0,0,0,11,11,0,0
499,2017,4,22,9,42845.375,51.5470679332838,43.31531568210371,475,237,1001.1335425576018,1001.1335425576018,0.0,7.662742739649503,4.2993199291123165,14.104739588693906,625,,,,,,3,0,0,0,0,2,2,1,1
499,2017,4,22,12,42845.5,51.840575192262804,48.152937007775314,484,248,1000.053929010218,1000.053929010218,0.0,7.78111499865288,4.127737851531419,14.104739588693906,625,-1.0796135473837785,-9.512696304282185,110.76436633452104,10.878839377271799,111.29732250006941,0,0,0,0,0,2,2,1,1
499,2017,4,22,15,42845.625,52.41317997644324,50.17216082509655,486,254,999.5807544640043,999.5807544640043,0.0,9.056140494548913,3.7260437954635557,14.104739588693906,625,-0.47317454621370414,-4.136957859646264,45.6496530263204,21.223582324422413,50.34214206909534,0,0,0,0,0,3,3,1,1
499,2017,4,22,18,42845.75,53.4112841188392,52.59464336859145,487,262,999.1402830696201,1001.1402830696201,2.0,10.427841470107046,5.239560697699053,188.70855443464026,111875,-0.4404713943842216,-3.8006510882480375,53.51782018129255,36.994705632449524,65.05970582310341,0,0,0,0,0,6,6,1,1
499,2017,4,22,21,42845.875,54.335106153768486,55.14286367876271,488,270,998.6408862633181,1000.6408862633181,2.0,10.96575968799568,6.359760851076718,167.48450292473797,88125,-0.49939680630195654,-4.258675897288398,55.06530371022465,34.24144113552975,64.843380261498,0,0,0,0,0,8,8,1,1
499,2017,4,23,0,42846.0,55.318536249459214,55.42371721006599,485,273,998.4172640360306,1000.4172640360306,2.0,10.514428326049984,6.071483867027855,157.69578262626,78125,-0.22362222728756023,-1.8840413025099223,5.9233295311262575,36.4508124501274,36.928952882645824,0,0,0,0,0,8,8,1,1
499,2017,4,23,3,42846.125,56.104133268482975,55.936848950206446,483,276,999.2616466343369,999.2616466343369,0.0,9.491188109643653,4.905490691659216,14.104739588693906,625,0.8443825983064016,7.047812176908183,10.606711114651391,29.118134300843625,30.98980583726906,0,0,0,3,0,7,7,1,1
499,2017,4,23,6,42846.25,57.07031808277277,57.68038349181982,482,282,1000.0028922378161,1000.0028922378161,0.0,8.911215396248691,3.7911155425215117,14.104739588693906,625,0.741245603479183,6.118510028428806,35.12929046664332,35.81161651668002,50.165116627269455,0,0,0,0,0,8,8,1,1
499,2017,4,23,9,42846.375,55.45768126135501,63.181802696148644,495,291,,,,11.347944329582097,,0.0,0,1.1914443629437301,,115.58982480553796,-59.77234435395384,130.12970740051097,0,3,3,0,0,8,8,0,0
501,2017,4,18,6,42841.25,44.9828550738296,177.80302955450264,367,555,997.160093949473,999.160093949473,2.0,17.843667007216478,7.528658919485025,167.48450292473797,88125,,,,,,3,0,0,0,0,31,31,1,1
501,2017,4,18,9,42841.375,45.01397675347101,179.26735733113523,362,555,995.3879144949336,999.3879144949336,4.0,20.253970320000935,9.063223113785934,223.4611004069437,156875,-1.7721794545392913,-17.35950741700066,38.36852817874974,1.1535242949278317,38.38586423284621,0,0,0,0,0,31,31,1,1
501,2017,4,18,12,42841.5,45.49663677343744,178.96375523074792,363,553,994.2643510599692,1002.2643510599692,8.0,20.990205380678105,12.725557451995407,361.25759969217836,410000,-1.1235634349644534,-10.914433904740388,-7.88780148021231,17.889781838142447,19.55151417173542,0,0,0,1,0,32,32,1,2
501,2017,4,18,15,42841.625,45.49663677343744,178.96375523074792,363,553,995.5560465457555,1006.1595522710227,10.60350572526717,18.866720710836184,10.10789282321879,564.5420919130127,1001250,1.2916954857863312,12.547689401366524,0.0,0.0,0.0,0,0,1,0,0,29,30,2,0
501,2017,4,18,18,42841.75,43.054338332291046,-174.21938027855464,339,562,993.5400791890743,1009.5400791890743,16.0,20.43289226392858,12.413033184418746,744.6180450381191,1741875,-0.6194730819483811,-6.28663814236484,0.7641651230087937,9.050748280108584,9.082950664024963,0,0,0,0,2,26,26,1,1
501,2017,4,18,21,42841.875,41.25061734842144,-169.75591255354135,322,567,992.9697534270471,1008.9697534270471,16.0,19.98651087144078,10.173159993511435,753.1191329688431,1781875,-0.5703257620272052,-5.992734237499504,124.36826306008942,-66.85487416287702,141.19858021919953,0,0,0,0,0,25,25,1,1
501,2017,4,19,0,42842.0,40.51290491786016,-167.16604392829564,312,568,990.2477940347527,1006.2477940347527,16.0,21.417086039875624,13.009800804547119,690.1240230585346,1496250,-2.721959392294375,-29.029753021194928,72.97730143041319,-27.34329320034701,77.93165086860107,0,0,0,0,0,30,30,1,2
501,2017,4,19,3,42842.125,40.76489189510399,-165.99640369635404,308,566,986.6334833761046,1004.6334833761046,18.0,23.53037093370074,18.63450359376897,691.4200317551414,1501875,-3.6143106586481735,-38.34968141507571,32.834877909116386,9.339891150003877,34.13741018297229,0,0,0,0,0,27,27,1,1
501,2017,4,19,6,42842.25,40.52449668870799,-166.06125351031181,308,567,984.4094569147064,1004.4094569147064,20.0,25.94929267792829,17.82600862679923,703.5423747122802,1555000,-2.2240264613981706,-23.71367380366412,-1.8270873142323665,-8.910242446969045,9.095640082896738,0,0,0,0,0,30,30,1,1
501,2017,4,19,9,42842.375,39.922009212897485,-165.67454865985388,306,569,983.7147061731791,1005.7147061731791,22.0,26.85663182765343,14.954823273872753,779.8530799387183,1910625,-0.6947507415272411,-7.5004553958806035,10.992394887958591,-22.331183559004756,24.890048302861576,0,0,0,0,0,33,33,1,1
501,2017,4,19,12,42842.5,39.36116679674299,-164.46887004217427,301,570,982.5156937040348,1004.5156937040348,22.0,26.524936387810314,13.179625740062328,793.0075465541621,1975625,-1.1990124691443633,-13.098257913583986,34.55122509218082,-20.78761044115195,40.322597922550024,0,0,0,0,0,23,23,1,1
501,2017,4,19,15,42842.625,38.70298212028638,-163.04015297793498,295,571,981.318723333485,1005.318723333485,24.0,26.536613955774655,16.07530431329142,880.0498518952979,2433125,-1.196970370549825,-13.26255525591853,41.325833569795996,-24.395598939055287,47.989267215010834,0,0,0,0,0,28,28,1,1
501,2017,4,19,18,42842.75,38.40424027933019,-161.23904741486592,288,570,981.629169291429,1005.629169291429,24.0,26.60228638230916,16.998990667828185,874.3800992003947,2401875,0.31044595794402996,3.4623513937284343,52.31385561172123,-11.072859030261403,53.47286878472164,0,0,0,0,0,27,27,1,1
501,2017,4,19,21,42842.875,38.37274615280313,-159.6097668864874,282,568,981.6814322182732,1007.6814322182732,26.0,26.332141897788397,16.191693691257097,984.910847815731,3047500,0.0522629268442688,0.5832841509457082,47.34387715681947,-1.1673290296367362,47.35826602931578,0,0,0,0,0,29,29,1,1
501,2017,4,20,0,42843.0,38.75948602880421,-157.7891698859916,276,564,982.1236687132856,1006.1236687132856,24.0,25.079075085045808,14.350285298706803,943.3319010626958,2795625,0.44223649501233014,4.894004745943565,52.61904248445259,14.334504047488648,54.53660823949446,0,0,0,0,0,26,26,1,1
501,2017,4,20,3,42843.125,39.51866675425158,-156.31791227546157,272,559,981.163244955486,1007.163244955486,26.0,25.676680005304892,12.63881939601808,1030.128915750457,3333750,-0.9604237577995809,-10.456862608871825,42.066559026684004,28.13901502536094,50.610271239571304,0,0,0,0,0,23,23,1,1
501,2017,4,20,6,42843.25,40.34388892011674,-155.0476469389987,269,554,981.5649900078628,1011.5649900078628,30.0,25.792198735719342,11.77111679490481,1381.616661273459,5996875,0.40174505237679115,4.299481036734806,35.884574747845285,30.586839399613552,47.15143104181937,0,0,0,0,0,20,20,1,1
501,2017,4,20,9,42843.375,41.13353363516012,-154.34432927212114,268,550,981.9390770668156,1013.9390770668156,32.0,25.637823625026165,11.965623064955288,1566.8327917147017,7712500,0.3740870589527185,3.9399322738646934,19.634144840568414,29.268162054837326,35.2437931228839,0,0,0,0,0,16,16,1,1
501,2017,4,20,12,42843.5,41.69153813800434,-153.74134044519272,267,547,982.1316041344492,1012.1316041344492,30.0,24.5782605154999,10.225521515817963,1323.2922055874803,5501250,0.19252706763363675,2.005452391599613,16.689350277787547,20.68242325369877,26.576249628941756,0,0,0,0,0,17,17,1,1
501,2017,4,20,15,42843.625,42.13070505350354,-152.87869659584135,265,544,982.4235870816183,1012.4235870816183,30.0,24.368593351754008,9.158711490389614,1306.8785265107472,5365625,0.2919829471691628,3.0155700203366336,23.712249534472207,16.27771098455025,28.761687239826966,0,0,0,0,0,20,20,1,1
501,2017,4,20,18,42843.75,42.672241288548484,-152.24796510795179,264,541,983.534521183976,1013.534521183976,30.0,24.046422490243593,8.547083692879022,1296.7925498878913,5283125,1.1109341023577144,11.355469251484037,17.188507169865677,20.072027310397797,26.42595426995738,0,0,0,0,0,17,17,1,1
501,2017,4,20,21,42843.875,43.32248119737176,-151.85259490030342,264,538,985.1321502485391,1013.1321502485391,28.0,23.12095749382107,7.22406665784838,1227.3555052896406,4732500,1.5976290645630797,16.132687104332447,10.661109493382101,24.101126320989472,26.35381463033717,0,0,0,0,0,19,19,1,1
501,2017,4,21,0,42844.0,43.75371227592606,-151.58322188934486,264,536,985.1690273458746,1013.1690273458746,28.0,22.832489993933432,6.884202620448122,1236.3992997400373,4802500,0.03687709733552765,0.3694431106360886,7.211850912740019,15.983569382233341,17.535258303893222,0,0,0,0,0,21,21,1,2
501,2017,4,21,3,42844.125,43.96864420485756,-151.4467559925807,264,535,986.249546827054,1012.249546827054,26.0,21.565587544377962,6.671291868019689,1189.1558642043062,4442500,1.0805194811793626,10.782716803293615,3.640418261662997,7.9664466903701525,8.758819440447382,0,0,0,0,0,20,20,1,2
501,2017,4,21,6,42844.25,43.96864420485756,-151.4467559925807,264,535,989.2226657768902,1012.3785718655771,23.155906088686898,19.588388370176364,4.658253167430594,1157.36242802208,4208125,2.9731189498362074,29.669339810142645,0.0,0.0,0.0,0,0,0,0,0,18,17,2,0
501,2017,4,21,9,42844.375,49.517974003523214,-147.70273191760526,265,509,988.2599695879376,1010.2599695879376,22.0,22.54843184721719,7.898995646203912,1044.9889249601008,3430625,-0.11860227763958392,-1.0803184896927291,-38.82086364470404,29.138878115121912,48.54002134248228,0,0,0,0,2,18,18,1,1
501,2017,4,21,12,42844.5,49.81686689469284,-148.98029057603267,269,510,988.845487514414,1010.845487514414,22.0,21.34259500545797,7.160753223982319,1097.906986152398,3786875,0.5855179264764593,5.309766345622069,-30.55313368032553,11.078457702729057,32.49963388653784,0,0,0,0,0,20,20,1,1
501,2017,4,21,15,42844.625,49.85503868955934,-149.70830389968276,271,511,989.5237072667687,1009.5237072667687,20.0,20.573308008602005,6.735954255192192,1029.5493776366548,3330000,0.6782197523547802,6.146975051333959,-17.397023971634884,1.414836643357048,17.454460913961928,0,0,0,0,0,18,18,1,1
501,2017,4,21,18,42844.75,49.44082804019476,-150.0345200119894,271,513,991.0158197413892,1009.0158197413892,18.0,19.32986122830511,5.535961334765598,993.1579732409248,3098750,1.4921124746205168,13.606929477923222,-7.86208615855669,-15.352707590496522,17.248710940932895,0,0,0,0,0,23,23,1,1
501,2017,4,21,21,42844.875,49.55998112600242,-150.31545119691847,272,513,993.1843619666492,1007.1843619666492,14.0,17.527846955439543,5.243742327498257,888.0387058120505,2477500,2.1685422252600257,19.740361007890453,-6.75421595915327,4.416406211952052,8.069949011725502,0,0,0,0,0,21,21,1,1
501,2017,4,22,0,42845.0,49.23299568959226,-150.19524852681988,271,514,993.9103418730504,1005.9103418730504,12.0,16.071993458148793,4.4678918888846235,851.0898511596697,2275625,0.725979906401044,6.641044935344564,2.909247675952699,-12.119707205155542,12.46398911980973,0,0,0,0,0,20,20,1,1
501,2017,4,22,3,42845.125,49.23299568959226,-150.19524852681988,271,514,994.4575769020838,1004.4575769020838,10.0,14.669404021609083,4.3628084142094306,797.759881598916,1999375,0.5472350290334725,5.005940778749703,0.0,0.0,0.0,0,0,0,0,0,18,18,1,1
501,2017,4,22,6,42845.25,48.99250517169491,-149.63991229313552,269,514,996.0567403629132,1002.0567403629132,6.0,13.438755230681986,4.23011485829571,577.7780656404763,1048750,1.5991634608292953,14.681925106115807,13.50600856669517,-8.913775165436057,16.182325392340495,0,0,0,0,0,17,17,1,1
501,2017,4,22,9,42845.375,49.07701578174405,-149.20120207024078,268,513,997.48244020008,1001.48244020008,4.0,12.093712425214143,3.5048120618755636,515.5470443746771,835000,1.4256998371669034,13.07260325909253,10.651513474756012,3.1323836950335973,11.10254776687861,0,0,0,0,0,16,16,1,1
501,2017,4,22,12,42845.5,48.98446393417108,-147.77418427971702,264,511,998.2169093755141,1000.1093180623012,1.8924086867870937,10.391788479029179,2.031255894690548,418.41419359420024,550000,0.7344691754340602,6.7439870238625454,34.7108351728199,-3.4304319672315615,34.87993609335423,0,0,0,1,0,14,15,2,0
501,2017,4,22,15,42845.625,51.436956301058046,-153.814385524341,285,511,998.208208354082,998.208208354082,0.0,8.309658415629276,1.9254454630993134,14.104739588693906,625,0.09889029178084456,0.8762145200689797,-17.41939304752975,19.74580930606592,26.331202769639052,0,0,0,0,2,15,15,1,1
501,2017,4,22,18,42845.75,51.436956301058046,-153.814385524341,285,511,,,,8.309658415629276,,0.0,0,0.0,,0.0,0.0,0.0,0,3,0,0,0,15,15,0,0
509,2017,4,22,21,42845.875,41.69979688393042,-67.05333654158181,167,278,1008.1717939034928,1010.1717939034928,2.0,8.337503565199329,5.718348339577569,215.29950574842135,145625,,,,,,3,0,0,0,0,9,9,1,1
509,2017,4,23,0,42846.0,41.88057147823615,-65.46499121675633,170,273,1007.0490240749855,1011.0490240749855,4.0,9.614859261791434,6.582747893169216,277.1141642750141,241250,-1.1227698285072985,-11.65220059045007,43.831798814784165,6.700405917675089,44.34097458109519,0,0,0,0,0,7,7,1,1
509,2017,4,23,3,42846.125,42.44743353082792,-64.8654907174331,173,272,1005.5351010074205,1011.5351010074205,6.0,11.036893206305388,10.56658262804849,319.7765640827088,321250,-1.513923067565047,-15.54090509311743,16.3963817892093,21.010728118508567,26.65130450554721,0,0,0,0,0,6,6,1,1
509,2017,4,23,6,42846.25,42.68302343672671,-63.49743056425322,176,268,1002.9337798182959,1010.9337798182959,8.0,12.45810983295808,11.339456433473824,368.0769556858673,425625,-2.6013211891245738,-26.584110241005803,37.27518001775976,8.732134101538344,38.28432069821333,0,0,0,0,0,7,7,1,1
509,2017,4,23,9,42846.375,43.003738675130805,-62.365887116322284,179,265,1001.8932211383709,1011.8932211383709,10.0,12.66927716849647,14.314230467976301,512.4506377219443,825000,-1.040558679925016,-10.569963244325818,30.671336787042527,11.887302469378266,32.89435909548436,0,0,0,0,0,7,7,1,1
509,2017,4,23,12,42846.5,43.159283081356115,-60.342593107633164,183,259,1001.668943594851,1009.668943594851,8.0,13.051981474194157,13.628492571231327,313.17604263477836,308125,-0.2242775435198564,-2.2716005291639503,54.70293243187435,5.765249613398418,55.005898954121285,0,0,0,0,0,5,5,1,1
509,2017,4,23,15,42846.625,43.50796314479964,-58.79264043105425,187,255,1001.5319430477795,1009.5319430477795,8.0,12.27468067626888,17.59572264712253,310.9447345242019,303750,-0.13700054707151138,-1.3786915682215388,41.66590310217885,12.92381802567399,43.62421980598499,0,0,0,0,0,5,5,1,1
509,2017,4,23,18,42846.75,43.68670210906646,-56.98210884759391,191,250,1001.4914048594962,1009.4914048594962,8.0,11.124906406773105,14.620410682993827,332.58485450914213,347500,-0.04053818828324438,-0.4066177376181546,48.52617550587108,6.6249553400580785,48.97631818016098,0,0,0,0,0,3,3,1,1
509,2017,4,23,21,42846.875,43.95518852787875,-55.39550427208536,195,246,1002.4346286696846,1008.4346286696846,6.0,9.740882091401685,13.108267203093565,247.53717516845768,192500,0.9432238101883559,9.414908630714823,42.33383173141977,9.951442548297512,43.48775135433229,0,0,0,0,0,5,5,1,1
509,2017,4,24,0,42847.0,44.23716394194166,-53.389618453425314,200,241,1004.1971869942553,1008.1971869942553,4.0,8.494739855641585,10.283211811835862,205.8518972422094,133125,1.7625583245707093,17.504067822972758,53.26599211134166,10.451411827431638,54.281653666704834,0,0,0,0,0,6,6,1,1
509,2017,4,24,3,42847.125,44.22733377597871,-51.948022006086624,203,237,1005.1655932924872,1007.1655932924872,2.0,7.924232066291435,9.231579520578526,133.80930871145785,56250,0.9684062982318573,9.618993496952447,38.28822893519769,-0.3643548610515069,38.28996251576751,0,0,0,0,0,5,5,1,1
509,2017,4,24,6,42847.25,44.22733377597871,-51.948022006086624,203,237,,,,7.924232066291435,,0.0,0,0.0,,0.0,0.0,0.0,0,3,0,0,0,5,5,0,0
510,2017,4,22,21,42845.875,50.11211213454196,-84.24036626433647,186,342,1012.6391636599551,1016.6391636599551,4.0,7.985472497330918,7.568758034857383,304.15261082582236,290625,,,,,,3,0,0,0,0,12,12,1,1
510,2017,4,23,0,42846.0,50.58607409323616,-81.49388480277723,189,334,1010.9765956446379,1014.9765956446379,4.0,9.143691427475934,7.9101042837047855,230.04134101951155,166250,-1.6625680153172289,-14.909290772784708,64.629890571722,17.56738840977078,66.97489000254131,0,0,0,0,0,11,11,1,1
510,2017,4,23,3,42846.125,51.13899592589507,-80.01153510908233,192,330,1009.5863503368502,1015.5863503368502,6.0,10.50218384072467,8.537834890360754,486.97111331877176,745000,-1.3902453077877,-12.369678456523284,34.472641314795034,20.494034207560915,40.104469044224864,0,0,0,0,0,10,10,1,1
510,2017,4,23,6,42846.25,51.943109181977604,-78.7574742943081,196,327,1007.5200077604226,1015.5200077604226,8.0,12.090343875453012,10.400234822267521,591.5588991159755,1099375,-2.06634257642756,-18.181430645625156,28.65301308008846,29.80443817467189,41.343677793292166,0,0,0,0,0,10,10,1,1
510,2017,4,23,9,42846.375,53.1878257575291,-77.29797749587226,202,324,1004.7359866220693,1014.7359866220693,10.0,14.726650091335335,5.1715434747558175,589.368868619697,1091250,-2.7840211383532734,-24.092138572816438,32.413549727932285,46.13538943723791,56.38361787337473,0,0,0,0,0,9,9,1,1
510,2017,4,23,12,42846.5,54.45882807631516,-76.09731288577944,208,322,1001.8728347077803,1013.8728347077803,12.0,17.69583316842053,11.233336280633157,586.3230142835039,1080000,-2.8631519142890465,-24.378206374851533,25.86850839368687,47.10966986749345,53.74477389977995,0,0,0,0,0,9,9,1,1
510,2017,4,23,15,42846.625,55.48091941453489,-74.91047557434506,213,320,998.263739963412,1010.263739963412,12.0,20.549955702117696,12.975328141443898,474.3472365221147,706875,-3.6090947443681944,-30.347618956249008,24.92803382340172,37.88379045912732,45.3496245833604,0,0,0,0,0,9,9,1,1
510,2017,4,23,18,42846.75,56.90113845860924,-74.67589183056876,219,321,995.7209537546689,1007.7209537546689,12.0,22.350897767201346,17.414205342182466,439.5159976357948,606875,-2.5427862087432005,-21.02938741863447,4.748122514799727,52.64038414168412,52.85408886736784,0,0,0,0,0,8,8,1,1
510,2017,4,23,21,42846.875,57.639870474301816,-74.74488129694222,222,322,993.9575493437264,1005.9575493437264,12.0,23.520490069875095,25.184619937582394,446.9222008138874,627500,-1.7634044109424576,-14.463378288611759,-1.3686560910522358,27.381084098307838,27.415269210682226,0,0,0,0,0,11,11,1,1
510,2017,4,24,0,42847.0,58.15183802245969,-74.92393002508122,224,323,992.5702656157782,1002.5702656157782,10.0,24.92201450385224,35.60040606046248,317.27827140480923,316250,-1.3872837279482337,-11.314838923426676,-3.501847649969027,18.976064653936405,19.296475499789285,0,0,0,0,0,12,12,1,1
510,2017,4,24,3,42847.125,58.43739609854171,-75.21450831663186,225,324,991.8499765599777,999.8499765599777,8.0,25.68965257759433,31.279265179198628,244.30125595145995,187500,-0.720289055800531,-5.8566975498059035,-5.637480606742316,10.584203107567308,11.99193658312256,0,0,0,0,0,11,11,1,1
510,2017,4,24,6,42847.25,58.43739609854171,-75.21450831663186,225,324,,,,25.25833274176687,,0.0,0,-0.014779880765854615,,0.0,0.0,0.0,0,2,2,1,0,10,5,0,0
514,2017,4,23,0,42846.0,55.318536249459214,55.42371721006599,485,273,,,,10.514428326049984,,0.0,0,,,,,,0,0,0,0,0,8,8,0,0
514,2017,4,23,3,42846.125,54.24781781903542,60.41358153750406,496,282,1000.369740465672,1000.369740465672,0.0,12.740078991981346,7.261449119556055,14.104739588693906,625,,,108.0397281292116,-39.6861524426506,115.09810402406835,3,0,0,3,0,8,8,1,1
514,2017,4,23,6,42846.25,54.91161117290718,61.52302754154848,495,286,1000.0620372272256,1000.0620372272256,0.0,12.747233652650447,6.166556471504591,14.104739588693906,625,-0.30770323844641095,-2.6053019170361864,23.638063915654303,24.603484430305542,34.118756011801565,0,0,0,0,0,9,9,1,1
514,2017,4,23,9,42846.375,55.45768126135501,63.181802696148644,495,291,1001.1943366007598,1001.1943366007598,0.0,11.347944329582097,5.312316267757123,14.104739588693906,625,1.1322993735343334,9.52376793662035,34.86063795453576,20.24007447591486,40.31035466710507,0,0,3,0,0,8,8,1,1
514,2017,4,23,12,42846.5,55.871809960579775,64.54486232662877,495,295,1002.1003431104015,1002.1003431104015,0.0,10.304716158704778,3.8142142484447685,14.104739588693906,625,0.9060065096415929,7.582889052820264,28.34459716537123,15.349670110567992,32.23396595162369,0,0,0,0,0,8,8,1,1
514,2017,4,23,15,42846.625,56.2650604156843,65.93950260320207,495,299,1003.8144046818819,1003.8144046818819,0.0,9.113465664628258,3.519202793375953,14.104739588693906,625,1.7140615714804153,14.279874822838632,28.706918726711258,14.575818502762221,32.19536717926154,0,0,0,0,0,8,8,1,1
514,2017,4,23,18,42846.75,56.24609301396114,68.87937136434486,498,306,1005.2830795688835,1005.2830795688835,0.0,9.165016064540957,2.9948443407093146,14.104739588693906,625,1.468674887001689,12.238260552443018,60.539943493988346,-0.7030262810814318,60.544025338650826,0,0,0,0,0,7,7,1,1
514,2017,4,23,21,42846.875,56.50612707472357,71.19619932303777,499,312,1005.8742054596227,1007.8742054596227,2.0,9.200285117497836,4.542757693891471,177.8539989415875,99375,0.5911258907390584,4.910924690265778,47.386676145564195,9.638156103854943,48.35691397522032,0,0,0,0,0,10,10,1,1
514,2017,4,24,0,42847.0,56.86578758471045,73.05614472879097,499,317,1008.0206324785318,1008.0206324785318,0.0,7.837151252964528,3.6629525608216498,14.104739588693906,625,2.1464270189091623,17.75855763448815,37.68094828459433,13.330808008312173,39.96954222630968,0,0,0,0,0,11,11,1,1
514,2017,4,24,3,42847.125,56.86578758471045,73.05614472879097,499,317,,,,7.837151252964528,,0.0,0,0.0,,0.0,0.0,0.0,0,3,0,0,0,11,11,0,0
516,2017,4,23,6,42846.25,51.43695630105804,-49.564352826537394,231,250,1008.0553130525639,1010.0553130525639,2.0,9.49316695776878,2.8742482610978186,247.13500240053986,191875,,,,,,3,0,0,0,0,4,4,1,1
516,2017,4,23,9,42846.375,52.59507822818064,-49.948333750024354,234,254,1006.4867262321557,1010.4867262321557,4.0,11.24780722042904,3.291203941638523,354.3070156851716,394375,-1.5685868204082363,-13.680767975961903,-8.645281854505237,42.925760910617406,43.787690600205515,0,0,0,0,0,4,4,1,1
516,2017,4,23,12,42846.5,54.04684779061141,-50.914946366431025,237,260,1003.4449327192448,1009.4449327192448,6.0,14.334999291728346,3.102174479427631,348.3613699989857,381250,-3.0417935129108082,-26.03364208842784,-21.034990187231685,53.809803333097726,57.77513086894385,0,0,0,0,0,7,7,1,1
516,2017,4,23,15,42846.625,55.48091941453489,-51.95942207149898,240,266,1001.3800271959968,1009.3800271959968,8.0,15.510744157392747,4.147694138055522,406.35360642898377,518750,-2.064905523248017,-17.36307036493576,-21.93796632379037,53.1538296750713,57.50307796588154,0,0,0,0,0,7,7,1,1
516,2017,4,23,18,42846.75,56.708716324293476,-53.32565033042684,242,272,998.8871359407207,1006.8871359407207,8.0,16.63301028888991,5.737940627848584,340.56447961908583,364375,-2.49289125527619,-20.662095723255153,-27.795186397466473,45.50826243834055,53.325175452376925,0,0,0,0,0,6,6,1,1
516,2017,4,23,21,42846.875,58.23676560230547,-54.890604941758035,245,279,996.6316899568658,1004.6316899568658,8.0,17.772910487845905,7.078063393680786,314.44396702089864,310625,-2.2554459838548793,-18.37876351737616,-30.533747201955737,56.63710912593821,64.34339009048539,0,0,0,0,0,9,9,1,1
516,2017,4,24,0,42847.0,59.28075089215824,-56.13399921064699,247,284,993.8386048299727,1003.8386048299727,10.0,20.355993244944628,6.460255349254367,342.8931527591907,369375,-2.7930851268929837,-22.509591500562202,-23.5420444993991,38.69528924105905,45.294075425610664,0,0,0,0,0,9,9,1,1
516,2017,4,24,3,42847.125,60.82200469532949,-57.35828505931763,251,290,992.1879261192604,1000.1879261192604,8.0,21.87404542853146,7.66183575629795,282.79914940409105,251250,-1.650678710712382,-13.098287419689953,-22.122621145755648,57.1265345280914,61.260520023485384,0,0,0,0,0,8,8,1,1
516,2017,4,24,6,42847.25,61.94645450001704,-59.19473761279088,253,296,989.3378207466856,1009.3378207466856,20.0,24.354609952582063,11.241494328505942,977.5103526755952,3001875,-2.8501053725747623,-22.374979996007276,-32.01110819672192,41.67770451590688,52.55227970028971,0,0,2,0,0,5,5,1,3
516,2017,4,24,9,42847.375,62.40866511392383,-60.80854318463126,253,300,987.7439824336786,1005.7439824336786,18.0,25.747036599817093,12.072591501921561,728.547689044081,1667500,-1.5938383130069997,-12.45939775888243,-27.70362355937845,17.1318251025674,32.572844359446215,0,0,0,0,0,5,5,1,2
516,2017,4,24,12,42847.5,62.8338772457949,-61.40856915416314,254,302,987.4180720573859,997.4180720573859,10.0,25.99006950444064,10.54856941398044,323.48782833813266,328750,-0.32591037629274067,-2.5379426997026444,-10.15409992372334,15.760477270593515,18.748290296927163,0,0,0,2,0,5,5,1,1
516,2017,4,24,15,42847.625,63.25555087458964,-62.02720733504795,255,304,987.2098697089453,997.2098697089453,10.0,25.620311463529497,11.151518856793409,300.2024092604617,283125,-0.2082023484405363,-1.6152651360599737,-10.318647563900818,15.629322740591652,18.728326590423706,0,0,0,0,0,8,8,1,1
516,2017,4,24,18,42847.75,63.3629065983131,-62.45655813366688,255,305,988.0585458153103,996.0585458153103,8.0,24.41594709625964,15.159274002490056,247.53717516845768,192500,0.8486761063648737,6.577957527750548,-7.134780332424715,3.9791372747681657,8.169371080040614,0,0,0,0,0,8,8,1,1
516,2017,4,24,21,42847.875,63.3629065983131,-62.45655813366688,255,305,989.6202279923505,1013.6202279923505,24.0,23.17957839530179,15.809190373376186,1498.9562732447644,7058750,1.561682177040202,12.10435754626854,0.0,0.0,0.0,0,0,2,0,0,6,6,1,2
516,2017,4,25,0,42848.0,63.56700479535821,-62.230052713939756,256,305,992.1394645749106,1014.5620708983552,22.422606323444633,21.632394134363373,13.812408570271874,1063.3888614556372,3552500,2.5192365825601155,19.491512318638538,3.7372260541071363,7.564894682905656,8.437682747232884,0,0,0,0,0,5,3,2,0
516,2017,4,25,3,42848.125,63.56700479535821,-62.230052713939756,256,305,993.3201745396708,1015.2628989820388,21.942724442367908,21.20238890771971,13.378134948798106,1080.3714934688844,3666875,1.1807099647603172,9.135236834119699,0.0,0.0,0.0,0,0,0,0,0,5,3,2,0
516,2017,4,25,6,42848.25,63.3629065983131,-62.45655813366688,255,305,994.5263774515281,996.5263774515281,2.0,21.02776586331294,13.347473146472112,83.44476472655683,21875,1.2062029118572537,9.34909262148452,-3.763981805500339,-7.564894682905656,8.449567479793972,0,0,0,2,0,5,5,1,1
516,2017,4,25,9,42848.375,63.15829812605466,-62.679680977438856,254,305,,,,21.436556231966794,,0.0,0,1.1182950778573286,,-3.7341463456215522,-7.583808021210927,8.453282973679633,0,2,2,0,0,5,2,0,0
518,2017,4,21,3,42844.125,48.69049774351739,109.94238458169698,529,421,1003.0935086755262,1003.0935086755262,0.0,10.443337249797178,17.677822017355574,14.104739588693906,625,,,,,,3,0,0,0,0,14,14,1,1
518,2017,4,21,6,42844.25,49.35705088841254,113.74949449286676,522,431,1000.5142367720152,1000.5142367720152,0.0,10.089793125757039,13.500226724737296,14.104739588693906,625,-2.5792719035109624,-23.550492749489152,91.90158433539304,24.705776017105077,95.16447116420457,0,0,0,0,0,15,15,1,1
518,2017,4,21,9,42844.375,49.72972865696727,116.49224844686509,517,438,998.5649532199409,1004.5649532199409,6.0,11.370094120148629,14.935749559871034,563.3073475372626,996875,-1.9492835520743392,-17.699822999633895,65.70882814543214,13.813292378834214,67.14504555504519,0,0,2,0,0,16,16,1,2
518,2017,4,21,12,42844.5,49.50578506862022,117.79625007272003,516,442,996.5082929241547,1006.5082929241547,10.0,14.893631649779252,12.892050725653098,649.4309810853827,1325000,-2.056660295786278,-18.73700702706879,31.38553232365056,-8.300463626256509,32.464585869062326,0,0,0,0,0,18,18,1,2
518,2017,4,21,15,42844.625,49.815504167068816,118.38914100945411,514,443,994.8340165126605,1008.8340165126605,14.0,17.41851026255188,13.97944145145091,839.9132605542229,2216250,-1.674276411494211,-15.1834721395569,14.17966833070256,11.479730810803469,18.24410078510968,0,0,0,0,0,17,17,1,1
518,2017,4,21,18,42844.75,50.32922326235445,119.1508455195025,511,444,991.954772404187,1005.954772404187,14.0,20.404654882075487,18.215100839242513,534.1209933079043,896250,-2.879244108473504,-25.91572544007709,18.022889944499692,19.040985705398292,26.218003329482016,0,0,0,0,0,22,22,1,1
518,2017,4,21,21,42844.875,50.86242053563707,119.18459997247267,509,443,991.7294853550673,1007.7294853550673,16.0,21.351085697541627,15.594245876545537,612.8667601500941,1180000,-0.22528704911965178,-2.0123373918583733,0.7896801658666759,19.762943896579728,19.778714473486925,0,0,0,0,0,20,20,1,1
518,2017,4,22,0,42845.0,50.953035865078476,119.6408963303246,508,444,991.5820371622691,1011.5820371622691,20.0,22.28165040728903,14.03428758598675,959.5370476363144,2892500,-0.1474481927981833,-1.3153641115655716,10.654205390983767,3.3586549700367456,11.171063320965471,0,0,0,0,0,19,19,1,1
518,2017,4,22,3,42845.125,51.1600153534055,119.80759099044973,507,444,991.8585205220393,1003.8585205220393,12.0,20.938589151359082,16.90854490411606,468.8632691368353,690625,0.27648335977020905,2.4592780825297242,3.8748511981385576,7.671689673817229,8.594724792514867,0,0,0,0,0,16,16,1,1
518,2017,4,22,6,42845.25,51.572515765641775,120.14613526436762,505,444,993.1664916022442,1001.1664916022442,8.0,18.7527974751963,12.399485978513693,391.6447068515214,481875,1.3079710802048794,11.567452864809217,7.798955711298695,15.289317693154173,17.163535349950365,0,0,0,0,0,14,14,1,1
518,2017,4,22,9,42845.375,53.041440688535964,120.59997869320895,499,442,994.1890232917212,1008.1890232917212,14.0,19.043028255932512,17.409268515278747,802.608019000836,2023750,1.0225316894770367,8.86568412552086,10.113812805003525,54.445666349194546,55.377069204341865,0,0,2,0,0,13,13,1,2
518,2017,4,22,12,42845.5,51.897509929187066,120.02167034912,504,443,996.5158801830169,1002.5158801830169,6.0,18.04359616016967,12.070397202679887,327.46090286958605,336875,2.326856891295611,20.486426918283186,-13.226852801522856,-42.39976562408503,44.41497225047535,0,0,0,2,0,11,11,1,1
518,2017,4,22,15,42845.625,51.98304619717991,120.49171135675464,503,444,996.9465882941696,1006.9465882941696,10.0,18.957825217738705,9.446094004182596,571.8945777447492,1027500,0.43070811115278046,3.7876684535449856,10.730133404172191,3.1703996816379525,11.188708460437331,0,0,0,0,0,13,13,1,1
518,2017,4,22,18,42845.75,52.22197854065259,119.89515088742431,503,442,997.3690170676955,1007.3690170676955,10.0,19.115790595503736,8.382818508304627,573.8046605957105,1034375,0.4224287735258986,3.702820324114411,-13.545552575804466,8.856021468485675,16.1836680278039,0,0,0,0,0,16,16,1,2
518,2017,4,22,21,42845.875,52.13312511741041,119.423599919416,504,441,998.7007199194092,1008.7007199194092,10.0,18.454948624081684,7.874914210744972,611.892150320368,1176250,1.3317028517136351,11.687168815549398,-10.728497954664846,-3.2933499598443543,11.222603188264948,0,0,0,0,0,19,19,1,2
518,2017,4,23,0,42846.0,52.1560382221968,118.65182845264876,505,439,1000.1219962485028,1010.1219962485028,10.0,17.97177139999995,7.192343565538177,658.405859820939,1361875,1.421276329093671,12.46939902096443,-17.549884333934223,0.8492736686406601,17.570421335264452,0,0,0,0,0,17,17,1,1
518,2017,4,23,3,42846.125,51.850533624289206,118.02205940133538,507,438,1001.0668959200212,1007.0668959200212,6.0,15.733607236710359,5.142311448775726,505.61114242207606,803125,0.9448996715183603,8.324567933672219,-14.41889105030956,-11.323520451303336,18.33375396725346,0,0,0,0,0,16,16,1,1
518,2017,4,23,6,42846.25,51.00748904583791,117.39101436895317,511,438,1002.6117069253993,1006.6117069253993,4.0,12.451555192459859,4.998902559546987,482.4563236935515,731250,1.544811005378142,13.770427305132454,-14.717174475616485,-31.247426686328268,34.539787189025894,0,0,0,1,0,17,17,1,3
518,2017,4,23,9,42846.375,50.90422131299916,116.93952806380082,512,437,1004.2746728529225,1006.2746728529225,2.0,10.430926980754295,5.508427189014255,375.83242541597855,443750,1.6629659275231825,14.845344350746783,-10.552963092944573,-3.827615992584991,11.225670324205263,0,0,0,0,0,16,16,1,3
518,2017,4,23,12,42846.5,50.040870598009654,117.81200951722636,514,441,1006.6713548053458,1008.4508796113411,1.7795248059953155,9.756373846376707,3.9286251599812387,354.3070156851716,394375,2.3966819524232417,21.6629350726929,20.76899528806417,-32.000073140595156,38.14912641567394,0,0,1,0,0,17,18,2,0
518,2017,4,23,15,42846.625,49.717487248908824,117.94803514599849,515,442,1007.8565979916737,1009.0165219364568,1.1599239447832224,9.943556853291433,3.8831000279771253,289.7485676944319,263750,1.1852431863278616,10.764156341317394,3.259801851672932,-11.986195927112792,12.421561935413179,0,0,0,0,0,18,20,2,0
518,2017,4,23,18,42846.75,49.29363630090044,117.64597536373869,517,442,1009.5010960963624,1009.9013936100314,0.40029751366892014,9.058609965619684,3.793906832549764,297.87393436440806,278750,1.6444981046888278,15.029665799372376,-7.301726209699449,-15.710025024006162,17.32397448325042,0,0,2,0,0,14,16,2,0
518,2017,4,23,21,42846.875,48.19856487038086,123.8207801041821,511,461,1009.1695218208245,1011.1695218208245,2.0,9.707567568578453,1.490678975725823,310.6246678057967,303125,1.2681282107930747,11.785821057591669,-8.720367759820283,-14.779792484021854,17.160625855057322,0,0,0,0,2,18,18,1,2
518,2017,4,24,0,42847.0,47.91429684646338,122.08810879240214,515,457,1010.1577996459981,1012.1577996459981,2.0,9.341081556384319,2.503363272996794,325.9385287348523,333750,0.9882778251737182,9.225969428367334,-43.04295446042981,-10.53638735563238,44.31378326424595,0,0,0,0,0,19,19,1,2
518,2017,4,24,3,42847.125,47.32306995938004,122.70746220732237,516,460,1010.0873480465264,1012.0873480465264,2.0,8.288326655710062,2.116022893224872,316.6506184233564,315000,-0.07045159947185312,-0.6639162613548585,15.56121459684736,-21.913810113174137,26.876876183912973,0,0,0,2,0,18,18,1,2
518,2017,4,24,6,42847.25,47.32306995938004,122.70746220732237,516,460,,,,8.288326655710062,,0.0,0,0.0,,0.0,0.0,0.0,0,3,0,0,0,18,18,0,0
538,2017,4,24,3,42847.125,27.922520606910112,-78.04967937047712,102,305,1005.8124448451348,1009.8124448451348,4.0,8.094257725006363,14.035977146696169,450.9106782943783,638750,,,,,,3,0,0,0,0,9,9,1,1
538,2017,4,24,6,42847.25,28.747649652519637,-78.12836219341324,105,306,1002.673432013694,1006.673432013694,4.0,10.363645030977644,21.21428266312272,143.1474726395179,64375,-3.1390128314407777,-45.21798949067581,-2.556923158917811,30.583387899615254,30.690087511425297,0,0,0,0,0,6,6,1,1
538,2017,4,24,9,42847.375,29.00390280782846,-78.08286776556228,106,306,1000.9620997527027,1004.9620997527027,4.0,11.090548548587893,21.01423083630172,120.5109478725292,45625,-1.7113322609913302,-24.452899482455646,1.4747716563652753,9.498016935667058,9.611830062409377,0,0,0,0,0,6,6,1,1
538,2017,4,24,12,42847.5,29.20510344853554,-77.82003904167705,107,305,1004.6401741197847,1010.6401741197847,6.0,8.404108782888109,8.004409789159617,826.42219811855,2145625,3.6780743670820084,52.224826757845925,8.503354980251656,7.457496828087297,11.310230097619709,0,0,2,0,0,6,6,1,2
538,2017,4,24,15,42847.625,29.872147370429513,-76.31692661280722,111,299,1004.5067176429199,1010.5067176429199,6.0,9.75250788779994,5.866269167145438,686.9457083841995,1482500,-0.13345647686481243,-1.8564067859919502,48.310418441168025,24.723966654566397,54.269430226388586,0,0,0,0,0,7,7,1,2
538,2017,4,24,18,42847.75,30.629764149654417,-76.15611574056533,114,299,1003.3611611715347,1011.3611611715347,8.0,10.130671409565402,4.885107213841693,1596.7038688038863,8009375,-1.1455564713850617,-15.577678872008562,5.128833417224466,28.081047396866648,28.545580308109162,0,0,0,0,0,7,7,1,2
538,2017,4,24,21,42847.875,31.63456232737803,-75.93584821498547,118,299,1001.6622081943082,1007.6622081943082,6.0,11.238821665443572,4.883217218984791,600.2391210378395,1131875,-1.6989529772265815,-22.441755192834275,6.951094932339525,37.24281988818797,37.88595193448893,0,0,0,0,0,5,5,1,2
538,2017,4,25,0,42848.0,32.50450633313493,-75.25643716352927,122,297,1001.5378634515655,1007.5378634515655,6.0,12.114478596105029,7.093967076123445,583.7726628538894,1070625,-0.12434474274268723,-1.6031638491831248,21.237481785170107,32.24445330167059,38.610042751841746,0,0,0,0,0,4,4,1,2
538,2017,4,25,3,42848.125,33.56160074449896,-75.24435963851568,126,298,1002.3634775178805,1006.3634775178805,4.0,11.972608499719854,5.085639109327385,396.44105022467926,493750,0.8256140663150291,10.346741064676273,0.37302577456282937,39.1811785093322,39.1829541715354,0,0,0,0,0,4,4,1,2
538,2017,4,25,6,42848.25,34.803304708588655,-75.93438914381336,130,302,1000.9476362588172,1006.9476362588172,6.0,12.69537353092339,3.984056417266984,500.2710745306043,786250,-1.415841259063309,-17.18624293624838,-21.000768736973445,46.02372706707041,50.58869182621775,0,0,1,0,0,4,4,1,1
538,2017,4,25,9,42848.375,35.60339340766948,-75.99352057070165,133,303,999.6672043745253,1005.6672043745253,6.0,13.895456040464481,8.818223373157888,436.7916986750201,599375,-1.280431884291902,-15.237946235096073,-1.7820013223593407,29.65526806781084,29.708760541069562,0,0,0,0,0,4,4,1,1
538,2017,4,25,12,42848.5,36.82349236725808,-76.72360295768402,137,307,1001.7044534979868,1007.7044534979868,6.0,12.896783729522044,8.804369601058351,494.8733865168483,769375,2.0372491234615153,23.549565490642987,-21.661479088799474,45.22293810351921,50.143133199165234,0,0,0,0,0,8,8,1,1
538,2017,4,25,15,42848.625,36.74640726222237,-77.51191423105149,136,310,1002.227195439379,1008.227195439379,6.0,12.089632602689663,8.306476319310823,464.8148397450838,678750,0.5227419413921598,6.053514355827032,-23.412655365498722,-2.8571575332783667,23.58634733131829,0,0,0,0,0,8,8,1,1
538,2017,4,25,18,42848.75,36.55402630702712,-77.80941610422735,135,311,1002.4373329747355,1006.4373329747355,4.0,10.89861302411493,3.3382180812754814,390.1178210895074,478125,0.21013753535647994,2.444464737188447,-8.857856697804342,-7.130595400248554,11.371324287033726,0,0,0,0,0,7,7,1,1
538,2017,4,25,21,42848.875,36.63531835336068,-77.02410731836893,136,308,1001.9665216927583,1005.9665216927583,4.0,10.440586073479366,3.179106400447563,400.18703313103447,503125,-0.4708112819772214,-5.4663464209177075,23.357202995778085,3.0130877096153967,23.550745833875837,0,0,0,0,0,9,9,1,1
538,2017,4,26,0,42849.0,37.4307383311228,-75.01147470228739,141,301,1002.8274498916849,1004.8274498916849,2.0,11.092573344982982,5.955699448637606,217.13970592909533,148125,0.8609281989265583,9.813534801565568,59.23644243799504,29.482222026291712,66.16764714206981,0,0,0,0,0,9,9,1,1
538,2017,4,26,3,42849.125,37.91534684198364,-74.87932558561349,143,301,1004.178981832179,1008.178981832179,4.0,10.23294856025421,3.675701103812389,381.87133514830504,458125,1.3515319404941692,15.237983290675166,3.8642093505891646,17.962002605500096,18.372959791638717,0,0,0,0,0,7,7,1,1
538,2017,4,26,6,42849.25,38.22221035413338,-75.06030906314551,144,302,1003.5848330578486,1007.5848330578486,4.0,9.997105752994619,2.760635390244788,375.30271067010347,442500,-0.5941487743303878,-6.653138985329122,-5.270035152636685,11.373888574460674,12.535494079384083,0,0,0,0,0,9,9,1,1
538,2017,4,26,9,42849.375,38.15714803432474,-74.81239396740091,144,301,1003.6239607093985,1007.6239607093985,4.0,9.29385323727087,2.5123626337012683,390.6274461547149,479375,0.039127651549933945,0.4387752321612097,7.22545886881033,-2.411533292815521,7.61726648393159,0,0,0,0,0,8,8,1,1
538,2017,4,26,12,42849.5,38.53598713896134,-73.36261687294838,147,296,1005.5506516135983,1007.5506516135983,2.0,9.334603446433785,2.5662953500974983,280.32615495458737,246875,1.926690904199786,21.42596499233659,42.032740606853906,14.04166215005241,44.31613203856221,0,0,0,0,0,7,7,1,1
538,2017,4,26,15,42849.625,39.11534376869084,-71.81272591469255,151,291,1007.0006373320685,1009.0006373320685,2.0,9.366516832609415,1.8737405291149483,318.8419983313807,319375,1.4499857184702705,15.923374117693958,44.571037285855475,21.473839314603634,49.47426744931688,0,0,0,0,0,8,8,1,1
538,2017,4,26,18,42849.75,40.13839043152695,-71.7333202366552,155,292,1007.5496570774687,1007.5496570774687,0.0,7.873239665496511,1.9571922986932622,14.104739588693906,625,0.5490197454001463,5.900570708158273,2.250022531014596,37.91919954267392,37.985896005586014,0,0,0,0,0,8,8,1,1
538,2017,4,26,21,42849.875,40.13839043152695,-71.7333202366552,155,292,,,,7.873239665496511,,0.0,0,0.0,,0.0,0.0,0.0,0,3,0,0,0,8,8,0,0
543,2017,4,24,0,42847.0,44.540237638089685,-106.32404075752294,170,415,997.1206642223823,1003.1206642223823,6.0,16.111289186469286,14.977213648337129,328.67372517988713,339375,,,,,,3,0,0,0,0,16,16,1,1
543,2017,4,24,3,42847.125,43.5116056565513,-104.20850927330193,164,409,997.6101505335234,1003.6101505335234,6.0,16.966917842530364,14.785937497900813,328.06787448010544,338125,0.4894863111410814,4.925567606637888,56.86567858605878,-38.12621924380261,68.46396128533206,0,0,0,0,0,14,14,1,1
543,2017,4,24,6,42847.25,41.842720832757045,-103.73626830562257,157,409,997.7304475617731,1011.7304475617731,14.0,15.528638607068578,6.85076781907701,881.8564739699843,2443125,0.12029702824962442,1.2493735491074067,13.039794668205024,-61.85717518667309,63.216662099985264,0,0,2,0,0,13,13,1,2
543,2017,4,24,9,42847.375,40.45729184808411,-103.09492442668004,151,408,996.1425102330224,998.1425102330224,2.0,14.979609104864037,9.1898143622317,114.58744610593851,41250,-1.5879373287505587,-16.954651874252885,18.087373597826208,-51.350891440650756,54.44324692206408,0,0,0,2,0,13,13,1,1
543,2017,4,24,12,42847.5,39.21425394415626,-101.72028019028927,145,404,997.8099377224078,1003.8099377224078,6.0,13.096659305144977,8.333702924164827,404.63643892485425,514375,1.6674274893852998,18.272497942943023,39.475925778866724,-46.07316951455441,60.67195122307721,0,0,2,0,0,13,13,1,2
543,2017,4,24,15,42847.625,39.98754285443294,-100.26925166312799,147,398,997.8489652039129,1001.8489652039129,4.0,13.875326264306926,7.64439656014838,338.21977373787564,359375,0.03902748150518164,0.420761701775616,41.20672084107031,28.661934551088454,50.19462455965555,0,0,0,0,0,14,14,1,2
543,2017,4,24,18,42847.75,39.870315704592734,-99.44056156360548,146,395,997.4281593181643,999.4281593181643,2.0,11.940258033324591,7.574126971281585,277.1141642750141,241250,-0.4208058857487049,-4.547881148884243,23.573887808473547,-4.345021442410828,23.970969895719858,0,0,0,1,0,14,14,1,3
543,2017,4,24,21,42847.875,44.82377228973701,-97.75859314022621,165,386,997.078942337423,1007.078942337423,10.0,14.31267269310332,7.541329712520311,968.4113290172692,2946250,-0.3588563302214607,-3.526924216216658,16.30146476077398,-6.403874043878128,17.5142044100385,0,0,0,0,2,10,10,1,1
543,2017,4,25,0,42848.0,44.82377228973701,-97.75859314022621,165,386,,,,14.31267269310332,,0.0,0,0.0,,0.0,0.0,0.0,0,3,0,0,0,10,10,0,0
545,2017,4,24,9,42847.375,46.516636317860936,130.71618147372732,503,483,1011.241570924337,1011.241570924337,0.0,7.959486659994409,4.696775345327114,14.104739588693906,625,,,,,,3,0,0,0,0,17,17,1,1
545,2017,4,24,12,42847.5,47.53895752366928,130.6180821568338,500,480,1011.1823440321814,1013.1823440321814,2.0,9.417631983280494,6.377509452665691,354.58765494951643,395000,-0.05922689215556602,-0.5562093397228094,-2.4546554614380836,37.89231049567847,37.97173327799605,0,0,0,0,0,17,17,1,1
545,2017,4,24,15,42847.625,47.53895752366928,130.6180821568338,500,480,1010.3272254151202,1016.3272254151202,6.0,10.571400978056136,3.8809038848369526,646.6680856312263,1313750,-0.8551186170612346,-8.030557472626276,0.0,0.0,0.0,0,0,0,1,0,19,19,1,2
545,2017,4,24,18,42847.75,47.92611048772187,131.46498468960405,497,481,1008.803304377124,1014.803304377124,6.0,12.200514524651588,3.915635483002261,553.3302104286677,961875,-1.5239210379961878,-14.223765097227794,21.034252571011596,14.34981514601691,25.462854827099893,0,0,0,0,0,17,17,1,1
545,2017,4,24,21,42847.875,48.42472015887745,131.20078017691765,496,479,1007.2836858686887,1017.2836858686887,10.0,13.98813246380118,5.510637388488686,732.2248387898504,1684375,-1.5196185084352327,-14.073578950240758,-6.498489348266507,18.480955269470837,19.590203456873926,0,0,0,0,0,11,11,1,1
545,2017,4,25,0,42848.0,48.73981853797835,130.7220624446529,496,477,1007.1831784382259,1017.1831784382259,10.0,14.461299076192178,4.38438827882419,709.1753098990329,1580000,-0.10050743046289426,-0.9263202633035807,-11.701559821299524,11.679113716648077,16.53264042607377,0,0,0,0,0,13,13,1,1
545,2017,4,25,3,42848.125,49.2343424589819,130.4442246712464,495,475,1007.0055181597476,1019.0055181597476,12.0,13.544465171927063,4.6280850595968515,909.8377040751393,2600625,-0.17766027847828808,-1.625149638926826,-6.724280663969448,18.329517039989668,19.524014581204987,0,0,0,0,0,18,18,1,1
545,2017,4,25,6,42848.25,48.657199895502245,132.75425743410491,492,482,1006.7935047095056,1016.7935047095056,10.0,12.040795378394373,6.260446915186549,841.687852138665,2225625,-0.2120134502420842,-1.9564853527189965,56.556081286900955,-21.391775003190936,60.46650616926443,0,0,0,0,0,18,18,1,1
545,2017,4,25,9,42848.375,48.80387363792952,132.07009535939028,493,480,1007.3120304765573,1015.3120304765573,8.0,11.00160982028946,5.667637732702351,745.1522043930688,1744375,0.5185257670517603,4.7742797881581245,-16.70199793432465,5.436458676627761,17.564504488907907,0,0,0,0,0,17,17,1,2
545,2017,4,25,12,42848.5,49.41649107961519,130.65387564539756,494,475,1008.31255408686,1014.31255408686,6.0,10.436337756944544,4.865424134461064,603.0497864728756,1142500,1.000523610302771,9.127332357729962,-34.14856295318101,22.706650496471728,41.00873478341275,0,0,0,0,0,19,19,1,2
545,2017,4,25,15,42848.625,48.80387363792952,132.07009535939028,493,480,1008.2741384582737,1013.6623893280392,5.388250869765616,9.810832746647657,2.9091019673891423,607.3232916787132,1158750,-0.038415628586371896,-0.35370847653747695,34.57285668981644,-22.706650496471728,41.36271746952205,0,0,0,0,0,17,20,2,0
545,2017,4,25,18,42848.75,48.625254397971474,131.85750422292725,494,480,1007.2551515846385,1012.6607662879286,5.405614703290048,10.03966447754178,2.585372682312227,622.5289442497956,1217500,-1.018986873635149,-9.407948791229558,-5.2083219321694365,-6.620517761480399,8.423649611611026,0,0,0,0,0,17,20,2,0
545,2017,4,25,21,42848.875,48.657199895502245,132.75425743410491,492,482,1006.8113311063811,1012.3343159925056,5.522984886124468,9.572599851795436,1.6308061088185786,666.3649834935717,1395000,-0.443820478257403,-4.095628196965155,21.955745780300433,1.1840590848526367,21.98765036754956,0,0,0,0,0,21,22,2,0
545,2017,4,26,0,42849.0,50.2068063274689,133.83561195987613,485,480,1006.0411137660429,1009.7047971528442,3.663683386801276,9.24052828543521,4.554915292236546,533.3755344752541,893750,-0.7702173403381312,-6.944954618626606,25.651956443542087,57.43612451015609,62.904143489340456,0,0,0,0,0,23,24,2,0
545,2017,4,26,3,42849.125,48.92151854376013,139.06952246031025,477,495,1004.4289690278024,1008.4289690278024,4.0,8.101770936100552,5.576185462318754,531.3201297798244,886875,-1.612144738240604,-14.817079883584968,127.44725138367163,-47.63916027554771,136.05988195280824,0,0,1,0,0,20,20,1,1
545,2017,4,26,6,42849.25,48.76382973754737,138.82904629449655,478,495,1003.2287240612601,1007.2287240612601,4.0,7.62892803005213,9.914993571962041,524.5370414662,864375,-1.200244966542232,-11.057916001428849,-5.875289466740667,-5.844731746499081,8.287334644294752,0,0,0,0,0,23,23,1,1
545,2017,4,26,9,42849.375,48.76382973754737,138.82904629449655,478,495,,,,7.62892803005213,,0.0,0,0.0,,0.0,0.0,0.0,0,3,0,0,0,23,23,0,0
551,2017,4,25,6,42848.25,58.03725508854668,-58.05930902582532,240,285,989.3663957093428,997.3663957093428,8.0,27.79403059871757,27.38737623506626,239.78057300779642,180625,0.10349672730400926,0.8451823592828945,17.797323208450432,-1.6602630542462444,17.874596129572925,2,0,0,2,0,1,1,1,1
551,2017,4,25,9,42848.375,58.180124840262145,-56.93330409255008,242,283,991.7880708049248,1001.7880708049248,10.0,25.997811735189707,17.951565715426913,416.7467236212311,545625,2.4216750955820316,19.745395753907534,22.00472937072554,5.29546385390898,22.632941746642828,0,0,2,0,0,2,2,1,2
551,2017,4,25,12,42848.5,58.95762722992663,-56.01968278103453,246,283,994.1233132680869,1004.1233132680869,10.0,24.025429333526738,10.554904271227423,436.56390637860187,598750,2.33524246316214,18.883398086632127,17.462241250557916,28.818107061570476,33.69589239217185,0,0,0,0,0,4,4,1,2
551,2017,4,25,15,42848.625,59.725082430914355,-55.06068979532297,250,283,995.2637635801029,1006.563289589284,11.29952600918099,22.326443270804976,11.889629490268344,537.0924821239452,906250,1.140450312016037,9.149052897112762,17.91986772895985,28.445708258938446,33.61963678828276,0,0,0,0,0,6,7,2,0
551,2017,4,25,18,42848.75,60.428569891664075,-54.66640248303976,253,284,996.2296122452134,1006.3262836467875,10.096671401574131,20.910865046000346,10.263597612840531,497.6794954453741,778125,0.9658486651103886,7.693778859400864,7.212241848679762,26.07474553114408,27.05381279963632,0,0,0,0,0,5,6,2,0
551,2017,4,25,21,42848.875,62.094124639335725,-60.62959558978061,252,299,994.4870972067855,1004.4870972067855,10.0,24.74676197540409,10.821058155970459,385.7588259404082,467500,-1.7425150384278094,-13.661035772186981,-103.40803464158506,61.73374599661486,120.4337038507486,0,0,1,0,0,8,8,1,1
551,2017,4,26,0,42849.0,62.1447582056502,-58.956444383711755,254,296,994.2682486552345,1004.2682486552345,10.0,24.114120998977292,11.318531518298187,359.32498880999094,405625,-0.2188485515510547,-1.714935251232095,28.975184129602212,1.8767318973638254,29.035898779940233,0,0,0,0,0,8,8,1,1
551,2017,4,26,3,42849.125,62.87808115380062,-56.90605202194519,259,294,993.620881719608,1001.620881719608,8.0,23.185295191054255,6.1667524854010844,282.44719015209296,250625,-0.6473669356264873,-5.039208815942959,34.64479911977546,27.180597142119243,44.034611012835974,0,0,0,0,0,5,5,1,1
551,2017,4,26,6,42849.25,63.39029724252808,-56.78232513446232,261,295,993.0140403993128,1001.0140403993128,8.0,22.705530875904497,7.296143307964012,270.20793871277544,229375,-0.606841320295207,-4.702406415221859,2.054087707672487,18.985276804071123,19.096073199430617,0,0,0,0,0,7,7,1,1
551,2017,4,26,9,42849.375,63.90180475119488,-56.65384058583434,263,296,992.9657426643035,1000.9657426643035,8.0,22.040086415948227,7.392910207409296,268.3609728501569,226250,-0.04829773500925512,-0.3726069994655601,2.094976972648557,18.959013301448444,19.07440992220799,0,0,0,0,0,7,7,1,1
551,2017,4,26,12,42849.5,64.604059913427,-56.23928419969768,266,297,993.5031866473222,1013.5031866473222,20.0,20.569232346200128,6.912014957296924,1022.9583328900604,3287500,0.537443983018602,4.121831505603879,6.589817080858994,26.029070416720725,26.850292287380913,0,0,2,0,0,8,8,1,2
551,2017,4,26,15,42849.625,65.04915786965528,-56.81314470013717,267,299,993.5915697882635,1013.5915697882635,20.0,19.94942174758503,9.715865714724568,1046.1305737983405,3438125,0.08838314094144152,0.6753684710363101,-8.972570030083808,16.49754486414892,18.77966984505757,0,0,0,0,0,9,9,1,1
551,2017,4,26,18,42849.75,65.43212449026029,-56.236944259344774,269,299,994.5947774769514,998.5947774769514,4.0,18.235154912579546,8.734945445873963,155.79194081053757,76250,1.003207688687835,7.642287922908972,8.879528790939071,14.194648428496555,16.743179971490946,0,0,0,0,0,9,9,1,1
551,2017,4,26,21,42849.875,65.43212449026029,-56.236944259344774,269,299,995.5761951814342,999.5761951814342,4.0,17.132388304760582,11.243810473205304,217.59732436277534,148750,0.9814177044827375,7.47629504326029,0.0,0.0,0.0,0,0,0,0,0,7,7,1,1
551,2017,4,27,0,42850.0,65.94084263365905,-56.08641301165963,271,300,996.9462126377352,998.9462126377352,2.0,15.619014850321822,9.076323865094965,186.05429348039038,108750,1.3700174563011387,10.394808125393144,2.2746224028959032,18.85562554599361,18.992327972275614,0,0,0,0,0,6,6,1,1
551,2017,4,27,3,42850.125,65.68204719926106,-55.20397372173169,271,298,997.2804438687724,999.2804438687724,2.0,15.57110571385079,7.150631004631723,247.53717516845768,192500,0.3342312310371199,2.541081121600979,13.468872471937459,-9.592246447943579,16.535468471845633,0,0,0,0,0,6,6,1,1
551,2017,4,27,6,42850.25,65.68204719926106,-55.20397372173169,271,298,998.2315667630639,998.2315667630639,0.0,14.551736446330292,7.635707732643132,14.104739588693906,625,0.9511228942914749,7.23116275970671,0.0,0.0,0.0,0,0,0,0,0,6,6,1,1
551,2017,4,27,9,42850.375,65.09698853662194,-54.220824040637915,270,295,1000.2200423509141,1002.2200423509141,2.0,13.136881826985503,7.4370529144146715,414.5929793656026,540000,1.988475587850262,15.188787881469334,15.34430378175133,-21.685185024973926,26.56491874849275,0,0,0,0,0,8,8,1,1
551,2017,4,27,12,42850.5,64.64087384089817,-53.69130753588485,269,293,1002.9013557120032,1002.9013557120032,0.0,10.968510307905879,7.317606788452684,14.104739588693906,625,2.6813133610891238,20.557591672198956,8.405828018634677,-16.905880044169848,18.880326394072856,0,0,0,0,0,6,6,1,1
551,2017,4,27,15,42850.625,64.64087384089817,-53.69130753588485,269,293,,,,10.968510307905879,,0.0,0,0.0,,0.0,0.0,0.0,0,3,0,0,0,6,6,0,0
562,2017,4,19,21,42842.875,69.36539925135367,-9.102622488291916,345,269,992.9907943745242,998.9907943745242,6.0,22.58466133467098,9.402448924734635,312.85825864361584,307500,-3.417502407750726,-25.300240349488668,104.12945139485083,16.684292732354525,105.4576136263831,2,0,0,2,0,9,9,1,1
562,2017,4,20,0,42843.0,69.88358196175659,-8.039444550836647,347,271,988.9091002077433,1004.9091002077433,16.0,25.049451190596056,12.000650614234255,699.8566548696297,1538750,-4.081694166780799,-30.11601177624842,13.552914392615849,19.206429490577225,23.50677396645674,0,0,0,0,0,8,8,1,1
562,2017,4,20,3,42843.125,69.88358196175659,-8.039444550836647,347,271,986.0929793474185,1012.0929793474185,26.0,26.383890030391477,16.165459927087504,978.527427503499,3008125,-2.8161208603248813,-20.77821745762305,0.0,0.0,0.0,0,0,0,1,0,10,10,1,2
562,2017,4,20,6,42843.25,69.49002346725605,-6.617987287987022,349,269,985.3357559407435,1003.3655127547011,18.0297568139575,26.945365884333874,13.654963841205756,682.8791864299668,1465000,-0.7572234066748933,-5.601254475565866,18.459301062495758,-14.587235975443102,23.527287330228244,0,0,0,0,0,9,10,2,0
562,2017,4,20,9,42843.375,70.4200708506266,6.2674814048493,369,273,980.9521179277124,1016.9521179277124,36.0,32.85633709205639,12.255913867406417,1241.2170838050638,4840000,-2.4133948269886605,-17.74669411880052,25.671784302823376,14.486542979318225,29.477117172178197,0,0,0,0,2,8,8,1,1
562,2017,4,20,12,42843.5,70.13977871290025,7.487388197143641,371,272,978.363551878982,1014.363551878982,36.0,34.63410403777942,17.343863608316898,1115.523514453979,3909375,-2.5885660487304265,-19.068208308332032,15.360761062413857,-10.389021231176223,18.54412959829606,0,0,0,0,0,7,7,1,1
562,2017,4,20,15,42843.625,69.88358196175659,8.039444550836647,372,271,976.8689519915055,1014.8689519915055,38.0,34.93939803662471,19.674728084498273,1163.3631622660675,4251875,-1.4945998874765065,-11.027623818156412,7.0374312385846185,-9.49592631666475,11.81939317601935,0,0,0,0,0,12,12,1,1
562,2017,4,20,18,42843.75,69.55260716097001,9.825277042148457,375,270,976.2467343703194,1014.2467343703194,38.0,34.47437386412682,24.658674042787606,1166.4372335264509,4274375,-0.622217621186137,-4.600726528366478,23.12311208750786,-12.267572898220157,26.175783797712683,0,0,0,0,0,8,8,1,1
562,2017,4,20,21,42843.875,69.2464312842862,10.944219699067562,377,269,976.2213590567623,1014.2213590567623,38.0,33.657222109803314,22.971256437991904,1198.155910843366,4510000,-0.025375313557015035,-0.18800434057654772,14.695929905727287,-11.348401382730046,18.56762154228696,0,0,0,0,0,6,6,1,1
562,2017,4,21,0,42844.0,69.1551683957689,12.159595728526515,379,269,975.8195652848342,1009.8195652848342,34.0,32.80730225407979,24.024481716960146,1079.2660653211558,3659375,-0.4017937719280599,-2.9786702212085676,16.029500302485406,-3.382656731350485,16.382528697045842,0,0,0,0,0,6,6,1,1
562,2017,4,21,3,42844.125,68.61057528078294,13.085059936232183,381,267,975.9942689426076,1007.9942689426076,32.0,31.401869059803904,19.744977139338516,1065.1646823690453,3564375,0.17470365777335245,1.2999166120789996,12.510103011206649,-20.185330490665482,23.747636605952838,0,0,0,0,0,6,6,1,1
562,2017,4,21,6,42844.25,68.06007924695601,13.964891350997318,383,265,977.1079226836757,1005.1079226836757,28.0,29.45476333633742,19.612375616858916,1002.0323084766254,3154375,1.1136537410681193,8.318044234196803,12.184454406121597,-20.404122033168388,23.765292447585907,0,0,0,0,0,5,5,1,1
562,2017,4,21,9,42844.375,67.72488035348962,14.95008637901255,385,264,980.382857143193,1002.382857143193,22.0,25.877990378005453,13.94704419636415,928.987448201429,2711250,3.2749344595172443,24.519169010449467,13.841489917457913,-12.424138790111014,18.599625475020467,0,0,0,0,0,6,6,1,1
562,2017,4,21,12,42844.5,66.89808073811174,17.904447506248204,391,262,981.4463788575432,999.4463788575432,18.0,23.62354907589233,9.786869468540973,834.4476472655682,2187500,1.0635217143502087,8.010684552543006,42.96156484340151,-30.64530752723048,52.77149729951124,0,0,0,0,0,3,3,1,1
562,2017,4,21,15,42844.625,66.81559520411683,20.197339846582523,395,263,982.2602051361847,998.2602051361847,16.0,21.836576571458362,10.107345426365136,821.1090839060555,2118125,0.8138262786414998,6.133695581288274,33.456397149139136,-3.057324300600594,33.59579947076671,0,0,0,0,0,4,4,1,1
562,2017,4,21,18,42844.75,65.71612003568153,20.961065734541567,398,259,983.0425353260528,991.0425353260528,8.0,20.4365601646515,5.769207194752016,431.29147886163094,584375,0.7823301898680802,5.946274772701604,11.641604328286022,-40.75202023389231,42.38223807776008,0,0,0,0,0,6,6,1,1
562,2017,4,21,21,42844.875,65.03669434578109,22.041944511178574,401,257,983.721285860028,991.721285860028,8.0,19.059217828967896,4.913285320200666,488.1951733478254,748750,0.6787505339752533,5.187110524579618,16.9077845519042,-25.1828965829698,30.332350036918708,0,0,0,0,0,6,6,1,1
562,2017,4,22,0,42845.0,64.43697533174358,22.60039645422187,403,255,985.0847454340768,993.0847454340768,8.0,17.13807370656939,3.127402831304571,601.2326209525455,1135625,1.3634595740487567,10.471353443349885,8.93166896029755,-22.22857059108237,23.955877377776726,0,0,0,0,0,5,5,1,1
562,2017,4,22,3,42845.125,63.40987791501067,22.750976342787638,405,251,986.1677565524691,994.1677565524691,8.0,15.895277044013369,2.738326169290085,685.0606823064848,1474375,1.0830111183923146,8.390804635534685,2.498189898060061,-38.069340636810615,38.15122080993332,0,0,0,0,0,3,3,1,1
562,2017,4,22,6,42845.25,62.008052923221435,24.597254159122862,411,247,987.7123480378843,995.3851515235727,7.672803485688346,14.839301490280011,1.2041782769552811,743.4147832042396,1736250,1.5445914854152942,12.119002586080828,32.11741549877631,-51.958609043504474,61.083757514226164,0,0,0,0,0,3,2,2,0
562,2017,4,22,9,42845.375,59.35985616631122,30.454797258825653,428,243,987.1053604499539,995.1053604499539,8.0,16.06199458925295,3.5180833021314903,702.9765986861405,1552500,-0.6069875879304891,-4.887733498064941,110.61305399424144,-98.1553480416632,147.88414405578786,0,0,1,0,0,3,3,1,1
562,2017,4,22,12,42845.5,58.235098416664414,32.15724595605556,434,241,986.9578482510349,996.9578482510349,10.0,16.262329007559288,7.400363033380854,773.1919263604166,1878125,-0.1475121989189938,-1.2020419390523407,33.217811259028096,-41.689118488291705,53.30483641444967,0,0,0,0,0,1,1,1,1
562,2017,4,22,15,42845.625,58.69823676487391,33.171828377081624,435,244,987.323288036265,997.323288036265,10.0,15.803420960671108,5.7667429813392665,761.2640386445191,1820625,0.365439785230119,2.9631485879554247,19.537564216641254,17.166211551812232,26.00759955399484,0,0,0,0,0,2,2,1,1
562,2017,4,22,18,42845.75,58.251773774334325,37.15657892504937,444,248,986.996657592088,996.996657592088,10.0,16.579468320987854,7.203361555156299,664.1220791717552,1385625,-0.32663044417698983,-2.6611546146603358,77.70378303049188,-16.548139827519886,79.44632671811144,0,0,0,0,0,4,4,1,1
562,2017,4,22,21,42845.875,58.94911983676636,37.581349939886536,443,251,985.5154025570964,995.5154025570964,10.0,18.077864165384312,9.4399898313234,527.751030705594,875000,-1.4812550349916274,-11.978896902161384,8.120792383879794,25.847114752667267,27.09281472973286,0,0,0,0,0,5,5,1,1
562,2017,4,23,0,42846.0,59.13334577133875,37.838066272500214,443,252,984.921208648188,996.921208648188,12.0,18.86688455858406,10.315563802557444,591.7270272703197,1100000,-0.5941939089083462,-4.79598153577806,4.881684201723879,6.828329760267642,8.393862517358576,0,0,0,0,0,5,5,1,1
562,2017,4,23,3,42846.125,59.17270624519293,38.42944162835912,444,253,984.9787413593862,996.9787413593862,12.0,19.149241488510615,8.431421098212814,558.1628804411712,978750,0.057532711198145986,0.4641795091715176,11.232558764886079,1.458895000970004,11.32690385897551,0,0,0,0,0,4,4,1,1
562,2017,4,23,6,42846.25,59.35469154825782,38.69290806526234,444,254,986.0530446997643,998.0530446997643,12.0,18.81420052667768,8.273127533132646,569.2795911244947,1018125,1.074303340378101,8.651229333049416,4.9776234454452055,6.745280808229455,8.38305125515253,0,0,0,0,0,5,5,1,1
562,2017,4,23,9,42846.375,59.420167822148656,39.88715022011753,446,256,988.4444351335449,998.4444351335449,10.0,17.033245854985775,7.789635169604517,524.726644596002,865000,2.391390433780616,19.244548537054758,22.518777720601992,2.42687649075036,22.64917392602294,0,0,0,0,0,5,5,1,1
562,2017,4,23,12,42846.5,59.952087583526435,40.718463764929396,446,259,991.4868732687032,999.4868732687032,8.0,14.184118319814838,5.3659842493673935,514.1946608157373,830625,3.0424381351583,24.351270321163867,15.428515686172247,19.715592949064476,25.03484974214273,0,0,0,0,0,6,6,1,1
562,2017,4,23,15,42846.625,60.009958007966596,42.550337379872964,449,262,993.9549541402935,999.9549541402935,6.0,12.305708236940804,4.358750990027838,440.64615120537735,610000,2.4680808715902094,19.74266622284389,33.937870726534875,2.144965866837642,34.00558701185574,0,0,0,0,0,6,6,1,1
562,2017,4,23,18,42846.75,60.85440751933097,44.05564959642037,449,267,996.5568875753393,1002.5568875753393,6.0,10.781605855416771,2.9952011181923446,501.0657868259067,788750,2.601933435045794,20.64006669703469,27.172960303916124,31.299500490398326,41.449107380336265,0,0,0,0,0,5,5,1,1
562,2017,4,23,21,42846.875,61.66985149919146,46.29459951816428,450,273,998.5226113390526,1002.5226113390526,4.0,9.39557881791624,2.0158228988586053,434.27941185819066,592500,1.965723763713322,15.472056415759404,39.379480727550806,30.22441117444507,49.6412986656621,0,0,0,0,0,8,8,1,1
562,2017,4,24,0,42847.0,62.129746898467936,47.96093613416375,451,277,1000.4427307483314,1003.9040523785485,3.461321630217135,7.764490212923179,1.1744718150740665,450.46925804339475,637500,1.92011940927885,15.048473205206276,28.871482918033923,17.046011728905622,33.528033669577354,0,0,0,0,0,8,10,2,0
562,2017,4,24,3,42847.125,65.91720825354334,61.15393284910089,453,308,1000.6317362568797,1004.6317362568797,4.0,9.51392553921446,5.016899709594072,421.021160832325,556875,0.7276838783311541,5.52221303170217,85.01723077018019,46.396608777686176,96.85336769519034,0,0,0,0,2,10,10,1,1
562,2017,4,24,6,42847.25,66.13720401351252,64.52501182113501,455,314,1000.9475907187251,1006.9475907187251,6.0,10.022002600997729,5.979657353821094,510.31095974328605,818125,0.3158544618454471,2.392852511060641,50.54173472411419,8.15413746396241,51.19528207465924,0,0,0,0,0,8,8,1,1
562,2017,4,24,9,42847.375,66.42475910653584,66.00968403415997,455,317,1002.2438269303556,1006.2438269303556,4.0,9.53209919444127,6.258337192514155,319.7765640827088,321250,1.2962362116304575,9.798405493384537,22.008632580608072,10.65822249166625,24.453580816519764,0,0,0,0,0,7,7,1,1
562,2017,4,24,12,42847.5,68.17996396042804,69.13237959458083,450,325,1003.0916560975136,1007.0916560975136,4.0,9.104454376380946,8.627963672486803,278.54628835670917,243750,0.8478291671580519,6.3272423269487765,43.01608021143777,65.05662499157182,77.99197145893194,0,0,0,0,0,9,9,1,1
562,2017,4,24,15,42847.625,68.55300595822904,70.04259817781698,449,327,1003.2432551369092,1009.2432551369092,6.0,9.667773252784306,9.216983587022405,348.93198687609583,382500,0.15159903939551442,1.1284468693534369,12.335578830989473,13.826792526940062,18.52961674397507,0,0,0,0,0,11,11,1,1
562,2017,4,24,18,42847.75,68.99331269262738,71.56505117707799,448,330,1003.0532764392397,1009.0532764392397,6.0,10.467419512053803,7.766891765292456,327.76452917762373,337500,-0.1899786976694304,-1.4099160299319846,20.22821984829699,16.319958344176854,25.990804500567197,0,0,0,0,0,11,11,1,1
562,2017,4,24,21,42847.875,69.13302679641559,72.73817962838724,448,332,1002.6162412682029,1010.6162412682029,8.0,11.245767412750615,9.633812649707833,462.0244229713453,670625,-0.43703517103684136,-3.2404069287948287,15.48801976980235,5.178499840646734,16.330818013478893,0,0,0,0,0,8,8,1,1
562,2017,4,25,0,42848.0,69.60531903462888,74.96674187061171,447,336,1003.1329943601711,1009.1329943601711,6.0,10.56660592331684,5.882465621464799,376.3613946086751,445000,0.5167530919682758,3.8196048743301487,28.7838289173841,17.505500260973825,33.68903896718028,0,0,0,0,0,8,8,1,1
562,2017,4,25,3,42848.125,69.71871322687177,76.19509758787565,447,338,1004.2087512072985,1010.2087512072985,6.0,9.302012292113742,6.0433436316160805,464.1723863077739,676875,1.0757568471273407,7.945676558431122,15.781411210331743,4.202952962788719,16.33149574892021,0,0,0,0,0,9,9,1,1
562,2017,4,25,6,42848.25,69.91671083870736,78.69006752597979,447,342,1005.74168844312,1009.6124319239452,3.870743480825331,7.639810060342363,3.5608374098010973,475.18530649802983,709375,1.532937235821446,11.30809576319288,31.75273064452048,7.3387766412853415,32.58977670948583,0,0,0,1,0,8,10,2,0
562,2017,4,25,9,42848.375,69.77183816226773,103.1857613021877,447,380,1004.9408183460458,1008.9408183460458,4.0,11.693524755801294,2.5566009557621148,436.7916986750201,599375,-1.0163471354710054,-7.504300848104515,121.69074012585462,-35.34637943242223,126.72017507626417,0,0,0,0,2,12,12,1,1
562,2017,4,25,12,42848.5,70.10372129133961,104.74356283647074,445,382,1003.6362834913905,1009.6362834913905,6.0,12.72711118721114,4.159158411905664,454.864184146723,650000,-1.3045348546553577,-9.611809256027556,19.64941155246879,12.301240063904714,23.182318293650194,0,0,0,0,0,15,15,1,1
562,2017,4,25,15,42848.625,69.56765445621242,107.6364530726083,446,387,1002.5229852429183,1010.5229852429183,8.0,14.112907826844905,4.473879474205533,519.3915945996456,847500,-1.1132982484722742,-8.231010035417436,37.428843366248145,-19.869304136182606,42.37578981672508,0,0,0,0,0,14,14,1,1
562,2017,4,25,18,42848.75,69.4875239080029,110.22485943116808,445,391,1001.5712425272038,1009.5712425272038,8.0,14.648236703414854,4.528381756366871,466.3104555972362,683125,-0.9517427157143539,-7.040247441368803,33.61568155931143,-2.9700368100488728,33.7466319112008,0,0,0,0,0,13,13,1,1
562,2017,4,25,21,42848.875,69.24148838517814,111.97450799147197,445,394,1001.791170200967,1009.791170200967,8.0,13.740537170026117,4.436502957252596,514.3880761548386,831250,0.21992767376315897,1.6294856442549301,22.984243013857117,-9.11930063748457,24.727253608859723,0,0,0,0,0,16,16,1,1
562,2017,4,26,0,42849.0,69.18472541333766,113.93102506806878,444,397,1002.25929655767,1010.25929655767,8.0,12.5753069861889,3.985014207169879,574.8438488794568,1038125,0.4681263567029964,3.469741160769222,25.768716089247988,-2.103918163309928,25.85446190749623,0,0,0,0,0,17,17,1,1
562,2017,4,26,3,42849.125,68.995756194236,115.05400213839906,444,399,1003.9834707304527,1007.9834707304527,4.0,9.570471250569309,3.1711584976393343,446.9222008138874,627500,1.7241741727826594,12.795650392294332,14.919061355305416,-7.004139485363521,16.481394408659597,0,0,0,0,0,15,15,1,2
562,2017,4,26,6,42849.25,66.74004038675851,118.676953770944,450,409,1004.778025188938,1006.778025188938,2.0,8.077057161687083,3.1231925954701,403.15875983611977,510625,0.7945544584853633,5.991835722163479,53.02201528688607,-83.60805124781007,99.00323398020498,0,0,1,0,0,21,21,1,1
562,2017,4,26,9,42849.375,66.74004038675851,118.676953770944,450,409,,,,8.077057161687083,,0.0,0,0.0,,0.0,0.0,0.0,0,3,0,0,0,21,21,0,0
567,2017,4,25,0,42848.0,47.12097893012358,-145.24665849332757,253,513,997.1369352701308,997.1369352701308,0.0,11.429629480848197,1.2111399900285322,14.104739588693906,625,,,,,,3,0,0,0,0,14,14,1,1
567,2017,4,25,3,42848.125,50.05456276817729,-145.2633428327706,260,503,995.7487574622958,995.7487574622958,0.0,10.01503314325736,3.2660844168006586,14.104739588693906,625,-1.388177807835018,-12.544837820250198,-0.39705152647546976,108.73321322601548,108.7339381626952,0,0,0,0,0,19,19,1,1
567,2017,4,25,6,42848.25,51.11098474207512,-145.04934858812487,262,499,995.2844934570187,997.2844934570187,2.0,9.980423743494828,4.069372124355432,266.12769430462026,222500,-0.464264005277073,-4.1324076327615185,4.979623921507473,39.156254631089624,39.47162184575619,0,0,0,0,0,19,19,1,1
567,2017,4,25,9,42848.375,51.50045011584644,-144.65989307844234,262,497,995.1105221246755,996.970843468954,1.860321344278491,9.939478876973808,4.648726123626693,251.9187042636836,199375,-0.1739713323432079,-1.5401081682262328,8.98599837890429,14.435524555699276,17.003897672706316,0,0,0,0,0,19,18,2,0
567,2017,4,25,12,42848.5,49.48141620057816,-137.97669946811175,241,491,993.6758237745734,997.6758237745734,4.0,15.513928734008635,6.136433257534081,328.97623212397707,340000,-1.2950196943806076,-11.802440620446378,20.525183244884015,26.59732470594589,33.59614306359567,0,0,0,0,2,20,20,1,1
567,2017,4,25,15,42848.625,50.02444508965032,-136.85508525349468,240,487,993.2512723717975,997.2512723717975,4.0,15.852047866833988,7.4719724852984655,288.716818776427,261875,-0.4245514027758327,-3.8383230355141915,26.70851431162207,20.127352495418357,33.443311068268116,0,0,0,0,0,18,18,1,1
567,2017,4,25,18,42848.75,50.71640871942858,-135.943055232471,240,483,992.5264728389859,998.5264728389859,6.0,16.30651586214864,8.46367227653318,386.2742020231896,468750,-0.7247995328115939,-6.487620839365583,21.403413753856874,25.64761501796555,33.40518337666419,0,0,0,0,0,18,18,1,1
567,2017,4,25,21,42848.875,51.227341305153175,-135.23873103309893,240,480,991.6699655186545,997.6699655186545,6.0,16.840146120603738,9.450162442846048,235.17300594335575,173750,-0.8565073203314387,-7.611308377048948,16.348195152946865,18.937703796653544,25.017995720053623,0,0,0,0,0,20,20,1,1
567,2017,4,26,0,42849.0,52.06874444975364,-135.0,242,477,990.3557531823726,998.3557531823726,8.0,16.96581227154371,9.519933340494172,353.1822286699502,391875,-1.3142123362819256,-11.543763205997719,5.4393450418956135,31.1865869807832,31.65737958193556,0,0,0,0,0,22,22,1,1
567,2017,4,26,3,42849.125,52.73997574636732,-135.0,244,475,989.940419100513,997.940419100513,8.0,16.864774155333574,8.426616098885715,297.2053051612671,277500,-0.41533408185947335,-3.6154454862875323,0.0,24.8791715961634,24.8791715961634,0,0,0,0,0,19,19,1,1
567,2017,4,26,6,42849.25,52.90719984799081,-134.75088948484708,244,474,989.6565631374854,999.6565631374854,10.0,17.830382337008754,10.31427360343012,482.4563236935515,731250,-0.283855963027745,-2.4654771264662547,5.568657083441737,6.19815723774213,8.332292293045233,0,0,0,0,0,22,22,1,1
567,2017,4,26,9,42849.375,53.23917753684966,-134.24615166692922,244,472,989.1387379460986,999.1387379460986,10.0,18.662976330618203,12.797374693320307,446.4768372744536,626250,-0.5178251913868007,-4.478112015998505,11.196321372544043,12.304744920096642,16.636236347982397,0,0,0,0,0,20,20,1,1
567,2017,4,26,12,42849.5,53.396547229795246,-133.4859266393649,243,470,990.6055059176631,998.6055059176631,8.0,17.050714575170097,12.07213730006959,420.54836881251686,555625,1.4667679715645499,12.65857028702605,16.801542577428034,5.832903821053678,17.785235448730774,0,0,0,0,0,19,19,1,1
567,2017,4,26,15,42849.625,53.89302309405781,-133.21008939175394,244,468,993.1422089047801,999.1422089047801,6.0,14.992605410910466,6.4271165827516965,430.1367472610639,581250,2.5367029871170232,21.753186548024672,6.024887207685654,18.40186576915674,19.363055793221193,0,0,0,0,0,21,21,1,1
567,2017,4,26,18,42849.75,54.39842972932267,-133.44484049493283,246,467,995.0056618284398,999.0056618284398,4.0,13.026066859356934,6.331394869053184,395.9389080975964,492500,1.8634529236596427,15.878270576932444,-5.06526906938799,18.732884577983143,19.40561556244319,0,0,0,0,0,25,25,1,1
567,2017,4,26,21,42849.875,55.24452320854654,-134.734743656624,251,467,996.6277301059182,998.6218631081309,1.994133002212766,11.008270795575498,5.251090521454098,268.731381546606,226875,1.6220682774783928,13.67833734249412,-27.25504217208385,31.3604341189123,41.548936832712194,0,0,0,1,0,22,23,2,0
567,2017,4,27,0,42850.0,56.96710836590084,-139.4628184720405,265,470,996.7396649068916,998.7396649068916,2.0,11.080773788962858,5.29992951043736,201.94913757502948,128125,0.11193480097339488,0.9250311467907619,-95.51110362916133,63.847576737005845,114.88639593811028,0,0,1,0,0,18,18,1,1
567,2017,4,27,3,42850.125,57.08970161398861,-140.3210212327012,267,471,996.8561919306102,998.8561919306102,2.0,11.90353687465226,4.9023856448500736,175.60259173501603,96875,0.11652702371866326,0.9616456628918677,-17.28266597337014,4.5439157427457895,17.870022759477926,0,0,0,0,0,16,16,1,1
567,2017,4,27,6,42850.25,56.90917737754748,-140.5721978039638,267,472,997.8117078546798,999.8117078546798,2.0,12.205463211361094,4.60783873665925,168.66815371514653,89375,0.9555159240694775,7.9015990637492095,-5.082877101205321,-6.691126409545501,8.402785981713128,0,0,0,0,0,17,17,1,1
567,2017,4,27,9,42850.375,56.45842801055016,-139.67244275538945,264,472,999.3874157540721,1001.3874157540721,2.0,11.779619171692314,4.315814941900462,189.234939151512,112500,1.575707899392437,13.09780355228473,18.42680804623379,-16.707014266115976,24.873109585674026,0,0,0,0,0,16,16,1,1
567,2017,4,27,12,42850.5,56.35052940273592,-138.2861019790753,261,470,1000.6334804153566,1002.6334804153566,2.0,11.57143902425218,7.269314742582647,143.8406847937898,65000,1.2460646612844721,10.370665600558938,28.472313676086667,-3.999259260318025,28.751812476793727,0,0,0,0,0,14,14,1,1
567,2017,4,27,15,42850.625,56.71351496996199,-137.2132281763958,260,467,1002.8363013617917,1004.8363013617917,2.0,10.818845641393596,7.082839283899229,139.62979814050144,61250,2.2028209464350947,18.256871129192305,21.82440070709659,13.454051173578529,25.638173866427927,0,0,0,0,0,16,16,1,1
567,2017,4,27,18,42850.75,57.21594051868037,-136.96526057192054,261,465,1005.0476728844747,1007.0476728844747,2.0,9.800140011169264,8.507490736098843,122.96226898414837,47500,2.2113715226828936,18.22352371446626,4.976640833596053,18.62239067803082,19.275901757163652,0,0,0,0,0,15,15,1,1
567,2017,4,27,21,42850.875,57.38655731538083,-136.6929784376289,261,464,1007.7334493465465,1009.7334493465465,2.0,7.787269915299229,8.906146858904831,117.16276644769007,43125,2.6857764620719538,22.09074143433173,5.439336135767122,6.323907397812567,8.341353749480387,0,0,0,0,0,17,17,1,1
567,2017,4,28,0,42851.0,57.38655731538083,-136.6929784376289,261,464,,,,7.787269915299229,,0.0,0,0.0,,0.0,0.0,0.0,0,3,0,0,0,17,17,0,0
570,2017,4,22,15,42845.625,37.91534684198365,32.80430353476986,481,171,,,,7.753348641212528,,0.0,0,,,,,,0,0,0,0,0,0,0,0,0
570,2017,4,22,18,42845.75,35.518806624791694,35.423713189383946,495,169,1003.3385537929411,1005.3385537929411,2.0,9.086428894170794,4.305427665622046,221.22419623711556,153750,,,79.02030308178364,-88.82770455046476,118.88889517041363,3,0,0,3,0,1,1,1,1
570,2017,4,22,21,42845.875,36.283291983086876,35.65313512589874,494,172,1001.782499710526,1007.782499710526,6.0,10.90602814703002,6.698098826531787,1100.9831221792856,3808125,-1.5560540824150666,-18.217399810764096,6.854692157328144,28.335631112157277,29.1529551691761,0,0,2,0,0,3,3,1,2
570,2017,4,23,0,42846.0,38.82395421548269,33.72607995336386,482,176,998.651428723517,1006.651428723517,8.0,13.776678014607317,5.279020068290556,400.18703313103447,503125,-3.1310709870090068,-34.601487541665456,-55.64544316256951,94.16958351995132,109.38156062645952,0,0,1,0,0,2,2,1,1
570,2017,4,23,3,42846.125,39.77621706554057,35.046144289310995,484,182,995.7016916014435,1007.7016916014435,12.0,16.516713827821913,17.978298925087365,515.9327885695917,836250,-2.9497371220735658,-31.942285298991848,37.60334996938131,35.29559925284119,51.57316410243736,0,0,0,0,0,1,1,1,1
570,2017,4,23,6,42846.25,40.09459924695276,35.93942154976563,486,185,994.1308110003016,1008.1308110003016,14.0,18.73735625761059,28.09959056353371,496.4788194007604,774375,-1.5708806011418346,-16.89830648290045,25.327915734933704,11.800827769021115,27.942133982750892,0,0,0,0,0,1,1,1,1
570,2017,4,23,9,42846.375,41.45131103246032,40.17228701418811,495,199,993.2226204644494,1007.2226204644494,14.0,19.028212767884266,22.732226750454284,416.26907678964227,544375,-0.9081905358521908,-9.50496491375529,117.58103125176588,50.286489155773744,127.88287571775392,0,0,0,0,0,2,2,1,1
570,2017,4,23,12,42846.5,44.48344741292233,41.30861401354873,490,211,992.0502135919021,1006.0502135919021,14.0,18.140699254993308,21.03030606431326,452.01234296667235,641875,-1.1724068725472898,-11.592173868487034,30.048919668704535,112.38606080059057,116.33384819359453,0,0,0,0,0,2,2,1,1
570,2017,4,23,15,42846.625,44.35894664622823,42.341747765292205,493,213,993.5093660057371,1005.5093660057371,12.0,16.33001404001135,20.526251797569785,431.7525067632873,585625,1.4591524138349632,14.459395960971879,27.378366269245248,-4.614617873247193,27.764539212618647,0,0,0,0,0,2,2,1,1
570,2017,4,23,18,42846.75,43.535894609894925,46.20604877921996,505,220,994.1048635155353,1006.1048635155353,12.0,16.942638050122213,20.457987663124367,494.47121384861646,768125,0.5954975097981514,5.989655383097357,103.82440638785852,-30.506403601578974,108.21343734718728,0,0,0,0,0,1,1,1,1
570,2017,4,23,21,42846.875,43.4873263363743,47.812268925018586,509,224,994.1987256363396,1000.1987256363396,6.0,17.206838572670392,15.65641885578567,227.86904174049369,163125,0.09386212080440601,0.9449308572953699,43.193201941990196,-1.8001818704595944,43.23069914734525,0,0,0,0,0,3,3,1,1
570,2017,4,24,0,42847.0,41.66676816381411,49.26501049377686,518,223,996.8478335664024,1006.8478335664024,10.0,12.872834734587808,22.978691530361537,743.147127108002,1735000,2.6491079300627463,27.60775530315179,40.223645909701176,-67.47894414999395,78.55793781577405,0,0,2,0,0,2,2,1,3
570,2017,4,24,3,42847.125,48.843949163659424,43.42138202770188,483,229,996.2599743576211,1002.2599743576211,6.0,13.720548038030104,6.90582284015436,385.2427603903705,466250,-0.6345237666327739,-5.838747753409561,37.551537392537305,20.69017243336613,42.8742486332478,0,0,1,0,2,4,4,1,1
570,2017,4,24,6,42847.25,50.990727489660564,48.32464910711083,487,246,995.3929036740453,1007.3929036740453,12.0,15.912669615695219,2.5883734028942853,760.217986568619,1815625,-0.86707068357573,-7.730889243705812,114.37413079629165,79.57028616060838,139.33008374033346,0,0,0,0,0,3,3,1,1
570,2017,4,24,9,42847.375,52.017305997375054,47.92320293197818,483,248,994.5785575085721,1006.5785575085721,12.0,15.935136492177469,4.409773870728531,706.9275219628611,1570000,-0.8143461654732528,-7.158055730282018,-9.157238336823116,38.05010728673123,39.13650059074189,0,0,0,0,0,4,4,1,1
570,2017,4,24,12,42847.5,52.825689377038195,48.731396999160445,482,252,994.4823781649902,1006.4823781649902,12.0,15.927045835467927,4.58673196134041,708.3332253235055,1576250,-0.09617934358189814,-0.8362817152573355,18.10039034313064,29.962710200774552,35.00554432014015,0,0,0,0,0,4,4,1,1
570,2017,4,24,15,42847.625,54.26135055554181,50.171052418002496,480,259,994.5587272226517,1006.5587272226517,12.0,16.35657293807886,5.230622858148781,679.3742230659744,1450000,0.07634905766142765,0.6516798012053503,31.166905441445532,53.21274647671662,61.66824452172547,0,0,0,0,0,5,5,1,1
570,2017,4,24,18,42847.75,55.22450150891611,50.84248926619163,478,263,994.9295572756762,1006.9295572756762,12.0,16.950017202849853,6.023859663765106,570.3270245605245,1021875,0.37083005302454697,3.127839388380018,14.194433828269064,35.69916653603061,38.417605899800115,0,0,0,0,0,5,5,1,1
570,2017,4,24,21,42847.875,56.14036240626223,52.09127325532759,477,268,994.6035460976194,1006.6035460976194,12.0,17.852950953056965,5.984147895053029,538.5720785419342,911250,-0.3260111780567968,-2.7199640340036444,25.788450401748147,33.94636176567374,42.63097056424379,0,0,0,0,0,3,3,1,1
570,2017,4,25,0,42848.0,57.410995461211414,52.930466299631604,474,273,994.5211814042277,1008.5211814042277,14.0,18.541580868603845,5.581733635568234,646.5142452375586,1313125,-0.0823646933917189,-0.67727188097485,16.753151907437704,47.09598311240894,49.986995550422826,0,0,0,0,0,2,2,1,1
570,2017,4,25,3,42848.125,58.15516472502468,53.987637298208476,473,277,995.0634729066021,1009.0634729066021,14.0,19.005583738909884,8.062064306244574,626.9870089858174,1235000,0.5422915023744281,4.422829725079659,20.674086758865222,27.582615566950686,34.470546047709725,0,0,0,0,0,2,2,1,1
570,2017,4,25,6,42848.25,60.180647657939296,57.094757077012105,470,288,996.7511444569179,1010.7511444569179,14.0,18.78321827601952,7.021255452766345,676.1453793611767,1436250,1.687671550315863,13.476907069555898,57.26263371266379,75.07447538174861,94.42026304536266,0,0,0,0,0,2,2,1,1
570,2017,4,25,9,42848.375,60.75011488944674,57.97110600968538,469,291,998.5768973971141,1010.5768973971141,12.0,16.959379365547374,7.6721534864052945,626.9870089858174,1235000,1.8257529401961075,14.497686076329565,15.87114813469447,21.107289011316674,26.40854014368582,0,0,0,0,0,3,3,1,1
570,2017,4,25,12,42848.5,61.38836165652995,58.25887218218068,467,293,1001.4508662423474,1012.3405308129369,10.88966457058952,13.845420810610689,7.361203934230215,693.7180689401989,1511875,2.873968845233321,22.681130061768105,5.107647412753355,23.656600815648115,24.201711184210282,0,0,0,1,0,5,7,2,0
570,2017,4,25,15,42848.625,63.40987791501067,67.24902365721238,468,314,1001.3451700257443,1013.3451700257443,12.0,15.67557868290231,5.038566602680658,689.547237313759,1493750,1.0046392128073784,7.7836055611115595,54.55076667252383,36.056803542347545,65.390207418631,0,0,0,0,2,10,10,1,1
570,2017,4,25,18,42848.75,65.36685974411105,73.2253335460608,464,328,1001.534229396214,1013.534229396214,12.0,15.717483538421062,7.386219782628177,593.5732939323359,1106875,0.18905937046962207,1.4409776572456738,92.29299287034921,72.53548364385038,117.38565892141006,0,0,0,0,0,9,9,1,1
570,2017,4,25,21,42848.875,66.1740549785111,76.02953810995912,462,334,1000.8627918812698,1010.8627918812698,10.0,16.254640856916495,9.913026831720272,420.78483122581025,556250,-0.6714375149441184,-5.085235399030133,41.98315179418912,29.918671625650372,51.55300133277811,0,0,0,0,0,11,11,1,1
570,2017,4,26,0,42849.0,66.60285478690203,78.04023777806923,461,338,1000.7408857948736,1010.7408857948736,10.0,16.73479402893117,11.427359102541013,378.99516638136106,451250,-0.12190608639619313,-0.9202589764503102,29.593368674669517,15.893454413076775,33.59120960452988,0,0,0,0,0,11,11,1,1
570,2017,4,26,3,42849.125,67.36704836574812,82.27338238090277,459,346,1001.0526387928147,1009.0526387928147,8.0,16.285688471941686,6.660843114081436,315.39156525252,312500,0.3117529979410756,2.3401015709889723,60.36807225665955,28.324816314011095,66.68282662880854,0,0,0,0,0,8,8,1,1
570,2017,4,26,6,42849.25,67.96648441163109,85.60129464500447,457,352,1001.7546472113779,1007.7546472113779,6.0,14.705118418774642,6.333114539497546,299.8708769569344,282500,0.7020084185632004,5.2468639751583135,46.268646425044395,22.218082383353792,51.32670675972957,0,0,0,0,0,12,12,1,1
570,2017,4,26,9,42849.375,68.00855541395761,87.35745470593528,457,355,1003.2067176823456,1007.2067176823456,4.0,12.931610534478882,6.359530152683365,261.98391020896656,215625,1.4520704709677374,10.849663203284601,24.37407107693834,1.5593606725200764,24.423901133329302,0,0,0,0,0,11,11,1,1
570,2017,4,26,12,42849.5,67.96648441163109,94.39870535499554,457,367,1004.9031497182317,1006.9031497182317,2.0,10.011049250929968,4.615436248757251,265.379091712523,221250,1.6964320358861005,12.679261245346336,97.85483417930959,-1.5593606725200764,97.86725794650211,0,0,0,0,0,13,13,1,1
570,2017,4,26,15,42849.625,67.41034413831807,100.63721450929008,458,378,1004.7505661876447,1006.7505661876447,2.0,9.432195067593273,4.296895343521392,247.93869558672074,193125,-0.15258353058699867,-1.144972475918699,88.78473464721466,-20.6133256317088,91.14624676845,0,0,0,0,0,16,16,1,1
570,2017,4,26,18,42849.75,67.14270684415406,101.08828646356078,459,379,1004.7855042787919,1006.7855042787919,2.0,8.994862588271669,3.4677871995486926,273.1371076480198,234375,0.034938091147196246,0.2626855262137083,6.494256249735844,-9.919969763971284,11.856692808508516,0,0,0,0,0,16,16,1,1
570,2017,4,26,21,42849.875,66.59623594911317,106.51416391023305,459,389,1004.7993717972552,1004.7993717972552,0.0,8.013203677509075,2.6997691278227283,14.104739588693906,625,0.013867518463230226,0.10468998484174023,79.85740224648397,-20.25493036248643,82.38608436833199,0,0,0,0,0,12,12,1,1
570,2017,4,27,0,42850.0,66.59623594911317,106.51416391023305,459,389,,,,8.013203677509075,,0.0,0,0.0,,0.0,0.0,0.0,0,3,0,0,0,12,12,0,0
575,2017,4,25,21,42848.875,36.28329198308688,-20.948376406114022,277,144,1006.6254954626045,1012.6254954626045,6.0,7.7736601524298745,2.308585278155515,950.5799226810104,2838750,,,,,,3,0,0,0,0,0,0,1,1
575,2017,4,26,0,42849.0,36.6979927026312,-20.570680156560996,279,145,1006.598981616894,1012.598981616894,6.0,8.471572806992327,4.001472083685367,882.983735677743,2449375,-0.02651384571043309,-0.3073865730626113,11.22458542477644,15.3708720297254,19.032998316405596,0,0,0,0,0,0,0,1,1
575,2017,4,26,3,42849.125,36.98893244456763,-21.21796957677863,277,147,1004.6950455284583,1010.6950455284583,6.0,9.462874988101627,5.8657585058032415,838.9652768880886,2211250,-1.9039360884357301,-21.92407649270156,-19.163428490754516,10.78367442086942,21.9891933807399,0,0,0,0,0,0,0,1,1
575,2017,4,26,6,42849.25,37.03863341390364,-21.778052056127972,275,148,1004.006762823868,1010.006762823868,6.0,10.023957203470143,8.375180654558426,817.5883811466258,2100000,-0.6882827045902377,-7.91655286200145,-16.570776946942676,1.8421652131603399,16.672858821986857,0,0,0,0,0,0,0,1,1
575,2017,4,26,9,42849.375,36.94478058698655,-22.011283197919365,274,148,1004.5019820111133,1012.5019820111133,8.0,10.462973110184205,7.646490697370463,980.2540328493008,3018750,0.49521918724523856,5.708356088587343,-6.908978686589031,-3.4786527348098657,7.735309388844227,0,0,0,0,0,0,0,1,1
575,2017,4,26,12,42849.5,37.02316746589087,-23.13254353481844,270,150,1005.1311332164323,1011.1311332164323,6.0,10.76373781226553,10.645572181848692,785.1919897720745,1936875,0.6291512053190672,7.2390185127459405,-33.18057417403809,2.905407749887088,33.307535134139655,0,0,0,0,0,1,1,1,1
575,2017,4,26,15,42849.625,36.7221962334591,-23.822774426707827,267,150,1005.1069508451114,1011.1069508451114,6.0,10.678782333731967,8.571613281304234,806.070750723944,2041250,-0.024182371320930544,-0.2801979893346878,-20.50617100736635,-11.155491370791118,23.344122110440296,0,0,0,0,0,1,1,1,1
575,2017,4,26,18,42849.75,36.28657470585682,-24.176795621313698,265,149,1004.7931844835052,1010.7931844835052,6.0,10.486641164122588,6.258271731960048,831.9405380018935,2174375,-0.3137663616062491,-3.6731121769218196,-10.577033237133927,-16.146301268842006,19.302245381396556,0,0,0,0,0,1,1,1,1
575,2017,4,26,21,42849.875,35.972048002218315,-24.852765391971666,262,149,1005.5432775190146,1011.5432775190146,6.0,10.557308953421217,6.569577816787932,841.9241817381949,2226875,0.7500930355094897,8.847260881494803,-20.276903002553933,-11.657924579612741,23.38931381804348,0,0,0,0,0,1,1,1,1
575,2017,4,27,0,42850.0,35.7423932218232,-24.749366490717513,262,148,1006.2401102657902,1010.2401102657902,4.0,10.971431589599321,5.823051794031126,632.200799461312,1255625,0.6968327467756171,8.264770559757096,3.1106363277574225,-8.512148819869132,9.062711288304602,0,0,0,0,0,0,0,1,1
575,2017,4,27,3,42850.125,34.961414283879755,-25.20758533254738,259,146,1005.3453712803655,1009.3453712803655,4.0,11.072861060037598,4.296916328916414,646.9756566762653,1315000,-0.894738985424774,-10.81791774055329,-13.918917056721506,-28.946965238522306,32.11951196005493,0,0,0,0,0,0,0,1,1
575,2017,4,27,6,42850.25,34.513671623046164,-25.541058794185297,257,145,1004.7960677432924,1008.7960677432924,4.0,11.408612499298329,4.645082219584947,625.5575243949974,1229375,-0.5493035370731377,-6.716673607889468,-10.184677312593386,-16.595570775676922,19.471533615310232,0,0,0,0,0,0,0,1,1
575,2017,4,27,9,42850.375,33.83316222710362,-25.76562706376044,255,143,1005.940345024946,1007.940345024946,2.0,11.357774786421327,4.776087899564736,181.72685737548065,103750,1.1442772816536309,14.238721879004652,-6.914114249677917,-25.223064120921364,26.15354544809766,0,0,0,0,0,1,1,1,1
575,2017,4,27,12,42850.5,33.491724810499974,-25.876050964581182,254,142,1007.0030243959685,1009.0030243959685,2.0,11.28647394437414,4.9504225484302875,430.3679414445194,581875,1.062679371022532,13.34222171788742,-3.4133033145293608,-12.655369497649941,13.107593853908721,0,0,0,0,0,0,0,1,1
575,2017,4,27,15,42850.625,32.91891384554367,-25.882365673117175,253,140,1006.2772608818159,1008.2772608818159,2.0,11.325026669253523,3.8358164290320564,230.4733439183804,166875,-0.7257635141526407,-9.252410425727556,-0.19647484397937398,-21.231224409838344,21.232133484537822,0,0,0,0,0,0,0,1,1
575,2017,4,27,18,42850.75,32.344492663736474,-25.88856568918865,252,138,1005.6768170298327,1007.6768170298327,2.0,11.278336287221414,4.177714006504975,229.17489221187702,165000,-0.6004438519831455,-7.775570826650567,-0.1941486654055099,-21.290907058043896,21.29179224627514,0,0,0,0,0,1,1,1,1
575,2017,4,27,21,42850.875,31.880658765571848,-25.68682577634364,252,136,1006.3293761589465,1008.3293761589465,2.0,11.30319811185757,3.3969442690075082,221.22419623711556,153750,0.6525591291137971,8.560158200222498,6.349505592874496,-17.19199209389189,18.32705141124414,0,0,0,0,0,1,1,1,1
575,2017,4,28,0,42851.0,31.414965345741575,-25.487996888727114,252,134,1007.1100215767578,1009.1100215767578,2.0,11.430198931317937,3.8226026821502455,212.97689729449573,142500,0.7806454178113199,10.37630906570993,6.289313630188439,-17.260915218960342,18.3710277375821,0,0,0,0,0,1,1,1,1
575,2017,4,28,3,42851.125,30.947408989781422,-25.292021157021278,252,132,1005.9327760854695,1007.9327760854695,2.0,11.457660156259909,3.8348833991260474,237.69729657196956,177500,-1.1772454912883403,-15.860338260928158,6.229752968501471,-17.32996490106202,18.415686398301705,0,0,0,0,0,2,2,1,1
575,2017,4,28,6,42851.25,30.82290118755002,-24.9894332455929,253,131,1005.6960540822303,1007.6960540822303,2.0,11.387997704091578,3.269441408092462,247.53717516845768,192500,-0.23672200323926518,-3.20082450255405,9.631291356261253,-4.61487864526543,10.67983511575528,0,0,0,0,0,3,3,1,1
575,2017,4,28,9,42851.375,30.587694076718087,-24.89376520164067,253,130,1006.6567978293344,1010.6567978293344,4.0,11.41929000782904,3.169349454987241,430.8299576177624,583125,0.9607437471041339,13.080755531078973,3.052521688504375,-8.717945811745114,9.236907915277373,0,0,0,0,0,2,2,1,1
575,2017,4,28,12,42851.5,30.46056643864819,-24.59360061582165,254,129,1007.9104586703876,1009.9104586703876,2.0,10.763286105751183,3.785663669243295,239.3653682408596,180000,1.2536608410532062,17.133245501425595,9.590016587889426,-4.7119827965593855,10.685092420333385,0,0,0,0,0,1,1,1,1
575,2017,4,28,15,42851.625,29.987313340910823,-24.406810033910133,254,127,1008.1903942049075,1010.1903942049075,2.0,9.901514708110005,3.1763775037441517,283.852408727268,253125,0.2799355345199001,3.880388841470656,5.996595884089064,-17.541114495738896,18.53779544470418,0,0,0,0,0,1,1,1,1
575,2017,4,28,18,42851.75,29.512200199894714,-24.222665454547577,254,125,1008.5862823414402,1010.5862823414402,2.0,8.825525786477009,2.737779246319624,349.50167213195084,383750,0.39588813653273974,5.567892895634095,5.939734791470498,-17.610056954384095,18.584793658517082,0,0,0,0,0,1,1,1,1
575,2017,4,28,21,42851.875,29.27394404768391,-24.131569084338928,254,124,1009.9111834969591,1011.9111834969591,2.0,8.396314354629256,2.5896994075726254,355.428243221036,396875,1.3249011555188916,18.771882834471597,2.94527965247362,-8.830958455898397,9.309162125620036,0,0,0,0,0,2,2,1,1
575,2017,4,29,0,42852.0,28.233968081956238,-24.462051993811265,251,121,1011.7500733830205,1013.7500733830205,2.0,7.754357609235666,1.293436092734264,430.8299576177624,583125,1.8388898860613698,26.93072391720376,-10.79194952519691,-38.546683740397405,40.02890208257798,0,0,0,0,0,1,1,1,1
575,2017,4,29,3,42852.125,28.233968081956238,-24.462051993811265,251,121,,,,7.754357609235666,,0.0,0,0.0,,0.0,0.0,0.0,0,3,0,0,0,1,1,0,0
579,2017,4,26,0,42849.0,69.6581612388885,-7.9507734263930026,347,270,1007.5850289845685,1007.5850289845685,0.0,8.065737263043076,4.656768507325396,14.104739588693906,625,,,,,,3,0,0,0,0,6,6,1,1
579,2017,4,26,3,42849.125,69.08390314563502,-5.250272729733047,351,267,1007.0375769562722,1009.0375769562722,2.0,7.806606712777919,4.170385586863194,269.1012803886529,227500,-0.5474520282962476,-4.060423722006334,35.73071361073531,-21.284862184788153,41.590013865804494,0,0,0,0,0,4,4,1,1
579,2017,4,26,6,42849.25,68.01791487757623,-2.055888785004674,356,262,1006.2046488805158,1008.2046488805158,2.0,7.544400378601434,3.93962216458196,234.74965185398838,173125,-0.8329280757563537,-6.223109179961455,44.31406909182204,-39.51082909025238,59.37038264045391,0,0,0,0,0,6,6,1,1
579,2017,4,26,9,42849.375,66.88691785556202,-0.83841497440212,358,257,1005.4658591652692,1007.4658591652692,2.0,8.193288502427494,3.1298932044699175,190.8053805118479,114375,-0.7387897152466758,-5.565192785016543,17.713657216914537,-41.920376966028286,45.50924803786878,0,0,0,0,0,4,4,1,1
579,2017,4,26,12,42849.5,66.43133270063538,0.27414039373322086,360,255,1005.5883263703203,1007.5883263703203,2.0,7.765325876787598,2.7739725134766196,189.75986370816491,113125,0.12246720505107078,0.9256979992724884,16.488243266284446,-16.88625262747275,23.60101044038167,0,0,0,0,0,4,4,1,1
579,2017,4,26,15,42849.625,64.8133332205683,1.7979318569005232,363,248,1005.0237625303166,1007.0237625303166,2.0,8.275218449585397,4.548530428590093,182.81831978578631,105000,-0.5645638400036842,-4.322356239658429,24.035240437213254,-59.97111116566414,64.60825765580664,0,0,0,0,0,4,4,1,1
579,2017,4,26,18,42849.75,64.10580907573848,2.750085174912412,365,245,1004.0938642529425,1006.0938642529425,2.0,9.22592834719121,5.379310953775129,151.91269449366246,72500,-0.9298982773741591,-7.161526781112405,15.41204521673308,-26.22436512786892,30.41789710223921,0,0,0,0,0,4,4,1,1
579,2017,4,26,21,42849.875,63.160240000585446,3.6214847041173397,367,241,1003.8551984765928,1007.8551984765928,4.0,9.981902789298063,6.440728439192898,236.438520044912,175625,-0.23866577634966235,-1.8531609955730632,14.582514514895893,-35.04749464966792,37.96019771807901,0,0,0,0,0,3,3,1,1
579,2017,4,27,0,42850.0,62.93005733081407,3.5912590372055306,367,240,1004.2368953854666,1006.2368953854666,2.0,9.96962308970491,5.695649546152417,182.81831978578631,105000,0.38169690887385516,2.9698116964762504,-0.5098298902214261,-8.531715026692261,8.546934410281251,0,0,0,0,0,3,3,1,1
579,2017,4,27,3,42850.125,60.375286006157765,3.726644923239264,368,229,1003.8454712337916,1007.8454712337916,4.0,11.5683397318016,6.514744502960748,261.22343281308076,214375,-0.3914241516750189,-3.1196628051790505,2.4805184668503384,-94.69253667959337,94.72502032029617,0,0,0,0,0,2,2,1,1
579,2017,4,27,6,42850.25,59.18298159539255,4.4310393129135335,370,224,1004.1862399452098,1006.1862399452098,2.0,11.839596396571427,7.150879817921886,144.5305721320277,65625,0.3407687114182045,2.7490609355566433,13.375198303047396,-44.19273383100741,46.172433909250536,0,0,0,0,0,2,2,1,1
579,2017,4,27,9,42850.375,58.21509825074919,5.120355543039523,372,220,1005.2402757369938,1007.2402757369938,2.0,11.425592471218476,4.638453076520381,178.4124116152771,100000,1.054035791783972,8.590945127275553,13.457670269749876,-35.87457250270275,38.315712721297324,0,0,0,0,0,3,3,1,1
579,2017,4,27,12,42850.5,57.9379132223818,5.892227617319104,374,219,1005.9520264439766,1007.9520264439766,2.0,10.80879999252285,4.285499877214752,189.234939151512,112500,0.711750706982857,5.81865310907799,15.186882109160742,-10.273856298760595,18.335580477452286,0,0,0,0,0,2,2,1,1
579,2017,4,27,15,42850.625,57.68089173338276,6.251292236934625,375,218,1006.5392306730255,1008.5392306730255,2.0,10.384361972985014,3.7730553120403054,186.5881662950577,109375,0.5872042290488025,4.814044835064748,7.1152894918313,-9.526495205108093,11.89039341003957,0,0,0,0,0,3,3,1,1
579,2017,4,27,18,42850.75,57.39470156747106,7.001267557495338,377,217,1006.9961366362494,1010.9961366362494,4.0,10.146788021652243,3.1756157551769864,380.04356441846903,453750,0.4569059632239805,3.7577489446184433,14.978741306476266,-10.60763150164831,18.354414651551814,0,0,0,0,0,3,3,1,1
579,2017,4,27,21,42850.875,57.33447654282045,7.792078078218435,379,217,1007.714758744969,1013.714758744969,6.0,10.003418145366034,2.962773877858781,498.8772817637132,781875,0.7186221087195735,5.914170624946572,15.820251321196976,-2.232239066063571,15.97695975816097,0,0,0,0,0,4,4,1,1
579,2017,4,28,0,42851.0,57.49910709737835,8.63963636761203,381,218,1007.2819102349634,1013.2819102349634,6.0,10.314091920149739,5.467644396883043,414.83283647526247,540625,-0.43284851000556956,-3.5557536586088077,16.879424086745917,6.102027479172571,17.948529100090497,0,0,0,0,0,3,3,1,1
579,2017,4,28,3,42851.125,57.46318432658211,9.03499500047301,382,218,1006.7223772545381,1012.7223772545381,6.0,10.579012761011692,6.406385691020259,387.55964385237047,471875,-0.5595329804254289,-4.598275867220499,7.881494535563647,-1.3314766211855997,7.993171217163026,0,0,0,0,0,4,4,1,1
579,2017,4,28,6,42851.25,57.46318432658211,9.03499500047301,382,218,1006.6741606233979,1012.6741606233979,6.0,10.861104664420267,6.9027531732312495,362.90593190046286,413750,-0.04821663114009425,-0.39624719029357813,0.0,0.0,0.0,0,0,0,0,0,6,6,1,1
579,2017,4,28,9,42851.375,57.694028267977444,9.098229145547538,382,219,1006.9284587592176,1012.9284587592176,6.0,10.733946646033933,6.227072294617464,349.7861668246681,384375,0.2542981358196994,2.084496424063742,1.2526065273274751,8.556225043264876,8.647427947274057,0,0,0,0,0,6,6,1,1
579,2017,4,28,12,42851.5,57.7647182971406,8.301304373061006,380,219,1007.68062682623,1011.68062682623,4.0,9.71483903740734,6.781885810553795,260.07854739300495,212500,0.7521680670123897,6.160763279599711,-15.755395476543299,2.620124202432952,15.971773146975758,0,0,0,0,0,4,4,1,1
579,2017,4,28,15,42851.625,57.59725709691706,7.448717873822021,378,218,1008.812507849746,1010.812507849746,2.0,8.051315741062067,6.200556094121712,175.60259173501603,96875,1.1318810235160344,9.288026354528029,-16.933880856031177,-6.206945291555377,18.035589557833163,0,0,0,0,0,3,3,1,1
579,2017,4,28,18,42851.75,57.59725709691706,7.448717873822021,378,218,,,,8.051315741062067,,0.0,0,0.0,,0.0,0.0,0.0,0,3,0,0,0,3,3,0,0
584,2017,4,26,6,42849.25,42.77414636787144,-92.3801171434453,155,368,995.939006214111,995.939006214111,0.0,14.739275015112586,2.08187574224954,14.104739588693906,625,-0.3871887987652735,-3.9500553374861354,-17.08833920215915,72.40229448372327,74.39155585949143,2,0,0,2,0,14,14,1,1
584,2017,4,26,9,42849.375,43.54075355794653,-91.27934569237605,158,364,994.3189012444877,996.3189012444877,2.0,17.268887893576657,1.4771513665709062,198.47127856504602,123750,-1.6201049696232075,-16.293946324942798,29.575123201558966,28.414276755196745,41.01291303855782,0,0,0,0,0,13,13,1,1
584,2017,4,26,12,42849.5,43.78541557032494,-91.28572433235882,159,364,993.9898837403396,997.9898837403396,4.0,18.94261785932466,3.02115282587627,310.6246678057967,303125,-0.32901750414821435,-3.2942684731122736,-0.17068318582274833,9.068391506376289,9.069997644037192,0,0,0,0,0,12,12,1,1
584,2017,4,26,15,42849.625,44.52665239963583,-90.72522429905925,162,362,993.8249292477304,999.8249292477304,6.0,19.581206587999027,4.944031100057691,381.0890782630152,456250,-0.16495449260910391,-1.629736842343425,14.810916871074182,27.473924953822905,31.21185369263035,0,0,0,0,0,13,13,1,1
584,2017,4,26,18,42849.75,45.261053141253846,-90.14728959717517,165,360,993.3314790938489,999.3314790938489,6.0,18.703907357106235,9.674135817281059,360.1545204768291,407500,-0.49345015388156754,-4.812925565526032,15.077827548478936,27.220545530641722,31.11750283309073,0,0,0,0,0,13,13,1,1
584,2017,4,26,21,42849.875,45.74328533741245,-89.2559407971113,167,357,993.4168620388726,999.4168620388726,6.0,17.02819214084589,14.06293523642882,374.7722472096855,441250,0.08538294502373901,0.8259337374237482,23.056130593737144,17.873924559166756,29.172972716235936,0,0,0,0,0,9,9,1,1
584,2017,4,27,0,42850.0,45.72815355518607,-88.36342295838328,167,354,994.5978439277926,1002.5978439277926,8.0,15.27843084046007,12.364057955230674,914.0915989289315,2625000,1.1809818889199233,11.426917766413967,23.092625927494268,-0.5608591382211472,23.099435819952543,0,0,0,0,0,9,9,1,2
584,2017,4,27,3,42850.125,45.71176535499866,-87.76882539196876,167,352,996.6455236783395,1004.6455236783395,8.0,14.20570023182994,10.181049530737582,731.2732791431453,1680000,2.0476797505469584,19.818420426012825,15.388921265333986,-0.6074282392251571,15.400904738892997,0,0,0,0,0,9,9,1,2
584,2017,4,27,6,42850.25,45.447685952454414,-87.18928575826483,166,350,996.1766420823385,1006.8114146812298,10.634772598891287,14.41142763800942,5.479398241399467,1063.7629648485492,3555000,-0.46888159600101065,-4.558603084961731,15.069917242170867,-9.788096598082264,17.96967558692333,0,0,1,1,0,9,10,2,0
584,2017,4,27,9,42850.375,42.30078129251115,-88.19709616962129,153,353,992.2914318361526,1006.2914318361526,14.0,15.718230521124314,9.371644275640792,867.5274849512264,2364375,-3.8852102461858884,-39.99498116690011,-27.628022110437872,-116.63994427327042,119.8673608861331,0,0,1,0,0,10,10,1,1
584,2017,4,27,12,42850.5,42.77414636787144,-87.6198828565547,155,351,991.1446143367855,1007.1446143367855,16.0,17.65796944503188,14.107838741652234,859.3479713983122,2320000,-1.146817499367171,-11.699699472050133,15.704235232416359,17.54526494359456,23.54696001984111,0,0,0,0,0,7,7,1,1
584,2017,4,27,15,42850.625,45.14736662852322,-86.02953993955667,165,346,990.6397196921545,1006.6397196921545,16.0,19.499891825866516,8.139811257525944,798.632227274088,2003750,-0.5048946446309855,-4.934262263010518,41.573117672881686,87.96335093151852,97.29272953383901,0,0,0,0,0,8,8,1,2
584,2017,4,27,18,42850.75,46.80382717680035,-85.27429415421352,172,344,990.2052259997627,1006.2052259997627,16.0,20.08378417752804,13.923707446913392,806.6875315554265,2044375,-0.43449369239184304,-4.129219949485967,19.161204324752788,61.39666971842671,64.3172045699166,0,0,1,0,0,8,8,1,1
584,2017,4,27,21,42850.875,48.96436644880664,-85.03718490699596,181,344,988.6594342154835,1004.6594342154835,16.0,22.530007101681047,14.270020144214795,723.0656872351752,1642500,-1.5457917842791358,-14.197984257686384,5.76986254239175,80.08033528780949,80.28792819326004,0,0,0,0,0,11,11,1,1
584,2017,4,28,0,42851.0,49.82368110211193,-83.6237731773866,185,340,990.463549571622,1006.463549571622,16.0,22.298074756679018,9.595307247384627,775.7606773781648,1890625,1.8041153561385,16.358967910393922,33.79724187363198,31.85047661295846,46.44035334423498,0,0,0,0,0,9,9,1,1
584,2017,4,28,3,42851.125,51.09278647759851,-81.72713437107875,191,335,992.6216647138477,1008.6216647138477,16.0,22.355412314274606,5.357178958524019,799.0057981500291,2005625,2.1581151422257245,19.21427709884592,44.1507608122583,47.039359710481826,64.51349503997861,0,0,0,0,0,8,8,1,1
584,2017,4,28,6,42851.25,52.93634755010189,-80.9723870492849,199,334,992.0209073643662,1010.0209073643662,18.0,23.55848484858849,6.589347355665813,828.225696731313,2155000,-0.6007573494815733,-5.215970035370256,16.86032157633317,68.33154607392628,70.38089678677358,0,0,0,0,0,10,10,1,1
584,2017,4,28,9,42851.375,53.94373802967001,-81.46028332318,203,336,990.6874844800187,1010.6874844800187,20.0,24.439910494387302,8.98871952823567,832.1796357329406,2175625,-1.333422884347383,-11.42723183857998,-10.643768278039673,37.33890349266765,38.826325053903204,0,0,0,0,0,11,11,1,1
584,2017,4,28,12,42851.5,54.71195191128687,-82.02672876742965,206,338,990.304098713863,1012.304098713863,22.0,24.651253269046716,9.100838568423132,872.7859682497101,2393125,-0.38338576615569764,-3.2540864947724044,-12.128678856040237,28.47382873790625,30.94937436829012,0,0,0,0,0,8,8,1,1
584,2017,4,28,15,42851.625,55.44374488262823,-82.24332853740763,209,339,990.1419380389357,1014.1419380389357,24.0,24.705884919994126,10.459592395192448,994.259091122397,3105625,-0.16216067492743605,-1.3641615868895436,-4.553751568245017,27.123888589102066,27.503490424659105,0,0,0,0,0,9,9,1,1
584,2017,4,28,18,42851.75,55.676659292802555,-82.19208232594124,210,339,990.4313025979808,1012.4313025979808,22.0,24.05303355820061,11.01843363696833,896.9549806593031,2527500,0.28936455904520697,2.4274761437223296,1.0710227830741144,8.632966917931594,8.699149820986252,0,0,0,0,0,9,9,1,1
584,2017,4,28,21,42851.875,55.90939019547977,-82.14015875233815,211,339,991.4190989582709,1009.4190989582709,18.0,22.719449257647877,12.966454847397255,781.0002044812081,1916250,0.9877963602900854,8.263763448619759,1.0787143053432997,8.62616521703836,8.693350959451408,0,0,0,0,0,10,10,1,1
584,2017,4,29,0,42852.0,55.676659292802555,-82.19208232594124,210,339,992.7737198660295,1006.7737198660295,14.0,21.43210593017553,16.519289314545894,642.9657570051443,1298750,1.3546209077586537,11.363900085835635,-1.085179346582403,-8.62616521703836,8.694155540700399,0,0,0,0,0,12,12,1,2
584,2017,4,29,3,42852.125,55.37722718068497,-81.49716084414247,209,337,995.2913014648494,1005.2913014648494,10.0,19.40992130046169,12.962827422721093,619.9670858738609,1207500,2.5175815988198154,21.19588299947882,14.634456967559776,-11.09844391397988,18.36689380508081,0,0,0,0,0,11,11,1,2
584,2017,4,29,6,42852.25,54.607178756150105,-80.93156113409012,206,335,997.577728161569,997.577728161569,0.0,17.26244921365385,13.551528405534336,14.104739588693906,625,2.2864266967195728,19.431822439189705,12.141841506216418,-28.54182602630448,31.01709444931797,0,0,0,2,0,9,9,1,1
584,2017,4,29,9,42852.375,54.0244110874618,-79.97100193849154,204,332,1000.196825820365,1000.196825820365,0.0,14.818047819262585,10.864771767410712,14.104739588693906,625,2.6190976587960906,22.422306892811925,20.914544779137547,-21.60026939020524,30.066423482815296,0,0,0,0,0,8,8,1,1
584,2017,4,29,12,42852.5,54.0244110874618,-79.97100193849154,204,332,,,,14.818047819262585,,0.0,0,0.0,,0.0,0.0,0.0,0,3,0,0,0,8,8,0,0
585,2017,4,25,3,42848.125,36.90506540666965,-101.75293225066416,136,406,991.2798955979765,1007.2798955979765,16.0,13.868139973187496,7.820325039605596,1048.7895882606108,3455625,,,,,,3,0,0,0,0,13,13,1,5
585,2017,4,25,6,42848.25,37.694380414707744,-101.659292653523,139,405,992.0482037856985,1006.0482037856985,14.0,13.407138089502661,5.918325336026755,946.0695593945755,2811875,0.7683081877219956,8.7055363428501,2.7463466288817617,29.255941472748532,29.384562805372106,0,0,0,0,0,14,14,1,2
585,2017,4,25,9,42848.375,37.84161908217602,-100.90961913107633,139,402,990.7884393862892,998.7884393862892,8.0,14.320749441169555,5.188435538027843,458.34978442375404,660000,-1.2597643994094687,-14.226856052884969,21.94331001052027,5.4573976094587575,22.6117677965595,0,0,0,2,0,13,13,1,1
585,2017,4,25,12,42848.5,36.94588407681689,-98.69842374709563,134,394,991.8865015685691,997.7223978636415,5.835896295072453,13.852716368056289,4.021016686702206,401.92321062396206,507500,1.098062182279973,12.65695996121947,65.49957977059425,-33.20039607129029,73.43337966766195,0,0,0,1,0,16,17,2,0
585,2017,4,25,15,42848.625,37.05520750935044,-97.95216572274559,134,391,993.2245899561894,1007.2245899561894,14.0,13.20300808994046,2.7614516362368886,1032.443815109553,3348750,1.3380883876203733,15.384650302623914,22.074180074602133,4.052070353699774,22.44301005028725,0,0,2,0,0,15,15,1,2
585,2017,4,25,18,42848.75,36.2712564933777,-98.0949946505148,131,392,993.2033888860199,1007.2033888860199,14.0,12.117697445315615,2.8851120725197688,1104.0506874256514,3829375,-0.0212010701696272,-0.2482811682665886,-4.268115957130788,-29.057125238005412,29.368917939220122,0,0,0,0,0,14,14,1,2
585,2017,4,25,21,42848.875,34.113033918489926,-100.22989408083708,124,402,990.9351070495673,996.9351070495673,6.0,12.49392577501254,8.222806863955483,528.316175644293,876875,-2.2682818364525157,-28.021310860083954,-65.51312445171973,-79.99446696575896,103.3976993001412,0,0,0,0,0,17,17,1,1
585,2017,4,26,0,42849.0,31.48948872811961,-102.61597792152743,116,414,992.1738630357513,997.1859261664721,5.01206313072078,11.481583067387653,8.32904881360002,586.153336081634,1079375,1.238755986183969,16.430520670454268,-75.41460394728935,-97.24163833063726,123.05811112540681,0,0,0,1,0,19,16,2,0
585,2017,4,26,3,42849.125,35.54157136663821,-95.77158500238251,127,383,994.5625922000519,1005.5245308793295,10.961938679277663,9.69591249833751,10.972199186610233,1072.6095724332963,3614375,3.376666033579822,40.245123875813505,83.39154569803416,51.486625744833745,98.0052168228605,0,0,0,1,2,12,14,2,0
585,2017,4,26,6,42849.25,34.18981113191314,-98.29961600013306,123,394,994.9744656370676,996.8677947497857,1.8933291127180565,9.866754917091773,6.950184922823173,302.18396482767736,286875,1.4499347577380832,17.876479690692985,24.383583251942234,43.20599372034604,49.61166219314748,0,0,0,2,2,18,20,2,0
585,2017,4,26,9,42849.375,33.46738710960704,-97.96257131255412,120,393,995.0980453768098,995.0980453768098,0.0,9.382136777868405,8.436637429262264,14.104739588693906,625,0.12357973974212655,1.5525732867496256,10.421281365412174,-26.776628722197934,28.733098528065543,0,0,0,2,0,17,17,1,1
585,2017,4,26,12,42849.5,32.124274228999056,-98.26128879809418,115,395,996.8792519137393,998.8792519137393,2.0,8.094923092781926,8.805958814719851,370.2326224657882,430625,1.7812065369295305,23.207124593295642,-9.3768003615087,-49.782446078188826,50.65783574677631,0,0,2,0,0,16,16,1,2
585,2017,4,26,15,42849.625,27.44254775875145,-97.91608496286761,97,396,999.4493787525412,999.4493787525412,0.0,8.499301539296512,2.1086299440418226,14.104739588693906,625,2.5701268388019525,38.63733391044863,11.355193358170768,-173.52807714302392,173.8992063614918,0,0,0,2,0,18,18,1,1
585,2017,4,26,18,42849.75,22.524316448435812,-98.2158744151031,79,400,,,,8.504171346908164,,0.0,0,0.030374867666396313,,-10.264054466695871,-182.294123257173,182.58285294133367,0,3,3,0,0,20,20,0,0
620,2017,4,27,3,42850.125,62.45603491167122,-42.004696712397255,278,269,987.0727778183912,1003.0727778183912,16.0,26.833668798925643,14.543254332186404,334.96900584947593,352500,,,,,,3,0,0,0,0,5,5,1,1
620,2017,4,27,6,42850.25,62.300939525377196,-42.35237033470778,277,269,985.7842354497142,999.7842354497142,14.0,27.904491211179515,20.1905808734327,289.4050600838035,263125,-1.288542368677008,-10.082754480980379,-5.989999375737409,-5.748606700624506,8.302202811290478,0,0,0,0,0,5,5,1,1
620,2017,4,27,9,42850.375,61.97443845123687,-42.382586636735574,276,268,985.0547643141073,1001.0547643141073,16.0,29.08327164579926,17.00537675646061,379.51972741632983,452500,-0.7294711356068728,-5.72528195814144,-0.526233532460398,-12.101754329467461,12.113190313929282,0,0,0,0,0,5,5,1,1
620,2017,4,27,12,42850.5,61.95764501963571,-41.729512076816434,277,267,986.0734274180728,1002.0734274180728,16.0,27.965156956080836,8.785163335934485,498.67785050179083,781250,1.0186631039655185,7.996263981054892,11.37986746859598,-0.6224481316670629,11.396877874199799,0,0,0,0,0,4,4,1,1
620,2017,4,27,15,42850.625,61.43601835985491,-40.82289303109779,277,264,986.019900584543,1008.019900584543,22.0,28.74277892680471,8.650540871774865,1024.3187796449502,3296250,-0.05352683352975873,-0.42223801929870314,16.06719198715896,-19.33407939005741,25.138840152506397,0,0,0,0,0,5,5,1,1
620,2017,4,27,18,42850.75,61.23306222377844,-39.89216414398722,278,262,986.4463643882161,1006.4463643882161,20.0,28.326693218294423,8.090794941700732,948.0651565749471,2823750,0.4264638036731048,3.3706137964447964,16.601682842928522,-7.522564221029059,18.22648747500993,0,0,0,0,0,4,4,1,1
620,2017,4,27,21,42850.875,60.66047703897155,-38.418055344821994,279,258,986.6029724894656,998.6340587630161,12.031086273550464,28.09667954936196,6.561166002198444,541.7028025824511,921875,0.15660810124943964,1.2446639478235924,26.77108411092509,-21.222855874121013,34.162853451196646,0,0,0,1,0,6,5,2,0
620,2017,4,28,0,42851.0,61.72534486711946,-33.244937240300544,291,255,980.9929794275829,998.9929794275829,18.0,30.808359818323982,16.156732904785677,585.9836087475179,1078750,-5.609993061882705,-44.13278826038989,90.80376335493052,39.46930001235249,99.01085335902985,0,0,1,0,0,4,4,1,1
620,2017,4,28,3,42851.125,61.66061223692599,-34.26110289909456,289,256,977.9009345252291,995.9009345252291,18.0,33.33822925447224,17.805003219041538,554.945776524894,967500,-3.0920449023538095,-24.339357396462074,-17.878743574957813,-2.399313355290688,18.03901816607466,0,0,0,0,0,5,5,1,1
620,2017,4,28,6,42851.25,61.14751710382064,-34.126479604744944,288,254,975.8212996434521,995.8212996434521,20.0,35.255858394852346,16.642369179008163,603.5444275292213,1144375,-2.0796348817770194,-16.450175165174777,2.407862740955528,-19.017858562442825,19.169683025036218,0,0,0,0,0,7,7,1,1
620,2017,4,28,9,42851.375,60.69630238737346,-33.014585880920265,289,251,974.9570526887514,996.9570526887514,22.0,35.47935368914739,14.627826672147712,668.89785002427,1405625,-0.8642469547006476,-6.866307070489962,20.170661782025835,-16.72426243209705,26.202224154115815,0,0,0,0,0,7,7,1,1
620,2017,4,28,12,42851.5,60.35577026129809,-31.564476637680773,291,248,972.0418560293937,998.0418560293937,26.0,37.312197726672885,19.83601110618234,725.1262946824155,1651875,-2.9151966593577527,-23.238711558547937,26.58405019948036,-12.62181492635525,29.428250662308418,0,0,0,0,0,5,5,1,1
620,2017,4,28,15,42851.625,60.51400505703139,-30.208915101288824,294,247,970.924064231523,984.924064231523,14.0,37.25573893713208,19.87268828937347,363.4537147509613,415000,-1.117791797870741,-8.896613383774246,24.730131139240722,5.86496883472696,25.4160824203173,0,0,0,0,0,4,4,1,1
620,2017,4,28,18,42851.75,60.744729605681194,-29.442313982469404,296,247,970.0444163936592,984.0444163936592,14.0,36.81328132825404,18.48697703882397,355.428243221036,396875,-0.8796478378637402,-6.985353437892693,13.885910763288868,8.551799754071261,16.308028598201403,0,0,0,0,0,4,4,1,1
620,2017,4,28,21,42851.875,60.76627613178621,-28.451059145028665,298,246,970.3774183985676,998.3774183985676,28.0,35.52225030893088,14.866370688292955,775.8888916881682,1891250,0.3330020049083396,2.643838672036655,17.943075642104255,0.7986214632309293,17.96083961678318,0,0,0,0,0,5,5,1,1
620,2017,4,29,0,42852.0,60.876027553579135,-28.059384768344525,299,246,970.8733000628085,998.8733000628085,28.0,34.07865054376692,14.511780914303746,795.2621926832805,1986875,0.4958816642410238,3.9327978287794214,7.065622054946439,4.067933765133404,8.152981058536685,0,0,0,0,0,5,5,1,2
620,2017,4,29,3,42852.125,61.189350775603806,-27.87386589355951,300,247,971.6340307093133,997.6340307093133,26.0,32.483509392968884,13.259697043654088,775.7606773781648,1890625,0.7607306465046713,6.015057657218728,3.3137787270761763,11.613317563023172,12.076848689606285,0,0,0,0,0,4,4,1,2
620,2017,4,29,6,42852.25,61.59785790991397,-28.300755766006375,300,249,973.4824034539746,995.4824034539746,22.0,30.01872337302305,11.765848676112874,699.5723336493362,1537500,1.8483727446613194,14.558269402691291,-7.526148309716887,15.141306944465995,16.90863934107025,0,0,0,0,0,4,4,1,1
620,2017,4,29,9,42852.375,62.00431616097917,-28.739795291688043,300,251,976.7375284560588,994.7375284560588,18.0,26.76668201183009,11.581734274369664,617.0722821091217,1196250,3.2551250020842417,25.540886599843308,-7.638608744551874,15.065365137090279,16.891227612763956,0,0,0,0,0,3,3,1,1
620,2017,4,29,12,42852.5,62.18043974797456,-30.004920870824012,298,253,979.7050581665975,993.7050581665975,14.0,24.00743431892239,11.395563586001881,469.7111238422398,693125,2.967529710538656,23.24643192686564,-21.883543504272428,6.528016445442914,22.836472473115393,0,0,0,0,0,3,3,1,1
620,2017,4,29,15,42852.625,62.1447582056502,-31.043555616288252,296,254,983.3332597720068,993.3332597720068,10.0,19.844156331383438,10.694086462602645,381.87133514830504,458125,3.628201605409413,28.431217787803977,-17.98710521202432,-1.3225354937740381,18.035660621134028,0,0,0,0,0,4,4,1,1
620,2017,4,29,18,42852.75,61.58495357992126,-31.981197570215194,293,253,986.4734696990719,994.4734696990719,8.0,16.03735982222174,7.578869505447365,374.2410318509555,440000,3.140209927065007,24.736131690017768,-16.537574623432718,-20.749144764404562,26.533344736007617,0,0,0,0,0,4,4,1,1
620,2017,4,29,21,42852.875,60.69630238737346,-33.014585880920265,289,251,990.0723132780512,996.0723132780512,6.0,10.978426179731695,6.1336267454300835,363.4537147509613,415000,3.598843578979286,28.592250140461328,-18.746539837249024,-32.93783472265107,37.898993549779696,0,0,0,0,0,5,5,1,1
620,2017,4,30,0,42853.0,58.72189201088815,-30.7499673021964,289,241,991.5980894257316,997.5980894257316,6.0,10.220988331058585,6.537463714702463,397.94367487929225,497500,1.5257761476804443,12.368568794768692,43.57793271689408,-73.18147232651326,85.17372899993504,0,0,0,0,0,3,3,1,1
620,2017,4,30,3,42853.125,58.52132782611622,-30.538826526968354,289,240,992.493732053249,996.493732053249,4.0,8.3033583209322,5.577590978963271,263.12050517771223,217500,0.8956426275173726,7.275964344201844,4.086550159456375,-7.4339066044132585,8.483092573401047,0,0,0,0,0,3,3,1,1
620,2017,4,30,6,42853.25,58.52132782611622,-30.538826526968354,289,240,,,,8.3033583209322,,0.0,0,0.0,,0.0,0.0,0.0,0,3,0,0,0,3,3,0,0
637,2017,4,28,0,42851.0,37.327533193794125,-155.07475525127373,264,565,1012.5604730232918,1016.5604730232918,4.0,7.804348710837442,4.648951142939841,424.315954652552,565625,,,,,,3,0,0,0,0,18,18,1,1
637,2017,4,28,3,42851.125,37.55521439087959,-154.96777039284626,264,564,1012.5907946283079,1014.5907946283079,2.0,7.548079743283511,4.062344334303344,234.32553289538015,172500,0.030321605016069952,0.3446519957024395,3.1436284091323303,8.438998002754513,9.005503143367312,0,0,0,0,0,20,20,1,1
637,2017,4,28,6,42851.25,38.58221099363222,-153.0302426811986,259,557,1013.2629985839967,1017.2629985839967,4.0,7.910337880523742,3.2490644600027014,497.0795199464242,776250,0.6722039556887467,7.467751583538742,56.137304678420136,38.06560396909673,67.8261541154287,0,0,0,0,0,20,20,1,1
637,2017,4,28,9,42851.375,39.65934391130658,-151.2527462627002,255,550,1013.6709136964614,1017.6709136964614,4.0,8.01501162267601,3.2146160309887635,556.5566529946447,973125,0.4079151124646887,4.428114527024228,50.71926483863189,39.923905255746405,64.54736273962784,0,0,0,0,0,22,22,1,1
637,2017,4,28,12,42851.5,41.26585340206633,-149.96855791159987,254,542,1012.6420139556718,1014.6420139556718,2.0,8.622191643280361,3.000075148251999,249.13937425834396,195000,-1.028899740789493,-10.807952736142786,35.77736842027446,59.5452349929392,69.4669353105807,0,0,0,0,0,21,21,1,1
637,2017,4,28,15,42851.625,43.53832403566718,-147.76862882558876,252,530,1013.3490788395735,1015.3490788395735,2.0,8.714052052663723,3.0073145448971625,379.78173623415614,453125,0.7070648839016213,7.111509178400483,59.10797712630994,84.22906846838679,102.89941173309286,0,0,0,0,0,21,21,1,1
637,2017,4,28,18,42851.75,45.772299240568366,-144.9469879365585,249,517,1013.5882169453957,1015.5882169453957,2.0,10.204371176424932,3.1043616779759757,230.9045385777095,167500,0.2391381058222032,2.3121110063565067,72.94480557428228,82.80223634491705,110.35014727669984,0,0,0,0,0,21,21,1,1
637,2017,4,28,21,42851.875,47.149432947038356,-143.71316728807813,249,510,1012.6407047011145,1016.6407047011145,4.0,11.585898794607322,4.3260087156813825,282.44719015209296,250625,-0.9475122442812426,-8.954152766863753,31.101170751441444,51.04342715689314,59.77218649197445,0,0,0,0,0,21,21,1,1
637,2017,4,29,0,42852.0,48.30689002650821,-142.59464336859145,249,504,1009.4850535843019,1017.4850535843019,8.0,14.490883926496425,6.285660092767503,402.9119531035698,510000,-3.1556511168125145,-29.278773497057944,27.575194392788124,42.901118348625445,50.998993140677,0,0,0,0,0,21,21,1,1
637,2017,4,29,3,42852.125,49.40297570002365,-141.86999230821428,250,499,1006.315275239397,1016.315275239397,10.0,17.018636598682576,8.951120402719244,440.64615120537735,610000,-3.1697783449049166,-28.922324412905287,17.478131494298328,40.62638868756682,44.226559196089866,0,0,0,0,0,20,20,1,1
637,2017,4,29,6,42852.25,50.337487307652914,-140.85005520571738,250,494,1002.8561266520524,1014.8561266520524,12.0,20.593712515239186,14.557959669134943,409.7663541116445,527500,-3.45914858734468,-31.131651303318222,24.128718162194506,34.63764988627495,42.21328972959556,0,0,0,0,0,20,20,1,1
637,2017,4,29,9,42852.375,51.101184795856064,-139.5264752790988,249,489,998.803853910074,1014.803853910074,16.0,24.02265338991518,21.590722006576833,478.3149910828633,718750,-4.052272741978231,-36.074202159737304,30.80569465514743,28.306428726461018,41.83592631258924,0,0,0,0,0,17,17,1,1
637,2017,4,29,12,42852.5,51.50468614865966,-138.12649452483203,247,485,994.700172134985,1012.700172134985,18.0,27.33128297280373,23.369291417892235,467.1629434306209,685625,-4.103681775089062,-36.326342413321555,32.29862791819423,14.955767775325354,35.5932065870359,0,0,0,0,0,13,13,1,1
637,2017,4,29,15,42852.625,52.219109555615134,-136.71346531736583,246,480,992.8277602628207,1012.8277602628207,20.0,28.433483591499577,21.566661112344153,531.6944307278186,888125,-1.8724118721643754,-16.413355971203874,32.08601630498681,26.48008610985673,41.60177162945476,0,0,0,0,0,13,13,1,1
637,2017,4,29,18,42852.75,52.73852441189128,-135.49605496039524,245,476,993.030236883673,1013.030236883673,20.0,26.9940826242959,16.04678281705892,556.7353515553564,973750,0.20247662085224874,1.762574570729427,27.31972106102803,19.252098947239666,33.42170661002644,0,0,0,0,0,15,15,1,1
637,2017,4,29,21,42852.875,52.904286145914746,-134.25270612317397,243,473,993.5780606548667,1011.5780606548667,18.0,25.27859311827016,14.95524631983171,500.46987091219614,786875,0.5478237711937982,4.75839541764118,27.795558965377655,6.1439546184048215,28.466493927963874,0,0,0,0,0,17,17,1,1
637,2017,4,30,0,42853.0,53.224499377725174,-133.2414714395609,242,470,996.5919041685364,1010.5919041685364,14.0,21.376809526561225,13.87152425637876,605.1903112164174,1150625,3.013843513669708,26.068474234835417,22.43921429887284,11.868695607259266,25.384725205692394,0,0,0,0,0,16,16,1,1
637,2017,4,30,3,42853.125,53.51458434042148,-131.70785288700398,240,466,998.9791553044673,1004.9791553044673,6.0,18.557130657733442,14.13127656777855,190.28334018879895,113750,2.3872511359308555,20.571133645903252,33.799544843048714,10.751992049235053,35.46850102025845,0,0,0,0,0,18,18,1,1
637,2017,4,30,6,42853.25,54.004975640172944,-131.40767015375067,241,464,1002.0895175416786,1006.0895175416786,4.0,15.589710330184886,13.162307968556707,145.21718204012956,66250,3.1103622372112296,26.634622500614086,6.539068264616909,18.176341534331144,19.31680111566021,0,0,0,0,0,18,18,1,1
637,2017,4,30,9,42853.375,53.982561290811326,-130.89612452736304,240,463,1005.6107150995367,1009.6107150995367,4.0,12.288863498159007,12.904181252089911,166.88952945311365,87500,3.5211975578582497,30.161256739974203,11.149302832033776,-0.830787311016678,11.180212931628033,0,0,0,0,0,18,18,1,1
637,2017,4,30,12,42853.5,53.62405935398611,-130.42607874009914,238,463,1010.0894902017623,1010.0894902017623,0.0,8.442635204876574,10.613604756632267,14.104739588693906,625,4.478775102225481,38.53957312977318,10.33277547538101,-13.287865522404077,16.832516721100568,0,0,0,0,0,20,20,1,1
637,2017,4,30,15,42853.625,53.62405935398611,-130.42607874009914,238,463,,,,8.442635204876574,,0.0,0,0.0,,0.0,0.0,0.0,0,3,0,0,0,20,20,0,0
652,2017,4,28,21,42851.875,33.52030372357326,11.821488340607255,409,123,1003.8541996512427,1005.8541996512427,2.0,9.4695214462563,7.528609970963808,134.55064019432646,56875,,,,,,3,0,0,0,0,1,1,1,1
652,2017,4,29,0,42852.0,33.80129495019887,12.851779370125465,413,125,1004.0703615165237,1010.0703615165237,6.0,9.070871801691418,4.110347764511025,563.3073475372626,996875,0.21616186528102843,2.6920269232062135,31.73278297840675,10.414932944133335,33.398208691267484,0,0,2,0,0,2,2,1,2
652,2017,4,29,3,42852.125,34.67767496732731,13.538031855312838,415,129,1003.4281732505407,1009.4281732505407,6.0,9.365287921202203,5.289418516678998,533.7483940345794,895000,-0.6421882659829862,-7.8199127847972685,20.917599641118013,32.483003905784656,38.63536614928506,0,0,0,0,0,0,0,1,1
652,2017,4,29,6,42852.25,35.29583007751187,14.184294248270815,417,132,1004.0061945356751,1010.0061945356751,6.0,9.586041113645598,5.785700091021209,386.78889139475245,470000,0.5780212851344549,6.930877873368741,19.55048756329267,22.91190404397712,30.11937766426917,0,0,0,0,0,0,0,1,1
652,2017,4,29,9,42852.375,35.52856216593066,15.255118703057777,421,134,1004.729370506126,1012.729370506126,8.0,9.335197144789362,6.009932660270351,786.7107377865184,1944375,0.7231759704508295,8.621983966298714,32.300659514637324,8.626209166520768,33.43267996534376,0,0,0,0,0,0,0,1,1
652,2017,4,29,12,42852.5,35.98294837851317,16.403480912716645,425,137,1003.6452307104049,1011.6452307104049,8.0,9.919458217569774,5.643233111549198,789.8654169668588,1960000,-1.0841397957211303,-12.78395318481143,34.44225841982564,16.84181385880373,38.33948172723053,0,0,0,0,0,0,0,1,1
652,2017,4,29,15,42852.625,36.488175482850146,17.331727667800788,428,140,1002.8252452608076,1008.8252452608076,6.0,9.788615438816144,5.433174972940251,394.4286461102029,488750,-0.8199854495972977,-9.553451852899444,27.661167588654582,18.726230268530788,33.40377063203604,0,0,0,0,0,0,0,1,1
652,2017,4,29,18,42852.75,36.49804959717392,18.119706999771545,431,141,1003.1848780346517,1009.1848780346517,6.0,9.58197484044655,5.34362593032507,413.15091245942784,536250,0.35963277384405956,4.189018361297453,23.478318792422545,0.36598380597051233,23.48117112634833,0,0,0,0,0,0,0,1,1
652,2017,4,29,21,42852.875,36.816882084480824,18.751934687058796,433,143,1004.5204959420297,1010.5204959420297,6.0,9.285506059164609,4.8119771527755075,447.36712098460976,628750,1.3356179073780368,15.441444319025504,18.759770568430348,11.817518345998014,22.17166506237511,0,0,0,0,0,0,0,1,1
652,2017,4,30,0,42853.0,36.890728807224214,19.307808679975413,435,144,1004.4555346985845,1010.4555346985845,6.0,9.374159250309603,3.784052114113947,522.4468656261615,857500,-0.06496124344514101,-0.7497444288976862,16.478245878719513,2.7371269727975616,16.70402500311684,0,0,0,0,0,0,0,1,1
652,2017,4,30,3,42853.125,36.95912718045512,19.865059568751008,437,145,1005.1728418857524,1009.1728418857524,4.0,8.657887352200612,3.3820051693298594,361.8078781523198,411250,0.7173071871678985,8.26559675543867,16.504249156165027,2.535184031339055,16.697826154369032,0,0,0,0,0,0,0,1,1
652,2017,4,30,6,42853.25,36.786041512203745,20.33618528753644,439,145,1006.2970590124778,1010.2970590124778,4.0,8.219577631376115,3.780133382736458,391.89860944341075,482500,1.1242171267254162,13.006736753320839,13.985115802887274,-6.41541606147873,15.386390975860667,0,0,0,0,0,0,0,1,1
652,2017,4,30,9,42853.375,37.50517717228237,21.9662550884663,444,150,1006.7193184121419,1010.7193184121419,4.0,7.8496246479909155,9.009805958437063,428.28270092709715,576250,0.4222593996640353,4.805091698813071,47.929293818959266,26.654745656643243,54.842434956924265,0,0,0,0,0,0,0,1,1
652,2017,4,30,12,42853.5,38.48190849762932,21.537817211914316,441,153,1006.1790427147192,1010.1790427147192,4.0,7.858871948957149,13.374173061694236,515.7399525364794,835625,-0.5402756974226213,-6.0153227980672,-12.430957972546208,36.20252269113224,38.277295689705596,0,0,0,0,0,0,0,1,1
652,2017,4,30,15,42853.625,38.48190849762932,21.537817211914316,441,153,,,,7.858871948957149,,0.0,0,0.0,,0.0,0.0,0.0,0,3,0,0,0,0,0,0,0
657,2017,4,29,3,42852.125,50.11211213454196,-16.14849155113314,311,192,999.4252850909585,999.4252850909585,0.0,8.91782099881704,8.345089929428722,14.104739588693906,625,,,,,,3,0,0,0,0,2,2,1,1
657,2017,4,29,6,42852.25,51.470808787344374,-14.242194340492867,318,196,996.7557814126824,996.7557814126824,0.0,10.13142119481662,9.193232082249525,14.104739588693906,625,-2.669503678276087,-23.64192671773442,44.01185379983349,50.36005821352388,66.88182666589954,0,0,0,0,0,2,2,1,1
657,2017,4,29,9,42852.375,52.61967728940221,-13.230508421402483,322,200,995.6071838997638,995.6071838997638,0.0,10.62084332666611,6.969746345085078,14.104739588693906,625,-1.1485975129186408,-10.014453807686353,22.765029751428074,42.58278293685546,48.286022638344875,0,0,0,0,0,1,1,1,1
657,2017,4,29,12,42852.5,53.87960875617308,-12.940436401907096,324,205,994.4094877041825,994.4094877041825,0.0,11.342961155391007,5.663839793875886,14.104739588693906,625,-1.1976961955812293,-10.272451907527204,6.337838765622216,46.699329008252235,47.12743924764014,0,0,0,0,0,1,1,1,1
657,2017,4,29,15,42852.625,56.050638996069296,-12.965853852810076,326,214,994.1974108886988,994.1974108886988,0.0,11.029345539423112,3.3763179568244954,14.104739588693906,625,-0.21207681548374238,-1.7712544079506616,-0.5261235666014054,80.46918275612626,80.47090268815295,0,0,0,0,0,2,2,1,1
657,2017,4,29,18,42852.75,58.77940702896197,-14.086724317871484,326,226,994.144033774916,994.144033774916,0.0,11.301104188670221,5.75487635669182,14.104739588693906,625,-0.05337711378277163,-0.4324333463656942,-21.533970656194086,101.14172041583933,103.40870128232748,0,0,0,0,0,2,2,1,1
657,2017,4,29,21,42852.875,60.51935218580875,-15.370945592807177,325,234,994.9274639794475,994.9274639794475,0.0,12.03245078146322,8.59927214628282,14.104739588693906,625,0.7834302045314689,6.2350680163772605,-23.424813508560295,64.49102469371105,68.61351291076473,0,0,0,0,0,2,2,1,1
657,2017,4,30,0,42853.0,62.16728904884198,-17.256795527993713,323,242,995.8153517922817,995.8153517922817,0.0,13.156540598822009,7.639250555928811,14.104739588693906,625,0.887887812834233,6.956198009111944,-32.63409425748126,61.080739533281275,69.25200971768777,0,0,0,0,0,4,4,1,1
657,2017,4,30,3,42853.125,63.91376412849268,-20.004303627670996,320,251,995.9031299954966,997.9031299954966,2.0,13.6695749704703,14.256803402381557,111.06083058226194,38750,0.08777820321483887,0.6771213964489533,-44.776354666990414,64.73305612277004,78.71016765487042,0,0,0,0,0,5,5,1,1
657,2017,4,30,6,42853.25,64.5591323281516,-23.26536878121195,315,256,996.131828683706,998.131828683706,2.0,12.76254024289432,7.7858702301292215,124.56968712917198,48750,0.2286986882094061,1.754617836221051,-51.91809932993747,23.920556539934697,57.163642844149344,0,0,0,0,0,4,4,1,1
657,2017,4,30,9,42853.375,65.21798689984605,-26.21497948740458,311,261,995.7442709404459,999.7442709404459,4.0,12.927044741521865,12.12923612157516,163.88226458881186,84375,-0.38755774326011305,-2.9574312795766593,-45.82221249268375,24.420428589665786,51.92333281124805,0,0,0,0,0,4,4,1,1
657,2017,4,30,12,42853.5,65.49332548106584,-29.515830286084345,306,265,994.9690576576281,998.9690576576281,4.0,12.025403055638643,16.53567441752959,118.0087179853287,43750,-0.7752132828177127,-5.902581267854352,-50.7431984518234,10.205417780383717,51.75927686118987,0,0,0,0,0,6,6,1,1
657,2017,4,30,15,42853.625,65.41947998052778,-31.86597769360368,302,267,993.9864121471992,999.9864121471992,6.0,11.502145023333652,21.77131949480332,132.3141857100307,55000,-0.9826455104289926,-7.486403768391258,-36.23242171484128,-2.737081671786713,36.33565740976944,0,0,0,0,0,6,6,1,1
657,2017,4,30,18,42853.75,65.11364536550718,-33.90627698844215,298,268,994.0853235763151,1000.0853235763151,6.0,9.71306828900158,28.89061782798759,111.06083058226194,38750,0.09891142911597854,0.7554239299845293,-31.82254153320703,-11.335752527527426,33.781258635492414,0,0,0,0,0,5,5,1,1
657,2017,4,30,21,42853.875,65.11364536550718,-33.90627698844215,298,268,,,,9.71306828900158,,0.0,0,0.0,,0.0,0.0,0.0,0,3,0,0,0,5,5,0,0
666,2017,4,29,6,42852.25,27.32710231522603,-154.44850051657693,245,599,1010.4776498749412,1012.4776498749412,2.0,7.8818694626043175,8.90098495127837,222.12166116452389,155000,,,,,,3,0,0,0,0,24,24,1,1
666,2017,4,29,9,42852.375,29.404663763682144,-155.5744564591532,253,594,1010.5200954878595,1012.5200954878595,2.0,10.023631941760529,5.167949844664763,192.36300129927707,116250,0.04244561291823629,0.598955205328879,-36.357018507453645,77.00476428688042,85.15613024104219,0,0,0,0,0,22,22,1,1
666,2017,4,29,12,42852.5,30.06790537977143,-156.29986295035513,257,593,1008.3070824257293,1010.3070824257293,2.0,11.121589655456168,9.681520133944213,165.09174420450913,85625,-2.213013062130194,-30.601611655069664,-23.268987266048992,24.58303428288899,33.8492443481571,0,0,0,0,0,18,18,1,1
666,2017,4,29,15,42852.625,30.339740938475728,-157.42352121625,262,594,1006.5478772498536,1010.5478772498536,4.0,12.353251386613186,24.073545856731872,212.04073057660514,141250,-1.7592051758756861,-24.128875247488953,-35.94428373701293,10.07557833650223,37.329730941729075,0,0,0,0,0,17,17,1,1
666,2017,4,29,18,42852.75,30.00669037493719,-158.51122353049337,266,597,1007.2516161559647,1011.2516161559647,4.0,12.449338526541315,22.124770262408273,169.8435557664936,90625,0.7037389061111026,9.74932059191607,-34.911900286107915,-12.344510993865576,37.03009226649064,0,0,0,0,0,19,19,1,1
666,2017,4,29,21,42852.875,29.221297157656206,-159.24920441040138,268,601,1007.1093982383916,1011.1093982383916,4.0,12.155424019031164,23.27060594210925,123.76858758422884,48125,-0.1422179175731435,-2.0183259660586192,-23.872248716365643,-29.110580394230986,37.64717983680858,0,0,0,0,0,22,22,1,1
666,2017,4,30,0,42853.0,28.26405818706267,-160.25052364431025,271,606,1006.3754510290878,1010.3754510290878,4.0,11.009283909494183,24.4179621034304,125.36566766991936,49375,-0.7339472093037329,-10.738228316658416,-32.688862446299545,-35.48003903882048,48.24308135089754,0,0,0,0,0,20,20,1,1
666,2017,4,30,3,42853.125,27.27141214986964,-160.54202098841014,271,610,1006.2846650533597,1010.2846650533597,4.0,9.758331835011468,20.09265214563384,145.90056078898738,66875,-0.09078597572806757,-1.372709055800855,-9.603393568652354,-36.792401096563566,38.02506997343786,0,0,0,0,0,22,22,1,1
666,2017,4,30,6,42853.25,26.358370631918007,-161.0264463188151,272,614,1007.4332048213821,1011.4332048213821,4.0,9.161086425322212,11.983611363530509,202.4410972262378,128750,1.1485397680223104,17.922520139126185,-16.08848235570179,-33.84186153735604,37.4714672360625,0,0,0,0,0,22,22,1,1
666,2017,4,30,9,42853.375,25.68850430257221,-161.43165030168495,273,617,1008.9787099624623,1010.9787099624623,2.0,8.068223971576838,10.286858746181315,104.60354839855006,34375,1.5455051410802116,24.701522687967966,-13.53446499067857,-24.828579117755314,28.27790804834295,0,0,0,0,0,22,22,1,1
666,2017,4,30,12,42853.5,25.68850430257221,-161.43165030168495,273,617,,,,8.068223971576838,,0.0,0,0.0,,0.0,0.0,0.0,0,3,0,0,0,22,22,0,0
