sid,year,month,day,hour,time,lat,lon,x,y,p_cent,p_edge,depth,p_grad,DsqP,radius,area,Dp,DpDt,u,v,uv,Ege,Ely,Emg,Esp,Erg,id,pid,type,centers
0,2007,11,27,9,39411.375,45.33362999756282,-66.80140948635182,181,283,1000.4957529344325,1012.4957529344325,12.0,18.939271239932452,8.76625966694497,721.137141293366,1633750,,,,,,3,0,0,0,0,5,5,1,1
0,2007,11,27,12,39411.5,46.49618009247966,-64.17900802581072,189,277,998.6663197506674,1012.6663197506674,14.0,20.39288326336993,6.238802178830083,748.482063701911,1760000,-1.829433183765068,-17.474406835369454,66.90917328011082,43.089890841634514,79.58376820540653,0,0,0,0,0,6,6,1,1
0,2007,11,27,15,39411.625,47.99441936075066,-61.82633263077217,198,273,997.1793261179616,1011.1793261179616,14.0,20.542733345818604,8.960759797873543,713.789017548554,1600625,-1.486993632705853,-13.864185506084807,58.35347854299126,55.53220184379734,80.55404334785182,0,0,0,0,0,6,6,1,1
0,2007,11,27,18,39411.75,48.785182554604404,-59.80087005832196,204,269,996.2915458340452,1010.2915458340452,14.0,19.871638590773028,7.200233414998074,740.3308957977606,1721875,-0.8877802839163632,-8.176493042587603,49.463417534143325,29.309618444594395,57.49507289781191,0,0,0,0,0,4,4,1,1
0,2007,11,27,21,39411.875,49.69301358130934,-58.701510492346536,209,268,996.1120474018416,1012.1120474018416,16.0,19.312573407251993,9.289732811456924,838.7281135541944,2210000,-0.17949843220369074,-1.630761619252872,26.358772878758877,33.64873480670323,42.74368095714074,0,0,0,0,0,3,3,1,1
0,2007,11,28,0,39412.0,50.42986596411655,-58.468414888311074,212,269,994.9194635753671,1008.9194635753671,14.0,19.36741996397913,8.51095253023501,722.1020580948527,1638125,-1.192583826474438,-10.718703263531692,5.5036680993220335,27.31141555137226,27.860433987417235,0,0,0,0,0,4,4,1,1
0,2007,11,28,3,39412.125,50.911191718994566,-57.65727336722329,215,268,993.1670009691428,1007.1670009691428,14.0,20.063499029765,8.917304405747636,712.5336963703163,1595000,-1.7524626062242896,-15.642737547578827,18.95657753131773,17.84032733526583,26.03131020771512,0,0,0,0,0,3,3,1,1
0,2007,11,28,6,39412.25,51.940257884901136,-53.783115356117776,225,261,991.4826126655255,1005.4826126655255,14.0,20.285972301289693,5.273384666871643,698.0064967749688,1530625,-1.6843883036173066,-14.821251175156387,88.51374352663703,38.142312276792794,96.3821496902806,0,0,0,0,0,2,2,1,1
0,2007,11,28,9,39412.375,52.70225658575247,-52.95488644925065,229,261,988.5095551131309,1004.5095551131309,16.0,21.760495827411923,5.3433260583472295,713.510248150088,1599375,-2.973057552394603,-25.893168614516142,18.601739852690567,28.243463214804603,33.81889915288783,0,0,0,0,0,5,5,1,1
0,2007,11,28,12,39412.5,53.598884831717825,-52.37672600694528,233,262,983.4939704593431,1001.4939704593431,18.0,26.22104640070775,10.027874040889001,650.6551687525748,1330000,-5.015584653787809,-43.172762124599515,12.716972364458321,33.233504012518736,35.58352392707186,0,0,0,0,0,4,4,1,1
0,2007,11,28,15,39412.625,54.07378768688847,-52.730455332336696,234,264,977.9102651549114,995.9102651549114,18.0,31.254577893002956,18.700942548415043,529.6325020233044,881250,-5.5837053044317875,-47.77268569061006,-7.692759609552213,17.60226271466399,19.209846513869078,0,0,0,0,0,6,6,1,1
0,2007,11,28,18,39412.75,53.972105349535724,-51.93434890126956,235,262,971.3041102929097,993.3041102929097,22.0,37.424633872766755,25.387119640163004,523.7779426003491,861875,-6.606154862001567,-56.59335249118619,17.355699447194137,-3.7688533476620742,17.760195912700922,0,0,0,0,0,4,4,1,1
0,2007,11,28,21,39412.875,53.77690673935412,-49.84830476839488,238,257,969.5964533210903,989.5964533210903,20.0,39.10057648431877,17.890167142454448,492.65737405943736,762500,-1.7076569718195242,-14.665512532386265,45.688644650234636,-7.235031713421374,46.257949953166175,0,0,0,0,0,5,5,1,1
0,2007,11,29,0,39413.0,54.214756298709695,-47.321530589832726,244,253,968.8816006175371,992.8816006175371,24.0,37.75794987341648,11.640311451094604,720.5851801399391,1631250,-0.7148527035531879,-6.10522265328285,54.76162199718238,16.22888321129874,57.11577622731099,0,0,0,0,0,3,3,1,2
0,2007,11,29,3,39413.125,57.225668946393164,-43.595972780895714,260,255,964.0172795894468,992.0172795894468,28.0,38.537602795249384,21.07439707830468,738.7168003547341,1714375,-4.864321028090199,-40.081631263631145,74.74192655922691,111.5994036641123,134.31598000227058,0,0,1,0,0,4,4,1,1
0,2007,11,29,6,39413.25,57.21594051868037,-43.03473942807948,261,254,959.6720451737352,993.6720451737352,34.0,42.43245531597192,23.297019783235008,853.6572471911755,2289375,-4.3452344157116025,-35.80831244655147,11.263771632412128,-0.36058393529697036,11.269541790220506,0,0,0,0,0,2,2,1,1
0,2007,11,29,9,39413.375,56.78877320347275,-40.28239749543831,265,248,958.6191584135097,994.6191584135097,36.0,43.24510358814895,7.220843780807481,900.6072277813852,2548125,-1.0528867602255196,-8.718762176834122,55.87289299851367,-15.832946093154707,58.07290550688936,0,0,0,0,0,2,2,1,1
0,2007,11,29,12,39413.5,57.410995461211414,-37.0695337003684,273,245,957.6560617774359,997.6560617774359,40.0,42.9393533360999,8.286267810330537,1006.687190808368,3183750,-0.9630966360738966,-7.919391712807611,64.13414710246555,23.06265276862091,68.15478543203453,0,0,0,0,0,1,1,1,2
0,2007,11,29,15,39413.625,58.11692625767292,-33.97286769493928,281,243,955.9681804833339,997.9681804833339,42.0,43.98273841590405,7.204438914675556,1036.8662597392938,3377500,-1.6878812941019714,-13.77176105592941,60.618906149804424,26.165307709557464,66.02480677998705,0,0,0,0,0,1,1,1,2
0,2007,11,29,18,39413.75,59.00019549463004,-31.538851692577026,288,243,954.8289847404081,998.1111251769441,43.28214043653599,44.82677992757051,5.901293328120955,1043.94131675193,3423750,-1.139195742925658,-9.207728104752112,46.46222689200801,32.73835267028081,56.837824231123726,0,0,0,0,0,2,3,2,0
0,2007,11,29,21,39413.875,59.91006296410001,-29.55755339993043,294,244,954.1980589472878,993.4007229599639,39.2026640126761,45.456627264364194,5.375491427669113,869.474542287756,2375000,-0.6309257931204048,-5.051991010723117,36.816797531084006,33.72421550799424,49.92794099574378,0,0,0,0,0,3,4,2,0
0,2007,11,30,0,39414.0,60.451686534689046,-28.627986670469923,297,245,955.2116177905317,993.2116177905317,38.0,43.91715977118596,5.102258883269606,877.6730168831521,2420000,1.0135588432439544,8.071982383322107,16.99128191175895,20.075264400204052,26.300568468057246,0,0,0,0,0,4,4,1,2
0,2007,11,30,3,39414.125,60.655106651601656,-28.839853307436403,297,246,955.5362990054294,993.5362990054294,38.0,43.4019645774535,5.304801993597139,901.8213565887565,2555000,0.32468121489771873,2.580583591522018,-3.848401020126963,7.539761659375054,8.46511643699579,0,0,1,0,0,3,3,1,1
0,2007,11,30,6,39414.25,60.54253321875438,-29.225763498863365,296,246,956.8112104858125,992.8112104858125,36.0,42.49044328636434,5.3666452743988335,897.8417381479043,2532500,1.2749114803830162,10.144289381976664,-7.0342506575097445,-4.172531535859575,8.178673592363184,0,0,0,0,0,2,2,1,1
0,2007,11,30,9,39414.375,59.218969504172456,-25.52685579699834,301,237,958.3209997736817,996.3209997736817,38.0,41.672942215660974,13.802181933919783,1067.123993649525,3577500,1.5097892878692074,12.175264051436395,70.15305090224261,-49.05785671744556,85.60446166294174,0,0,0,0,0,2,2,1,1
0,2007,11,30,12,39414.5,59.82093558141123,-24.159080660432693,305,238,962.7277502831937,996.7277502831937,34.0,37.27432727559883,8.4222999629291,1088.2608695908193,3720625,4.406750509512058,35.31790308127468,25.48491289963506,22.311857933692472,33.87181409306654,0,0,0,0,0,1,1,1,1
0,2007,11,30,15,39414.625,59.79476668462191,-23.19859051364819,307,237,963.7829946806165,995.7829946806165,32.0,35.879061365482535,7.490731344070955,1084.8736351135858,3697500,1.0552443974227936,8.459504234005783,17.910437296614823,-0.9699495196188234,17.936682140980814,0,0,0,0,0,1,1,1,1
0,2007,11,30,18,39414.75,59.671176155168595,-22.636333984526523,308,236,964.8496842023662,996.8496842023662,32.0,34.92216665427826,5.6945918274106955,1130.9327616716407,4018125,1.0666895217496495,8.562026843882665,10.523387103209009,-4.5808799521744925,11.477200758905452,0,0,0,0,0,0,0,1,1
0,2007,11,30,21,39414.875,59.41499407287438,-21.52538240186464,310,234,966.93971640577,1000.93971640577,34.0,33.04786092982907,3.915401383776698,1294.4893228909973,5264375,2.0900322034038252,16.82028668950082,20.951479277842964,-9.495382616118713,23.0027558122146,0,0,0,0,0,0,0,1,1
0,2007,12,1,0,39415.0,59.239550950262355,-18.702060078978796,316,231,969.6688353000228,983.6688353000228,14.0,28.87760579631506,2.529728705757516,648.2044814428574,1320000,2.7291188942527516,22.00349230474154,53.51736864644676,-6.502795049712034,53.91099229561855,0,0,0,0,0,3,3,1,1
0,2007,12,1,3,39415.125,59.23440443269461,-17.366619883258497,319,230,969.6655642695739,981.6655642695739,12.0,28.2560795902392,2.9975131941802102,570.152585949758,1021250,-0.00327103044881369,-0.026374058605792387,25.319169676105435,-0.1907555478069404,25.319888245536077,0,0,0,0,0,2,2,1,1
0,2007,12,1,6,39415.25,59.21211176039664,-16.032339353935967,322,229,970.5693731944593,980.5693731944593,10.0,26.266356771831866,3.3153236811498203,529.6325020233044,881250,0.9038089248853793,7.289028399358761,25.313715839605,-0.8262773536278928,25.327197710630905,0,0,0,0,0,2,2,1,1
0,2007,12,1,9,39415.375,58.4961274015975,-14.386518978834124,325,225,972.7679545931996,992.7679545931996,20.0,24.162434251157205,2.5419337792661825,1000.2438507741136,3143125,2.1985813987403526,17.865508040941773,31.87632876787603,-26.537942751773972,41.477255709776095,0,0,2,0,0,3,3,1,2
0,2007,12,1,12,39415.5,58.08204840163245,-12.10898498322898,330,222,974.7659858918166,992.7659858918166,18.0,21.823750080581082,3.5070829854859773,991.9553597141572,3091250,1.9980312986169884,16.308515274281735,44.629377626846406,-15.347828008721939,47.19467313103215,0,0,0,0,0,2,2,1,3
0,2007,12,1,15,39415.625,58.15516472502468,-9.227367194289329,337,221,976.2359251318214,990.2359251318214,14.0,19.10973824767302,2.6748251154705214,911.5852931122564,2610625,1.4699392400047508,11.988554008845899,56.349346430784124,2.7100547387065266,56.41447721873623,0,0,0,0,0,1,1,1,4
0,2007,12,1,18,39415.75,58.55327418418936,-7.253194612725333,342,222,977.7867414427137,987.7867414427137,10.0,16.433560180801848,2.4276784594247145,823.7699245590777,2131875,1.55081631089226,12.594124853428754,38.173207280729216,14.755917369440285,40.92591906739869,0,0,0,0,0,3,3,1,4
0,2007,12,1,21,39415.875,58.63410988576485,-6.019851268648943,345,222,979.5120915075709,985.5120915075709,6.0,13.840656460692912,4.319861419193912,693.5746646866894,1511250,1.7253500648571936,13.999443038917107,23.793783034668877,2.996173302316142,23.981683960022668,0,0,0,0,0,2,2,1,4
0,2007,12,2,0,39416.0,59.09744713684662,-6.108038318182625,345,224,980.8225793506265,982.8225793506265,2.0,11.251787244943804,3.141492254822733,266.8741970172897,223750,1.3104878430555982,10.581446896322907,-1.6787118849861644,17.173583881909387,17.255435576703697,0,0,0,2,0,3,3,1,1
0,2007,12,2,3,39416.125,59.14360938839914,-5.270670751640953,347,224,981.277365127743,983.277365127743,2.0,10.44889803635307,2.6703157541471594,300.86437789062944,284375,0.4547857771164854,3.670368690390987,15.918404956130978,1.7110027250435311,16.010095148764158,0,0,0,0,0,3,3,1,1
0,2007,12,2,6,39416.25,59.39603037031302,-4.887009834921517,348,225,,,,9.81280755208391,,0.0,0,-0.06290595325786853,,7.239601632327328,9.355977522487136,11.829883650995095,0,2,2,1,0,3,0,0,0
2,2007,11,28,15,39412.625,79.40333533064515,-113.03943597990354,316,378,1011.4280685069695,1011.4280685069695,0.0,7.628971325044046,1.802088697806321,14.104739588693906,625,,,,,,3,0,0,0,0,12,12,1,1
2,2007,11,28,18,39412.75,78.69418281084333,-112.75097634278764,313,379,1011.4221582235757,1011.4221582235757,0.0,8.209037451099121,1.5737622773344628,14.104739588693906,625,-0.005910283393750433,-0.04175796792090988,2.0960694104854984,-26.284720806389014,26.368163660812495,0,0,0,0,0,9,9,1,1
2,2007,11,28,21,39412.875,78.153583569827,-107.06285717346141,309,375,1011.0202569483864,1011.0202569483864,0.0,8.416907288682866,1.030305059434395,14.104739588693906,625,-0.4019012751893024,-2.845049275763516,43.264052729456886,-20.03729764963798,47.67883760828712,0,0,0,0,0,11,11,1,1
2,2007,11,29,0,39413.0,77.2856421776443,-101.70643672915332,304,371,1010.4537419135767,1010.4537419135767,0.0,8.026089125411406,1.368095673317439,14.104739588693906,625,-0.5665150348097086,-4.023592098971443,43.68068866195684,-32.17022647851078,54.248742231147446,0,0,0,0,0,9,9,1,1
2,2007,11,29,3,39413.125,74.49937235539122,-105.54632727307906,293,378,1009.1460212971349,1009.1460212971349,0.0,9.404377287715215,3.210126771404394,14.104739588693906,625,-1.307720616441802,-9.402133041574459,-38.029714473569236,-103.2730228324599,110.05260754700447,0,0,0,0,0,8,8,1,1
2,2007,11,29,6,39413.25,74.33970202596784,-104.53445508054013,292,377,1008.0322523356358,1008.0322523356358,0.0,10.461180385729579,2.7623262886600424,14.104739588693906,625,-1.1137689614990085,-8.013901574891868,10.123731393298863,-5.918176855848305,11.72666852182509,0,0,0,0,0,7,7,1,1
2,2007,11,29,9,39413.375,73.78507038903692,-102.39966642630976,289,375,1007.0469684004826,1007.0469684004826,0.0,10.594576619348928,1.9620425864919526,14.104739588693906,625,-0.9852839351532748,-7.109038079976493,22.09403945762219,-20.557408061094925,30.178694566619956,0,0,0,0,0,7,7,1,1
2,2007,11,29,12,39413.5,71.42471827327904,-102.94262426579458,279,378,1006.8393346252586,1006.8393346252586,0.0,10.159505551154584,3.07448380447946,14.104739588693906,625,-0.20763377522394877,-1.5175862426763609,-6.41071570541767,-87.48639345567535,87.72095710682211,0,0,0,0,0,8,8,1,1
2,2007,11,29,15,39413.625,71.25232504434209,-102.1187603347252,278,377,1005.9273299295036,1005.9273299295036,0.0,10.672897854141711,3.4393993204097204,14.104739588693906,625,-0.9120046957550221,-6.672579793395328,9.814385869822628,-6.389750815221327,11.711152184238562,0,0,0,0,0,8,8,1,1
2,2007,11,29,18,39413.75,70.80787537331263,-101.83677536786274,276,377,1005.7087837818075,1005.7087837818075,0.0,11.172930393154502,3.3729528633922747,14.104739588693906,625,-0.2185461476961791,-1.6032375619751016,3.435877380863235,-16.473516189106533,16.828012033781132,0,0,0,0,0,8,8,1,1
2,2007,11,29,21,39413.875,69.69346228405583,-101.18537662781296,271,377,1005.8039172161275,1005.8039172161275,0.0,11.3562108597278,2.767148182018209,14.104739588693906,625,0.0951334343200142,0.7027821397077824,8.378985654713265,-41.30569390388191,42.14697794009765,0,0,0,0,0,11,11,1,1
2,2007,11,30,0,39414.0,68.75514666577145,-101.30993247402021,267,378,1005.5503950328379,1005.5503950328379,0.0,11.70569952605319,3.9535606768987783,14.104739588693906,625,-0.2535221832896059,-1.8845247135175358,-1.6728661801883573,-34.778645448191874,34.81885495629997,0,0,0,0,0,12,12,1,1
2,2007,11,30,3,39414.125,68.35028363216176,-100.4914770123316,265,377,1005.5048151249117,1005.5048151249117,0.0,12.012057440147482,4.573128454042307,14.104739588693906,625,-0.04557990792614874,-0.33975424813868377,11.191826193292398,-15.006238441107202,18.720153997556466,0,0,0,0,0,12,12,1,1
2,2007,11,30,6,39414.25,68.16582750977119,-99.80249671524524,264,376,1006.2297826946668,1006.2297826946668,0.0,11.724695652829102,4.773378290171167,14.104739588693906,625,0.7249675697550992,5.4108763678879335,9.497725122584527,-6.836861666120152,11.702540747454652,0,0,0,0,0,12,12,1,1
2,2007,11,30,9,39414.375,68.0132346742188,-98.54528189530085,263,374,1006.9446438933394,1006.9446438933394,0.0,11.008439583192214,4.387178259403081,14.104739588693906,625,0.7148611986725882,5.341164649598572,17.445875116073818,-5.655849718577609,18.339770843845844,0,0,0,0,0,15,15,1,1
2,2007,11,30,12,39414.5,67.81983082117559,-97.88313931672974,262,373,,,,10.48676581702491,,0.0,0,0.9179056080848386,,9.265171877996757,-7.16850908397155,11.714560700931322,0,2,2,0,0,12,11,0,0
3,2007,11,29,18,39413.75,33.38172939328567,153.38204414773298,468,576,999.0163662028499,1007.0163662028499,8.0,16.003206422047725,20.556160547921973,406.84289451282194,520000,,,,,,3,0,0,0,0,16,16,1,1
3,2007,11,29,21,39413.875,33.26131412965631,154.22700591508442,465,578,1000.2586507229266,1008.2586507229266,8.0,15.260941745437108,9.919745104153916,410.73621666150774,530000,1.2422845200767916,15.692713000961954,26.187754531614704,-4.463188802050521,26.565363571591778,0,0,0,0,0,19,19,1,1
3,2007,11,30,0,39414.0,33.49172481049997,156.98814140374813,454,582,1000.9076147243095,1008.9076147243095,8.0,14.097246791987034,12.914791805511777,410.97832467938497,530625,0.6489640013828466,8.147915382083532,85.34670076082381,8.540166251510989,85.77291979617489,0,0,0,0,0,20,20,1,1
3,2007,11,30,3,39414.125,33.48854994719645,159.54104267020628,444,586,999.3740997654138,1009.3740997654138,10.0,13.620490291371807,13.38382964417171,534.6794053718705,898125,-1.5335149588956847,-19.255300116117464,78.91341177026582,-0.11767623071390262,78.91349951002556,0,0,0,0,0,19,19,1,1
3,2007,11,30,6,39414.25,33.28348363148436,161.8638530549776,435,590,999.4161577199689,1009.4161577199689,10.0,13.23852527710802,13.44528560611383,540.9677916569734,919375,0.042057954555057224,0.5309688188030294,71.97089787939558,-7.6007779776251265,72.37114043202261,0,0,0,0,0,19,19,1,1
3,2007,11,30,9,39414.375,33.18218234259856,164.84830316929924,423,594,1000.1065119306637,1010.1065119306637,10.0,12.919257028662171,12.528102422083611,506.0044611454395,804375,0.6903542106947862,8.739061220897561,92.57736816940351,-3.754729795552083,92.65347858019629,0,0,0,0,0,20,20,1,1
3,2007,11,30,12,39414.5,33.245482150939374,167.023078012806,414,596,998.6538469181834,1006.6538469181834,8.0,13.183702380369898,17.609234515403806,342.31246961133036,368125,-1.4526650124802836,-18.358003509869715,67.41360304147122,2.3462058483572195,67.45441836466996,0,0,0,0,0,19,19,1,1
3,2007,11,30,15,39414.625,33.21910177032482,169.199144254222,405,598,997.2054304513093,1005.2054304513093,8.0,13.572506553010905,15.619709745029978,333.48090872711424,349375,-1.4484164668740414,-18.317180313737424,67.47398542907439,-0.977788162430227,67.48106978533707,0,0,0,0,0,19,19,1,1
3,2007,11,30,18,39414.75,33.27714892445373,170.8677413220064,398,599,997.1997892010197,1005.1997892010197,8.0,12.892923469344117,15.308144688406248,339.1009383412178,361250,-0.005641250289627351,-0.07123105747045165,51.7047559076319,2.151516348429959,51.74950053928402,0,0,0,0,0,14,14,1,1
3,2007,11,30,21,39414.875,33.12314298110315,173.26951606538435,388,601,998.5586633872903,1004.5586633872903,6.0,12.20415810904531,12.916505137532516,257.00058634784585,207500,1.3588741862705502,17.22888432542545,74.55388999467297,-5.70822652456478,74.7720961548728,0,0,0,0,0,13,13,1,1
3,2007,12,1,0,39415.0,32.91365633086301,176.3577495073857,375,603,997.6086303925057,1001.6086303925057,4.0,11.557641911350794,12.554402253375956,186.05429348039038,108750,-0.9500329947845603,-12.113231266427462,96.08908017567086,-7.764617568821992,96.40228532040389,0,0,0,0,0,18,18,1,1
3,2007,12,1,3,39415.125,32.76761970786914,178.71135521483757,365,604,996.9971779767656,1000.9971779767656,4.0,11.204781108942681,15.003357493192523,182.81831978578631,105000,-0.6114524157402047,-7.827065139540888,73.35313639410239,-5.412843860407643,73.5525764165263,0,0,0,0,0,16,16,1,1
3,2007,12,1,6,39415.25,32.51078706264687,-178.7166025179171,354,605,997.1160194010838,1001.1160194010838,4.0,11.863783323941139,15.53918724428004,179.5240261806447,101250,0.1188414243182342,1.5319465924674147,-80.39117481051805,-9.519495715139536,80.95283680073128,0,0,0,0,0,18,18,1,1
3,2007,12,1,9,39415.375,32.64068542195066,-176.13926737511673,343,604,996.8532740896648,1000.8532740896648,4.0,12.327162583820092,16.61432482572709,180.07726023841454,101875,-0.2627453114189848,-3.3749684428860114,80.43997962573674,4.814679511344535,80.58394046573984,0,0,0,0,0,18,18,1,1
3,2007,12,1,12,39415.5,32.83798203814919,-173.06407794644196,330,602,996.2626500087589,998.2626500087589,2.0,11.790096473227603,12.006185330363879,141.04739588693906,62500,-0.5906240809058363,-7.546054616144969,95.76497889039817,7.312794255138575,96.04378242081262,0,0,0,0,0,17,17,1,1
3,2007,12,1,15,39415.625,32.853742291742385,-169.97843011828385,317,600,993.7008741426657,995.7008741426657,2.0,13.109546409377211,14.593888380642966,132.3141857100307,55000,-2.5617758660932304,-32.71635280665352,96.073577219385,0.5841534140650293,96.07535310859022,0,0,0,0,0,22,22,1,1
3,2007,12,1,18,39415.75,32.853742291742385,-169.97843011828385,317,600,,,,13.109546409377211,,0.0,0,0.0,,0.0,0.0,0.0,0,3,0,0,0,22,22,0,0
4,2007,11,28,15,39412.625,44.49578847268118,-92.17474411461005,162,367,1012.8473191297488,1014.8473191297488,2.0,13.645581004647154,3.588497910007645,254.66770370415514,203750,0.6016332508568303,5.947345055867949,55.991466941864694,85.72388652240815,102.38959464129466,2,0,0,2,0,10,10,1,1
4,2007,11,28,18,39412.75,47.682500362716496,-89.84472726490809,175,359,1010.310319758556,1018.310319758556,8.0,13.96058055696395,1.8845295992524915,710.4365652753053,1585625,-2.5369993711927963,-23.770950725032495,58.140034585425774,118.11539828327342,131.6491964776497,0,0,0,0,0,7,7,1,1
4,2007,11,28,21,39412.875,48.617271145923894,-87.93760827492018,179,353,1005.6268379409198,1017.6268379409198,12.0,16.221522325593824,5.86065548700004,814.541078776472,2084375,-4.683481817636203,-43.24625476236859,46.72916271147715,34.64725622274109,58.172562359586486,0,0,0,0,0,8,8,1,1
4,2007,11,29,0,39413.0,48.825243309997944,-86.97045934438971,180,350,1002.995682457543,1014.995682457543,12.0,18.223333727412786,11.286714317590304,581.5533114601598,1062500,-2.6311554833767876,-24.218224852946772,23.60022821398928,7.708483176108002,24.82723272192686,0,0,0,0,0,7,7,1,1
4,2007,11,29,3,39413.125,48.74515338020605,-85.38167816705506,180,345,1001.1901352720076,1013.1901352720076,12.0,19.317410231692982,9.402061169201843,567.0035141386943,1010000,-1.805547185535397,-16.639350300335135,38.83068754887187,-2.9685312893925886,38.943991494635156,0,0,0,0,0,6,6,1,1
4,2007,11,29,6,39413.25,48.87068379752584,-83.76551990445877,181,340,1000.0189773902058,1012.0189773902058,12.0,19.687629282595672,5.26183868325068,605.8474127250884,1153125,-1.1711578818017734,-10.772344173761448,39.401012134841096,4.652781848511955,39.67477959837632,0,0,0,0,0,5,5,1,1
4,2007,11,29,9,39413.375,49.43677105105617,-82.052804540912,184,335,998.33918352595,1008.33918352595,10.0,20.16548420252655,4.730247723730499,533.0024140836824,892500,-1.679793864255771,-15.319369251540008,41.2804590823316,20.982010210241302,46.30681434206767,0,0,0,0,0,5,5,1,1
4,2007,11,29,12,39413.5,49.92191118235572,-79.97307318221456,187,329,998.4075250748635,1008.4075250748635,10.0,18.711088851276674,3.942020074108368,696.1514215419095,1522500,0.06834154891344951,0.618797888547947,49.62824555583614,17.981707104061524,52.785457725841745,0,0,0,0,0,6,6,1,1
4,2007,11,29,15,39413.625,50.681710312146315,-78.42874309170503,191,325,998.7153046226917,1008.7153046226917,10.0,17.330757371616908,2.5462277676234955,721.6886802965857,1636250,0.3077795478282496,2.7562752832260147,36.268554652311856,28.161936167221914,45.91843535285598,0,0,0,0,0,6,6,1,1
4,2007,11,29,18,39413.75,51.239975770420926,-75.84089228970693,195,318,997.9345624128619,1007.9345624128619,10.0,16.281101008177362,1.579707272783853,721.9642917942391,1637500,-0.7807422098299139,-6.936797104686064,60.04770270170854,20.69209556034544,63.512907494707264,0,0,0,0,0,6,6,1,1
4,2007,11,29,21,39413.875,52.30382191484405,-73.64960949213273,201,313,998.0290780755556,1008.0290780755556,10.0,14.738325252800845,4.096446528278393,748.6149499992213,1760625,0.0945156626937387,0.8275663396611386,49.661948461485366,39.43143133007533,63.41251376289758,0,0,0,0,0,9,9,1,1
4,2007,11,30,0,39414.0,52.46363260131155,-73.2173558547293,202,312,999.5050529064365,1005.5050529064365,6.0,12.668958864547772,2.950733371135575,594.7452068085437,1111250,1.4759748308808776,12.895689754136804,9.761304621027408,5.923379186256855,11.417945913721608,0,0,0,0,0,10,10,1,1
4,2007,11,30,3,39414.125,54.70587078423805,-69.81164631700645,214,306,999.0657457529998,1005.0657457529998,6.0,10.96971294563725,6.774692239427095,634.8699814766996,1266250,-0.4393071534366754,-3.729013952970608,72.9267260534907,83.10850342338027,110.56821746847007,0,0,0,0,0,9,9,1,2
4,2007,11,30,6,39414.25,54.92689264590577,-69.68332048796024,215,306,998.4917245464686,1005.9453006786877,7.453576132219023,10.784815566100548,7.749792987720067,789.487521043642,1958125,-0.5740212065311789,-4.859287328344527,2.733124175947843,8.192169898328265,8.63606481009877,0,0,0,0,0,8,4,2,0
4,2007,11,30,9,39414.375,54.84444087531094,-69.3353990567437,215,305,998.2817943201546,1005.4316808650628,7.149886544908222,10.648857745149042,7.678837442462683,789.9913421038832,1960625,-0.2099302263140271,-1.7789309408080656,7.425314555990318,-3.056072861002063,8.029624996670456,0,0,0,0,0,12,7,2,0
4,2007,11,30,12,39414.5,51.56827348142884,-57.868295592939795,217,270,994.2230866172232,1004.2230866172232,10.0,17.140832371712964,7.158423001429765,707.77127900314,1573750,-1.2085942478396463,-10.689210592167548,40.146892740578615,23.99295403824527,46.77002074197609,0,0,0,0,2,4,4,1,1
4,2007,11,30,15,39414.625,52.89845932377528,-55.772647648220705,225,268,990.7219245262859,1004.7219245262859,14.0,18.643157439006078,5.1421781780960005,774.7341990226779,1885625,-3.501162090937287,-30.41342102265867,46.8542691854856,49.30330572111436,68.01572241721479,0,0,0,0,0,4,4,1,1
4,2007,11,30,18,39414.75,53.870668232368075,-54.75635955087113,230,268,987.5896492744453,1003.5896492744453,16.0,19.660385876606586,6.8215004082896495,774.8625831811569,1886250,-3.1322752518406194,-26.868092086920274,22.209645378255296,36.03489942472082,42.32944984732972,0,0,0,0,0,2,2,1,1
4,2007,11,30,21,39414.875,54.584437338187854,-54.41950025821625,233,269,985.8426509537934,1003.8426509537934,18.0,21.212833094879983,7.817611073778316,776.6577330576729,1895000,-1.74699832065191,-14.851532140642073,7.23547738627884,26.455834454260984,27.427418939422918,0,0,0,0,0,2,2,1,1
4,2007,12,1,0,39415.0,55.0493522762118,-54.80930224787901,234,271,983.3511203215774,1001.3511203215774,18.0,23.116718428135805,9.332674226131784,706.6460457335211,1568750,-2.491530632216018,-21.060109939046093,-8.27682496606261,17.23206080984402,19.11674007965269,0,0,0,0,0,5,5,1,1
4,2007,12,1,3,39415.125,55.12454240195911,-55.635895576035715,233,273,981.1025987834543,997.1025987834543,16.0,25.360645551640605,14.940725814412433,612.2171926542193,1177500,-2.248521538123023,-18.98863175022747,-17.518344464780515,2.7869201722890624,17.738639091920717,0,0,0,0,0,4,4,1,1
4,2007,12,1,6,39415.25,55.06161865056583,-56.1546597389283,232,274,980.1625894018973,994.1625894018973,14.0,26.684479392235545,17.38781603312382,565.2464491325708,1003750,-0.940009381557029,-7.944409490267031,-11.011746176632085,-2.3322673067920285,11.256021706131447,0,0,0,0,0,5,5,1,2
4,2007,12,1,9,39415.375,54.92994963093417,-55.84580039816267,232,273,979.6685798243067,993.6685798243067,14.0,27.629306454510083,17.373649065971332,617.7167441981957,1198750,-0.4940095775906229,-4.181804668793322,6.577679813642854,-4.880308993101012,8.190438791600076,0,0,0,0,0,6,6,1,2
4,2007,12,1,12,39415.5,54.73476419211235,-56.05346247922021,231,273,980.2625512174142,988.2625512174142,8.0,28.294371715410218,18.396761671815185,300.53357583579674,283750,0.5939713931074948,5.040067029303917,-4.443950409811515,-7.234543517292884,8.490424909771502,0,0,0,2,0,6,6,1,1
4,2007,12,1,15,39415.625,54.602629465584265,-55.747726098372056,231,272,981.9078023173175,987.9078023173175,6.0,27.30465413040237,19.4595345009576,233.47498368984665,171250,1.6452510999033985,13.983405191086497,6.56404972421919,-4.89757040782968,8.18980736535793,0,0,0,0,0,8,8,1,1
4,2007,12,1,18,39415.75,54.27488769453018,-55.651389296456614,230,271,984.0855401452822,990.0855401452822,6.0,25.510233145222713,16.676534005595315,275.6746004375086,238750,2.177737827964593,18.584990992588324,2.0849335437066796,-12.147740730239073,12.325362174426463,0,0,0,0,0,9,9,1,1
4,2007,12,1,21,39415.875,54.00647035531445,-55.05254482707688,230,269,987.1046148730533,993.1046148730533,6.0,23.95074554345736,14.609660076686268,287.33539066554385,259375,3.019074727771076,25.85242031766901,13.044506103382878,-9.948882114740345,16.40546844238815,0,0,0,0,0,9,9,1,1
4,2007,12,2,0,39416.0,54.06330900334279,-54.54676692140385,231,268,990.9643415406575,994.9643415406575,4.0,21.12617540535694,11.41240598524324,227.4320920733615,162500,3.8597266676042636,33.02716382405836,11.002213662348142,2.10672309936265,11.202097468302455,0,0,0,0,0,9,9,1,1
4,2007,12,2,3,39416.125,53.870668232368075,-54.75635955087113,230,268,993.6904673066517,999.6904673066517,6.0,19.21788636994209,9.740446432805403,313.4935044929087,308750,2.72612576599422,23.38421506162887,-4.580409928130107,-7.140225465761698,8.48309936353599,0,0,0,0,0,10,10,1,1
4,2007,12,2,6,39416.25,53.67741927482428,-54.96380418990719,229,268,996.5531483427201,998.5531483427201,2.0,16.881309219498437,7.392010492268018,142.4508871303252,63750,2.8626810360683885,24.616310639350672,-4.55438838230438,-7.162767886073108,8.488091500839827,0,0,0,0,0,10,10,1,1
4,2007,12,2,9,39416.375,53.483568118435386,-55.16912833449068,228,268,999.9241480053839,999.9241480053839,0.0,14.131636583654558,6.477524225249436,14.104739588693906,625,3.3709996626638166,29.059811709673873,-4.5285530384182655,-7.1850883715418625,8.49313178566266,0,0,0,0,0,11,11,1,1
4,2007,12,2,12,39416.5,53.483568118435386,-55.16912833449068,228,268,,,,14.131636583654558,,0.0,0,0.0,,0.0,0.0,0.0,0,3,0,0,0,11,11,0,0
6,2007,11,30,9,39414.375,56.239772617115605,37.062811999377054,449,241,995.9774836435442,995.9774836435442,0.0,11.293599804094038,4.953714089564382,14.104739588693906,625,,,,,,3,0,0,0,0,5,5,1,1
6,2007,11,30,12,39414.5,56.179780345678516,38.449273528899305,452,243,995.7172957298534,995.7172957298534,0.0,11.537868556135336,5.07134344750506,14.104739588693906,625,-0.2601879136908974,-2.169788832794592,28.602152515870912,-2.2236120738960787,28.68845724671017,0,0,3,0,0,3,3,1,1
6,2007,11,30,15,39414.625,56.279292088370276,40.077581812864004,455,246,996.6442348220594,996.6442348220594,0.0,11.516027265488843,4.636586643927003,14.104739588693906,625,0.926939092206012,7.7210641624250105,33.50400555610642,3.6884003096275966,33.706419049606424,0,0,0,0,0,3,3,1,1
6,2007,11,30,18,39414.75,56.36796304438239,42.26066427808143,459,250,996.3353897383043,1000.3353897383043,4.0,12.678180218903822,4.156889780139754,472.66663872675434,701875,-0.30884508375500447,-2.5699153094178966,44.81397269519304,3.286586816423094,44.93432765300259,0,0,0,0,0,1,1,1,1
6,2007,11,30,21,39414.875,56.73271562790179,43.89297295431923,461,254,996.0177966767069,1000.0177966767069,4.0,13.335058882528255,4.679930498610265,279.25959628100287,245000,-0.3175930615974357,-2.6316167472088074,33.187029770804635,13.519545589284709,35.83513719729591,0,0,0,0,0,1,1,1,1
6,2007,12,1,0,39415.0,56.73271562790179,46.10702704568078,465,258,996.2136783943445,1002.2136783943445,6.0,14.154985784499008,4.485601347455741,517.6650803666196,841875,0.19588171763753054,1.6231009771251066,45.013802304536874,0.0,45.013802304536874,0,0,0,0,0,4,4,1,1
6,2007,12,1,3,39415.125,57.186770489151066,48.086489263781075,467,263,995.7513975627139,1001.7513975627139,6.0,14.968321641615637,4.96958791353718,352.0538480585229,389375,-0.4622808316304872,-3.810825078743498,39.75727938035701,16.829532329739283,43.17261194513833,0,0,0,0,0,3,3,1,1
6,2007,12,1,6,39415.25,57.448498740441416,49.81058619436565,469,267,996.2141227776469,1002.2141227776469,6.0,15.286205587178475,5.963427758748367,344.0515788724086,371875,0.4627252149330161,3.803325842408162,34.382894451438894,9.700951234346341,35.72522758093996,0,0,0,0,0,4,4,1,1
6,2007,12,1,9,39415.375,57.82400636713204,51.8768307374368,471,272,997.3528970469773,1003.3528970469773,6.0,14.694356713607961,4.814989685929176,371.3057627526865,433125,1.1387742693303153,9.32125125153564,40.78175135200623,13.91818100144551,43.091379714809094,0,0,0,0,0,5,5,1,1
6,2007,12,1,12,39415.5,58.42733764179393,54.65378608853655,473,279,998.1505704021776,1004.1505704021776,6.0,14.5080999417843,3.8413170708991675,399.68959722325764,501875,0.7976733552002406,6.486611851102493,53.887043774305205,22.362458942799087,58.34289208380281,0,0,0,0,0,8,8,1,1
6,2007,12,1,15,39415.625,59.21554046127828,56.719599094994166,473,285,999.6400058626573,1003.6400058626573,4.0,13.374673146215025,3.9541353586538026,304.4794810016416,291250,1.4894354604797264,12.011554660452314,39.18736105099318,29.214718231198702,48.87892211852908,0,0,0,0,0,9,9,1,1
6,2007,12,1,18,39415.75,59.24126662750948,59.181112386802816,476,290,1001.0911872959019,1003.0911872959019,2.0,13.441864097199401,4.243457702170126,229.60852531905326,165625,1.4511814332446376,11.699926487245017,46.65760130983301,0.9535397223080326,46.66734402116056,0,0,0,0,0,10,10,1,1
6,2007,12,1,21,39415.875,60.36641377396805,62.94525322979278,476,300,1002.848747501421,1002.848747501421,0.0,12.103089045570284,1.409069293634093,14.104739588693906,625,1.757560205519112,14.009043877792587,68.97540218638831,41.703551471598274,80.60268179234652,0,0,0,0,0,10,10,1,1
6,2007,12,2,0,39416.0,60.36641377396805,62.94525322979278,476,300,,,,12.103089045570284,,0.0,0,0.0,,0.0,0.0,0.0,0,3,0,0,0,10,10,0,0
8,2007,11,29,18,39413.75,41.420756862872594,-166.65801647562336,311,564,980.1814549308573,982.1814549308573,2.0,16.45383808661027,9.206214234193903,152.56608544230824,73125,,,,,,3,0,0,0,0,15,15,1,1
8,2007,11,29,21,39413.875,42.082024931111775,-166.19816227079178,310,561,978.7507886101093,982.7507886101093,4.0,18.401344942263577,14.988048371785698,170.4282168957679,91250,-1.4306663207479868,-14.789672589323485,12.650165063151752,24.50988478008158,27.581898557892274,0,0,0,0,0,18,18,1,1
8,2007,11,30,0,39414.0,42.67703312679048,-165.4555281748918,308,558,976.6087904186866,982.6087904186866,6.0,19.418690136015403,18.5046779618899,248.7397920055702,194375,-2.1419981914227537,-21.8925570801123,20.23646524258156,22.05396422380135,29.931452746215335,0,0,0,0,0,18,18,1,1
8,2007,11,30,3,39414.125,43.73421078522246,-164.54463473956972,306,553,976.5242618521171,980.5242618521171,4.0,19.683580330380494,17.92919722816543,133.06384715231013,55625,-0.08452856656949734,-0.8471275247472403,24.39493767580116,39.18426405987034,46.15755121450735,0,0,0,0,0,17,17,1,1
8,2007,11,30,6,39414.25,44.608210799240545,-163.95482053657804,305,549,977.5295854281799,981.5295854281799,4.0,19.409377291220494,18.83084107995783,158.95234259311306,79375,1.0053235760628012,9.918171068550024,15.563687298072745,32.39478914869471,35.939542655695824,0,0,0,0,0,17,17,1,1
8,2007,11,30,9,39414.375,45.70672378594786,-163.25802961470689,304,544,978.341063264418,980.341063264418,2.0,19.075619040262975,14.979827884862026,107.41849642478903,36250,0.8114778362381913,7.854543405893769,18.03542305671593,40.716356991671496,44.53199087743503,0,0,0,0,0,18,18,1,1
8,2007,11,30,12,39414.5,47.0964170952239,-162.72825742231913,304,538,978.2856265081567,980.2856265081567,2.0,19.014398044269583,12.411034084902859,251.12774876576967,198125,-0.055436756261333354,-0.5243371208643337,13.367504379360097,51.50894852779469,53.21524172425805,0,0,0,0,0,17,17,1,2
8,2007,11,30,15,39414.625,54.44372021579911,-167.610500962699,326,512,976.9023046494779,976.9023046494779,0.0,17.038152672085573,4.972996720907031,14.104739588693906,625,-1.4222517891252937,-12.111994825849846,-54.07877921632947,114.630632937334,126.74658326417448,0,0,0,0,2,17,17,1,1
8,2007,11,30,18,39414.75,55.558478255335395,-168.76428481544565,330,508,,,,17.780924434668183,,0.0,0,-1.0582381408038781,,-24.186084240893873,41.31847947755615,47.87675236735303,0,2,2,0,0,12,11,0,0
9,2007,11,30,12,39414.5,28.472912604638314,142.62540344769403,518,567,1007.5307738913555,1011.5307738913555,4.0,8.364819823409556,3.679443252100246,487.9913765644311,748125,,,,,,3,0,0,0,0,18,18,1,1
9,2007,11,30,15,39414.625,29.175758735914858,144.9262455066517,508,571,1007.1065301188651,1011.1065301188651,4.0,8.694154285485576,3.3123339522122848,446.4768372744536,626250,-0.4242437724904448,-6.029344849101407,74.4597730707312,26.050974669902377,78.88543013127762,0,0,0,0,0,18,18,1,1
9,2007,11,30,18,39414.75,30.26506611337203,147.52880770915152,496,574,1006.4094612823003,1010.4094612823003,4.0,9.022719958119193,7.31326351228694,411.4621133397383,531875,-0.697068836564722,-9.582190373130869,83.31434452096607,40.37515130990894,92.58203306396047,0,0,0,0,0,13,13,1,1
9,2007,11,30,21,39414.875,30.59590146528394,148.41475430300574,492,575,1007.05080128199,1013.05080128199,6.0,9.464600886479436,9.98550396636958,588.5243791923468,1088125,0.6413399996896624,8.729881778624279,28.265815477855018,12.262404229090597,30.811083754158457,0,0,0,0,0,12,12,1,1
9,2007,12,1,0,39415.0,30.59590146528394,148.41475430300574,492,575,1007.1939888693813,1013.1939888693813,6.0,9.93775301941522,7.2633630777823415,484.92414707691694,738750,0.14318758739129409,1.9490608892277053,0.0,0.0,0.0,0,0,0,0,0,17,17,1,1
9,2007,12,1,3,39415.125,30.73142200940321,148.60809004179904,491,575,1005.6873025758229,1011.6873025758229,6.0,9.891674235898929,9.51762531097971,483.48611424344057,734375,-1.5066862935584504,-20.42726949205996,6.159679892707247,5.023065654057608,7.9481346834081235,0,0,0,0,0,15,15,1,1
9,2007,12,1,6,39415.25,30.509757806528775,148.72591052697436,491,576,1005.6158607339643,1011.6158607339643,6.0,9.487767838882844,7.814431601651595,511.86797620581103,823125,-0.07144184185861377,-0.9749421508647285,3.7623683954039375,-8.215978259449159,9.036465830316388,0,0,0,0,0,17,17,1,1
9,2007,12,1,9,39415.375,30.554871329881802,149.23033411952156,489,577,1006.5597450616281,1012.5597450616281,6.0,9.416273014350214,6.0376274697873304,506.59386665817544,806250,0.9438843276638363,12.863679284878215,16.100296442262295,1.6721316399724473,16.186895000280963,0,0,0,0,0,17,17,1,1
9,2007,12,1,12,39415.5,30.854784774950375,150.1282023426795,485,578,1006.5162135460591,1012.5162135460591,6.0,9.765942142083352,6.676595135136522,496.4788194007604,774375,-0.04353151556890225,-0.588060808138476,28.569341077661083,11.116284508038923,30.655815612627222,0,0,0,0,0,16,16,1,1
9,2007,12,1,15,39415.625,31.75389608496913,152.04279616715277,476,579,1005.7176332569053,1011.7176332569053,6.0,10.235964766245006,4.420662031223619,517.0882945826411,840000,-0.798580289153906,-10.513060184807022,60.341395687465614,33.325538720942944,68.93239851152984,0,0,0,0,0,21,21,1,1
9,2007,12,1,18,39415.75,32.46264579148384,153.79988515865267,468,580,1003.9049365967927,1009.9049365967927,6.0,11.718640505090498,6.673685607295556,446.0310290381928,625000,-1.8126966601125605,-23.397744269081223,54.949281062635755,26.26979054175173,60.90587315200439,0,0,0,0,0,23,23,1,1
9,2007,12,1,21,39415.875,33.25075916444826,154.7548945168438,463,579,1002.2292494137707,1010.2292494137707,8.0,14.398693792401826,12.718041386050826,446.9222008138874,627500,-1.6756871830219462,-21.173463601259808,29.6019941449651,29.21140289812505,41.58826897858501,0,0,0,0,0,24,24,1,1
9,2007,12,2,0,39416.0,33.78536567883956,155.8319773529816,458,579,1000.5424081753858,1006.5424081753858,6.0,16.201405740219432,15.403107070631886,219.41825422078801,151250,-1.68684123838495,-21.01623600590065,33.18012294464037,19.81517738381456,38.64662745147998,0,0,0,0,0,22,22,1,1
9,2007,12,2,3,39416.125,34.923742032700794,157.72545483912452,449,578,995.8756838496157,1003.8756838496157,8.0,19.461658840040883,33.0498047932933,207.2964896828013,135000,-4.666724325770047,-56.476547621516346,57.542148076958654,42.193891720500005,71.3542101338941,0,0,0,0,0,26,26,1,1
9,2007,12,2,6,39416.25,35.42564563239144,159.63011886752523,441,579,993.4679560110615,1005.4679560110615,12.0,22.905361546200044,41.798238378690655,269.1012803886529,227500,-2.407727838554274,-28.77830393803451,57.52582682401524,18.60304465008047,60.45902763061509,0,0,0,0,0,25,25,1,1
9,2007,12,2,9,39416.375,35.61967016197894,161.64268768716866,433,581,993.4206862852341,1005.4206862852341,12.0,24.542100680949066,24.09316728433958,233.04854500749258,170625,-0.047269725827354704,-0.5623164442695316,60.63794431110439,7.191514444908886,61.062903388947454,0,0,0,0,0,28,28,1,1
9,2007,12,2,12,39416.5,36.05383693147664,163.8337794783726,424,582,992.3279876871352,1012.3279876871352,20.0,26.540113411813373,18.42556482793494,482.6624575733665,731875,-1.0926985980989412,-12.862968440873756,65.65623707057306,16.092380695267348,67.59960194193975,0,0,0,0,0,29,29,1,1
9,2007,12,2,15,39416.625,36.58367716927392,165.75188720902523,416,582,990.1935215509246,1014.1935215509246,24.0,29.100795580887333,27.31305221627794,591.8951076677646,1100625,-2.13446613621054,-24.812266769905758,57.08712681092209,19.638515458401507,60.37061650286648,0,0,0,0,0,25,25,1,1
9,2007,12,2,18,39416.75,36.74640726222237,167.5119142310515,409,583,988.5766198663102,1014.5766198663102,26.0,31.164550572030528,26.243659289021238,587.6786762418839,1085000,-1.6169016846144222,-18.72422467902079,52.271791480290226,6.031586916088128,52.618630020984654,0,0,0,0,0,21,21,1,1
9,2007,12,2,21,39416.875,36.31174675703158,169.12854707414516,403,586,990.139561324624,1016.139561324624,26.0,30.83922775685036,21.11545149558042,576.2265179818321,1043125,1.562941458313726,18.285665446502193,48.28375530963896,-16.110680996658935,50.90063918043855,0,0,0,0,0,22,22,1,1
9,2007,12,3,0,39417.0,35.69784394628493,171.487467903655,394,590,993.4340313315347,1015.4340313315347,22.0,27.226386491928483,11.265899397711983,550.6270667067326,952500,3.294470006910706,39.11626576792093,71.00338965765808,-22.754292669287306,74.56030564420192,0,0,0,0,0,19,19,1,1
9,2007,12,3,3,39417.125,35.14895252051902,173.04114547755367,388,593,995.0912910861115,1013.0912910861115,18.0,24.372188857558086,11.038977504751529,486.153361082143,742500,1.6572597545768075,19.943983866198003,47.086018796201046,-20.344647274622478,51.29325334588363,0,0,0,0,0,17,17,1,1
9,2007,12,3,6,39417.25,34.53080743505382,174.32538913504422,383,596,998.791027718085,1014.791027718085,16.0,20.764587420782743,9.381318778059285,561.892888688358,991875,3.6997366319736464,45.219299328515035,39.21401923918176,-22.911532477998872,45.41671086044556,0,0,0,0,0,22,22,1,1
9,2007,12,3,9,39417.375,33.88098502052043,175.58300097400635,378,599,1001.5352283072164,1013.5352283072164,12.0,17.89841369283804,6.657191765942698,497.0795199464242,776250,2.7442005891312147,34.10478122194484,38.698039485193505,-24.08565190534367,45.581321697631594,0,0,0,0,0,19,19,1,1
9,2007,12,3,12,39417.5,33.21382663088478,177.04922089099367,372,602,1000.929550651882,1012.929550651882,12.0,17.390789608116282,6.72809519234579,552.2505406967425,958125,-0.6056776553342934,-7.660688157494078,45.466741133122675,-24.72820939861247,51.75624493071358,0,0,0,0,0,16,16,1,1
9,2007,12,3,15,39417.625,32.24005847238462,178.25725834656353,367,606,1001.1424148433481,1011.1424148433481,10.0,15.305925617629246,4.465860786400953,560.8297034620743,988125,0.2128641914660693,2.7644901519342646,37.87215192957513,-36.09269298441104,52.31617702626765,0,0,0,0,0,19,19,1,1
9,2007,12,3,18,39417.75,31.49570163624831,-179.88517895227977,359,609,1002.4398419463694,1010.4398419463694,8.0,13.70391584776372,4.215633867997822,472.877040089824,702500,1.2974271030213276,17.20567260726074,-58.70671220042667,-27.58956793051757,64.86649609757235,0,0,0,0,0,17,17,1,1
9,2007,12,3,21,39417.875,30.697524397854984,-178.52538481643248,353,612,1004.6800233731195,1012.4394575738432,7.7594342007237715,12.198384560094517,5.084445419941622,516.70341302981,838750,2.2401814267500595,30.402070353954787,43.338034359316765,-29.58441982416737,52.47307041199235,0,0,0,0,0,17,18,2,0
9,2007,12,4,0,39418.0,29.658467067073918,-174.744919266459,336,615,1003.4644537413685,1011.4644537413685,8.0,10.89120745894962,10.186416890369292,716.4319168430189,1612500,-1.2155696317509865,-17.019446125082638,121.76001806586552,-38.512634558563754,127.70561859229757,0,0,1,0,0,23,23,1,1
9,2007,12,4,3,39418.125,28.977643671271075,-173.46451023068755,330,617,1003.2941573962961,1011.2941573962961,8.0,10.81494403311643,8.764856409504283,758.7773103058179,1808750,-0.17029634507242009,-2.4353454160224444,41.51676203029369,-25.2347025180657,48.584274623125815,0,0,0,0,0,19,19,1,1
9,2007,12,4,6,39418.25,28.29616347170883,-172.4270513594566,325,619,1004.5074703123447,1012.5074703123447,8.0,11.023821207985456,7.322135010216589,675.5566588495816,1433750,1.2133129160485987,17.733248409130876,33.85845371833016,-25.259046933347697,42.2423287731319,0,0,0,0,0,20,20,1,1
9,2007,12,4,9,39418.375,27.50330357292725,-169.66612341405266,312,620,1005.2543472940591,1013.2543472940591,8.0,11.60706943649215,13.09174541689892,602.5547393626459,1140625,0.7468769817144494,11.205106652404313,90.76652646647956,-29.38733276147666,95.40533346529374,0,0,0,0,0,19,19,1,1
9,2007,12,4,12,39418.5,27.51326667349104,-168.5627437810924,307,619,1003.4039345563143,1013.4039345563143,10.0,13.24513120015261,15.140497915901943,727.7280214051688,1663750,-1.850412737744773,-27.75175862672792,36.27135751597281,0.3692820787810674,36.27323731492994,0,0,0,0,0,19,19,1,1
9,2007,12,4,15,39418.625,27.497326136409196,-167.4594585659433,302,618,1003.288979630631,1013.288979630631,10.0,13.185921651174928,11.036890027303379,779.5979341507873,1909375,-0.11495492568326882,-1.7249699733539483,36.27350814977042,-0.5908356171636607,36.27831969948402,0,0,0,1,0,19,19,1,2
9,2007,12,4,18,39418.75,26.018543547017845,-164.4475331807993,287,620,1001.3923276637692,1013.3923276637692,12.0,16.11569764660816,23.344812604321195,670.9765608955346,1414375,-1.896651966861973,-29.955614659645544,100.32055048604438,-54.81104051687386,114.3173784355002,0,0,1,0,0,17,17,1,1
9,2007,12,4,21,39418.875,26.76646872981787,-162.71622987926446,280,615,1000.8247915477855,1014.8247915477855,14.0,18.16684315274071,17.654621355931887,682.8791864299668,1465000,-0.5675361159836757,-8.730900570644,57.29435038997709,27.721828612355687,63.6485849663784,0,0,0,0,0,17,17,1,1
9,2007,12,5,0,39419.0,27.365902713160658,-161.42847031656183,275,611,995.9997647107105,1013.9997647107105,18.0,21.602703694741678,24.93662452522425,807.9196806339328,2050625,-4.825026837074984,-72.72318823656828,42.38899386950925,22.21800593535221,47.85881934411503,0,0,0,0,0,21,21,1,1
9,2007,12,5,3,39419.125,28.10467509137198,-160.52969799053307,272,607,995.3144717652409,1013.3144717652409,18.0,22.82861651202178,31.108657046435905,768.0286503994087,1853125,-0.685292945469555,-10.078563982757563,29.384922344320373,27.382580134078143,40.165648955057975,0,0,0,0,0,20,20,1,1
9,2007,12,5,6,39419.25,28.26405818706267,-160.25052364431025,271,606,998.5454293163102,1014.5454293163102,16.0,21.129840967398582,26.27276068933395,768.9347264796871,1857500,3.2309575510692956,47.27146506589651,9.113892464302232,5.907530544569506,10.86102909423811,0,0,0,0,0,18,18,1,2
9,2007,12,5,9,39419.375,28.174815092491066,-160.044892716552,270,606,998.422577698541,1008.422577698541,10.0,21.683599749305223,22.934024886972985,441.9985210894959,613750,-0.12285161776919268,-1.802640980376176,6.718616883350385,-3.3077931181409204,7.488745431489928,0,0,0,0,0,18,18,1,2
9,2007,12,5,12,39419.5,27.358937559475347,-160.7456203352609,272,610,997.4356061296214,1009.4356061296214,12.0,22.009288712369013,20.015811852129627,478.5229089327537,719375,-0.9869715689195436,-14.879208689581292,-23.067272305390667,-30.240480811542024,38.03400756328847,0,0,1,0,0,17,17,1,1
9,2007,12,5,15,39419.625,26.02051077375305,-160.89495565485345,271,615,996.3425063459661,1010.3425063459661,14.0,21.90867186618172,15.14637320343718,555.3041529113096,968750,-1.0930997836553433,-17.263142346825443,-4.974054680597686,-49.6087560858346,49.85749592939268,0,0,0,0,0,19,19,1,1
9,2007,12,5,18,39419.75,25.25276900615465,-160.4378491109399,268,617,998.4909368338365,1012.4909368338365,14.0,19.938103198175952,11.892835609178437,624.6027171362676,1225625,2.148430487870355,34.89059693525609,15.323503831903308,-28.456329843355935,32.319846500876594,0,0,0,0,0,21,21,1,1
9,2007,12,5,21,39419.875,25.044745212727538,-159.38278057825835,263,616,1000.0670865342239,1014.0670865342239,14.0,18.294285349536676,8.311092519321974,724.1654075470569,1647500,1.5761497003874683,25.79545701786184,35.42914605771754,-7.710396816816872,36.25844190601496,0,0,0,0,0,18,18,1,1
9,2007,12,6,0,39420.0,25.50520933782359,-158.56974788947525,260,613,998.319497798751,1010.319497798751,12.0,17.824046918829186,4.736191165355703,602.5547393626459,1140625,-1.7475887354729638,-28.118537632474943,27.198218724255206,17.06709153750229,32.109635864050354,0,0,0,0,0,21,21,1,1
9,2007,12,6,3,39420.125,25.803326515766564,-158.02205494917325,258,611,998.3053944860363,1010.3053944860363,12.0,17.953151717803816,6.729346429590441,596.582133062373,1118125,-0.014103312714578351,-0.2244758781425934,18.276147847625257,11.049705910950491,21.35681579418504,0,0,0,0,0,17,17,1,1
9,2007,12,6,6,39420.25,26.541987066484886,-157.78240573048168,258,608,999.8137048280765,1011.8137048280765,12.0,18.306584793020228,7.5854460711678975,605.8474127250884,1153125,1.508310342040204,23.38547263141951,7.946429471346473,27.37843525078438,28.508322611554625,0,0,0,0,0,15,15,1,1
9,2007,12,6,9,39420.375,26.641813240176955,-157.98028413167083,259,608,1000.2116757428578,1012.2116757428578,12.0,18.15501435291087,5.802396631952433,625.398491082552,1228750,0.3979709147811809,6.148868521892747,-6.555648357916151,3.700054686965516,7.5277440232239705,0,0,0,0,0,16,16,1,1
9,2007,12,6,12,39420.5,26.592383693434737,-158.45640986512387,261,609,999.537823239813,1009.537823239813,10.0,17.88551734237258,5.872866396632308,501.0657868259067,788750,-0.6738525030447636,-10.42932881128445,-15.78070733213821,-1.832104941358184,15.886703006563375,0,0,0,0,0,22,22,1,1
9,2007,12,6,15,39420.625,26.19473855182392,-158.80998526361984,262,611,998.99322461643,1008.99322461643,10.0,16.98786372174298,5.204478111146673,550.4463851377315,951875,-0.5445986233830626,-8.547551993310101,-11.75933500715869,-14.738707450660016,18.85501145920439,0,0,0,0,0,20,20,1,1
9,2007,12,6,18,39420.75,26.04215239784952,-159.0842328115709,263,612,1000.688021510244,1010.688021510244,10.0,15.686741262388868,5.663933431629484,603.2147118927437,1143125,1.6947968938140547,26.744952793420907,-9.132939851340119,-5.655602066052983,10.74227280689423,0,0,0,0,0,19,19,1,1
9,2007,12,6,21,39420.875,25.793508404607614,-159.15964148753753,263,613,1001.1161074971975,1011.1161074971975,10.0,15.137194252546486,5.422364633403922,631.8860367833685,1254375,0.42808598695351974,6.816061672036142,-2.5165474067078075,-9.215983529714457,9.553395379140126,0,0,0,0,0,18,18,1,1
9,2007,12,7,0,39421.0,25.981172363256313,-159.55549736405686,265,613,999.5555951851863,1007.5555951851863,8.0,14.7245304539844,5.069632409709957,465.8836267154838,681875,-1.560512312011124,-24.67962631945185,-13.189563144583738,6.955760038589768,14.911310259645328,0,0,0,0,0,14,14,1,1
9,2007,12,7,3,39421.125,25.91530934928674,-160.02593209287173,267,614,999.4163969769959,1007.4163969769959,8.0,14.546669193555989,5.185701754928305,486.76680405308986,744375,-0.13919820819050074,-2.2066373059628837,-15.683231639236173,-2.441211002312099,15.87209078249454,0,0,0,0,0,12,12,1,1
9,2007,12,7,6,39421.25,25.414153875438267,-160.1694903680747,267,616,1000.9435391798394,1008.9435391798394,8.0,14.006205218535449,5.344315057637286,460.514887566027,666250,1.5271422028435335,24.653728504415508,-4.806068411170495,-18.575315384033246,19.186991301117356,0,0,0,0,0,19,19,1,1
9,2007,12,7,9,39421.375,25.16287579601792,-160.2405292647868,267,617,1001.1660284839091,1011.1660284839091,10.0,13.735656631713898,4.967569071319812,630.6254150055114,1249375,0.2224893040697498,3.625298094521506,-2.383185244629383,-9.313615869510313,9.613688806853151,0,0,0,0,0,21,21,1,1
9,2007,12,7,12,39421.5,24.820505370952485,-160.11483488614456,266,618,999.8662930595553,1009.8662930595553,10.0,13.674987672865806,5.799729425748665,619.4855579675225,1205625,-1.2997354243538575,-21.451467147097983,4.228507550110953,-12.689951433472523,13.375916547483268,0,0,0,0,0,19,19,1,1
9,2007,12,7,15,39421.625,24.820505370952485,-160.11483488614456,266,618,999.4170846324257,1009.4170846324257,10.0,13.09016677956958,4.474020788590569,653.4012051136799,1341250,-0.4492084271296335,-7.413954898983662,0.0,0.0,0.0,0,0,0,0,0,16,16,1,1
9,2007,12,7,18,39421.75,24.887735468520503,-159.6515030419526,264,617,1000.9602999759977,1010.9602999759977,10.0,12.652920395116638,3.7476597266738825,707.3495262917379,1571875,1.543215343572083,25.405540665777824,15.578554570623062,2.4918819224607844,15.776591457769563,0,0,0,0,0,17,17,1,1
9,2007,12,7,21,39421.875,25.23126689368208,-159.77514056883192,265,616,1002.0408956187281,1010.0408956187281,8.0,12.121624574661324,3.6270179613085194,501.6609948601341,790625,1.0805956427303318,17.56289090720698,-4.145414730533129,12.732983873647264,13.39079316600336,0,0,0,0,0,16,16,1,1
9,2007,12,8,0,39422.0,25.481704699490002,-159.70243022777132,265,615,999.901620926483,1007.901620926483,8.0,12.049771529109728,3.724873885314009,523.3979803141439,860625,-2.1392746922450896,-34.450353421228435,2.4328439943113054,9.282471148612272,9.595988772683919,0,0,0,0,0,23,23,1,1
9,2007,12,8,3,39422.125,25.54439373971317,-159.23453230909905,263,614,1000.5053179413547,1008.5053179413547,8.0,11.63863194190743,4.143711600293391,556.0202127225293,971250,0.6036970148717228,9.699526081916696,15.647400324812073,2.3235677430108317,15.818979233227706,0,0,0,0,0,20,20,1,1
9,2007,12,8,6,39422.25,26.04215239784952,-159.0842328115709,263,612,1001.9841931535613,1009.9841931535613,8.0,12.092071077923562,3.721629884811264,546.820216647024,939375,1.478875212206476,23.33757388993778,5.005246017990104,18.449412492721716,19.116310026446055,0,0,0,0,0,22,22,1,1
9,2007,12,8,9,39422.375,26.592383693434737,-158.45640986512387,261,609,1002.75064119923,1010.75064119923,8.0,12.400865970846919,3.658145509016904,561.5387172767499,990625,0.7664480456688034,11.862445637476997,20.808549629453314,20.394309516713,29.136293490162952,0,0,0,0,0,22,22,1,1
9,2007,12,8,12,39422.5,27.23165017976987,-158.01847863203903,260,606,1001.7212640933326,1009.7212640933326,8.0,13.340529476146044,4.517679890251893,491.84907593659347,760000,-1.029377105897438,-15.585451417912147,14.432818790982623,23.69439668478666,27.744020842505332,0,0,0,0,0,22,22,1,1
9,2007,12,8,15,39422.625,28.207896710323404,-157.69120225856926,260,602,1001.1109938865967,1011.1109938865967,10.0,14.170984480523067,5.19025110042865,646.9756566762653,1315000,-0.6102702067358768,-8.945048589474203,10.68985000895262,36.18455378396846,37.73055559833185,0,0,0,0,0,22,22,1,1
9,2007,12,8,18,39422.75,29.417846191065554,-157.2688812509805,260,597,1001.9120263340258,1011.9120263340258,10.0,15.16741021461244,8.824092948720718,564.365865252901,1000625,0.8010324474290246,11.29885389590807,13.634985109162422,44.84674791824832,46.87369857148027,0,0,0,0,0,22,22,1,1
9,2007,12,8,21,39422.875,30.71806701065821,-157.03976808844212,261,592,1002.1878926902489,1008.1878926902489,6.0,15.730352949631802,8.467837898229336,255.05799926450496,204375,0.27586635622312317,3.7415929728198654,7.300560157563925,48.19265288544454,48.74248630046641,0,0,0,0,0,25,25,1,1
9,2007,12,9,0,39423.0,32.245277382240396,-156.70988275987125,262,586,1000.2473220254674,1012.2473220254674,12.0,16.262880868601698,13.642889276832648,647.2830815720542,1316250,-1.9405706647814076,-25.198760867929177,10.341409839736032,56.60601507963014,57.54290313034878,0,0,3,0,0,26,26,1,1
9,2007,12,9,3,39423.125,34.09491595129056,-156.48711873023078,264,579,999.4512280607746,1011.4512280607746,12.0,17.450797166178663,18.932066472651933,572.4161415355436,1029375,-0.7960939646928454,-9.839172447751752,6.837491000841257,68.55680833482641,68.89693209602812,0,0,0,0,0,25,25,1,1
9,2007,12,9,6,39423.25,36.15864879030223,-156.15071878493302,266,571,1000.3651253711245,1012.3651253711245,12.0,17.171680305717384,13.611659786807431,541.7028025824511,921875,0.9138973103498574,10.731217298369279,10.067017428709205,76.49220721595658,77.15181530384606,0,0,0,0,0,25,25,1,1
9,2007,12,9,9,39423.375,38.07422026456042,-156.12855986060708,269,564,998.3754628655702,1012.3754628655702,14.0,18.343802920080527,16.90114202816265,533.5619968247624,894375,-1.9896625055542971,-22.353161031428062,0.6465534190659252,71.00060985418267,71.00355365043053,0,0,0,0,0,22,22,1,1
9,2007,12,9,12,39423.5,39.645606922247815,-155.97059236919603,271,558,994.4523375472855,1008.4523375472855,14.0,20.791754307242186,22.32270394246203,392.15234764380017,483125,-3.923125318284583,-42.59973143554004,4.508429423923905,58.243408043929605,58.41763874415147,0,0,0,0,0,21,21,1,1
9,2007,12,9,15,39423.625,41.32917915007607,-155.4434357350343,272,551,992.4829524529584,1006.4829524529584,14.0,21.60352824185386,20.582683824954366,397.69363170356525,496875,-1.9693850943271536,-20.661155398136213,14.67239383362116,62.401563458059826,64.10330929693998,0,0,0,0,0,17,17,1,1
9,2007,12,9,18,39423.75,43.113423328202444,-154.50636215279775,272,543,991.0759594612339,1003.0759594612339,12.0,23.63519883684537,15.265314494231353,331.38634663094945,345000,-1.4069929917245463,-14.262941395669552,25.354748533055876,66.1329668342476,70.82677866085815,0,0,0,0,0,18,18,1,1
9,2007,12,9,21,39423.875,44.97912159243156,-153.76234971376638,273,535,989.7594383993909,1001.7594383993909,12.0,24.87563182127303,12.677125139665222,354.86807227681413,395625,-1.316521061842941,-12.903922355198885,19.50678018111817,69.15206054394561,71.85069206700784,0,0,0,0,0,17,17,1,1
9,2007,12,10,0,39424.0,47.57806700638772,-152.8114401652781,275,524,986.3584245789118,998.3584245789118,12.0,26.910400639871256,6.257289411222155,349.7861668246681,384375,-3.4010138204791294,-31.919541504054624,23.775896620118534,96.32984821935571,99.22062748266951,0,0,0,0,0,18,18,1,1
9,2007,12,10,3,39424.125,49.939668261680026,-152.63008021881913,279,515,984.5988051590925,996.5988051590925,12.0,27.796035116042194,3.7442829780406464,356.26684818515815,398750,-1.7596194198192097,-15.92830396488091,4.326302694042562,87.53269278197544,87.6395413079289,0,0,0,0,0,18,18,1,1
9,2007,12,10,6,39424.25,52.28801592705213,-153.20235559650536,285,507,982.360593300361,994.360593300361,12.0,28.16885551224002,5.10388380301898,347.7898169151024,380000,-2.2382118587316655,-19.601659367339586,-12.974804383977721,87.04144879565737,88.00317810880202,0,0,0,0,0,16,16,1,1
9,2007,12,10,9,39424.375,53.661107755661135,-152.5510728365445,286,501,980.0440277748638,996.0440277748638,16.0,29.738182204561575,5.7265791376265405,465.02879365272946,679375,-2.3165655254971353,-19.9244121067922,14.304220339850241,50.89361505280699,52.8655915759418,0,0,0,0,0,14,14,1,1
9,2007,12,10,12,39424.5,54.925364239729504,-152.35402463626133,288,496,977.1972279832443,995.1972279832443,18.0,31.545082096772113,7.839994066592043,470.768794904106,696250,-2.84679979161956,-24.09959265706339,4.196953670092523,46.85963566863002,47.04720900442072,0,0,0,0,0,12,12,1,1
9,2007,12,10,15,39424.625,56.28087370955704,-151.62075691389208,289,490,975.3811091574637,993.3811091574637,18.0,32.840831311655776,8.633906131635376,462.2396684630923,671250,-1.816118825780577,-15.127327950333617,15.087343082480102,50.24192535449257,52.458354764659404,0,0,0,0,0,11,11,1,1
9,2007,12,10,18,39424.75,57.232155979218184,-152.10272896905238,292,487,973.9453245610077,991.9453245610077,18.0,33.794418987362405,14.246349315037444,448.25563649943973,631250,-1.4357845964559237,-11.829892432663122,-9.668779325753663,35.25925406441366,36.56091206232406,0,0,0,0,0,11,11,1,1
9,2007,12,10,21,39424.875,57.96106855474074,-151.89169574467448,293,484,973.6811009852233,991.6811009852233,18.0,34.18984476262802,15.940214812288978,447.14471623758845,628125,-0.26422357578441735,-2.159515055863803,4.149501999985487,27.01712678850878,27.333925930137482,0,0,0,0,0,14,14,1,1
9,2007,12,11,0,39425.0,58.699925896437996,-152.59925117712763,296,482,976.1518310440073,990.1518310440073,14.0,29.638141461398178,21.913899147632982,408.7941905733129,525000,2.4707300587839565,20.03342095795128,-13.624627128110937,27.385729303606762,30.58772031176045,0,0,0,0,0,11,11,1,1
9,2007,12,11,3,39425.125,58.38545806548491,-152.4234109535531,295,483,979.4292963247208,989.4292963247208,10.0,26.256144125574085,12.37898584150913,348.07571077095474,380625,3.2774652807135136,26.664053254439395,3.416493084828392,-11.655742464967359,12.146141667555321,0,0,0,0,0,10,10,1,1
9,2007,12,11,6,39425.25,58.372067023513765,-151.50436138175502,293,482,981.9239928893631,989.9239928893631,8.0,23.760247055179452,12.583226046852653,247.53717516845768,192500,2.4946965646423633,20.29870321304881,17.863347903819967,-0.49633864322521837,17.870242034781395,0,0,0,0,0,17,17,1,1
9,2007,12,11,9,39425.375,58.235098416664414,-150.22973289190853,290,481,984.0735778855772,992.0735778855772,8.0,21.93763888059968,11.45354155016481,256.22531886097215,206250,2.149584996213962,17.516458543376405,24.87056642028273,-5.076738063740277,25.383426550281275,0,0,0,0,0,14,14,1,1
9,2007,12,11,12,39425.5,57.96106855474074,-148.61854166144104,286,480,987.3735229543796,993.3735229543796,6.0,19.873889849265765,10.757332273164138,236.0174359706574,175000,3.2999450688024807,26.970648014456042,31.67977779946045,-10.156910131673905,33.26817014574272,0,0,0,0,0,15,15,1,1
9,2007,12,11,15,39425.625,58.052180000021906,-146.59217541029108,282,477,989.6477523685977,997.6477523685977,8.0,18.654857756972397,8.044968522256386,410.49396584912694,529375,2.2742294142181345,18.56895701936694,39.741245121664846,3.3770434915062846,39.884470493711895,0,0,0,0,0,12,12,1,1
9,2007,12,11,18,39425.75,58.10197445954576,-144.55710422167067,278,474,992.0365683388129,998.0365683388129,6.0,17.479276347365158,6.939765280589999,372.9096828007334,436875,2.388815970215219,19.493992295159256,39.85631462878627,1.8456304246867454,39.89902464288234,0,0,0,0,0,16,16,1,1
9,2007,12,11,21,39425.875,58.110280245682,-142.5184268794422,274,471,994.9972445168466,1000.9972445168466,6.0,16.180136101052224,6.925458176773028,478.93847384731384,720625,2.9606761780337547,24.158492340663784,39.91763467451091,0.3078537600481819,39.91882177551451,0,0,0,0,0,16,16,1,1
9,2007,12,12,0,39426.0,58.077068612283696,-140.48129659469734,270,468,998.2026599162302,1000.2026599162302,2.0,13.410061165348033,5.829896500525429,262.74218649868465,216875,3.2054153993834915,26.164953682553982,39.924499697328976,-1.2309883798234071,39.94347266416982,0,0,0,0,0,17,17,1,1
9,2007,12,12,3,39426.125,58.15682819205689,-138.75645254780406,267,465,1001.0018334131933,1001.0018334131933,0.0,11.305619643156259,5.374718674410251,14.104739588693906,625,2.7991734969630486,22.829132401482493,33.72898230397289,2.9562868740270822,33.85829114623568,0,0,0,0,0,17,17,1,1
9,2007,12,12,6,39426.25,58.206768148029006,-137.02476508156104,264,462,1003.57085456502,1003.57085456502,0.0,9.172261316104267,8.525970653866025,14.104739588693906,625,2.569021151826746,20.940758057419565,33.815259370684274,1.8510232469840235,33.86588332477873,0,0,0,0,0,20,20,1,1
9,2007,12,12,9,39426.375,58.206768148029006,-137.02476508156104,264,462,,,,9.172261316104267,,0.0,0,0.0,,0.0,0.0,0.0,0,3,0,0,0,20,20,0,0
19,2007,12,1,3,39415.125,65.00141245994234,65.1706534118504,460,313,1005.2073073888954,1005.2073073888954,0.0,8.639892303490686,3.648931719577522,14.104739588693906,625,,,,,,3,0,0,0,0,7,7,1,1
19,2007,12,1,6,39415.25,66.0269697315739,65.24368814541408,456,315,1003.8072482385197,1005.8072482385197,2.0,10.19408929865488,3.764284397500305,218.50968611841583,150000,-1.400059150375746,-10.615632646265892,1.0998842951740666,38.01225519628833,38.02816443861733,0,0,0,0,0,8,8,1,1
19,2007,12,1,9,39415.375,68.1823208793911,64.62568271477934,447,318,1002.8617932548045,1004.8617932548045,2.0,11.821398342163008,3.251321361970113,255.05799926450496,204375,-0.9454549837151717,-7.0556953034297205,-8.513210439411193,79.88803759159974,80.34035911185954,0,0,0,0,0,8,8,1,1
19,2007,12,1,12,39415.5,69.00308832245679,63.57234851040731,443,318,999.9486030907235,1003.9486030907235,4.0,14.601929991184793,3.914952267336048,292.8220032558322,269375,-2.9131901640810245,-21.61865797971888,-13.989195788051994,30.421725207977,33.484010563642386,0,0,0,0,0,9,9,1,1
19,2007,12,1,15,39415.625,69.90906107997692,61.568829179599064,438,317,997.7260590907416,1003.7260590907416,6.0,16.68219021873052,4.85842540320009,340.8564337915358,365000,-2.2225439999818626,-16.39595342659054,-25.50812936431244,33.57985810480663,42.169556957661364,0,0,0,0,0,10,10,1,1
19,2007,12,1,18,39415.75,69.88612848571074,60.13583550374805,437,315,995.1648567422526,1003.1648567422526,8.0,18.336907890102953,5.3902992109316985,367.8066090054814,425000,-2.561202348489023,-18.897041614433338,-18.2647538299146,-0.8499960457326918,18.284521479796545,0,0,0,0,0,11,11,1,1
19,2007,12,1,21,39415.875,69.65564197310523,59.03624346792648,437,313,992.8092439858905,1002.8092439858905,10.0,19.8334626646587,6.465861393737506,403.40541557032054,511250,-2.3556127563620977,-17.405945793530144,-14.169229599998689,-8.542976953909802,16.54537768358622,0,0,0,0,0,11,11,1,1
19,2007,12,2,0,39416.0,69.53757042268504,58.49573328079582,437,312,990.9207638434553,1006.9207638434553,16.0,21.13455268758371,6.843486094373074,741.4050072016196,1726875,-1.8884801424351463,-13.964939141099272,-7.003724359121415,-4.376319129260742,8.258590922166093,0,0,0,0,0,10,10,1,1
19,2007,12,2,3,39416.125,69.34304302444086,58.822054635731696,438,312,990.0416909720265,1008.0416909720265,18.0,21.60604509508483,8.659732223290995,813.3189609407186,2078125,-0.8790728714289435,-6.508854222475783,4.2668050986736565,-7.210153259372563,8.378062769740287,0,0,0,0,0,12,12,1,1
19,2007,12,2,6,39416.25,69.34304302444086,58.822054635731696,438,312,989.133745108484,1007.133745108484,18.0,21.98393295981579,9.207266408244468,771.3887110172301,1869375,-0.9079458635424089,-6.722636381772494,0.0,0.0,0.0,0,0,0,0,0,13,13,1,1
19,2007,12,2,9,39416.375,69.460047903345,59.35933654424464,438,313,989.0448307598339,1007.0448307598339,18.0,21.806997549704384,9.870484400088536,776.7857993019364,1895625,-0.08891434865014163,-0.657836836499353,6.987131797322547,4.336782975600006,8.223606102593305,0,0,0,0,0,14,14,1,1
19,2007,12,2,12,39416.5,69.26374027031461,59.67639313745001,439,313,989.0097049973629,1005.0097049973629,16.0,21.292886914389708,9.23363944540215,714.3462299812252,1603125,-0.03512576247099787,-0.2602151182908951,4.160880006116465,-7.276137618193409,8.38183160557339,0,0,0,0,0,14,14,1,1
19,2007,12,2,15,39416.625,69.37782935905548,60.216326712022976,439,314,989.095445588082,1005.095445588082,16.0,20.359660587827175,7.419018060359594,768.6759565829163,1856250,0.08574059071921511,0.6346975491510909,7.048500254499542,4.228709284494959,8.219692089759445,0,0,0,0,0,11,11,1,1
19,2007,12,2,18,39416.75,70.10886852359383,61.26020470831197,437,317,988.920418790899,1002.920418790899,14.0,19.257150917435755,3.6892591011809417,745.9527262401011,1748125,-0.17502679718309083,-1.2895550420205188,13.163939136636289,27.09594875838015,30.1244042714512,0,0,0,0,0,8,8,1,1
19,2007,12,2,21,39416.875,70.41745793775718,61.52089218900351,436,318,988.4998377534795,1000.4998377534795,12.0,18.341430220436635,2.8240689763646514,702.127079827538,1548750,-0.4205810374194698,-3.0927571487866987,3.238482742163954,11.437859090393944,11.887488845126256,0,0,0,0,0,7,7,1,1
19,2007,12,3,0,39417.0,70.21725630846828,61.83166875824151,437,318,988.4085546869917,998.4085546869917,10.0,17.518090286807787,3.2007975693157635,676.4395474757513,1437500,-0.0912830664878129,-0.6720927009736484,3.8986284446402553,-7.420468494299921,8.382282292088226,0,0,0,0,0,6,6,1,2
19,2007,12,3,3,39417.125,70.10886852359383,65.60969293753207,440,323,988.9018455283924,996.9018455283924,8.0,17.155681262514737,5.5329890915469875,662.322287030292,1378125,0.49329084140073975,3.634447421473605,47.636142977807474,-4.017390596094025,47.80524599877822,0,0,0,0,0,6,6,1,1
19,2007,12,3,6,39417.25,69.99336216392868,66.46288592471981,441,324,989.4920246611545,991.4920246611545,2.0,16.44171285937092,5.642547962360623,261.60394784772456,215000,0.5901791327619867,4.351479763680539,10.819254786577412,-4.281240396648219,11.635518616321786,0,0,0,0,0,10,10,1,1
19,2007,12,3,9,39417.375,70.04461939408145,68.4985656759521,442,327,991.4444247242244,991.4444247242244,0.0,15.542999005208353,5.351335330748116,14.104739588693906,625,1.9524000630699447,14.390658470095826,25.749827706406702,1.8998479822800385,25.819818923946848,0,0,0,3,0,10,10,1,1
19,2007,12,3,12,39417.5,70.04461939408145,68.4985656759521,442,327,,,,15.542999005208353,,0.0,0,0.0,,0.0,0.0,0.0,0,3,0,0,0,10,10,0,0
22,2007,12,1,9,39415.375,42.99049317215454,47.18731725013636,509,221,1006.1308003363655,1006.1308003363655,0.0,9.002824425500725,14.978821465622314,14.104739588693906,625,,,,,,3,0,0,0,0,2,2,1,1
22,2007,12,1,12,39415.5,42.44743353082792,47.754374230607326,512,221,1004.4197915540524,1004.4197915540524,0.0,9.82635529211465,18.236344883902202,14.104739588693906,625,-1.711008782313147,-17.56405306789247,15.50905260798992,-20.12849232697799,25.410370248278767,0,0,0,0,0,1,1,1,1
22,2007,12,1,15,39415.625,41.31862065188584,49.236394799058836,519,222,1003.2150793350539,1005.2150793350539,2.0,12.123387977135614,19.67444301949079,173.8949084575512,95000,-1.2047122189984656,-12.64149085496802,41.25544629091275,-41.83942175646585,58.758395668855826,0,0,0,0,0,2,2,1,1
22,2007,12,1,18,39415.75,41.89832157236075,48.30933627606332,515,221,1001.7233759106047,1003.7233759106047,2.0,12.729627613335898,19.11335155208486,164.48811606198853,85000,-1.4917034244492242,-15.47567849790138,-25.576135666117484,21.486600442663544,33.403782932391294,0,0,0,0,0,2,2,1,1
22,2007,12,1,21,39415.875,42.304354168029846,50.105653367507486,518,227,1000.9007094523288,1004.9007094523288,4.0,14.093096635128056,3.694442044591342,259.3124822609313,211250,-0.8226664582759259,-8.468080967717697,49.240651379145916,15.04958823024175,51.48914307057766,0,0,0,0,0,3,3,1,1
22,2007,12,2,0,39416.0,42.77414636787144,50.74998521071068,518,230,1000.5142768358652,1004.5142768358652,4.0,14.34359358561932,4.893805896696067,258.54414729132054,210000,-0.3864326164635713,-3.942340853114489,17.530319810737534,17.412836399857238,24.708682363795322,0,0,0,0,0,4,4,1,1
22,2007,12,2,3,39416.125,43.23659736320429,51.406378600773834,518,233,1001.288144236847,1005.288144236847,4.0,14.643685410807777,6.458989461551829,265.379091712523,221250,0.773867400981835,7.826878948185834,17.724540078907747,17.140734834246395,24.656928269084023,0,0,0,0,0,4,4,1,1
22,2007,12,2,6,39416.25,43.54075355794653,51.85075666177993,518,235,1002.9808211713254,1006.9808211713254,4.0,14.30921172905557,7.317950687943885,264.25221149797227,219375,1.6926769344783679,17.02382724143714,11.939459527562459,11.27354192095035,16.42082340364596,0,0,0,0,0,5,5,1,1
22,2007,12,2,9,39416.375,43.64774832340885,52.474833595351704,519,237,1003.4509196146686,1011.4509196146686,8.0,13.182093509330782,6.069699248211691,618.3605346222206,1201250,0.4700984433431586,4.718675672258225,16.73776733869334,3.965758365644929,17.201165509898228,0,0,2,0,0,6,6,1,2
22,2007,12,2,12,39416.5,43.69888028212737,53.50085135256544,521,240,1004.4235062553142,1012.4235062553142,8.0,11.899457638058236,5.586086978028325,674.8200359515754,1430625,0.9725866406457498,9.75334673679098,27.49428928166657,1.8952047996330275,27.559530916481823,0,0,0,0,0,6,6,1,2
22,2007,12,2,15,39416.625,43.59179584727988,54.2969191469702,523,242,1006.0876952833487,1014.0876952833487,8.0,10.901624563990467,5.196919836600719,706.2236210395592,1566875,1.6641890280344525,16.721645947576757,21.37041560471058,-3.9690819592134363,21.73587529217563,0,0,0,0,0,5,5,1,2
22,2007,12,2,18,39416.75,44.016374940892106,54.99622199747894,523,245,1007.5173732947653,1013.5173732947653,6.0,10.113356294246307,3.288447940548285,650.9608559523156,1331250,1.4296780114165448,14.254733095736151,18.639828382865044,15.73701372300815,24.394606023889956,0,0,0,0,0,4,4,1,2
22,2007,12,2,21,39416.875,44.028619693715825,56.031219970133996,525,248,1008.3892015186789,1016.3892015186789,8.0,9.444164054628368,2.1692130055141026,895.1788304398697,2517500,0.8718282239136169,8.690719659321706,27.58194319562902,0.4538514640046517,27.58567692840408,0,0,0,0,0,4,4,1,1
22,2007,12,3,0,39417.0,43.48125800964693,57.13682445529228,529,250,1008.7380847282728,1012.7380847282728,4.0,8.894564737544426,2.2585375458593626,652.4871437590323,1337500,0.3488832095939142,3.512677145227422,29.734270895147084,-20.28794743602758,35.99621753508289,0,0,0,0,0,3,3,1,1
22,2007,12,3,3,39417.125,45.47403887331473,58.731751492110995,525,259,1009.8073089536531,1011.8073089536531,2.0,9.412969322741413,1.7911231814169881,498.8772817637132,781875,1.0692242253803124,10.390604622081804,41.45332460235106,73.86237398474056,84.69963642926434,0,0,0,0,0,5,5,1,1
22,2007,12,3,6,39417.25,44.218733708680205,59.629448633810554,531,259,1010.8963360341733,1010.8963360341733,0.0,8.837877546465197,1.281049651424837,14.104739588693906,625,1.0890270805201725,10.818764939814425,23.84615008337032,-46.52785523269062,52.282694903312304,0,0,0,0,0,7,7,1,1
22,2007,12,3,9,39417.375,43.185848976961616,60.9728101474017,537,261,1010.2465542633684,1012.2465542633684,2.0,8.190097720287625,0.7736419323606242,507.57468822825047,809375,-0.6497817708049842,-6.578078546822497,36.30458698059955,-38.283847325244516,52.76055346425538,0,0,0,0,0,5,5,1,1
22,2007,12,3,12,39417.5,43.185848976961616,60.9728101474017,537,261,,,,8.190097720287625,,0.0,0,0.0,,0.0,0.0,0.0,0,3,0,0,0,5,5,0,0
33,2007,12,2,0,39416.0,35.900142552117124,-159.45839060261375,278,577,976.9861920940209,986.9861920940209,10.0,24.505427664599466,16.014466571763624,294.5156090686586,272500,-10.552596415685548,-124.68234638314478,81.62118587067198,43.24205006281334,92.36824604034462,2,0,0,2,0,21,21,1,1
33,2007,12,2,3,39416.125,36.98672425368432,-157.4284695938201,272,570,966.5550443427054,992.5550443427054,26.0,32.918360115026026,23.557907028214032,654.0098696193114,1343750,-10.431147751315585,-120.12219553314846,60.09786743549497,40.27412419969478,72.34472164813938,0,0,0,0,0,25,25,1,1
33,2007,12,2,6,39416.25,37.844968770864185,-156.2318210859749,269,565,954.8924695464262,988.8924695464262,34.0,43.219639048228174,53.83850080411321,593.0703366659715,1105000,-11.662574796279078,-131.6986631158683,35.024749616065606,31.810812043636567,47.3144887803267,0,0,0,0,0,24,24,1,1
33,2007,12,2,9,39416.375,38.325530221397756,-155.4495476107926,267,562,947.725254327028,987.725254327028,40.0,48.592231189993505,60.33910198690319,628.7297431365046,1241875,-7.167215219398349,-80.07358337435008,22.74647185595952,17.81199841342756,28.890643284182932,0,0,0,0,0,26,26,1,1
33,2007,12,2,12,39416.5,38.46952109704903,-153.95423169951118,262,559,952.1945334238939,984.1945334238939,32.0,41.30671310484816,30.53511685134697,650.0433630989414,1327500,4.4692790968659395,49.773608342473935,43.39302620182669,5.337018285176422,43.72000099644013,0,0,0,0,0,28,28,1,1
33,2007,12,2,15,39416.625,38.69055715504768,-152.6818626349157,258,556,950.9804094409639,984.9804094409639,34.0,40.30778438940444,27.011445506151503,808.1658850219833,2051875,-1.214123982930032,-13.456261336857878,36.809917781894164,8.192696084987345,37.71061278010177,0,0,0,0,0,24,24,1,1
33,2007,12,2,18,39416.75,38.90093883043909,-151.98105335781315,256,554,951.3885196622333,987.3885196622333,36.0,38.8819798704629,20.742293566606897,932.1941800299703,2730000,0.4081102212694532,4.502515081056129,20.214921369041058,7.797791654169249,21.666762578621302,0,0,0,0,0,20,20,1,1
33,2007,12,2,21,39416.875,38.764008241978004,-151.17215901578254,253,553,951.3419641891554,989.3419641891554,38.0,38.74652435889899,19.165776757050626,1036.7703202285875,3376875,-0.04655547307789675,-0.5151549291984684,23.37755787924105,-5.07532891310904,23.922148230740188,0,0,0,0,0,21,21,1,1
33,2007,12,3,0,39417.0,38.583338770165376,-149.79009180099726,248,551,949.8917065864013,987.8917065864013,38.0,38.43453679683427,19.005703604738954,1053.898742338449,3489375,-1.4502576027541363,-16.111027341090402,40.04330660289577,-6.696509555038591,40.59937984642424,0,0,0,0,0,18,18,1,1
33,2007,12,3,3,39417.125,39.00749417427805,-148.00842633117986,243,546,951.9265049116395,987.9265049116395,36.0,36.6077515902481,14.80465288648491,1054.9364623379354,3496250,2.0347983252382256,22.397525904846187,51.31443331485146,15.721309682067357,53.668711970232735,0,0,0,0,0,16,16,1,1
33,2007,12,3,6,39417.25,39.44443833064702,-145.8364244152853,237,540,953.5959893941804,987.5959893941804,34.0,36.1631643532546,13.706671013853555,1032.0583591263187,3346250,1.6694844825408655,18.205553247263175,62.167915631250466,16.195324471738477,64.24280713573441,0,0,0,0,0,20,20,1,2
33,2007,12,3,9,39417.375,40.49552095947035,-143.7461622625552,233,532,955.7001378604401,985.7001378604401,30.0,34.85263338527771,11.678819702771726,931.6604912130944,2726875,2.1041484662597942,22.448758952341265,58.91539956452875,38.95835193646016,70.6312784214838,0,0,0,0,0,16,16,1,1
33,2007,12,3,12,39417.5,41.854546788870586,-141.23285620359619,229,522,958.4245632506914,986.4245632506914,28.0,32.720402675884436,12.27551231306781,943.4373425095197,2796250,2.724425390251272,28.28865129974496,69.38366404748929,50.37225913607317,85.74063988055235,0,0,0,0,0,13,13,1,1
33,2007,12,3,15,39417.625,43.400000300828005,-139.4140785178982,228,513,960.4788499320723,976.4788499320723,16.0,32.10002562731084,11.617867260936983,510.700658891139,819375,2.054286681380909,20.714269025455856,48.97957115567412,57.28219663156038,75.36742294606132,0,0,0,0,0,16,16,1,1
33,2007,12,3,18,39417.75,45.04760692000927,-137.69672116377066,228,504,964.0520008937268,980.0520008937268,16.0,31.47375507643216,9.77073732353856,504.0347983130112,798125,3.5731509616544646,34.98053336066488,44.97178208019746,61.068499052983526,75.84077241202795,0,0,0,0,0,13,13,1,1
33,2007,12,3,21,39417.875,46.465509990415086,-136.06882711185,228,496,967.3954889675392,989.3954889675392,22.0,31.82006028236691,10.595434719370605,710.2965363855495,1585000,3.3434880738124777,31.952616522776097,41.55944161098062,52.554542634289625,67.0012472907473,0,0,0,0,0,13,13,1,1
33,2007,12,4,0,39418.0,47.668128541709955,-134.56096047431834,228,489,970.978473634247,990.978473634247,20.0,31.66007121448336,9.768033305212521,645.2822017258583,1308125,3.58298466670778,33.57920054780069,37.63641825998685,44.57502719753935,58.338949502901094,0,0,0,0,0,18,18,1,1
33,2007,12,4,3,39418.125,48.99652627156932,-132.73652292116418,228,481,975.4238110210397,995.4238110210397,20.0,31.436036227681484,11.313127084518491,611.892150320368,1176250,4.445337386792671,40.810167186467616,44.366531272546396,49.23702937550379,66.27725219773419,0,0,0,0,0,13,13,1,1
33,2007,12,4,6,39418.25,49.95879851060592,-131.29371070278768,228,475,979.4391267831576,999.4391267831576,20.0,32.37803614688301,13.664015910597955,580.1833370921287,1057500,4.015315762117825,36.33696073270746,34.40378426178866,35.666597010589875,49.55528744591757,0,0,0,0,0,14,14,1,1
33,2007,12,4,9,39418.375,51.073196267371024,-129.99935540244155,229,469,984.2197018704476,1004.2197018704476,20.0,31.861809886186677,15.141855901754825,566.6525369994374,1008750,4.780575087290053,42.57449171048717,30.143758383342778,41.3051256054521,51.13471981692598,0,0,0,0,0,13,13,1,1
33,2007,12,4,12,39418.5,52.013022102544724,-128.9017880521765,230,464,991.7602384933286,1007.7602384933286,16.0,27.922019638128912,19.508812849640236,488.3988850918664,749375,7.540536622881046,66.28475093156737,25.038389084976778,34.83462160026687,42.89955465974517,0,0,0,0,0,14,14,1,1
33,2007,12,4,15,39418.625,52.30957093175798,-128.36181870705258,230,462,999.0629594496743,1011.0629594496743,12.0,23.082374919112105,19.936637040663992,468.2263705827405,688750,7.302720956345584,63.93667813496053,12.236398198857971,10.991575103632934,16.44822677797877,0,0,0,0,0,14,14,1,1
33,2007,12,4,18,39418.75,51.978765545939886,-123.73777424227643,221,452,1005.1443990224576,1015.1443990224576,10.0,21.606714388759215,16.314014405099588,470.768794904106,696250,6.08143957278342,53.483604635687385,105.55054164588601,-12.261293536556055,106.26032260881533,0,0,0,0,0,12,12,1,1
33,2007,12,4,21,39418.875,53.448148487654926,-120.96375653207352,222,442,1008.123584674072,1017.8566056223577,9.733020948285702,19.774435609365288,30.61767487610421,452.2323538548359,642500,2.979185651614389,25.693931631875344,61.22993709924742,54.462642805589866,81.94684044273498,0,0,0,1,0,11,12,2,0
33,2007,12,5,0,39419.0,52.041589075932094,-122.97331034509466,220,450,1011.399417341371,1017.399417341371,6.0,16.628040283137175,21.380394916972072,172.1702882348331,93125,3.2758326672989644,28.784856977377185,-45.81289195027027,-52.13409020257796,69.40305778636612,0,0,1,0,0,15,15,1,1
33,2007,12,5,3,39419.125,51.71273176325659,-123.07400761758056,219,451,1013.7481268422177,1019.7481268422177,6.0,13.973017049227701,23.977946790929856,193.90811046849038,118125,2.348709500846744,20.731360680945997,-2.31257616643623,-12.189088253159813,12.406525741273722,0,0,0,0,0,15,15,1,1
33,2007,12,5,6,39419.25,51.71273176325659,-123.07400761758056,219,451,,,,13.973017049227701,,0.0,0,0.0,,0.0,0.0,0.0,0,3,0,0,0,15,15,0,0
36,2007,11,27,15,39411.625,47.2348854311163,169.95639957553638,392,543,964.5777155207345,974.5777155207345,10.0,24.476948777723216,8.889439406519086,390.1178210895074,478125,-5.13880901395969,-48.495583273012116,42.31763591964169,27.75909447761497,50.60977806752864,2,0,0,2,0,20,20,1,1
36,2007,11,27,18,39411.75,48.34525454348153,170.97820653832215,388,539,960.7288721699148,974.7288721699148,14.0,27.115183892478615,6.248951230412931,457.6982563269247,658125,-3.8488433508196613,-35.689073921254774,25.171906695437418,41.15580399927868,48.24339425777222,0,0,0,0,0,18,18,1,1
36,2007,11,27,21,39411.875,49.08238633172671,173.41192941952588,380,537,956.5745942975889,974.5745942975889,18.0,31.34091847928347,11.610346036622358,486.3579280430509,743125,-4.154277872325911,-38.08853210010324,59.07989189542992,27.321771707098286,65.09157269255738,0,0,0,0,0,17,17,1,1
36,2007,11,28,0,39412.0,49.53016594273338,173.01566048401915,381,535,952.8762239647533,982.8762239647533,30.0,34.58705272615764,11.700020706449214,823.0450938647768,2128125,-3.6983703328356206,-33.68141396896651,-9.533004526381434,16.596940332938892,19.13992172698579,0,0,0,0,0,16,16,1,1
36,2007,11,28,3,39412.125,49.46923626187035,172.37328211739776,383,535,950.6923299841046,984.6923299841046,34.0,36.104656397429466,11.549857551426175,947.2254175646683,2818750,-2.1838939806487176,-19.90700482806057,-15.47286025036983,-2.2583571313473043,15.636802143027262,0,0,0,0,0,12,12,1,1
36,2007,11,28,6,39412.25,49.18184531387198,174.68917556012818,376,537,950.4578002669316,986.4578002669316,36.0,37.38950525684685,11.101324193020991,996.0582947293309,3116875,-0.2345297171729908,-2.147060467237601,56.10706539121894,-10.65213846032951,57.10928856668194,0,0,0,0,0,12,12,1,1
36,2007,11,28,9,39412.375,49.99297837918002,176.2295126654891,371,534,949.0691984489625,987.0691984489625,38.0,39.19908053823425,11.352617120725554,987.130254363693,3061250,-1.3886018179690292,-12.559982854880268,36.70309935147173,30.064627231967954,47.444697412895295,0,0,0,0,0,13,13,1,1
36,2007,11,28,12,39412.5,50.7372399658369,176.82942158028354,369,531,948.4519789382734,986.4519789382734,38.0,39.22574075024434,9.33760006980716,965.2218647151453,2926875,-0.617219510689174,-5.523038703877265,14.072384349229146,27.586037510891153,30.968071732426658,0,0,0,0,0,15,15,1,1
36,2007,11,28,15,39412.625,51.688623715098004,176.7538663130072,369,527,948.2891672680349,992.2891672680349,44.0,38.691312163828606,11.337102001953754,1237.9269600005032,4814375,-0.16281167023844317,-1.4375678352078691,-1.7360990074895022,35.263015403304856,35.30572609503339,0,0,0,0,0,19,19,1,1
36,2007,11,28,18,39412.75,51.911754772269106,176.39153114743365,370,526,949.7251686423904,985.7251686423904,36.0,37.39955389153322,11.859357388298086,960.3660214821916,2897500,1.436001374355401,12.64057274431384,-8.28458032867752,8.27034717808802,11.706105828516119,0,0,0,0,0,14,14,1,1
36,2007,11,28,21,39412.875,51.688623715098004,176.7538663130072,369,527,950.9179307661102,986.9179307661102,36.0,36.566331743711146,8.095861223877801,989.6462656180495,3076875,1.1927621237198764,10.531655756634164,8.32568167254602,-8.27034717808802,11.735229770169699,0,0,0,0,0,16,16,1,1
36,2007,11,29,0,39413.0,51.71273176325659,177.436229788535,367,527,952.1132792157226,1012.1132792157226,60.0,34.88044662525101,5.7480753892559004,2169.563882890477,14787500,1.1953484496123565,10.550985483470553,15.67085037111437,0.893564215512519,15.696305564084176,0,0,0,0,0,14,14,1,1
36,2007,11,29,3,39413.125,52.41317997644323,177.0420584709406,368,524,953.7051052689181,985.7051052689181,32.0,33.95887624714367,6.633122408179916,985.8193907886405,3053125,1.5918260531955457,13.917310968335185,-8.911516502491681,25.962095894533434,27.448962632695817,0,0,0,0,0,13,13,1,1
36,2007,11,29,6,39413.25,52.43479552752878,177.73721019286054,366,524,955.9824746639674,985.9824746639674,30.0,32.83030331234205,5.5530658801443495,956.8379226055622,2876250,2.277369395049318,19.905227055026167,15.708406260207429,0.8011798724463915,15.728824381489456,0,0,0,0,0,11,11,1,1
36,2007,11,29,9,39413.375,52.908656771800814,177.70938995736148,366,522,957.9918199589022,983.9918199589022,26.0,31.98602801281989,5.325735675403848,795.8873497585845,1990000,2.0093452949347554,17.452159779797586,-0.6218774742235765,17.56365543217606,17.574661411621967,0,0,0,0,0,12,12,1,1
36,2007,11,29,12,39413.5,53.14532323267937,177.69522186182604,366,521,960.6682490208722,982.6682490208722,22.0,29.853744031753987,5.676655743008887,698.8610245343875,1534375,2.676429061969975,23.17393921372769,-0.3149724524769747,8.772036585539515,8.777689531070413,0,0,0,0,0,12,12,1,1
36,2007,11,29,15,39413.625,53.62702204034089,178.02506598911802,365,519,962.3199174710552,980.3199174710552,18.0,28.22427764469775,4.975257802623455,592.5669525011449,1103125,1.6516684501830605,14.21196000738539,7.250291979235724,17.85415452756486,19.270121112186466,0,0,0,0,0,13,13,1,1
36,2007,11,29,18,39413.75,54.32606781697963,177.62167002664452,366,516,963.926937516114,979.926937516114,16.0,26.662241614069835,5.116642167813334,566.1256633039208,1006875,1.6070200450587435,13.705639254369714,-8.719490266314422,25.91011461817784,27.337950728455578,0,0,0,0,0,12,12,1,1
36,2007,11,29,21,39413.875,54.786519220998485,177.22083313592793,367,514,965.343312466643,979.343312466643,14.0,25.494356440743072,5.850460322490981,523.9678204179331,862500,1.4163749505291343,12.010798534265836,-8.56690495450277,17.066620031086707,19.096109022127365,0,0,0,0,0,15,15,1,1
36,2007,11,30,0,39414.0,55.230660967826175,176.4353610278843,369,512,966.2123439672318,978.2123439672318,12.0,23.951738471294092,5.8906085450508545,488.1951733478254,748750,0.8690315005887532,7.329470893038522,-16.602588681651838,16.462102986097072,23.380478730277954,0,0,0,0,0,16,16,1,1
36,2007,11,30,3,39414.125,55.68444676793948,176.0090869015702,370,510,966.2834584450479,978.2834584450479,12.0,23.142352971987414,5.344953089866539,515.9327885695917,836250,0.07111447781600873,0.5965232318350037,-8.90715019764002,16.81955958531366,19.032469868286544,0,0,0,0,0,15,15,1,1
36,2007,11,30,6,39414.25,55.88276713571675,175.22050008119467,372,509,966.5941802080878,978.5941802080878,12.0,22.819132279710814,5.3651431777968535,520.7304814323977,851875,0.31072176303991,2.6002719811188393,-16.394080031113987,7.350739582371775,17.96661438542102,0,0,0,0,0,15,15,1,1
36,2007,11,30,9,39414.375,56.09626184265666,174.8055710922652,373,508,966.921727592891,980.921727592891,14.0,22.32449519067783,4.768554814800373,675.5566588495816,1433750,0.32754738480318335,2.7341936857491116,-8.578567564265713,7.913176092394928,11.670911589242824,0,0,0,0,0,17,17,1,1
36,2007,11,30,12,39414.5,56.49181111008261,173.57397194450428,376,506,966.7721676886862,978.7721676886862,12.0,22.35197416528097,5.158140904239627,554.587168554311,966250,-0.14955990420479792,-1.242711442397175,-25.200580548248823,14.661023925245852,29.155014705971393,0,0,0,0,0,15,15,1,1
36,2007,11,30,15,39414.625,56.69752184447699,173.14169927622802,377,505,966.3963060372525,978.3963060372525,12.0,22.304639914107387,5.136720418995756,573.8046605957105,1034375,-0.3758616514336609,-3.1156938986959095,-8.797104776211595,7.624663340327061,11.641500912552997,0,0,0,0,0,16,16,1,1
36,2007,11,30,18,39414.75,56.66875119053097,172.7538511053298,378,505,966.7737357654588,996.7737357654588,30.0,21.898707467777143,4.8582438990553785,1474.6705915803313,6831875,0.3774297282063344,3.1297252435087017,-7.8990644060404485,-1.0663835850145034,7.970720948644704,0,0,2,0,0,11,11,1,2
36,2007,11,30,21,39414.875,56.63840578611916,172.3666694127687,379,505,967.6007789831109,997.6007789831109,30.0,21.267751192571623,4.718588031546023,1473.7259386221635,6823125,0.827043217652099,6.860403675432624,-7.891839956173691,-1.124751672523316,7.971587308604452,0,0,0,0,0,11,11,1,2
36,2007,12,1,0,39415.0,56.90113845860924,172.7042432213908,378,504,968.2378198687878,998.2378198687878,30.0,20.616438901487843,4.528872079011853,1531.3876342908995,7367500,0.6370408856768336,5.268464781012622,6.8327026162079845,9.738180081554216,11.896132831400072,0,0,0,0,0,16,16,1,2
36,2007,12,1,3,39415.125,56.90113845860924,172.7042432213908,378,504,968.6667739555062,1002.6667739555062,34.0,20.257098010078032,4.633232383818977,1859.1523543266262,10858750,0.42895408671844054,3.5475423153514587,0.0,0.0,0.0,0,0,0,0,0,14,14,1,2
36,2007,12,1,6,39415.25,57.162479575287456,173.04704253182607,377,503,970.0447510232902,1002.0447510232902,32.0,19.80512724849005,4.086654356044601,1785.8516500209969,10019375,1.3779770677840861,11.362499909936533,6.889847405307833,9.686602099413763,11.886978484913406,0,0,0,0,0,16,16,1,2
36,2007,12,1,9,39415.375,57.39470156747106,172.99873244250466,377,502,971.8956369886727,1001.1152261442049,29.219589155532304,19.177189001532945,3.75311094676661,1631.4617615908394,8361875,1.850885965382331,15.222311247478821,-0.9648690582187507,8.607302462036538,8.661214001079074,0,0,0,0,0,14,13,2,0
36,2007,12,1,12,39415.5,57.88669338298392,173.30199383000868,376,500,974.7216869731216,997.6233635112029,22.901676538081375,18.15759043564848,3.1084230231379477,1401.06291056457,6166875,2.8260499844489093,23.116273517709473,5.9753260509984525,18.23566461189204,19.18968434480235,0,0,0,0,0,14,13,2,0
36,2007,12,1,15,39415.625,58.58188229650789,173.15722658736905,376,497,977.595064845469,995.5718754354258,17.97681058995673,16.973783416037122,2.8940670879826214,1122.191377267987,3956250,2.8733778723474823,23.32748106608667,-2.7970780868581357,25.767160081135987,25.918529751335626,0,0,0,0,0,17,16,2,0
36,2007,12,1,18,39415.75,59.47713097684125,172.53189925157469,377,493,980.3684000070754,999.6366532258392,19.26825321876371,16.02686007612244,3.495139187437453,1269.2698339784613,5061250,2.773335161606374,22.305129147517007,-11.771520216785714,33.1823704461017,35.20849892620414,0,0,0,0,0,19,18,2,0
36,2007,12,1,21,39415.875,60.33272114841156,171.43678445232092,379,489,983.9297319449995,1002.4085054158109,18.478773470811284,14.587623702581135,5.240859618410977,1348.0914310352173,5709375,3.561331937924115,28.395931247137415,-20.09049736229732,31.712428788522292,37.5407275359918,0,0,0,0,0,19,15,2,0
36,2007,12,2,0,39416.0,62.49968115963797,169.3369278747316,382,479,987.225033560786,1005.6393100985074,18.414276537721452,12.003740168543125,10.146201007171694,1462.954577978504,6723750,3.295301615786448,25.738789857568623,-35.937219252978295,80.31831983000431,87.9915690731305,0,0,0,0,0,16,13,2,0
36,2007,12,2,3,39416.125,69.61285991788147,154.1422681914663,399,441,978.4507728336382,988.4507728336382,10.0,25.55630381255941,7.696705431117952,376.88962138737196,446250,0.8114627351307717,5.997671684682953,-14.259216016912335,11.655463797262362,18.416706484772536,0,0,0,2,2,17,17,1,1
36,2007,12,2,6,39416.25,70.61700085696164,151.20377421489076,401,435,979.8896867794876,991.8896867794876,12.0,26.28668071967197,8.569753596039082,451.79222493902637,641250,1.4389139458494902,10.568074273911567,-36.14338925279695,37.21845935393961,51.880230371115864,0,0,0,0,0,18,18,1,1
36,2007,12,2,9,39416.375,70.70426021402675,150.29654731443006,402,434,982.1785387393013,994.1785387393013,12.0,25.085438792043675,12.31737267636403,490.63413194201206,756250,2.288851959813619,16.801443840459527,-11.111527096934104,3.2342659359691175,11.57266220756793,0,0,0,0,0,18,18,1,1
36,2007,12,2,12,39416.5,71.0976530857027,149.62087398863164,402,432,984.7722280678332,998.7722280678332,14.0,23.718056852926043,14.09165839889094,623.4869272903437,1221250,2.593689328531909,18.993908577957846,-8.11305643110877,14.581097169499829,16.68622423799798,0,0,0,0,0,20,20,1,2
36,2007,12,2,15,39416.625,71.29323246660277,149.27251338440033,402,431,987.4495953782234,1004.0103918873828,16.560796509159264,22.450642303147745,15.725745873506675,822.077658803571,2123125,2.6773673103902547,19.58391610146715,-4.141186495771417,7.249144970790629,8.34862434178821,0,0,0,0,0,16,14,2,0
36,2007,12,2,18,39416.75,71.87525505034984,148.18296515854084,402,428,989.6107750978371,1004.0937736559505,14.482998558113469,21.40851774419276,12.30571935377724,877.332943373369,2418125,2.161179719613574,15.754823533638525,-12.562787182826023,21.57265283507677,24.964033571194452,0,0,0,0,0,12,11,2,0
36,2007,12,2,21,39416.875,72.38018637060071,148.03335632591384,401,426,992.2797766568982,1001.3144522495472,9.034675592649,20.445540155998184,12.083472402772314,790.1172471715571,1961250,2.669001559061144,19.401590522384996,-1.678543271428861,18.715267038612225,18.790389241328246,0,0,0,0,0,12,10,2,0
36,2007,12,3,0,39417.0,73.6446065318325,146.20079778788445,400,420,995.7735241598104,995.7735241598104,0.0,18.252150331337216,7.746752827596355,14.104739588693906,625,3.4937475029123015,25.226209249944976,-19.12620132122758,46.8657023586895,50.61823421014804,0,0,0,2,0,10,10,1,1
36,2007,12,3,3,39417.125,73.6446065318325,146.20079778788445,400,420,,,,18.252150331337216,,0.0,0,0.0,,0.0,0.0,0.0,0,3,0,0,0,10,10,0,0
44,2007,12,2,3,39416.125,61.56468612690986,159.25715038568973,404,477,990.3030815184683,992.3030815184683,2.0,7.8167885324498965,7.806736589676584,286.2949452790358,257500,3.2768101713478974,25.81710475717739,-2.829419827596128,8.028015567319894,8.512029752645645,2,0,0,2,0,20,20,1,2
44,2007,12,2,6,39416.25,58.46423261062965,150.94539590092285,427,481,992.3243483795346,994.3243483795346,2.0,10.945843379547837,2.117081099824936,282.79914940409105,251250,1.4363694052238134,11.675815730541864,-46.47741879782419,2.733601366750204,46.557738718076074,0,0,0,0,2,21,21,1,1
44,2007,12,2,9,39416.375,58.1185879528665,149.8756820016388,430,481,994.2923234117209,998.2923234117209,4.0,11.392615276404095,1.7967736368899205,419.3640567770972,552500,1.967975032186223,16.05681222088923,-20.940868327591943,-12.811310788352484,24.548923610400927,0,0,0,0,0,22,22,1,1
44,2007,12,2,12,39416.5,57.92303547789949,146.25370503425566,438,477,996.6393284920943,1000.6393284920943,4.0,12.135206378496525,1.951991815442743,427.81793388739516,575000,2.3470050803733464,19.190188771914507,-71.2852036812473,-7.248147703039483,71.65274529982776,0,0,0,0,0,23,23,1,1
44,2007,12,2,15,39416.625,57.728534182859974,146.47762695960776,438,478,998.2447076203517,1000.2447076203517,2.0,11.81815837209423,2.522733341589774,230.04134101951155,166250,1.605379128257482,13.15437798965449,4.431446850901565,-7.20918574473003,8.462273943473118,0,0,0,0,0,18,18,1,1
44,2007,12,2,18,39416.75,57.92303547789949,146.25370503425566,438,477,999.617217072057,1001.617217072057,2.0,11.835976520658615,2.5554596241231775,214.37348207692287,144375,1.3725094517052638,11.222266065683632,-4.4075988223136005,7.20918574473003,8.449809848776416,0,0,0,0,0,15,15,1,1
44,2007,12,2,21,39416.875,57.792703397228486,145.91788536043143,439,477,1001.0164251227918,1003.0164251227918,2.0,12.01390517369534,3.111370328536286,197.4663542417147,122500,1.3992080507348874,11.456929327509567,-6.634124356681712,-4.830755383214777,8.206570754729169,0,0,0,0,0,14,14,1,1
44,2007,12,3,0,39417.0,57.46808082300679,145.8107563184702,440,478,1003.1436995740676,1005.1436995740676,2.0,11.64901526675889,3.1843697847268775,193.39444569737623,117500,2.1272744512757344,17.481117045102916,-2.13533962620621,-12.0321277759163,12.220138057126155,0,0,0,0,0,12,12,1,1
44,2007,12,3,3,39417.125,57.336102957774514,145.48121814413093,441,478,1004.7213931251674,1006.7213931251674,2.0,11.161423992961199,3.412269563118971,185.5188843315482,108125,1.577693551099801,12.983985509394715,-6.592186132208922,-4.891756347736242,8.208909682004391,0,0,0,0,0,10,10,1,1
44,2007,12,3,6,39417.25,57.010615315198365,145.37971024956775,442,479,1006.6017816888317,1008.6017816888317,2.0,10.213977976471265,4.185342547664622,178.96908195899073,100625,1.8803885636643098,15.531899619692226,-2.048558335864456,-12.064191513321969,12.236883105004704,0,0,0,0,0,13,13,1,1
44,2007,12,3,9,39417.375,56.87703199292023,145.05627631670646,443,479,1008.2167040545203,1010.2167040545203,2.0,10.313021150798429,4.235729845603346,159.57691216057307,80000,1.6149223656885443,13.35941957317841,-6.550728115949867,-4.951262573884403,8.211396953298781,0,0,0,0,0,12,12,1,1
44,2007,12,3,12,39417.5,56.223976148412554,144.86580694308435,445,481,1009.4365841915074,1011.4365841915074,2.0,9.654774227487078,7.696581149606864,145.90056078898738,66875,1.2198801369871943,10.167712666586878,-3.9248473778604556,-24.20549890827715,24.521635433594234,0,0,0,0,0,10,10,1,1
44,2007,12,3,15,39417.625,56.03177622268554,145.08653168465378,445,482,1009.5984007424698,1011.5984007424698,2.0,8.966183335020844,7.473288410900205,129.27207364566027,52500,0.1618165509623941,1.351783000556411,4.57108080728825,-7.123885547435093,8.464308893212346,0,0,0,0,0,13,13,1,1
44,2007,12,3,18,39417.75,55.70470140272231,144.99241452621624,446,483,1009.3446177848585,1011.3446177848585,2.0,8.880062823245016,10.497399246403365,112.83791670955125,40000,-0.2537829576112563,-2.1282715541758765,-1.9655959210350658,-12.123020204364554,12.281334870453655,0,0,0,0,0,11,11,1,1
44,2007,12,3,21,39417.875,55.51192476862021,145.20923407606074,446,484,1008.625165908005,1010.625165908005,2.0,9.372362255239114,9.181130615138827,106.48844864724786,35625,-0.7194518768535636,-6.047370056938186,4.550493121977978,-7.145261229255831,8.471230470685793,0,0,0,0,0,11,11,1,1
44,2007,12,4,0,39418.0,54.663328164782406,145.23480276342323,448,487,1007.995772912432,1007.995772912432,0.0,9.438362327121212,9.944318140872202,14.104739588693906,625,-0.6293929955729982,-5.345349280285595,0.5481322031408936,-31.453212371522067,31.457988133384962,0,0,0,0,0,17,17,1,1
44,2007,12,4,3,39418.125,54.14121333776942,145.35088565493055,449,489,1006.4127548822355,1006.4127548822355,0.0,9.207509418172517,10.044552262330471,14.104739588693906,625,-1.5830180301965446,-13.53234847502872,2.5204233571042263,-19.352173296581615,19.5156128574012,0,0,0,0,0,16,16,1,1
44,2007,12,4,6,39418.25,53.423077272164235,145.66618675984486,450,492,1004.9724584217317,1004.9724584217317,0.0,8.944488787621454,10.640924668354637,14.104739588693906,625,-1.4402964605037414,-12.425842380031066,6.964073011871693,-26.617695711927237,27.51363367364313,0,0,0,0,0,17,17,1,1
44,2007,12,4,9,39418.375,52.70225658575247,145.9697579668006,451,495,1003.6712586728935,1003.6712586728935,0.0,9.07690072216343,9.54122883137512,14.104739588693906,625,-1.301199748838262,-11.332503291333307,6.81813868706027,-26.71720111647857,27.573462797667467,0,0,0,0,0,17,17,1,1
44,2007,12,4,12,39418.5,52.70225658575247,145.9697579668006,451,495,,,,9.07690072216343,,0.0,0,0.0,,0.0,0.0,0.0,0,3,0,0,0,17,17,0,0
48,2007,12,2,9,39416.375,49.714767350367346,154.96344427850124,434,519,999.0377657180067,1001.0377657180067,2.0,9.252612594012461,9.585073273054295,145.21718204012956,66250,,,,,,3,0,0,0,0,24,24,1,1
48,2007,12,2,12,39416.5,50.7094670057723,159.03428815944258,421,520,999.0053090043721,1001.0053090043721,2.0,11.461722971409298,12.871903887066873,112.83791670955125,40000,-0.03245671363460133,-0.2905461640968164,95.53680071643677,36.86851840537382,102.40394494617648,0,0,0,0,0,26,26,1,1
48,2007,12,2,15,39416.625,51.7127317632566,159.94390526342457,417,517,997.0964019888838,1001.0964019888838,4.0,14.505121998820242,16.726417522384363,138.91557454041038,60625,-1.908907015488221,-16.849354860704306,20.889795125141607,37.18598370451283,42.65185722149369,0,0,0,0,0,22,22,1,1
48,2007,12,2,18,39416.75,52.47805815298943,161.01414719785942,413,515,995.4422667007583,1003.4422667007583,8.0,17.402867138524794,20.373905638685827,239.3653682408596,180000,-1.6541352881255442,-14.449494710327288,24.160476727880372,28.366803921829042,37.26129627989269,0,0,0,0,0,17,17,1,1
48,2007,12,2,21,39416.875,53.15411343944663,161.7892996583017,410,513,994.8132943520551,1004.8132943520551,10.0,19.80584234398549,20.756027710376873,275.3135333533663,238125,-0.6289723487032461,-5.445349303670399,17.228886236412798,25.05797266175814,30.409480674037706,0,0,0,0,0,18,18,1,1
48,2007,12,3,0,39417.0,53.821529147439456,162.59215631183,407,511,994.7424662057763,1006.7424662057763,12.0,21.601149030361587,20.911903678743837,326.54833007009836,335000,-0.07082814627879998,-0.6079318960091049,17.56604406566086,24.73774689722946,30.340105894148177,0,0,0,0,0,15,15,1,1
48,2007,12,3,3,39417.125,54.70587078423805,163.31845603714953,404,508,994.715659313786,1006.715659313786,12.0,22.64592010732859,11.143358593087905,327.46090286958605,336875,-0.02680689199027256,-0.22754756776777996,15.553769280533524,32.778101144183196,36.28117491827369,0,0,0,0,0,13,13,1,1
48,2007,12,3,6,39417.25,55.675101982214485,163.24620569091806,403,504,994.293960716055,1008.293960716055,14.0,24.098924308119045,14.536333996261165,366.7232293060416,422500,-0.42169859773101054,-3.5376906085914,-1.5100598361046207,35.92453065353581,35.956253745147734,0,0,0,0,0,17,17,1,1
48,2007,12,3,9,39417.375,56.19240256586544,163.393019421383,402,502,992.9816363975141,1010.9816363975141,18.0,26.2125167210887,18.333828557090893,506.3974743783942,805625,-1.3123243185409228,-10.942270469389312,3.0277635604448947,19.173733484085083,19.411321642193336,0,0,0,0,0,14,14,1,1
48,2007,12,3,12,39417.5,56.708716324293476,163.54424731541718,401,500,993.1694612486355,1011.1694612486355,18.0,26.17736344629161,20.977072934779354,484.5137160706037,737500,0.1878248511214042,1.5567686897143203,3.07670128045468,19.137156831327008,19.382901288402557,0,0,0,0,0,11,11,1,1
48,2007,12,3,15,39417.625,57.38167162567257,163.20523104705651,401,497,994.3287003189203,1012.3287003189203,18.0,23.752173286836697,17.304689847783738,595.580875629886,1114375,1.1592390702848205,9.53536093899933,-6.773373162839769,24.94307179063851,25.84638106884646,0,0,0,0,0,14,14,1,1
48,2007,12,3,18,39417.75,57.98258323043749,162.464238461554,402,494,996.7312051623935,1008.7312051623935,12.0,19.949235118958722,18.973498825378773,415.31213511748194,541875,2.4025048434731433,19.631203644305547,-14.561171329147154,22.272773937233065,26.610226780992786,0,0,0,0,0,12,12,1,1
48,2007,12,3,21,39417.875,58.50620541630287,157.7770238237238,412,488,998.7576895780135,1008.7576895780135,10.0,17.77905844636547,11.36683896669114,464.1723863077739,676875,2.0264844156200708,16.46528604521108,-90.74000990766329,19.408043515588282,92.7923571806741,0,0,0,0,0,12,12,1,1
48,2007,12,4,0,39418.0,58.20177101710345,157.5531385269108,413,489,998.6991540510209,1006.6991540510209,8.0,15.852545887644599,14.490158904605996,427.58536092435946,574375,-0.058535526992636734,-0.47716406855935034,-4.372618875963632,-11.283853562353567,12.101452270329903,0,0,0,0,0,19,19,1,1
48,2007,12,4,3,39418.125,58.20177101710345,157.5531385269108,413,489,997.8533357337941,1001.8533357337941,4.0,13.736977154109892,13.242490801185342,163.27416503504918,83750,-0.8458183172268037,-6.894857366889916,0.0,0.0,0.0,0,0,0,0,0,15,15,1,1
48,2007,12,4,6,39418.25,58.14185976588148,156.26544963290627,416,488,996.9649807983972,1000.9649807983972,4.0,12.723593747460248,9.35839552698977,188.70855443464026,111875,-0.8883549353969283,-7.2463047570236405,-25.191395360546178,-2.220609061603351,25.289078765661323,0,0,0,0,0,15,15,1,1
48,2007,12,4,9,39418.375,57.95114302446564,155.52246035853366,418,488,994.5597387823499,998.5597387823499,4.0,13.0103424746348,8.110120442124607,211.1004122822376,140000,-2.4052420160472683,-19.660318267637237,-14.613218341613369,-7.068911357208333,16.233165374495954,0,0,0,0,0,14,14,1,1
48,2007,12,4,12,39418.5,57.44360484511683,154.59679443569945,421,489,991.3562241286693,995.3562241286693,4.0,13.881781316732082,5.795770591207693,205.36810833075387,132500,-3.2035146536806134,-26.33241947104158,-18.46296407740936,-18.811890207334173,26.358457005228964,0,0,0,0,0,15,15,1,1
48,2007,12,4,15,39418.625,57.029967949464925,154.05290707402526,423,490,988.649341943311,990.649341943311,2.0,14.023996507369565,5.108499031119573,128.50029317392293,51875,-2.706882185358263,-22.353788615164294,-10.970598385131114,-15.331441423165423,18.852244562380204,0,0,0,0,0,16,16,1,1
48,2007,12,4,18,39418.75,56.50612707472356,154.04353057304309,424,492,986.9098842536056,988.9098842536056,2.0,13.661256580502718,4.6907750007055435,130.03927369650248,53125,-1.7394576897054503,-14.450975418056977,-0.19178906556750056,-19.416149213429343,19.417096418461337,0,0,0,0,0,14,14,1,1
48,2007,12,4,21,39418.875,55.98152011589208,154.0344343548352,425,494,985.9499380948834,987.9499380948834,2.0,13.146861055001883,4.5834510479295565,133.06384715231013,55625,-0.9599461587221595,-8.023942262243265,-0.18862264763373282,-19.44454410149702,19.44545895108323,0,0,0,0,0,15,15,1,1
48,2007,12,5,0,39419.0,55.558478255335395,154.36581753871036,425,496,985.7574464865438,987.7574464865438,2.0,12.082540592117626,5.01040140710953,138.1976597885342,60000,-0.19249160833962378,-1.617090758725127,6.946661709038342,-15.68003621739289,17.14991675427529,0,0,0,0,0,19,19,1,1
48,2007,12,5,3,39419.125,55.13375899919962,154.68940044560355,425,498,984.932535066982,986.932535066982,2.0,11.448874626177401,5.837609997194159,137.4759960580849,59375,-0.8249114195616858,-6.965547424405583,6.8562813885126594,-15.74220884351637,17.17049020125372,0,0,0,0,0,18,18,1,1
48,2007,12,5,6,39419.25,54.70739098128395,155.005435351445,425,500,985.3542335211314,987.3542335211314,2.0,10.74608449792947,7.349570337568366,141.04739588693906,62500,0.42169845414930024,3.579477077294005,6.7676847030476806,-15.803320158572754,17.191465448710808,0,0,0,0,0,16,16,1,1
48,2007,12,5,9,39419.375,54.70739098128395,155.005435351445,425,500,985.6498272543201,985.6498272543201,0.0,10.968245488549114,6.511266939987472,14.104739588693906,625,0.2955937331887253,2.509070122809124,0.0,0.0,0.0,0,0,0,3,0,15,15,1,1
48,2007,12,5,12,39419.5,54.70739098128395,155.005435351445,425,500,986.1483602276993,986.1483602276993,0.0,10.645671754457306,5.043096844277389,14.104739588693906,625,0.4985329733791877,4.231666805812469,0.0,0.0,0.0,0,0,0,0,0,14,14,1,1
48,2007,12,5,15,39419.625,54.70739098128395,155.005435351445,425,500,985.6753125348489,985.6753125348489,0.0,10.801261424248173,3.515902082990651,14.104739588693906,625,-0.4730476928503776,-4.015341665030744,0.0,0.0,0.0,0,0,0,3,0,16,16,1,1
48,2007,12,5,18,39419.75,56.50612707472356,154.04353057304309,424,492,,,,11.513478244476559,,0.0,0,-0.31313798165137996,,-19.67485657599068,66.67010932097904,69.5126136622491,0,3,3,0,0,17,17,0,0
49,2007,12,2,9,39416.375,50.177966709107544,-158.96248897457818,297,522,990.8435738956737,990.8435738956737,0.0,10.47355447829877,5.584357561736688,14.104739588693906,625,,,,,,3,0,0,0,0,25,25,1,1
49,2007,12,2,12,39416.5,50.29618128432216,-161.3563243062187,304,524,990.08987975922,990.08987975922,0.0,12.467995594631093,6.73766014172259,14.104739588693906,625,-0.7536941364535596,-6.787156400176996,-56.678347804502465,4.381620339768955,56.84745998415432,0,0,0,0,0,27,27,1,1
49,2007,12,2,15,39416.625,50.064149586629796,-162.49913873104717,307,526,989.0649560085275,989.0649560085275,0.0,13.485234206409016,7.200223600137033,14.104739588693906,625,-1.024923750692542,-9.260846047651166,-27.19083543423205,-8.600249201371708,28.518517106209853,0,0,0,0,0,23,23,1,1
49,2007,12,2,18,39416.75,49.58574509397283,-163.7203267978695,310,529,987.2030100864655,989.2030100864655,2.0,15.503683826078433,7.642504952664677,114.58744610593851,41250,-1.8619459220620047,-16.9429062864834,-29.344302302484785,-17.73205082247296,34.28576532601216,0,0,0,0,0,19,19,1,1
49,2007,12,2,21,39416.875,48.72915053189356,-164.3822546229797,311,533,986.0293894303012,990.0293894303012,4.0,16.698013695008548,9.422426764005868,179.5240261806447,101250,-1.1736206561642757,-10.818366539857989,-16.183273915444676,-31.749656498177572,35.636204096039485,0,0,0,0,0,20,20,1,1
49,2007,12,3,0,39417.0,48.03386898974929,-164.63506680847965,311,536,983.933147207565,987.933147207565,4.0,17.34712720699463,10.748355158829945,159.57691216057307,80000,-2.0962422227363278,-19.532489893108018,-6.265952994866889,-25.770593358682657,26.52141868363116,0,0,0,0,0,17,17,1,1
49,2007,12,3,3,39417.125,47.33605053236421,-164.88001260184302,311,539,982.9740233196679,986.9740233196679,4.0,17.892394276891576,11.539808431455821,150.59740831300877,71250,-0.9591238878970034,-9.036629102087678,-6.152748582762635,-25.864624060050733,26.586370434687826,0,0,0,0,0,15,15,1,1
49,2007,12,3,6,39417.25,46.74215923517169,-164.45146972094258,309,541,983.118844599592,987.118844599592,4.0,16.972625787326926,10.27129685723361,167.48450292473797,88125,0.14482127992407187,1.3777051684866106,10.884969295820033,-22.01256640872125,24.55678391950599,0,0,0,0,0,21,21,1,1
49,2007,12,3,9,39417.375,46.041705378115736,-164.69234047763646,309,544,983.7042500179306,985.7042500179306,2.0,16.511560527201432,7.799287532284943,115.45226928885475,41875,0.5854054183386325,5.634277251390212,-6.197140046638538,-25.962305084412055,26.691680914729577,0,0,0,0,0,18,18,1,1
49,2007,12,3,12,39417.5,45.443922241297265,-164.27801791701086,307,546,984.0192578340695,986.0192578340695,2.0,15.210284677071972,5.191200875049108,141.04739588693906,62500,0.31500781613896833,3.0627955765826673,10.774465702715164,-22.156817349294364,24.637647335510284,0,0,0,0,0,15,15,1,1
49,2007,12,3,15,39417.625,44.675024505776875,-164.23446469265346,306,549,984.6023631574625,984.6023631574625,0.0,14.416876604902486,3.9603299439187687,14.104739588693906,625,0.5831053233929561,5.745924549271279,1.1479378614970384,-28.49917576611915,28.52228568474153,0,0,0,0,0,18,18,1,1
49,2007,12,3,18,39417.75,44.00290859196269,-163.56187648412694,303,551,986.6714397562265,986.6714397562265,0.0,13.077068082763898,2.4759844586879627,14.104739588693906,625,2.0690765987639317,20.63493406090081,17.931827913170025,-24.911959911069907,30.694563018852342,0,0,0,0,0,16,16,1,1
49,2007,12,3,21,39417.875,43.01578248449404,-162.7214859387965,299,554,989.1918296298525,989.1918296298525,0.0,12.507868027025765,2.1900651229121286,14.104739588693906,625,2.5203898736259727,25.596274750081424,22.775029121433608,-36.58780503630161,43.09720906110472,0,0,0,0,0,16,16,1,1
49,2007,12,4,0,39418.0,43.01578248449404,-162.7214859387965,299,554,,,,12.507868027025765,,0.0,0,0.0,,0.0,0.0,0.0,0,3,0,0,0,16,16,0,0
51,2007,12,2,12,39416.5,34.50189275908866,128.33993366227597,546,507,1013.9477062988241,1017.9477062988241,4.0,7.7512639191833355,5.62442577546688,456.17440534586456,653750,,,,,,3,0,0,0,0,24,24,1,1
51,2007,12,2,15,39416.625,35.23639961596004,130.1647386221844,539,511,1013.5430021252021,1015.5430021252021,2.0,7.926493780095724,7.342418174473789,292.482105284911,268750,-0.4047041736220126,-4.859808158626714,55.24314225997654,27.224478689912516,61.587149688011266,0,0,0,0,0,21,21,1,1
51,2007,12,2,18,39416.75,35.90667675750362,132.03305644467736,532,515,1011.4312567493864,1015.4312567493864,4.0,9.413246312521093,11.213823312914393,392.15234764380017,483125,-2.1117453758156626,-24.947025868199738,56.089111642656434,24.84380586182097,61.34495198924055,0,0,0,0,0,18,18,1,1
51,2007,12,2,21,39416.875,36.51670407871581,134.2948567786503,524,520,1010.6454774480965,1016.6454774480965,6.0,9.678823268306873,8.27559539843758,600.7360763770332,1133750,-0.7857793012898765,-9.148766599226672,67.37410355845473,22.610647744455488,71.06694887026762,0,0,0,0,0,19,19,1,1
51,2007,12,3,0,39417.0,38.24241374254748,137.5448043798131,510,524,1011.1288226645906,1015.1288226645906,4.0,9.397755171471719,8.071222935651384,376.09700300975805,444375,0.48334521649419915,5.40996475833569,94.60368446850693,63.963386493189326,114.19795062387912,0,0,0,0,0,16,16,1,1
51,2007,12,3,3,39417.125,38.50556298831993,142.69116175194114,494,536,1009.545652383913,1015.545652383913,6.0,9.03471749195248,4.106672120852308,569.2795911244947,1018125,-1.5831702806777321,-17.617556572394598,149.25121193130403,9.753620360079793,149.56957368760396,0,0,0,0,0,14,14,1,1
51,2007,12,3,6,39417.25,39.63301704110787,144.7380751674815,485,537,1006.9810007006275,1014.9810007006275,8.0,11.048716197375098,12.864903792753685,613.1912858599694,1181250,-2.5646516832854833,-27.855968555632966,58.428769650567304,41.789056898288315,71.83485504493925,0,0,0,0,0,19,19,1,1
51,2007,12,3,9,39417.375,40.475824498687764,147.01541840695566,476,539,1005.9791297411444,1015.9791297411444,10.0,13.048668270733732,10.177556084326934,667.1109425130968,1398125,-1.001870959483058,-10.693075601739258,64.20696166746052,31.238637807027946,71.40298606224687,0,0,0,0,0,17,17,1,1
51,2007,12,3,12,39417.5,41.65379716125414,149.083207211108,467,539,1003.4557540050746,1015.4557540050746,12.0,15.094593162010318,17.057712100182254,693.1442739132013,1509375,-2.5233757360698656,-26.30412571032477,57.26397018646047,43.66152793445457,72.0103555267365,0,0,0,0,0,14,14,1,1
51,2007,12,3,15,39417.625,42.30316318732656,150.89152118289078,460,540,998.9655830405499,1012.9655830405499,14.0,18.53563161964476,19.080287448409507,616.1043249922617,1192500,-4.490170964524732,-46.220432842212624,49.570435331488504,24.06873587819721,55.10473759784817,0,0,0,0,0,17,17,1,1
51,2007,12,3,18,39417.75,43.01216909726368,153.62362798560545,450,542,995.8535440365132,1011.8535440365132,16.0,20.573760037710176,11.66937296170072,672.3094811029982,1420000,-3.112039004036633,-31.607010842388746,74.04294290751523,26.279286715338834,78.56817615722375,0,0,0,0,0,15,15,1,1
51,2007,12,3,21,39417.875,44.27404150003989,156.08146073261355,440,541,992.4341668450455,1008.4341668450455,16.0,22.804074176000114,13.153880105782589,538.941342951818,912500,-3.4193771914676474,-33.935606423808515,65.22563980394315,46.77126975383126,80.26167056708566,0,0,0,0,0,15,15,1,1
51,2007,12,4,0,39418.0,46.37742828977273,159.1791071466892,427,537,988.1876640489697,1006.1876640489697,18.0,24.647552553783267,10.468915322818575,540.7838828324655,918750,-4.246502796075801,-40.6418416069291,79.2058013834763,77.9619799298255,111.13788412317922,0,0,0,0,0,22,22,1,1
51,2007,12,4,3,39418.125,47.55720502726944,160.5857315227385,421,534,982.0516121867322,1002.0516121867322,20.0,27.723026396239014,16.455933780835913,525.2950433666526,866875,-6.136051862237509,-57.60787117669878,35.184030664540806,43.72839592763449,56.12565032324622,0,0,0,0,0,18,18,1,1
51,2007,12,4,6,39418.25,48.47511193570865,162.16498505733193,415,532,976.97055640963,998.97055640963,22.0,30.369239484053434,18.15274192261815,546.6382767928291,938750,-5.081055777102156,-47.02030193860879,38.804811320175986,34.02219711681054,51.60739557708342,0,0,0,0,0,19,19,1,1
51,2007,12,4,9,39418.375,49.28824303938742,163.5013596146826,410,530,971.6101460635753,995.6101460635753,24.0,33.2833193079809,20.856478205084713,543.9018757754568,929375,-5.3604103460548505,-48.99470610933086,32.30747248753333,30.138684475323274,44.18272377791817,0,0,0,0,0,18,18,1,1
51,2007,12,4,12,39418.5,50.012129602563775,164.57239076081441,406,528,965.7900489699547,991.7900489699547,26.0,35.48585374980756,28.056197597597055,542.6201661567752,925000,-5.8200970936205705,-52.62834961024252,25.51056098333072,26.83083776379241,37.02273054207624,0,0,0,0,0,18,18,1,1
51,2007,12,4,15,39418.625,50.545936475235436,166.08454857977773,401,527,960.0970634013349,988.0970634013349,28.0,37.83941121313951,21.75262257462964,556.5566529946447,973125,-5.69298556861977,-51.08199529266415,35.61566940237509,19.78553868302884,40.7424035613623,0,0,0,0,0,18,18,1,1
51,2007,12,4,18,39418.75,51.33273368073621,167.89342204848816,395,525,955.0789995358136,987.0789995358136,32.0,40.72272289784012,17.22837892156342,674.3776759984653,1428750,-5.0180638655212535,-44.52705356149495,41.88896486457661,29.16261918326767,51.04060868616307,0,0,0,0,0,16,16,1,1
51,2007,12,4,21,39418.875,51.98875436212689,169.09497795476554,391,523,952.261321457358,984.261321457358,32.0,42.28618610435162,18.016956817927568,634.0860943010031,1263125,-2.8176780784556468,-24.776870922948266,27.425453624185028,24.315390514849717,36.65233583800584,0,0,0,0,0,16,16,1,1
51,2007,12,5,0,39419.0,52.35127343285423,170.05237387656587,388,522,950.9836164224706,984.9836164224706,34.0,42.36898412152367,17.082525407555295,719.8946335700691,1628125,-1.277705034887331,-11.180260611037163,21.675267927283635,13.436760492259996,25.502230730779015,0,0,0,0,0,20,20,1,1
51,2007,12,5,3,39419.125,52.504035953059365,171.426135421565,384,522,950.706931894983,986.706931894983,36.0,41.60133262748034,15.556248040580758,825.940600060099,2143125,-0.2766845274876687,-2.4161025589257927,30.99386816150339,5.662139076082801,31.506819619402357,0,0,0,0,0,19,19,1,1
51,2007,12,5,6,39419.25,52.898459323775285,173.11526191261237,379,521,951.3486057327499,987.3486057327499,36.0,40.77757555160581,13.17610768271763,855.1707218487189,2297500,0.6416738377668662,5.57400545314497,37.76577584583795,14.619292591218588,40.49663617025167,0,0,0,0,0,17,17,1,1
51,2007,12,5,9,39419.375,53.493904362353305,174.8055710922652,374,519,952.3276160544488,986.3276160544488,34.0,40.3135944482102,12.265985720836616,820.745573631955,2116250,0.9790103216988791,8.438463178733933,37.270886606203156,22.07015579518318,43.31524864566878,0,0,0,0,0,16,16,1,1
51,2007,12,5,12,39419.5,53.80367453915843,176.20991837180847,370,518,953.992158327855,985.992158327855,32.0,38.711810975329904,12.200631200533389,806.8108311406411,2045000,1.6645422734062594,14.290350748677506,30.739068823803926,11.48162402883934,32.813382064245914,0,0,0,0,0,15,15,1,1
51,2007,12,5,15,39419.625,54.31552557732345,177.25629502377652,367,516,954.5361970564104,986.5361970564104,32.0,38.03120383215172,11.03757974953558,836.7095110762604,2199375,0.5440387285554606,4.640504476359301,22.6232758446872,18.97174621390016,29.525239446098357,0,0,0,0,0,17,17,1,1
51,2007,12,5,18,39419.75,54.820042776525234,178.702259323261,363,514,956.3239080427425,986.3239080427425,30.0,36.70502492533827,9.654787002361772,827.9854572203182,2153750,1.7877109863319491,15.153457142896983,30.877808301321178,18.699917652053752,36.098836071080335,0,0,0,0,0,19,19,1,1
51,2007,12,5,21,39419.875,55.535194682747466,-179.81090570465625,359,511,958.8107264743152,986.8107264743152,28.0,35.09951114797142,9.38490192571051,825.3382073025045,2140000,2.4868184315727557,20.897183439667646,-31.18586676011152,26.507087917365595,40.92901165968191,0,0,0,0,0,17,17,1,1
51,2007,12,6,0,39420.0,55.995648096446004,-178.65887222028283,356,509,961.5660769957258,985.5660769957258,24.0,32.91462074160587,9.363293303406463,738.3127251305788,1712500,2.7553505214105827,23.02743220113749,23.880001228971004,17.06669451981524,29.351772016836534,0,0,0,0,0,19,19,1,1
51,2007,12,6,3,39420.125,56.684732195566056,-177.8499736489614,354,506,963.7776244028729,985.7776244028729,22.0,31.15798237001369,8.080396231062041,733.8532133112186,1691875,2.2115474071471546,18.335245164141355,16.467276965206906,25.540885284528674,30.389274946373554,0,0,0,0,0,15,15,1,1
51,2007,12,6,6,39420.25,57.352371038980095,-176.61013419918208,351,503,965.9670420754201,985.9670420754201,20.0,30.38298734940503,7.70426923823972,659.613391068942,1366875,2.1894176725471333,18.015028848133525,24.790837346408555,24.74601740616076,35.02786025154972,0,0,0,0,0,13,13,1,1
51,2007,12,6,9,39420.375,58.02067910275884,-175.72605390240307,349,500,968.2556158810388,986.2556158810388,18.0,29.16275785768305,7.113898719797071,606.1756963648521,1154375,2.2885738056187983,18.692489796192493,17.3544595097174,24.770822042614885,30.24517960834943,0,0,0,0,0,12,12,1,1
51,2007,12,6,12,39420.5,58.67966168038056,-174.8055710922652,347,497,971.203143623975,987.203143623975,16.0,27.835122110440736,7.183891085675278,563.660407645593,998125,2.947527742936218,23.904581633046313,17.734990948582475,24.425173126229932,30.18474757543298,0,0,0,0,0,16,16,1,1
51,2007,12,6,15,39420.625,59.35297018229267,-174.2683189799365,346,494,972.7462016978997,986.7462016978997,14.0,26.76351412710439,6.239123965826657,515.3540640031864,834375,1.5430580739246216,12.426273283777727,10.15070018583805,24.956163159758308,26.941544015131175,0,0,0,0,0,14,14,1,1
51,2007,12,6,18,39420.75,60.25306029579853,-173.6598082540901,345,490,974.5585142492165,988.5585142492165,14.0,25.62849451235628,6.14736133958475,546.092093532253,936875,1.8123125513168634,14.461764040205702,11.190797397570321,33.36181804825847,35.18870344128313,0,0,0,0,0,13,13,1,1
51,2007,12,6,21,39420.875,60.94458720217504,-173.51188488348944,345,487,976.6311191707944,990.6311191707944,14.0,24.66207888776445,5.257717868491236,657.3474503597743,1357500,2.072604921577877,16.426724463464932,2.662738545683967,25.631427875758625,25.769366921072926,0,0,0,0,0,13,13,1,1
51,2007,12,7,0,39421.0,61.83663069822338,-172.8464356816056,344,483,979.3629745404241,991.3629745404241,12.0,22.86139129952956,5.3915778952869005,614.4876748035892,1186250,2.731855369629775,21.468617927885674,11.641447285462029,33.063570368950145,35.05314508632156,0,0,0,0,0,8,8,1,1
51,2007,12,7,3,39421.125,62.95125912948088,-172.0730733173104,343,478,981.0419239738999,991.0419239738999,10.0,22.080072987294194,5.547994484590672,516.70341302981,838750,1.6789494334756454,13.060680115236215,13.035125736716033,41.313675549872514,43.32129142133381,0,0,0,0,0,7,7,1,1
51,2007,12,7,6,39421.25,63.89582696320689,-172.2906669199661,344,474,982.5714414488914,992.5714414488914,10.0,21.017257544264382,6.353988898680401,578.4663065820774,1051250,1.5295174749915896,11.80051296802095,-3.548679864884348,35.010383660657794,35.189772560360346,0,0,0,0,0,14,14,1,1
51,2007,12,7,9,39421.375,64.80715505693374,-172.01513378474343,344,470,984.1600072452297,994.1600072452297,10.0,20.2008885900005,6.890023926102293,682.2962762200846,1462500,1.588565796338371,12.162832695253218,4.347168475139674,33.77835351036054,34.056938200932485,0,0,0,0,0,16,16,1,1
51,2007,12,7,12,39421.5,65.52080678675289,-172.31809538374856,345,467,986.3194541675141,994.3194541675141,8.0,18.716119062594856,6.690730215244548,557.9846390569548,978125,2.15944692228426,16.438735387173292,-4.652984504957322,26.451483915667655,26.857610953772443,0,0,0,0,0,14,14,1,1
51,2007,12,7,15,39421.625,67.14045136077621,-172.3493490446406,346,460,987.1242022643659,993.1242022643659,6.0,19.21954277188906,5.7528640826898485,383.1715477462718,461250,0.8047480968518357,6.050679315800162,-0.4500139675734218,60.032086532926925,60.033773211983245,0,0,0,0,0,11,11,1,1
51,2007,12,7,18,39421.75,67.62340612894295,-172.76762129172235,347,458,988.2506534870507,994.2506534870507,6.0,18.28339992547611,5.469326245164484,392.912579079798,485000,1.1264512226848455,8.439785066407474,-5.901962422810512,17.90070667298004,18.84856651929635,0,0,0,0,0,12,12,1,1
51,2007,12,7,21,39421.875,68.55779779602915,-173.06161419466378,348,454,989.5738488068455,995.5738488068455,6.0,18.208539402896665,4.491736240778482,383.69039909802694,462500,1.3231953197947588,9.849050309040743,-3.9834718787386816,34.633204292979265,34.86153880436059,0,0,0,0,0,11,11,1,1
51,2007,12,8,0,39422.0,69.23654660702961,-172.83645253416765,348,451,991.0369552730235,997.0369552730235,6.0,17.370866941291677,3.96493047720076,379.78173623415614,453125,1.4631064661779964,10.840786402889846,2.958606084631832,25.157808083092533,25.331179552277792,0,0,0,0,0,16,16,1,1
51,2007,12,8,3,39422.125,70.39395673159068,-173.078882361565,349,446,992.0638135836713,998.0638135836713,6.0,17.57984348576231,3.815705552316067,351.7711873561401,388750,1.0268583106478035,7.552140574014626,-3.015143117517225,42.899377966079356,43.005205706933275,0,0,0,0,0,13,13,1,1
51,2007,12,8,6,39422.25,71.0976530857027,-173.50922836552434,350,443,992.7961495535818,998.7961495535818,6.0,17.44198449495453,4.152351351066172,348.3613699989857,381250,0.7323359699104912,5.36298711947252,-5.167337593499821,26.082488158509854,26.5894258370504,0,0,0,0,0,15,15,1,1
51,2007,12,8,9,39422.375,71.77420888295784,-173.26951606538435,350,440,993.7035303034636,1001.7035303034636,8.0,17.4005650418988,4.415568274272082,425.72020323904735,569375,0.9073807498818496,6.618562516871262,2.7788713244495096,25.076524082244887,25.23002548324626,0,0,0,0,0,15,15,1,1
51,2007,12,8,12,39422.5,72.25050001947953,-173.8200757508169,351,438,995.1457528133745,1003.1457528133745,8.0,16.52574476815555,3.731323697935514,443.1223431961267,616875,1.4422225099109347,10.491418319103527,-6.22101629130364,17.65371932899448,18.717768292282567,0,0,0,0,0,15,15,1,1
51,2007,12,8,15,39422.625,72.95018048288159,-174.3269778600747,352,435,995.7332538072114,1003.7332538072114,8.0,16.600213675705273,3.9495591994466666,439.063121680765,605625,0.5875009938368748,4.257440036271936,-5.508775853443834,25.93363926754147,26.51226616233427,0,0,0,0,0,15,15,1,1
51,2007,12,8,18,39422.75,73.40080538006046,-174.17365797044425,352,433,996.1538467040114,1006.1538467040114,10.0,16.604987511766556,5.079818785293173,559.231135735104,982500,0.4205928967999353,3.0406680730395426,1.6234322753139567,16.70240079533851,16.781112140756807,0,0,0,0,0,15,15,1,1
51,2007,12,8,21,39422.875,73.62596640599432,-174.0938588862295,352,432,997.6421112532714,1007.6421112532714,10.0,15.833264915911426,4.857650159619734,621.2493356115934,1212500,1.4882645492600568,10.746872716436496,0.8338096952054402,8.345587920643066,8.387137553957372,0,0,0,0,0,17,17,1,1
51,2007,12,9,0,39423.0,74.09833057949488,-174.73230287195577,353,430,999.3341504284862,1005.3341504284862,6.0,14.957990611712967,4.901030898234967,355.707997883175,397500,1.6920391752147408,12.18923266203333,-6.483578577572797,17.508166540637497,18.670101413389784,0,0,0,0,0,18,18,1,1
51,2007,12,9,3,39423.125,74.54857208880901,-174.57940471623766,353,428,1000.3895842583173,1006.3895842583173,6.0,14.367223078579576,4.459343418978023,368.6170542239,426875,1.0554338298311632,7.586460103833156,1.509853816936674,16.688190533506525,16.756352879762797,0,0,0,0,0,16,16,1,1
51,2007,12,9,6,39423.25,74.77355220321321,-174.4995885297981,353,427,1001.4728643500757,1005.4728643500757,4.0,13.625435031076572,3.9179763095836826,272.7726817250237,233750,1.0832800917583518,7.778236795892188,0.7769742123550144,8.33888243921998,8.37500144846531,0,0,0,0,0,17,17,1,1
51,2007,12,9,9,39423.375,75.24383087215391,-175.2001638860953,354,425,1002.8573416411027,1006.8573416411027,4.0,13.29671543414735,3.821966782583477,276.7549753174722,240625,1.3844772910269967,9.919086183393865,-6.613865205365003,17.430867365120125,18.643453276020182,0,0,0,0,0,13,13,1,1
51,2007,12,9,12,39423.5,75.46883829174581,-175.12610357779525,354,424,1004.357344485839,1008.357344485839,4.0,12.387540187626794,3.8911214174509956,283.852408727268,253125,1.5000028447363,10.73574690605919,0.688749264727915,8.339894505334872,8.368286318582678,0,0,0,0,0,14,14,1,1
51,2007,12,9,15,39423.625,75.91859549480014,-174.97092641821456,354,422,1005.2995302660504,1009.2995302660504,4.0,12.139583726398616,3.9389141069634213,289.7485676944319,263750,0.9421857802114392,6.729880543937144,1.3993743229582103,16.670239733829156,16.72887148851025,0,0,0,0,0,11,11,1,1
51,2007,12,9,18,39423.75,76.14334478820999,-174.88958243896877,354,421,1006.2644600140574,1008.2644600140574,2.0,11.665206727306696,4.323136889936941,165.69317331547472,86250,0.96492974800698,6.885614987778901,0.7220762185095723,8.33032706470803,8.361563434570366,0,0,0,0,0,12,12,1,1
51,2007,12,9,21,39423.875,76.59258290657033,-174.71875937155488,354,419,1007.7818610803512,1009.7818610803512,2.0,10.9599935200431,4.391870074536564,168.07737027574956,88750,1.5174010662938235,10.807409516655143,1.468120887064807,16.650999872339003,16.71559677928579,0,0,0,0,0,11,11,1,1
51,2007,12,10,0,39424.0,77.06099372668518,-175.5251034937539,355,417,1009.6835072680778,1011.6835072680778,2.0,9.49988115447573,5.724992469357385,160.19904673114672,80625,1.901646187726583,13.518232952294253,-6.692083420962368,17.361635594063177,18.60672918634978,0,0,0,0,0,12,12,1,1
51,2007,12,10,3,39424.125,77.51021270240192,-175.36453657309735,355,415,1010.6570425364827,1012.6570425364827,2.0,8.883125654951765,5.5061874021351835,162.6637921881437,83125,0.9735352684048121,6.908338997749022,1.2870845766833399,16.65029035072198,16.69996273860758,0,0,0,0,0,10,10,1,1
51,2007,12,10,6,39424.25,77.46578862207878,-173.32011393677743,353,415,1011.5893026456939,1013.5893026456939,2.0,8.087888675760453,5.550098056463976,176.1681409986482,97500,0.9322601092113473,6.616583195612426,16.444370461216195,-1.6465774509277369,16.526600895756616,0,0,0,0,0,11,11,1,1
51,2007,12,10,9,39424.375,77.46578862207878,-173.32011393677743,353,415,,,,8.087888675760453,,0.0,0,0.0,,0.0,0.0,0.0,0,3,0,0,0,11,11,0,0
57,2007,12,3,0,39417.0,43.27287173021536,-83.90959753589961,158,338,1000.6545025163298,1018.6545025163298,18.0,22.268220465829604,4.187732945179232,815.0294128004205,2086875,,,,,,3,0,0,0,0,8,8,1,1
57,2007,12,3,3,39417.125,44.755549340784455,-81.6637986084599,165,331,997.5908848044555,1019.5908848044555,22.0,25.12325148886402,5.30702103908523,927.9160749373586,2705000,-3.063617711874249,-30.146091987326166,59.10862105203463,54.95540938158693,80.70889729745318,0,0,0,0,0,7,7,1,1
57,2007,12,3,6,39417.25,43.66843941862862,-79.24903300681196,162,322,994.563689768236,1016.563689768236,22.0,25.849130011824517,7.824919867482167,868.7878438452703,2371250,-3.0271950362194913,-30.374375517959155,64.73966041182048,-40.29370268289666,76.25487594990571,0,0,0,0,0,8,8,1,1
57,2007,12,3,9,39417.375,44.089880924270346,-77.3932388974334,165,316,992.6467068001305,1014.6467068001305,22.0,26.042910751982273,11.748451622513457,868.2151802514106,2368125,-1.9169829681055852,-19.08812252679103,49.40369879253426,15.620719101601555,51.81440262740265,0,0,0,0,0,7,7,1,1
57,2007,12,3,12,39417.5,44.694835753190745,-75.43423575344342,169,310,992.4042635462253,1012.4042635462253,20.0,24.05382541086961,14.10838691987687,853.307602594411,2287500,-0.24244325390522137,-2.388202724482478,51.61479615702206,22.42263594169137,56.27487703144778,0,0,0,0,0,5,5,1,2
57,2007,12,3,15,39417.625,45.443922241297265,-74.27801791701086,173,307,992.3268570459509,1010.3268570459509,18.0,23.078639042326376,16.677044405606793,824.132100845892,2133750,-0.07740650027437368,-0.7526171558057684,30.067240022367915,27.764872365145283,40.9258727459231,0,0,0,0,0,6,6,1,2
57,2007,12,3,18,39417.75,45.91126801614404,-74.11614626607893,175,307,992.4891965243598,1006.8180093211164,14.328812796756537,21.004563539359758,11.88899797520884,802.9797402182952,2025625,0.162339478408976,1.5658897533145038,4.174467731418408,17.32215971724369,17.818063814858043,0,0,0,0,0,5,4,2,0
57,2007,12,3,21,39417.875,46.30986647418079,-73.661464797459,177,306,993.9470734545872,1005.9976326136634,12.05055915907622,18.818948099019135,10.643516739741317,842.3966420344922,2229375,1.4578769302273578,13.968554452636285,11.641159489553136,14.77404210067677,18.809277345336334,0,0,0,0,0,6,4,2,0
57,2007,12,4,0,39418.0,46.44379565273828,-74.24136983222766,177,308,995.6590353055426,995.6590353055426,0.0,17.365058467170154,7.871868077371329,14.104739588693906,625,1.7119618509554129,16.366551113496758,-14.810861465695147,4.964081728422306,15.620618578099574,0,0,0,2,0,10,10,1,1
57,2007,12,4,3,39418.125,46.50896434266751,-74.53257738850664,177,309,995.631698263792,995.631698263792,0.0,16.1863253887652,5.547190161013714,14.104739588693906,625,-0.027337041750579372,-0.26106307977194776,-7.428595337921623,2.415475898734165,7.811437288486447,0,0,0,0,0,8,8,1,1
57,2007,12,4,6,39418.25,46.50896434266751,-74.53257738850664,177,309,,,,16.1863253887652,,0.0,0,0.0,,0.0,0.0,0.0,0,3,0,0,0,8,8,0,0
59,2007,12,3,0,39417.0,83.43798968533946,126.67434966957317,383,377,987.6810375858595,995.6810375858595,8.0,18.806785749118923,7.562700481248831,538.2025607773058,910000,0.3665853363122733,2.5565261383728064,-21.272662680047596,62.615821657838346,66.13068349401289,2,0,0,2,0,9,9,1,1
59,2007,12,3,3,39417.125,84.93114057487729,120.52970589993411,379,371,988.3515751995416,995.4450459113647,7.093470711823175,17.29402256817662,6.743611900523611,600.4048185209234,1132500,0.6705376136820996,4.663860132182899,-20.112907837510903,55.34360121047241,58.885000268523484,0,0,0,0,0,9,8,2,0
59,2007,12,3,6,39417.25,85.5985029873522,-7.305759533310827,357,340,985.5661586472764,993.5661586472764,8.0,20.536846590404988,2.309300028281723,539.8633989603604,915625,-1.878887264088262,-13.055817716893607,-41.80588835638554,-66.91918477759866,78.90443328840887,0,0,0,0,2,11,11,1,1
59,2007,12,3,9,39417.375,84.20157650668403,-10.007979801441337,355,334,984.7042719156202,990.7042719156202,6.0,19.807665720906122,3.282891524833831,376.3613946086751,445000,-0.8618867316562683,-6.002035920966444,-10.117899168435994,-51.777045848579505,52.756367960546164,0,0,0,0,0,11,11,1,1
59,2007,12,3,12,39417.5,83.31666404568749,-8.673174047879765,355,330,983.6615564395162,989.6615564395162,6.0,19.275719779649496,6.332470887056334,296.87042583783426,276875,-1.0427154761040582,-7.2735719949008955,5.7578116362700715,-32.79925872912181,33.300807317821,0,0,0,0,0,8,8,1,1
59,2007,12,3,15,39417.625,82.87294114062269,-8.130102354155978,355,328,984.0868638986535,994.0868638986535,10.0,17.75840086677206,8.28680034954581,563.660407645593,998125,0.4253074591374025,2.9695609603483657,2.497390432224327,-16.44657862639719,16.635110684489913,0,0,0,0,0,8,8,1,1
59,2007,12,3,18,39417.75,82.67821705626795,-6.14662565964667,356,327,985.5779830315415,993.5779830315415,8.0,15.298089676141409,9.375611721906825,516.8958896291585,839375,1.4911191328879796,10.415705399204933,9.368737015245214,-7.2174434252513295,11.826441681990802,0,0,0,0,0,7,7,1,1
59,2007,12,3,21,39417.875,82.67821705626795,-6.14662565964667,356,327,987.7084877468695,993.7084877468695,6.0,14.298931953014975,8.61657299241022,355.428243221036,396875,2.1305047153279886,14.881915855706733,0.0,0.0,0.0,0,0,0,0,0,8,8,1,1
59,2007,12,4,0,39418.0,82.90119238725912,-6.340191745909909,356,328,989.1908157352693,995.1908157352693,6.0,13.806075600057158,9.054202354070076,399.68959722325764,501875,1.4823279883997749,10.349201256805486,-0.8866329654754405,8.264575191036073,8.3119986226994,0,0,0,0,0,14,14,1,1
59,2007,12,4,3,39418.125,82.87294114062269,-8.130102354155978,355,328,990.7226790053679,994.7226790053679,4.0,12.687258357284144,8.12249731049822,297.5398075802073,278125,1.5318632700986927,10.69570087649708,-8.23085272776892,-1.0471317657847445,8.2971935954958,0,0,0,0,0,11,11,1,1
59,2007,12,4,6,39418.25,83.05861782993202,-10.222168633636123,354,329,992.6075816905309,994.6075816905309,2.0,11.771525431834558,8.190650657280857,126.94265629824517,50625,1.8849026851629604,13.155413931298156,-9.370781414568732,6.88210194911845,11.626472876917003,0,0,0,0,0,11,11,1,1
59,2007,12,4,9,39418.375,83.0153336286293,-12.030596096537868,353,329,994.8703404717387,994.8703404717387,0.0,10.378299815367773,7.012614538926937,14.104739588693906,625,2.262758781207813,15.794064699217863,-8.150680721378789,-1.6043278629080335,8.307073137607427,0,0,0,0,0,9,9,1,1
59,2007,12,4,12,39418.5,83.18274072411718,-14.2645122980799,352,330,997.3279176249578,997.3279176249578,0.0,9.153890700607517,5.965504523109193,14.104739588693906,625,2.4575771532190265,17.14783264503664,-9.828006720092477,6.204939900851463,11.622865191653968,0,0,0,0,0,11,11,1,1
59,2007,12,4,15,39418.625,83.18274072411718,-14.2645122980799,352,330,,,,9.153890700607517,,0.0,0,0.0,,0.0,0.0,0.0,0,3,0,0,0,11,11,0,0
63,2007,12,3,6,39417.25,55.5895443138758,-157.24902365721235,301,499,988.9946036768445,988.9946036768445,0.0,10.704578751390887,1.9516778131302273,14.104739588693906,625,,,,,,3,0,0,0,0,16,16,1,1
63,2007,12,3,9,39417.375,54.79718281788629,-161.3307139172158,310,506,985.7855041280895,987.7855041280895,2.0,14.346243313207033,2.121264835915208,316.0217188583157,313750,-3.2090995487548937,-27.209452228601243,-87.20091149325113,-29.36885947417555,92.0137428434888,0,0,2,0,0,15,15,1,2
63,2007,12,3,12,39417.5,53.750155840763064,-162.24846742664474,311,511,982.36523542641,986.36523542641,4.0,15.637766320962195,5.197883745785876,371.8411714846597,434375,-3.420268701679597,-29.38362943182897,-20.114076925066467,-38.80802930536338,43.71085939573179,0,0,0,0,0,12,12,1,1
63,2007,12,3,15,39417.625,53.60332631440272,-161.565051177078,309,511,978.556108215254,984.556108215254,6.0,17.32045507692014,5.773760781538003,414.35298340953466,539375,-3.80912721115601,-32.78603719862907,15.030537617655044,-5.44223280429802,15.985460862043386,0,0,0,0,0,15,15,1,1
63,2007,12,3,18,39417.75,53.45109900597481,-160.8870262663267,307,511,976.0101591114415,986.0101591114415,10.0,18.708068129724104,5.6525065396932765,578.4663065820774,1051250,-2.5459491038124544,-21.95665280778188,14.965657635795786,-5.6423014646468825,15.993951178173862,0,0,0,0,0,14,14,1,1
63,2007,12,3,21,39417.875,53.434873666357944,-159.75750024318455,304,510,975.710599211638,987.710599211638,12.0,18.52084282640919,5.623431588927997,666.3649834935717,1395000,-0.2995598998034257,-2.583992734397543,24.94074119408265,-0.6013918161600713,24.947990769333625,0,0,0,0,0,14,14,1,1
63,2007,12,4,0,39418.0,53.317055181755045,-158.2977752608152,300,509,974.203842187792,990.203842187792,16.0,18.87723318326509,5.314768893170549,838.0162208412127,2206250,-1.506757023846003,-13.017112385703713,32.32083537823978,-4.3669392509309155,32.61451452909574,0,0,0,0,0,21,21,1,2
63,2007,12,4,3,39418.125,53.82599397718504,-156.42228661919373,296,505,974.8382100324575,994.8382100324575,20.0,19.056103107852667,4.412330402804655,1044.2271323128641,3425625,0.634367844665394,5.444593591718983,41.02927046558426,18.863804008136153,45.15799083878111,0,0,0,0,0,17,17,1,2
63,2007,12,4,6,39418.25,54.920779366460856,-154.84834601889685,294,499,975.5033661463173,999.5033661463173,24.0,20.454523027166157,3.98338097973392,1228.894408101535,4744375,0.6651561138598481,5.631197607172575,33.526678445878304,40.578193684019844,52.6367549367469,0,0,0,0,0,18,18,1,2
63,2007,12,4,9,39418.375,55.87807082806209,-153.69111304535238,293,494,976.9733351673812,995.2786488277766,18.305313660395477,21.0884365174951,5.13934878145621,978.527427503499,3008125,1.46996902106388,12.302104312064944,24.060694835669477,35.48198461673695,42.87059911311678,0,0,0,0,0,16,15,2,0
63,2007,12,4,12,39418.5,56.716714404424884,-152.9975849554013,293,490,979.8316350732362,983.8316350732362,4.0,22.045191151049192,6.122082419193248,180.07726023841454,101875,2.8582999058549468,23.688579923163697,14.106633483655981,31.084303651530647,34.13548068714964,0,0,0,2,0,16,16,1,1
63,2007,12,4,15,39418.625,57.75484633760724,-152.0817568691423,293,485,982.5904565484088,986.5904565484088,4.0,22.48971419418415,6.604069205370832,182.27340554900803,104375,2.7588214751727356,22.599062503302015,18.111056181324113,38.47833471919567,42.52755105535161,0,0,0,0,0,15,15,1,1
63,2007,12,4,18,39418.75,58.482694512967456,-151.86685695774372,294,482,986.8935680890987,990.8935680890987,4.0,20.0437439026946,8.90083876849778,173.8949084575512,95000,4.30311154068986,34.97178872248922,4.163886223171744,26.977674822518082,27.297122326520896,0,0,0,0,0,13,13,1,1
63,2007,12,4,21,39418.875,58.89302319175358,-151.47289171473662,294,480,992.2195415565095,996.2195415565095,4.0,17.06184286881225,11.59958975813759,170.4282168957679,91250,5.325973467410804,43.09652697953533,7.544092453897221,15.208822445926991,16.977090773883543,0,0,0,0,0,13,13,1,1
63,2007,12,5,0,39419.0,59.09744713684662,-151.27209673377698,294,479,997.6726249295743,999.6726249295743,2.0,13.292109737101248,10.741509944767312,109.25484305920791,37500,5.453083373064874,44.0305588785682,3.822293865863401,7.5769685263373345,8.486482336405558,0,0,0,0,0,17,17,1,1
63,2007,12,5,3,39419.125,59.301369438112786,-151.06870083146623,294,478,1002.2265876516258,1002.2265876516258,0.0,9.670178050800997,7.5224450636278934,14.104739588693906,625,4.553962722051365,36.69273495721863,3.848757268410063,7.558375110160529,8.481861046788817,0,0,0,0,0,16,16,1,1
63,2007,12,5,6,39419.25,59.301369438112786,-151.06870083146623,294,478,,,,9.670178050800997,,0.0,0,0.0,,0.0,0.0,0.0,0,3,0,0,0,16,16,0,0
66,2007,12,3,12,39417.5,38.0036924001032,61.889882845261624,557,254,1008.6286741821284,1016.6286741821284,8.0,7.673444365657786,5.312714592133853,891.3927604520286,2496250,,,,,,3,0,0,0,0,2,2,1,1
66,2007,12,3,15,39417.625,38.63297820117325,66.15575484187279,562,270,1010.4041299235035,1018.4041299235035,8.0,7.527609757598567,12.26056229280337,914.744288479376,2628750,1.7754557413750445,19.702291432996677,123.50175149381724,23.324462829482243,125.6849759848984,0,0,0,0,0,4,4,1,2
66,2007,12,3,18,39417.75,39.814070783602155,67.04448103207324,559,275,1011.0451727135187,1019.0451727135187,8.0,8.152388535573456,12.491418877111137,896.6222204992114,2525625,0.641042790015199,6.936258205444598,25.302448390640546,43.77716768787132,50.56336920472204,0,0,0,0,0,3,3,1,1
66,2007,12,3,21,39417.875,40.37742734867736,68.52117053255664,559,281,1010.9920136950345,1016.9920136950345,6.0,9.166398117396842,10.82104254713151,649.1245734339386,1323750,-0.05315901848414797,-0.5685168416733608,41.69511463587104,20.88079730942263,46.63143018153763,0,0,0,1,0,5,5,1,2
66,2007,12,4,0,39418.0,41.599582632496954,69.74812063237087,556,287,1012.7940889002738,1016.7940889002738,4.0,8.46459536707503,20.28217471939446,526.2410103554245,870000,1.8020752052392346,18.805170601378386,34.00745413299941,45.29915571086008,56.64380323322937,0,0,0,0,0,9,9,1,2
66,2007,12,4,3,39418.125,43.18101796671234,71.47580548677303,552,295,1014.5725161090694,1018.5725161090694,4.0,9.929650992257285,10.824306111973929,523.2078956954491,860000,1.7784272087956197,18.005560411232395,46.69436197233777,58.615861993730796,74.94119506167351,0,0,0,0,0,7,7,1,2
66,2007,12,4,6,39418.25,44.0960104880186,70.20112364547508,547,292,1015.5032189643566,1019.5032189643566,4.0,10.893762215010739,4.671799432862535,492.0512749486031,760625,0.9307028552872362,9.266336130447378,-33.93058234087734,33.914175428989985,47.97348968982104,0,0,1,0,0,8,8,1,1
66,2007,12,4,9,39418.375,44.01270200124872,69.93106635278355,547,291,1015.8917327163798,1021.8917327163798,6.0,9.855225356312763,5.414421842677548,648.5113238181223,1321250,0.3885137520231365,3.8739683045064144,-7.198806942485462,-3.087827025081885,7.8331026504191135,0,0,0,0,0,6,6,1,1
66,2007,12,4,12,39418.5,43.71715211594212,70.66283001554784,549,293,1017.6712053307929,1021.6712053307929,4.0,8.179423434058348,6.553966214918619,559.586767653868,983750,1.7794726144130981,17.83905248991147,19.603220806386453,-10.95454927215848,22.456366931008468,0,0,0,0,0,8,8,1,1
66,2007,12,4,15,39418.625,44.56247477535759,72.75854060106002,548,301,1019.4917884808424,1023.4917884808424,4.0,8.433880711335759,8.156214294037635,589.7063257722367,1092500,1.820583150049497,17.975789502436168,55.34256619414386,31.331863701562416,63.59626809779392,0,0,0,1,0,9,9,1,2
66,2007,12,4,18,39418.75,44.975388350852164,74.43670437010371,548,307,1020.7809705664985,1022.7809705664985,2.0,8.061854200792453,5.392278164666932,386.78889139475245,470000,1.2891820856560663,12.636782531686478,44.00092212883377,15.304631579220091,46.58661713371507,0,0,0,0,0,8,8,1,2
66,2007,12,4,21,39418.875,44.975388350852164,74.43670437010371,548,307,,,,8.061854200792453,,0.0,0,0.0,,0.0,0.0,0.0,0,3,0,0,0,8,8,0,0
67,2007,12,4,0,39418.0,43.475190283749626,-66.80140948635182,174,280,981.4954455757305,995.4954455757305,14.0,26.73223869185836,17.485865999498785,474.76645643294637,708125,-4.50218703793289,-45.33464322422316,8.902190354794087,25.094553944102852,26.626784086075375,2,0,0,2,0,8,8,1,2
67,2007,12,4,3,39418.125,44.27404150003989,-66.08146073261355,178,279,975.882984158308,995.882984158308,20.0,30.512351243384444,26.00835966674327,589.7063257722367,1092500,-5.612461417422601,-55.700869212593254,19.10655737401853,29.609400798437647,35.23885852761383,0,0,0,0,0,5,5,1,1
67,2007,12,4,6,39418.25,44.619341149045546,-65.58009886196258,180,278,973.1598540399483,1001.1598540399483,28.0,30.839813469263543,22.21723802727778,880.614819438817,2436250,-2.723130118359695,-26.860160854793385,13.227129257766263,12.798523047191795,18.405410633592393,0,0,0,0,0,7,7,1,1
67,2007,12,4,9,39418.375,44.8572927121448,-64.80664948967097,182,276,972.5349489604649,1000.5349489604649,28.0,29.738589018741077,14.063861092605585,919.1919299793158,2654375,-0.6249050794832874,-6.138101596666331,20.32160397463635,8.819668867926362,22.152971517198893,0,0,0,0,0,5,5,1,1
67,2007,12,4,12,39418.5,45.19731111581491,-63.63229286290593,185,273,972.7347617222778,996.7347617222778,24.0,28.193237575948107,11.842728879517017,820.866761609527,2116875,0.199812761812791,1.9510499379163988,30.672144464139045,12.60277381796638,33.16037324783656,0,0,0,0,0,6,6,1,2
67,2007,12,4,15,39418.625,45.73950201245379,-62.969139740157026,188,272,973.1233400352487,985.1233400352487,12.0,27.003630794189736,9.16657806508876,394.9327084834294,490000,0.3885783129709307,3.759071434712317,17.1546945866135,20.096292326368975,26.422424408575058,0,0,0,2,0,6,6,1,1
67,2007,12,4,18,39418.75,46.1610111309917,-62.02466937223535,191,270,972.7373124877827,984.7373124877827,12.0,25.463931364823004,10.608051073092138,413.15091245942784,536250,-0.3860275474660739,-3.7079132595312023,24.246742665612842,15.62322517194544,28.84423156656734,0,0,0,0,0,5,5,1,1
67,2007,12,4,21,39418.875,46.473175916043765,-61.473993938189075,193,269,973.3530989430311,987.3530989430311,14.0,25.08386834917555,10.597060528635193,491.44442833544383,758750,0.6157864552484534,5.884120805288145,14.05674941881559,11.570380124959309,18.206204998830092,0,0,0,0,0,6,6,1,1
67,2007,12,5,0,39419.0,46.56909013715309,-61.063106633132804,194,268,974.4568848602122,986.4568848602122,12.0,23.69123410801188,8.575253100483387,432.2130429014286,586875,1.103785917181085,10.530449090735935,10.469974614729692,3.555058260140722,11.057070483002219,0,0,0,0,0,8,8,1,1
67,2007,12,5,3,39419.125,46.72033520454151,-59.55757375292895,197,264,975.0162929012382,985.0162929012382,10.0,22.95008898067686,6.501526846213383,359.6017119844745,406250,0.5594080410260358,5.323635687302416,38.25540620406866,5.605894724535275,38.663964611778596,0,0,0,0,0,6,6,1,1
67,2007,12,5,6,39419.25,47.01247421533312,-58.983774820035435,199,263,976.9828564591154,982.9828564591154,6.0,20.873814490841596,7.693042907769122,225.6758334191025,160000,1.9665635578772345,18.625716534270254,14.501215136846485,10.828125291662491,18.097887660637266,0,0,0,0,0,6,6,1,1
67,2007,12,5,9,39419.375,47.04474449981102,-57.88103142483049,201,260,979.5785820088512,983.5785820088512,4.0,19.025756801223416,6.628892404806175,184.98192550829796,107500,2.595725549735798,24.571739632607432,27.851842861834182,1.1960973051063382,27.87751422856038,0,0,0,0,0,7,7,1,1
67,2007,12,5,12,39419.5,47.32955985201884,-56.18175421019668,205,256,984.4737846955957,986.4737846955957,2.0,15.554132558269998,6.164353576257054,133.80930871145785,56250,4.895202686744451,46.126210371335326,42.6882516905451,10.556674065330915,43.974199250434985,0,0,0,0,0,6,6,1,1
67,2007,12,5,15,39419.625,47.574154760011304,-54.46232220802562,209,252,988.2634857873409,988.2634857873409,0.0,13.07521288424555,5.154112453010239,14.104739588693906,625,3.789701091745228,35.56970844068584,42.99411221906253,9.065904283951456,43.939552865170484,0,0,0,0,0,6,6,1,1
67,2007,12,5,18,39419.75,47.574154760011304,-54.46232220802562,209,252,,,,13.07521288424555,,0.0,0,0.0,,0.0,0.0,0.0,0,3,0,0,0,6,6,0,0
74,2007,11,30,18,39414.75,48.238169731031995,-78.44337032276614,181,323,1010.5355046394906,1012.5355046394906,2.0,7.538227784486121,5.938409438412709,178.4124116152771,100000,,,,,,3,0,0,0,0,5,5,1,1
74,2007,11,30,21,39414.875,47.401000741829414,-76.4502537451953,179,316,1008.9818057059816,1012.9818057059816,4.0,9.707412388834953,5.389321515349584,237.27844638474429,176875,-1.5536989335088582,-14.623300752513904,50.00177254165302,-31.029648114493547,58.847398578157204,0,0,0,0,0,4,4,1,1
74,2007,12,1,0,39415.0,47.16495966190331,-75.25643716352927,179,312,1011.1636864700622,1013.1636864700622,2.0,8.87001746254727,8.475524746542069,211.1004122822376,140000,2.1818807640805606,20.61396508996526,30.08400776695086,-8.748856855828508,31.33033704902865,0,0,0,0,0,7,7,1,1
74,2007,12,1,3,39415.125,46.722902285079265,-71.27665203802508,181,299,1010.1972216877799,1012.1972216877799,2.0,8.270798149888941,3.7329761488748043,176.73188049071527,98125,-0.9664647822822735,-9.197024290924194,101.11180589763912,-16.384845862878706,102.43075937350137,0,0,0,0,0,6,6,1,1
74,2007,12,1,6,39415.25,46.2029556460964,-68.61720785413783,182,290,1008.7692848794837,1010.7692848794837,2.0,9.176624836846802,4.454435668995356,177.8539989415875,99375,-1.4279368082962174,-13.706140435399941,68.21923751611033,-19.27180946026127,70.88911769201313,0,0,0,0,0,7,7,1,1
74,2007,12,1,9,39415.375,45.826582627753986,-65.23527116638203,185,279,1006.7443627152611,1008.7443627152611,2.0,9.515056292492341,8.416815646012328,135.28790949515025,57500,-2.0249221642226622,-19.559965933336965,87.34239505419403,-13.950256721858718,88.44944113112678,0,0,0,0,0,7,7,1,1
74,2007,12,1,12,39415.5,46.065799839432195,-63.770008041531135,188,275,1006.3329852255983,1008.3329852255983,2.0,10.10098505030188,6.771133292938393,152.56608544230824,73125,-0.4113774896627001,-3.9577281882555466,37.68143250741195,8.866580101558137,38.71054893059499,0,0,0,0,0,7,7,1,1
74,2007,12,1,15,39415.625,45.910003118078805,-60.82935397449728,192,266,1003.7904743831907,1005.7904743831907,2.0,11.094490965304969,5.740084396901657,144.5305721320277,65625,-2.542510842407646,-24.525006849038906,75.83324290256968,-5.774601667451264,76.05278925547613,0,0,0,0,0,7,7,1,1
74,2007,12,1,18,39415.75,46.473175916043765,-59.03624346792648,197,262,999.4383192090173,1003.4383192090173,4.0,13.690319528992896,9.737407045561122,197.9694540487982,123125,-4.352155174173386,-41.58683028821035,45.77072763828803,20.873985985975,50.30589229385584,0,0,0,0,0,8,8,1,1
74,2007,12,1,21,39415.875,46.71135137215956,-57.78521510023219,200,259,996.0997002414416,1002.0997002414416,6.0,16.89676349086201,12.375301072860239,243.89374731754785,186875,-3.3386189675757487,-31.77683321633434,31.79392048771838,8.827967457110388,32.9967633170764,0,0,0,0,0,8,8,1,1
74,2007,12,2,0,39416.0,47.2621034025823,-56.60856748866696,204,257,995.3500625582877,1001.3500625582877,6.0,17.21401022213728,11.523054560785967,349.50167213195084,383750,-0.7496376831538509,-7.071318516568568,29.59709333548094,20.413610540732456,35.95418514189792,0,0,0,0,0,8,8,1,1
74,2007,12,2,3,39416.125,47.194731734115976,-55.92654636288054,205,255,993.5242935877937,1000.7933249365898,7.26903134879598,18.189463577401668,7.05381447653388,485.3342309955121,740000,-1.8257689704939548,-17.24118952346327,17.17731299941436,-2.497129244344871,17.357872460149373,0,0,0,0,0,9,5,2,0
74,2007,12,2,6,39416.25,45.52301230618728,-51.08575111951758,209,238,988.1103936914409,1000.1103936914409,12.0,20.822246344213568,8.307790273780338,572.5898905580716,1030000,-5.41389989635296,-52.567514470440166,125.68946267168961,-61.96223971960485,140.13265207569518,0,0,1,0,0,6,6,1,1
74,2007,12,2,9,39416.375,45.584602730717386,-47.09780858619215,218,228,983.6681852773746,999.6681852773746,16.0,24.503622398647718,12.350241189343505,635.3398495426047,1268125,-4.442208414066263,-43.08719709284116,103.43705280637784,2.2828475792108183,103.46224087240381,0,0,0,1,0,4,4,1,2
74,2007,12,2,12,39416.5,46.47062048906307,-44.35865612105747,227,224,983.4625339798368,1010.2271767192943,26.764642739457486,24.673351682523997,17.46154534587302,1073.165857148245,3618125,-0.20565129753769726,-1.965175322337226,69.92056582365022,32.84022654834141,77.24872817623466,0,0,0,0,0,4,7,2,0
74,2007,12,2,15,39416.625,47.498574640822184,-45.21868511942297,228,229,978.4836971080496,1008.2107714083245,29.72707430027498,28.150949839967744,12.965603351692916,1011.1239121327133,3211875,-4.978836871787353,-46.78725132393678,-21.536232596635163,38.10109549960824,43.766457392924075,0,0,0,0,0,2,7,2,0
74,2007,12,2,18,39416.75,48.172178429014245,-46.11024434322052,228,233,973.0808868970146,1009.0808868970146,36.0,32.70651863301461,18.7061234420682,1118.8179599102605,3932500,-5.402810211034957,-50.23371631772124,-22.03781530753075,24.967107938504302,33.301978655055336,0,0,0,0,0,1,1,1,2
74,2007,12,2,21,39416.875,48.81990004784923,-47.4797637918171,227,238,968.8292626819817,1008.8292626819817,40.0,37.236978739437,27.207702315866044,1121.3046198183495,3950000,-4.2516242150327885,-39.13687041037342,-33.42215248262776,24.00778596415053,41.15111254234184,0,0,0,0,0,3,3,1,2
74,2007,12,3,0,39417.0,48.76382973754737,-48.829046294496536,224,241,967.0021572132738,1009.0021572132738,42.0,38.65566292874486,19.565143249128013,1162.9355652500187,4248750,-1.8271054687080324,-16.83321268734836,-32.965117135848054,-2.0782446803180643,33.03056234355469,0,0,0,0,0,2,2,1,1
74,2007,12,3,3,39417.125,47.19861626393993,-49.34872358851172,218,238,966.1992478223041,1008.1992478223041,42.0,37.856557792290104,17.921333927965314,1189.4904136170874,4445000,-0.8029093909697258,-7.581596597646312,-13.08759748049713,-58.01459912695102,59.47250557755525,0,0,0,1,0,2,2,1,2
74,2007,12,3,6,39417.25,46.64466048400055,-45.0,226,226,964.9634901947688,1004.9634901947688,40.0,35.022447388337994,9.90881351148666,1136.8105109938904,4060000,-1.235757627535204,-11.774806835920822,110.64306356631141,-20.53235743822974,112.5320630634223,0,0,0,0,0,3,3,1,3
74,2007,12,3,9,39417.375,47.823813928657614,-43.457793872571536,233,226,962.3826906259095,1002.3826906259095,40.0,36.55161154109827,6.653300545690871,1109.622651397616,3868125,-2.5807995688593657,-24.127238819288326,38.378539894869284,43.70529359377372,58.16412135139696,0,0,0,0,0,2,2,1,2
74,2007,12,3,12,39417.5,49.32061136428886,-42.26284369493932,240,228,961.12055585128,1001.12055585128,40.0,37.27630539551417,10.473333432828513,1097.0912711039398,3781250,-1.2621347746295215,-11.530439292210627,28.869577259414314,55.47876035225999,62.540749446747014,0,0,0,0,0,1,1,1,1
74,2007,12,3,15,39417.625,49.97930355039362,-41.75593697037146,243,229,958.8106703396671,1000.8106703396671,42.0,37.4400990069688,8.731167298588115,1194.7472100220348,4484375,-2.3098855116128107,-20.89723324610324,12.082180680710032,24.414409771754265,27.24045694375285,0,0,0,0,0,1,1,1,1
74,2007,12,3,18,39417.75,50.272790276348914,-40.79806364184037,246,228,957.8656599937098,997.8656599937098,40.0,36.25976617078076,9.117816157697817,1180.7613228273542,4380000,-0.9450103459574166,-8.512881002615114,22.69133978383758,10.878078321250285,25.16405152491994,0,0,0,0,0,1,1,1,1
74,2007,12,3,21,39417.875,53.16143997342888,-38.46596150381974,259,233,956.2840045153297,992.2840045153297,36.0,34.92261944510413,11.58870016392204,1067.869452345852,3582500,-1.58165547837998,-13.691923748169245,51.82346385578355,107.06773038954414,118.95028497981758,0,0,0,0,0,1,1,1,1
74,2007,12,4,0,39418.0,53.64035667945857,-38.12697006165853,261,234,954.5922314832461,992.5922314832461,38.0,34.85786930767748,9.90515037740588,1177.9779964339157,4359375,-1.6917730320835835,-14.554549729266062,7.4490036931849195,17.751035998608593,19.250634666030642,0,0,0,0,0,2,2,1,2
74,2007,12,4,3,39418.125,53.742728029913096,-37.33804884502777,263,233,953.2841829708425,987.2841829708425,34.0,34.41257316496503,9.327975370273052,1079.5425284769487,3661250,-1.3080485124036203,-11.238551780423297,17.293593778561537,3.7943916014319856,17.704965218913024,0,0,0,0,0,2,2,1,2
74,2007,12,4,6,39418.25,54.39239474145697,-35.36728192403195,269,232,952.7765779145984,984.7765779145984,32.0,32.45582905120085,6.645973117002285,1058.419508365222,3519375,-0.507605056244065,-4.325571224411798,42.52850099691971,24.079880777843947,48.872426329374925,0,0,0,0,0,4,4,1,2
74,2007,12,4,9,39418.375,55.32162309788204,-33.220867809306185,276,232,953.3142218894603,985.3142218894603,32.0,30.559676860065913,6.596229537975669,1102.7886057177711,3820625,0.5376439748618577,4.529539428271754,45.263572017752956,34.44182630957649,56.8773272169618,0,0,0,0,0,3,3,1,2
74,2007,12,4,12,39418.5,56.027061957414105,-32.14765693360906,280,233,954.7242034028485,982.7242034028485,28.0,29.411448289266307,5.108993095922342,1027.8088026342523,3318750,1.409981513388193,11.779355661180084,22.228072311633852,26.147074079296736,34.31845977895067,0,0,0,0,0,3,3,1,2
74,2007,12,4,15,39418.625,56.636809330288195,-30.49522672280347,285,233,955.3959053306417,980.6071164267779,25.21121109613625,28.673208971886147,5.028416710108795,943.7535961669334,2798125,0.6717019277931832,5.571934838598127,33.68178016176243,22.600271466148897,40.561491407601345,0,0,0,0,0,4,5,2,0
74,2007,12,4,18,39418.75,56.69272522109238,-28.750851983853586,289,231,957.5644382342164,982.3799036386497,24.815465404433343,27.358168159922005,5.196927176062164,985.2137885665712,3049375,2.168532903574669,17.976977275479054,35.50308724769759,2.0725211254121407,35.563528339197546,0,0,0,0,0,2,4,2,0
74,2007,12,4,21,39418.875,56.92686904587711,-26.301017195818876,295,229,960.8742542325292,983.682724617589,22.808470385059774,25.39043981098455,4.246151154714535,985.7184829230002,3052500,3.3098159983128426,27.36488025391616,49.54940448632756,8.678535140404774,50.30368234168288,0,0,0,0,0,2,4,2,0
74,2007,12,5,0,39419.0,63.92373415211855,-30.45296073791106,301,260,956.2989702557492,962.2989702557492,6.0,26.129076860056458,20.34244019467318,165.09174420450913,85625,0.6162456381601805,4.753316332399581,-18.064012965894005,-1.1094012085597043,18.09804783598332,0,0,0,0,2,6,6,1,1
74,2007,12,5,3,39419.125,64.12187237022796,-30.70644188695261,301,261,957.7255263449672,963.7255263449672,6.0,25.3341558902857,14.429383565798561,169.8435557664936,90625,1.4265560892180655,10.984997009804,-4.100642512574912,7.343988209386719,8.411268146691546,0,0,0,0,0,5,5,1,1
74,2007,12,5,6,39419.25,64.20031358915648,-31.393896945750694,300,262,959.5432032348465,965.5432032348465,6.0,24.744982822807845,14.488184117307682,157.06373285785546,77500,1.8176768898792215,13.987491964825852,-11.089728701919997,2.9074218615550773,11.464518505512412,0,0,0,0,0,5,5,1,1
74,2007,12,5,9,39419.375,64.46949747169977,-32.35457960346704,299,264,960.7049168216349,968.7049168216349,8.0,24.92737767262358,17.306934615316568,184.98192550829796,107500,1.1617135867885373,8.91952636513849,-15.346462292316573,9.977294024433242,18.304652439734706,0,0,0,0,0,8,8,1,1
74,2007,12,5,12,39419.5,64.53873504188051,-33.05582281155367,298,265,961.6109394887882,971.6109394887882,10.0,25.734886505678954,24.866653433524696,198.47127856504602,123750,0.9060226671531564,6.952348149213301,-11.173736654925355,2.566288845765012,11.464651293149755,0,0,0,0,0,7,7,1,1
74,2007,12,5,15,39419.625,64.604059913427,-33.76071580030233,297,266,961.3638578833021,975.3638578833021,14.0,26.947327534002614,28.712818065889806,249.93662229367052,196250,-0.24708160548601882,-1.8949486423261541,-11.204990141261755,2.4212647665585454,11.463608818149323,0,0,0,0,0,8,8,1,1
74,2007,12,5,18,39419.75,64.66544407208939,-34.469072147325164,296,267,961.6479237350571,979.6479237350571,18.0,27.517617582526444,31.3803341832578,351.20518347003207,387500,0.28406585175500365,2.1774865011210056,-11.234626309601966,2.2752023398674024,11.462694884002573,0,0,0,0,0,8,8,1,1
74,2007,12,5,21,39419.875,64.72286092346488,-35.1806993612421,295,268,962.2155115438575,982.2155115438575,20.0,27.766354077268534,34.13499944269388,411.4621133397383,531875,0.5675878088003082,4.348742798482498,-11.26260650145284,2.1281541922868654,11.461908456828468,0,0,0,0,0,9,9,1,1
74,2007,12,6,0,39420.0,64.53465740538829,-34.88795968908738,295,267,963.0718323895895,983.0718323895895,20.0,27.34582459490209,42.35601053897146,403.89827515005896,512500,0.8563208457321161,6.571184834145338,4.665283898757643,-6.975758795591436,8.392025061347148,0,0,0,0,0,8,8,1,1
74,2007,12,6,3,39420.125,64.66544407208939,-34.469072147325164,296,267,965.4833626806451,983.4833626806451,18.0,25.574217599740248,39.50378718014923,392.40592177158686,483750,2.411530291055533,18.48541323561373,6.643634858312322,4.84760460330457,8.224181085102774,0,0,0,0,0,5,5,1,1
74,2007,12,6,6,39420.25,65.04292538301578,-35.055705736814076,296,269,968.6987107732997,984.6987107732997,16.0,22.981047949943722,36.18850533191071,414.5929793656026,540000,3.2153480926546036,24.570915026345578,-9.174426075259097,13.991335559384227,16.73103596749716,0,0,0,0,0,6,6,1,1
74,2007,12,6,9,39420.375,64.91030920068303,-35.47774499007478,295,269,971.9165606648189,983.9165606648189,12.0,21.453338374853942,36.95555869074895,288.716818776427,261875,3.2178498915192906,24.616616109809588,-6.633137142514327,-4.915415555456993,8.255895980100023,0,0,0,0,0,5,5,1,1
74,2007,12,6,12,39420.5,64.91030920068303,-35.47774499007478,295,269,975.2553572601691,985.2553572601691,10.0,19.87514815181425,41.304522604732846,270.9431997691338,230625,3.3387965953501406,25.54186081615764,0.0,0.0,0.0,0,0,0,0,0,4,4,1,1
74,2007,12,6,15,39420.625,64.77628535221056,-35.895399134597824,294,269,979.133678582106,987.133678582106,8.0,17.54062673979339,33.782533921185674,311.2644721248978,304375,3.878321321936819,29.70184730957416,-6.596993450712911,-4.96759066650599,8.258164421874056,0,0,0,0,0,3,3,1,1
74,2007,12,6,18,39420.75,64.64087384089817,-36.308692464115154,293,269,982.3561303704532,986.3561303704532,4.0,15.939325864927422,27.892401295701706,88.0840704993241,24375,3.2224517883472434,24.706492351674065,-6.560846665598244,-5.019024355736914,8.260466963372709,0,0,0,3,0,5,5,1,1
74,2007,12,6,21,39420.875,64.31940302180618,-36.41637851988605,292,268,985.479425436743,987.479425436743,2.0,14.792506034355243,21.610455917024883,66.15709285501535,13750,3.1232950662898658,24.010486987940578,-1.7296803784380188,-11.915308049100062,12.04019767763396,0,0,0,0,0,4,4,1,1
74,2007,12,7,0,39421.0,64.13392590471025,-36.119340849479755,292,267,987.4676127810543,989.4676127810543,2.0,13.84152359607563,18.17070836340594,69.0988298942671,15000,1.9881873443113,15.308198570202928,4.803184567927098,-6.87470480990821,8.386426427087292,0,0,0,0,0,3,3,1,1
74,2007,12,7,3,39421.125,63.94767661022084,-35.82646455771808,292,266,988.3146402915415,990.3146402915415,2.0,13.590384693501955,16.979526048956032,75.95634724683123,18125,0.8470275104872417,6.5320817119257955,4.767621102166872,-6.903325546117253,8.389643292149074,0,0,0,0,0,2,2,1,1
74,2007,12,7,6,39421.25,63.893834648574455,-35.13419305691563,293,265,989.5724309446399,991.5724309446399,2.0,11.897020156945473,13.44696449643481,84.62843753216345,22500,1.2577906530983456,9.704255137013192,11.290834766958554,-1.995650991889777,11.465843737649257,0,0,0,0,0,6,6,1,1
74,2007,12,7,9,39421.375,63.705201442684995,-34.85084820103174,293,264,990.7117134099716,992.7117134099716,2.0,10.263690445158362,12.38166057727809,92.49096275414898,26875,1.1392824653316347,8.804178279640238,4.6523504870577,-6.991685163868704,8.398096598937629,0,0,0,0,0,7,7,1,1
74,2007,12,7,12,39421.5,63.64589236163294,-34.16695360802932,294,263,991.8083448785296,995.8083448785296,4.0,7.9825343514646905,9.62132051999739,325.0216815494707,331875,1.0966314685580436,8.4789200813217,11.2526076864529,-2.198289638979961,11.46532411587503,0,0,2,0,0,6,6,1,2
74,2007,12,7,15,39421.625,63.64589236163294,-34.16695360802932,294,263,,,,7.9825343514646905,,0.0,0,0.0,,0.0,0.0,0.0,0,3,0,0,0,6,6,0,0
82,2007,12,4,9,39418.375,49.882322520718894,-106.0576084082825,191,408,1008.0166694428807,1020.0166694428807,12.0,19.280105722602862,9.979130496657671,736.1539113717346,1702500,,,,,,3,0,0,0,0,12,12,1,1
82,2007,12,4,12,39418.5,49.14956672560203,-104.77625657301543,187,405,1008.3947881524509,1018.3947881524509,10.0,18.73467030955398,12.950699089674599,698.8610245343875,1534375,0.37811870957026256,3.4632672798139414,31.06434770013786,-27.159575628798432,41.26301305493192,0,0,0,0,0,13,13,1,1
82,2007,12,4,15,39418.625,46.95959258767416,-101.84931195357763,176,398,1007.6997135898184,1017.6997135898184,10.0,17.597194458970836,8.110597354639685,646.5142452375586,1313125,-0.6950745626325079,-6.5888612985854795,74.03968131309041,-81.17133787345689,109.866557701199,0,0,0,0,0,12,12,1,2
82,2007,12,4,18,39418.75,46.34427445797371,-101.07341873171163,173,396,1006.1296141451817,1014.1296141451817,8.0,17.84068792374159,8.024768112925958,538.3873513615586,910625,-1.5700994446367258,-15.035184561123401,19.85256486336963,-22.806751431702793,30.236935071560673,0,0,0,0,0,11,11,1,1
82,2007,12,4,21,39418.875,45.12490569228966,-99.29330859939712,167,391,1004.8270278078202,1012.8270278078202,8.0,14.947572823150187,6.773063898116306,748.0832631778878,1758125,-1.302586337361572,-12.73495537185422,46.55196144413655,-45.19587348430139,64.88260240083896,0,0,0,0,0,10,10,1,1
82,2007,12,5,0,39419.0,41.997812103616866,-96.49241184343873,153,383,1005.3115417631473,1011.3115417631473,6.0,11.10493112850262,2.958575249472415,723.0656872351752,1642500,0.4845139553271292,5.016888315724683,77.14891906895517,-115.90564740104686,139.2338852900543,0,0,0,0,0,13,13,1,1
82,2007,12,5,3,39419.125,41.50893245804541,-93.14196113693623,150,371,1003.7661272767142,1009.7661272767142,6.0,11.826606075556688,4.238754213854772,601.0671516715935,1135000,-1.545414486433001,-16.155652725455898,92.98994659000094,-18.120312109112145,94.73898816085628,0,0,0,0,0,13,13,1,1
82,2007,12,5,6,39419.25,40.346201388045884,-90.66775274341546,145,362,1002.1605194269009,1008.1605194269009,6.0,12.436942541308193,2.9977898704636754,501.46267067967744,790000,-1.6056078498133866,-17.182420687302802,69.89149444689541,-43.096598678648846,82.11052194261664,0,0,0,0,0,12,12,1,1
82,2007,12,5,9,39419.375,39.8416136510568,-88.80926610814267,143,355,1001.0540342034697,1007.0540342034697,6.0,13.510042712079525,4.088117015963653,444.6909227673531,621250,-1.1064852234312275,-11.96557360126139,52.89003658574856,-18.702532133415158,56.09938215562848,0,0,0,0,0,13,13,1,1
82,2007,12,5,12,39419.5,39.28027027144173,-86.98721249581666,141,348,1000.3100037394004,1008.3100037394004,8.0,14.089412975342873,5.473515484711534,536.9072458769722,905625,-0.7440304640692194,-8.141963847502737,52.27465647463858,-20.806178639568717,56.26310317715438,0,0,0,0,0,11,11,1,1
82,2007,12,5,15,39419.625,38.59574546202424,-84.4309411748044,139,338,1001.5619576724919,1007.5619576724919,6.0,13.272475414428843,4.703462448440987,375.83242541597855,443750,1.2519539330914267,13.904282575055351,74.04960524550363,-25.371895323186006,78.27564825222227,0,0,0,0,0,10,10,1,1
82,2007,12,5,18,39419.75,38.26149979177052,-81.61541298900401,139,327,1000.6136131861098,1006.6136131861098,6.0,12.503231068981208,4.496858543526396,470.1344778027556,694375,-0.9483444863821205,-10.610103854604683,81.93756769499377,-12.388807595041357,82.86885756059776,0,0,0,0,0,10,10,1,1
82,2007,12,5,21,39419.875,35.77065667313406,-81.97432483187707,129,327,1001.0040127885494,1007.0040127885494,6.0,11.798525184840532,12.948224262186631,533.3755344752541,893750,0.39039960243972016,4.627155550287941,-10.793607447244685,-92.32303928662822,92.9518453009165,0,0,0,0,0,11,11,1,1
82,2007,12,6,0,39420.0,35.789141957763455,-80.4769616937057,130,321,1003.9054189539863,1007.4151357175695,3.5097167635831283,10.202791269435048,4.5523892119725495,488.80605388712996,750625,2.9014061654369288,34.373111180549,45.01953484535494,0.6851566227896463,45.02474827569701,0,0,0,0,0,12,9,2,0
82,2007,12,6,3,39420.125,35.17161511758466,-78.59449500492391,129,313,1006.7508769016899,1006.7508769016899,0.0,8.6241020476277,4.355314980713447,14.104739588693906,625,2.845457947703544,34.223910397889966,57.03419340502511,-22.888617231575882,61.45557758361239,0,0,0,2,0,7,7,1,1
82,2007,12,6,6,39420.25,35.17161511758466,-78.59449500492391,129,313,,,,8.6241020476277,,0.0,0,0.0,,0.0,0.0,0.0,0,3,0,0,0,7,7,0,0
83,2007,12,4,15,39418.625,44.089880924270346,-49.476658748410614,208,230,985.3005833286885,985.3005833286885,0.0,15.489517065255063,9.265535234154813,14.104739588693906,625,1.63435536923178,16.273892913636324,117.72539368421812,16.432738571228086,118.86674562321654,2,0,0,2,0,2,2,1,1
83,2007,12,4,18,39418.75,45.4062987456397,-47.298960979689596,217,228,985.2440604797614,985.2440604797614,0.0,14.243859849971347,6.89233193908396,14.104739588693906,625,-0.05652284892712487,-0.5499227736675383,56.66715841192556,48.79299436025145,74.77916247940863,0,0,0,0,0,1,1,1,1
83,2007,12,4,21,39418.875,46.81282624933464,-44.35383439396843,228,225,985.840152504813,985.840152504813,0.0,14.203916440202352,9.102451154667506,14.104739588693906,625,0.5960920250516211,5.6641378691669635,74.7036889512188,52.13290753230454,91.09599986109305,0,0,0,0,0,1,1,1,1
83,2007,12,5,0,39419.0,48.669184615606234,-43.203074727304035,236,228,986.7450992541566,986.7450992541566,0.0,11.630483261816181,5.125423746598026,14.104739588693906,625,0.9049467493435077,8.349419866598998,28.16793418030163,68.80587745452766,74.34837784560791,0,0,0,0,0,3,3,1,1
83,2007,12,5,3,39419.125,50.3347324679164,-42.19591700487772,243,231,985.3413505303278,985.3413505303278,0.0,10.97936826428014,7.821424059331039,14.104739588693906,625,-1.4037487238287576,-12.633963798983235,23.82778188654677,61.73349042021031,66.1724038334338,0,0,0,0,0,2,2,1,1
83,2007,12,5,6,39419.25,51.255422559097376,-40.21651905123254,250,230,985.2733387082492,985.2733387082492,0.0,10.265230756468574,10.209957330318284,14.104739588693906,625,-0.06801182207855164,-0.6041458051158456,45.91490785186764,34.12535571708041,57.20768013005569,0,0,0,0,0,1,1,1,1
83,2007,12,5,9,39419.375,52.30957093175798,-38.36181870705259,257,230,986.4730084240222,986.4730084240222,0.0,9.098357783630014,7.424783927643512,14.104739588693906,625,1.1996697157729068,10.503331147958235,42.0288378329903,39.071983656825665,57.38504261975457,0,0,0,0,0,3,3,1,1
83,2007,12,5,12,39419.5,53.28912061602318,-34.62764086077528,268,227,988.2009458175257,988.2009458175257,0.0,8.10026299295043,7.5007582847076995,14.104739588693906,625,1.727937393503671,14.933349915811762,82.72728781306577,36.30698509552305,90.34379511417679,0,0,0,0,0,2,2,1,1
83,2007,12,5,15,39419.625,54.455806062220326,-31.90810693565316,277,227,987.7382158050972,987.7382158050972,0.0,7.578366981719626,8.636817353520527,14.104739588693906,625,-0.46273001242865575,-3.9400468957407826,58.59418126131898,43.24316753572202,72.82341392853556,0,0,0,0,0,3,3,1,1
83,2007,12,5,18,39419.75,55.41588675188395,-29.347487321881058,285,227,986.5779433633699,986.5779433633699,0.0,8.27917027414864,9.906390942571962,14.104739588693906,625,-1.1602724417272838,-9.763954752865926,53.86895149656767,35.585367286667996,64.56146141675094,0,0,0,0,0,2,2,1,1
83,2007,12,5,21,39419.875,56.293529015443745,-27.515572676779296,291,228,985.3542956947239,987.3542956947239,2.0,9.612352820251054,9.392004846991913,115.45226928885475,41875,-1.2236476686460083,-10.190848461167345,37.679134297136315,32.5297890388985,49.77855297512047,0,0,0,0,0,4,4,1,1
83,2007,12,6,0,39420.0,57.21594051868036,-24.345395623880098,300,228,983.7835481043288,985.7835481043288,2.0,10.998478821392677,14.442091616613398,92.49096275414898,26875,-1.5707475903950399,-12.944254581101188,63.61886984902145,34.189159812830844,72.22367513200929,0,0,0,0,0,4,4,1,1
83,2007,12,6,3,39420.125,58.160155357681866,-21.535977595292543,308,229,981.6052931913514,985.6052931913514,4.0,12.730044044096182,17.707420562487094,133.80930871145785,56250,-2.178254912977427,-17.76448532411673,54.929999208472466,34.99729991982559,65.13152704121876,0,0,0,0,0,2,2,1,1
83,2007,12,6,6,39420.25,58.79803508338376,-18.434948822922006,316,229,979.5940668672391,983.5940668672391,4.0,14.513916178250826,17.217535153300343,124.56968712917198,48750,-2.011226324112213,-16.290690156971117,59.53984836033081,23.642996435824323,64.06235105922659,0,0,0,0,0,2,2,1,1
83,2007,12,6,9,39420.375,59.21211176039664,-16.032339353935967,322,229,976.9005625173527,982.9005625173527,6.0,17.462674433006946,23.7854119230224,145.90056078898738,66875,-2.693504349886498,-21.722544621485003,45.580144190243345,15.347741908556598,48.09472659341186,0,0,0,0,0,2,2,1,1
83,2007,12,6,12,39420.5,59.34264380602439,-13.471011962246585,328,228,975.3538517900063,981.3538517900063,6.0,19.46366419956851,19.79702413584404,178.96908195899073,100625,-1.5467107273463625,-12.457018615557242,48.4049142955385,4.838167079447295,48.646105585617796,0,0,0,0,0,2,2,1,1
83,2007,12,6,15,39420.625,59.68160290491208,-10.553873698269536,335,228,974.1430688205728,982.1430688205728,8.0,19.931567702102836,10.806209894861896,314.44396702089864,310625,-1.2107829694334942,-9.717591368047586,54.57695135539102,12.563510712107536,56.004333945347106,0,0,0,0,0,1,1,1,1
83,2007,12,6,18,39420.75,59.67638912731415,-7.948403873891743,341,227,972.5227519655708,980.5227519655708,8.0,21.404945215467745,8.978791590975016,294.5156090686586,272500,-1.62031685500202,-13.005150778066298,48.75430314833218,-0.19324853918128906,48.75468613864075,0,0,0,0,0,1,1,1,1
83,2007,12,6,21,39420.875,59.60694889407121,-5.349177429529283,347,226,971.3917504883534,979.3917504883534,8.0,22.580448466943906,10.11129143321392,305.13217088461647,292500,-1.13100147721736,-9.084204583103507,48.73823871233387,-2.5738005472096246,48.80615086274737,0,0,0,0,0,1,1,1,1
83,2007,12,7,0,39421.0,59.693771520642684,-3.2154839917482096,352,226,970.1079676803823,978.1079676803823,8.0,22.980749507413567,10.115042308230986,310.6246678057967,303125,-1.283782807971147,-10.302199585235048,39.90641966042141,3.2180785309008897,40.035963327297544,0,0,0,0,0,0,0,1,1
83,2007,12,7,3,39421.125,59.26701208069027,-1.479635770896809,356,224,970.0482512631642,978.0482512631642,8.0,23.323186728106823,11.896494593855387,329.2784611561371,340625,-0.05971641721815104,-0.4813257343441273,32.878825638034975,-15.817828206793719,36.485899530036875,0,0,0,0,0,0,0,1,1
83,2007,12,7,6,39421.25,60.88504019631611,2.00564737138861,364,231,970.267069347827,976.267069347827,6.0,19.348750500748803,10.762207919176,257.3873444091637,208125,0.21881808466292568,1.7352766774614858,62.84781769213199,59.97217254194949,86.87064905976482,0,0,0,0,0,4,4,1,1
83,2007,12,7,9,39421.375,59.48404208364302,2.341645462199145,365,225,971.5749051165876,977.5749051165876,6.0,21.12321002582417,4.0913253288571285,272.0423653362309,232500,1.3078357687605604,10.517795296185135,6.3237431566362865,-51.92796078928307,52.31159373642161,0,0,0,0,0,3,3,1,1
83,2007,12,7,12,39421.5,59.21554046127828,3.5894967408381895,368,224,972.4327659699646,976.4327659699646,4.0,20.996536426986534,6.906413622002436,188.70855443464026,111875,0.8578608533770603,6.918220228274929,23.67166830844176,-9.952006067597491,25.678596248128194,0,0,0,0,0,4,4,1,1
83,2007,12,7,15,39421.625,58.69992589643801,4.780883874831956,371,222,,,,20.77780654759821,,0.0,0,1.3329431039915653,,22.941053829942135,-19.111241238093278,29.858524620096347,0,2,2,0,0,3,2,0,0
86,2007,12,4,12,39418.5,42.01440875210487,25.51669859178058,449,172,,,,9.789992002528603,,0.0,0,,,,,,0,0,0,0,0,0,0,0,0
86,2007,12,4,15,39418.625,41.001476173139864,24.690146067864966,448,167,1000.9526352211961,1002.9526352211961,2.0,11.373139097616205,6.426945786016805,215.76102719068473,146250,,,-23.120791076077197,-37.54432127129961,44.09248280269746,3,0,0,3,0,0,0,1,1
86,2007,12,4,18,39418.75,40.56856343299619,25.065504139100355,450,166,1001.7913739068172,1007.7913739068172,6.0,12.545437503911865,3.1103661603220827,547.9105870551213,943125,0.8387386856210651,8.935011611891937,10.568424720292079,-16.045900127923314,19.21360226463976,0,0,0,0,0,0,0,1,1
86,2007,12,4,21,39418.875,40.36007783500761,27.341693006701767,458,169,1001.8351238500186,1009.8351238500186,8.0,13.1463503184486,7.278328913777296,651.2663996705965,1332500,0.04374994320140104,0.46805680708626485,64.28492543164435,-7.727513591595955,64.74771118781247,0,0,0,0,0,0,0,1,1
86,2007,12,5,0,39419.0,39.69827998263328,26.388030794360425,456,165,1002.6203557804006,1012.615889676991,9.99553389659035,13.027494387289613,6.898972748868765,819.04705916836,2107500,0.7852319303819968,8.517090204076675,-27.19687477335933,-24.529521216096583,36.62468305021522,0,0,0,1,0,1,0,2,0
86,2007,12,5,3,39419.125,38.35925279676802,26.277135110520895,458,160,1000.9160139671388,1012.9160139671388,12.0,14.834743690238096,4.532556959813883,833.9706837243037,2185000,-1.704341813261708,-19.0270888921738,-3.2230658283704856,-49.63100990245255,49.735553654014474,0,0,1,0,0,0,0,1,2
86,2007,12,5,6,39419.25,38.24802677476824,26.50758301228422,459,160,1000.0110017599814,1014.0110017599814,14.0,16.772861306825263,6.435533279194133,851.557226181804,2278125,-0.9050122071575606,-10.128321292424685,6.708000945926763,-4.122589785743716,7.873564836341463,0,0,0,0,0,0,0,1,1
86,2007,12,5,9,39419.375,38.695075078586015,26.738849772978504,459,162,1000.380252912641,1014.380252912641,14.0,16.906081440307315,8.937396249949307,857.9578146972121,2312500,0.36925115265970815,4.09204573271553,6.69022781812672,16.569834449863787,17.86948689678384,0,0,0,1,0,0,0,1,2
86,2007,12,5,12,39419.5,38.58221099363222,26.969757318801413,460,162,1000.3543775452167,1012.3543775452167,12.0,16.02607431249035,8.928600546312081,791.3751961406222,1967500,-0.025875367424305296,-0.2874586119617765,6.6903631847284455,-4.18330454908053,7.890563762743928,0,0,0,0,0,0,0,1,1
86,2007,12,5,15,39419.625,38.13136326575927,27.310599820007777,462,161,1001.8044156498723,1011.8044156498723,10.0,14.679007542184356,5.62012087131603,742.611525505373,1732500,1.4500381046556867,16.26996436512175,9.937327029500969,-16.71066000956662,19.442135336597666,0,0,0,0,0,0,0,1,2
86,2007,12,5,18,39419.75,38.121276012029746,27.8839402309292,464,162,1002.7149190902876,1014.7149190902876,12.0,14.656951034526344,5.487748180362687,926.3066916222622,2695625,0.9105034404151957,10.218477638294011,16.71813988502142,-0.37388381283298283,16.722320123734104,0,0,0,0,0,0,0,1,2
86,2007,12,5,21,39419.875,36.76181818960164,28.30075576600638,468,158,1003.2091180759327,1013.2091180759327,10.0,13.384017763763824,4.87684702012848,786.8371677974249,1945000,0.49419898564505277,5.720917329341132,12.376859870652028,-50.388270947088195,51.8860724018973,0,0,0,0,0,0,0,1,4
86,2007,12,6,0,39420.0,36.52109401065683,28.739795291688043,470,158,1002.8961504285663,1012.8961504285663,10.0,13.02417604116726,4.410493687999624,806.440875829876,2043125,-0.31296764736631305,-3.6434806806284055,13.077578240192182,-8.922435806446384,15.831390126849398,0,0,0,0,0,0,0,1,4
86,2007,12,6,3,39420.125,36.391693629852746,30.96375653207352,478,162,1002.130158492038,1012.130158492038,10.0,12.644998549477611,5.17365186848001,771.5176518808164,1870000,-0.7659919365282986,-8.94476352821015,66.35388054926841,-4.79622195042956,66.52699609139408,0,0,1,0,0,0,0,1,2
86,2007,12,6,6,39420.25,36.0451088039893,31.048576276940757,479,161,1003.4702949808469,1013.4702949808469,10.0,12.03219149115333,3.7769975403216813,825.3382073025045,2140000,1.3401364888089302,15.779046063721916,2.54196570126692,-12.846158096001052,13.09524216858439,0,0,0,0,0,0,0,1,2
86,2007,12,6,9,39420.375,36.26141063018407,31.176592772684213,479,162,1004.7330845404312,1006.7330845404312,2.0,10.587446160047817,2.5285965104059143,219.41825422078801,151250,1.2627895595841983,14.7917208279474,3.8259626902644692,8.017221898937333,8.883346074768003,0,0,0,2,0,0,0,1,1
86,2007,12,6,12,39420.5,36.68589374540288,29.97747452335888,474,161,1003.2930122097422,1011.2930122097422,8.0,11.122599984093695,12.533906249939319,844.8727240047169,2242500,-1.4400723306889995,-16.70011827667662,-35.641456129282524,15.733456286202834,38.959659158229634,0,0,0,1,0,0,0,1,2
86,2007,12,6,15,39420.625,37.91534684198365,32.80430353476986,481,171,1004.3380822271336,1012.3380822271336,8.0,9.712519256013445,7.122617061685379,921.6775513990733,2668750,1.0450700173914083,11.782747403493255,82.65693995681924,45.56964896240826,94.38624173883787,0,0,1,0,0,0,0,1,1
86,2007,12,6,18,39420.75,37.91534684198365,32.80430353476986,481,171,,,,9.712519256013445,,0.0,0,0.0,,0.0,0.0,0.0,0,3,0,0,0,0,0,0,0
87,2007,12,2,15,39416.625,54.3351061537685,2.0127613246067195,365,203,975.7455659062216,979.7455659062216,4.0,22.373309261713917,10.990100960921046,305.45799283636967,293125,-3.670431981853617,-31.300120498378206,63.02046812902885,16.82776303017372,65.22846780203888,2,0,3,2,0,0,0,1,1
87,2007,12,2,18,39416.75,54.622346698287025,6.095861544595817,376,205,974.0950637968382,980.0950637968382,6.0,23.866881368154417,9.326228384419009,371.0377686630964,432500,-1.6505021093833785,-14.02460614208747,87.60797025511015,10.646563759026725,88.25251142089547,0,0,0,0,0,0,0,1,1
87,2007,12,2,21,39416.875,54.97736238447445,7.656159105651332,380,207,972.0620565445467,980.0620565445467,8.0,24.812250527465,11.085071288946638,393.67134241106896,486875,-2.033007252291427,-17.199476416668563,33.189323638169306,13.158647727759764,35.70267796093763,0,0,0,0,0,0,0,1,1
87,2007,12,3,0,39417.0,55.45768126135501,10.051700341992662,386,210,971.268883241538,981.268883241538,10.0,24.444818815357564,8.164545124924626,469.92284849750047,693750,-0.7931733030088072,-6.671379184640593,50.34313850517575,17.80300742691025,53.39830210778177,0,0,0,0,0,0,0,1,1
87,2007,12,3,3,39417.125,56.01920611683838,11.385123742551748,389,213,970.3166837654275,980.3166837654275,10.0,23.981561875895785,9.109732118110696,444.6909227673531,621250,-0.9521994761105452,-7.95565944219408,27.622996808499767,20.812905038189744,34.586225130983756,0,0,0,0,0,0,0,1,1
87,2007,12,3,6,39417.25,56.38223281753771,12.297692873660024,391,215,970.3550388314897,980.3550388314897,10.0,23.54756929747857,8.76760764392042,450.46925804339475,637500,0.03835506606221315,0.3191015568009315,18.726709017029023,13.455575784759317,23.059534910918682,0,0,0,0,0,1,1,1,1
87,2007,12,3,9,39417.375,56.45366137176004,13.518382816911993,394,216,971.6427783181799,981.6427783181799,10.0,22.891252944148334,6.353226682701352,466.3104555972362,683125,1.2877394866902614,10.704705583177745,25.002479344702806,2.647497615693076,25.14225958436097,0,0,0,0,0,0,0,1,1
87,2007,12,3,12,39417.5,56.222396856700584,15.018360631150669,398,216,971.863813935356,981.863813935356,10.0,22.95240978676272,4.6845777001422535,472.0348719413148,700000,0.2210356171760941,1.8423679596451858,30.909495894779496,-8.571813595842052,32.07604908325296,0,0,0,0,0,0,0,1,1
87,2007,12,3,15,39417.625,56.79678821248751,17.318938431514738,403,220,972.7062132165069,984.7062132165069,12.0,22.57523084661182,2.1925496358024974,566.301342334776,1007500,0.8423992811508652,6.975115253810295,46.69299032315303,21.28980155733203,51.31755056185593,0,0,0,0,0,0,0,1,1
87,2007,12,3,18,39417.75,57.17057478700912,19.18714778701652,407,223,973.3986015518906,985.3986015518906,12.0,23.23179671548189,4.355749903283504,538.0177067238444,909375,0.69238833538373,5.70876348393249,37.53937068770094,13.854390244883822,40.01435343331381,0,0,0,0,0,0,0,1,1
87,2007,12,3,21,39417.875,57.753201271147525,19.965874709032136,408,226,974.2018807482905,988.2018807482905,14.0,22.969528193595195,5.226196680388748,602.3896332520351,1140000,0.803279196399817,6.5802320828056455,15.400530846710746,21.595036388315577,26.523988142305505,0,0,0,0,0,0,0,1,1
87,2007,12,4,0,39418.0,58.110280245682,20.627635077596473,409,228,975.7367169725869,989.7367169725869,14.0,22.13247574146721,6.729004285272458,597.5817128748505,1121875,1.5348362242964504,12.523939444625197,12.95781675981298,13.235123459891707,18.52224360544548,0,0,0,0,0,1,1,1,1
87,2007,12,4,3,39418.125,58.54654623306507,20.918824961078347,409,230,977.7351548353997,991.7351548353997,14.0,21.12811088617385,6.41016705185859,597.4152323832858,1121250,1.9984378628128616,16.23040935734067,5.631816504363425,16.17018815485899,17.122860219670144,0,0,0,0,0,1,1,1,1
87,2007,12,4,6,39418.25,58.46255473303464,21.303863453631187,410,230,980.6637092244098,994.6637092244098,14.0,19.89973055628006,6.36645395059335,633.3012368467128,1260000,2.9285543890100962,23.805767361514885,7.464748905900942,-3.1131428948834987,8.087900525606935,0,0,0,0,0,3,3,1,1
87,2007,12,4,9,39418.375,58.59366885651084,21.839837233449085,411,231,984.582488953674,996.582488953674,12.0,18.022461264417846,5.52266807766915,601.0671516715935,1135000,3.918779729264206,31.810565936895262,10.352147946769264,4.859741780667265,11.436085750227747,0,0,0,0,0,2,2,1,1
87,2007,12,4,12,39418.5,58.41728203637105,22.604033011578736,413,231,988.3762219033763,996.3762219033763,8.0,15.933458508039847,5.480870161959829,500.2710745306043,786250,3.793732949702244,30.853641736855558,14.83448996864553,-6.537773175503575,16.211248277790915,0,0,0,0,0,2,2,1,1
87,2007,12,4,15,39418.625,58.44913457217833,23.523209020459618,415,232,992.0404455039492,998.0404455039492,6.0,14.114532914329951,6.187504606489747,465.02879365272946,679375,3.6642236005728774,29.79019201552254,17.826769847026828,1.1806134608444665,17.865821316771083,0,0,0,0,0,3,3,1,1
87,2007,12,4,18,39418.75,59.94858351097935,25.695536121449475,417,240,995.5560227335387,999.5560227335387,4.0,11.57057074971567,4.748121301464125,452.6720548375118,643750,3.515577229589544,28.1392082756957,40.319374550196976,55.57703825241358,68.66191917671188,0,0,0,0,0,3,3,1,1
87,2007,12,4,21,39418.875,60.572871793676434,27.25532837494307,419,244,997.9702698692928,999.7074292806996,1.7371594114067557,10.131579132151728,4.145225608999317,316.9646002738459,315625,2.4142471357541218,19.20408067185826,28.404123055923627,23.139229933186634,36.63629577996297,0,0,0,0,0,3,5,2,0
87,2007,12,5,0,39419.0,64.46949747169977,32.35457960346704,420,264,998.8696013550725,998.8696013550725,0.0,8.65842150606649,0.958724743231287,14.104739588693906,625,1.1621720743729385,8.92304658917965,23.571405495245877,24.580969251861514,34.05635339231534,0,0,0,0,2,7,7,1,1
87,2007,12,5,3,39419.125,64.46949747169977,32.35457960346704,420,264,,,,8.65842150606649,,0.0,0,0.0,,0.0,0.0,0.0,0,3,0,0,0,7,7,0,0
89,2007,12,5,0,39419.0,61.89056293553091,-6.2383326896393125,346,236,968.010162216884,968.010162216884,0.0,20.890615733786756,15.16151125399003,14.104739588693906,625,,,,,,3,0,0,0,0,5,5,1,1
89,2007,12,5,3,39419.125,63.160240000585446,-3.6214847041173397,352,241,965.5334558689549,967.5334558689549,2.0,23.63370014738626,18.954834254189553,66.15709285501535,13750,-2.4767063479291394,-19.23080749854223,43.789185744376844,47.06054937033927,64.28209778152605,0,0,0,0,0,4,4,1,1
89,2007,12,5,6,39419.25,64.3538120676817,-1.7662704860090481,356,246,962.6759850372728,966.6759850372728,4.0,26.88061108648374,21.088647156849913,98.73317712085735,30625,-2.8574708316821487,-21.960612171111862,29.76063974965568,44.23971948192053,53.31836886240805,0,0,0,0,0,3,3,1,1
89,2007,12,5,9,39419.375,65.28498097281839,-0.26162274569479377,359,250,961.8248455076675,967.8248455076675,6.0,27.94793190362214,23.79419811978165,118.84864828598478,44375,-0.8511395296052797,-6.49149786470023,23.317062368280798,34.51375270012302,41.651945007784995,0,0,0,0,0,6,6,1,1
89,2007,12,5,12,39419.5,65.97310641174815,0.26899229369648114,360,253,959.8866348436663,969.8866348436663,10.0,29.704769885321575,26.202552662885136,186.05429348039038,108750,-1.9382106640010897,-14.70219748380351,8.00779310136187,25.50535256801659,26.73289658778205,0,0,0,0,0,5,5,1,1
89,2007,12,5,15,39419.625,66.65365779588213,1.3836869673685084,362,256,959.9234772183902,969.9234772183902,10.0,29.56943107231645,24.691533060267975,180.62879984608918,102500,0.036842374723782996,0.27801349345382165,16.372878878600492,25.22462041220996,30.07245646290641,0,0,0,0,0,7,7,1,1
89,2007,12,5,18,39419.75,67.10439210791543,1.9749340108819766,363,258,960.296098511709,972.296098511709,12.0,29.109436588873862,24.38828637184728,226.99430130732603,161875,0.37262129331880717,2.802380984192512,8.52589944128507,16.706456254242926,18.75624274362639,0,0,0,0,0,7,7,1,1
89,2007,12,5,21,39419.875,67.768834108506,3.1959380135959132,365,261,961.0086109388576,973.0086109388576,12.0,28.58763716312723,20.376323295930778,240.60883306661233,181875,0.712512427148613,5.332848615435049,17.122257475871805,24.62752650507741,29.994778926145433,0,0,0,0,0,8,8,1,1
89,2007,12,6,0,39420.0,68.2106227515606,3.853480453602075,366,263,961.5755288664991,973.5755288664991,12.0,27.95161197798296,19.58277535191686,249.93662229367052,196250,0.5669179276414797,4.229931497843514,9.04666215986546,16.374885252285715,18.707724694902527,0,0,0,0,0,7,7,1,1
89,2007,12,6,3,39420.125,68.64903671619497,4.537772507906651,367,265,961.5347079991521,983.5347079991521,22.0,27.743966120437218,21.817618722096885,695.5796338302048,1520000,-0.04082086734691984,-0.3036558474045333,9.234206147326127,16.24980287915578,18.690282415809964,0,0,0,0,0,4,4,1,1
89,2007,12,6,6,39420.25,69.08390314563502,5.250272729733047,368,267,960.6444514229714,984.6444514229714,24.0,28.37757196320354,23.668273127796493,761.1333607551958,1820000,-0.8902565761806909,-6.602987538188637,9.427901486046249,16.11831357392244,18.673118617357023,0,0,0,0,0,4,4,1,1
89,2007,12,6,9,39420.375,69.28849129909283,5.927504192390174,369,268,960.5972295864688,984.5972295864688,24.0,28.76125754041975,20.475749475471456,738.0432187426504,1711250,-0.047221836502722,-0.34976685903263854,8.877443820851829,7.583054905362159,11.675261474164826,0,0,0,0,0,4,4,1,1
89,2007,12,6,12,39420.5,69.74146476705968,6.058987723978338,369,270,959.9213420624194,981.9213420624194,22.0,29.05863572406361,17.74594627385901,605.8474127250884,1153125,-0.6758875240493216,-4.991458950196673,1.6874593620689171,16.789450514168497,16.874038273820137,0,0,0,0,0,5,5,1,1
89,2007,12,6,15,39420.625,69.53757042268504,5.365630926639834,368,269,958.547261878532,980.547261878532,22.0,29.575526984946023,25.55370657525542,563.3073475372626,996875,-1.3740801838874177,-10.161052643230144,-8.984233421215894,-7.557338888659413,11.740094601191958,0,0,0,0,0,4,4,1,1
89,2007,12,6,18,39420.75,69.26374027031461,6.546290783294036,370,268,958.3056747645164,980.3056747645164,22.0,29.618656559992665,20.8523943286993,578.2943231364502,1050625,-0.241587114015565,-1.7897012058605524,15.494121738551103,-10.149507901965965,18.52242746243352,0,0,0,0,0,4,4,1,1
89,2007,12,6,21,39420.875,69.20691943347087,7.779137190914359,372,268,959.1107387591513,979.1107387591513,20.0,28.68712486870354,20.800827484717228,532.2553886092405,890000,0.8050639946348384,5.966236579356635,16.221330037671763,-2.1060629282405774,16.357476860713618,0,0,0,0,0,5,5,1,1
89,2007,12,7,0,39421.0,69.4002215698195,8.484322134970409,373,269,960.3616198517516,978.3616198517516,18.0,27.115148109952397,19.565122118845828,520.3482938716019,850625,1.2508810926003207,9.258327594140578,9.196172859139095,7.164738957173571,11.657747620342754,0,0,0,0,0,4,4,1,1
89,2007,12,7,3,39421.125,69.4002215698195,8.484322134970409,373,269,961.2746506712947,979.2746506712947,18.0,26.134199220297173,18.435576237087005,592.7347947230355,1103750,0.9130308195430552,6.757747383729292,0.0,0.0,0.0,0,0,0,0,0,4,4,1,1
89,2007,12,7,6,39421.25,69.55260716097001,9.825277042148457,375,270,962.0051876341512,978.0051876341512,16.0,25.884786520025077,15.184804698455409,519.5830753783531,848125,0.7305369628565677,5.401648347019476,17.363068164175033,5.648168209889931,18.258640152021172,0,0,0,0,0,8,8,1,1
89,2007,12,7,9,39421.375,69.73640676136392,10.561010691196383,376,271,963.8328543583261,977.8328543583261,14.0,25.082555621049885,14.613082261479358,401.42792613437354,506250,1.8276667241749238,13.497838608069369,9.444607193252923,6.8125276943668895,11.6452195608911,0,0,0,0,0,9,9,1,1
89,2007,12,7,12,39421.5,70.18364709804618,10.799515869731461,376,273,965.3318340188451,977.3318340188451,12.0,24.48722982921242,14.433349626133788,327.1569947736096,336250,1.4989796605189623,11.03891559130633,2.996878999684101,16.576952143290058,16.845670841485546,0,0,0,0,0,8,8,1,1
89,2007,12,7,15,39421.625,70.4070096239851,10.922804719869262,376,274,966.6091588945262,978.6091588945262,12.0,24.42414974092154,13.702323305769095,335.8586993311039,354375,1.2773248756810789,9.393462009127564,1.532385497803619,8.278926562307817,8.419550483129415,0,0,0,0,0,7,7,1,1
89,2007,12,7,18,39421.75,70.63019774256212,11.048905671654742,376,275,968.2546050010245,980.2546050010245,12.0,24.00296301917107,12.961297392113192,351.48829934307025,388125,1.6454461064982753,12.083966634293207,1.5501734222478702,8.272462157702337,8.416452209194851,0,0,0,0,0,6,6,1,1
89,2007,12,7,21,39421.875,70.89597081476782,10.516046384544792,375,276,970.2589801607508,982.2589801607508,12.0,23.412358439432953,12.382819005230413,373.442791983288,438125,2.0043751597263326,14.696092540839798,-6.463981396961446,9.850872422670694,11.782306352662777,0,0,0,0,0,6,6,1,1
89,2007,12,8,0,39422.0,71.1192879697012,10.64061970241058,375,277,972.2382198364772,982.2382198364772,10.0,22.506710375737278,11.834995317527937,325.9385287348523,333750,1.9792396757264215,14.49234476960794,1.4941552473067028,8.277244887096192,8.411021508949682,0,0,0,0,0,9,9,1,1
89,2007,12,8,3,39422.125,71.15991771376669,9.968356170473838,374,277,973.4958157559303,983.4958157559303,10.0,21.933398225300206,10.756536813442871,355.9875326987192,398125,1.257595919453015,9.206110540138576,-8.046491489901511,1.505940470316542,8.18620070589493,0,0,0,0,0,6,6,1,1
89,2007,12,8,6,39422.25,71.19791492434203,9.293308599397115,373,277,974.6177306261135,982.6177306261135,8.0,21.094063606196023,10.029446794607356,304.4794810016416,291250,1.1219148701832455,8.211014212696087,-8.064108209221878,1.408365680874394,8.186167302291377,0,0,0,0,0,9,9,1,1
89,2007,12,8,9,39422.375,71.00865948743868,8.513987929750348,372,276,,,,20.883240160605435,,0.0,0,0.7722119666158688,,-9.400006731500046,-7.014748141183998,11.7288881841584,0,2,2,0,0,9,5,0,0
95,2007,12,5,6,39419.25,50.42848586836665,-49.4525716313657,228,247,983.5356706639925,983.5356706639925,0.0,10.248892601232072,5.031098379608375,14.104739588693906,625,,,,,,3,0,0,0,0,4,4,1,1
95,2007,12,5,9,39419.375,51.6971309865771,-47.41611028568131,236,246,983.7617576562003,983.7617576562003,0.0,9.467842850470163,5.491067668901524,14.104739588693906,625,0.22608699220785639,1.9960317826359855,46.783232299428334,47.02230028579594,66.3307436152335,0,0,0,0,0,5,5,1,1
95,2007,12,5,12,39419.5,52.40309630794423,-45.49179718794592,242,244,983.4995399561201,985.4995399561201,2.0,11.423049146216623,8.357034187057288,166.88952945311365,87500,-0.2622177000802185,-2.292876011034549,43.5140328213657,26.16658737433993,50.77559795017541,0,0,0,0,0,4,4,1,1
95,2007,12,5,15,39419.625,53.224499377725174,-43.24147143956089,249,242,984.6892673401641,988.6892673401641,4.0,10.544236222460214,9.850154592447506,316.3363249281201,314375,1.1897273840439448,10.290639682106146,49.93289949132506,30.445284696636044,58.48255989498058,0,0,0,0,0,5,5,1,1
95,2007,12,5,18,39419.75,53.67148708955198,-41.43951946508312,254,240,986.3335142108433,988.3335142108433,2.0,9.263355348453654,7.551869820567009,248.7397920055702,194375,1.6442468706791988,14.140022085806747,39.565872871498385,16.567588609200048,42.8945601260494,0,0,0,0,0,3,3,1,2
95,2007,12,5,21,39419.875,53.95717279768113,-40.38523342211156,257,239,988.2819906986518,988.2819906986518,0.0,8.350905932667674,5.397317616654764,14.104739588693906,625,1.9484764878085117,16.695298280914386,22.992347310778705,10.588933786273525,25.31350535958143,0,0,0,2,0,5,5,1,1
95,2007,12,6,0,39420.0,53.92881553535773,-39.875076654020944,258,238,989.974078045805,989.974078045805,0.0,8.783759846726259,3.303981426606697,14.104739588693906,625,1.6920873471531377,14.503682506260127,11.133374103280955,-1.05106123463056,11.182877475969686,0,0,0,0,0,5,5,1,1
95,2007,12,6,3,39420.125,54.40446559706385,-37.199812115818304,265,235,990.5512809870095,990.5512809870095,0.0,9.315384233988091,2.810339499839247,14.104739588693906,625,0.5772029412045958,4.917909757875817,57.712756331122684,17.62995790663045,60.34548582226431,0,0,0,0,0,3,3,1,1
95,2007,12,6,6,39420.25,54.73476419211235,-33.9465375207798,273,231,991.1204017312406,991.1204017312406,0.0,9.586287748311754,2.6803357189730015,14.104739588693906,625,0.5691207442310406,4.8292000792918,69.61358255997041,12.242509349073146,70.6818923911631,0,0,0,0,0,3,3,1,1
95,2007,12,6,9,39420.375,54.73476419211235,-33.9465375207798,273,231,,,,9.586287748311754,,0.0,0,0.0,,0.0,0.0,0.0,0,3,0,0,0,3,3,0,0
114,2007,12,6,3,39420.125,37.257699159280946,-69.48828991176372,147,280,1003.7422875203058,1005.7422875203058,2.0,10.262105446951551,5.7175205016096875,177.29382747475822,98750,0.3271518027363345,3.7439224234875694,58.92389006808702,13.356504374929003,60.41871423552062,2,0,0,2,0,6,6,1,1
114,2007,12,6,6,39420.25,38.303057074945215,-66.02445067016293,156,269,1001.0496898966322,1007.0496898966322,6.0,13.141639908532726,12.675644238735694,343.47285419209976,370625,-2.692597623673646,-30.097183638137725,100.74503413511734,38.74616558319902,107.93899781953986,0,0,0,0,0,5,5,1,1
114,2007,12,6,9,39420.375,39.58496730669634,-63.964904948388885,164,264,1000.0027421492462,1008.0027421492462,8.0,15.212525962600376,14.696318976327023,428.74696415384574,577500,-1.0469477473860025,-11.382954367507523,58.83015697036238,47.51397139482531,75.62119310660044,0,0,0,0,0,3,3,1,1
114,2007,12,6,12,39420.5,40.451501426848125,-61.69924423399363,171,258,999.8710608439302,1009.8710608439302,10.0,16.74938214859401,17.957758766225744,507.7706251929807,810000,-0.1316813053160149,-1.4061482606649285,63.90074147892886,32.118065975094915,71.51835375298741,0,0,0,0,0,3,3,1,1
114,2007,12,6,15,39420.625,41.991885762537926,-59.1780644147069,181,253,999.2000867054775,1009.2000867054775,10.0,18.15284074640992,18.36802379841676,443.57107479789033,618125,-0.6709741384527297,-6.948384177395167,69.45134889924272,57.09430773715143,89.90689539689875,0,0,0,0,0,2,2,1,1
114,2007,12,6,18,39420.75,43.89162048853152,-55.79376824425538,194,247,998.1379997147748,1008.1379997147748,10.0,17.874377724968078,15.536142420860125,447.58941521993484,629375,-1.0620869907026644,-10.613576088102906,90.3915085664757,70.41362116699318,114.58055186973084,0,0,0,0,0,2,2,1,1
114,2007,12,6,21,39420.875,45.65003701480511,-53.21920924889906,205,244,996.8025317383392,1006.8025317383392,10.0,19.458717716099617,12.637834699151206,378.469878303024,450000,-1.3354679764356114,-12.938900767321218,66.7036132682226,65.17566554985683,93.25899100303089,0,0,0,0,0,2,2,1,1
114,2007,12,7,0,39421.0,47.29582100365052,-50.45065187590707,216,241,997.6942616715403,1007.6942616715403,10.0,18.113555684526524,7.022168177768035,443.1223431961267,616875,0.8917299332011317,8.407102134407207,69.59222308202115,61.00094330415195,92.54292300059556,0,0,0,0,0,1,1,1,1
114,2007,12,7,3,39421.125,49.15897916561228,-47.49941959652072,228,239,995.5889422849039,1005.5889422849039,10.0,18.944799245389806,8.726867702886302,410.73621666150774,530000,-2.1053193866364017,-19.28031608447832,71.53068960801271,69.05791171551589,99.426529288243,0,0,0,0,0,1,1,1,1
114,2007,12,7,6,39421.25,50.72057423584508,-44.52844044592384,239,237,991.2703538139666,1003.2703538139666,12.0,21.84158647803822,12.771709345523268,420.31177336829836,555000,-4.3185884709372475,-38.65303058512313,69.71215463463803,57.88048309434715,90.60869068162663,0,0,0,0,0,5,5,1,1
114,2007,12,7,9,39421.375,52.31244571739617,-41.071692774602326,251,235,986.888789040508,1000.888789040508,14.0,24.75508690578661,16.920913154159933,428.97890734860607,578125,-4.381564773458667,-38.35992626929347,78.32199157536827,59.002677539546376,98.05942239870551,0,0,0,0,0,6,6,1,1
114,2007,12,7,12,39421.5,53.198091238773515,-38.96471760338775,258,234,983.212563724068,999.212563724068,16.0,27.949529012702442,19.02617040250705,457.9155353594941,658750,-3.676225316439959,-31.80875862432887,46.781130957384136,32.82642959421172,57.149354270679765,0,0,0,0,0,5,5,1,1
114,2007,12,7,15,39421.625,54.4467413460252,-35.878974005468,268,233,979.1954848983826,995.1954848983826,16.0,29.1510638207841,21.388257241535683,440.4203524966205,609375,-4.0170788256854575,-34.208432500358384,66.49794857186977,46.281185693523625,81.01805547818,0,0,0,0,0,6,6,1,1
114,2007,12,7,18,39421.75,55.5181287451446,-33.42796606281167,276,233,974.9598092539927,994.9598092539927,20.0,31.229252656254502,22.39130985055963,501.46267067967744,790000,-4.235675644389849,-35.60042556986864,51.42969581602089,39.71094775099549,64.97671108182323,0,0,0,0,0,5,5,1,1
114,2007,12,7,21,39421.875,56.15139538719515,-31.821808892984418,281,233,971.0221862275976,997.0221862275976,26.0,34.346201420344386,23.978997186294,815.2734701236928,2088125,-3.9376230263951584,-32.84798301119712,33.15869397786723,23.472012603085716,40.62553829744614,0,0,0,0,0,5,5,1,1
114,2007,12,8,0,39422.0,56.95744699879191,-30.35568736284432,286,234,968.5101159193582,990.5101159193582,22.0,35.223243199465934,30.10070339655111,499.87324458734105,785000,-2.5120703082393447,-20.762069525108828,29.629914750291462,29.876283274409897,42.07759677550899,0,0,0,0,0,5,5,1,1
114,2007,12,8,3,39422.125,56.98804985959449,-29.47588900324574,288,233,966.3810495706537,988.3810495706537,22.0,36.263773965398464,33.91777566911384,512.6447110626347,825625,-2.1290663487045096,-17.59046212837363,17.766099089710107,1.1342942873525006,17.802272337983116,0,0,0,0,0,2,2,1,1
114,2007,12,8,6,39422.25,57.02512885390466,-27.712578971649446,292,231,965.3059358749422,989.3059358749422,24.0,37.10538260689259,18.4495445667085,610.1013220409953,1169375,-1.0751136957114795,-8.878916570166519,35.57096557610154,1.3743320174576183,35.597505256835206,0,0,0,0,0,2,2,1,2
114,2007,12,8,9,39422.375,56.708716324293476,-25.25316339457388,297,227,964.3018074361877,990.3018074361877,26.0,37.94569223662097,15.400752920578597,703.4009733693363,1554375,-1.0041284387545601,-8.322624533291503,50.033644373003014,-11.727822673178373,51.38975962093667,0,0,0,0,0,2,2,1,2
114,2007,12,8,12,39422.5,56.66875119053097,-23.506353602982166,301,225,964.8073099161606,990.8073099161606,26.0,37.82134772645076,12.467954966349426,742.611525505373,1732500,0.505502479972929,4.191730947496085,35.57528286896849,-1.4813067056873224,35.60610931797291,0,0,0,0,0,2,2,1,2
114,2007,12,8,15,39422.625,56.027061957414105,-20.982445420546917,306,220,964.6963697937048,988.6963697937048,24.0,37.779601064088105,12.740232594077389,719.618229400322,1626875,-0.11094012245579506,-0.9268229030616341,52.27216682361522,-23.784195735010698,57.4288028013571,0,0,0,0,0,2,2,1,2
114,2007,12,8,18,39422.75,55.46542580377403,-17.838139371692833,313,215,964.8561681157677,988.8561681157677,24.0,37.80956414429915,12.534123807442738,754.834217738561,1790000,0.1597983220628521,1.343938356457793,66.06335622226545,-20.81703030164673,69.26554544598359,0,0,0,0,0,3,3,1,2
114,2007,12,8,21,39422.875,54.79870641646055,-14.800141928856476,320,210,965.4648196070519,987.4648196070519,22.0,37.12344534078798,12.492413713703572,718.3730945514808,1621250,0.608651491284254,5.160563810310564,64.90518150051382,-24.711937788275996,69.45043163916452,0,0,0,0,0,2,2,1,2
114,2007,12,9,0,39423.0,54.26285446459657,-11.954482802493077,327,206,966.7533434648248,988.7533434648248,22.0,35.381183579192054,11.962458490919962,767.899123684532,1852500,1.288523857772816,10.998028494059456,61.59993811701069,-19.861339493286298,64.72267904287584,0,0,0,0,0,1,1,1,3
114,2007,12,9,3,39423.125,53.63739306550693,-9.196655891628902,334,202,968.3531081233367,988.3531081233367,20.0,33.655913074601685,12.194252696047478,748.7478127121317,1761250,1.5997646585119947,13.763513496083574,60.60105630223614,-23.182711463591982,64.88394358969677,0,0,0,0,0,1,1,1,3
114,2007,12,9,6,39423.25,53.16143997342888,-6.5751697019740325,341,199,971.5488631602096,989.148686899541,17.59982373933133,30.489675874326068,3.662307982775819,756.4139213521679,1797500,3.1957550368728698,27.664706303491894,58.25341399179177,-17.641189719956746,60.866015283034486,0,0,0,0,0,2,4,2,0
114,2007,12,9,9,39423.375,52.84314314925079,-4.048029350742212,348,197,974.2392741706622,988.8160535357309,14.576779365068797,28.66669101977896,4.00309355875157,684.3342896917427,1471250,2.690411010452517,23.387787022521476,56.572719407893416,-11.797664005225888,57.78976948547591,0,0,0,0,0,2,4,2,0
114,2007,12,9,12,39423.5,52.2133721358473,-1.55750753236643,355,194,976.3871224168022,989.6514188119403,13.26429639513808,27.048278869211146,5.274813644968235,657.0447345019714,1356250,2.147848246140056,18.82926248251574,56.55833671757701,-23.342447212757076,61.18590764333868,0,0,0,0,0,1,3,2,0
114,2007,12,9,15,39423.625,51.98590018964182,0.8602323469173488,362,193,977.9747064910401,991.9693859153241,13.994679424283968,25.079055434456652,4.428934989823319,689.2586634416049,1492500,1.5875840742379659,13.960749323612754,55.18639526240913,-8.431242124004484,55.82673253748996,0,0,0,0,0,1,2,2,0
114,2007,12,9,18,39423.75,51.96022073335138,2.2356368961463007,366,193,979.1870473200986,993.1870473200986,14.0,24.577615654023116,8.712965541236553,669.3438315273289,1407500,1.2123408290585211,10.66470751486329,31.413428533222337,-0.9518084194958507,31.42784484305741,0,0,0,0,0,1,1,1,2
114,2007,12,9,21,39423.875,51.92600408912887,3.265587916395453,369,193,981.5973375627934,995.5973375627934,14.0,23.28431410195862,9.329417106553883,686.0763399172722,1478750,2.410290242694755,21.21273212834644,23.541578703224747,-1.268239081448342,23.57571543363717,0,0,0,0,0,2,2,1,1
114,2007,12,10,0,39424.0,51.87899831305026,4.293430729297305,372,193,984.4269691698959,996.4269691698959,12.0,21.23191729338632,6.829770341894618,642.9657570051443,1298750,2.8296316071024923,24.919338583238233,23.517988748226433,-1.7422679409767354,23.58243609850052,0,0,0,0,0,1,1,1,1
114,2007,12,10,3,39424.125,51.81924303242595,5.3185126975305375,375,193,987.0666209659673,999.0666209659673,12.0,19.212412212315886,6.298263330674963,711.5558043548602,1590625,2.6396517960714116,23.26532120172724,23.485980242815952,-2.214828015215281,23.59018293915763,0,0,0,0,0,2,2,1,1
114,2007,12,10,6,39424.25,51.510334798668644,6.302645368903616,378,192,990.3621108666114,1000.3621108666114,10.0,17.06830359547505,6.814102798705644,681.1289592381717,1457500,3.2954899006440246,29.169832383506872,22.702054578256604,-11.449676130847868,25.425938833707775,0,0,0,0,0,2,2,1,1
114,2007,12,10,9,39424.375,51.66169445354705,7.357838700467842,381,193,994.6352537144284,1002.6352537144284,8.0,14.491033517036042,4.680740038998701,644.0478013573622,1303125,4.273142847817071,37.744317335337044,24.260304902098156,5.610141907049999,24.900523812964387,0,0,0,0,0,2,2,1,1
114,2007,12,10,12,39424.5,51.763826134005214,8.759169249735418,385,194,997.846070781295,1001.846070781295,4.0,11.753974344326693,3.104651165935429,339.97981913709083,363125,3.2108170668665843,28.321002571980735,32.14557638549624,3.785508238877051,32.367702324730736,0,0,0,0,0,2,2,1,1
114,2007,12,10,15,39424.625,51.688623715098004,9.434249804827019,387,194,1001.0376165314364,1003.0376165314364,2.0,9.787928781809834,3.421881700248632,229.17489221187702,165000,3.1915457501413766,28.180188240058225,15.511857773777653,-2.787375817960238,15.760304424231649,0,0,0,0,0,3,3,1,1
114,2007,12,10,18,39424.75,51.943109181977604,11.242525705691902,392,196,1003.8184184929818,1003.8184184929818,0.0,8.453166187639217,3.1537375576269553,14.104739588693906,625,2.7808019615453667,24.46784893261281,41.315269882029895,9.432497607261267,42.37833805773837,0,0,0,0,0,3,3,1,1
114,2007,12,10,21,39424.875,51.84768813548218,11.915147071265025,394,196,1006.5604778592844,1006.5604778592844,0.0,7.545131607580003,2.3472995318476024,14.104739588693906,625,2.74205936630271,24.15849077729487,15.400984054739446,-3.5367787551353405,15.801870579685032,0,0,0,0,0,2,2,1,1
114,2007,12,11,0,39425.0,51.84768813548218,11.915147071265025,394,196,,,,7.545131607580003,,0.0,0,0.0,,0.0,0.0,0.0,0,3,0,0,0,2,2,0,0
124,2007,12,6,12,39420.5,46.53454175361356,168.57131996644225,397,545,993.9023995247076,993.9023995247076,0.0,9.090519850829297,6.7517479124981765,14.104739588693906,625,,,,,,3,0,0,0,0,20,20,1,1
124,2007,12,6,15,39420.625,47.15460802084291,171.21883726561455,388,544,990.6676801130322,992.6676801130322,2.0,11.714876190054406,10.266258227261496,111.06083058226194,38750,-3.2347194116753233,-30.566090765683306,66.72751604640315,22.982741033110567,70.57455478512078,0,0,0,0,0,18,18,1,1
124,2007,12,6,18,39420.75,48.040446828819725,172.62258096880907,383,541,987.1683891509376,991.1683891509376,4.0,14.947459938695477,14.435416712366935,126.15662610100802,50000,-3.499290962094674,-32.60253457322114,34.78689710719258,32.833593757295354,47.83485224567447,0,0,0,0,0,17,17,1,1
124,2007,12,6,21,39420.875,48.815892970656435,173.1319136756017,381,538,983.8270794545798,991.8270794545798,8.0,18.557248511217562,24.73815633221333,178.96908195899073,100625,-3.3413096963577846,-30.75916390104114,12.431042208764241,28.741892286113128,31.3149673891353,0,0,0,0,0,16,16,1,1
124,2007,12,7,0,39421.0,48.8960947838854,174.08290785816845,378,538,982.6930843898222,992.6930843898222,10.0,20.46716296748246,20.89824273715458,261.98391020896656,215625,-1.133995064757619,-10.426482413876185,23.173200741818906,2.97267824625185,23.36309158857995,0,0,0,0,0,12,12,1,1
124,2007,12,7,3,39421.125,49.25993797844122,175.97173633351485,372,537,981.7444485321009,991.7444485321009,10.0,21.411611129846555,14.636995442614062,264.25221149797227,219375,-0.9486358577212377,-8.67431854565633,45.688918675420496,13.485839109585541,47.63764421357142,0,0,0,0,0,10,10,1,1
124,2007,12,7,6,39421.25,50.03402596096473,177.2112923201558,368,534,981.0366947600816,993.0366947600816,12.0,22.167734341228954,11.466707145272013,326.54833007009836,335000,-0.7077537720193504,-6.397828012256299,29.51106164771172,28.69155214437874,41.15954232044673,0,0,0,0,0,17,17,1,1
124,2007,12,7,9,39421.375,50.5473199683244,178.50566640873348,364,532,980.6753355249867,994.6753355249867,14.0,22.74461795269583,13.517734574900384,408.3072407988381,523750,-0.3613592350948602,-3.2423380866622655,30.485482176455363,19.02522983181659,35.93499678147226,0,0,0,0,0,19,19,1,1
124,2007,12,7,12,39421.5,51.036836198433704,179.49594456268196,361,530,980.8772273354192,994.8772273354192,14.0,22.341025944793717,12.2872772540366,421.49342251846366,558125,0.2018918104324257,1.7989155364373286,23.080458144508,18.143907099441666,29.358285252949557,0,0,0,0,0,17,17,1,1
124,2007,12,7,15,39421.625,51.7510471790645,-179.48691718248955,358,527,980.516469346572,992.516469346572,12.0,21.793199427724726,9.770335234166632,375.83242541597855,443750,-0.36075798884718097,-3.182624179353917,-23.339238388720624,26.472212533326292,35.29161493861011,0,0,0,0,0,14,14,1,1
124,2007,12,7,18,39421.75,52.456421580200406,-178.7811247648687,356,524,981.0084357954627,993.0084357954627,12.0,20.947641988399262,7.892899435570872,397.44343121846424,496250,0.49196644889074376,4.29875913744699,15.94102521967257,26.14468493041906,30.6212480994018,0,0,0,0,0,14,14,1,1
124,2007,12,7,21,39421.875,53.40391504234707,-178.75075732130276,356,520,981.616863955782,993.616863955782,12.0,20.115312095097075,6.524876056287685,409.2805609899154,526250,0.6084281603193085,5.250384033405477,0.6710302181728803,35.118822006532454,35.12523225090774,0,0,0,0,0,13,13,1,1
124,2007,12,8,0,39422.0,53.87662837116919,-178.73499909697495,356,518,981.3487278903864,991.3487278903864,10.0,19.54472269027178,6.605354681967437,352.6184897173477,390625,-0.26813606539566537,-2.299848168883268,0.34432922370274266,17.521107974093418,17.524491069761076,0,0,0,0,0,18,18,1,1
124,2007,12,8,3,39422.125,54.57837508441853,-178.34238540489025,355,515,982.3136576929485,990.3136576929485,8.0,18.32484838817498,6.691655206445575,315.07601583359167,311875,0.9649298025621101,8.203650884991228,8.434290700901128,26.01022476760705,27.343537665941223,0,0,0,0,0,15,15,1,1
124,2007,12,8,6,39422.25,54.81394553404618,-178.3316625517067,355,514,982.731984503314,988.731984503314,6.0,17.62088234999485,6.011294941332962,263.12050517771223,217500,0.41832681036554276,3.5461956817513918,0.22901952631762573,8.73141295532382,8.734415958713633,0,0,0,0,0,17,17,1,1
124,2007,12,8,9,39422.375,55.284596625867074,-178.30979532567866,355,512,983.1324462978873,995.1324462978873,12.0,16.668453664023108,5.626759222536784,545.1805721264419,933750,0.400461794573348,3.3753177492450805,0.46158484461509774,17.444671210068922,17.4507768937714,0,0,2,0,0,18,18,1,2
124,2007,12,8,12,39422.5,55.75460337162717,-178.28734742331122,355,510,983.8332867498953,995.8332867498953,12.0,15.678682887425085,4.695022406444768,577.0890038978312,1046250,0.700840452007833,5.8738927002896855,0.4682158599847696,17.420788539080526,17.427079486101526,0,0,0,0,0,18,18,1,2
124,2007,12,8,15,39422.625,55.98152011589208,-177.89307870931185,354,509,984.2750036529886,994.2750036529886,10.0,14.666839127680312,4.183231279769098,520.3482938716019,850625,0.44171690309347467,3.6921976242886205,8.175695246608546,8.410663577652846,11.729503594861708,0,0,0,0,0,19,19,1,2
124,2007,12,8,18,39422.75,56.45048394207592,-177.86453655762335,354,507,984.8462584176252,994.8462584176252,10.0,14.689782617336967,3.7709426433043705,535.0513563075481,899375,0.5712547646365419,4.748894481284409,0.5846641224862993,17.382132750487923,17.391962830333657,0,0,0,0,0,19,19,1,2
124,2007,12,8,21,39422.875,56.92686904587711,-178.22853025996594,355,505,985.8553071614007,993.8553071614007,8.0,14.869341361582757,3.112471838227793,469.92284849750047,693750,1.0090487437754927,8.342608186635204,-7.36238002995093,17.65720222391122,19.130641130958356,0,0,0,0,0,21,21,1,2
124,2007,12,9,0,39423.0,57.1721940404066,-179.0088224249892,357,504,985.7802519427937,993.7802519427937,8.0,15.432319975569136,3.7251091002816974,452.2323538548359,642500,-0.07505521860701264,-0.6188213420618526,-15.67873002845095,9.092964923594636,18.124695484525304,0,0,0,0,0,23,23,1,1
124,2007,12,9,3,39423.125,57.401218262245486,-178.60281897270363,356,503,,,,15.9291668367962,,0.0,0,0.14232807557767957,,8.107414883545932,8.48877718240049,11.73837783283471,0,2,2,0,0,21,22,0,0
126,2007,12,6,12,39420.5,40.37742734867736,-174.7813752408686,340,573,999.2941791341352,1007.2941791341352,8.0,17.182433534048656,19.22622177210855,252.31325220201603,200000,,,,,,3,0,0,0,0,21,21,1,1
126,2007,12,6,15,39420.625,42.05354631793998,-171.83086782932446,330,565,996.2353339839098,1006.2353339839098,10.0,18.989464230878607,26.655856532655235,254.27680907051368,203125,-3.0588451502253884,-31.638571745885812,81.19822925798566,62.12530861157031,102.23847810249941,0,0,0,0,0,19,19,1,1
126,2007,12,6,18,39420.75,43.27529077901853,-169.91012234193798,324,559,993.9175874783007,1007.9175874783007,14.0,21.094144405899815,23.352561543551275,346.06949399889504,376250,-2.3177465056091022,-23.424821314711462,51.83178874790582,45.283928576008435,68.82709141090135,0,0,0,0,0,18,18,1,1
126,2007,12,6,21,39420.875,44.58101212920223,-168.7470215624029,321,553,992.4474358900337,1006.4474358900337,14.0,22.298534582695765,21.233791774061757,295.86351363515985,275000,-1.4701515882670355,-14.510986741393426,30.70542790722626,48.39652991730348,57.31533312301622,0,0,0,0,0,17,17,1,1
126,2007,12,7,0,39421.0,45.384989737631145,-167.64738787036003,318,549,991.6204897668994,1005.6204897668994,14.0,22.243294052307395,20.40337495505046,300.86437789062944,284375,-0.8269461231342575,-8.048485784206843,28.625660233752782,29.79941039770705,41.32109974176905,0,0,0,0,0,13,13,1,1
126,2007,12,7,3,39421.125,46.40422089840508,-166.4396849682326,315,544,990.8996956103749,1004.8996956103749,14.0,22.77199839969991,21.634264029075712,297.2053051612671,277500,-0.7207941565244983,-6.895404770347269,30.86708176710609,37.77777805203514,48.784600555565085,0,0,0,0,0,11,11,1,1
126,2007,12,7,6,39421.25,47.631563349855405,-165.09855445618868,312,538,991.5665733311251,1003.5665733311251,12.0,22.34578402895898,15.5399531703307,284.2026277484726,253750,0.6668777207501989,6.253515789404843,33.49823258872227,45.49141795225761,56.49425363587982,0,0,0,0,0,18,18,1,1
126,2007,12,7,9,39421.375,48.8947570453111,-163.98882252119154,310,532,991.464997399295,1003.464997399295,12.0,22.0325025002015,12.781743665929387,302.84160209044046,288125,-0.10157593183001154,-0.9339557768246184,27.04187777653995,46.82024343468831,54.06845983533097,0,0,0,0,0,18,18,1,1
126,2007,12,7,12,39421.5,50.731684070810815,-163.25283625152028,310,524,990.4751104566374,1004.4751104566374,14.0,21.912473884548007,11.279018624625168,344.3405764696662,372500,-0.9898869426577585,-8.858464786172892,17.2664477829511,68.08565528394918,70.24091880439872,0,0,0,0,0,16,16,1,1
126,2007,12,7,15,39421.625,51.95309013481774,-161.9999254031041,308,518,990.1574524604838,1002.1574524604838,12.0,21.64508464493209,7.82236735913073,309.98354293693046,301875,-0.3176579961535754,-2.7946427821897193,28.620368799296635,45.27138589682337,53.559535950443504,0,0,0,0,0,13,13,1,1
126,2007,12,7,18,39421.75,53.45109900597481,-160.8870262663267,307,511,990.3563377022483,1002.3563377022483,12.0,21.42334524984826,7.060304452236959,331.38634663094945,345000,0.19888524176451028,1.7152166142975631,24.5642319985751,55.52366218040265,60.71473096047858,0,0,0,0,0,13,13,1,1
126,2007,12,7,21,39421.875,54.70587078423805,-159.81164631700645,306,505,991.2103233704447,1001.2103233704447,10.0,21.00334636227029,6.13868725310058,299.8708769569344,282500,0.8539856681964011,7.248970219193905,23.029228965018362,46.50808527988145,51.89746991062248,0,0,0,0,0,12,12,1,1
126,2007,12,8,0,39422.0,56.16085472883228,-158.52027273288402,305,498,991.9218504380639,999.9218504380639,8.0,19.799985909439947,4.9456768199970975,277.83114908082075,242500,0.7115270676191722,5.934961669885937,26.653718895951883,53.92894432938837,60.15606176825983,0,0,0,0,0,17,17,1,1
126,2007,12,8,3,39422.125,57.672683797779726,-159.6558987440816,310,493,993.4322596090419,999.4322596090419,6.0,15.819836334187054,7.988277923349959,260.46073503106066,213125,1.5104091709780914,12.383828699403848,-22.50862934059114,56.03590747357434,60.38759244397068,0,0,0,0,0,14,14,1,1
126,2007,12,8,6,39422.25,58.24510269734968,-158.84489903292905,309,490,994.6785076012261,998.6785076012261,4.0,14.676089871013783,7.750181305487931,226.11617692741794,160625,1.246247992184217,10.154281788789506,15.81991378995446,21.21669251588,26.46540597903213,0,0,0,0,0,16,16,1,1
126,2007,12,8,9,39422.375,59.671176155168595,-157.36366601547348,308,483,997.2514341953485,997.2514341953485,0.0,12.590053656754142,4.471460808287666,14.104739588693906,625,2.5729265941222548,20.65218239894235,27.722775677797618,52.85737784397567,59.6863023131966,0,0,0,0,0,17,17,1,1
126,2007,12,8,12,39422.5,59.671176155168595,-157.36366601547348,308,483,,,,12.590053656754142,,0.0,0,0.0,,0.0,0.0,0.0,0,3,0,0,0,17,17,0,0
138,2007,12,7,9,39421.375,55.693793768056985,12.054959135151627,391,212,976.7670275840371,976.7670275840371,0.0,21.755157318040826,7.511615734020088,14.104739588693906,625,,,,,,3,0,0,0,0,0,0,1,1
138,2007,12,7,12,39421.5,56.39809434140123,13.895236912128341,395,216,974.2511301778708,976.2511301778708,2.0,23.366926563274184,6.7632251498720874,141.75087853467357,63125,-2.515897406166332,-20.927589408701937,37.74751893828363,26.10488352957787,45.894881305968184,0,0,3,0,0,1,1,1,1
138,2007,12,7,15,39421.625,57.06385913753276,15.809688481760924,399,220,973.5078534809027,979.5078534809027,6.0,24.055347600907485,5.870706881301376,448.92086907395213,633125,-0.7432766969680961,-6.135723425489612,38.579479410957504,24.67655588945827,45.79638241374587,0,0,2,0,0,2,2,1,2
138,2007,12,7,18,39421.75,58.20510236018623,17.658981196133045,402,226,973.0027290407155,977.0027290407155,4.0,24.904882765311367,4.690376127743584,257.00058634784585,207500,-0.50512444018721,-4.117474594468316,36.11333199417021,42.30015214218429,55.619022096519245,0,0,0,2,0,3,3,1,1
138,2007,12,7,21,39421.875,59.53418968008467,18.43494882292201,402,232,972.5811844799904,978.5811844799904,6.0,24.62694880502683,6.217796307182144,299.8708769569344,282500,-0.4215445607251604,-3.3883726783737473,14.58255000323311,49.262589013440206,51.375611343359346,0,0,0,0,0,4,4,1,1
138,2007,12,8,0,39422.0,60.41435237823066,18.98985427663215,402,236,972.9049679669579,982.9049679669579,10.0,24.61450115571506,6.64477977960043,453.55017798064495,646250,0.3237834869675862,2.579565013532642,10.154667478990742,32.62320888520672,34.167104495065175,0,0,0,0,0,6,6,1,1
138,2007,12,8,3,39422.125,61.14751710382064,19.00362274941103,401,239,972.6359996032946,982.6359996032946,10.0,24.739734096351096,9.142250808182943,405.6185676485321,516875,-0.26896836366329807,-2.127573803902993,0.24626197533912544,27.17473262678556,27.175848437496512,0,0,0,0,0,3,3,1,1
138,2007,12,8,6,39422.25,61.87939679519218,19.018091837019885,400,242,972.8605418421198,982.8605418421198,10.0,23.98973297393581,13.70662954854604,378.469878303024,450000,0.22454223882523366,1.7638881433110984,0.25277206637137883,27.127102864899744,27.128280512417103,0,0,0,0,0,5,5,1,1
138,2007,12,8,9,39422.375,62.097872392647176,19.16946985717683,400,243,974.279404785242,992.279404785242,18.0,23.050656776678466,16.57168988803671,926.1992999702148,2695000,1.4188629431222217,11.12327044160877,2.625654719511622,8.097792677545273,8.512832017290103,0,0,2,0,0,5,5,1,2
138,2007,12,8,12,39422.5,62.45603491167122,19.922816351749788,401,245,976.2224122087252,992.0030532488694,15.78064104014411,21.179695133734242,13.775087480282528,918.0007754199263,2647500,1.9430074234832135,15.18237785780378,12.91222834130991,13.275285009902529,18.519147735040878,0,0,0,0,0,5,9,2,0
138,2007,12,8,15,39422.625,62.67299502082129,20.084371491596443,401,246,978.7561870731048,990.3310461068119,11.574859033707035,18.409781698360227,12.142561340269895,836.9472464159281,2200625,2.53377486437952,19.75966706349306,2.7489175787805253,8.041621140579288,8.498483301362679,0,0,0,0,0,4,8,2,0
138,2007,12,8,18,39422.75,65.37316863153191,22.922800684463677,402,259,980.3697614530244,988.1963200484854,7.826558595460956,16.059741752247042,2.826738107430283,732.3606749544157,1685000,1.6135743799195916,12.29776259733723,43.83645200060356,100.08186885684714,109.26122367006681,0,0,0,0,0,5,9,2,0
138,2007,12,8,21,39422.875,67.35339224600195,24.39675892658267,401,268,981.2428477607391,988.8179197291342,7.575071968395204,15.92641031924397,1.5631507925934418,746.885583966576,1752500,0.8730863077146932,6.554271375375752,21.035436424776826,73.39693985027267,76.35181965719856,0,0,0,0,0,8,9,2,0
138,2007,12,9,0,39423.0,71.13823805138694,20.596028311148384,389,281,979.787374480338,987.4209280242356,7.633553543897579,17.369931379364342,1.9075798488823785,673.9350256875631,1426875,-1.4554732804010564,-10.65602934933802,-45.53510307031155,140.2852172302497,147.49029725701362,0,0,1,0,0,10,7,2,0
138,2007,12,9,3,39423.125,71.13823805138694,20.596028311148384,389,281,979.345938178772,988.3047141713538,8.958775992581796,17.729129762407204,2.138117567308218,697.5788403495837,1528750,-0.441436301565991,-3.231909680989988,0.0,0.0,0.0,0,0,0,0,0,9,7,2,0
138,2007,12,9,6,39423.25,71.26867770591213,21.482038326307748,390,282,979.3016970913973,987.1512933319568,7.849596240559622,17.84674759796754,1.4511038429447944,631.8860367833685,1254375,-0.04424108737483039,-0.32365360133848786,10.545820533645054,4.834742605489942,11.601252811191959,0,0,0,0,0,9,8,2,0
138,2007,12,9,9,39423.375,71.93162712199886,23.853905820592324,392,286,980.3320423755341,988.3320423755341,8.0,17.856904151050053,1.2912265385519277,628.5715124197327,1241250,1.030345284136856,7.508718358113612,27.2646721024063,24.57220389693954,36.70361765827046,0,0,0,0,0,8,8,1,2
138,2007,12,9,12,39423.5,72.92631181445938,30.446427209287453,398,294,980.6974132053599,990.6974132053599,10.0,18.767733022043103,1.8256050435731597,673.9350256875631,1426875,0.3653708298258425,2.6480692141748396,71.70581471837635,36.86796380420422,80.6285967848519,0,0,0,0,0,8,8,1,2
138,2007,12,9,15,39423.625,73.07602560709736,32.52953827833111,400,296,981.071078793155,991.071078793155,10.0,19.05810399048546,1.7220245412113582,639.3975759003987,1284375,0.3736655877951125,2.7060239952636813,22.475027457409183,5.549138063352925,23.149941521685296,0,0,0,0,0,6,6,1,2
138,2007,12,9,18,39423.75,73.33047547078156,34.011348903506025,401,298,981.5154242176875,993.5154242176875,12.0,19.15758123652082,2.4151346281737642,712.1147642245255,1593125,0.44434542453251197,3.213564805749383,15.754394170735978,9.431177975694574,18.361591807252065,0,0,0,0,0,6,6,1,2
138,2007,12,9,21,39423.875,73.57326420167831,35.53767779197438,402,300,982.4867104196236,994.4867104196236,12.0,18.560537629086188,2.9828104475406874,720.7232100579066,1631875,0.9712862019360182,7.015631389638523,15.997887726499657,8.998958374062724,18.355208076396245,0,0,0,0,0,7,7,1,2
138,2007,12,10,0,39424.0,73.62286172031472,36.634113875967415,403,301,983.635376126191,997.635376126191,14.0,18.056808149633298,3.081767441860793,860.1578585925078,2324375,1.148665706567408,8.294735443744393,11.458463091044559,1.8383308155090612,11.604991882637428,0,0,0,0,0,6,6,1,2
138,2007,12,10,3,39424.125,73.66637944015486,37.73675525941544,404,302,984.8188547764247,992.8188547764247,8.0,17.712241300619947,2.7919394523914525,529.0687631706023,879375,1.1834786502337373,8.544221682356337,11.493525700604822,1.6129832217877371,11.606155603998781,0,0,0,2,0,6,6,1,1
138,2007,12,10,6,39424.25,73.38549171420837,38.96231747857712,406,302,986.1147019469158,994.1147019469158,8.0,17.33430939339123,2.626711295571149,594.2432414299238,1109375,1.295847170491179,9.369048427243388,12.988313316258127,-10.411096693992512,16.645936956895817,0,0,0,0,0,6,6,1,1
138,2007,12,10,9,39424.375,73.44068517991737,41.14936117608925,408,304,988.2824437469312,1004.2824437469312,16.0,16.661597581987202,1.8282992819287758,1108.5463925106144,3860625,2.1677418000153557,15.668399518462907,23.102219140294014,2.0457444569237673,23.19261950684315,0,0,0,1,0,5,5,1,3
138,2007,12,10,12,39424.5,75.35418192137104,49.35107795157389,409,317,988.9925999639746,1006.9925999639746,18.0,15.911315134316647,4.336964293045603,1259.0406002966217,4980000,0.7101562170434045,5.085343192835589,76.80198641679054,70.92370993351436,104.54050769102933,0,0,1,0,0,5,5,1,2
138,2007,12,10,15,39424.625,75.29200999865051,51.81821457165187,411,319,990.4248352267919,1008.4248352267919,18.0,15.309555521077089,3.6419624504851527,1333.2523282025822,5584375,1.4322352628172665,10.258979560711227,23.21538889891575,-2.3044007954198125,23.329478021461007,0,0,0,0,0,6,6,1,2
138,2007,12,10,18,39424.75,75.58790080638633,56.43368126542667,413,324,991.4368851153434,1010.0175011073385,18.580615991995,14.48225010503245,4.23128120969508,1462.5465582862905,6720000,1.0120498885515554,7.239510178553536,42.56810682661587,10.96718555366121,43.958194660047354,0,0,0,0,0,7,8,2,0
138,2007,12,10,21,39424.875,75.78612772046523,61.20902492780798,415,329,992.3988366923211,1010.4077329528707,18.008896260549662,14.080888630015703,9.406086761440383,1449.0861017961265,6596875,0.9619515769775898,6.875069905291144,43.44863911434072,7.3472757233270425,44.06548197220597,0,0,0,0,0,8,9,2,0
138,2007,12,11,0,39425.0,75.13769106040108,58.590948447841335,416,325,993.4533248545371,1011.5849088538827,18.131583999345604,14.337794329462604,9.330998049332848,1517.489071743471,7234375,1.0544881622160027,7.558580444238145,-24.88817653807364,-24.034288949825683,34.598675938741245,0,0,0,1,0,8,9,2,0
138,2007,12,11,3,39425.125,72.86380967853613,63.93900426024007,428,326,994.3568897105677,1011.4971344539891,17.140244743421498,14.569042943610002,1.5803323793612798,1487.9664653772038,6955625,0.9035648560305708,6.5508941673495595,58.38660650622905,-84.28135781829997,102.52971810655455,0,0,1,0,0,6,7,2,0
138,2007,12,11,6,39425.25,72.64530042628212,65.92450174492117,430,328,994.8809122270841,1011.7469824316804,16.866070204596326,14.615849186071134,1.0019122522717225,1510.590611840299,7168750,0.5240225165164156,3.803692000131109,21.950604101156365,-8.099040091847797,23.397082527850788,0,0,0,0,0,6,7,2,0
138,2007,12,11,9,39425.375,71.64309419072892,69.56717132060132,436,331,995.8159563784903,1010.3326185384883,14.51666215999794,14.830863173323195,2.0441378808312582,1309.767667508924,5389375,0.9350441514063277,6.825504295639822,42.51467828083359,-37.14674961501864,56.45687625332871,0,0,0,0,0,6,8,2,0
138,2007,12,11,12,39425.5,71.3670834237387,71.34636605765502,438,333,996.4364165918405,1010.6657769280173,14.22936033617676,14.674754854677262,2.1276446824896267,1306.3456193913034,5361250,0.6204602133501612,4.536452567400607,21.06917341203665,-10.23033232952869,23.421566297732355,0,0,0,0,0,5,7,2,0
138,2007,12,11,15,39425.625,70.76264396966474,74.74488129694222,442,337,997.223775233022,1008.6677037291048,11.443928496082808,13.80933511897287,2.117283505337764,1168.396989199618,4288750,0.7873586411814903,5.77759124735215,41.498105101994234,-22.4035335856108,47.159421584427335,0,0,0,0,0,5,7,2,0
138,2007,12,11,18,39425.75,70.38091215678713,75.72469347079063,444,338,997.4974109646953,1008.098002156924,10.600591192228748,13.786293804399406,2.4790158229481314,1138.2096629215673,4070000,0.2736357316732756,2.0126468736544885,12.19376402428799,-14.148880310272766,18.67829475927726,0,0,0,0,0,10,11,2,0
138,2007,12,11,21,39425.875,69.6581612388885,82.049226573607,449,347,997.7586461847151,1007.3677213792943,9.6090751945792,13.318106239941205,1.7575956009478977,1076.4975287421069,3640625,0.2612352200197347,1.9302714079433148,81.4523442570209,-26.78874509934238,85.74451148010458,0,0,0,0,0,8,9,2,0
138,2007,12,12,0,39426.0,69.49002346725605,83.38201271201298,450,349,998.9074122165147,1005.9621304591038,7.054718242589152,12.839844676361086,1.920589563175308,969.6431437984655,2953750,1.1487660317996051,8.497532987326398,17.30784887086622,-6.232022394282892,18.395644475244364,0,0,0,0,0,8,9,2,0
138,2007,12,12,3,39426.125,69.31079134641799,84.69267315066882,451,351,998.2746574108822,1004.5289251822519,6.254267771369632,13.7723518832511,3.0957005266129274,882.5330037771747,2446875,-0.6327548056324304,-4.686054801030692,17.162778657017782,-6.643234176312584,18.403628217042222,0,0,0,0,0,9,10,2,0
138,2007,12,12,6,39426.25,69.33063285718876,85.3141001604973,451,352,998.7593249765321,998.7593249765321,0.0,14.078877312057713,3.485476847813988,14.104739588693906,625,0.48466756564987007,3.588881348940036,8.130092990678547,0.7354251115575068,8.163287458603293,0,0,0,2,0,10,10,1,1
138,2007,12,12,9,39426.375,68.89336086940898,86.02326902492244,453,353,,,,14.767443955431537,,0.0,0,0.43458847007132134,,9.465422627930401,-16.20747553496414,18.76903004264733,0,2,2,0,0,10,11,0,0
139,2007,12,12,6,39426.25,68.61537936717194,100.00797980144135,453,376,997.6932074512717,999.6932074512717,2.0,11.420068004111068,14.863617970066626,148.60265258063356,69375,1.1642822690198955,8.662784650892043,0.0,0.0,0.0,2,0,0,2,0,11,11,1,1
139,2007,12,12,9,39426.375,68.61537936717194,100.00797980144135,453,376,998.6413197510333,1000.6413197510333,2.0,11.637025991913465,14.743890360220178,208.25398433773478,136250,0.9481122997615603,7.054382683857612,0.0,0.0,0.0,0,0,2,3,0,11,11,1,2
139,2007,12,12,12,39426.5,68.65384902358105,99.41262943686615,453,375,999.6260228222479,1001.3568912035521,1.7308683813041716,11.764446522119252,13.488259425476718,222.56903656473068,155625,0.9847030712146079,7.324710350831535,-8.032262858199143,1.425876874150742,8.157841104326767,0,0,0,0,0,14,13,2,0
139,2007,12,12,15,39426.625,69.15762995600257,87.83308531681335,452,356,999.1661589892547,1001.1661589892547,2.0,15.984345786715926,7.175168449065312,200.46601490203662,126250,-0.19073221429745899,-1.4139568945229686,16.297748790032326,0.82077003309059,16.318403079658857,0,0,0,0,2,11,11,1,1
139,2007,12,12,18,39426.75,68.48124996183456,88.50045296202236,455,357,999.0202331868007,1003.0202331868007,4.0,16.800546291525745,8.746283344703407,309.34108930758305,300625,-0.1459258024538576,-1.086752923950672,9.073248390234033,-25.070007945119364,26.661379085096712,0,0,0,0,0,13,13,1,1
139,2007,12,12,21,39426.875,68.48602662700864,89.10014028509559,455,358,999.3964857965908,1003.3964857965908,4.0,16.997962511849178,9.643321707093783,319.4653459417435,320625,0.3762526097900991,2.801973180701347,8.151379094979028,0.17704697787890575,8.15330158784999,0,0,0,0,0,12,12,1,1
139,2007,12,13,0,39427.0,69.38529085297887,92.19057386403823,451,363,1000.1674608243376,1006.1674608243376,6.0,15.996964188022492,11.621708576650926,913.4384430049248,2621250,0.7709750277467537,5.706888428964287,40.32559311597009,33.331206546945126,52.31751895904365,0,0,2,0,0,13,13,1,2
139,2007,12,13,3,39427.125,69.15762995600257,92.16691468318666,452,363,1000.080087315985,1006.080087315985,6.0,16.42140703886163,10.96063616365318,880.5018549306952,2435625,-0.08737350835261168,-0.6477268404233136,-0.312009001901522,-8.438245579704661,8.444011965924304,0,0,0,1,0,13,13,1,2
139,2007,12,13,6,39427.25,66.62713892899167,93.04184215661837,463,365,1000.1518719035972,1006.1518719035972,6.0,16.934715046161,4.976638566902766,645.1280308476033,1307500,0.071784587612201,0.5417966129872114,12.864970682154548,-93.7925880410633,94.67078240985074,0,0,1,0,0,12,12,1,1
139,2007,12,13,9,39427.375,66.61389009533114,93.59356618786519,463,366,1000.5506601179288,1006.5506601179288,6.0,16.9853259765212,8.711542261232388,566.8280527344812,1009375,0.39878821433158007,3.0101684920946012,8.116954003442574,-0.4910676956697594,8.131794991004927,0,0,0,0,0,9,9,1,1
139,2007,12,13,12,39427.5,65.6034241810781,96.10609384728427,467,371,1001.6858526249915,1007.6858526249915,6.0,15.494344156139173,5.593796258713992,592.063140348983,1101250,1.1351925070627475,8.635963878916192,38.463459008287856,-37.452894404064324,53.68572415572164,0,0,0,0,0,10,10,1,1
139,2007,12,13,15,39427.625,65.09490716288904,97.0283962389496,469,373,1001.6141955213658,1007.6141955213658,6.0,15.455114129628999,9.305716771055012,527.373930957046,873750,-0.07165710362576647,-0.5473554264874416,14.395786176160735,-18.848170845014295,23.716918093053057,0,0,0,0,0,11,11,1,1
139,2007,12,13,18,39427.75,64.28503668028897,98.84181456019168,472,377,1002.6497042466369,1006.6497042466369,4.0,14.521308044965393,4.783323788488414,305.7834676147298,293750,1.035508725271211,7.96282314644348,29.162922372270167,-30.01782963476951,41.851477121758826,0,0,0,0,0,12,12,1,1
139,2007,12,13,21,39427.875,63.901804751194874,100.72629446612524,473,381,1002.9564694144269,1008.9564694144269,6.0,13.566835226533051,7.92420632150177,488.3988850918664,749375,0.3067651677899994,2.3666295880930512,30.725867067844618,-14.204482081156913,33.850350341832005,0,0,0,0,0,12,12,1,1
139,2007,12,14,0,39428.0,63.901804751194874,100.72629446612524,473,381,1003.1837075419216,1007.1837075419216,4.0,13.571763508937845,10.241431356936737,260.07854739300495,212500,0.22723812749463831,1.753094981239275,0.0,0.0,0.0,0,0,0,0,0,15,15,1,1
139,2007,12,14,3,39428.125,63.36095111730336,101.50059992165245,475,383,1003.8944955705903,1007.8944955705903,4.0,12.423848672712694,7.841964613974414,285.2507049171509,255625,0.7107880286686122,5.509302631248492,12.867920597490935,-20.046726715336604,23.821306271964218,0,0,0,0,0,14,14,1,1
139,2007,12,14,6,39428.25,62.71313392051217,103.17255342332689,477,387,1004.319236405663,1012.319236405663,8.0,11.528492109225018,9.279446964506278,622.5289442497956,1217500,0.42474083507273463,3.311147559297457,28.40951260020254,-24.011328558759995,37.19736960240321,0,0,0,0,0,12,12,1,1
139,2007,12,14,9,39428.375,62.380278967383596,103.9793459895957,478,389,1005.5797465410099,1013.5797465410099,8.0,10.58626148082618,8.872579765841946,661.8715742955291,1376250,1.260510135346849,9.856248429876393,13.86331805821604,-12.337260698803089,18.558006065671233,0,0,0,0,0,12,12,1,1
139,2007,12,14,12,39428.5,62.14288138770521,105.7856200197316,478,393,1006.0029173708988,1014.0029173708988,8.0,10.309793694133415,9.964090216044788,701.2765318716695,1545000,0.4231708298889862,3.3160975099592678,31.282364648708292,-8.799135485978141,32.4963247662771,0,0,0,0,0,12,12,1,1
139,2007,12,14,15,39428.625,61.656917300740126,107.42225010950858,479,397,1006.3861962083818,1014.3861962083818,8.0,10.404561924986922,6.169106228351302,737.9084286367428,1710625,0.3832788374829397,3.0171247169780004,28.798370223855624,-18.012247000657442,33.96744278810148,0,0,0,0,0,10,10,1,1
139,2007,12,14,18,39428.75,61.645835125549254,110.31519562673208,477,403,1007.0594090854491,1013.0594090854491,6.0,9.990635846577035,7.325115360105338,548.9987918750612,946875,0.6732128770674172,5.30000352787645,50.9200746728807,-0.4107605524703361,50.92173140146761,0,0,0,0,0,11,11,1,1
139,2007,12,14,21,39428.875,61.645835125549254,110.31519562673208,477,403,1007.6842569674769,1011.6842569674769,4.0,10.293129222669835,7.191012203053979,410.49396584912694,529375,0.6248478820278252,4.919240394746579,0.0,0.0,0.0,0,0,0,0,0,11,11,1,1
139,2007,12,15,0,39429.0,61.61261225995066,111.75899959068249,476,406,1008.6277459039374,1016.6277459039374,8.0,10.296847734768239,6.789186129250302,829.1859587312052,2160000,0.9434889364603442,7.4301323786710896,25.441935805844516,-1.2314047010526137,25.471718730515374,0,0,0,0,0,9,9,1,1
139,2007,12,15,3,39429.125,61.526030209846425,112.18196626322029,476,407,1009.2371043564272,1015.2371043564272,6.0,10.396330503663467,5.603028089508079,589.0312181373172,1090000,0.6093584524898324,4.802726803648614,7.474263724383577,-3.209161570025321,8.134084841219916,0,0,0,0,0,10,10,1,2
139,2007,12,15,6,39429.25,61.37554334139182,114.03149228868342,475,411,1010.4068167199887,1016.4068167199887,6.0,9.481823873495436,4.040303040697982,632.515405501915,1256875,1.1697123635615572,9.232402439211407,32.84017870723675,-5.577792099593136,33.310495376525544,0,0,0,0,0,14,14,1,2
139,2007,12,15,9,39429.375,60.05562383577845,116.27421215472742,478,418,1011.7348025873715,1017.7348025873715,6.0,9.287505736958213,4.162845060644468,695.1504844008722,1518125,1.327985867382813,10.61794055976808,41.49128113293957,-48.92278420113355,64.14799470009417,0,0,0,0,0,11,11,1,1
139,2007,12,15,12,39429.5,60.05562383577845,116.27421215472742,478,418,1012.5882411903305,1016.5882411903305,4.0,9.245188593106983,5.405491395964782,401.92321062396206,507500,0.8534386029589223,6.823687345022892,0.0,0.0,0.0,0,0,0,0,0,9,9,1,1
139,2007,12,15,15,39429.625,60.05562383577845,116.27421215472742,478,418,,,,9.245188593106983,,0.0,0,0.0,,0.0,0.0,0.0,0,3,0,0,0,9,9,0,0
140,2007,12,7,9,39421.375,74.07917462211765,40.99582705929062,406,306,977.6422238267655,977.6422238267655,0.0,16.677807969909342,3.7826067107666312,14.104739588693906,625,,,,,,3,0,0,0,0,10,10,1,1
140,2007,12,7,12,39421.5,74.4177089211011,42.07927847899962,406,308,977.926866665242,977.926866665242,0.0,17.045337922478204,4.96636880275044,14.104739588693906,625,0.28464283847642946,2.047311043712596,10.787204711903676,12.547765514043341,16.547211393220678,0,0,0,0,0,10,10,1,1
140,2007,12,7,15,39421.625,74.756899366331,44.40319054877082,407,311,978.9015292992472,978.9015292992472,0.0,17.444281751916172,5.300525869318153,14.104739588693906,625,0.9746626340052171,6.998888784440656,22.644937245856806,12.572085558625261,25.900782192091935,0,0,0,0,0,9,9,1,1
140,2007,12,7,18,39421.75,75.23352673753936,46.23197740263973,407,314,979.1881034257245,981.1881034257245,2.0,18.14663335740601,6.644230235406576,165.09174420450913,85625,0.28657412647735325,2.0532573397149783,17.276083243080695,17.666181859433976,24.709452315104997,0,0,0,0,0,8,8,1,1
140,2007,12,7,21,39421.875,75.6937599012114,48.179830119864235,407,317,980.1314950774661,984.1314950774661,4.0,18.594168964795262,8.846873343794286,238.53279052439012,178750,0.9433916517415492,6.745185208381271,17.83942832614922,17.0585309579683,24.682760814944874,0,0,0,0,0,7,7,1,1
140,2007,12,8,0,39422.0,75.84326231370127,48.85680098558985,407,318,980.9395991236494,986.9395991236494,6.0,18.4422595697977,8.249562237082136,313.4935044929087,308750,0.808104046183289,5.774065719997491,6.136827937219088,5.541303263332375,8.268415748331158,0,0,0,0,0,10,10,1,1
140,2007,12,8,3,39422.125,76.10321035965784,51.55694649816339,408,321,981.9921084396801,987.9921084396801,6.0,18.37764770219794,5.939184725578525,297.87393436440806,278750,1.0525093160307732,7.511871366152228,24.034681796382536,9.634967967178477,25.893986498450126,0,0,0,0,0,7,7,1,1
140,2007,12,8,6,39422.25,76.37915001277153,53.035710710534794,408,323,983.2493827619384,991.2493827619384,8.0,17.558687930136085,7.7054822971268,415.0725549792189,541250,1.257274322258163,8.962725375578412,12.907270775239107,10.227696495434449,16.4682547486995,0,0,0,0,0,10,10,1,1
140,2007,12,8,9,39422.375,76.58880978412452,55.91112838428339,409,326,985.263685869103,993.263685869103,8.0,16.71266264840291,6.906363607324238,441.3228541654136,611875,2.014303107164742,14.346727988510912,24.716856103664394,7.771034298636565,25.909688336987724,0,0,0,0,0,10,10,1,1
140,2007,12,8,12,39422.5,76.5248251530644,57.23611150941634,410,327,986.7235504616935,992.7235504616935,6.0,15.412968426875853,6.487552618666741,383.69039909802694,462500,1.4598645925904565,10.400555729416034,11.443677956290276,-2.371588785703263,11.686838688702668,0,0,0,0,0,11,11,1,1
140,2007,12,8,15,39422.625,76.7940705200946,61.03994330604967,411,331,988.7764684299036,994.7764684299036,6.0,14.1652667691134,3.3631907863340165,432.2130429014286,586875,2.0529179682100946,14.60937390765883,32.20354426987501,9.97957294543761,33.71439069173741,0,0,0,0,0,11,11,1,1
140,2007,12,8,18,39422.75,77.09620921823972,65.88580146069305,412,336,990.2125937075014,996.2125937075014,6.0,13.674991632304359,3.8791086512935724,458.1327113429437,659375,1.4361252775977482,10.207544822119427,40.09853914298032,11.198763458908894,41.632981449924024,0,0,0,0,0,14,14,1,1
140,2007,12,8,21,39422.875,75.86474600885182,73.86715946951462,420,342,991.4331570945766,997.4331570945766,6.0,14.389901888319288,3.134535796805212,471.19119857356634,697500,1.2205633870752353,8.720346409360383,72.18994910274021,-45.644153744453284,85.40946974723302,0,0,0,0,0,14,14,1,1
140,2007,12,9,0,39423.0,75.9257906529646,74.74488129694222,420,343,992.6502457358714,998.6502457358714,6.0,12.989760584717896,3.2368051328654115,487.5835274530085,746875,1.2170886412948312,8.693193423195792,7.911186957967857,2.26261824138798,8.228385041439319,0,0,0,0,0,13,13,1,1
140,2007,12,9,3,39423.125,75.8182382321356,76.73351915341628,421,345,993.471269887051,997.471269887051,4.0,12.043106867394204,2.9492308991800384,391.3906395482003,481250,0.8210241511795903,5.8670293635871085,18.057717536211772,-3.9864278481753748,18.492505768724754,0,0,0,0,0,11,11,1,1
140,2007,12,9,6,39423.25,75.86832973025976,77.61924307119283,421,346,994.7347465900369,998.7347465900369,4.0,10.460051988232438,3.4709250299941776,408.0635480043464,523125,1.263476702985936,9.026799524094743,8.015242359186724,1.8566401531445604,8.227467577254243,0,0,0,0,0,11,11,1,1
140,2007,12,9,9,39423.375,75.95821349661583,79.40847225202863,421,348,995.9173050909769,997.9173050909769,2.0,9.56338479566582,3.7002082591507492,256.22531886097215,206250,1.182558500939922,8.445361196517897,16.090022420008474,3.33153960216597,16.431310891014615,0,0,0,0,0,10,10,1,1
140,2007,12,9,12,39423.5,75.997941160562,80.3112134396332,421,349,996.2920339106366,996.2920339106366,0.0,9.110224246429363,4.719536843353344,14.104739588693906,625,0.37472881965979465,2.675700418298965,8.095813772432262,1.4725048927513777,8.228637268532417,0,0,0,0,0,10,10,1,1
140,2007,12,9,15,39423.625,75.997941160562,80.3112134396332,421,349,996.4042889930622,996.4042889930622,0.0,8.655375040787453,4.701498130454056,14.104739588693906,625,0.11225508242554497,0.801542222652916,0.0,0.0,0.0,0,0,0,0,0,8,8,1,1
140,2007,12,9,18,39423.75,76.22028279235484,80.15417763214744,420,349,995.9038677875837,995.9038677875837,0.0,8.911557624529772,4.289965821393343,14.104739588693906,625,-0.5004212054784876,-3.5697623554309463,-1.3863892607832544,8.241087145745572,8.356888926280405,0,0,0,0,0,8,8,1,1
140,2007,12,9,21,39423.875,76.22028279235484,80.15417763214744,420,349,,,,8.911557624529772,,0.0,0,0.0,,0.0,0.0,0.0,0,3,0,0,0,8,8,0,0
141,2007,12,7,9,39421.375,44.73943552626476,-177.81419919322443,352,556,999.2309684006865,999.2309684006865,0.0,9.392902905107908,14.602223263594716,14.104739588693906,625,,,,,,3,0,0,0,0,20,20,1,1
141,2007,12,7,12,39421.5,45.64877795204736,-176.28471089457122,347,552,995.3034945101201,999.3034945101201,4.0,12.835479947015209,25.61222176716059,98.73317712085735,30625,-3.927473890566471,-38.05279311117911,39.6291287319252,33.70475477656061,52.02382472098322,0,0,0,0,0,18,18,1,1
141,2007,12,7,15,39421.625,46.497458383958396,-174.3947575335278,341,548,993.6207775331635,997.6207775331635,4.0,13.436144235240063,26.484338731526226,111.06083058226194,38750,-1.6827169769565808,-16.072660481614374,48.22108182293551,31.456319457006543,57.574063309406,0,0,0,0,0,15,15,1,1
141,2007,12,7,18,39421.75,47.73741060994482,-172.0457859022697,334,542,993.4728941006085,995.4728941006085,2.0,12.941942281953803,12.303691561594315,89.20620580763855,25000,-0.1478834325549542,-1.3844176345775911,58.55124421262901,45.958798937105975,74.43426226267212,0,0,0,0,0,15,15,1,1
141,2007,12,7,21,39421.875,49.56811566347507,-171.0442350030727,332,534,992.1374476548092,994.1374476548092,2.0,14.146653526449482,16.94297848460621,77.25484040463792,18750,-1.3354464457993163,-12.15517292854954,24.07535548530991,67.85503804503976,71.99950645551563,0,0,0,0,0,14,14,1,1
141,2007,12,8,0,39422.0,50.94466405531585,-170.39988157012132,331,528,989.7702301941054,991.7702301941054,2.0,15.247246798280223,14.892052844322027,84.62843753216345,22500,-2.3672174607038325,-21.120109739493344,15.047894635527703,51.02173248447359,53.19451399044013,0,0,0,0,0,19,19,1,1
141,2007,12,8,3,39422.125,52.391574908463774,-170.39479584498707,332,522,989.2378205156612,989.2378205156612,0.0,15.140440472781123,9.320026742865448,14.104739588693906,625,-0.5324096784442373,-4.656201523406647,0.11503571290689735,53.62971539233309,53.62983876796473,0,0,0,0,0,16,16,1,1
141,2007,12,8,6,39422.25,53.24211376690233,-169.4567536053137,330,518,987.956659372004,987.956659372004,0.0,16.706465322050654,10.015538178898568,14.104739588693906,625,-1.2811611436572274,-11.078957893440935,20.806541556065213,31.525201990807236,37.77235142383203,0,0,0,0,0,18,18,1,1
141,2007,12,8,9,39422.375,54.357710613546665,-168.76186671084417,329,513,,,,17.354028070494174,,0.0,0,-0.8941142652452981,,15.00853165282846,41.34956984250618,43.98912307075751,0,2,2,0,0,19,18,0,0
147,2007,12,3,15,39417.625,78.21339549910375,-78.47627829610268,308,349,1014.5528755779992,1014.5528755779992,0.0,11.139712109290477,34.19316393912224,14.104739588693906,625,,,,,,3,0,0,0,0,9,9,1,1
147,2007,12,3,18,39417.75,75.66192196659253,-71.28141102132018,299,339,1012.7189511499181,1012.7189511499181,0.0,13.098354167676574,5.716004165629275,14.104739588693906,625,-1.8339244280810818,-13.114293486807815,66.00009689566552,-94.5703040943731,115.32369750723153,0,0,0,0,0,8,8,1,1
147,2007,12,3,21,39417.875,73.89198729461634,-57.52880770915151,299,321,1007.3674491803339,1007.3674491803339,0.0,8.435702132136663,3.8180107075592247,14.104739588693906,625,-5.351501969584206,-38.59137667849208,141.11353385927353,-65.6025853386846,155.6172504620607,0,0,0,0,0,7,7,1,1
147,2007,12,4,0,39418.0,73.57945594107763,-57.288323163275344,298,320,1001.163051099615,1001.163051099615,0.0,11.64179194123447,4.916415058473867,14.104739588693906,625,-6.204398080718965,-44.81313883300945,2.519729927585056,-11.583966976954102,11.85484415043618,0,0,0,0,0,11,11,1,1
147,2007,12,4,3,39418.125,73.38855335221739,-57.70711350131659,297,320,995.6954891871127,995.6954891871127,0.0,12.933553108044032,3.164201356479607,14.104739588693906,625,-5.467561912502279,-39.5301520227249,-4.43754713498191,-7.075799788190228,8.35217140734905,0,0,0,0,0,9,9,1,1
147,2007,12,4,6,39418.25,72.88461917844928,-57.87500155961248,295,319,990.5470914961966,990.5470914961966,0.0,14.584330100189186,3.3444425007491367,14.104739588693906,625,-5.148397690916172,-37.321985217899766,-1.831340332134418,-18.67830782860984,18.767871236568354,0,0,0,0,0,9,9,1,1
147,2007,12,4,9,39418.375,72.88461917844928,-57.87500155961248,295,319,986.5577367357243,986.5577367357243,0.0,14.338778000608011,3.203799094068163,14.104739588693906,625,-3.9893547604721973,-28.919801526211522,0.0,0.0,0.0,0,0,0,0,0,7,7,1,1
147,2007,12,4,12,39418.5,73.62596640599432,-59.03624346792648,297,322,982.4423765809271,982.4423765809271,0.0,15.25776986417212,3.920330484028891,14.104739588693906,625,-4.115360154797235,-29.717332034744377,-12.133467295916882,27.478016861672465,30.037683653561583,0,0,0,0,0,9,9,1,1
147,2007,12,4,15,39418.625,73.54542935249614,-60.109575122340466,296,323,979.8277587517696,981.8277587517696,2.0,15.29827275081325,2.3943541517939595,284.2026277484726,253750,-2.6146178291575053,-18.888175984881407,-11.268585982643629,-2.985103918633118,11.657267066224025,0,0,0,0,0,10,10,1,1
147,2007,12,4,18,39418.75,73.33047547078156,-67.40983737149327,291,331,977.6191526983458,981.6191526983458,4.0,17.99860847663188,2.279994169370184,450.9106782943783,638750,-2.2086060534237184,-15.972930722792201,-77.56912753907893,-7.967260369738219,77.97721965403163,0,0,0,0,0,9,9,1,1
147,2007,12,4,21,39418.875,72.99502164825394,-68.69068940282739,289,332,976.6107520911235,982.6107520911235,6.0,17.47570585028948,2.3690487847619806,534.3071955074976,896875,-1.0084006072224292,-7.305819533559801,-13.883953699369439,-12.433587729532483,18.63755011138039,0,0,0,0,0,8,8,1,1
147,2007,12,5,0,39419.0,72.35995246966367,-69.48668093171604,286,332,976.0877060205515,984.0877060205515,8.0,16.182830725993544,2.9821916809024698,704.8137102281555,1560625,-0.5230460705718724,-3.802569765955722,-8.940530787440343,-23.538823575854767,25.179541419501366,0,0,0,0,0,11,11,1,1
147,2007,12,5,3,39419.125,71.85556471280432,-69.31930861118292,284,331,976.1835006600992,984.1835006600992,8.0,13.99456149324313,3.0406770832549226,759.3015088556,1811250,0.09579463954767561,0.6984136993571474,1.9319000470129155,-18.695119874796184,18.794673312527884,0,0,0,0,0,10,10,1,2
147,2007,12,5,6,39419.25,71.56264167103821,-68.9123175517509,283,330,976.46068257592,984.46068257592,8.0,11.927210200809972,3.0949411906489694,787.9741250429843,1950625,0.2771819158208382,2.0242788823732925,4.770924595409462,-10.85718538056142,11.859181923006307,0,0,0,0,0,10,10,1,2
147,2007,12,5,9,39419.375,71.56264167103821,-68.9123175517509,283,330,977.9608651350707,985.9608651350707,8.0,9.970583160495584,3.8033280810709407,864.1959097674086,2346250,1.5001825591505622,10.955937962980567,0.0,0.0,0.0,0,0,0,0,0,11,11,1,2
147,2007,12,5,12,39419.5,71.85556471280432,-69.31930861118292,284,331,979.3847677722069,986.0121551894237,6.627387417216669,8.570880636595433,4.845713473205688,861.8907685324292,2333750,1.4239026371363435,10.381302263075549,-4.697699142061322,10.85718538056142,11.829913423909758,0,0,0,0,0,9,10,2,0
147,2007,12,5,15,39419.625,63.63601949678302,-81.86989764584403,244,343,978.0422556244122,986.0422556244122,8.0,18.064297004459657,3.110431820818485,851.4404064780947,2277500,0.030100434988562484,0.2327500008428521,0.0,-60.26443221479346,60.26443221479346,0,0,0,0,2,12,12,1,1
147,2007,12,5,18,39419.75,63.146649593861234,-81.52885536698517,242,342,978.0073056139966,980.0073056139966,2.0,17.611506641198126,3.5349078021084277,286.98899464971794,258750,-0.034950010415632275,-0.2714078806615008,5.709915235714595,-18.138483485814216,19.015985779448847,0,0,0,0,0,12,12,1,1
147,2007,12,5,21,39419.875,62.65580919086027,-81.19980212361949,240,341,978.9572219969856,980.9572219969856,2.0,17.098996828524186,3.628409610304225,337.04130404423773,356875,0.9499163829890312,7.4090805290234645,5.602201939660568,-18.192987535292755,19.036004361001133,0,0,0,0,0,12,12,1,1
147,2007,12,6,0,39420.0,59.82093558141123,-78.52130283138713,229,333,979.0850084277278,981.0850084277278,2.0,18.827891230200912,3.3163265930071066,341.1481381100423,365625,0.12778643074212595,1.0241443817413087,49.904319315609825,-105.07452101642724,116.32323952326102,0,0,0,0,0,13,13,1,2
147,2007,12,6,3,39420.125,59.546305376254665,-78.18821951757046,228,332,979.670497680406,981.670497680406,2.0,18.421022512882196,4.209563503263562,347.5036878523386,379375,0.585489252678235,4.705573924040482,6.257323426032004,-10.179161838921308,11.948616329973975,0,0,0,0,0,9,9,1,2
147,2007,12,6,6,39420.25,59.773846240407316,-78.10027886348054,229,332,980.9597992696815,981.9963374851172,1.0365382154357212,17.05290487639911,4.198426597574508,306.43338007504707,295000,1.2893015892755648,10.338052316987934,1.6408883049474523,8.433796566031237,8.591940348170116,0,0,0,0,0,8,7,2,0
147,2007,12,6,9,39420.375,59.773846240407316,-78.10027886348054,229,332,982.8791292189635,992.8414109145899,9.962281695626443,15.548177594651937,4.456984472875556,1110.339577753398,3873125,1.9193299492819642,15.389830893164168,0.0,0.0,0.0,0,0,2,0,0,7,6,2,0
147,2007,12,6,12,39420.5,59.773846240407316,-78.10027886348054,229,332,985.8060682211124,993.3621119655195,7.55604374440707,12.943619256366597,4.603391930157377,1101.7959558981108,3813750,2.926939002148865,23.469178029827244,0.0,0.0,0.0,0,0,0,0,0,9,10,2,0
147,2007,12,6,15,39420.625,67.14270684415406,-78.91171353643924,260,340,981.5324367227294,993.5324367227294,12.0,11.719312310486822,7.001183554377204,1051.158024473715,3471250,0.17032475720989168,1.2806036908657217,7.998812508649718,-1.589869362220776,8.155285779018383,0,0,0,0,2,8,8,1,5
147,2007,12,6,18,39420.75,67.14270684415406,-78.91171353643924,260,340,982.1792796459378,988.1792796459378,6.0,12.054730499555182,6.241437630023938,577.6058772696013,1048125,0.6468429232084599,4.863353093469254,0.0,0.0,0.0,0,0,1,2,0,8,8,1,2
147,2007,12,6,21,39420.875,67.41034413831807,-79.36278549070992,261,341,983.5687568366499,997.5687568366499,14.0,12.31384239781331,7.43490224055,1124.139781410501,3970000,1.3894771907120593,10.426506276016813,-6.422221449001331,9.919969763971284,11.817390932778574,0,0,0,0,0,8,8,1,2
147,2007,12,7,0,39421.0,67.14270684415406,-78.91171353643924,260,340,984.3180705042822,998.3180705042822,14.0,12.915294048402309,5.221738695177555,1072.6095724332963,3614375,0.7493136676323775,5.633789615232902,6.494256249735844,-9.919969763971284,11.856692808508516,0,0,0,0,0,5,5,1,1
147,2007,12,7,3,39421.125,67.18560096019507,-79.46728817685798,260,341,985.7529512828629,1001.7529512828629,16.0,12.672424844377,6.190188702674204,1244.9779925911123,4869375,1.4348807785807003,10.784893883971485,-7.984604525972196,1.589869362220776,8.141350872251113,0,0,0,0,0,5,5,1,1
147,2007,12,7,6,39421.25,67.22630774140454,-80.02487327954135,260,342,987.149322662432,1001.149322662432,14.0,12.270899711069845,6.738235495570552,1153.4883286137945,4180000,1.3963713795691728,10.492315268212632,-7.999961873442804,1.5087958501744536,8.140998396636752,0,0,0,0,0,9,9,1,1
147,2007,12,7,9,39421.375,67.22630774140454,-80.02487327954135,260,342,988.2546849837463,1000.2546849837463,12.0,12.069740539133845,5.714752996799288,1065.8181863331115,3568750,1.105362321314169,8.305677222065325,0.0,0.0,0.0,0,0,0,0,0,11,11,1,1
147,2007,12,7,12,39421.5,65.71612003568153,-81.71931775727825,253,344,989.0927858545557,995.0927858545557,6.0,12.728521293910822,3.0854631621144653,572.2423397578814,1028750,0.8381008708094305,6.370172249026609,-25.82808379053479,-55.97507038579477,61.64656046354545,0,0,0,0,0,11,11,1,1
147,2007,12,7,15,39421.625,65.90861931562024,-81.11105752157547,254,343,989.8153201160499,995.8153201160499,6.0,12.573444421894829,3.7190799071649963,559.0532349398486,981875,0.7225342614941473,5.4835013290260886,9.20273971244228,7.134981103971572,11.64467146676941,0,0,0,0,0,10,10,1,1
147,2007,12,7,18,39421.75,66.13503797091153,-81.02737338510362,255,343,989.9074647388219,993.9074647388219,4.0,12.792461471956294,3.778951157818301,341.7307997440064,366875,0.09214462277202984,0.698081572797117,1.2549136164964174,8.392201922024938,8.485508899583289,0,0,0,0,0,11,11,1,1
147,2007,12,7,21,39421.875,66.39629339404021,-81.48276989169308,256,344,990.7067873031939,994.7067873031939,4.0,12.96662700683866,4.110926225810399,350.0704303147574,385000,0.7993225643719779,6.043486415530823,-6.758581244475366,9.68342587009546,11.808774577398292,0,0,0,0,0,10,10,1,1
147,2007,12,8,0,39422.0,66.62272186697703,-81.40091128922252,257,344,991.0285515069072,999.0285515069072,8.0,13.559430844748466,5.404987079847051,668.153885996906,1402500,0.3217642037133919,2.428607177687108,1.2038768385053507,8.39256581281653,8.478471581879981,0,0,2,0,0,13,13,1,2
147,2007,12,8,3,39422.125,66.62272186697703,-81.40091128922252,257,344,991.2487384308392,1001.2487384308392,10.0,13.70547485904021,5.824722650355762,849.3349042421462,2266250,0.22018692393205128,1.6619236624921327,0.0,0.0,0.0,0,0,0,0,0,10,10,1,2
147,2007,12,8,6,39422.25,66.65586897965717,-81.94817051998298,257,345,991.8912937625138,1001.0914199599038,9.20012619738991,13.83953287869762,6.455250297857856,758.6462040741169,1808125,0.6425553316745208,4.848658055562905,-8.037625512131001,1.2285969209824839,8.130982367924972,0,0,0,0,0,13,11,2,0
147,2007,12,8,9,39422.375,66.4598381907672,-82.5685920288275,256,346,992.8826401311244,1003.3506969637342,10.468056832609873,14.034976597185095,6.290087258662097,882.6457083308272,2447500,0.9913463686105388,7.491706340540407,-9.18433915551507,-7.265876396898643,11.71089430993791,0,0,0,0,0,13,11,2,0
147,2007,12,8,12,39422.5,61.31152992315488,-75.14138555207533,237,327,991.3696777534744,1007.3696777534744,16.0,16.521560748045154,4.744716238569308,1142.0484922445642,4097500,0.018980789740162436,0.14990464580916993,13.676865182195241,22.803393570309005,26.590438122271596,0,0,0,0,2,10,10,1,1
147,2007,12,8,15,39422.625,62.933911067587914,-74.74488129694222,244,328,991.7379172949232,1007.7379172949232,16.0,15.993757729122333,3.0538291018886956,1097.3632434928068,3783125,0.36823954144885646,2.865007506632103,6.687124502747441,60.13351744824932,60.50419452248043,0,0,0,0,0,10,10,1,1
147,2007,12,8,18,39422.75,63.43927388094926,-74.95867052681935,246,329,991.3305548197168,1007.3305548197168,16.0,16.716171247542967,4.9159859891996165,1068.4282050407596,3586250,-0.4073624752064643,-3.1552970825076163,-3.5432252658211323,18.731260320200708,19.06343511719435,0,0,0,0,0,11,11,1,1
147,2007,12,8,21,39422.875,63.60050541640413,-74.35775354279127,247,328,991.8238785345492,1005.8238785345492,14.0,17.066455947489402,3.790768463152271,884.1095600999182,2455625,0.49332371483236787,3.815772149339567,9.90313508290295,5.976042919231525,11.566554086793545,0,0,0,0,0,12,12,1,1
147,2007,12,9,0,39423.0,63.62615004505733,-72.8070415315011,248,325,991.4612695221043,1005.4612695221043,14.0,17.367930074956586,3.869183159491876,865.2312197144198,2351875,-0.362609012444882,-2.8040941963226245,25.532216683837813,0.9505175339726102,25.54990356875805,0,0,0,0,0,11,11,1,1
147,2007,12,9,3,39423.125,63.84606121155731,-72.66073851195952,249,325,991.7492632521489,1001.7492632521489,10.0,16.893406148626596,5.309196931837942,668.3027450576806,1403125,0.28799373004469087,2.2228722817909876,2.390248833542798,8.15100200909534,8.494240592220647,0,0,0,0,0,10,10,1,1
147,2007,12,9,6,39423.25,63.995622713340175,-72.03725844848341,250,324,991.558524709199,999.558524709199,8.0,16.873948632422383,5.7048651756277104,565.7741415914787,1005625,-0.19073854294998455,-1.470330874044949,10.131985055320662,5.543493406531944,11.549348046946388,0,0,0,0,0,10,10,1,1
147,2007,12,9,9,39423.375,64.35988869822238,-71.24585793600345,252,323,991.8060548874769,997.8060548874769,6.0,16.323610979578685,4.464684647565736,477.898884008814,717500,0.247530178277957,1.9022547623064554,12.692909666504468,13.501509822694773,18.531074531563625,0,0,0,0,0,9,9,1,1
147,2007,12,9,12,39423.5,64.65110874763872,-71.56505117707799,253,324,991.9317304209787,995.9317304209787,4.0,16.199125257891183,5.7779072294344225,302.5129621649952,287500,0.1256755335017806,0.9634709835999625,-5.065143667885705,10.794064010758179,11.923401286741447,0,0,0,0,0,9,9,1,1
147,2007,12,9,15,39423.625,64.7927448192328,-72.53882334957554,253,326,992.2842965775073,996.2842965775073,4.0,15.869318676827854,5.524372356329841,298.20768677650904,279375,0.3525661565286282,2.699737539899045,-15.371568376001417,5.249737530375241,16.243301957296648,0,0,0,0,0,7,7,1,1
147,2007,12,9,18,39423.75,65.08034208212982,-72.8781915179955,254,327,992.4832933481475,996.4832933481475,4.0,15.038306817451364,4.653873518629625,303.8253889873249,290000,0.19899677064022397,1.5202236420482165,-5.299979592637518,10.659785517004034,11.904655011838987,0,0,0,0,0,7,7,1,1
147,2007,12,9,21,39423.875,65.14699023019789,-73.37552185603504,254,328,993.6189346346698,997.6189346346698,4.0,14.158894442087943,4.513818562372471,308.69729862159846,299375,1.1356412865222956,8.670981793788894,-7.7474438654098465,2.470311978474638,8.131748134237307,0,0,0,0,0,8,8,1,1
147,2007,12,10,0,39424.0,65.43212449026029,-73.72926878445519,255,329,993.715798553949,995.715798553949,2.0,13.664235403836969,4.049922782160284,170.4282168957679,91250,0.09686391927913064,0.7378950229545886,-5.451423905781348,10.56849437716332,11.891639752391471,0,0,0,3,0,8,8,1,1
147,2007,12,10,3,39424.125,65.49543840569898,-74.23580456870002,255,330,993.9385500391094,995.9385500391094,2.0,12.907805399554302,3.0689670173938066,176.73188049071527,98125,0.22275148516040644,1.6960321379291896,-7.787095482390911,2.34672872759452,8.133018613822934,0,0,0,0,0,7,7,1,1
147,2007,12,10,6,39424.25,65.33533789695082,-74.88283234541284,254,331,994.5959538658327,996.5959538658327,2.0,12.212941068394088,2.628194522858612,186.5881662950577,109375,0.6574038267233118,5.011882785580053,-10.00783309201994,-5.934121442002712,11.63488377622079,0,0,0,0,0,7,7,1,1
147,2007,12,10,9,39424.375,65.11364536550718,-75.01836742760908,253,331,995.0869177203058,997.0869177203058,2.0,11.602485108497326,2.063258155913354,191.3259964331453,115000,0.4909638544730842,3.74967632902693,-2.114031752875703,-8.217028257173448,8.4846145246177,0,0,0,0,0,7,7,1,1
147,2007,12,10,12,39424.5,63.75868548324847,-73.74966196620962,248,327,996.5612906086573,996.5612906086573,0.0,9.882998125309404,4.126889800947029,14.104739588693906,625,1.4743728883514995,11.388451331362878,20.79168553701494,-50.221554904692574,54.35530116295159,0,0,0,0,0,6,6,1,1
147,2007,12,10,15,39424.625,63.693329745428485,-73.27718695634724,248,326,997.1859148110312,997.1859148110312,0.0,8.465907014161502,4.0827631267502875,14.104739588693906,625,0.6246242023739614,4.8274823886239515,7.760994381304027,-2.422408824231463,8.130258193830448,0,0,0,0,0,7,7,1,1
147,2007,12,10,18,39424.75,63.693329745428485,-73.27718695634724,248,326,,,,8.465907014161502,,0.0,0,0.0,,0.0,0.0,0.0,0,3,0,0,0,7,7,0,0
148,2007,12,7,18,39421.75,43.5565478062266,162.82409638425327,419,552,996.7618636277529,996.7618636277529,0.0,8.726652406362707,8.64221728495104,14.104739588693906,625,,,,,,3,0,0,0,0,16,16,1,1
148,2007,12,7,21,39421.875,44.27035271751865,164.66895937205882,412,551,994.2833899365434,996.2833899365434,2.0,11.061506978770176,14.211299862675151,92.49096275414898,26875,-2.47847369120951,-24.599234761318975,48.962601604869775,26.457161583214994,55.653551144177165,0,0,0,0,0,15,15,1,1
148,2007,12,8,0,39422.0,45.109936581133596,166.21302186846503,406,549,987.6990263361985,995.6990263361985,8.0,16.004725899538084,21.22509239669176,246.32868702971868,190625,-6.58436360034495,-64.38989456055228,40.38983625220952,31.119155375539773,50.98765246378072,0,0,0,0,0,20,20,1,1
148,2007,12,8,3,39422.125,45.384989737631145,167.64738787036003,401,549,983.3894111968328,991.3894111968328,8.0,19.30361061765337,28.273403505284733,184.98192550829796,107500,-4.309615139365633,-41.944541747317096,37.33920678851585,10.194838520033267,38.705956854793065,0,0,0,0,0,17,17,1,1
148,2007,12,8,6,39422.25,45.58334511699196,168.80640397425282,397,549,981.8129520369628,991.8129520369628,10.0,21.068210997372056,37.41144538784072,248.7397920055702,194375,-1.5764591598699917,-15.291193265244637,30.065429069541565,7.352037285859605,30.951292014846565,0,0,0,0,0,19,19,1,1
148,2007,12,8,9,39422.375,45.16359384779875,170.99680748802297,390,552,981.6153981055203,989.6153981055203,8.0,21.92512498032707,17.996959711969758,233.90064490684722,171875,-0.19755393144252595,-1.9301222060648096,57.2421556623824,-15.55807052896606,59.318782383497215,0,0,0,0,0,20,20,1,1
148,2007,12,8,12,39422.5,46.15211786761097,173.22877174832678,382,549,980.5955558288327,988.5955558288327,8.0,22.04862278735477,11.617612635868136,233.47498368984665,171250,-1.0198422766875592,-9.797358988469684,57.307407910404244,36.63961862313428,68.01911976979848,0,0,0,0,0,20,20,1,1
148,2007,12,8,15,39422.625,45.353667350587386,175.42019440413205,375,553,980.7021366546312,994.7021366546312,14.0,23.09816590563439,9.670592001869663,516.318244572981,837500,0.10658082579844631,1.0378878430756888,57.077389137245255,-29.594548889915732,64.29358968608095,0,0,2,0,0,21,21,1,2
148,2007,12,8,18,39422.75,45.46901833206802,177.7803444468021,367,553,981.5168672009933,993.5168672009933,12.0,23.271025043665208,9.067386503755115,476.02190099520215,711875,0.814730546362116,7.9181452254260485,61.34629930159377,4.275481308039039,61.49510694694428,0,0,0,0,0,21,21,1,2
148,2007,12,8,21,39422.875,45.747068915418645,179.85118012814303,360,552,983.3838234752866,995.3838234752866,12.0,22.984415696519875,5.28060060175223,521.303237405458,853750,1.8669562742933339,18.058442053340695,53.56055420380881,10.305938073049802,54.54305937683253,0,0,0,0,0,22,22,1,1
148,2007,12,9,0,39423.0,45.747068915418645,179.85118012814303,360,552,,,,22.984415696519875,,0.0,0,0.0,,0.0,0.0,0.0,0,3,0,0,0,22,22,0,0
149,2007,12,7,21,39421.875,44.06536893035009,7.926926682689598,387,162,1004.097748555154,1008.097748555154,4.0,10.550911247961407,10.057568762799056,272.0423653362309,232500,,,,,,3,0,0,0,0,0,0,1,1
149,2007,12,8,0,39422.0,44.04086694149994,9.958070598460985,394,163,1002.4388752505688,1006.4388752505688,4.0,12.356601626573479,8.96806631505453,295.86351363515985,275000,-1.6588733045851405,-16.532632821822524,54.116308312762726,-0.9081656176128674,54.12392807429082,0,0,0,0,0,0,0,1,1
149,2007,12,8,3,39422.125,43.75736950297626,10.18992306246332,395,162,1000.226013510988,1006.226013510988,6.0,14.487426803507438,8.262187320485317,360.4306067730092,408125,-2.2128617395808394,-22.167472078205716,6.2069447873997285,-10.507825626853533,12.204120738430463,0,0,0,0,0,0,0,1,1
149,2007,12,8,6,39422.25,42.90025776540713,10.869627754489718,398,159,999.4076511396,1007.4076511396,8.0,16.119346305268017,9.453965169562071,448.4774903296516,631875,-0.8183623713879206,-8.329042981279935,18.45500013995312,-31.768825595063163,36.74024101520307,0,0,0,0,0,0,0,1,1
149,2007,12,8,9,39422.375,42.377046036971855,14.743562836470735,412,160,999.615912053661,1007.615912053661,8.0,16.297956225355755,9.971861343263008,416.50796867546956,545000,0.20826091406095656,2.140741899339695,106.06241485365032,-19.392829920977967,107.8207665384169,0,0,0,0,0,0,0,1,1
149,2007,12,8,12,39422.5,43.261987183293336,15.304703960702916,413,164,998.8808182596704,1008.8808182596704,10.0,14.640298006862094,5.662695432135151,557.2711034210017,975625,-0.7350937939906725,-7.431221968172382,15.14614593881193,32.80032194998978,36.12847708972481,0,0,0,0,0,0,0,1,1
149,2007,12,8,15,39422.625,43.025419208517235,15.2304435196078,413,163,999.805541408034,1009.805541408034,10.0,12.96091887986968,7.973844309119596,620.2878968065208,1208750,0.9247231483635551,9.389500549588176,-2.01218978799572,-8.768386200560252,8.996305036240697,0,0,0,0,0,0,0,1,1
149,2007,12,8,18,39422.75,43.08930021828456,14.958636073720873,412,163,1001.4439285684479,1009.4439285684479,8.0,10.569064145204752,10.463716469562133,507.18258721320063,808125,1.638387160413986,16.616099642553998,-7.35732853889479,2.3677480650195153,7.728940039141163,0,0,0,1,0,1,1,1,2
149,2007,12,8,21,39422.875,42.78854627481707,15.156883429383258,413,162,1003.8225591702487,1011.119854411322,7.297295241073297,7.8554942682019115,8.131115910151129,682.0046342848882,1461250,2.3786306018008325,24.259924741188147,5.392468232964924,-11.147437560643342,12.383217587201552,0,0,0,0,0,1,0,2,0
149,2007,12,9,0,39423.0,39.666213413486055,18.10135271186646,427,153,1003.2938359535163,1009.2938359535163,6.0,11.74813820690799,4.889642283830108,475.3945931439391,710000,-0.5287232167323236,-5.738714629288442,84.0070415554394,-115.7291911585324,143.004995427102,0,0,1,0,0,0,0,1,1
149,2007,12,9,3,39423.125,39.745261075327626,18.68551185905629,429,154,1003.2992900059468,1007.2992900059468,4.0,10.619540932873953,4.564448617017406,400.4355193599646,503750,0.005454052430432057,0.05909952609084254,16.647959385073214,2.929899653299153,16.903812104535763,0,0,0,0,0,0,0,1,1
149,2007,12,9,6,39423.25,39.58382366513807,19.184414818237162,431,154,1003.5274203383492,1005.5274203383492,2.0,10.12930107936856,4.591297435868546,213.90896694369758,143750,0.22813033240236108,2.480410183567029,14.251505819088603,-5.9836736612382335,15.456706266074686,0,0,0,3,0,0,0,1,1
149,2007,12,9,9,39423.375,39.41819153500394,19.68031308969036,433,154,1005.1058428562933,1005.1058428562933,0.0,8.746843923394074,3.965317908012293,14.104739588693906,625,1.5784225179441274,17.22212333637709,14.199473688145144,-6.139150853415636,15.46978429782782,0,0,0,0,0,0,0,1,1
149,2007,12,9,12,39423.5,40.754422160884346,23.97615360096187,446,165,,,,8.533830371463608,,0.0,0,-1.4946179967193165,,120.60338816012698,49.52735547499483,130.37690046955694,0,3,3,0,0,0,0,0,0
158,2007,12,8,6,39422.25,43.44000930920423,-64.64032999812544,177,273,1016.0799743018255,1018.0799743018255,2.0,7.988746955457837,11.060283840259581,97.72050238058398,30000,,,,,,3,0,0,0,0,8,8,1,1
158,2007,12,8,9,39422.375,44.540237638089685,-62.721221784819306,184,269,1012.7434660239315,1014.7434660239315,2.0,10.295388171997836,17.275366679449508,71.9203423968949,16250,-3.3365082778938815,-32.95648433667414,50.69852426926591,40.7799361075614,65.06414951429193,0,0,0,0,0,8,8,1,1
158,2007,12,8,12,39422.5,45.46023344652298,-60.45692817097226,191,264,1011.7427260769856,1013.7427260769856,2.0,10.866728471411442,14.864515361392186,90.31439992304459,25625,-1.000739946945978,-9.727387491656797,58.86408814632799,34.09962214401383,68.02767895249102,0,0,0,0,0,8,8,1,1
158,2007,12,8,15,39422.625,46.473175916043765,-59.03624346792648,197,262,1009.3868836912803,1011.3868836912803,2.0,12.05320419979608,12.578995400807692,91.40915989289316,26250,-2.355842385705182,-22.511149892237476,36.26452007170618,37.54468786450723,52.19884101083526,0,0,0,0,0,7,7,1,1
158,2007,12,8,18,39422.75,47.45301790270639,-57.55250323282667,203,260,1006.3791389719865,1006.3791389719865,0.0,12.690065042998059,9.398960549434996,14.104739588693906,625,-3.0077447192938416,-28.28507262808128,37.1866165952315,36.31781927673667,51.9791155255498,0,0,0,0,0,6,6,1,1
158,2007,12,8,21,39422.875,48.461846149471924,-55.564734823756176,210,257,1004.4849219234559,1004.4849219234559,0.0,13.812190274808687,8.037711528424552,14.104739588693906,625,-1.8942170485306997,-17.532758575847623,48.85494555960668,37.39219429868386,61.522206560742426,0,0,0,0,0,5,5,1,1
158,2007,12,9,0,39423.0,49.88914586096031,-53.816442238976606,218,256,1000.6162189620412,1004.6162189620412,4.0,16.338290679553154,5.999745037730609,297.87393436440806,278750,-3.868702961414674,-35.046002405200184,41.74792487558221,52.902828906250484,67.39138326003754,0,0,2,0,0,5,5,1,2
158,2007,12,9,3,39423.125,51.22593768753487,-52.42111593257061,225,256,994.9246176935161,1002.9246176935161,8.0,19.88287483544159,10.827594380293231,361.5328436175876,410625,-5.691601268525119,-50.57911806850655,32.387794077695695,49.54815636500113,59.194501470912165,0,0,0,0,0,5,5,1,1
158,2007,12,9,6,39423.25,52.123104301648084,-51.852469770553796,229,257,989.6173080114739,999.6173080114739,10.0,23.525541710995057,12.942602853544521,343.7623383178156,371250,-5.3073096820421055,-46.583861691268496,12.940460066017103,33.2534586147555,35.682601034165664,0,0,0,0,0,6,6,1,1
158,2007,12,9,9,39423.375,52.864970138589335,-50.98295650281606,233,257,984.9445088879079,996.9445088879079,12.0,27.041840996122303,16.7546680218244,335.26583267409023,353125,-4.672799123566074,-40.60899823261782,19.45607474533838,27.49723910626208,33.68437327549887,0,0,0,0,0,5,5,1,1
158,2007,12,9,12,39423.5,53.62405935398611,-49.57392125990087,238,256,982.7353644124939,996.7353644124939,14.0,28.532850457632723,9.686056537915793,478.93847384731384,720625,-2.209144475413923,-19.009546833942142,30.9736494326612,28.13562320757341,41.84471594426155,0,0,0,0,0,4,4,1,1
158,2007,12,9,15,39423.625,55.718729941588556,-47.150943127516015,249,257,979.3739044007397,997.3739044007397,18.0,29.360683674139835,10.941713870322491,596.4153735530181,1117500,-3.361460011754243,-28.185129244518727,50.58210730974621,77.63891411098966,92.66256290556781,0,0,0,0,0,4,4,1,1
158,2007,12,9,18,39423.75,56.553885730494116,-46.927495886671906,252,259,975.9702736832853,995.9702736832853,20.0,30.337229920834485,13.166103839667993,623.6464480623772,1221875,-3.403630717454362,-28.260926419707626,4.564679532952135,30.95502889471079,31.28977649506196,0,0,0,0,0,4,4,1,1
158,2007,12,9,21,39423.875,57.21594051868037,-46.965260571920524,254,261,974.2048897130817,998.2048897130817,24.0,30.689085819978192,12.302791111679035,746.3526651802308,1750000,-1.765383970203693,-14.548218748477993,-0.7579271346350644,24.539044535682862,24.550746633567847,0,0,0,0,0,5,5,1,1
158,2007,12,10,0,39424.0,57.69074369127519,-47.848187911387896,254,264,971.0275628719766,993.0275628719766,22.0,32.21205213007065,16.317240264138526,633.7722679544845,1261875,-3.1773268411050957,-26.04567476236975,-17.491389113291223,17.59856798242833,24.81246235553244,0,0,0,0,0,4,4,1,1
158,2007,12,10,3,39424.125,57.672683797779726,-48.416588191771346,253,265,967.2007392830247,987.2007392830247,20.0,34.87575297411507,21.583616817102957,518.0492474550161,843125,-3.826823588951811,-31.376085830919838,-11.266053416466121,-0.669389510812146,11.285922288402189,0,0,0,0,0,4,4,1,1
158,2007,12,10,6,39424.25,57.497473483328314,-48.682274062305275,252,265,963.1505533015938,983.1505533015938,20.0,37.90025436907429,35.43779835671623,449.5851173323102,635000,-4.0501859814308405,-33.27197598699579,-5.29149613226029,-6.49416602093196,8.37699967919021,0,0,0,0,0,4,4,1,1
158,2007,12,10,9,39424.375,57.37515837725635,-47.25679392645107,254,262,960.3124665041718,978.3124665041718,18.0,39.12010801707998,32.862068565452574,355.428243221036,396875,-2.8380867974221475,-23.346479432654938,28.48493747126941,-4.533606415730834,28.843461128562293,0,0,0,0,0,4,4,1,1
158,2007,12,10,12,39424.5,57.73017813614507,-45.57008844499889,258,260,959.761379999101,973.761379999101,14.0,38.41026065196636,29.333597312779386,261.22343281308076,214375,-0.5510865050707071,-4.51548716760988,33.377778883222085,13.158798682333398,35.87798915685556,0,0,0,0,0,4,4,1,1
158,2007,12,10,15,39424.625,58.060474291621766,-44.42418240675502,261,259,,,,37.618479208382595,,0.0,0,-0.47454820573082546,,22.46895041754328,12.242418926403825,25.587703180152552,0,2,2,0,0,5,4,0,0
174,2007,12,9,0,39423.0,48.2460943383997,-175.11881527480963,344,541,983.9876643007842,993.9876643007842,10.0,20.876730176548083,7.904131819796749,492.0512749486031,760625,,,,,,3,0,0,0,0,24,24,1,1
174,2007,12,9,3,39423.125,49.13477931857729,-174.04981063081902,341,537,983.4154278834656,1005.4154278834656,22.0,21.235030999297337,11.189848194226652,1214.8922394593128,4636875,-0.5722364173186361,-5.242401556020431,25.92415443162856,32.93908706032239,41.91712346240406,0,0,2,0,0,22,22,1,2
174,2007,12,9,6,39423.25,49.32061136428886,-173.37493413410624,339,536,984.6533995260243,1006.6533995260243,22.0,20.8001612154103,8.736893394680155,1217.9179240065664,4660000,1.2379716425586957,11.309693035112922,16.304895246331192,6.887860230369015,17.700062924942742,0,0,0,0,0,23,23,1,2
174,2007,12,9,9,39423.375,48.99384550267334,-172.45822225537398,336,537,986.6974664631655,1006.3439074209803,19.646440957814775,19.646106374853517,8.6120779873227,1144.5715903014384,4115625,2.044066937141179,18.766203703005516,22.29412926568416,-12.111568670761248,25.371604115262407,0,0,0,1,0,21,19,2,0
174,2007,12,9,12,39423.5,52.58495317678525,-169.9920201985587,331,521,986.1877015097141,1006.1877015097141,20.0,19.684755860353786,7.182251471625131,1100.7120442182202,3806250,-0.5097649534513766,-4.446625849455171,55.53641851803708,133.10431813186196,144.2257025885417,0,0,1,0,0,20,20,1,2
174,2007,12,9,15,39423.625,54.493597145148044,-167.96940390346214,327,512,985.1869942783494,1005.1869942783494,20.0,20.85255672701391,6.908339311861053,1035.2340788657657,3366875,-1.0007072313646495,-8.516796019084829,43.53959092363591,70.74384201755997,83.06856903307678,0,0,0,0,0,16,16,1,2
174,2007,12,9,18,39423.75,55.693793768056985,-167.94504086484838,328,507,982.6914795742736,1004.6914795742736,22.0,23.64930882713705,12.04259455137726,988.0367564974053,3066875,-2.495514704075904,-20.930573113445963,0.5089535159664987,44.48525848113573,44.488169841148476,0,0,0,0,0,17,17,1,2
174,2007,12,9,21,39423.875,56.70871632429349,-168.38326574872985,330,503,981.4493439359333,1001.4493439359333,20.0,25.330680295610033,16.709447647862252,823.4075889688376,2130000,-1.24213563834026,-10.295324918940207,-8.915584305264433,37.618079730208784,38.66015476032943,0,0,0,0,0,16,16,1,2
174,2007,12,10,0,39424.0,57.16733649129889,-168.2236264370872,330,501,977.5459765808982,987.5459765808982,10.0,28.96310119711308,19.58117104778874,252.31325220201603,200000,-3.903367355035007,-32.18455960716957,3.2081363617947107,16.99874527596012,17.298828858418304,0,0,0,2,0,17,17,1,1
174,2007,12,10,3,39424.125,58.03228149208835,-167.4932545845263,329,497,977.7831585193826,987.7831585193826,10.0,28.317452445675727,18.559550182237,290.4343640802591,265000,0.237181938484282,1.9369969919064587,14.332551357660028,32.059165304787285,35.117119877057675,0,0,0,0,0,17,17,1,1
174,2007,12,10,6,39424.25,59.49786851258381,-167.77140926667434,331,491,978.8208610720342,994.8208610720342,16.0,26.974429164171116,8.512192726701977,560.297354311765,986250,1.0377025526516082,8.344160179287034,-5.232943884613418,54.32194707840335,54.573415103769776,0,0,0,1,0,14,14,1,2
174,2007,12,10,9,39424.375,60.917506675688585,-173.06864320168418,344,487,979.0905730672827,995.0905730672827,16.0,28.309814284332184,5.590936315742875,559.9421737028154,985000,0.2697119952485082,2.1382024046923247,-95.40960001655885,52.6188538027507,108.95749423896916,0,0,1,0,0,13,13,1,1
174,2007,12,10,12,39424.5,62.31414830704101,-169.88355694996181,338,480,979.555536393544,995.555536393544,16.0,26.977717565094874,9.263207184423372,563.1307344752207,996250,0.46496332626134973,3.637865519986106,54.84564383412169,51.76648791565646,75.4175968769964,0,0,0,0,0,11,11,1,1
174,2007,12,10,15,39424.625,61.47639985530146,-174.76441033820157,348,485,979.4209724872297,993.4209724872297,14.0,26.438266452227317,4.912615687995203,491.64679376643556,759375,-0.13456390631428802,-1.0610793787718207,-86.36748889161933,-31.051125879257302,91.77971211446172,0,0,0,0,0,10,10,1,1
174,2007,12,10,18,39424.75,61.49661013109919,-175.2174675155261,349,485,979.439828628446,991.439828628446,12.0,25.40612625961745,5.421153238148326,435.65154612038873,596250,0.01885614121623803,0.14865820609450142,-8.013570852381447,0.7490933782649716,8.048506612751085,0,0,0,0,0,10,10,1,1
174,2007,12,10,21,39424.875,61.95764501963571,-175.1403855690276,349,483,980.4106758351472,992.4106758351472,12.0,24.04476640776208,3.3001284091462733,440.19443796393267,608750,0.9708472067012918,7.620920518110837,1.3431636090626218,17.088246870467074,17.1409529952899,0,0,0,0,0,13,13,1,1
174,2007,12,11,0,39425.0,63.425552031598706,-177.80676542362446,355,477,981.161981063287,991.161981063287,10.0,23.053097251678523,7.924038039787629,399.19154145693045,500625,0.7513052281398268,5.820062610811101,-44.20911392159257,54.40793750541969,70.10470324682933,0,0,0,0,0,10,10,1,1
174,2007,12,11,3,39425.125,63.20882897953073,-178.79140756797315,357,478,981.8553020556564,989.8553020556564,8.0,21.501614591741006,7.872231738379123,344.62933172080244,373125,0.6933209923692629,5.381101547015611,-16.449926923676536,-8.03283462562829,18.30646137070163,0,0,0,0,0,9,9,1,1
174,2007,12,11,6,39425.25,63.20882897953073,-178.79140756797315,357,478,982.8313798993203,988.8313798993203,6.0,19.876825002921173,8.241383458557975,296.19953136257203,275625,0.9760778436639521,7.575674258180169,0.0,0.0,0.0,0,0,0,0,0,16,16,1,1
174,2007,12,11,9,39425.375,63.20882897953073,-178.79140756797315,357,478,983.6762559777171,991.6762559777171,8.0,18.625732890807257,7.818215891177968,462.6698590340625,672500,0.8448760783967737,6.557372447300668,0.0,0.0,0.0,0,0,0,0,0,13,13,1,1
174,2007,12,11,12,39425.5,63.43927388094926,-178.7811247648687,357,477,985.3520062048493,995.3520062048493,10.0,16.76293504567459,7.00195880058811,596.0817145766647,1116250,1.67575022713223,12.979815580710847,0.1704216094289417,8.541434636282071,8.543134622071655,0,0,0,0,0,13,13,1,2
174,2007,12,11,15,39425.625,63.669601185899076,-178.77066551352212,357,476,986.1307410444631,998.1307410444631,12.0,15.730713106610413,6.259739281579169,820.9879316982539,2117500,0.7787348396137531,6.019777779899953,0.1719506159615143,8.537075926044746,8.538807433206484,0,0,0,0,0,10,10,1,2
174,2007,12,11,18,39425.75,63.893834648574455,-178.26429541107163,356,475,986.7518239952506,996.7518239952506,10.0,14.927972953568585,4.965772591499044,703.825092173847,1556250,0.6210829507875314,4.791852603487232,8.25883225024607,8.311207811147813,11.71684622318604,0,0,0,0,0,17,17,1,2
174,2007,12,11,21,39425.875,64.11584755276519,-177.74935910296247,355,474,988.4795810154606,996.4795810154606,8.0,13.7532500048662,4.2389975078832505,592.3990627251441,1102500,1.7277570202099741,13.305031702715677,8.332071503761197,8.228902865211353,11.71060450655187,0,0,0,0,0,17,17,1,2
174,2007,12,12,0,39426.0,64.78245648148773,-176.66366329778666,353,471,990.1591734627248,997.0351861179203,6.8760126551955185,12.830334238525332,3.0820732260162185,584.4538447225584,1073125,1.679592447264149,12.862386469812634,17.144845435777103,24.70784364330379,30.073630684016763,0,0,0,0,0,18,16,2,0
174,2007,12,12,3,39426.125,64.99726469823499,-176.11710143963631,352,470,991.2447880316612,997.8139322873114,6.5691442556503175,11.959851457934256,4.275410526078413,608.4687225877116,1163125,1.0856145689364347,8.299085498575316,8.562378181909315,7.961861301286711,11.692115099970732,0,0,0,0,0,18,16,2,0
174,2007,12,12,6,39426.25,68.23895950826558,-171.36658017263625,345,455,990.836882365299,1000.836882365299,10.0,15.915593497257307,10.235381267422708,852.7245430096972,2284375,-0.4079056663622032,-3.042895794286662,65.26237959323169,120.15333886846626,136.73332816622124,0,0,1,0,0,19,19,1,1
174,2007,12,12,9,39426.375,68.33129654739582,-173.1335701975023,348,455,992.4609585165966,998.4609585165966,6.0,15.111097599768165,8.71672701981879,489.6193756707014,753125,1.6240761512976314,12.107514422485103,-24.18191743227563,3.4224700975540987,24.422907940498156,0,0,0,0,0,18,18,1,2
174,2007,12,12,12,39426.5,68.6081736218203,-174.2593933610481,350,454,993.8893895092837,999.8893895092837,6.0,14.681678599633093,9.691709834170178,501.46267067967744,790000,1.4284309926870629,10.628693687511415,-15.220045432094382,10.262441993396356,18.35667449792696,0,0,0,0,0,24,24,1,2
174,2007,12,12,15,39426.625,68.64903671619497,-175.46222749209338,352,454,995.4254062830689,1001.4254062830689,6.0,13.91848995003749,8.804563909702047,529.2567428401228,880000,1.5360167737852317,11.426030493360543,-16.23151779854527,1.514589593820677,16.30202906641384,0,0,0,0,0,20,20,1,2
174,2007,12,12,18,39426.75,68.9079598220005,-176.63353933657018,354,453,997.263909867489,999.263909867489,2.0,12.96693301540764,9.138154446611297,118.0087179853287,43750,1.8385035844201048,13.652173810707112,-15.62326960028129,9.596978585542331,18.335445207968952,0,0,0,2,0,24,24,1,1
174,2007,12,12,21,39426.875,68.92987628864012,-177.85623913477662,356,453,998.7693904746618,1000.7693904746618,2.0,13.002738501726338,9.305531549458246,109.25484305920791,37500,1.5054806071727944,11.177597183356257,-16.292498751922007,0.8123333000999365,16.312737384382533,0,0,0,0,0,22,22,1,1
174,2007,12,13,0,39427.0,69.16501629828875,-178.45184230102205,357,452,999.7678122522487,1001.7678122522487,2.0,13.484357692869374,10.298676659401972,102.68405416537693,33125,0.9984217775869183,7.401246241059311,-7.851915616594148,8.715458708026539,11.730805570864717,0,0,0,0,0,20,20,1,1
174,2007,12,13,3,39427.125,69.1724051350187,-179.69029610004117,359,452,1000.1696488949341,1002.1696488949341,2.0,13.81557194232615,9.454304817411394,103.64824484140065,33750,0.4018366426853754,2.9786469802495628,-16.3209548043917,0.2738670527259406,16.323252399248297,0,0,0,0,0,19,19,1,1
174,2007,12,13,6,39427.25,69.4002215698195,179.68691142497934,360,451,1000.8743261564646,1004.8743261564646,4.0,14.171578197703232,9.44146175580565,223.0155145190964,156250,0.7046772615304507,5.215629985923345,8.121719376963375,8.444010585365962,11.715956657649206,0,0,0,0,0,19,19,1,1
174,2007,12,13,9,39427.375,69.62040346387765,178.4176460773814,362,450,1001.7619037102063,1007.7619037102063,6.0,14.411164781830957,12.356291431291684,277.472888262447,241875,0.8875775537417212,6.5599295144840095,-16.382674857801177,8.161036519419024,18.302856404608594,0,0,0,0,0,15,15,1,1
174,2007,12,13,12,39427.5,69.62543397530646,179.05043314356416,361,450,1002.6330592034298,1008.6330592034298,6.0,14.518810454514693,9.788651464390933,264.25221149797227,219375,0.8711554932234867,6.438346983001502,8.165695678345234,0.18645578310361857,8.167824169899767,0,0,0,0,0,16,16,1,1
174,2007,12,13,15,39427.625,69.62794967557984,179.68345195272698,360,450,1003.4072201353662,1009.4072201353662,6.0,14.474462531172174,8.038422399163101,274.22747967867946,236250,0.7741609319364943,5.721407334563273,8.167720399482736,0.0932443691194315,8.168252630550729,0,0,0,0,0,16,16,1,1
174,2007,12,13,18,39427.75,69.85304766369894,-179.03982543333365,358,449,1003.9058060519715,1011.9058060519715,8.0,14.403626546573218,7.579554103695482,372.6428422064198,436250,0.49858591660522505,3.6794410292511373,-16.298672700484367,8.343251425580588,18.310013002397536,0,0,0,0,0,17,17,1,1
174,2007,12,13,21,39427.875,69.84796291164432,-178.39997528485225,357,449,1004.6403442350576,1012.6403442350576,8.0,14.816354022157665,8.81429351110528,371.0377686630964,432500,0.7345381830861152,5.420887049165198,8.17043035026651,-0.18846621057367224,8.172603723482752,0,0,0,0,0,17,17,1,1
174,2007,12,14,0,39428.0,70.0677262639321,-177.7352454517766,356,448,1004.9094553398136,1014.9094553398136,10.0,15.131003542999089,8.20711318976144,446.9222008138874,627500,0.26911110475601163,1.983261213452314,8.399344349754747,8.145523278934535,11.700364737623413,0,0,0,0,0,19,19,1,1
174,2007,12,14,3,39428.125,70.04461939408145,-176.4438189057449,354,448,1005.0112173597298,1017.0112173597298,12.0,15.16631922256212,7.707963297684764,564.365865252901,1000625,0.10176201991620473,0.7500627056621483,16.336034430294134,-0.8564555660095898,16.358469887012788,0,0,0,0,0,18,18,1,1
174,2007,12,14,6,39428.25,70.25610419454675,-175.75154547063872,353,447,1005.1753294015482,1017.1753294015482,12.0,15.22572690012756,6.993770299802489,571.7206174128935,1026875,0.1641120418184437,1.208018560094067,8.668018536000126,7.838678958059408,11.686720376049266,0,0,0,0,0,16,16,1,1
174,2007,12,14,9,39428.375,70.44360211426174,-174.38779677067515,351,446,1005.4288757471821,1017.4288757471821,12.0,14.997836233039111,6.781364690097981,585.3042072335587,1076250,0.2535463456339494,1.8641593820439024,16.919577994240708,6.94960580957158,18.29123124373057,0,0,0,0,0,17,17,1,1
174,2007,12,14,12,39428.5,70.4200708506266,-173.7325185951507,350,446,1005.2621483243624,1017.2621483243624,12.0,15.084215606160843,6.483729126382603,625.398491082552,1228750,-0.16672742281967656,-1.2260159593068625,8.139348971407093,-0.8721857112538571,8.185945858192632,0,0,0,0,0,15,15,1,1
174,2007,12,14,15,39428.625,70.36526962287196,-172.4270513594566,348,446,1005.3368117511607,1015.3368117511607,10.0,14.591397205541787,6.12869172317718,523.9678204179331,862500,0.07466342679821537,0.5492182718908349,16.258848255225065,-2.031206166736563,16.38523558201785,0,0,0,0,0,13,13,1,1
174,2007,12,14,18,39428.75,70.30022043313146,-171.12944414324087,346,446,1005.5141517726727,1015.5141517726727,10.0,14.144203819825547,5.450289404676296,571.8945777447492,1027500,0.17734002151191816,1.3050286322629776,16.21237797847224,-2.4110466271611375,16.39067861789733,0,0,0,0,0,13,13,1,1
174,2007,12,14,21,39428.875,70.4070096239851,-169.07719528013072,343,445,1006.2040357354899,1014.2040357354899,8.0,13.379271537257441,5.935727565041452,473.50768323302583,704375,0.6898839628172573,5.073414695673943,25.506667650145264,3.9581387478013355,25.811953761035085,0,0,0,0,0,15,15,1,1
174,2007,12,15,0,39429.0,70.36266369401623,-168.4325601384009,342,445,1006.0018160704917,1012.0018160704917,6.0,12.85598169421769,8.52467389153433,387.0459794200768,470625,-0.2022196649981197,-1.4875360269232027,8.029702250430251,-1.6436808099579057,8.196206734556451,0,0,0,0,0,12,12,1,1
174,2007,12,15,3,39429.125,70.26647599239739,-167.15229514128234,340,445,1005.7791700318339,1011.7791700318339,6.0,12.30251768553408,9.762931588315915,477.898884008814,717500,-0.2226460386578401,-1.6387772325984253,16.02202001890776,-3.5651948085386174,16.413888616324645,0,0,0,0,0,14,14,1,2
174,2007,12,15,6,39429.25,70.16041109856934,-165.88494533072864,338,445,1006.0973795109282,1010.0973795109282,4.0,11.376689773729227,10.400531733687894,346.6438835958035,377500,0.31820947909436653,2.3437284481632945,15.94222019327683,-3.93129269625775,16.41978827374376,0,0,0,0,0,16,16,1,1
174,2007,12,15,9,39429.375,69.88358196175659,-165.41957960279623,337,446,1006.4243219236696,1008.4243219236696,2.0,10.660107716585257,12.638769949206399,105.5502061411188,35000,0.32694241274133673,2.4122830251240486,5.932333758729601,-10.260665186990336,11.852165789613233,0,0,0,0,0,12,12,1,1
174,2007,12,15,12,39429.5,69.54508747366559,-164.35775354279127,335,447,1007.4975461158891,1007.4975461158891,0.0,8.497233704287758,13.165650323012596,14.104739588693906,625,1.0732241922194954,7.935893340511459,13.753770344957612,-12.546289924288875,18.616540751872996,0,0,0,0,0,10,10,1,1
174,2007,12,15,15,39429.625,69.54508747366559,-164.35775354279127,335,447,,,,8.497233704287758,,0.0,0,0.0,,0.0,0.0,0.0,0,3,0,0,0,10,10,0,0
175,2007,12,9,3,39423.125,31.048366674859345,159.6174564941278,447,595,1004.6597520107208,1006.6597520107208,2.0,7.781530969895905,12.469755080445102,131.56025258885612,54375,,,,,,3,0,0,0,0,26,26,1,1
175,2007,12,9,6,39423.25,31.487417848661583,160.6936996593996,442,595,1002.4390362178135,1006.4390362178135,4.0,10.203297289274106,19.97219481226588,160.81877456451716,81250,-2.2207157929072854,-29.456705159690852,34.01704607089557,16.273421021382354,37.709198547948496,0,0,0,0,0,26,26,1,1
175,2007,12,9,9,39423.375,31.648044693084916,162.58418245592696,434,597,1002.428436268211,1006.428436268211,4.0,11.146517262268535,15.059218655540171,152.56608544230824,73125,-0.010599949602474226,-0.1399630556026716,59.64954752352341,5.953630060933199,59.94592755695357,0,0,0,0,0,24,24,1,1
175,2007,12,9,12,39423.5,32.26928815762265,163.6235768313755,429,596,1001.5325459703739,1005.5325459703739,4.0,11.671118257990578,10.968123676411997,173.8949084575512,95000,-0.8958902978371771,-11.625621720638817,32.57472212341023,23.02637382256149,39.8914328250282,0,0,0,0,0,23,23,1,1
175,2007,12,9,15,39423.625,33.007285988392816,166.10635399651952,418,596,999.9567912836953,1003.9567912836953,4.0,12.471818484761716,10.325756583903932,185.5188843315482,108125,-1.5757546866785561,-20.040817424951808,77.1697171630758,27.35387155211077,81.87429105597491,0,0,0,0,0,19,19,1,1
175,2007,12,9,18,39423.75,33.52030372357326,168.17851165939277,409,596,999.1394683184345,1003.1394683184345,4.0,13.177402514240073,10.741048790833883,178.96908195899073,100625,-0.8173229652608279,-10.253978349739493,64.03007083470894,19.01498981024888,66.79386056054638,0,0,0,0,0,20,20,1,1
175,2007,12,9,21,39423.875,34.20154702299995,170.2420365586522,400,595,999.8123639351456,1003.8123639351456,4.0,13.483379715789052,10.711766101070461,190.8053805118479,114375,0.6728956167111755,8.293738184364532,63.256603019574655,25.250266235616063,68.11001226358393,0,0,0,0,0,19,19,1,1
175,2007,12,10,0,39424.0,35.017415915410496,172.07612031685622,392,593,998.38951774497,1002.38951774497,4.0,13.683643584792641,11.84324576967636,186.5881662950577,109375,-1.4228461901756235,-17.179036535520112,55.673539361819586,30.24016054772287,63.35621749303007,0,0,0,0,0,21,21,1,1
175,2007,12,10,3,39424.125,36.04510880398931,174.17867863109674,383,590,996.8899331533759,998.8899331533759,2.0,13.887663103987943,9.424473911231107,114.58744610593851,41250,-1.4995845915941755,-17.656421226349963,63.0104164493756,38.09141178621841,73.629262070124,0,0,0,0,0,21,21,1,1
175,2007,12,10,6,39424.25,36.70129274301159,175.86983667363393,376,588,997.2621205744674,999.2621205744674,2.0,14.112844726624228,10.986612902014459,102.68405416537693,33125,0.3721874210915121,4.3145976286561,50.2559905546297,24.32144165497365,55.83186465454398,0,0,0,0,0,19,19,1,1
175,2007,12,10,9,39424.375,37.29316245151726,177.34580448659338,370,586,997.882556223899,997.882556223899,0.0,13.814767601071212,9.587540648022113,14.104739588693906,625,0.6204356494316017,7.094488572907835,43.52125188776122,21.937636273474627,48.73765742365167,0,0,0,0,0,17,17,1,1
175,2007,12,10,12,39424.5,37.29316245151726,177.34580448659338,370,586,,,,13.814767601071212,,0.0,0,0.0,,0.0,0.0,0.0,0,3,0,0,0,17,17,0,0
182,2007,12,9,21,39423.875,43.5116056565513,14.208509273301923,409,164,998.2305465668135,1000.2305465668135,2.0,7.710875769830083,3.698142771932325,169.2568750643269,90000,,,,,,3,0,0,0,0,1,1,1,1
182,2007,12,10,0,39424.0,44.48961762086106,19.3516030793073,425,173,998.6918228718605,1000.6918228718605,2.0,7.77656491330873,9.390252407381995,258.1591222864905,209375,0.46127630504706757,4.560369808790925,135.9677473868609,36.24998954297509,140.7170567888734,0,0,0,0,0,0,0,1,1
182,2007,12,10,3,39424.125,44.48961762086106,19.3516030793073,425,173,998.0953941691911,999.6738640564016,1.5784698872105218,8.330454142768684,7.038812660736876,221.67338288487116,154375,-0.5964287026693637,-5.896542742363862,0.0,0.0,0.0,0,0,0,0,0,1,0,2,0
182,2007,12,10,6,39424.25,44.48961762086106,19.3516030793073,425,173,998.4065154842236,1000.4065154842236,2.0,8.80005864653938,6.524471912332447,235.17300594335575,173750,0.3111213150325057,3.0758749938408276,0.0,0.0,0.0,0,0,1,0,0,1,1,1,1
182,2007,12,10,9,39424.375,44.637896410657575,19.722277764447046,426,174,999.8230294379758,1001.8230294379758,2.0,8.87783140984422,5.917486094368069,235.17300594335575,173750,1.4165139537521463,13.96749713447799,9.776168932775922,5.495949718122288,11.215121145413525,0,0,0,0,0,1,1,1,1
182,2007,12,10,12,39424.5,44.24207963229745,20.167891237648565,428,173,1000.2626323961572,1002.2626323961572,2.0,8.596374270441522,4.960049344595973,284.55241573039183,254375,0.4396029581813491,4.36533757765925,11.83248884456284,-14.670939211480203,18.84792427838279,0,0,0,0,0,1,1,1,1
182,2007,12,10,15,39424.625,43.984550244925124,20.97572552149939,431,173,1001.8997303133604,1003.7502845956019,1.8505542822415009,8.056630038669226,7.779632216060419,316.0217188583157,313750,1.6370979172032094,16.332223037153867,21.544251584544497,-9.545320445894228,23.564123551555117,0,0,0,1,0,1,2,2,0
182,2007,12,10,18,39424.75,44.10704528206331,26.372136823544956,448,181,1004.2492750798375,1004.2492750798375,0.0,8.055882453030241,1.4431866215523041,14.104739588693906,625,2.3495447664771927,23.38807189819278,143.5952375992262,4.540275556300945,143.66699817044056,0,0,0,0,0,2,2,1,1
182,2007,12,10,21,39424.875,44.323247111947026,27.146386374872378,450,183,1005.0488781977592,1007.0488781977592,2.0,8.09380568068078,1.6751829950873072,490.2284814948658,755000,0.7996031179216516,7.928679558754336,20.5304112563872,8.01351553811298,22.03892505627188,0,0,0,0,0,1,1,1,1
182,2007,12,11,0,39425.0,43.94662738844503,29.193806399321538,457,185,1005.4791681985646,1007.4791681985646,2.0,9.022613259057442,2.349567552588924,439.96840742889447,608125,0.4302900008053985,4.295660215543306,54.636634209753836,-13.959400842566238,56.39172518777806,0,0,0,0,0,1,1,1,1
182,2007,12,11,3,39425.125,44.25191222844374,29.72699313657648,458,187,1005.6702314484844,1009.6702314484844,4.0,9.103587566472871,3.308832294226595,639.3975759003987,1284375,0.19106324991982546,1.8969586900928603,14.15547027170381,11.315375129784446,18.12222538599591,0,0,0,0,0,1,1,1,1
182,2007,12,11,6,39425.25,44.72332614045519,31.06366188768904,461,191,1006.671230551176,1008.671230551176,2.0,9.568846580673538,2.638765104431368,231.33492951703124,168125,1.0009991026915668,9.855453559881207,35.200975217570544,17.472945121779045,39.299013569003456,0,0,0,0,0,1,1,1,1
182,2007,12,11,9,39425.375,45.8379508783823,32.24246783912332,462,197,1007.7344277792301,1011.7344277792301,4.0,9.785156905343502,2.934895384917254,703.9664083266964,1556875,1.063197228054196,10.268095364202974,30.43979544949907,41.31353865667182,51.31656285590122,0,0,0,0,0,0,0,1,1
182,2007,12,11,12,39425.5,45.984680870285246,33.06776274876199,464,199,1007.6358495725894,1017.6358495725894,10.0,9.996100305152114,5.150977547429502,1309.6157663582237,5388125,-0.09857820664066821,-0.9496850571271129,21.25506445769487,5.438543562068401,21.93981588749731,0,0,0,0,0,0,0,1,1
182,2007,12,11,15,39425.625,46.187699439854484,33.23171106797936,464,200,1009.1239957831956,1017.1239957831956,8.0,9.353106643205727,4.100336119896456,1248.169839881893,4894375,1.4881462106060643,14.287712557340932,4.206915171471001,7.52487831691121,8.621016700150474,0,0,0,0,0,0,0,1,1
182,2007,12,11,18,39425.75,46.45145856064518,32.72614755573404,462,200,1010.2856459955036,1012.2856459955036,2.0,8.883544212035973,4.51915247801473,208.25398433773478,136250,1.1616502123080137,11.10409692759489,-12.910358452840368,9.77622536271835,16.1941945685324,0,0,0,0,0,3,3,1,1
182,2007,12,11,21,39425.875,46.52303044749913,34.23572511939551,466,203,1011.9595916296689,1011.9595916296689,0.0,8.64721957476152,2.8985760734546786,14.104739588693906,625,1.673945634165284,15.98211196141473,38.49822525229903,2.652810236179518,38.58951605975299,0,0,0,0,0,2,2,1,1
182,2007,12,12,0,39426.0,46.785833489208926,32.634627241461196,461,201,1013.0343658996653,1013.0343658996653,0.0,7.538457640395382,3.96444837266863,14.104739588693906,625,1.0747742699964147,10.217153152116133,-40.63420365077212,9.740788314962435,41.78542166030314,0,0,0,0,0,2,2,1,1
182,2007,12,12,3,39426.125,46.785833489208926,32.634627241461196,461,201,,,,7.538457640395382,,0.0,0,0.0,,0.0,0.0,0.0,0,3,0,0,0,2,2,0,0
184,2007,12,9,9,39423.375,39.98639260843137,-48.002927621383904,199,215,1010.9269710612737,1012.9269710612737,2.0,8.243655731775746,27.078075483964348,48.86025119029199,7500,,,,,,3,0,0,0,0,3,3,1,1
184,2007,12,9,12,39423.5,40.91280516413283,-46.71835800165546,205,214,1010.6398449594609,1012.6398449594609,2.0,8.412042576852494,20.969696505137982,67.64395474757512,14375,-0.2871261018127552,-3.037468998885903,35.980813456855294,34.33745872460713,49.73610367410295,0,0,0,0,0,2,2,1,1
184,2007,12,9,15,39423.625,42.158029557671945,-45.0,213,213,1005.3661565994329,1007.3661565994329,2.0,11.74824890210229,22.044850489107702,63.07831305050401,12500,-5.273688360028027,-54.4374192349931,47.2130388012108,46.15421169853235,66.02486115364104,0,0,0,0,0,3,3,1,1
184,2007,12,9,18,39423.75,43.51646267605688,-42.990446186978865,222,212,999.8058069606803,1001.8058069606803,2.0,14.88583437649967,21.72165536080596,67.64395474757512,14375,-5.560349638752523,-55.94729043374448,54.012783670527135,50.35029031678434,73.8412657991697,0,0,0,0,0,3,3,1,1
184,2007,12,9,21,39423.875,44.803917406280604,-40.87028693870095,231,211,995.4880491040885,997.4880491040885,2.0,17.89705540174408,26.14544145140884,61.48113449207418,11875,-4.317757856591779,-42.450741249131084,55.755293084856945,47.71947809513866,73.38801875409034,0,0,0,0,0,3,3,1,1
184,2007,12,10,0,39424.0,46.507685784076,-38.35265856396079,242,211,991.4259164734837,993.4259164734837,2.0,20.195806383497043,17.61424858671402,146.58075357087597,67500,-4.062132630604902,-38.793345496232845,64.22258131950328,63.15013326275959,90.06930266436233,0,0,2,0,0,2,2,1,2
184,2007,12,10,3,39424.125,51.38199889215889,-34.39506614682848,264,220,985.7711123783342,987.7711123783342,2.0,19.936041105684623,8.429501836700364,144.5305721320277,65625,-6.27842639387236,-55.672410427753604,31.80876014831244,25.390412983444456,40.69975790643888,0,0,0,0,2,3,3,1,1
184,2007,12,10,6,39424.25,53.948215809294126,-33.137715159666186,273,227,978.9032376806404,982.9032376806404,4.0,24.149509574556408,13.556806410112113,160.81877456451716,81250,-6.867874697693915,-58.85329584242881,27.426663291017494,95.11676728495921,98.99202633555863,0,0,0,0,0,3,3,1,1
184,2007,12,10,9,39424.375,56.22555550467124,-32.352873864273946,280,234,973.0965710945326,979.0965710945326,6.0,29.378476822328906,15.581771213910905,188.70855443464026,111875,-5.806666586107749,-48.39772954228955,16.171837120409773,84.40954012406696,85.94474259549291,0,0,0,0,0,3,3,1,1
184,2007,12,10,12,39424.5,58.110280245682,-32.50246727655951,284,241,963.07131563796,975.07131563796,12.0,39.808648275707476,31.146497051301118,209.6820283885486,138125,-10.025255456572632,-81.80396726860361,-2.929174195727467,69.85727644062511,69.91866083650939,0,0,0,0,0,3,3,1,1
184,2007,12,10,15,39424.625,59.98539464522211,-32.67025036492768,288,248,955.7615429582833,997.7615429582833,42.0,44.35802877216804,34.8061986464059,1053.6155504100964,3487500,-7.30977267967668,-58.486791028089,-3.110809977665746,69.50106936900619,69.57065316749984,0,0,2,0,0,4,4,1,2
184,2007,12,10,18,39424.75,61.72534486711946,-33.244937240300544,291,255,951.8197341755833,1013.8197341755833,62.0,46.142453151854305,23.756390148215505,1746.8821053832535,9586875,-3.9418087826999546,-31.00948797099948,-10.09010676227458,64.49121242968654,65.27577448889485,0,0,0,0,0,4,4,1,2
184,2007,12,10,21,39424.875,63.0052964270838,-34.42202953243272,292,261,949.9718215706893,1013.9718215706893,64.0,46.700245733024175,25.03155867696492,1748.2481913049373,9601875,-1.8479126048940815,-14.368145236654609,-19.803234686818442,47.44137327294118,51.40867633078824,0,0,0,0,0,7,7,1,2
184,2007,12,11,0,39425.0,64.0436507774245,-37.21895377701647,290,268,950.3403236269237,1014.3403236269237,64.0,43.652195542304156,29.485534444009026,1781.445919822545,9970000,0.3685020562344289,2.8394820563922463,-45.37038721312047,38.48657860573078,59.49528358318481,0,0,0,0,0,6,6,1,2
184,2007,12,11,3,39425.125,63.86396678635062,-40.090937861344514,285,271,951.3892296581971,999.3892296581971,48.0,41.476085004997145,34.39259814125624,1165.3280876781428,4266250,1.0489060312735092,8.094712688377594,-46.88768703863825,-6.659982735553652,47.35832097816768,0,0,0,0,0,5,5,1,1
184,2007,12,11,6,39425.25,63.86396678635062,-40.090937861344514,285,271,,,,41.476085004997145,,0.0,0,0.0,,0.0,0.0,0.0,0,3,0,0,0,5,5,0,0
191,2007,12,9,0,39423.0,63.38442563096132,-124.9720912325752,263,427,1010.9069790364259,1010.9069790364259,0.0,9.981469941573641,19.893149657349277,14.104739588693906,625,,,,,,3,0,0,0,0,16,16,1,1
191,2007,12,9,3,39423.125,63.38442563096132,-124.9720912325752,263,427,1009.185380853383,1011.185380853383,2.0,10.810479555251762,19.66566895224183,143.8406847937898,65000,-1.7215981830429519,-13.341329535512507,0.0,0.0,0.0,0,0,2,0,0,14,14,1,2
191,2007,12,9,6,39423.25,63.19521589016499,-124.69515353123397,262,427,1008.0925441918788,1010.0925441918788,2.0,11.052752150496215,18.158932824918594,73.29037678543799,16875,-1.0928366615041158,-8.482897351554037,4.628879207141442,-7.013054416094507,8.40294323183306,0,0,0,2,0,15,15,1,1
191,2007,12,9,9,39423.375,62.68445775351564,-124.54516492224651,260,428,1007.252218642782,1011.252218642782,4.0,11.841579816798808,25.40626284073842,205.8518972422094,133125,-0.8403255490967422,-6.5526094090216525,2.5511209353636968,-18.931237845945418,19.102355467496857,0,0,3,0,0,15,15,1,1
191,2007,12,9,12,39423.5,62.74183777941986,-125.20617264155243,261,429,1007.5298854204862,1013.5298854204862,6.0,11.833193662978033,22.680756368544607,419.12679279387464,551875,0.2776667777039984,2.16404493400072,-11.221072097697208,2.1267892570943494,11.420844608250773,0,0,0,1,0,17,17,1,2
191,2007,12,9,15,39423.625,59.91356299716124,-122.07400087529405,247,430,1008.5627348261002,1014.5627348261002,6.0,11.594670197574668,7.27508774515416,480.5971401934401,725625,1.0328494056141062,8.270007801400904,58.193119008753136,-104.8299356479674,119.89893455708392,0,0,1,0,0,13,13,1,1
191,2007,12,9,18,39423.75,58.372067023513765,-118.49563861824498,237,426,1008.2852455393851,1013.8802128807515,5.594967341366428,12.87559862475654,9.293417398173478,410.2515719892848,528750,-0.2774892867151357,-2.2578588336808973,69.54412069991125,-57.13551057087144,90.00472927639962,0,0,0,1,0,13,11,2,0
191,2007,12,9,21,39423.875,57.86358556168522,-117.56061222738617,234,425,1008.8954938130443,1012.8954938130443,4.0,12.425093988353415,7.948654968381233,331.08604176942123,344375,0.6102482736592356,4.992919051514687,18.435045687218672,-18.846852949380903,26.363891510651978,0,0,0,0,0,12,12,1,1
191,2007,12,10,0,39424.0,57.44360484511683,-115.40320556430055,230,421,1009.6430746272392,1013.6430746272392,4.0,11.753943076581816,7.5449482204648675,415.55157712936966,542500,0.7475808141949528,6.1450043830038075,43.029301121040376,-15.566574990317267,45.758485681831054,0,0,0,0,0,14,14,1,1
191,2007,12,10,3,39424.125,54.36977136559646,-111.56338684578209,214,417,1011.372115966183,1017.372115966183,6.0,9.885026859166311,3.4324305509356776,675.7038870650922,1434375,1.7290413389436434,14.738244591013608,82.90015455413389,-113.93156275761872,140.90009445522915,0,0,2,0,0,12,12,1,3
191,2007,12,10,6,39424.25,53.516061864213306,-109.9066510301657,209,414,1012.6859954154545,1018.2707647828615,5.584769367406989,9.477685251750245,3.2863330732181932,682.8791864299668,1465000,1.3138794492716261,11.321588201492675,36.51154541209771,-31.642721794020957,48.31516108752492,0,0,0,0,0,10,12,2,0
191,2007,12,10,9,39424.375,44.63418489019373,-106.96379151825606,171,417,1013.1330525818964,1019.1330525818964,6.0,9.803118983423502,32.78284688655956,695.2935636417412,1518750,0.8622877990349661,8.503123122109288,0.0,0.0,0.0,0,0,0,1,2,12,12,1,4
191,2007,12,10,12,39424.5,44.63418489019373,-106.96379151825606,171,417,1014.148432822923,1019.6610550120074,5.512622189084359,8.410514064686035,28.333784580447535,703.825092173847,1556250,1.015380241026578,10.012786003546234,0.0,0.0,0.0,0,0,0,0,0,10,8,2,0
191,2007,12,10,15,39424.625,50.90422131299916,-99.93036958204321,191,389,1014.4196110277063,1020.4196110277063,6.0,9.18851972669463,7.484948886156709,682.0046342848882,1461250,0.7585560156988503,6.771651226283428,75.77627389496543,-18.70089383449277,78.04977332198851,0,0,0,0,2,9,9,1,1
191,2007,12,10,18,39424.75,50.7094670057723,-99.54452556555813,190,388,1014.9657262745991,1018.9657262745991,4.0,9.099134303921634,7.624422907943954,425.72020323904735,569375,0.5461152468928776,4.888717074865994,9.056330297480086,-7.218563635267658,11.581225298450262,0,0,0,0,0,9,9,1,1
191,2007,12,10,21,39424.875,50.34988604239584,-98.45723620277144,188,385,1015.2294155459156,1017.2294155459156,2.0,8.32180399871765,3.6015912038675735,271.67647093347347,231875,0.2636892713163979,2.372725494042923,25.715333330857224,-13.327859615141511,28.96394673103126,0,0,0,0,0,10,10,1,1
191,2007,12,11,0,39425.0,50.34988604239584,-98.45723620277144,188,385,,,,8.32180399871765,,0.0,0,0.0,,0.0,0.0,0.0,0,3,0,0,0,10,10,0,0
193,2007,12,10,18,39424.75,40.02551167523571,-62.54441256956145,168,260,1015.9124089344295,1019.9124089344295,4.0,7.626642883159559,8.411440427308408,283.852408727268,253125,,,,,,3,0,0,0,0,6,6,1,1
193,2007,12,10,21,39424.875,40.25029941786611,-59.67639313745001,174,251,1013.5891284939426,1019.5891284939426,6.0,9.184826273091645,12.763520334303827,360.98214589711955,409375,-2.3232804404869967,-24.91172003986896,81.13005907806723,8.33175218412774,81.55675680450024,0,0,0,0,0,5,5,1,1
193,2007,12,11,0,39425.0,40.27339607887315,-56.19896596425461,181,240,1012.1889069572803,1016.1889069572803,4.0,10.295532788613167,11.110212404474442,221.67338288487116,154375,-1.400221536662284,-15.006939017206868,98.33328499889967,0.8560771754704979,98.33701137824552,0,0,0,0,0,4,4,1,1
193,2007,12,11,3,39425.125,41.188537298475886,-52.50587175821796,192,231,1008.7169888282755,1014.7169888282755,6.0,11.683538674483746,10.071230677705534,256.6132453796407,206875,-3.471918129004771,-36.52654954971363,103.00419956619213,33.919686927713066,108.44542539704477,0,0,0,0,0,3,3,1,1
193,2007,12,11,6,39425.25,41.4795274666363,-49.44310920519614,200,223,1004.3596412704142,1012.3596412704142,8.0,13.905805727957116,15.96180366205088,270.9431997691338,230625,-4.357347557861358,-45.57783694777351,85.04479562676138,10.785543467627877,85.72598912284245,0,0,0,0,0,4,4,1,1
193,2007,12,11,9,39425.375,41.96937062171542,-46.36392753160292,209,216,1000.4640057712401,1008.4640057712401,8.0,16.53866585393682,23.158300257778393,194.93137937025432,119375,-3.8956354991740954,-40.3595229361533,84.85121089561817,18.156024565454366,86.77193796656874,0,0,0,0,0,1,1,1,1
193,2007,12,11,12,39425.5,42.31745642131633,-43.62673406419111,217,210,996.7482752165079,1008.7482752165079,12.0,20.23649822919332,53.359239536556125,226.55566456642887,161250,-3.715730554732145,-38.23810159350974,75.01449955764984,12.901791650878254,76.11590748120474,0,0,0,0,0,1,1,1,1
193,2007,12,11,15,39425.625,42.54778093637321,-40.85822466950798,225,204,993.6541616875431,1005.6541616875431,12.0,21.770961115377105,56.73816505141803,207.77578856468483,135625,-3.094113528964808,-31.701411924761192,75.59431465570403,8.536972518731199,76.07483360514935,0,0,0,0,0,1,1,1,1
193,2007,12,11,18,39425.75,43.196720128231355,-38.19686666649693,234,200,993.0134280745657,1005.0134280745657,12.0,21.3396839138341,35.05097827966114,278.54628835670917,243750,-0.6407336129773467,-6.48516848405334,71.90861177121724,24.052915278482143,75.82473989574565,0,0,0,0,0,2,2,1,1
193,2007,12,11,21,39425.875,44.2740415000399,-35.57122332649801,244,198,990.8129346447874,1002.8129346447874,12.0,22.829633660672084,41.128991420691385,226.99430130732603,161875,-2.200493429778289,-21.838795426684378,69.67860734587819,39.93089030362207,80.30930408178725,0,0,0,0,0,1,1,1,1
193,2007,12,12,0,39426.0,45.31234797192674,-33.24021697342653,253,197,989.7111101950799,1001.7111101950799,12.0,23.2703527057883,38.78778154519554,227.86904174049369,163125,-1.1018244497076375,-10.737256431615771,60.757028681069116,38.48480399200913,71.92007141581283,0,0,0,0,0,1,1,1,1
193,2007,12,12,3,39426.125,46.59725674309839,-30.703795613970488,263,197,987.3923572863869,999.3923572863869,12.0,24.441246434348315,38.72778612651004,235.59559928678317,174375,-2.318752908692986,-22.111311400817097,64.59522872354731,47.62511218512736,80.25393999358135,0,0,0,0,0,1,1,1,1
193,2007,12,12,6,39426.25,48.32011594963028,-28.0446869479748,274,199,987.239986683398,997.239986683398,10.0,23.791495400482358,20.929868781976037,243.48555665938588,186250,-0.1523706029888126,-1.4134348852274996,65.5358476928322,63.857734363072055,91.5027735689076,0,0,0,0,0,2,2,1,1
193,2007,12,12,9,39426.375,51.75530643305528,-26.02959219151346,286,209,984.6626018914067,994.6626018914067,10.0,24.84822018929738,28.11923332627943,215.76102719068473,146250,-2.5773847919913533,-22.73647920926356,46.23287672579825,127.32525127150981,135.4592134249124,0,0,0,0,0,1,1,1,1
193,2007,12,12,12,39426.5,53.65221319851593,-25.0385964238473,292,215,981.6831999574122,993.6831999574122,12.0,27.555806504414235,28.52204700169852,213.44344089255833,143125,-2.9794019339945224,-25.62828974783448,21.769880716237108,70.30880287898778,73.60200723265332,0,0,0,0,0,1,1,1,1
193,2007,12,12,15,39426.625,56.2650604156843,-24.060497396797924,299,224,977.9699400832969,989.9699400832969,12.0,29.432492581648145,31.441125521711943,207.77578856468483,135625,-3.7132598741151743,-30.93522838927965,20.133114861633338,96.84511821549232,98.91571784203157,0,0,0,0,0,2,2,1,1
193,2007,12,12,18,39426.75,58.87604204344288,-23.856503561772673,304,234,973.686615731588,987.686615731588,14.0,32.871979068530194,32.933139250610836,227.86904174049369,163125,-4.283324351709016,-34.66585610507952,3.9082275172971563,96.77597018963526,96.8548535101475,0,0,0,0,0,3,3,1,1
193,2007,12,12,21,39426.875,61.069453725111146,-24.2584121015626,307,243,969.0256985560258,985.0256985560258,16.0,37.15238104738366,32.23088387834927,238.11540999374174,178125,-4.660917175562208,-36.8961750775,-7.206267819602136,81.29875034814033,81.61750488747546,0,0,0,0,0,6,6,1,1
193,2007,12,13,0,39427.0,62.427604084573446,-24.98850112189426,308,249,964.840823529654,980.840823529654,16.0,41.67913536901787,46.307144232553036,192.36300129927707,116250,-4.184875026371738,-32.708474592227034,-12.525507886925718,50.33980986423051,51.87470293883443,0,0,0,0,0,6,6,1,1
193,2007,12,13,3,39427.125,64.18219217083684,-25.107742946644567,311,256,962.7754748849102,978.7754748849102,16.0,42.14390409890388,46.41669017930151,220.32307560268868,152500,-2.06534864474379,-15.895821079404254,-1.9248252139799067,65.03376451449147,65.06224311404198,0,0,0,0,0,6,6,1,1
193,2007,12,13,6,39427.25,66.13720401351252,-25.474988178864997,314,264,963.1785449189371,977.1785449189371,14.0,39.57784860957577,40.755743069557795,190.8053805118479,114375,0.4030700340268959,3.053580872086891,-5.506671331796039,72.46246614518878,72.67140035116329,0,0,0,0,0,5,5,1,1
193,2007,12,13,9,39427.375,67.15850110550016,-27.956066063684325,312,270,964.2799142753394,976.2799142753394,12.0,34.7122110535705,42.72316948174084,143.8406847937898,65000,1.1013693564022833,8.279793642940998,-35.69538023779846,37.85435174195588,52.02991558829142,0,0,0,0,0,5,5,1,1
193,2007,12,13,12,39427.5,67.62110495088575,-30.56793706386408,309,274,968.7103743723953,978.7103743723953,10.0,27.389063769320398,61.578564488003764,111.95289977703462,39375,4.430460097055911,33.19517838444534,-36.85531690678857,17.146400217713413,40.648658338570264,0,0,0,0,0,5,5,1,1
193,2007,12,13,15,39427.625,67.62110495088575,-30.56793706386408,309,274,,,,27.389063769320398,,0.0,0,0.0,,0.0,0.0,0.0,0,3,0,0,0,5,5,0,0
212,2007,12,11,18,39425.75,70.21725630846828,-18.228849785537886,332,276,997.802309197972,997.802309197972,0.0,14.278390270817315,7.975187213467288,14.104739588693906,625,,,,,,3,0,0,0,0,6,6,1,1
212,2007,12,11,21,39425.875,71.22238072387962,-17.783888442692525,334,280,997.4629857641162,999.4629857641162,2.0,15.511424600535305,8.989831389538958,141.75087853467357,63125,-0.33932343385589775,-2.4830625392585954,5.308850035672798,37.25491188010627,37.63126822066653,0,0,0,0,0,4,4,1,1
212,2007,12,12,0,39426.0,72.50788851932829,-16.80502093753784,337,285,996.8113228698285,1000.8113228698285,4.0,17.17642204383686,6.140738609839391,215.29950574842135,145625,-0.6516628942877287,-4.733749384253704,10.90523281075337,47.647315005307526,48.87934870547822,0,0,0,0,0,4,4,1,1
212,2007,12,12,3,39426.125,73.78507038903692,-15.672820509543197,340,290,994.5669119758122,1002.5669119758122,8.0,19.41288243702155,7.941569546326502,370.2326224657882,430625,-2.244410894016182,-16.19391318929097,11.718180993645433,47.338714771337536,48.767506415664556,0,0,0,0,0,4,4,1,1
212,2007,12,12,6,39426.25,74.8336499555128,-14.139108311650505,343,294,992.0637023828937,1000.0637023828937,8.0,20.980843122708208,7.793143966999487,345.78194139918065,375625,-2.5032095929185743,-17.968584989529255,14.872034956129971,38.86557599175604,41.613824877164504,0,0,0,0,0,7,7,1,1
212,2007,12,12,9,39426.375,76.13603916034901,-11.67371031288479,347,299,990.5244943626324,998.5244943626324,8.0,22.869593292770784,6.56580708840469,333.18249174678584,348750,-1.5392080202612852,-10.983936683702133,21.89462693007318,48.27302403147629,53.00622168718096,0,0,0,0,0,7,7,1,1
212,2007,12,12,12,39426.5,77.3693963662414,-9.713251024940284,350,304,989.2181010124073,997.2181010124073,8.0,23.422615945376414,6.249398060040039,369.9638510165959,430000,-1.3063933502251166,-9.275422889316294,15.888379917760407,45.714354678580534,48.39672344374307,0,0,0,0,0,8,8,1,1
212,2007,12,12,15,39426.625,78.80629013472094,-7.480886179523676,353,310,987.0976774721187,997.0976774721187,10.0,24.37259298910823,4.253671601518363,434.96602005270546,594375,-2.1204235402886114,-14.975614220196066,16.061556652686914,53.258432394035054,55.627639022139654,0,0,0,0,0,8,8,1,1
212,2007,12,12,18,39426.75,79.75148619195654,-5.648247373735264,355,314,985.0350244915562,997.0350244915562,12.0,25.332372000510926,3.9980803177705826,478.1069828142386,718125,-2.062652980562416,-14.522175812772625,12.084887361260193,35.033668749680004,37.059444796119806,0,0,0,0,0,9,9,1,1
212,2007,12,12,21,39426.875,80.45905392847673,-3.3664606634298013,357,317,984.1126591030396,998.1126591030396,14.0,26.115196379538816,7.537039775837038,543.5359814348363,928125,-0.9223653885166277,-6.479969696609439,14.017504206756588,26.225980852806224,29.737055938310323,0,0,0,0,0,10,10,1,1
212,2007,12,13,0,39427.0,81.14298214099425,-2.1747441146100535,358,320,984.8603777889607,998.8603777889607,14.0,25.423615856463996,12.779054938028423,593.7408516756685,1107500,0.7477186859211361,5.242864778245376,6.800845129530066,25.349782473676605,26.24619907602955,0,0,0,0,0,10,10,1,1
212,2007,12,13,3,39427.125,81.37317691884981,0.7440592028887095,360,321,985.2579852475741,1001.2579852475741,16.0,25.17674158547411,9.210979920607715,667.5581178124546,1400000,0.3976074586133473,2.7862279162911783,16.225897668948573,8.532163812536167,18.332418675317843,0,0,0,0,0,9,9,1,1
212,2007,12,13,6,39427.25,81.81594567759572,2.3532968661083045,361,323,985.4980944312031,1001.4980944312031,16.0,24.98235052377878,8.468526718258145,667.1109425130968,1398125,0.24010918362895609,1.680641060340936,8.49059206505919,16.411213216418037,18.47750180219123,0,0,0,0,0,9,9,1,2
212,2007,12,13,9,39427.375,82.0401781227755,2.4195092166563366,361,324,986.6618083142765,1004.6618083142765,18.0,24.344078046125862,10.885772644470126,746.4859305442391,1750625,1.1637138830735057,8.140880253418347,0.3398486296920987,8.31117009769831,8.31811550075966,0,0,0,0,0,6,6,1,2
212,2007,12,13,12,39427.5,82.4551329864725,5.964487101253119,363,326,987.6628672984318,1005.6628672984318,18.0,23.84058156505327,5.988781116415121,765.1739977935149,1839375,1.0010589841552429,6.996109992073445,17.24972843479872,15.380291876531134,23.110744455373847,0,0,0,0,0,7,7,1,2
212,2007,12,13,15,39427.625,82.67821705626795,6.14662565964667,363,327,988.6673440351358,1004.6673440351358,16.0,22.162798326254254,5.964186514856774,725.5377138898045,1653750,1.0044767367039458,7.016430504516251,0.8603536300575488,8.2686055921576,8.313245263277942,0,0,0,0,0,8,8,1,2
212,2007,12,13,18,39427.75,83.36947215595745,4.84400037508068,362,330,989.1962488356731,1005.1962488356731,16.0,20.802976093561337,5.338010571583727,751.9294749735232,1776250,0.5289048005374206,3.6890344797717147,-5.574804900612132,25.62135336755019,26.220835190069067,0,0,0,0,0,9,9,1,2
212,2007,12,13,21,39427.875,83.38463723767217,2.9108378261677537,361,330,990.3660659534676,1002.3660659534676,12.0,18.19168263705595,6.88234604730278,583.9430328160323,1071250,1.1698171177944459,8.159054439206685,-8.254246580745667,0.5620933829425087,8.273363015539648,0,0,0,0,0,9,9,1,2
212,2007,12,14,0,39428.0,83.61641440899865,1.0050860052541812,360,331,991.4841399411348,1001.1399839024614,9.655843961326608,15.695958648231416,6.4636197282180365,532.8157559045794,891875,1.1180739876671577,7.794571617699566,-7.853323217480173,8.590815187843393,11.63944977865766,0,0,0,0,0,11,12,2,0
212,2007,12,14,3,39428.125,83.43798968533946,25.253163394573882,372,333,990.413888285293,998.413888285293,8.0,18.26537425168845,6.499757148553035,416.26907678964227,544375,-1.0702516558418573,-7.463818275769041,101.95330103203895,-6.6133080196194305,102.16756547110201,0,0,1,0,0,11,11,1,1
212,2007,12,14,6,39428.25,83.61641440899865,21.614778942786245,370,333,989.4261646513287,997.4261646513287,8.0,17.57894363925563,6.549951603987792,390.8820095223359,480000,-0.9877236339641968,-6.88584359206137,-14.991442295763967,6.6133080196194305,16.385334450952886,0,0,0,0,0,11,11,1,1
212,2007,12,14,9,39428.375,84.04780176687512,16.389540334034784,367,334,989.6136338028267,997.6136338028267,8.0,16.989828843816433,5.800248775078144,382.3919507072277,459375,0.18746915149793494,1.3058646142512027,-20.07678920127073,15.989361871488514,25.665875354050787,0,0,0,0,0,10,10,1,1
212,2007,12,14,12,39428.5,84.32404772193402,14.85861444792466,366,335,990.5653650346737,996.5653650346737,6.0,16.129025394076756,5.966281313759246,333.7790589062273,350000,0.9517312318470794,6.626274907495319,-5.611909045430749,10.239049569543052,11.676114902729728,0,0,0,0,0,10,10,1,1
212,2007,12,14,15,39428.625,84.42215443618338,10.407711312490056,364,335,992.2328750009224,998.2328750009224,6.0,14.885083301661968,5.024982694995487,359.87822237672265,406875,1.6675099662486172,11.60781024581737,-16.031026342680427,3.6363229647655855,16.438267862028386,0,0,0,0,0,8,8,1,1
212,2007,12,14,18,39428.75,84.68000986776295,8.471144633014832,363,336,993.6282474040188,997.6282474040188,4.0,14.790627071272873,5.7158505382057045,249.13937425834396,195000,1.3953724030964076,9.709247045341817,-6.654871243214961,9.557405266463666,11.646085466421619,0,0,0,0,0,9,9,1,1
212,2007,12,14,21,39428.875,84.7083800027363,6.072456407207699,362,336,996.3144433551755,1000.3144433551755,4.0,13.20439016231937,5.756557861989786,272.4077682750553,233125,2.6861959511566966,18.69016525840339,-8.198879770870647,1.051538359086145,8.266036681374061,0,0,0,0,0,10,10,1,1
212,2007,12,15,0,39429.0,84.7083800027363,6.072456407207699,362,336,997.3911195056695,999.3911195056695,2.0,12.532061563992983,6.121042983600709,149.9354384784672,70625,1.0766761504940223,7.491357871286214,0.0,0.0,0.0,0,0,0,0,0,8,8,1,1
212,2007,12,15,3,39429.125,84.96092010762905,1.273030020056711,360,337,998.6415982738571,998.6415982738571,0.0,10.124331304709814,5.5770492752923015,14.104739588693906,625,1.2504787681876042,8.697185490787867,-15.620525711651707,9.360392812786147,18.210375534788696,0,0,0,0,0,9,9,1,1
212,2007,12,15,6,39429.25,85.17450547495939,-3.9909130984297803,358,338,998.5344193082445,998.5344193082445,0.0,8.303690819112555,3.0365911266866896,14.104739588693906,625,-0.10717896561254747,-0.7451989934687009,-16.40698914799107,7.916536417548994,18.217048107546848,0,0,0,0,0,11,11,1,1
212,2007,12,15,9,39429.375,85.17450547495939,-3.9909130984297803,358,338,,,,8.303690819112555,,0.0,0,0.0,,0.0,0.0,0.0,0,3,0,0,0,11,11,0,0
219,2007,12,12,0,39426.0,36.983412085481696,151.58009097243465,468,560,1005.8947989607221,1009.8947989607221,4.0,8.866523367198846,5.645524807239272,445.13807312946136,622500,,,,,,3,0,0,0,0,22,22,1,4
219,2007,12,12,3,39426.125,38.49204520119855,150.14305668987552,470,552,1002.3470434800022,1008.3470434800022,6.0,10.060186075717127,6.643558738853972,501.2642680326713,789375,-3.547755480719934,-39.491219486787,-41.68873932482941,55.917449545229154,69.74748848623028,0,0,1,0,0,21,21,1,1
219,2007,12,12,6,39426.25,39.23814934791232,152.0891259827189,462,553,1000.1702982749064,1008.1702982749064,8.0,11.984669672002452,10.565387686856994,519.5830753783531,848125,-2.1767452050957945,-23.84167087033237,55.86608776433401,27.654331954346286,62.336039639468986,0,0,0,0,0,22,22,1,1
219,2007,12,12,9,39426.375,39.47526221201078,153.7287707575727,456,555,997.7959189943581,1009.7959189943581,12.0,15.169390498831678,13.313149940550794,602.7198002448991,1141250,-2.3743792805483097,-25.875440633313573,46.91028328942464,8.788582509969883,47.726448231862186,0,0,0,0,0,22,22,1,1
219,2007,12,12,12,39426.5,39.89328585984741,155.2711029881269,450,556,994.365310590914,1010.365310590914,16.0,18.416268540345154,10.188184814153647,712.1147642245255,1593125,-3.430608403444057,-37.05869139020396,43.85990359096839,15.49403628562831,46.51619399122642,0,0,0,0,0,28,28,1,1
219,2007,12,12,15,39426.625,40.42371423838198,157.92540074403834,440,558,990.9960728718513,1008.9960728718513,18.0,21.77145499592256,9.179113891981178,662.6225918686793,1379375,-3.3692377190626575,-35.998615460179415,74.89205318585172,19.660314880448034,77.4296300623399,0,0,0,0,0,24,24,1,1
219,2007,12,12,18,39426.75,40.964126714079164,159.42814032332075,434,558,988.546273764293,1010.546273764293,22.0,24.145765384363354,15.203923457902055,1122.0140818442933,3955000,-2.449799107558356,-25.88935162164677,42.05892597037661,20.030375197650727,46.585074695016665,0,0,0,0,0,28,28,1,1
219,2007,12,12,21,39426.875,41.625505717917115,161.47850172702766,426,558,986.8308825823011,1010.8308825823011,24.0,27.336414884389583,14.451266019359391,782.0184581137505,1921250,-1.7153911819918721,-17.891482221681095,56.80630466340838,24.513996605337322,61.86996265619095,0,0,0,0,0,29,29,1,1
219,2007,12,13,0,39427.0,41.780079164671285,161.99910180921742,424,558,983.4429302856767,1011.4429302856767,28.0,30.652636346017403,25.548403625666033,843.9303113031499,2237500,-3.3879522966244258,-35.229423372480326,14.389175617585133,5.729261024342455,15.487827699156394,0,0,0,0,0,26,26,1,1
219,2007,12,13,3,39427.125,41.675023778516966,163.47131746361737,419,560,982.7995373398865,1008.7995373398865,26.0,30.7196134900849,16.534848933707327,651.7244466616975,1334375,-0.6433929457902559,-6.70405290840739,40.7576057053452,-3.8938753190151005,40.94318854012744,0,0,0,0,0,26,26,1,1
219,2007,12,13,6,39427.25,42.4999766666738,165.79494211334475,410,559,985.7968214250352,1009.7968214250352,24.0,29.281323355956452,7.670689455458122,633.1441486049692,1259375,2.9972840851487126,30.737275756227564,63.496115026540544,30.576858627938517,70.47482463274815,0,0,0,0,0,25,25,1,1
219,2007,12,13,9,39427.375,43.61246795691263,167.51751061504552,403,556,986.976161661915,1012.976161661915,26.0,29.76508016833139,4.79042521430747,728.1379705625002,1665625,1.1793402368797978,11.845433393238254,46.22576071249775,41.2344624702724,61.94434476739102,0,0,0,0,0,21,21,1,1
219,2007,12,13,12,39427.5,45.24104804829995,169.78733236611316,394,551,985.3242162252021,1013.3242162252021,28.0,32.19394980992801,15.76856001358101,714.7638542378763,1605000,-1.6519454367128492,-16.118026590980673,59.236764862752125,60.36328126553391,84.57375501032777,0,0,0,0,0,23,23,1,1
219,2007,12,13,15,39427.625,45.643741980283515,170.90385801834105,390,550,985.725489182789,1013.725489182789,28.0,32.14114494906068,11.549166986293276,729.6391468680871,1672500,0.40127295758691617,3.8882165700115507,28.93204917016861,14.925840742373715,32.55524828736156,0,0,0,0,0,21,21,1,1
219,2007,12,13,18,39427.75,46.84369150816694,172.81827389114787,383,546,986.1784513637431,1014.1784513637431,28.0,32.75979868535779,11.791533602499694,710.856486442072,1587500,0.45296218095405494,4.3019263056698165,48.53328140949858,44.476099910057044,65.83010608819461,0,0,0,0,0,22,22,1,1
219,2007,12,13,21,39427.875,47.505085933183395,174.88958243896877,376,544,988.1037734383582,1016.1037734383582,28.0,32.48124092001906,6.415757300323675,729.7754643184811,1673125,1.9253220746151056,18.09080125571409,51.86052736982348,24.514568190941322,57.362691295514736,0,0,0,0,0,22,22,1,1
219,2007,12,14,0,39428.0,48.0615014927944,176.08175113593262,372,542,988.8995537150556,1016.8995537150556,28.0,31.70718427394762,6.092539705669988,759.0394548326597,1810000,0.7957802766974783,7.411754744319445,29.53178481414756,20.623529111612385,36.020220256498156,0,0,0,0,0,23,23,1,1
219,2007,12,14,3,39428.125,49.10521757729101,178.23514220148792,365,538,990.2699308311586,1018.2699308311586,28.0,30.88045253801958,3.0725180010803887,824.3734633055536,2135000,1.3703771161029,12.55997719450944,52.25114019075627,38.685311151115336,65.01334440015121,0,0,0,0,0,21,21,1,1
219,2007,12,14,6,39428.25,49.36515218506761,-179.83860386487962,359,537,991.6698226128552,1019.6698226128552,28.0,30.147518945821602,1.5888227586822905,898.1740464949121,2534375,1.3998917816966423,12.780405417912812,-46.494738105917804,9.634469881367249,47.482456564849905,0,0,0,0,0,19,19,1,1
219,2007,12,14,9,39428.375,50.49892157101854,-176.8477645703347,350,532,992.5562710993981,1020.5562710993981,28.0,29.796495212369077,1.9819200207619725,914.4180019384161,2626875,0.8864484865429404,7.959298722161282,70.50953921858958,42.02313456755345,82.08251311759727,0,0,0,0,0,20,20,1,1
219,2007,12,14,12,39428.5,51.12919009957306,-175.11049519329697,345,529,992.7767169182367,1018.7767169182367,26.0,28.907872513210208,4.754436399981787,789.8654169668588,1960000,0.2204458188386343,1.9616825995358504,40.40922702395673,23.360887599664448,46.67586847738166,0,0,0,0,0,17,17,1,1
219,2007,12,14,15,39428.625,51.45387943901431,-170.6214026902667,332,526,992.9255083774647,1016.9255083774647,24.0,28.194893340449372,9.407363125364135,729.2300416232147,1670625,0.14879145922794124,1.3180520354021084,103.66759002334115,12.034602427146819,104.36379102364494,0,0,0,0,0,15,15,1,1
219,2007,12,14,18,39428.75,51.799342031392726,-169.49605111596443,329,524,992.4779162253733,1012.4779162253733,20.0,28.183892187860113,9.86747348814286,605.0259243299904,1150000,-0.4475921520913835,-3.9460586838913922,25.79463246175603,12.804562539318795,28.797914606103063,0,0,0,0,0,15,15,1,1
219,2007,12,14,21,39428.875,51.52163417845609,-169.2236565651939,328,525,995.4453773768511,1009.4453773768511,14.0,25.243786894931464,6.919789542853541,519.0084211099401,846250,2.9674611514777642,26.262187779092997,6.282105323205571,-10.293234778635572,12.058836158600077,0,0,0,0,0,17,17,1,1
219,2007,12,15,0,39429.0,51.52163417845609,-169.2236565651939,328,525,,,,25.243786894931464,,0.0,0,0.0,,0.0,0.0,0.0,0,3,0,0,0,17,17,0,0
220,2007,12,12,3,39426.125,56.223976148412554,-35.134193056915635,274,238,990.4600678432148,990.4600678432148,0.0,11.696379172016444,5.150634094643683,14.104739588693906,625,,,,,,3,0,0,0,0,2,2,1,1
220,2007,12,12,6,39426.25,57.72031552800487,-34.97551320405338,278,243,987.2320714595273,991.2320714595273,4.0,14.197866925912182,9.523924137760114,198.97183743964612,124375,-3.2279963836874233,-26.452400483445448,3.1410109385354796,55.46178251637738,55.55065498812722,0,0,0,0,0,4,4,1,1
220,2007,12,12,9,39426.375,58.94231542176144,-35.48903962070939,280,248,984.2631361836388,990.2631361836388,6.0,16.28540436417523,14.493915689685673,209.20709679710012,137500,-2.968935275888507,-24.01147141521234,-9.819551221494669,45.29339618197339,46.345607385045234,0,0,0,0,0,3,3,1,1
220,2007,12,12,12,39426.5,60.02049071311851,-36.39352648021113,281,253,979.147144449683,991.147144449683,12.0,20.4556954563151,20.378677076487076,287.33539066554385,259375,-5.115991733955889,-40.9194875141237,-16.751876883819158,39.96254081080845,43.33162871605642,0,0,0,0,0,2,2,1,1
220,2007,12,12,15,39426.625,60.43745897501403,-37.52844082340763,280,256,972.2132742233299,990.2132742233299,18.0,25.94556901732478,33.33603647906522,343.47285419209976,370625,-6.9338702263530285,-55.229117005236056,-20.753773580967227,15.454918431527119,25.876120682498176,0,0,0,0,0,4,4,1,1
220,2007,12,12,18,39426.75,60.98615519743613,-38.345574953993406,280,259,968.2193330891575,988.2193330891575,20.0,29.07994030105419,22.56772081372321,336.7460422231796,356250,-3.993941134172346,-31.641801833692185,-14.689761649174049,20.33741206745749,25.087834241143856,0,0,0,0,0,6,6,1,1
220,2007,12,12,21,39426.875,61.52786988388425,-39.19327309446843,280,262,965.5822547544559,985.5822547544559,20.0,30.85564431335098,18.05338316638103,320.39809346229345,322500,-2.637078334701655,-20.784065933557816,-14.978747131110657,20.078641607292685,25.05024379944955,0,0,0,0,0,7,7,1,1
220,2007,12,13,0,39427.0,61.9129073741542,-40.42607874009914,279,265,964.6722819057482,980.6722819057482,16.0,30.31602949065985,25.303856448263538,237.27844638474429,176875,-0.9099728487078391,-7.146045520013158,-21.512971088946877,14.271405161990888,25.816291956273744,0,0,0,0,0,8,8,1,1
220,2007,12,13,3,39427.125,61.76239568750929,-40.77559678291615,278,265,963.7342695913021,977.7342695913021,14.0,29.979411398136143,29.59777503574071,217.13970592909533,148125,-0.9380123144459503,-7.3766069368127525,-6.12932198747011,-5.578711985209979,8.28798017854833,0,0,0,0,0,7,7,1,1
220,2007,12,13,6,39427.25,61.93713218038541,-41.077287109489525,278,266,964.2283834945349,976.2283834945349,12.0,28.551859946086427,31.1215150092874,202.4410972262378,128750,0.4941139032327919,3.8794171088899576,-5.260524420969165,6.476603835829224,8.343830920499935,0,0,0,0,0,6,6,1,1
220,2007,12,13,9,39427.375,61.93713218038541,-41.077287109489525,278,266,965.6507653527733,977.6507653527733,12.0,26.43295795769895,27.913751376167856,245.51972363957924,189375,1.4223818582383683,11.167490896577576,0.0,0.0,0.0,0,0,0,0,0,4,4,1,1
220,2007,12,13,12,39427.5,62.41434555423871,-40.67772294050896,280,267,967.6208625650097,979.6208625650097,12.0,24.192708613776365,24.095787510843003,262.363322298001,216250,1.9700972122364329,15.399901611967016,6.858041156220869,17.687902033139782,18.970888403930104,0,0,0,0,0,4,4,1,1
220,2007,12,13,15,39427.625,62.88962349995921,-40.26441696497061,282,268,969.7877704838794,985.7877704838794,16.0,20.41154233501988,20.32388311449642,555.841284250407,970625,2.1669079188696925,16.865821362682407,6.981030222422082,17.6161654367226,18.948985926965868,0,0,0,0,0,5,5,1,1
220,2007,12,13,18,39427.75,63.53944544869996,-40.15015609821719,284,270,973.326439398886,983.326439398886,10.0,15.176844525140313,20.257069178863823,277.1141642750141,241250,3.538668915006565,27.385484148552592,1.8870717389474245,24.085634640750616,24.15944609869316,0,0,0,0,0,6,6,1,1
220,2007,12,13,21,39427.875,61.30422237371609,-41.802442226149154,275,265,978.6949214624049,980.6949214624049,2.0,8.293584629928388,3.950633577783955,176.73188049071527,98125,5.368482063518895,42.40163821137949,-29.405078154741947,-82.84848861901888,87.91206224257388,0,0,0,0,0,5,5,1,1
220,2007,12,14,0,39428.0,61.30422237371609,-41.802442226149154,275,265,,,,8.293584629928388,,0.0,0,0.0,,0.0,0.0,0.0,0,3,0,0,0,5,5,0,0
223,2007,12,12,0,39426.0,69.53506532437169,-143.94945808420889,306,433,,,,13.190523033114317,,0.0,0,,,,,,0,0,0,0,0,13,13,0,0
223,2007,12,12,3,39426.125,70.61700085696164,-151.20377421489076,318,435,1000.2544583098778,1000.2544583098778,0.0,10.395876963624058,4.358271395488118,14.104739588693906,625,,,-89.1835379000361,40.101914060160404,97.78479914411885,3,0,0,3,0,13,13,1,1
223,2007,12,12,6,39426.25,70.92542273326777,-151.47042843960858,319,434,1000.4320909889617,1000.4320909889617,0.0,10.394077136304787,4.701216919019862,14.104739588693906,625,0.17763267908390845,1.3021723650336403,-3.229921754429839,11.43164930381243,11.879183488148263,0,0,0,0,0,16,16,1,1
223,2007,12,12,9,39426.375,71.12470041339651,-151.14433878028348,319,433,1001.3563839969592,1001.3563839969592,0.0,10.112372579287427,4.913465273684124,14.104739588693906,625,0.9242930079974758,6.767619111205968,3.910094875788362,7.386222341271342,8.357339433836723,0,0,3,0,0,16,16,1,1
223,2007,12,12,12,39426.5,71.23326425338409,-151.7457505383201,320,433,1001.2962151650696,1001.2962151650696,0.0,10.47560697467419,4.768430222614479,14.104739588693906,625,-0.060168831889604917,-0.44026822810097566,-7.171443233007246,4.023916074556892,8.223229208730764,0,0,0,0,0,20,20,1,1
223,2007,12,12,15,39426.625,71.33969844398455,-152.35402463626133,321,433,1001.4763257936747,1001.4763257936747,0.0,10.487188259811429,4.362070165894038,14.104739588693906,625,0.18011062860517996,1.3170789931933355,-7.213604255112651,3.9449806720963383,8.221858600863495,0,0,0,0,0,17,17,1,1
223,2007,12,12,18,39426.75,71.63197712034292,-151.0816519568137,320,431,1001.6269538467515,1001.6269538467515,0.0,10.776032813472128,4.810957265749093,14.104739588693906,625,0.15062805307665258,1.0996043751761881,14.86090220112733,10.83330199247968,18.390400927976945,0,0,0,0,0,21,21,1,1
223,2007,12,12,21,39426.875,71.83027878542923,-150.73880143744944,320,430,1002.9387604919499,1002.9387604919499,0.0,10.51798342775016,5.042206989023835,14.104739588693906,625,1.3118066451985215,9.565423995544084,3.962687331374512,7.350046367588728,8.350213918932875,0,0,0,0,0,18,18,1,1
223,2007,12,13,0,39427.0,71.83027878542923,-150.73880143744944,320,430,1003.6920996729853,1003.6920996729853,0.0,10.332245099583382,4.807271183165285,14.104739588693906,625,0.7533391810352623,5.493194218396195,0.0,0.0,0.0,0,0,0,0,0,18,18,1,1
223,2007,12,13,3,39427.125,72.11031839847719,-149.40668515643688,319,428,1003.65117599067,1005.65117599067,2.0,10.744326526408196,5.235409326274748,171.01087916602197,91875,-0.04092368231518776,-0.297932712006679,15.166918045991421,10.379661410146467,18.378595539461223,0,0,0,0,0,16,16,1,1
223,2007,12,13,6,39427.25,72.18742962913757,-148.4161834818409,318,427,1004.0671444332224,1008.0671444332224,4.0,10.738831425032783,6.513784935895456,269.1012803886529,227500,0.41596844255240284,3.0270223926771984,11.230509378901518,2.858125878917308,11.588495348807445,0,0,0,0,0,16,16,1,1
223,2007,12,13,9,39427.375,72.25911729619207,-147.4174457900763,317,426,1004.4688471890653,1008.4688471890653,4.0,11.201019013760922,7.880989934965182,212.04073057660514,141250,0.40170275584285264,2.9220378888143728,11.279784112333669,2.6571016264816145,11.588516672737123,0,0,0,0,0,12,12,1,1
223,2007,12,13,12,39427.5,72.57207860739152,-144.97771262015058,315,423,1004.3992118924974,1010.3992118924974,6.0,11.620053795554881,9.457883868348873,296.87042583783426,276875,-0.06963529656786704,-0.505660071832842,27.082040595959146,11.599903347135866,29.461749447445804,0,0,0,0,0,13,13,1,1
223,2007,12,13,15,39427.625,72.62476824702662,-143.94538183353896,314,422,1003.6413651628426,1011.6413651628426,8.0,12.224025872224958,11.753717955997708,470.5574508777854,695625,-0.7578467296548479,-5.501554796419671,11.426366444261298,1.9529402047176818,11.592058728359829,0,0,0,0,0,12,12,1,1
223,2007,12,13,18,39427.75,72.89056924877482,-141.3989566273689,312,419,1003.1728715299131,1011.1728715299131,8.0,12.440090248931723,12.570890796940148,434.0503011000351,591875,-0.46849363292945784,-3.396115540839025,27.765223934484908,9.851907630480683,29.461292301791804,0,0,0,0,0,14,14,1,1
223,2007,12,13,21,39427.875,72.80152738152279,-138.70842815713047,309,417,1003.9452671694079,1011.9452671694079,8.0,12.039847477371408,9.926199211609346,471.19119857356634,697500,0.7723956394947891,5.601791080084414,29.48428766603438,-3.30033463246178,29.668424762020877,0,0,0,0,0,15,15,1,1
223,2007,12,14,0,39428.0,72.8311583525147,-136.59114027119458,307,415,1004.2102847063032,1012.2102847063032,8.0,11.3799262295885,10.228541751620869,481.42433037557686,728125,0.26501753689532054,1.9217294819522472,23.164371568987224,1.0982712152844778,23.190392619540233,0,0,0,0,0,17,17,1,1
223,2007,12,14,3,39428.125,72.67467292203398,-133.94881925045627,304,413,1004.8287249482394,1010.8287249482394,6.0,10.290993834740384,7.011991935222977,378.20696067608395,449375,0.6184402419361867,4.488318016970162,29.163146490164362,-5.800128654415277,29.73433378460925,0,0,0,0,0,15,15,1,1
223,2007,12,14,6,39428.25,72.6306321893925,-130.80233164283908,301,410,1005.5849416767222,1011.5849416767222,6.0,9.091752366428818,4.770864621300206,470.5574508777854,695625,0.756216728482832,5.489546104211792,34.81199067283292,-1.6323686784805123,34.85024134934922,0,0,0,0,0,13,13,1,1
223,2007,12,14,9,39428.375,72.35417547107238,-127.23483398157467,297,407,1006.8483522356837,1010.8483522356837,4.0,7.762482737449293,4.479996545636095,314.76015007415543,311250,1.2634105589614775,9.185349294503359,40.07704534232192,-10.246861504667137,41.366263235471926,0,0,0,0,0,13,13,1,1
223,2007,12,14,12,39428.5,72.35417547107238,-127.23483398157467,297,407,,,,7.762482737449293,,0.0,0,0.0,,0.0,0.0,0.0,0,3,0,0,0,13,13,0,0
231,2007,12,12,18,39426.75,66.05934220642338,169.96074521284766,378,464,997.8697539205527,999.8697539205527,2.0,9.9321076101353,5.529009727083539,245.1142407474329,188750,0.9996810030222696,7.577953008518822,-1.4025340185605728,8.367573894279918,8.484302832257608,2,0,0,2,0,25,25,1,1
231,2007,12,12,21,39426.875,68.832634973596,166.77693234729867,381,451,999.5510970302201,999.5510970302201,0.0,11.035996190965987,13.279646260480952,14.104739588693906,625,1.6813431096673594,12.491492417734335,-42.60713128344656,102.79202860321494,111.27249786254018,0,0,0,0,0,21,21,1,1
231,2007,12,13,0,39427.0,69.10599518194881,167.23678655213024,380,450,1000.894969388617,1000.894969388617,0.0,10.929166714484744,10.947322986312356,14.104739588693906,625,1.3438723583969112,9.965964750419365,6.078735036866077,10.132089438444321,11.815678399358125,0,0,0,0,0,19,19,1,1
231,2007,12,13,3,39427.125,69.37782935905548,167.70865123713338,379,449,1002.2051441370332,1002.2051441370332,0.0,10.448919358216656,6.577568808125797,14.104739588693906,625,1.3101747484161752,9.698611763739967,6.1599075436103305,10.075527127619843,11.80934832432471,0,0,0,0,0,18,18,1,1
231,2007,12,13,6,39427.25,70.79988593230784,156.8895567699047,393,438,1005.1800257358824,1005.1800257358824,0.0,8.947567785432833,8.444401844763997,14.104739588693906,625,2.9748815988491697,21.824559827568947,-131.7046566260305,52.70849211573634,141.86014844943324,0,0,0,0,0,18,18,1,1
231,2007,12,13,9,39427.375,71.01404163278914,150.5498041697016,401,433,1006.3968665552306,1006.3968665552306,0.0,8.013501743169735,5.928049275787561,14.104739588693906,625,1.21684081934829,8.915540756145964,-76.41358451194202,7.937675801844409,76.82475248966892,0,0,3,0,0,14,14,1,1
231,2007,12,13,12,39427.5,71.35612478936703,143.33744443884675,409,426,1007.2068368707178,1007.2068368707178,0.0,8.970890819159559,5.837256922328961,14.104739588693906,625,0.8099703154871531,5.922424809432634,-85.40943180538045,12.679303834005358,86.34544450654566,0,0,0,0,0,14,14,1,1
231,2007,12,13,15,39427.625,71.3698240510788,148.32453126189077,403,430,1007.9657666611961,1007.9657666611961,0.0,7.861548199960022,7.248375422994795,14.104739588693906,625,0.758929790478287,5.548773959054662,59.033954205073194,0.5077628003750058,59.03613784918627,0,0,0,0,0,14,14,1,1
231,2007,12,13,18,39427.75,71.62364356758023,144.46232220802563,407,426,1009.1670197104401,1009.1670197104401,0.0,7.506528413354137,5.517362086467983,14.104739588693906,625,1.2012530492439693,8.76972708827364,-45.12225485928527,9.407814172777897,46.09256828487445,0,0,0,0,0,15,15,1,1
231,2007,12,13,21,39427.875,71.62364356758023,144.46232220802563,407,426,,,,7.506528413354137,,0.0,0,0.0,,0.0,0.0,0.0,0,3,0,0,0,15,15,0,0
233,2007,12,12,12,39426.5,61.20209372015812,39.25771672219587,440,261,1018.8817949462533,1018.8817949462533,0.0,9.571817139186725,2.559268014863628,14.104739588693906,625,,,,,,3,0,0,0,0,4,4,1,1
233,2007,12,12,15,39426.625,60.47837991124509,38.14488101989947,440,257,1018.065837514201,1020.065837514201,2.0,10.912979769067231,5.715901041058969,241.43425172789108,183125,-0.8159574320523825,-6.4965697194403855,-20.32441003227739,-26.824434631245914,33.65459755287713,0,0,0,0,0,5,5,1,1
233,2007,12,12,18,39426.75,58.9049149242357,36.99527114270714,442,250,1017.3486670087124,1019.3486670087124,2.0,11.859969184887794,4.4284930915754375,261.60394784772456,215000,-0.7171705054886115,-5.80244881458553,-22.006219896464554,-58.32044126943046,62.33416065042218,0,0,0,0,0,5,5,1,1
233,2007,12,12,21,39426.875,56.93330444320718,35.49191439953908,444,241,1017.1436004167355,1017.1436004167355,0.0,11.549257822234054,3.949052663051771,14.104739588693906,625,-0.20506659197693808,-1.6953245561797257,-30.402077441283026,-73.07769426986951,79.14945175139427,0,0,0,0,0,4,4,1,1
233,2007,12,13,0,39427.0,55.51192476862021,34.79076592393926,446,235,1016.5240762647456,1016.5240762647456,0.0,11.30394749445913,4.197929027902501,14.104739588693906,625,-0.6195241519897536,-5.207425161885308,-14.715273996762892,-52.68340288325509,54.69991067779889,0,0,0,0,0,5,5,1,1
233,2007,12,13,3,39427.125,54.079776682705194,34.14358665193775,448,229,1015.8221127798355,1015.8221127798355,0.0,10.577723137562288,3.681833001919076,14.104739588693906,625,-0.7019634849102294,-6.0053565898076,-14.07252323766667,-53.08253378582198,54.91622076761656,0,0,0,0,0,4,4,1,1
233,2007,12,13,6,39427.25,52.834415395066145,33.73882987974982,450,224,1015.5404886969865,1015.5404886969865,0.0,9.802746444404013,3.5602755758352576,14.104739588693906,625,-0.28162408284901175,-2.448445452676639,-9.063185836461491,-46.159285674998856,47.04063128331072,0,0,0,0,0,3,3,1,1
233,2007,12,13,9,39427.375,50.02170804493563,31.188665208138318,450,210,1015.4435910641281,1015.4435910641281,0.0,8.02850203774716,4.748678486239077,14.104739588693906,625,-0.09689763285830849,-0.8760760422439329,-60.72705447260531,-104.25292915679134,120.65010726348206,0,0,0,0,0,2,2,1,1
233,2007,12,13,12,39427.5,50.02170804493563,31.188665208138318,450,210,,,,8.02850203774716,,0.0,0,0.0,,0.0,0.0,0.0,0,3,0,0,0,2,2,0,0
234,2007,12,11,6,39425.25,52.43479552752878,-92.26278980713946,195,366,1014.6393339659394,1018.6393339659394,4.0,7.8121139055953845,2.60594036862989,425.72020323904735,569375,,,,,,3,0,0,0,0,8,8,1,1
234,2007,12,11,9,39425.375,52.223413101978366,-90.86542933728052,194,362,1014.287684551908,1018.287684551908,4.0,7.804339175089229,2.734595077241829,441.9985210894959,613750,-0.3516494140314171,-3.0823405302009474,31.727158559518823,-7.83488443434229,32.680238743931284,0,0,0,0,0,7,7,1,1
234,2007,12,11,12,39425.5,51.688623715098004,-86.75386631300721,192,350,1013.5525919287535,1015.5525919287535,2.0,7.739825721803141,2.2650841466439307,302.18396482767736,286875,-0.7350926231544872,-6.490600516522131,94.46247693301589,-19.82195554815005,96.51978797155222,0,0,0,0,0,6,6,1,1
234,2007,12,11,15,39425.625,50.50859732427552,-83.18357552987263,188,339,1012.3967538861845,1014.3967538861845,2.0,8.694730215381538,2.561272407012075,298.54106607209235,280000,-1.1558380425690848,-10.376665967312835,84.15054114284783,-43.73764932205014,94.83825991050637,0,0,0,0,0,6,6,1,1
234,2007,12,11,18,39425.75,50.65396984966602,-82.15237249531513,189,336,1008.6446540819608,1012.6446540819608,4.0,10.522414802603155,4.452488134657469,351.48829934307025,388125,-3.7520998042236897,-33.614721360669385,24.232335054563602,5.388229098977291,24.824163128284862,0,0,0,0,0,9,9,1,1
234,2007,12,11,21,39425.875,50.90422131299916,-80.0696304179568,191,330,1007.176458947279,1011.176458947279,4.0,10.279094755698837,4.61780836271646,358.49353766379875,403750,-1.4681951346817368,-13.106619917886196,48.680115807487404,9.275564369340424,49.555925673930886,0,0,0,0,0,6,6,1,1
234,2007,12,12,0,39426.0,51.38199889215889,-78.22479880121193,194,325,1005.308597625599,1009.308597625599,4.0,10.98607496517819,4.25054028411083,330.18348840901825,342500,-1.8678613216801023,-16.562803415867364,42.67569950766158,17.708814289027256,46.204084581251934,0,0,0,0,0,6,6,1,1
234,2007,12,12,3,39426.125,51.87188046920434,-76.67107590061778,197,321,1003.6188079981985,1007.6188079981985,4.0,10.571024655905019,4.58344389996666,330.7854642750767,343750,-1.6897896274004598,-14.882695436786786,35.555857649360526,18.15744867469646,39.923826915212246,0,0,0,0,0,7,7,1,1
234,2007,12,12,6,39426.25,51.25682706723675,-73.3816591004229,197,311,1000.9945867051528,1006.9945867051528,6.0,11.161616857648013,7.1091528506704345,410.49396584912694,529375,-2.6242212930457027,-23.310375360908232,76.29623167984097,-22.7969393047575,79.62923715701895,0,0,0,0,0,8,8,1,1
234,2007,12,12,9,39426.375,51.41581109921455,-72.959616794712,198,310,999.5412661784148,1005.5412661784148,6.0,11.855068364399429,6.981455341939072,427.35266139097564,573750,-1.4533205267379525,-12.880894475739826,9.755953388874474,5.892739257809167,11.397499834894347,0,0,0,0,0,8,8,1,1
234,2007,12,12,12,39426.5,52.70370672573879,-72.00833656436315,204,309,1000.0278346461074,1005.6649318374058,5.6370971912983805,9.472388149173232,6.271315642668342,537.0924821239452,906250,0.48656846769255935,4.237575717119955,21.36468328384226,47.73581990573702,52.29873988818323,0,0,0,1,0,10,7,2,0
234,2007,12,12,15,39426.625,49.93147188267952,-64.82499507913104,201,285,997.4878937362478,1005.4878937362478,8.0,10.894854428580969,6.939043336245378,637.6839966627614,1277500,-2.1770381011579594,-19.709203273426205,75.4771445092742,20.3899302338549,78.18278965485518,0,0,0,0,2,6,6,1,1
234,2007,12,12,18,39426.75,49.94376696828073,-63.36177417622765,203,281,993.520897732897,1001.520897732897,8.0,13.044386740185447,9.767344625278856,572.9372305296926,1031250,-3.966996003350796,-35.90760413872853,34.90130475502334,0.4557170471714641,34.904279846891235,0,0,0,0,0,7,7,1,1
234,2007,12,12,21,39426.875,49.94376696828073,-63.36177417622765,203,281,,,,13.044386740185447,,0.0,0,0.0,,0.0,0.0,0.0,0,3,0,0,0,7,7,0,0
238,2007,12,12,3,39426.125,58.69485874562477,-124.66889515566031,246,438,,,,15.055674676241653,,0.0,0,,,,,,0,0,0,0,0,14,14,0,0
238,2007,12,12,6,39426.25,57.32797159731263,-118.43563258728155,233,428,1002.1040848902525,1004.1040848902525,2.0,16.400370556856966,10.030474732220172,169.8435557664936,90625,,,124.67629248717614,-50.6636387293194,134.57704929757855,3,0,0,3,0,13,13,1,1
238,2007,12,12,9,39426.375,56.716714404424884,-116.12768730955727,228,424,1003.0560208310338,1005.0560208310338,2.0,17.01776362252318,7.298867381497621,161.43612337794121,81875,0.9519359407814045,7.889308805119031,46.9424947769125,-22.65623290803741,52.123916827725964,0,0,0,0,0,14,14,1,1
238,2007,12,12,12,39426.5,55.42981338146393,-114.28792090822043,221,422,1002.9148655681357,1004.9148655681357,2.0,18.024058820730037,3.5041650363916417,171.01087916602197,91875,-0.14115526289810076,-1.1876544380448462,38.691434819634615,-47.69895494898382,61.41838024262136,0,0,0,0,0,18,18,1,1
238,2007,12,12,15,39426.625,55.18910294544821,-113.29695227025935,219,420,1003.4771558653367,1009.4771558653367,6.0,17.91265350010434,6.3383238388036265,432.6730888463505,588125,0.5622902972009615,4.74478510989055,20.967999400409884,-8.921926425115714,22.787228220886526,0,0,2,0,0,15,15,1,2
238,2007,12,12,18,39426.75,54.01543976330887,-110.95938046542291,212,416,1004.0770045319765,1012.5970631669265,8.520058634949965,17.83269150635588,6.982488856795535,538.2025607773058,910000,0.5998486666398821,5.135936762637214,50.90571187151532,-43.501797147801305,66.96116677772416,0,0,0,0,0,18,17,2,0
238,2007,12,12,21,39426.875,53.434873666357944,-110.24249975681546,209,415,1005.1313139966301,1013.4984290622224,8.36711506559237,15.98175798735375,9.288167408806693,598.7457802060022,1126250,1.0543094646534883,9.094434863474417,15.829336727765083,-21.518668187591842,26.713685290664216,0,0,0,0,0,16,15,2,0
238,2007,12,13,0,39427.0,50.34988604239584,-102.15245673476063,190,396,1000.954616061786,1016.954616061786,16.0,22.516047080318373,8.659234098630986,683.7526199821414,1468750,-0.5438130004363484,-4.893331320177449,51.245962520807936,-13.688082396443312,53.04255154473503,0,0,0,0,2,14,14,1,1
238,2007,12,13,3,39427.125,49.92191118235572,-100.02692681778545,187,390,1000.2572691739499,1016.2572691739499,16.0,22.843722939059763,8.802318822842354,607.4870568944925,1159375,-0.6973468878361746,-6.314120599241862,50.72105549767679,-15.862877722625637,53.14373303072885,0,0,0,0,0,14,14,1,1
238,2007,12,13,6,39427.25,49.91098696294777,-98.03761530048567,186,384,999.5411614993587,1017.5411614993587,18.0,23.491926317584262,10.987150041160056,638.930691883487,1282500,-0.7161076745911851,-6.48503046540193,47.481459635896044,-0.4049059252385224,47.4831860553135,0,0,0,0,0,13,13,1,1
238,2007,12,13,9,39427.375,49.82368110211193,-96.3762268226134,185,379,999.1153371055824,1017.1153371055824,18.0,23.937595525452153,10.775821687505667,614.8113449207418,1187500,-0.4258243937762745,-3.861198547835122,39.72659190553237,-3.235989597093941,39.858170217675706,0,0,0,0,0,10,10,1,1
238,2007,12,13,12,39427.5,49.68078131605837,-95.04721499861142,184,375,999.0696223689275,1015.0696223689275,16.0,23.64620270283365,12.416449214808235,562.9540660051551,995625,-0.045714736654917945,-0.41539829732659816,31.872913721389374,-5.296577075916005,32.310003989666264,0,0,0,0,0,11,11,1,1
238,2007,12,13,15,39427.625,49.515265091789374,-93.72788342956204,183,371,1000.1767236622505,1014.1767236622505,14.0,22.549652269446145,14.463505582403013,523.9678204179331,862500,1.1071012933230668,10.084715820475559,31.748340198819985,-6.134854805358698,32.33563898955519,0,0,0,0,0,10,10,1,1
238,2007,12,13,18,39427.75,50.0449778434949,-87.53894534946971,185,352,1000.627984435945,1018.627984435945,18.0,20.813511602798474,8.902091617659243,935.0708361461714,2746875,0.4512607736943755,4.078574435323735,147.27078414602695,19.633790189528142,148.57378496959709,0,0,0,0,0,11,11,1,1
238,2007,12,13,21,39427.875,49.99297837918002,-86.2295126654891,185,348,999.6479210515046,1015.6479210515046,16.0,21.888545547126963,11.024074589381344,679.5206241501146,1450625,-0.9800633844404365,-8.864729360121261,31.20126967051145,-1.927358873349759,31.26074121447951,0,0,0,0,0,11,11,1,1
238,2007,12,14,0,39428.0,50.11211213454196,-84.24036626433647,186,342,999.6859956304027,1015.6859956304027,16.0,22.011657125984772,11.398570611238611,660.2163284809975,1369375,0.03807457889808575,0.3437875248828521,47.27922615900264,4.41568972945369,47.48498227841011,0,0,0,0,0,13,13,1,1
238,2007,12,14,3,39428.125,50.21230154221778,-82.5685920288275,187,337,999.4713546660761,1013.4713546660761,14.0,22.17366636442683,10.688786069752023,545.3629982891939,934375,-0.21464096432653604,-1.9352364660507713,39.65287832419863,3.713517945691695,39.82638541126568,0,0,0,0,0,12,12,1,1
238,2007,12,14,6,39428.25,50.07784832945158,-81.26631775892311,187,333,1001.1867394930031,1013.1867394930031,12.0,20.772130543052842,11.338458148290302,514.0011726956917,830000,1.7153848269270384,15.496505082368731,30.975902941171103,-4.9835050435545,31.374223265923025,0,0,0,0,0,10,10,1,1
238,2007,12,14,9,39428.375,49.644102760327925,-79.70968454271879,186,328,1003.627749724931,1013.627749724931,10.0,18.60291513163069,6.373856234344494,511.86797620581103,823125,2.4410102319279394,22.192906326912233,37.35979738923684,-16.07676891370244,40.67206608557545,0,0,0,0,0,9,9,1,1
238,2007,12,14,12,39428.5,51.33273368073621,-77.89342204848818,194,324,1007.0252351746997,1013.0252351746997,6.0,14.378904023117341,6.046486205919282,466.3104555972362,683125,3.3974854497685736,30.147088727921318,42.06006741295996,62.58906377484471,75.40848874625664,0,0,0,0,0,9,9,1,1
238,2007,12,14,15,39428.625,52.73852441189128,-76.0062923665108,201,320,1009.0054134257995,1013.0054134257995,4.0,10.433627824465512,3.0273174185271636,432.443127050225,587500,1.98017825109986,17.237604105646156,42.34808285627851,52.10559907612914,67.14427434029308,0,0,0,0,0,5,5,1,1
238,2007,12,14,18,39428.75,52.73852441189128,-76.0062923665108,201,320,,,,10.433627824465512,,0.0,0,0.0,,0.0,0.0,0.0,0,3,0,0,0,5,5,0,0
243,2007,12,11,18,39425.75,40.22374784553875,14.133190548862924,412,151,1011.0136307068901,1013.0136307068901,2.0,7.972293702815339,1.5757139242190896,523.9678204179331,862500,,,,,,3,0,0,0,0,0,0,1,1
243,2007,12,11,21,39425.875,40.03702148476116,14.905758523554988,415,151,1011.5522615330069,1013.5522615330069,2.0,8.13053409841142,2.4973657967142935,382.131731588485,458750,0.5386308261168596,5.801096880748837,21.923879347454708,-6.921007996423362,22.990364010348056,0,0,0,0,0,0,0,1,1
243,2007,12,12,0,39426.0,39.55638183629795,14.770355343058,415,149,1011.4883563088348,1013.4883563088348,2.0,8.858105380386128,2.922247214509771,355.9875326987192,398125,-0.06390522417219473,-0.695230053837225,-3.8694207001164873,-17.81489681777767,18.230276058868522,0,0,0,0,0,0,0,1,1
243,2007,12,12,3,39426.125,39.55638183629795,14.770355343058,415,149,1011.2440232044279,1015.2440232044279,4.0,9.458270320297775,2.3389713436862074,635.6529019634453,1269375,-0.24433310440683273,-2.6581194187389827,0.0,0.0,0.0,0,0,0,0,0,0,0,1,1
243,2007,12,12,6,39426.25,39.55638183629795,14.770355343058,415,149,1011.418504783776,1015.418504783776,4.0,10.387686909004513,2.7451030063957296,600.7360763770332,1133750,0.1744815793480666,1.8981990811408551,0.0,0.0,0.0,0,0,0,1,0,0,0,1,2
243,2007,12,12,9,39426.375,38.95759758267575,18.681911860348258,430,151,1012.3752522660384,1016.3752522660384,4.0,8.209126543984096,1.8143926337742595,629.9941581756246,1246875,0.9567474822624353,10.542493578426972,112.73081400614596,-22.193923719145907,114.8947634861552,0,0,1,0,0,0,0,1,1
243,2007,12,12,12,39426.5,37.35859102486002,17.07482971163407,426,143,1011.2914880276527,1017.2914880276527,6.0,8.909584216827312,2.068845729324821,951.6257805423751,2845000,-1.0837642383857746,-12.373961516074772,-47.346030842578486,-59.26713896682962,75.85670964298338,0,0,0,0,0,0,0,1,1
243,2007,12,12,15,39426.625,37.05520750935044,18.03706786108742,430,143,1010.7425446660607,1014.7425446660607,4.0,8.96840623913521,1.846809324722708,590.8859081141176,1096875,-0.5489433615919552,-6.311467711828811,28.462785483534095,-11.244902584085201,30.60356174707848,0,0,0,0,0,0,0,1,1
243,2007,12,12,18,39426.75,36.80696771213087,19.544272031876798,436,144,1010.649716349438,1016.649716349438,6.0,9.469234455023674,3.3919113069558073,792.2545719771281,1971875,-0.09282831662276295,-1.0734617457935398,44.72791342914501,-9.20100201402996,45.66447938811166,0,0,0,0,0,0,0,1,2
243,2007,12,12,21,39426.875,36.786041512203745,20.33618528753644,439,145,1010.2702834817767,1016.2154021852261,5.945118703449407,10.208228381201423,2.5344938318310595,766.8621223691736,1847500,-0.3794328676612349,-4.389884576480657,23.507479470951438,-0.7756290886155939,23.5202719278564,0,0,0,0,0,0,1,2,0
243,2007,12,13,0,39427.0,36.51889901409371,21.037511025421818,442,145,1009.6914889171279,1015.1932319272487,5.501743010120845,10.15708083523251,3.512617927506726,741.4050072016196,1726875,-0.5787945646488515,-6.738510946124246,20.890807165226217,-9.901630160329754,23.118566215200694,0,0,0,0,0,0,2,2,0
243,2007,12,13,3,39427.125,38.795671633267915,31.854062173444156,476,172,1007.4530188029296,1013.4530188029296,6.0,9.127125320894987,7.264415452426257,658.8589433886016,1363750,-1.7402131243191252,-19.24291381886805,61.38907939691729,19.299598103307694,64.35132909389061,0,0,0,0,2,1,1,1,2
243,2007,12,13,6,39427.25,39.8496490354271,32.552376479539866,476,177,1006.9123340024072,1012.9123340024072,6.0,9.645456516448432,10.240742722501745,637.0597341571143,1275000,-0.5406848005224311,-5.846003624484731,19.871069750667335,39.06564663937109,43.829033304284636,0,0,0,0,0,1,1,1,2
243,2007,12,13,9,39427.375,39.928904582141286,33.873825008550654,480,180,1005.7141578419078,1013.7141578419078,8.0,9.808914554179664,6.444638589508978,771.3887110172301,1869375,-1.1981761604994245,-12.933522862458114,37.55913547481214,2.937604901019577,37.67383946679427,0,0,0,0,0,1,1,1,2
243,2007,12,13,12,39427.5,38.335645373074485,33.083219034204575,481,173,1004.0416050658715,1010.0416050658715,6.0,9.991629113495494,8.952686006691147,562.4237276245926,993750,-1.672552776036173,-18.68192706441022,-22.98554918808488,-59.05411362598366,63.36973889506299,0,0,0,0,0,1,1,1,2
243,2007,12,13,15,39427.625,36.866472895885906,30.662655357571122,476,163,1004.3413231760281,1010.3413231760281,6.0,9.595821988066389,13.843723126302866,608.9589620032832,1165000,0.29971811015653654,3.461122480763959,-71.77580278047819,-54.45484194306293,90.09492591609178,0,0,0,0,0,1,1,1,2
243,2007,12,13,18,39427.75,36.52109401065682,30.749967302196406,477,162,1004.1589372058062,1006.1589372058062,2.0,10.418162128286344,7.183334153212709,159.57691216057307,80000,-0.1823859702219488,-2.123285791721312,2.6007447407231594,-12.80145993587596,13.062972467866436,0,0,1,0,0,0,0,1,1
243,2007,12,13,21,39427.875,36.69249294468033,31.435492560044754,479,164,1004.3001812411414,1008.3001812411414,4.0,10.454008147629594,4.972827784931215,376.88962138737196,446250,0.14124403533525764,1.6377146086309273,20.374244862809366,6.352897298566763,21.341723403133372,0,0,2,0,0,0,0,1,2
243,2007,12,14,0,39428.0,37.008808998956845,34.63154458760495,489,172,1003.7620602958667,1005.7620602958667,2.0,9.944554178001871,9.289491638821564,194.93137937025432,119375,-0.5381209452747134,-6.19368189244847,94.59222600125462,11.724246817257786,95.316038436899,0,0,0,2,0,0,0,1,1
243,2007,12,14,3,39428.125,37.008808998956845,34.63154458760495,489,172,1002.8453122283688,1006.8453122283688,4.0,10.886792928512154,13.241112824876836,287.33539066554385,259375,-0.9167480674978288,-10.551616612320782,0.0,0.0,0.0,0,0,0,0,0,0,0,1,1
243,2007,12,14,6,39428.25,36.8014602726277,34.48916848569776,489,171,1004.1683558098489,1008.1683558098489,4.0,10.573298579722326,13.207527358707157,278.90317035875347,244375,1.3230435814800148,15.301571704131733,-4.225511996814113,-7.685375471337422,8.770401802121434,0,0,0,0,0,1,1,1,1
243,2007,12,14,9,39428.375,36.8014602726277,34.48916848569776,489,171,1005.5046802852722,1009.5046802852722,4.0,9.358191826429909,11.880684328625357,306.43338007504707,295000,1.3363244754233166,15.455170991270158,0.0,0.0,0.0,0,0,0,0,0,0,0,1,1
243,2007,12,14,12,39428.5,36.8014602726277,34.48916848569776,489,171,,,,9.358191826429909,,0.0,0,0.0,,0.0,0.0,0.0,0,3,0,0,0,0,0,0,0
247,2007,12,8,21,39422.875,36.214386100074236,149.71678493866358,476,559,1007.4778542398682,1011.4778542398682,4.0,7.544861312018775,5.70003025473714,380.5666803775979,455000,,,,,,3,0,0,0,0,23,23,1,1
247,2007,12,9,0,39423.0,36.30408485294328,149.37703218973516,477,558,1004.232385161946,1010.232385161946,6.0,10.89418105255737,11.500214524672264,404.8821944524756,515000,-3.245469077922171,-37.97734258482668,-10.14845954425023,3.324682081793914,10.679173285712949,0,0,0,0,0,25,25,1,1
247,2007,12,9,3,39423.125,36.373068656155574,150.48645975885992,473,560,1000.3747118641119,1006.3407867927729,5.966074928660964,12.61744243441088,14.363856881583052,337.33630743029306,357500,-3.857673297834117,-45.067318558347694,33.109246278985324,2.556882979284537,33.207827988777865,0,0,0,1,0,23,24,2,0
247,2007,12,9,6,39423.25,36.658403068543464,152.03776779562563,467,562,996.9689103269361,1004.9689103269361,8.0,15.531812514641574,27.65492032908136,288.0269329188686,260625,-3.405801537175721,-39.52159100033089,46.12588690260231,10.575913018213399,47.32279977685676,0,0,1,0,0,24,24,1,1
247,2007,12,9,9,39423.375,36.67489631634859,153.71443821346676,461,565,995.1221229851444,1007.1221229851444,12.0,18.16695964277103,36.07860807869205,369.4257214939158,428750,-1.8467873417917873,-21.422198776996147,49.84258044481828,0.611321826607132,49.84632925074692,0,0,0,0,0,23,23,1,1
247,2007,12,9,12,39423.5,36.74640726222237,155.6181881231045,454,568,993.0808829917494,1007.0808829917494,14.0,19.779814449248573,24.11419760045159,443.1223431961267,616875,-2.041239993394993,-23.63819434651966,56.54014340393862,2.6505514602391584,56.60223705103289,0,0,0,0,0,22,22,1,1
247,2007,12,9,15,39423.625,36.849939113077994,157.756250740224,446,571,991.8023642868283,1003.8023642868283,12.0,20.209851908225698,16.14882461752779,375.5676614342511,443125,-1.2785187049211526,-14.769923246623105,63.41302669488024,3.8374055204222564,63.529029866146715,0,0,0,0,0,18,18,1,1
247,2007,12,9,18,39423.75,38.84092907030102,159.42875292895232,437,566,990.1048679837078,1002.1048679837078,12.0,20.897363743421945,19.34293166155105,351.20518347003207,387500,-1.6974963031204242,-18.752140517936972,48.283702044452454,73.79599408115612,88.1882340538889,0,0,0,0,0,19,19,1,1
247,2007,12,9,21,39423.875,39.03132066515988,160.74070835623283,432,567,986.9191404313619,1002.9191404313619,16.0,24.56591772322113,31.50615285788001,370.2326224657882,430625,-3.185727552345925,-35.04809663140151,37.77367806387292,7.056859808023716,38.42720422855682,0,0,0,0,0,18,18,1,1
247,2007,12,10,0,39424.0,39.90707159009471,164.58224164594284,417,568,983.8593088802897,1001.8593088802897,18.0,26.6754392449305,15.255566996124253,394.6807577665683,489375,-3.0598315510721297,-33.0439136234733,109.21414056820993,32.45968661901087,113.93577030703356,0,0,0,0,0,20,20,1,1
247,2007,12,10,3,39424.125,40.40288126083202,165.54223321833658,413,567,978.3676280591702,998.3676280591702,20.0,30.473759145759264,24.60102682317498,357.66015365163463,401875,-5.491680821119517,-58.70091751352143,27.09581202757423,18.3771733224327,32.73993782456479,0,0,0,0,0,20,20,1,1
247,2007,12,10,6,39424.25,40.75442216088433,167.10625595511783,407,567,975.9836344714319,999.9836344714319,24.0,33.012542407099595,25.78951921167369,429.210725202515,578750,-2.3839935877383684,-25.300752278051068,43.91289222927163,13.029854864626106,45.80523137953617,0,0,0,0,0,18,18,1,1
247,2007,12,10,9,39424.375,40.9174691378608,169.27253690004298,399,568,974.7695158976874,998.7695158976874,24.0,34.58340490532141,15.884765194802966,409.52352958418,526875,-1.2141185737444902,-12.842793287347707,60.67227428069345,6.0433322148387765,60.97250799049194,0,0,0,0,0,16,16,1,1
247,2007,12,10,12,39424.5,41.943310248708244,171.01305659891656,392,565,971.7833716437574,1003.7833716437574,32.0,36.696496946614296,10.143801926680826,680.2521569533504,1453750,-2.9861442539299605,-30.952676839382445,47.98385964441583,38.0227756898847,61.22239996552149,0,0,0,0,0,14,14,1,1
247,2007,12,10,15,39424.625,42.75855019146361,173.69071212353822,382,563,970.3938417344137,1002.3938417344137,32.0,37.34573030439876,14.91918000058904,681.858766539816,1460625,-1.3895299093436915,-14.179995973382962,72.86636874925688,30.216848544132425,78.88324049277969,0,0,0,0,0,13,13,1,1
247,2007,12,10,18,39424.75,43.611251756567945,175.0117628409666,377,560,968.6075189558102,1000.6075189558102,32.0,38.505992959723756,14.39871117042945,658.1036308126709,1360625,-1.7863227786034985,-17.942437896182735,35.45186154184555,31.605362660492432,47.494562169615136,0,0,0,0,0,13,13,1,1
247,2007,12,10,21,39424.875,44.43410889619416,176.37851529588266,372,557,968.6541438363357,1002.6541438363357,34.0,38.78965909747383,15.685720525999786,784.4315130902381,1933125,0.046624880525487244,0.46140827096851633,36.172691750854995,30.499179759895938,47.31451779875622,0,0,0,0,0,15,15,1,1
247,2007,12,11,0,39425.0,44.72952153428249,177.52310073934837,368,556,969.1233150672527,1001.1233150672527,32.0,37.62965131213758,13.493528277041186,709.5959774456053,1581875,0.4691712309169816,4.618775894589227,30.13935159882599,10.949462207369255,32.06666863626876,0,0,0,0,0,12,12,1,1
247,2007,12,11,3,39425.125,45.50040396011951,179.2597856353496,362,553,968.8161241387747,1000.8161241387747,32.0,37.09926822864422,10.978829496041362,737.0991703834414,1706875,-0.30719092847793944,-2.9838977879336217,45.116455361127066,28.572738264175715,53.40314519076252,0,0,0,0,0,11,11,1,1
247,2007,12,11,6,39425.25,46.46678757066969,-178.94188691177104,356,549,969.7963832976992,999.7963832976992,30.0,36.35840204925379,9.716802118436243,697.721421616346,1529375,0.9802591589244548,9.367816112658323,-45.909277358488374,35.81898489520993,58.22938627962595,0,0,0,0,0,18,18,1,1
247,2007,12,11,9,39425.375,47.15331420573459,-177.39047005102924,351,546,970.6196869346381,998.6196869346381,28.0,35.55943333524277,7.666172747970122,663.9722828285456,1385000,0.8233036369389447,7.7798713159942565,39.103791871638876,25.446092941859163,46.65415506411176,0,0,0,0,0,15,15,1,1
247,2007,12,11,12,39425.5,47.76619595970035,-175.171763320279,344,543,973.0076324846004,999.0076324846004,26.0,33.700971641243626,8.930637828422114,689.547237313759,1493750,2.3879455499623146,22.3446647638234,55.27386298641623,22.71644722467036,59.75982684004655,0,0,0,0,0,16,16,1,1
247,2007,12,11,15,39425.625,48.843949163659424,-173.44851561814212,339,538,973.2592490588763,997.2592490588763,24.0,32.94884990106522,10.035365081320343,636.4348593288032,1272500,0.25161657427583123,2.3153202212894666,42.03412735306518,39.946896151722626,57.988122701896586,0,0,0,0,0,14,14,1,1
247,2007,12,11,18,39425.75,49.40297570002365,-171.73282666448938,334,535,974.6402909014864,996.6402909014864,22.0,32.104346185194224,10.082923760878403,601.2326209525455,1135625,1.3810418426101387,12.601177701895454,41.38061482506536,20.720304901127275,46.278356912233804,0,0,0,0,0,19,19,1,1
247,2007,12,11,21,39425.875,50.19856467843389,-170.23996976045987,330,531,976.996741990568,996.996741990568,20.0,30.890135424359325,9.52047792882644,581.8953010877535,1063750,2.356451089081529,21.250374777415416,35.41947450620156,29.488486031182177,46.08806768249987,0,0,0,0,0,19,19,1,1
247,2007,12,12,0,39426.0,51.09978497132838,-167.9640078044469,324,526,980.3028561464405,998.3028561464405,18.0,28.01084441109259,5.878358510117323,617.8777546907511,1199375,3.3061141558724922,29.43231839769922,52.972142272343426,33.403708119663335,62.62472014360667,0,0,0,0,0,20,20,1,1
247,2007,12,12,3,39426.125,51.931705069680426,-165.58873496724294,318,521,983.3063690044612,999.3063690044612,16.0,25.976358569722994,4.824636354959657,626.8283383495967,1234375,3.0035128580206947,26.431567094837433,54.282731328392195,30.835098103463064,62.429305582559564,0,0,0,0,0,20,20,1,1
247,2007,12,12,6,39426.25,52.985943314260794,-163.35147494382926,313,515,986.1641636977761,1000.1641636977761,14.0,24.02145260717897,3.5585411932173154,609.7751518374953,1168125,2.857794693314936,24.796097632727374,49.91912572565764,39.075314757334596,63.3940007934409,0,0,0,0,0,21,21,1,1
247,2007,12,12,9,39426.375,53.751641559047364,-161.10942833981593,308,510,989.0986222954892,1001.0986222954892,12.0,22.42234062909211,3.200264329336424,580.8687281605182,1060000,2.9344585977130917,25.209541178742487,49.13470200168174,28.38058672030341,56.74219455909975,0,0,0,0,0,21,21,1,1
247,2007,12,12,12,39426.5,54.92689264590577,-159.68332048796026,306,504,993.0035028672868,1003.0035028672868,10.0,18.776260437336173,1.897245971629745,606.1756963648521,1154375,3.9048805717975483,33.056159712113185,30.373176066491453,43.5606527973857,53.10423991076867,0,0,0,0,0,27,27,1,1
247,2007,12,12,15,39426.625,55.462327805868334,-157.74303734055036,302,500,995.5036416582169,1005.5036416582169,10.0,17.105103967557618,1.5450252200083197,686.6560411951095,1481250,2.500138790930214,21.027488956004227,40.771619263873255,19.845891111651614,45.34516877699071,0,0,0,0,0,23,23,1,1
247,2007,12,12,18,39426.75,55.97210430473147,-154.89058212996042,296,495,998.0495087193507,1006.0495087193507,8.0,15.988761249795802,1.7937976962407995,619.1643313148803,1204375,2.5458670611337584,21.282606931979434,59.15980193722478,18.89485346540239,62.1039262263723,0,0,0,1,0,26,26,1,2
247,2007,12,12,21,39426.875,56.708716324293476,-152.1230610404179,291,489,1001.0144605396949,1007.0144605396949,6.0,14.139283773640033,1.790096196036102,534.1209933079043,896250,2.964951820344286,24.57472551084301,56.300850242100395,27.302506493565627,62.57165970960503,0,0,0,0,0,23,23,1,2
247,2007,12,13,0,39427.0,57.59725709691706,-149.93141717813756,288,483,1002.7394781627127,1008.7394781627127,6.0,12.508030910199976,1.7916408052238695,564.1895835477562,1000000,1.7250176230176293,14.15520607885345,43.5283308063097,32.93374201085973,54.583394412782695,0,0,0,0,0,21,21,1,2
247,2007,12,13,3,39427.125,58.180124840262145,-146.9333040925501,283,477,1004.4838985748357,1010.4838985748357,6.0,11.148194147941378,1.3506137412177486,597.5817128748505,1121875,1.744420412123145,14.223324781017972,58.58588804414812,21.603978654911998,62.442278719176734,0,0,0,0,0,20,20,1,2
247,2007,12,13,6,39427.25,58.48101576033852,-144.078757865989,278,472,1005.6520584375717,1011.6520584375717,6.0,10.686815970316651,1.1268682507538323,600.5704702880486,1133125,1.16815986273592,9.493914708283503,55.30800454521461,11.15251459530234,56.42121895680659,0,0,0,0,0,20,20,1,2
247,2007,12,13,9,39427.375,58.9049149242357,-143.00472885729286,277,469,1007.2593972772082,1013.2593972772082,6.0,9.169027990775547,2.2499339381457686,622.8484356458599,1218750,1.6073388396365045,13.004580184640929,20.559457586427346,15.711812144745299,25.87570940321967,0,0,0,0,0,16,16,1,2
247,2007,12,13,12,39427.5,58.9049149242357,-143.00472885729286,277,469,1007.8890084359896,1013.8890084359896,6.0,8.579656528835129,2.029464997040559,611.7295643867631,1175625,0.6296111587813357,5.094027841303348,0.0,0.0,0.0,0,0,0,0,0,17,17,1,2
247,2007,12,13,15,39427.625,56.545921805265976,-157.00585386224785,302,495,1007.9338298919392,1011.9338298919392,4.0,9.432368040632186,5.7730330001332915,494.0687138113427,766875,-0.3635152625472983,-3.018606404953504,10.390704222256689,4.655743175536335,11.386073895376585,0,0,0,0,2,17,17,1,1
247,2007,12,13,18,39427.75,56.66875119053097,-156.49364639701784,301,494,1007.2562533853676,1011.2562533853676,4.0,10.227909083063707,6.229492690586048,469.2873879654238,691875,-0.6775765065716405,-5.618604308419477,10.43180308220297,4.552668161445455,11.381972717156659,0,0,0,0,0,18,18,1,1
247,2007,12,13,21,39427.875,56.479090305021636,-155.78111165824876,299,494,1007.5884277766058,1009.5884277766058,2.0,10.829355645954898,4.870936443958853,261.60394784772456,215000,0.3321743912382226,2.7604832875461818,14.584672255596196,-7.02977608385082,16.19044213702141,0,0,0,0,0,18,18,1,1
247,2007,12,14,0,39428.0,55.77021072166282,-154.20111714279673,294,495,,,,11.7699966476368,,0.0,0,-1.246839264030423,,32.94144911505315,-26.274604423802792,42.13661006093102,0,2,2,0,0,20,21,0,0
249,2007,12,12,21,39426.875,47.219338502088775,-58.825404384595906,200,263,991.0999577880734,999.0999577880734,8.0,17.23520559126962,5.718415829868463,530.5707357118274,884375,,,,,,3,0,0,0,0,8,8,1,4
249,2007,12,13,0,39427.0,47.59632797567408,-56.69676981857979,205,258,987.3029956460712,996.1131257168474,8.810130070776212,19.264369704443904,11.136349765310952,505.80784001458665,803750,-3.7969621420021578,-35.625262004144986,53.203032326031924,13.973105620363075,55.00736613729674,0,0,0,0,0,7,4,2,0
249,2007,12,13,3,39427.125,47.516808270314954,-54.893920669735415,208,253,983.954806645969,993.1514354071535,9.196628761184401,20.736140505285714,16.387014475523248,496.4788194007604,774375,-3.3481890001021384,-31.45451472226354,45.129199496096795,-2.947395934735203,45.22534455318828,0,0,0,0,0,5,3,2,0
249,2007,12,13,6,39427.25,47.668128541709955,-44.56096047431834,230,228,972.4341233308327,990.4341233308327,18.0,30.589243119452636,21.132606704255377,512.0622703772439,823750,-6.717312076320813,-62.95365186706123,48.30295609284814,44.85912504653461,65.92053297151233,0,0,0,0,2,4,4,1,1
249,2007,12,13,9,39427.375,48.99652627156932,-42.73652292116418,238,228,962.9908863093736,986.9908863093736,24.0,38.23991751218034,39.890095909911544,483.07446145339907,733125,-9.443237021459062,-86.69310067941505,44.366531272546396,49.23702937550379,66.27725219773419,0,0,0,0,0,3,3,1,1
249,2007,12,13,12,39427.5,49.754220635907444,-40.61896216819199,245,226,953.0726566554421,987.0726566554421,34.0,48.28773860892099,44.221222923063394,545.3629982891939,934375,-9.918229653931485,-90.02660227533646,50.706456525970495,28.083923087190886,57.96422577234504,0,0,0,0,0,2,2,1,1
249,2007,12,13,15,39427.625,50.97257589270353,-38.58121326976122,253,226,945.2589270722054,985.2589270722054,40.0,54.80294927247855,33.48835868542301,547.5473715116874,941875,-7.813729583236709,-69.68588412807343,47.55858762790053,45.158307802151356,65.58271129432312,0,0,0,0,0,3,3,1,1
249,2007,12,13,18,39427.75,52.603758687846245,-36.06592178443171,263,227,943.4648363420819,983.4648363420819,40.0,55.82092298743291,30.40425650350567,529.6325020233044,881250,-1.7940907301235711,-15.645736491746092,56.61744564353524,60.45975041658681,82.83064995298923,0,0,0,0,0,3,3,1,1
249,2007,12,13,21,39427.875,54.199737001142836,-35.15627660930563,269,231,942.9416367502397,980.9416367502397,38.0,56.216777939366644,24.25093721616504,498.0790776016313,779375,-0.5231995918421307,-4.469247693824122,19.722408297301886,59.154897157773426,62.356036169662296,0,0,0,0,0,4,4,1,1
249,2007,12,14,0,39428.0,55.45148671270283,-34.265622206508525,274,234,940.6111739972107,986.6111739972107,46.0,58.60720444800433,29.70511798752544,700.9927865507797,1543750,-2.3304627530289874,-19.60297693638671,18.721151376161615,46.39607245142048,50.03076101526556,0,0,0,0,0,5,5,1,1
249,2007,12,14,3,39428.125,56.7471225078416,-32.44116305905243,281,236,942.2474572291056,986.2474572291056,44.0,57.26641965911404,18.55207472356473,684.3342896917427,1471250,1.6362832318949223,13.556216367932995,37.07927021506896,48.022709066173206,60.67168092064381,0,0,0,0,0,3,3,1,1
249,2007,12,14,6,39428.25,58.72189201088815,-30.7499673021964,289,241,943.4859017201275,985.4859017201275,42.0,57.41523656035778,11.98229586231173,679.6669936992866,1451250,1.2384444910218009,10.03934024594122,32.54427284995986,73.1947833437242,80.10372028855689,0,0,0,0,0,3,3,1,1
249,2007,12,14,9,39428.375,61.11300036240294,-30.88674612211354,294,250,942.1627364184315,980.1627364184315,38.0,58.12110511476774,10.408474688075803,586.153336081634,1079375,-1.32316530169599,-10.469881967360658,-2.4490908801532996,88.6263725819599,88.66020507068333,0,0,0,0,0,3,3,1,1
249,2007,12,14,12,39428.5,62.68445775351564,-32.834970129713064,294,258,942.9484819375182,966.9484819375182,24.0,54.617410429583494,5.382903402140728,432.443127050225,587500,0.7857455190867768,6.127010522289708,-33.135630683819166,58.24602977660865,67.01171543507925,0,0,0,0,0,4,4,1,1
249,2007,12,14,15,39428.625,64.09376765904851,-33.620786085123335,296,264,942.5889741638742,994.5889741638742,52.0,53.21196350599244,10.555561853002292,942.3823971471327,2790000,-0.35950777364399983,-2.768998896215919,-12.72516693600288,52.23603718839279,53.76368155824428,0,0,0,0,0,3,3,1,1
249,2007,12,14,18,39428.75,64.91030920068303,-35.47774499007478,295,269,943.8721082180957,957.8721082180957,14.0,50.6035699301147,16.57751653952604,296.53516833298573,276250,1.2831340542214458,9.816001210447878,-29.184592803715834,30.265092274761717,42.0442180034133,0,0,0,0,0,4,4,1,1
249,2007,12,14,21,39428.875,64.912376308908,-38.05586948900677,291,272,947.4640208906478,955.4640208906478,8.0,46.28566963669992,19.249052881064127,195.44100476116796,120000,3.5919126725521346,27.477739734478888,-40.51420329652296,0.07661731581343711,40.514275742817794,0,0,0,0,0,5,5,1,1
249,2007,12,15,0,39429.0,65.12822861746868,-39.106470767934916,290,274,951.9222162494546,987.9222162494546,36.0,42.04000203408459,21.08625461990101,716.9870753275975,1615000,4.458195358806697,34.044902539044614,-16.37775684201802,8.000560538821713,18.227448754875688,0,0,0,0,0,4,4,1,1
249,2007,12,15,3,39429.125,65.12822861746868,-39.106470767934916,290,274,,,,42.04000203408459,,0.0,0,0.0,,0.0,0.0,0.0,0,3,0,0,0,4,4,0,0
252,2007,12,13,15,39427.625,38.82395421548269,146.27392004663616,482,543,987.8780926070825,993.8780926070825,6.0,20.309563994909006,14.638850443363117,189.234939151512,112500,-3.063192013998341,-33.851356532590756,36.85805836332503,31.39818658216391,48.418618185184215,2,0,0,2,0,20,20,1,1
252,2007,12,13,18,39427.75,39.715464533818235,147.22512267573578,477,542,984.8840982790414,992.8840982790414,8.0,22.91053839128912,20.963479570238487,222.56903656473068,155625,-2.9939943280411536,-32.46290734794701,27.11997660130725,33.04380815006255,42.74794015989067,0,0,0,0,0,21,21,1,1
252,2007,12,13,21,39427.875,40.37742734867736,148.34872711328737,472,542,983.2697839076723,993.2697839076723,10.0,24.81081616874376,18.781702196133846,269.470671475909,228125,-1.6143143713691097,-17.264519437136727,31.72572497027422,24.535635546561874,40.1063465870826,0,0,0,0,0,21,21,1,1
252,2007,12,14,0,39428.0,41.780079164671285,149.31871831739758,466,539,978.6388325909883,1010.6388325909883,32.0,29.555507755249273,22.225288255163978,1235.3529700342374,4794375,-4.630951316683931,-48.15467582449525,26.81006319668195,51.989255262434085,58.49497543680662,0,0,0,0,0,22,22,1,1
252,2007,12,14,3,39428.125,42.57887306454131,149.75359888112428,463,537,974.1818942374717,1010.1818942374717,36.0,32.77632552803699,24.20428115108436,1327.1952880678682,5533750,-4.456938353516598,-45.637554485077146,11.869038514864114,29.60727636672296,31.897725453750454,0,0,0,0,0,20,20,1,1
252,2007,12,14,6,39428.25,43.79639365039716,149.91840132658655,460,533,972.1324289647856,1008.1324289647856,36.0,35.01686007611387,22.616722388076305,1184.3782671411159,4406875,-2.049465272686066,-20.516050032786342,4.40906455274602,45.12737074416013,45.3422478546351,0,0,0,0,0,18,18,1,1
252,2007,12,14,9,39428.375,44.341709711579405,149.8787677286669,459,531,971.5526534330652,1009.5526534330652,38.0,36.322930015621544,22.318963003373575,1211.2842901765096,4609375,-0.5797755317205155,-5.747024207397722,-1.0506185732332753,20.212126473753127,20.23941342967762,0,0,0,0,0,19,19,1,1
252,2007,12,14,12,39428.5,44.675024505776875,149.98443199484987,458,530,970.892843605094,1010.892843605094,40.0,36.63727749707755,21.75058206014859,1325.2451837373585,5517500,-0.6598098279711848,-6.501771354666881,2.7850063111312413,12.35430469677805,12.664324091473379,0,0,0,0,0,18,18,1,1
252,2007,12,14,15,39428.625,45.128648575605844,150.34620889580916,456,529,970.5867316349437,1010.5867316349437,40.0,36.33039654422665,22.019830773796492,1344.6189622059965,5680000,-0.30611197015023206,-2.992560753310776,9.460451418750303,16.813565056279558,19.292384791629043,0,0,0,0,0,16,16,1,2
252,2007,12,14,18,39428.75,45.36744709235573,150.8593662666057,454,529,970.6184894726865,1010.6184894726865,40.0,35.96564998286547,22.224843210307228,1350.9660654162672,5733750,0.031757837742770786,0.3091855063625833,13.362736876610237,8.851061184277722,16.028225757124424,0,0,0,0,0,16,16,1,2
252,2007,12,14,21,39428.875,45.388749574758265,151.5191952401972,452,530,971.6797424041714,1013.6797424041714,42.0,34.86538101240341,19.77586515515657,1594.9585642408024,7991875,1.0612529314849235,10.32827402541811,17.17560844697975,0.7895759893656034,17.19374757773723,0,0,0,0,0,18,18,1,2
252,2007,12,15,0,39429.0,45.51673131098665,152.44147996663943,449,531,973.1954668810836,1015.1954668810836,42.0,32.985453830320836,18.62979749980761,1701.5367637875006,9095625,1.5157244769121463,14.718862166902845,23.95295266727656,4.743639923919475,24.4181502413388,0,0,0,0,0,15,15,1,2
252,2007,12,15,3,39429.125,46.065799839432195,153.77000804153113,444,531,973.143648202652,1013.143648202652,40.0,31.78424118391769,13.961296682086976,1611.4009111776847,8157500,-0.05181867843159125,-0.49853054544868924,34.16517212782693,20.351211581112644,39.76720758795185,0,0,0,0,0,17,17,1,1
252,2007,12,15,6,39429.25,46.48595482838254,154.85521436932106,440,531,974.2060287293847,1012.2060287293847,38.0,30.714689807833903,13.551224959752217,1549.6609782716464,7544375,1.0623805267327406,10.149381220861741,27.694720299007695,15.57303439189309,31.772896194891548,0,0,0,0,0,19,19,1,1
252,2007,12,15,9,39429.375,47.20768125932616,156.1155068655002,435,530,974.8481150424975,1014.8481150424975,40.0,30.36562358225282,12.714221402175973,1716.3793277218713,9255000,0.6420863131128135,6.062111599151264,31.733605239036017,26.750772515404982,41.50452423095488,0,0,0,0,0,15,15,1,1
252,2007,12,15,12,39429.5,48.03386898974929,157.00691713989895,431,528,975.6637508235317,1013.6637508235317,38.0,28.714214618107395,11.579732536284064,1663.40274306994,8692500,0.8156357810342161,7.599979371044275,22.093500866468045,30.62262802634448,37.760669058909464,0,0,0,0,0,13,13,1,1
252,2007,12,15,15,39429.625,48.88539386573495,157.2205371931129,429,525,975.9956238015607,1013.9956238015607,38.0,27.813752746147248,10.506403406266909,1728.5644659287282,9386875,0.33187297802898685,3.0518931484553713,5.206499366206826,31.56174870708083,31.988304379870318,0,0,0,0,0,13,13,1,1
252,2007,12,15,18,39429.75,49.512556328385706,157.56700907787462,427,523,976.1055898646441,1014.1055898646441,38.0,27.156284703800832,9.610138347678948,1768.9502889752237,9830625,0.10996606308341143,1.0017342226851311,8.338046045128264,23.24576134289067,24.69591934432305,0,0,0,0,0,12,12,1,1
252,2007,12,15,21,39429.875,50.267288161386254,157.49429518772126,426,520,976.550023397617,1014.550023397617,38.0,27.19539115998841,7.947991781900564,1753.4182653256717,9658750,0.44443353297290744,4.003883940449567,-1.7227513281040563,27.974116935602908,28.02711348792932,0,0,0,0,0,12,12,1,1
252,2007,12,16,0,39430.0,50.70807878505695,157.2391074614801,426,518,978.2241467031904,1016.2241467031904,38.0,25.686702204966224,8.123691125982369,1866.7344425485505,10947500,1.6741233055733027,14.986722110139882,-5.989814910536403,16.33789368822441,17.401283079997498,0,0,0,0,0,14,14,1,1
252,2007,12,16,3,39430.125,51.02006414649672,157.41889205586546,425,517,977.8212661928399,997.8212661928399,20.0,25.064357216331953,8.615177679247427,817.9532945239325,2101875,-0.40288051035051464,-3.590634273318504,4.1917947933946405,11.563729793157208,12.300040256807376,0,0,0,0,0,17,17,1,1
252,2007,12,16,6,39430.25,51.49056755413135,156.39981013208222,427,514,978.9090360829036,998.9090360829036,20.0,24.709118610016162,5.237667933434495,852.2578081400237,2281875,1.0877698900637915,9.630972935778596,-23.518452739359297,17.439197299315996,29.278716189374613,0,0,0,0,0,16,16,1,1
252,2007,12,16,9,39430.375,51.708476477918616,156.26301550246131,427,513,980.1368926626748,1000.1368926626748,20.0,24.172699351397608,5.930142808210076,873.2417311884742,2395625,1.227856579771178,10.83856054985137,-3.1418700169524874,8.076788931906489,8.666364096551227,0,0,0,0,0,16,16,1,1
252,2007,12,16,12,39430.5,51.708476477918616,156.26301550246131,427,513,980.9149422880615,1000.9149422880615,20.0,22.881670936021152,5.512544671129726,912.021667140654,2613125,0.778049625386775,6.868015462453513,0.0,0.0,0.0,0,0,0,0,0,14,14,1,1
252,2007,12,16,15,39430.625,51.92600408912887,156.1247191460725,427,512,981.4265885830844,1001.4265885830844,20.0,22.157143945542398,5.1584796160973205,942.1712663284984,2788750,0.5116462950228015,4.502949731334122,-3.161064137999889,8.062655590563068,8.660181387048823,0,0,0,0,0,13,13,1,1
252,2007,12,16,18,39430.75,52.14314816483765,155.9848978358822,427,511,981.9764517088589,999.9764517088589,18.0,21.547275208449154,4.493868108693205,889.8291082461728,2487500,0.5498631257745729,4.8250022652566,-3.1804357009262634,8.048439856579522,8.654048496091534,0,0,0,0,0,14,14,1,1
252,2007,12,16,21,39430.875,52.14314816483765,155.9848978358822,427,511,982.5281732309761,1000.5281732309761,18.0,20.91827649399085,5.544628638465656,912.2397758767963,2614375,0.55172152211715,4.841309535452339,0.0,0.0,0.0,0,0,0,0,0,12,12,1,1
252,2007,12,17,0,39431.0,52.456421580200406,156.1612598168283,426,510,983.6927715007133,997.6927715007133,14.0,19.738465142530366,4.855048384391848,788.226559496054,1951875,1.1645982697371802,10.17615624962967,3.98332596543925,11.611471480317503,12.275714060093176,0,0,0,0,0,11,11,1,1
252,2007,12,17,3,39431.125,52.673263796681745,156.01973386821595,426,509,983.1443620880708,995.1443620880708,12.0,19.56751860174654,4.730297057151765,720.7232100579066,1631875,-0.5484094126425043,-4.778089395694863,-3.1807528884222895,8.037251451695486,8.643760746051912,0,0,0,0,0,10,10,1,1
252,2007,12,17,6,39431.25,52.88972054489905,155.87661846373462,426,508,983.4092918440671,995.4092918440671,12.0,19.39961929232542,3.701425410021475,737.9084286367428,1710625,0.26492975599627244,2.30162148457192,-3.200516848444338,8.022964079913958,8.63778100699281,0,0,0,0,0,12,12,1,1
252,2007,12,17,9,39431.375,53.10578932747321,155.73188849208287,426,507,983.698746356623,993.698746356623,10.0,19.202123402450756,2.743676548871299,673.344372615556,1424375,0.2894545125559671,2.5075478809756486,-3.220467956872214,8.008584142837886,8.631849965920118,0,0,0,0,0,13,13,1,1
252,2007,12,17,12,39431.5,53.22303183585553,155.26207253235225,427,506,984.3284580579822,992.3284580579822,8.0,18.653326223523806,2.30677893873486,617.5556917266282,1198125,0.6297117013591924,5.446844689698958,-10.42560276390135,4.3455907063986645,11.29501445675064,0,0,0,0,0,12,12,1,1
252,2007,12,17,15,39431.625,53.24064562693869,152.87869659584135,433,503,983.9394363095515,991.9394363095515,8.0,19.407228603868404,0.7534116383425862,615.781334498246,1191250,-0.3890217484306777,-3.364165457484022,-52.86496701921361,0.6528547358081214,52.86899807305421,0,0,0,0,0,15,15,1,1
252,2007,12,17,18,39431.75,53.44962372143937,154.31389461719257,429,504,984.5083253647188,990.5083253647188,6.0,18.106664892499737,1.644927499223559,558.8752775153366,981250,0.5688890551672375,4.906279498629828,31.678993541231844,7.745767962774612,32.61219945233002,0,0,0,0,0,16,16,1,1
252,2007,12,17,21,39431.875,52.70225658575247,152.10272896905238,436,504,984.973132813815,988.973132813815,4.0,18.249981585986383,0.7556306642974232,473.2975622183604,703750,0.4648074490962608,4.048134770562695,-49.66035248899645,-27.701144609753044,56.863907903184305,0,0,0,0,0,17,17,1,1
252,2007,12,18,0,39432.0,51.540001590510045,152.59801821436662,437,509,986.2641022017777,990.2641022017777,4.0,16.52295108343138,2.1474360339636043,485.7439687054641,741250,1.2909693879626867,11.422237443822075,11.417996282228245,-43.0789529794181,44.56643163754412,0,0,0,0,0,15,15,1,1
252,2007,12,18,3,39432.125,51.756726272736806,153.20546094659878,435,509,986.2362572708603,988.2362572708603,2.0,15.503205686448714,2.0146719775655946,326.54833007009836,335000,-0.027844930917490275,-0.24563011689222491,13.936691351856375,8.032895047423384,16.085980501039636,0,0,0,0,0,16,16,1,1
252,2007,12,18,6,39432.25,51.65036055476115,153.66382555295567,434,510,987.100238759013,989.100238759013,2.0,14.766437971947532,2.381071283374331,309.34108930758305,300625,0.8639814881527854,7.632671218737329,10.54112502800462,-3.9424427359329597,11.254251267060637,0,0,0,0,0,13,13,1,1
252,2007,12,18,9,39432.375,51.859071159305806,154.27860079794402,432,510,988.2185927489758,990.2185927489758,2.0,14.581332995009163,2.191097120814666,301.8546089098361,286250,1.1183539899627795,9.851547848113633,14.072931790860435,7.735853454094875,16.05897997549788,0,0,0,0,0,16,16,1,1
252,2007,12,18,12,39432.5,52.286579295896566,153.97765310176015,432,508,989.3471230293534,991.3471230293534,2.0,14.495713323946315,1.7664660935412393,286.2949452790358,257500,1.1285302803775994,9.88355724584349,-6.8234133605603065,15.845578629387104,17.252284833875255,0,0,0,0,0,16,16,1,1
252,2007,12,18,15,39432.625,52.603758687846245,154.13840872028467,431,507,989.852518209673,991.852518209673,2.0,14.259910664262451,1.8681271061496227,293.16150714175194,270000,0.5053951803196105,4.407402414333025,3.6186787902004163,11.75624640700367,12.3005758307826,0,0,0,0,0,14,14,1,1
252,2007,12,18,18,39432.75,52.706607148851155,154.45378141608737,430,507,990.619662131419,992.619662131419,2.0,13.838280748707064,2.623467665770877,286.98899464971794,258750,0.7671439217460283,6.680879120483595,7.082490872412846,3.8120756923155272,8.043233059022608,0,0,0,0,0,13,13,1,1
252,2007,12,18,21,39432.875,52.81696509392066,153.98509715043187,431,506,991.4418031999702,991.4418031999702,0.0,14.074833195057472,2.0817278343663927,14.104739588693906,625,0.8221410685511364,7.149362064226597,-10.498841106179057,4.090414535549162,11.267526598390036,0,0,0,0,0,14,14,1,1
252,2007,12,19,0,39433.0,52.706607148851155,154.45378141608737,430,507,992.6039044454744,992.6039044454744,0.0,13.318656233760322,2.260840290593478,14.104739588693906,625,1.1621012455043092,10.120471174831302,10.525479448534316,-4.090414535549162,11.292351778710675,0,0,0,0,0,13,13,1,1
252,2007,12,19,3,39433.125,52.71240856779408,153.67008750081828,432,506,993.1009754345882,993.1009754345882,0.0,12.926892957540643,1.5661861339949246,14.104739588693906,625,0.4970709891137085,4.328542587430307,-17.59741466571671,0.2150294512642055,17.59872837968961,0,0,0,0,0,14,14,1,1
252,2007,12,19,6,39433.25,52.39013494287945,154.29004621918875,431,508,994.1393841305104,994.1393841305104,0.0,12.132080463082895,1.3484399009379557,14.104739588693906,625,1.0384086959222623,9.081603807214611,14.023467574037111,-11.945064027286163,18.42124310181146,0,0,0,0,0,14,14,1,1
252,2007,12,19,9,39433.375,52.39013494287945,154.29004621918875,431,508,,,,12.132080463082895,,0.0,0,0.0,,0.0,0.0,0.0,0,3,0,0,0,14,14,0,0
267,2007,12,13,21,39427.875,39.01430093717004,-73.21339568197413,149,296,1010.4760981926028,1014.4760981926028,4.0,10.215432204682436,9.103384873954928,262.363322298001,216250,,,,,,3,0,0,0,0,7,7,1,1
267,2007,12,14,0,39428.0,39.9702911652125,-70.3907779721036,156,287,1008.7269617632479,1014.7269617632479,6.0,12.38593508550941,17.415146428810186,245.51972363957924,189375,-1.7491364293548395,-18.864500839575726,80.17527855231442,35.43375442669889,87.6562960871198,0,0,0,0,0,8,8,1,1
267,2007,12,14,3,39428.125,40.46424100213871,-67.32865637801915,162,277,1006.3335309026791,1016.3335309026791,10.0,14.669468078364433,22.321425236218857,378.7326134115871,450625,-2.3934308605689147,-25.551396823062035,86.345805307411,18.308238627700288,88.26545018201709,0,0,0,0,0,4,4,1,1
267,2007,12,14,6,39428.25,40.475824498687764,-63.494818999159904,168,264,1004.8314844284617,1016.8314844284617,12.0,15.869129939712328,24.16830062403671,499.674210836832,784375,-1.5020464742173498,-16.031502215035136,108.08494675185872,0.42934201635345365,108.08579947855843,0,0,0,0,0,4,4,1,1
267,2007,12,14,9,39428.375,40.71372194686516,-60.00492038286022,175,253,1004.2823538229802,1016.2823538229802,12.0,16.332233219774512,18.35278548167058,542.803452825119,925625,-0.5491306054814777,-5.832600582927894,98.04030181164882,8.817663099671066,98.4360297952863,0,0,0,0,0,4,4,1,1
267,2007,12,14,12,39428.5,40.97579618299382,-58.89717631501536,178,250,1003.965059868731,1015.965059868731,12.0,16.468928295513084,13.104597952926197,552.4306321871637,958750,-0.3172939542491804,-3.352359903896405,30.998417136901498,9.713775153918071,32.484754774112496,0,0,0,0,0,3,3,1,1
267,2007,12,14,15,39428.625,41.29750870724136,-55.442452399360796,186,240,1002.312300703123,1014.312300703123,12.0,16.870848109615757,12.50777581843453,487.7874946350957,747500,-1.652759165608004,-17.350286703328788,96.19614039028622,11.924266844780567,96.93237625155584,0,0,0,0,0,2,2,1,1
267,2007,12,14,18,39428.75,41.92554782752795,-52.22159574249205,195,232,998.3784148902243,1012.3784148902243,14.0,18.468406117904237,19.030686834091757,493.26272842343866,764375,-3.9338858128986613,-40.79050231002766,88.8158563943782,23.27825463672696,91.81575837512378,0,0,0,0,0,3,3,1,1
267,2007,12,14,21,39428.875,42.73336453658594,-48.958794061465014,205,225,996.8804780564678,1010.8804780564678,14.0,18.674809525484566,19.482570618600803,454.2076562354155,648125,-1.4979368337565393,-15.293548202662254,88.82408364636495,29.94170656865051,93.73485812577734,0,0,0,0,0,4,4,1,1
267,2007,12,15,0,39429.0,43.52739237945492,-46.607880369913744,213,221,993.9459999530081,1007.9459999530081,14.0,20.410308249972335,29.46327193140059,354.02615395598616,393750,-2.9344781034596963,-29.520288394545545,63.1758407897333,29.430622580517948,69.69467988997886,0,0,0,0,0,3,3,1,1
267,2007,12,15,3,39429.125,44.22733377597871,-43.77678844613687,222,216,989.8865879646489,1005.8865879646489,16.0,23.083117722370268,31.16758314861115,350.9218391855286,386875,-4.059411988359207,-40.32135849257891,75.1899197572195,25.94331074731754,79.53979762124737,0,0,0,0,0,2,2,1,1
267,2007,12,15,6,39429.25,44.987833422186206,-41.06193833938047,231,212,987.3451131657389,1003.3451131657389,16.0,24.619442402332865,33.422411174607184,326.54833007009836,335000,-2.5414747989100577,-24.906555195711473,71.16500270617172,28.187900791085173,76.54420527497486,0,0,0,0,0,2,2,1,1
267,2007,12,15,9,39429.375,46.507685784076,-38.35265856396079,242,211,983.5357582725985,999.5357582725985,16.0,28.05178133180645,48.3711910235008,273.1371076480198,234375,-3.8093548931404073,-36.379319418075,69.11098471101,56.33329063029845,89.1614706078984,0,0,0,0,0,2,2,1,1
267,2007,12,15,12,39429.5,47.96550856147693,-35.90099428894766,252,211,982.8434900592481,998.8434900592481,16.0,28.373454768949404,40.83594828945068,321.01841949022526,323750,-0.6922682133503258,-6.457391176660354,60.84256514406613,54.0341655979543,81.37265379214985,0,0,0,0,0,1,1,1,1
267,2007,12,15,15,39429.625,49.729728656967254,-33.6449171968598,262,213,978.1022639193523,996.1022639193523,18.0,31.424891046389785,33.146678176889836,321.9466674599954,325625,-4.74122613989588,-43.051131985437365,54.05036318678934,65.39077470096777,84.83746328489883,0,0,0,0,0,2,2,1,1
267,2007,12,15,18,39429.75,51.97020545777778,-32.497571561320264,270,219,973.280368208046,997.280368208046,24.0,34.38327363772257,45.016437904897685,443.7952704527398,618750,-4.821895711306279,-42.41142129688083,26.19897906359936,83.04321783832052,87.07791070597453,0,0,0,0,0,0,0,1,1
267,2007,12,15,21,39429.875,54.0543293589633,-31.524240844075024,277,225,967.8017840790161,995.8017840790161,28.0,39.06901264380595,54.55813666044661,424.7845533095999,566875,-5.478584129029914,-46.88483697874828,21.177370630603484,77.24800143683193,80.0982818343236,0,0,0,0,0,0,0,1,1
267,2007,12,16,0,39430.0,55.87337508361327,-31.09471808574893,282,231,966.6502539347546,994.6502539347546,28.0,39.358170534884515,56.37541229485702,439.5159976357948,606875,-1.1515301442614874,-9.637638993469801,8.931623964534941,67.42288530518405,68.01190608650708,0,0,0,0,0,2,2,1,1
267,2007,12,16,3,39430.125,57.5612382883138,-30.96375653207352,286,237,963.7822551677137,991.7822551677137,28.0,42.27896206811665,53.96670651876476,376.6256006044354,445625,-2.8679987670408447,-23.543716609643884,2.603721440529432,62.56060841090825,62.61476734830911,0,0,0,0,0,2,2,1,1
267,2007,12,16,6,39430.25,59.440870675397754,-31.036651886525217,290,244,962.7869147305091,1000.7869147305091,38.0,43.31723761750853,35.800193112340345,902.1521990419243,2556875,-0.995340437204577,-8.00822369127066,-1.3737016059956686,69.66852846684573,69.68207025367435,0,0,0,0,0,2,2,1,1
267,2007,12,16,9,39430.375,61.069453725111146,-31.886561770143313,292,251,961.4397523203124,1001.4397523203124,40.0,44.149258196165,28.646169796642788,913.4384430049248,2621250,-1.347162410196761,-10.664240163943921,-15.238901997156496,60.36339091581731,62.25723329007415,0,0,0,0,0,2,2,1,1
267,2007,12,16,12,39430.5,62.49018744560754,-32.57957005474342,294,257,959.2701107480101,997.2701107480101,38.0,46.14318416349442,27.2655089275544,625.398491082552,1228750,-2.169641572302353,-16.94799843547149,-11.86447458542871,52.659460610682494,53.97948266699399,0,0,0,0,0,2,2,1,1
267,2007,12,16,15,39430.625,63.70915977565251,-33.0754760623881,296,262,959.2588329440229,991.2588329440229,32.0,45.76436649555049,25.175965365403023,441.77341360298794,613125,-0.011277803987177322,-0.0871499481436217,-8.141323299857111,45.18117960703244,45.90882416002091,0,0,0,0,0,2,2,1,1
267,2007,12,16,18,39430.75,64.66544407208939,-34.469072147325164,296,267,958.1068825193832,998.1068825193832,40.0,46.862524670357864,33.258332658587896,579.3254579638584,1054375,-1.1519504246396537,-8.830193717817307,-22.102290024965406,35.44465406454722,41.771218872605445,0,0,0,0,0,3,3,1,1
267,2007,12,16,21,39430.875,64.96203455751127,-36.19829167679219,294,270,958.3219839765774,1004.3219839765774,46.0,47.728820397255504,43.46116216289585,799.2547483969644,2006875,0.21510145719410503,1.6448358632908773,-27.12471454132434,10.993119089986964,29.267709276179577,0,0,0,0,0,2,2,1,1
267,2007,12,17,0,39431.0,65.14699023019789,-36.505624210191016,294,271,966.7092832510897,1006.7092832510897,40.0,40.33237429875202,39.55316196990214,844.2838393412646,2239375,8.387299274512333,64.03969296595967,-4.787653542495547,6.855377485627791,8.361688042101461,0,0,0,0,0,3,3,1,1
267,2007,12,17,3,39431.125,65.41526649310603,-38.29016319224307,292,274,976.0311782618015,1004.0311782618015,28.0,31.834873956874254,24.07547734230495,648.5113238181223,1321250,9.321895010711888,71.02237482380708,-27.51748728762572,9.94365312484925,29.258987407153505,0,0,0,0,0,2,2,1,1
267,2007,12,17,6,39431.25,65.41526649310603,-38.29016319224307,292,274,,,,31.834873956874254,,0.0,0,0.0,,0.0,0.0,0.0,0,3,0,0,0,2,2,0,0
272,2007,12,14,3,39428.125,73.83215495674874,11.62216796356957,374,289,994.3775141948691,994.3775141948691,0.0,17.131347621520533,8.182358935975717,14.104739588693906,625,,,,,,3,0,0,0,0,6,6,1,1
272,2007,12,14,6,39428.25,74.08236572529657,20.22485943116808,384,293,991.65633172595,997.65633172595,6.0,19.416354979908697,8.90998680591365,370.2326224657882,430625,-2.7211824689191415,-19.6046056257537,87.37266059104007,9.274056018117896,87.86347326269475,0,0,2,0,0,6,6,1,2
272,2007,12,14,9,39428.375,74.27498395273358,24.918022515819246,389,296,989.7689462425628,995.7689462425628,6.0,21.72384475374262,10.413390085237843,239.78057300779642,180625,-1.8873854833871884,-13.584614687050214,47.13238225249158,7.13938989008819,47.670036131700975,0,0,0,2,0,6,6,1,1
272,2007,12,14,12,39428.5,74.16234645171033,29.291362170984254,394,298,987.5127081589358,995.5127081589358,8.0,24.383232924064565,10.655892507562749,266.8741970172897,223750,-2.256238083627104,-16.248487256480082,44.22856297833749,-4.174906221235579,44.425168824494946,0,0,0,0,0,6,6,1,1
272,2007,12,14,15,39428.625,73.89198729461634,32.47119229084849,398,299,986.4563645640523,996.4563645640523,10.0,26.172981931451375,12.967592405521719,318.8419983313807,319375,-1.0563435948835105,-7.617628434738174,32.696357556352055,-10.02085554691729,34.197504928649444,0,0,0,0,0,4,4,1,1
272,2007,12,14,18,39428.75,73.12420562710399,36.335864566891935,404,299,986.9746295373195,996.9746295373195,10.0,26.75545711429081,5.982932328555035,334.96900584947593,352500,0.5182649732673599,3.7522299244102766,41.57621542994651,-28.457808732691152,50.382820160683295,0,0,0,0,0,5,5,1,1
272,2007,12,14,21,39428.875,71.67091527333278,41.0206175473218,413,298,988.0606924783746,998.0606924783746,10.0,27.766682059201173,3.956095643820154,357.1034838143996,400625,1.0860629410549882,7.926613881475739,54.59170272131307,-53.86617142694425,76.69301422039146,0,0,0,0,0,7,7,1,1
272,2007,12,15,0,39429.0,70.58536342042585,43.59137126466154,419,297,988.9305949681371,1000.9305949681371,12.0,28.22947291067553,6.721537800595979,398.19356104198965,498125,0.8699024897626078,6.390223573762162,31.670542982096414,-40.23595288428369,51.20503097633194,0,0,0,0,0,6,6,1,1
272,2007,12,15,3,39429.125,69.4550560311091,46.776044253358734,426,297,990.6318252165834,1004.6318252165834,14.0,27.4426634949626,7.344215673622312,509.5306672994809,815625,1.701230248446227,12.587039999329793,41.42045907303354,-41.894815746959985,58.91375065545032,0,0,0,0,0,7,7,1,1
272,2007,12,15,6,39429.25,67.98517323800824,52.485038950373344,437,300,993.3440459945464,1007.3440459945464,14.0,25.240757104499643,7.551003640283308,562.0698907052505,992500,2.712220777962939,20.268668526488472,79.29072456502038,-54.481169784982804,96.20403766571364,0,0,0,0,0,8,8,1,1
272,2007,12,15,9,39429.375,67.20142323210388,54.65989307844234,442,301,995.4213969900264,1011.4213969900264,16.0,23.712685667132213,9.347996481103328,728.6842106772561,1668125,2.077350995480083,15.612034797935596,31.234546401549895,-29.049674804736103,42.655368890345954,0,0,0,0,0,8,8,1,1
272,2007,12,15,12,39429.5,66.44887070684146,55.929488002180385,446,301,998.0541721912529,1014.0541721912529,16.0,21.43259965180615,9.462074986107254,834.4476472655682,2187500,2.632775201226468,19.89781229854957,18.802315518686445,-27.893340947577265,33.63875054281933,0,0,0,0,0,5,5,1,1
272,2007,12,15,15,39429.625,65.68417544365072,57.121015452585766,450,301,1000.6612657409496,1014.6612657409496,14.0,18.835810958215156,9.201299508719966,849.2177788324682,2265625,2.6070935496967285,19.82078390949528,18.184937883359982,-28.343411231978642,33.67552413974746,0,0,0,0,0,6,6,1,1
272,2007,12,15,18,39429.75,64.98068005465512,57.52880770915151,453,300,1003.2573812678082,1017.2573812678082,14.0,16.494509079386038,9.653177898896828,972.7158560861018,2972500,2.59611552685863,19.848936356080397,6.392402439982711,-26.075039391383704,26.84716909130102,0,0,0,1,0,4,4,1,2
272,2007,12,15,21,39429.875,63.85998678954469,65.7609648734209,465,312,1004.7589247204894,1018.7589247204894,14.0,14.577394786948444,1.7896610441974916,1067.4036016704767,3579375,1.5015434526812168,11.588242224805015,134.33443283476782,-41.53846846833498,140.61004305430535,0,0,1,0,0,5,5,1,1
272,2007,12,16,0,39430.0,63.19716022738009,67.43588830667478,469,314,1006.1151513033407,1018.1151513033407,12.0,13.63579458194674,1.795896692803726,957.5653585464452,2880625,1.3562265828512319,10.52722154169836,27.99287914651238,-24.567650319319466,37.2447409055776,0,0,0,0,0,5,5,1,1
272,2007,12,16,3,39430.125,62.23874705515447,70.2362636469036,475,318,1007.0740061670621,1017.0740061670621,10.0,13.297586398628102,1.7443195420222763,846.1668276614631,2249375,0.9588548637213534,7.5072551615593195,48.343123695142964,-35.52356079360239,59.991507566160216,0,0,0,0,0,6,6,1,1
272,2007,12,16,6,39430.25,61.31152992315488,75.14138555207533,482,327,1008.3594156641742,1018.3594156641742,10.0,12.613870722856394,1.1533301115361974,910.2749158755173,2603125,1.285409497112123,10.151782830016588,87.25597503563597,-34.3672803254242,93.78014254833384,0,0,0,0,0,7,7,1,1
272,2007,12,16,9,39430.375,60.85800984869632,77.20560060923482,485,331,1008.3108027442789,1018.3108027442789,10.0,12.917179561403149,1.574416023037702,867.5274849512264,2364375,-0.04861291989524034,-0.3856127602809291,37.257005837118335,-16.809710470417794,40.87359600091902,0,0,0,0,0,6,6,1,1
272,2007,12,16,12,39430.5,60.82200469532949,79.03889596797876,486,335,1008.1211051412698,1018.1211051412698,10.0,13.22598228109722,3.0173468529646197,844.4016491289505,2240000,-0.1896976030091173,-1.50526793064856,33.126714620025965,-1.3345301291503402,33.15358490694863,0,0,0,0,0,7,7,1,1
272,2007,12,16,15,39430.625,60.526483055308994,80.93581009187487,488,339,1007.5480778586087,1013.5480778586087,6.0,12.947335279023868,3.1799831266295953,478.93847384731384,720625,-0.5730272826610598,-4.560218286485743,34.592359331899104,-10.953502361319469,36.285128332784744,0,0,0,0,0,6,6,1,1
272,2007,12,16,18,39430.75,60.02224648811017,83.70763443623187,491,345,1007.3688538452765,1013.3688538452765,6.0,12.310072842197433,1.9126975318515906,475.81289027118754,711250,-0.17922401333227753,-1.4334708730280818,51.33049456922515,-18.689516033725855,54.62707828811778,0,0,0,0,0,8,8,1,1
272,2007,12,16,21,39430.875,59.67986488952555,86.35687178779398,493,351,1006.6597483336025,1016.6597483336025,10.0,12.506233279176847,2.908020984535615,886.020178551693,2466250,-0.709105511673988,-5.69129234025467,49.56804410377939,-12.690365579687828,51.16675067678565,0,0,2,0,0,6,6,1,2
272,2007,12,17,0,39431.0,59.49959721168277,88.5093681647377,494,356,1005.3844669758546,1015.3844669758546,10.0,12.665432785304738,3.678170712021965,777.6816725043752,1900000,-1.275281357747881,-10.254347711857829,40.4912555301903,-6.68161707137093,41.03883259913228,0,0,0,0,0,6,6,1,1
272,2007,12,17,3,39431.125,59.2755981928567,90.63424471442613,495,361,1004.8787154104712,1014.8787154104712,10.0,13.115768828140915,3.5080165310825397,759.0394548326597,1810000,-0.5057515653833979,-4.076091151822306,40.236727008152755,-8.302518155605975,41.08437669057152,0,0,0,0,0,6,6,1,1
272,2007,12,17,6,39431.25,59.2601447379132,91.90211277465693,495,364,1005.0329574747864,1013.0329574747864,8.0,11.315576192832339,2.432946827503547,658.405859820939,1361875,0.15424206431518542,1.243309120165221,24.019937730392215,-0.5727819296157298,24.02676606850813,0,0,0,0,0,8,8,1,1
272,2007,12,17,9,39431.375,58.932111296388676,94.81574453739447,496,371,1005.0228076218341,1013.0228076218341,8.0,10.532226253469586,3.644791782489556,661.1197035833356,1373125,-0.01014985295230872,-0.08209645123061766,55.72610010747921,-12.158551489093908,57.037080986861014,0,0,0,0,0,10,10,1,1
272,2007,12,17,12,39431.5,58.13022197317495,101.71003616246391,497,388,1005.1840945472848,1013.1840945472848,8.0,11.715285264761949,3.901671466932094,682.4420504501893,1463125,0.16128692545069498,1.3157823900014207,134.86224347783667,-29.722008157268597,138.09859696889046,0,0,0,0,0,10,10,1,1
272,2007,12,17,15,39431.625,57.700598308035595,104.86655895418448,497,396,1004.8952349044083,1012.8952349044083,8.0,11.496403863691421,2.4830683130994293,679.9596382741817,1452500,-0.28885964287648674,-2.36762742749544,62.510640987280574,-15.923990643312031,64.50700515950939,0,0,0,0,0,11,11,1,1
272,2007,12,17,18,39431.75,57.6891015137159,107.79835524695852,495,403,1004.338605992925,1012.338605992925,8.0,11.994942456889062,2.7562196245926316,637.6839966627614,1277500,-0.5566289114832762,-4.562967269836887,58.079388241777586,-0.42612840034227056,58.08095147251559,0,0,0,0,0,10,10,1,1
272,2007,12,17,21,39431.875,57.80917528392758,110.86344843327721,492,410,1004.0035976894599,1012.0035976894599,8.0,11.905327950382745,7.544262991955911,610.9159856727393,1172500,-0.33500830346514704,-2.742602629062134,60.51823240680561,4.450531356874639,60.6816585386611,0,0,0,0,0,11,11,1,1
272,2007,12,18,0,39432.0,57.94287383086149,111.38704881118473,491,411,1005.3050768188697,1011.1432784271196,5.838201608249947,10.378484762541786,7.188570786972997,480.5971401934401,725625,1.301479129409854,10.63918149292949,10.30064648791037,4.955533372933183,11.43068804049672,0,0,0,1,0,9,10,2,0
272,2007,12,18,3,39432.125,57.75484633760724,117.91824313085768,485,426,1005.1559262341129,1011.1553966185279,5.99947038441489,10.573831770118723,19.011335443805656,441.9985210894959,613750,-0.14915058475671686,-1.221776551202917,129.10927993926435,-6.969234439854963,129.2972404775639,0,0,1,0,0,12,10,2,0
272,2007,12,18,6,39432.25,56.98804985959449,119.47588900324574,486,431,1005.8291356048561,1009.8291356048561,4.0,9.276615626319403,20.547749727582485,213.90896694369758,143750,0.673209370743134,5.56209248609325,31.453664957557777,-28.42129270797816,42.39225068871516,0,0,0,2,0,9,9,1,1
272,2007,12,18,9,39432.375,56.98804985959449,119.47588900324574,486,431,,,,9.276615626319403,,0.0,0,0.0,,0.0,0.0,0.0,0,3,0,0,0,9,9,0,0
296,2007,12,12,9,39426.375,41.419581985300425,-172.75663904023108,333,568,1009.0597448535915,1011.0597448535915,2.0,8.3538810850001,7.975614368186434,140.3403869441083,61875,,,,,,3,0,0,0,0,23,23,1,1
296,2007,12,12,12,39426.5,42.08795956048705,-172.10423490570622,331,565,1009.8511512198096,1013.8511512198096,4.0,8.443858184251159,10.756423726192443,237.69729657196956,177500,0.7914063662179979,8.180313259931228,17.945335412789618,24.773398481248087,30.590134608860843,0,0,0,0,0,29,29,1,1
296,2007,12,12,15,39426.625,42.50475547231596,-171.4761184197572,329,563,1009.2137290487249,1013.2137290487249,4.0,9.541141627219028,12.232645851181077,218.96444142013897,150625,-0.6374221710846177,-6.536196559042407,17.163299030273816,15.448530280522895,23.091901641719137,0,0,0,0,0,25,25,1,1
296,2007,12,12,18,39426.75,42.79214676740452,-170.0082421062546,324,561,1009.4689288408332,1013.4689288408332,4.0,10.942191841279646,9.051593719842277,211.57109383040859,140625,0.2551997921083239,2.6026350954938544,39.92445622706112,10.652151325218757,41.32106645383054,0,0,0,0,0,29,29,1,1
296,2007,12,12,21,39426.875,43.185848976961616,-167.91509941343136,317,558,1009.8271168676064,1013.8271168676064,4.0,12.331859335729193,6.846459575915506,217.59732436277534,148750,0.35818802677313216,3.6261235394862656,56.566691930486066,14.592562770500813,58.41860597591767,0,0,0,0,0,28,28,1,1
296,2007,12,13,0,39427.0,43.558978052818674,-167.2398512350464,315,556,1008.321794980788,1018.321794980788,10.0,13.85370725326468,10.130437692658015,535.6087983996728,901250,-1.5053218868184195,-15.134469007937758,18.13691778836699,13.830020072959194,22.80827135230632,0,0,2,0,0,25,25,1,2
296,2007,12,13,3,39427.125,43.62949730880152,-166.34365064830578,312,555,1008.5950798313503,1018.0768520749208,9.481772243570449,14.264427210648119,14.581984730916156,520.7304814323977,851875,0.2732848505623406,2.7440495425602416,24.04337622561827,2.6137944986804915,24.185033843432144,0,0,0,0,0,25,24,2,0
296,2007,12,13,6,39427.25,44.80515813897634,-158.33404127670977,287,542,1006.945688114556,1016.945688114556,10.0,16.76684332349566,10.647793004651467,470.5574508777854,695625,-1.1311639603647927,-11.120980666168457,25.207945301953515,27.1931696051513,37.07976509527541,0,0,0,0,2,24,24,1,1
296,2007,12,13,9,39427.375,45.55694164687703,-156.68463835825747,283,537,1006.6064484960511,1016.6064484960511,10.0,17.422496770948204,9.943320068977554,461.59363087490163,669375,-0.3392396185047983,-3.292012004061921,42.80603341433405,27.864837337868767,51.07646871637632,0,0,0,0,0,19,19,1,1
296,2007,12,13,12,39427.5,46.48595482838254,-154.85521436932106,279,531,1005.607008695989,1013.607008695989,8.0,17.63359492328841,9.123484202918625,383.1715477462718,461250,-0.999439800062246,-9.548081203379763,46.68665371298279,34.43385085644473,58.011496444410476,0,0,0,0,0,20,20,1,1
296,2007,12,13,15,39427.625,47.894613363135235,-152.24872582623306,274,522,1004.130369793526,1012.130369793526,8.0,17.417098008896755,8.972205767766791,377.68057634211374,448125,-1.4766389024628734,-13.789294787580005,64.77320036722251,52.211894146352286,83.1964505021834,0,0,0,0,0,18,18,1,1
296,2007,12,13,18,39427.75,49.02468296054076,-150.3544180482013,271,515,1002.9305042282768,1010.9305042282768,8.0,17.806650453246213,10.372935581038256,372.10858696078077,435000,-1.1998655652492016,-11.010594743744274,46.03949820677343,41.88600199558446,62.24204815320267,0,0,0,0,0,19,19,1,1
296,2007,12,13,21,39427.875,50.10114508019511,-148.36021844476448,268,508,1001.8295600475193,1009.8295600475193,8.0,18.289568205465745,8.836099588732832,382.6519928662906,460000,-1.1009441807575058,-9.942367110112547,47.410181722004396,39.89904214353728,61.96498119813516,0,0,0,0,0,19,19,1,1
296,2007,12,14,0,39428.0,51.053614258860314,-146.72950350588334,266,502,997.6603592674693,1015.6603592674693,18.0,20.880942611069752,9.22062559862039,916.5910515853525,2639375,-4.169200780050014,-37.14001389347523,37.99289398067002,35.30324681762691,51.86308155993738,0,0,2,0,0,21,21,1,2
296,2007,12,14,3,39428.125,52.239196305716625,-145.58957085806767,266,496,994.7184619133527,1014.7184619133527,20.0,23.72037551311231,11.28697693590875,881.8564739699843,2443125,-2.9418973541166635,-25.781343250352958,25.873176980060904,43.94356957709789,50.9946918239418,0,0,0,0,0,19,19,1,1
296,2007,12,14,6,39428.25,53.018064757687945,-144.7908965530836,266,492,991.3596574664215,1015.3596574664215,24.0,26.936134924449345,13.2617333998924,904.9045155196218,2572500,-3.3588044469311717,-29.130877874232148,17.80788907171231,28.86874012757048,33.91939076315506,0,0,0,0,0,17,17,1,1
296,2007,12,14,9,39428.375,53.59592410021805,-144.17042483778903,266,489,988.0447128829936,1016.0447128829936,28.0,29.604216049711265,10.378036839851047,948.3798670090342,2825625,-3.3149445834278595,-28.53521111223547,13.648584027166844,21.41834240116939,25.397425797910394,0,0,0,0,0,18,18,1,1
296,2007,12,14,12,39428.5,54.16821406677295,-143.53076560994813,266,486,984.7651970098424,1018.7651970098424,34.0,32.089364394610264,7.0864907519704134,1109.3536845650626,3866250,-3.279515873151249,-28.02523066735831,13.879352804529798,21.21191361682952,25.349195520971605,0,0,0,0,0,16,16,1,1
296,2007,12,14,15,39428.625,54.965121525925994,-142.12501634890182,265,481,980.7450255860246,1016.7450255860246,36.0,34.45709170928846,6.13078735283816,1052.2929803822992,3478750,-4.020171423817811,-34.01620876858159,29.91113556170514,29.53735548767486,42.03726203971873,0,0,0,0,0,14,14,1,1
296,2007,12,14,18,39428.75,55.10918609012659,-142.4200148952612,266,481,977.9785996618303,1011.9785996618303,34.0,36.655608726568644,12.187906970376424,904.134711453856,2568125,-2.766425924194191,-23.366669506934286,-6.254465665157452,5.3397495494554805,8.223823077349333,0,0,0,0,0,14,14,1,1
296,2007,12,14,21,39428.875,54.82004277652525,-141.83236167741697,264,481,977.3515542656482,1009.3515542656482,32.0,35.78057168106072,7.826442762523147,867.0687184014544,2361875,-0.6270453961820749,-5.315123982759693,12.549211610584079,-10.717089848555672,16.50268847398003,0,0,0,0,0,16,16,1,1
296,2007,12,15,0,39429.0,54.26135055554181,-140.1710524180025,259,480,977.5903535180788,1007.5903535180788,30.0,32.88468971171407,6.9553387067727455,882.5330037771747,2446875,0.23879925243047181,2.0382785867768134,35.96525272526274,-20.707913509712874,41.50080825137949,0,0,0,0,0,13,13,1,1
296,2007,12,15,3,39429.125,55.003386498220934,-138.69138598645128,258,475,978.5365700612962,1004.5365700612962,26.0,30.08764507997483,3.591193574265853,847.9283315337666,2258750,0.9462165432174515,8.00255492178525,31.453869446828822,27.50354407127703,41.782661950369196,0,0,0,0,0,15,15,1,1
296,2007,12,15,6,39429.25,55.70470140272231,-137.6879689656036,258,471,979.7978980777668,1001.7978980777668,22.0,27.19467707052268,6.235081324285274,792.8821004493585,1975000,1.2613280164706522,10.57773367923152,20.955746907740814,25.99421978692202,33.389261608967885,0,0,0,0,0,17,17,1,1
296,2007,12,15,9,39429.375,56.050638996069296,-137.1713117909148,258,469,980.0118633169662,1000.0118633169662,20.0,25.06257778499574,6.670264669217139,762.9608144319125,1828750,0.21396523919931495,1.7870264234944488,10.694419526864188,12.822168438604429,16.696664711388248,0,0,0,0,0,13,13,1,1
296,2007,12,15,12,39429.5,56.40126743269202,-136.09643608399304,257,466,981.3138052591743,997.3138052591743,16.0,22.239416740904957,6.7662383819979,687.5246766356312,1485000,1.3019419422080682,10.82933819380353,22.04629477187254,12.996034429920478,25.59171788043884,0,0,0,0,0,11,11,1,1
296,2007,12,15,15,39429.625,56.73751731253413,-135.5535651858824,257,464,982.2391471447377,996.2391471447377,14.0,19.8537041627524,7.11004491235144,656.2873339798977,1353125,0.9253418855633936,7.667079750616815,11.03611727834773,12.463093574427866,16.647059380755223,0,0,0,0,0,10,10,1,2
296,2007,12,15,18,39429.75,57.06870324191311,-134.44103451916786,256,461,984.8765027787551,996.8299900715683,11.953487292813225,16.845118763453367,6.830033341554081,669.4924260083532,1408125,2.63735563401744,21.77008725534604,22.416959693493553,12.275398374335332,25.557885028858493,0,0,0,0,0,9,10,2,0
296,2007,12,15,21,39429.875,59.64512336158754,-144.11417505479122,281,468,985.2871894439659,995.2871894439659,10.0,19.953011629684486,3.2114857359247253,586.153336081634,1079375,0.4571993723975902,3.6707919563358113,-2.950862182823221,-18.99940614084735,19.22719483770017,0,0,0,0,2,10,10,1,1
296,2007,12,16,0,39430.0,59.91531315115134,-144.81351785925463,283,468,984.477626367934,990.477626367934,6.0,22.302711354037356,6.302749944982497,292.482105284911,268750,-0.8095630760319181,-6.48204320870421,-12.993667520993812,10.014577943551814,16.40509576423143,0,0,0,0,0,12,12,1,1
296,2007,12,16,3,39430.125,59.91531315115134,-144.81351785925463,283,468,984.0142587641838,994.0142587641838,10.0,23.748540411197865,8.957453612389946,374.2410318509555,440000,-0.46336760375023006,-3.710110944961505,0.0,0.0,0.0,0,0,0,0,0,15,15,1,1
296,2007,12,16,6,39430.25,59.85760637030299,-145.4138254709892,284,469,984.2080124839445,994.2080124839445,10.0,25.210343640128947,9.267889262402532,362.35732095655754,412500,0.1937537197607162,1.5522618164540516,-11.173009890059504,-2.138900421108481,11.375897547656868,0,0,0,0,0,14,14,1,1
296,2007,12,16,9,39430.375,59.4736759499365,-145.8968907553255,284,471,984.326361016956,994.326361016956,10.0,25.345914217766413,12.750080643841354,359.87822237672265,406875,0.11834853301144904,0.9518767184796111,-9.094441373148678,-14.230371643088807,16.88823084251469,0,0,0,0,0,14,14,1,1
296,2007,12,16,12,39430.5,59.15045349761172,-145.7842978675626,283,472,983.8717719977708,991.8717719977708,8.0,25.181491849620166,12.962278797408798,282.79914940409105,251250,-0.45458901918507766,-3.668518960836026,2.139983010686646,-11.980232292042864,12.169860026201373,0,0,0,0,0,12,12,1,1
296,2007,12,16,15,39430.625,58.95762722992663,-146.01968278103453,283,473,,,,25.525912877072454,,0.0,0,-1.6081967403509771,,-4.498995305031534,-7.147100896795953,8.445235934162959,0,2,2,0,0,12,11,0,0
299,2007,12,15,21,39429.875,52.49248838853297,-115.39591184917059,211,430,1000.9636318686383,1000.9636318686383,0.0,12.445990072687813,23.690134919222547,14.104739588693906,625,,,,,,3,0,0,0,0,9,9,1,1
299,2007,12,16,0,39430.0,52.262163617347,-114.4726313443449,209,428,1001.7087868879495,1001.7087868879495,0.0,12.247694278569384,11.75603982049637,14.104739588693906,625,0.7451550193112052,6.528146103583047,20.9450270698355,-8.53698201214938,22.618006561850315,0,0,0,0,0,10,10,1,1
299,2007,12,16,3,39430.125,51.569687532637175,-109.6194672085755,201,416,1003.9063319429337,1003.9063319429337,0.0,11.154081069329074,7.084825416083331,14.104739588693906,625,2.1975450549840754,19.435440740553055,111.7876100444495,-25.666609147473473,114.69631460765892,0,0,0,0,0,13,13,1,1
299,2007,12,16,6,39430.25,51.87899831305026,-108.32643421874312,201,412,1004.0981178024454,1004.0981178024454,0.0,10.686639198832815,8.196670938630486,14.104739588693906,625,0.19178585951172863,1.6889749028298227,29.585640814445533,11.464596512801611,31.729278523198857,0,0,0,0,0,11,11,1,1
299,2007,12,16,9,39430.375,52.097346724480545,-107.34373259765941,201,409,1004.3504491808396,1004.3504491808396,0.0,10.542693589198944,6.445474762254525,14.104739588693906,625,0.2523313783943013,2.215563754908852,22.37576855641217,8.093078530648453,23.794388804786863,0,0,0,0,0,10,10,1,1
299,2007,12,16,12,39430.5,52.075893317758826,-106.25330741937056,200,406,1004.1585401129306,1004.1585401129306,0.0,11.289373656819084,5.827523670622322,14.104739588693906,625,-0.19190906790900045,-1.6855247744911537,24.84049134553414,-0.7951699955657815,24.853215196618013,0,0,0,0,0,10,10,1,1
299,2007,12,16,15,39430.625,52.0401602981288,-105.16446089973844,199,403,1004.6337103829617,1006.6337103829617,2.0,11.57289878491219,4.570694954564533,158.3253092116782,78750,0.47517027003108525,4.17541912034065,24.82437898988268,-1.3244434988498868,24.859685090824748,0,0,0,0,0,9,9,1,1
299,2007,12,16,18,39430.75,51.585244969836445,-103.58185243592963,196,399,1005.1285462099618,1007.1285462099618,2.0,11.183546171295578,8.213390836318867,136.75052399642826,58750,0.4948358270000608,4.375464867940716,36.447247373736175,-16.86142551965103,40.158554651245325,0,0,0,0,0,10,10,1,1
299,2007,12,16,21,39430.875,51.28211547859504,-102.4371345401583,194,396,1004.9970503096156,1006.9970503096156,2.0,10.7374681400346,9.57740428427256,131.56025258885612,54375,-0.13149590034619904,-1.1676354991561366,26.538449629017922,-11.235487180796753,28.81883899295337,0,0,0,0,0,7,7,1,1
299,2007,12,17,0,39431.0,51.00888611266655,-100.98065001017355,192,392,1005.8393007880538,1007.8393007880538,2.0,10.366896575773513,6.8417033106910825,141.75087853467357,63125,0.8422504784382181,7.507662753496471,33.966526983305734,-10.127239767185799,35.444124204298035,0,0,0,0,0,7,7,1,1
299,2007,12,17,3,39431.125,50.94466405531585,-99.60011842987869,191,388,1006.1240957773132,1008.1240957773132,2.0,9.347979051735598,8.660842470979187,155.15213547563297,75625,0.2847949892593897,2.540916297832544,32.23984800695072,-2.3803889853580804,32.32760509584492,0,0,0,0,0,7,7,1,1
299,2007,12,17,6,39431.25,50.38434378714331,-98.13010235415598,188,384,1007.1852718176671,1009.1852718176671,2.0,8.723822374529647,4.894823355011104,192.8794129702041,116875,1.0611760403538937,9.543905895811665,34.7416585396317,-20.768257038968418,40.47596000740471,0,0,0,0,0,9,9,1,1
299,2007,12,17,9,39431.375,50.38434378714331,-98.13010235415598,188,384,,,,8.723822374529647,,0.0,0,0.0,,0.0,0.0,0.0,0,3,0,0,0,9,9,0,0
300,2007,12,16,0,39430.0,38.0204786929149,6.28365917470132,384,137,1012.6583972306096,1016.6583972306096,4.0,9.447282036155814,10.784705802313619,298.54106607209235,280000,,,,,,3,0,0,0,0,0,0,1,1
300,2007,12,16,3,39430.125,37.93323117890935,7.045769124867488,387,137,1011.9222995996104,1017.9222995996104,6.0,10.128565240117798,11.086347933018624,498.2787485166879,780000,-0.7360976309991384,-8.295882950644113,22.279591166505494,-3.2338269732556855,22.513058864569818,0,0,0,0,0,0,0,1,1
300,2007,12,16,6,39430.25,37.86953772802938,7.552470713530354,389,137,1011.4092322241335,1017.4092322241335,6.0,11.1654815239098,13.797248631344045,442.89780690443814,616250,-0.5130673754769668,-5.790575566370761,14.825808524455182,-2.3607961994458058,15.01259328361112,0,0,0,0,0,0,0,1,1
300,2007,12,16,9,39430.375,37.80143447597042,8.057986873656336,391,137,1012.020550852643,1018.020550852643,6.0,11.70997132530051,15.021004898178944,418.6518614313685,550625,0.6113186285096163,6.910024896480523,14.804784746579726,-2.5242453723175347,15.01843753831357,0,0,0,0,0,0,0,1,1
300,2007,12,16,12,39430.5,37.93882091157518,8.853039122593495,394,138,1009.5880929786376,1017.5880929786376,8.0,13.320251385665863,13.760096448115512,523.5879959240755,861250,-2.4324578740054856,-27.41057640090029,23.24085611994613,5.092224876343143,23.792186687635198,0,0,0,0,0,0,0,1,1
300,2007,12,16,15,39430.625,38.06526064095816,9.651833466804245,397,139,1008.9070840485938,1014.9070840485938,6.0,13.710097356187605,13.426736213727999,301.8546089098361,286250,-0.681008930043754,-7.652424339022798,23.31001623646937,4.6864854778992475,23.77645901052186,0,0,0,0,0,0,0,1,1
300,2007,12,16,18,39430.75,38.22557720228496,10.201445334658038,399,140,1008.6900440176134,1014.6900440176134,6.0,14.831277344750934,17.631521484794575,248.33956681952523,193750,-0.2170400309804245,-2.430182172229319,16.00331733764745,5.942129425547424,17.07088363030467,0,0,0,0,0,0,0,1,1
300,2007,12,16,21,39430.875,38.672488266383354,10.548065418142127,400,142,1008.7740154823966,1018.7740154823966,10.0,16.309537303394585,19.84447284127891,515.3540640031864,834375,0.0839714647832443,0.9310310627411914,10.030402255628468,16.564747663020942,19.36491245911725,0,0,0,0,0,0,0,1,1
300,2007,12,17,0,39431.0,38.82395421548269,11.10621500532343,402,143,1008.6949017630305,1016.6949017630305,8.0,16.96251483885946,16.2519017722235,274.9519921161698,237500,-0.07911371936614159,-0.8742862702187886,16.11734252496379,5.6140816997497325,17.067121708081622,0,0,0,0,0,0,0,1,1
300,2007,12,17,3,39431.125,39.26432969597874,11.463953015692551,403,145,1008.3366929960413,1018.3366929960413,10.0,17.693027811849827,17.38664244788968,436.7916986750201,599375,-0.3582087669892644,-3.9212310284974374,10.265993264091476,16.322506416606647,19.28250070448687,0,0,0,0,0,0,0,1,1
300,2007,12,17,6,39431.25,39.75213900100204,11.56895322080406,403,147,1008.2821612121255,1020.2821612121255,12.0,18.43718918315058,17.383503079478395,588.186243927897,1086875,-0.054531783915736015,-0.5908152653742077,2.9921086554562755,18.080639962866336,18.326545110108874,0,0,0,0,0,0,0,1,1
300,2007,12,17,9,39431.375,40.140696000027546,10.840305454330565,400,148,1009.1398105609259,1021.1398105609259,12.0,18.484440691137397,15.868665822183539,544.4502562297635,931250,0.8576493488003325,9.217116841296553,-20.64605157806883,14.40185566795697,25.172860235677284,0,0,0,0,0,0,0,1,1
300,2007,12,17,12,39431.5,40.275706172010615,10.054335599994348,397,148,1008.4593821869789,1018.4593821869789,10.0,17.71171742797411,21.969111397594535,295.19033070683855,273750,-0.6804283739469247,-7.292175530585448,-22.225932688511584,5.004148723308824,22.782308669650693,0,0,0,0,0,0,0,1,1
300,2007,12,17,15,39431.625,40.275706172010615,10.054335599994348,397,148,1009.9563169627171,1019.9563169627171,10.0,15.634145732172623,17.919151316709904,417.7003786980451,548125,1.496934775738191,16.042704214700965,0.0,0.0,0.0,0,0,0,0,0,1,1,1,1
300,2007,12,17,18,39431.75,40.03126634103745,10.007979801441337,397,147,1011.909718472665,1019.909718472665,8.0,14.27298615089429,12.716278314370355,301.8546089098361,286250,1.953401509947871,21.040805321468106,-1.3155966958192646,-9.060156358022907,9.155174924482518,0,0,0,0,0,1,1,1,1
300,2007,12,17,21,39431.875,39.98754285443294,10.26925166312799,398,147,1013.1485767984724,1021.1485767984724,8.0,14.010491008709398,10.917563658945946,316.6506184233564,315000,1.2388583258073778,13.3563355185088,7.419751874892875,-1.6206099618778245,7.594675406725029,0,0,0,0,0,0,0,1,1
300,2007,12,18,0,39432.0,39.98754285443294,10.26925166312799,398,147,1013.1832661335835,1021.1832661335835,8.0,14.32007316692272,11.914978219785116,290.09166854606434,264375,0.03468933511117939,0.3739914314713487,0.0,0.0,0.0,0,0,0,0,0,0,0,1,1
300,2007,12,18,3,39432.125,39.94269737192327,10.530092527639349,399,147,1013.8864457244026,1021.8864457244026,8.0,13.828293507525311,9.224810100043541,325.6331998352982,333125,0.7031795908190542,7.588178512275068,7.412372750505275,-1.6621967126672512,7.596457576004421,0,0,0,0,0,0,0,1,1
300,2007,12,18,6,39432.25,40.18682355784374,10.578758937980394,399,148,1014.8436225302644,1022.8436225302644,8.0,13.779210101004765,9.943153741163696,342.6029342114174,368750,0.9571768058618182,10.276925818242162,1.3780177253685317,9.048531111813757,9.15286010670388,0,0,0,0,0,0,0,1,1
300,2007,12,18,9,39432.375,40.18682355784374,10.578758937980394,399,148,1016.4323981471521,1024.432398147152,8.0,13.483914254649395,10.574389022013348,327.1569947736096,336250,1.588775616887724,17.058216472228438,0.0,0.0,0.0,0,0,0,0,0,0,0,1,1
300,2007,12,18,12,39432.5,40.140696000027546,10.840305454330565,400,148,1017.8026003133469,1023.8026003133469,6.0,11.53847484436144,6.62926741343137,284.9017742606504,255000,1.3702021661947947,14.725497640359388,7.410872975495358,-1.7097168025545988,7.6055354712120655,0,0,0,0,0,1,1,1,1
300,2007,12,18,15,39432.625,40.04507948922252,11.362019531955784,402,148,1018.1359237100149,1024.1359237100148,6.0,10.950306040264872,6.041012254894667,289.7485676944319,263750,0.3333233966679836,3.589318750387199,14.8034408387952,-3.544023634990964,15.221759562977077,0,0,0,0,0,1,1,1,1
300,2007,12,18,18,39432.75,39.75213900100204,11.56895322080406,403,147,1019.5162109643711,1025.516210964371,6.0,10.240247151511886,6.376013118057672,309.6624827338096,301250,1.3802872543562261,14.95448565803816,5.896826379244849,-10.857832032966003,12.355771032317675,0,0,0,0,0,0,0,1,1
300,2007,12,18,21,39432.875,39.70171655594351,11.827495446845788,404,147,1021.1615364474537,1025.1615364474537,4.0,9.618187993761206,5.426917701108905,198.47127856504602,123750,1.6453254830825608,17.844884603202953,7.372863264944598,-1.8689066931740592,7.606045289857294,0,0,0,0,0,1,1,1,1
300,2007,12,19,0,39433.0,39.89328585984741,12.14100063397093,405,148,1022.3823563193625,1026.3823563193625,4.0,8.944166399496599,3.559903517863931,217.13970592909533,148125,1.2208198719088978,13.187744433518212,8.915375516639834,7.100511564981042,11.39742010663512,0,0,0,0,0,1,1,1,1
300,2007,12,19,3,39433.125,39.597548590003434,12.343107752638105,406,147,1023.1865762674644,1025.1865762674645,2.0,8.023525003018348,4.223996642799175,134.55064019432646,56875,0.8042199481018178,8.741571569962588,5.772191295773722,-10.961494675454448,12.388404169828418,0,0,0,0,0,1,1,1,1
300,2007,12,19,6,39433.25,39.406782917641074,12.03059609653787,405,146,1024.2687848820913,1026.2687848820913,2.0,7.7280048061794835,5.286435537634097,136.02118266811544,58125,1.0822086146268703,11.810808949025628,-8.949881113811745,-7.070724981544021,11.405942473815783,0,0,0,0,0,1,1,1,1
300,2007,12,19,9,39433.375,39.406782917641074,12.03059609653787,405,146,,,,7.7280048061794835,,0.0,0,0.0,,0.0,0.0,0.0,0,3,0,0,0,1,1,0,0
302,2007,12,16,0,39430.0,59.952087583526435,-130.7184637649294,259,446,989.7652174558658,991.7652174558658,2.0,13.36190045340629,16.781163347065302,143.8406847937898,65000,,,,,,3,0,0,0,0,11,11,1,1
302,2007,12,16,3,39430.125,58.69485874562477,-124.66889515566031,246,438,991.5017874654063,993.5017874654063,2.0,13.659851712193934,29.116259238424174,162.05112036071435,82500,1.7365700095405918,14.08138813883044,116.46794639513574,-46.59915613529979,125.44426607072266,0,0,0,0,0,14,14,1,1
302,2007,12,16,6,39430.25,57.91312037918931,-122.28466301110524,240,435,993.282328384165,995.282328384165,2.0,12.49145868569886,16.18775287069999,141.75087853467357,63125,1.7805409187586339,14.56009764666267,46.94091745429161,-28.975113437009473,55.16345647381231,0,0,0,0,0,13,13,1,1
302,2007,12,16,9,39430.375,58.166810615516106,-118.30075576600638,236,426,995.7865989374156,997.3142517955831,1.5276528581674211,12.745993925525783,7.0289647662777845,251.12774876576967,198125,2.504270553250681,20.42179215415279,77.87345501700644,9.40302240626635,78.43909628914953,0,0,0,1,0,11,13,2,0
302,2007,12,16,12,39430.5,59.31856104380725,-115.14478563067895,237,417,998.2724542801294,998.2724542801294,0.0,12.233274601773374,9.005983580363244,14.104739588693906,625,2.4858553427137666,20.025765361438847,59.68307769747684,42.68960146222425,73.37896044811889,0,0,0,0,0,11,11,1,1
302,2007,12,16,15,39430.625,59.20525538421019,-114.58361514857606,236,416,999.6144373909437,1001.6144373909437,2.0,10.618138526393729,9.84535387184529,208.25398433773478,136250,1.3419831108143263,10.82358262580386,10.648703716766382,-4.199671502436271,11.446926730605446,0,0,0,0,0,10,10,1,1
302,2007,12,16,18,39430.75,58.07374913573769,-111.91486632719173,229,412,1001.0150596442077,1001.0150596442077,0.0,10.43124914675653,7.064025794918853,14.104739588693906,625,1.400622253263864,11.433319764309688,52.30665647416826,-41.939251432252995,67.04391935294642,0,0,0,0,0,11,11,1,1
302,2007,12,16,21,39430.875,57.76965528078022,-112.13866001630632,228,413,1001.9973869133653,1001.9973869133653,0.0,8.666305663758015,6.385044596086882,14.104739588693906,625,0.9823272691576858,8.045485095627862,-4.423874267158376,-11.271231298352767,12.108316089060157,0,0,0,0,0,9,9,1,1
302,2007,12,17,0,39431.0,59.08719723584733,-109.49832146067692,231,405,1004.35642346275,1004.35642346275,0.0,7.927853576728009,6.440571940993614,14.104739588693906,625,2.3590365493846184,19.049923774368327,50.272732300483135,48.834660348272145,70.08688653583596,0,0,0,0,0,8,8,1,1
302,2007,12,17,3,39431.125,59.08719723584733,-109.49832146067692,231,405,,,,7.927853576728009,,0.0,0,0.0,,0.0,0.0,0.0,0,3,0,0,0,8,8,0,0
303,2007,12,15,0,39429.0,72.14740590741896,-20.260491130251875,332,285,985.3049979781737,989.3049979781737,4.0,19.593354335091536,26.4669938109583,111.06083058226194,38750,,,,,,3,0,0,0,0,5,5,1,1
303,2007,12,15,3,39429.125,73.23006685508813,-19.163245775998433,335,289,984.1595080884873,1000.1595080884873,16.0,22.505602643232468,20.041984508407186,1240.0946083365732,4831250,-1.1454898896862868,-8.288696394177942,11.734144727840054,40.12880155233404,41.80921987457435,0,0,0,0,0,6,6,1,1
303,2007,12,15,6,39429.25,74.93433209535671,-16.004040485881607,341,295,983.5128510737893,993.5128510737893,10.0,24.020137332731927,15.716210078909935,316.3363249281201,314375,-0.6466570146979939,-4.639642437827526,30.432658550670347,63.16854945817873,70.11713304971946,0,0,0,0,0,7,7,1,1
303,2007,12,15,9,39429.375,75.76476006160328,-14.145795494102993,344,298,981.250193108684,991.250193108684,10.0,25.88557246743762,19.882142414258198,286.98899464971794,258750,-2.262657965105318,-16.172750002302177,16.936111012001405,30.77979226345949,35.131573662341914,0,0,0,0,0,7,7,1,1
303,2007,12,15,12,39429.5,77.32944559029652,-10.713123022791036,349,304,979.4248046496718,987.4248046496718,8.0,26.506033712797365,14.16693076240881,246.32868702971868,190625,-1.8253884590121743,-12.962328635199123,27.90369075543288,57.9950308616154,64.35867899836472,0,0,0,0,0,6,6,1,1
303,2007,12,15,15,39429.625,79.05691205078246,-6.4698199851731735,354,311,976.1118814902043,986.1118814902043,10.0,27.99418129628235,11.58446619064256,299.8708769569344,282500,-3.3129231594676094,-23.377699642907306,29.850096388233062,64.02850211822351,70.64472618596633,0,0,0,0,0,7,7,1,1
303,2007,12,15,18,39429.75,80.45905392847673,-3.3664606634298013,357,317,973.5082918655469,989.5082918655469,16.0,28.84520561260095,14.122182346389456,660.5175907957774,1370625,-2.603589624657325,-18.291213092155257,19.063559447922064,51.97035441182623,55.356454334750204,0,0,0,0,0,7,7,1,1
303,2007,12,15,21,39429.875,80.69411559284515,-2.0700306530410986,358,318,973.7179500168431,995.7179500168431,22.0,27.601824056488464,12.612549707420403,935.0708361461714,2746875,0.20965815129617113,1.4719261329206828,7.770119240257456,8.712554842131421,11.674046637090619,0,0,0,0,0,7,7,1,2
303,2007,12,16,0,39430.0,81.5380071385429,6.842773412630941,364,322,973.9179590634274,993.9179590634274,20.0,27.30160287289212,7.06548337702836,804.3412482700079,2032500,0.20000904658430954,1.400954540935044,48.56457827192962,31.278819506607956,57.76575813107049,0,0,0,0,0,7,7,1,2
303,2007,12,16,3,39430.125,81.91484224138486,10.375844920051051,366,324,974.5093047680652,996.5093047680652,22.0,26.014217904524173,7.395435694045736,892.1735588652814,2500625,0.591345704637788,4.13809537433842,18.415023198448875,13.967383872535377,23.112786323638517,0,0,0,0,0,7,7,1,3
303,2007,12,16,6,39430.25,82.0401781227755,13.840695491655623,368,325,975.2640052212441,1003.2640052212441,28.0,25.181385790637663,6.316955162807644,1149.774215251436,4153125,0.7547004531789571,5.279584703676144,17.781407787158265,4.645571379054368,18.378242471224002,0,0,0,0,0,6,6,1,3
303,2007,12,16,9,39430.375,82.07816283299637,46.1457628381751,385,335,974.917790766758,1004.917790766758,30.0,30.9050868572363,11.594347978910228,1167.204486311899,4280000,-0.9151489556407614,-6.401426721074024,11.271828477284098,23.526255142241943,26.087138559818673,0,0,0,0,2,8,8,1,1
303,2007,12,16,12,39430.5,82.55571107465262,45.0,383,336,974.8090418440044,1004.8090418440044,30.0,30.53551448298784,10.776612007441145,1124.139781410501,3970000,-0.10874892275358433,-0.7598390869885193,-5.502110891270598,17.70031390006822,18.53575831793204,0,0,0,0,0,8,8,1,1
303,2007,12,16,15,39430.625,82.55571107465262,45.0,383,336,975.0480745606416,1007.0480745606416,32.0,30.286172378863036,9.532215588112159,1188.6538635356808,4438750,0.23903271663715714,1.6701443708229888,0.0,0.0,0.0,0,0,0,0,0,5,5,1,1
303,2007,12,16,18,39430.75,82.54896389086154,42.56335175318987,382,335,976.2453146764618,1008.2453146764618,32.0,29.108653759571872,8.979576553191437,1202.465241905091,4542500,1.1972401158203139,8.365359561317343,-11.710990059060265,-0.25008420223574757,11.713659986170686,0,0,0,0,0,7,7,1,1
303,2007,12,16,21,39430.875,82.06548119795731,41.56636963754948,383,333,978.6192431243751,1010.6192431243751,32.0,27.49695011309572,6.496578651500094,1257.6176871274156,4968750,2.3739284479132037,16.606037006645135,-5.100992177861969,-17.92027419046649,18.632132144768306,0,0,0,0,0,5,5,1,1
303,2007,12,17,0,39431.0,81.28037584909737,42.917434720269114,386,331,982.0151845092006,1010.0151845092006,28.0,24.776183341563588,3.3811586401205567,1204.5315479311826,4558125,3.3959413848255644,23.80288531883186,7.591499582356853,-29.099910558243874,30.073836808872883,0,0,0,0,0,5,5,1,1
303,2007,12,17,3,39431.125,81.28037584909737,42.917434720269114,386,331,,,,24.776183341563588,,0.0,0,0.0,,0.0,0.0,0.0,0,3,0,0,0,5,5,0,0
306,2007,12,16,3,39430.125,48.39689324356632,-178.89525963284956,356,541,998.5774424166534,998.5774424166534,0.0,14.926945867733687,4.1459676204479186,14.104739588693906,625,,,,,,3,0,0,0,0,18,18,1,1
306,2007,12,16,6,39430.25,49.304424574374195,-176.93638834044833,350,537,996.877007774636,998.877007774636,2.0,17.48410969350292,6.823303503160205,130.03927369650248,53125,-1.7004346420173533,-15.538373323330646,47.34036511127891,33.637626585606974,58.0740913935115,0,0,0,0,0,17,17,1,1
306,2007,12,16,9,39430.375,49.939668261680026,-175.2499451668596,345,534,995.2967314113403,999.2967314113403,4.0,19.307981403945895,9.220138567037283,162.6637921881437,83125,-1.5802763632957066,-14.304867279582975,40.228899960406864,23.54529173713027,46.612714520943726,0,0,0,0,0,17,17,1,1
306,2007,12,16,12,39430.5,50.27141468865958,-173.22272242019554,339,532,996.1692930688016,1002.1692930688016,6.0,18.37154060109362,13.681087672973009,220.32307560268868,152500,0.8725616574613377,7.860402581384846,48.02370553666326,12.296173204195389,49.57289752414835,0,0,0,0,0,15,15,1,1
306,2007,12,16,15,39430.625,50.474050059748734,-170.51043301061696,331,530,995.589647036909,1003.589647036909,8.0,18.586784347286724,12.477496679771285,290.7766557300799,265625,-0.5796460318926256,-5.206425397250047,63.97711405018342,7.510675074616979,64.41646809835703,0,0,0,0,0,14,14,1,1
306,2007,12,16,18,39430.75,50.29893391538556,-167.52489028779104,322,529,996.0576792999594,1006.0576792999594,10.0,17.661270131026434,12.290998286693284,365.0921319878893,418750,0.4680322630504088,4.214549784231346,70.68230120503677,-6.490675608913395,70.97969127503785,0,0,0,0,0,15,15,1,1
306,2007,12,16,21,39430.875,49.90552577073244,-165.28971963408904,315,529,997.7501842299374,1007.7501842299374,10.0,15.720304487376623,11.155433039864292,439.74226071262797,607500,1.6925049299780222,15.32845850850758,53.355325648933466,-14.58166326202541,55.31198494531578,0,0,0,0,0,13,13,1,1
306,2007,12,17,0,39431.0,49.747416082006644,-163.31635494327222,309,528,999.1468188598058,1004.3377560202234,5.19093716041767,11.994113749609559,11.080310476874802,382.3919507072277,459375,1.3966346298683492,12.678362595455205,47.260418282948415,-5.860331746552986,47.62237525007443,0,0,0,0,0,12,13,2,0
306,2007,12,17,3,39431.125,49.00859149680993,-161.26136614366226,302,529,1001.4678197127931,1001.4678197127931,0.0,8.583226256634642,8.151486038861549,14.104739588693906,625,2.321000852987345,21.30391665262943,49.9606298315295,-27.384515184715173,56.973469308661656,0,0,0,2,0,12,12,1,1
306,2007,12,17,6,39431.25,49.00859149680993,-161.26136614366226,302,529,,,,8.583226256634642,,0.0,0,0.0,,0.0,0.0,0.0,0,3,0,0,0,12,12,0,0
309,2007,12,16,0,39430.0,37.267671550588126,-86.84118557041953,133,347,1003.9772831234245,1009.9772831234245,6.0,14.049509138829578,5.603147307562321,663.072794111899,1381250,,,,,,3,0,0,0,0,9,9,1,1
309,2007,12,16,3,39430.125,36.73540131892783,-86.36903133334849,131,345,1000.7286633400413,1012.7286633400413,12.0,16.640182999277755,5.778439854193056,866.9539888318617,2361250,-3.2486197833833286,-37.62970985802039,14.024903691043638,-19.728583121516145,24.205679406404215,0,0,0,0,0,10,10,1,2
309,2007,12,16,6,39430.25,38.61943682380636,-84.68844987454528,139,339,996.3651025648911,1004.3651025648911,8.0,20.708201632644325,7.113438078879336,360.98214589711955,409375,-4.363560775150108,-48.43690376899991,48.667599782780684,69.83172992023728,85.11759966229003,0,0,0,2,0,9,9,1,1
309,2007,12,16,9,39430.375,40.496679752058796,-83.42317241005024,147,335,992.8557793098048,1002.8557793098048,10.0,23.188679768140698,10.183229150345724,373.1763325901154,437500,-3.509323255086347,-37.43941425596013,35.66258157286485,69.57996323368232,78.1868979308031,0,0,0,0,0,7,7,1,1
309,2007,12,16,12,39430.5,41.38786819811547,-82.4863718194613,151,332,992.9538580912014,1012.9538580912014,20.0,22.43279432379323,4.569606958685545,978.4257675969857,3007500,0.09807878139661624,1.0277646889808216,26.050459480490982,33.03187796191669,42.06817562998971,0,0,2,0,0,6,6,1,2
309,2007,12,16,15,39430.625,42.01796573186434,-81.55787470177742,154,329,990.6937966668622,1014.6937966668622,24.0,24.365225175333478,8.918831493247781,1045.084109996957,3431250,-2.260061424339219,-23.39261498804043,25.567776012628677,23.35454968137403,34.628689854681454,0,0,0,0,0,4,4,1,2
309,2007,12,16,18,39430.75,42.74895446712743,-79.73269170855338,158,323,987.8916721920868,1013.878004261118,25.986332069031196,24.62670476535144,7.77879366540692,1181.7718162282351,4387500,-2.8021244747753373,-28.60054473055222,49.67705444031244,27.09407959852639,56.58532395557217,0,0,0,0,0,6,5,2,0
309,2007,12,16,21,39430.875,42.996513506473946,-78.24891528511212,160,318,986.7295462524721,1012.8205672331383,26.091020980666215,24.214841464688984,8.246340869824053,1128.9079709207267,4003750,-1.1621259396147798,-11.806436206322715,40.22338779227898,9.17576974011087,41.25670461648133,0,0,0,0,0,4,3,2,0
309,2007,12,17,0,39431.0,43.09171210777994,-70.31775071878859,168,291,977.1290043179653,1013.1290043179653,36.0,34.63416451459419,14.260243320380466,1185.3856772471022,4414375,-5.691562915172981,-57.7197644530364,66.30486125021346,69.23894166400768,95.86639488455752,0,0,0,0,2,4,4,1,1
309,2007,12,17,3,39431.125,44.38604336747854,-69.46088115496492,174,290,970.7578916885072,1012.7578916885072,42.0,39.252879955779214,31.674513795000458,1200.7267968750039,4529375,-6.371112629458075,-63.10370185755256,22.696853407130867,47.974356491981354,53.072460235083334,0,0,0,0,0,4,4,1,1
309,2007,12,17,6,39431.25,45.482825882696176,-68.00623130515638,180,287,967.2318102103687,1013.2318102103687,46.0,41.54518025682237,30.19336924911709,1283.2212708510258,5173125,-3.5260814781385124,-34.26090824620848,37.80162628058065,40.65221710822,55.511851935154716,0,0,0,0,0,4,4,1,1
309,2007,12,17,9,39431.375,46.63953377881985,-66.76156541800891,186,285,966.5325271046936,1012.5325271046936,46.0,40.74116894073474,13.950365900139005,1276.4594509436163,5118750,-0.6992831056751311,-6.663619975188556,31.674294008905772,42.87334988621809,53.30464361975118,0,0,0,0,0,5,5,1,1
309,2007,12,17,12,39431.5,48.21968369531443,-64.48935332644385,195,281,966.6167856431019,1010.6167856431019,44.0,40.205029095926776,15.15442187405104,1154.867275105708,4190000,0.08425853840832133,0.7828301072431888,56.11140458543401,58.56821801733991,81.10934524625954,0,0,0,0,0,6,6,1,1
309,2007,12,17,15,39431.625,48.86934673056547,-64.07709131980772,198,281,965.4405434679215,1009.4405434679215,44.0,40.28006516205993,22.595151438196698,1125.2011252642912,3977500,-1.1762421751803778,-10.819330136633566,10.051156772316018,24.07974451614012,26.093291253198675,0,0,0,0,0,6,6,1,1
309,2007,12,17,18,39431.75,49.08641462098454,-63.21982175057396,200,279,965.6051055409099,1007.6051055409099,42.0,38.84514478088062,19.92715191748248,1098.993664398763,3794375,0.1645620729883376,1.5086968339295654,20.809760195093464,8.04561605067979,22.31094029870217,0,0,0,0,0,6,6,1,1
309,2007,12,17,21,39431.875,49.06896103278522,-61.786088850341585,202,275,968.7034163601753,1008.7034163601753,40.0,35.99882807108378,16.09579139841997,1129.5245958191463,4008125,3.098310819265462,28.4126604667849,34.814997744575855,-0.6469168198363394,34.821007586320775,0,0,0,0,0,5,5,1,1
309,2007,12,18,0,39432.0,49.76783257665895,-60.1540680503126,207,272,971.5466060045109,1009.5466060045109,38.0,33.26727518718631,8.977332512425418,1189.9920613853433,4448750,2.8431896443355074,25.80210966405707,39.06942247301846,25.90365668500286,46.87663812635985,0,0,0,0,0,4,4,1,2
309,2007,12,18,3,39432.125,50.42986596411655,-58.468414888311074,212,269,973.4058639504567,1007.2759080504227,33.87004409996604,31.469661111436682,11.30721894847702,1092.093107200522,3746875,1.8592579459458647,16.71063599099072,39.799465802590106,24.53825131819919,46.75599700494733,0,0,0,0,0,2,3,2,0
309,2007,12,18,6,39432.25,53.8840797283321,-56.0592963670664,228,271,970.3551096218897,1008.3551096218897,38.0,34.91897357792599,10.492549817540349,1151.5895811065755,4166250,-3.0507543285669816,-26.164350225414083,52.62916686508719,128.0303487088577,138.42542900574622,0,0,1,0,0,2,2,1,1
309,2007,12,18,9,39432.375,53.751641559047364,-55.76046930602808,228,270,970.7433621262429,1008.7433621262429,38.0,34.90007731699722,8.775010297182234,1143.615208388578,4108750,0.38825250435314956,3.3354253162298604,6.549095394544876,-4.908817506185119,8.18456717217706,0,0,0,0,0,3,3,1,1
309,2007,12,18,12,39432.5,54.00647035531445,-55.05254482707688,230,269,972.6387153772831,1008.6387153772831,36.0,33.59604011324308,5.812714942769162,1095.0039052526554,3766875,1.8953532510402147,16.22996226149308,15.42055528894224,9.445223102612733,18.08330071854842,0,0,0,0,0,4,4,1,1
309,2007,12,18,15,39432.625,56.65916581367117,-53.87213299291755,241,273,973.2497625889902,1009.2497625889902,36.0,33.02559217555705,8.500754925582733,1112.3087425983047,3886875,0.6110472117070458,5.06748727280429,24.046569976503836,98.32209230077706,101.219915836941,0,0,0,0,0,3,3,1,1
309,2007,12,18,18,39432.75,57.03642104934527,-53.406509897367876,243,273,973.1340035660842,1011.1340035660842,38.0,32.73376116161243,6.748204225469163,1220.284162112885,4678125,-0.11575902290598605,-0.9558833866971783,9.390327811191703,13.982956085685602,16.843435436271676,0,0,0,0,0,3,3,1,1
309,2007,12,18,21,39432.875,58.7337256206673,-50.59360344911225,253,272,974.3602515220095,1010.3602515220095,36.0,32.0145963486459,2.4800850619727135,1168.4821214077676,4289375,1.2262479559253552,9.93922328057742,54.10880476413034,62.910552433875765,82.97891515643119,0,0,0,0,0,3,3,1,1
309,2007,12,19,0,39433.0,59.09232180620576,-50.059868846264116,255,272,974.2771892617315,1012.2771892617315,38.0,32.34101394173025,3.531784003019493,1266.1311797334097,5036250,-0.08306226027809316,-0.6707166086278298,10.161562369661466,13.291358848655781,16.730737277127396,0,0,0,0,0,3,3,1,1
309,2007,12,19,3,39433.125,59.20868340141235,-50.977773592360656,254,274,974.5721771882742,1012.5721771882742,38.0,32.010076840692825,7.947315390405203,1309.9195510448328,5390625,0.29498792654281714,2.3791002503423173,-17.41621564218862,4.312939681080254,17.94229684259661,0,0,0,0,0,4,4,1,1
309,2007,12,19,6,39433.25,59.38913709064808,-50.710593137499636,255,274,975.5436663173615,1011.5436663173615,36.0,31.284930097111058,10.248537960870236,1268.9563178976064,5058750,0.9714891290872765,7.820495334997479,5.042668601009817,6.68851157910223,8.376436817847726,0,0,0,0,0,4,4,1,1
309,2007,12,19,9,39433.375,59.24126662750948,-50.383701676811754,255,273,977.326537857925,1013.326537857925,36.0,30.398428435119836,11.182854320277475,1387.866239509292,6051250,1.7828715405635012,14.374126820348998,6.196522457662826,-5.48081510053111,8.272618976752742,0,0,0,0,0,5,5,1,2
309,2007,12,19,12,39433.5,58.94231542176145,-49.73907231851298,255,271,978.7166006366211,986.7166006366211,8.0,30.21145702041939,14.239867902786354,272.7726817250237,233750,1.390062778696156,11.242229814533282,12.326458474442749,-11.080619131151446,16.574730732407115,0,0,0,2,0,4,4,1,1
309,2007,12,19,15,39433.625,58.98997434734385,-48.557851866118085,257,269,980.6378362186402,994.6378362186402,14.0,28.900182410482415,11.315023760483019,531.8814824242746,888750,1.9212355820191442,15.530352569526704,22.555622161376096,1.7664769113645462,22.624688545152274,0,0,2,0,0,4,4,1,2
309,2007,12,19,18,39433.75,59.00871541949552,-47.96604088998712,258,268,982.2941988658987,1012.2941988658987,30.0,27.703463087354304,11.934660059629168,1363.425735166143,5840000,1.6563626472583564,13.38661473372437,11.294699653802748,0.6946373810483234,11.316040003497761,0,0,0,0,0,3,3,1,2
309,2007,12,19,21,39433.875,59.194973382145896,-47.087983832723346,260,267,984.5675347092946,1006.5675347092946,22.0,26.710586259179276,11.54837710990425,968.5140400881435,2946875,2.273335843395907,18.33724321373995,16.666850816451863,6.90364683129079,18.0400736059766,0,0,0,0,0,3,3,1,2
309,2007,12,20,0,39434.0,59.20525538421019,-46.49174043537271,261,266,985.4482856931535,1005.4482856931535,20.0,26.808338785274632,14.531500101527126,860.3891149103283,2325625,0.8807509838588885,7.1035775113221,11.31423884550368,0.3811021550997564,11.320655436224802,0,0,0,0,0,2,2,1,2
309,2007,12,20,3,39434.125,59.373632298207646,-46.19973623812138,262,266,985.9531134900823,1003.9531134900823,18.0,26.719551606283233,14.318787972819411,706.2236210395592,1566875,0.5048277969288756,4.064518750560754,5.513702834347275,6.240886200194717,8.327639492033143,0,0,0,0,0,3,3,1,1
309,2007,12,20,6,39434.25,59.21211176039665,-45.895173710211076,262,265,986.4994191823661,1002.4994191823661,16.0,26.559438864510007,15.273843990601382,481.0109130984897,726875,0.5463056922837859,4.40584021262333,5.778193556653206,-5.986754784494274,8.320381819833374,0,0,0,0,0,4,4,1,1
309,2007,12,20,9,39434.375,59.37879978021298,-45.59993388025395,263,265,986.492484190491,1000.492484190491,14.0,26.653124336099072,17.98230715880207,366.45188392718995,421875,-0.006934991875023115,-0.05583270144611741,5.573949533146257,6.1782873786678225,8.321066538098796,0,0,0,0,0,5,5,1,1
309,2007,12,20,12,39434.5,59.21554046127828,-45.29841281999488,263,264,986.7602830333859,1000.7602830333859,14.0,27.010244251498502,21.31465664252166,360.4306067730092,408125,0.26779884289484474,2.1596641981393816,5.719916054462271,-6.051202664328269,8.32673365461324,0,0,0,0,0,5,5,1,1
309,2007,12,20,15,39434.625,59.05134649925168,-45.0,263,263,986.3321019732056,998.3321019732056,12.0,27.097284203810116,24.0722183329628,268.3609728501569,226250,-0.42818106018035906,-3.458986437258579,5.688159614032727,-6.085845187675866,8.330226374059137,0,0,0,0,0,4,4,1,1
309,2007,12,20,18,39434.75,58.71513174109309,-43.824866762760635,264,260,986.1158796457989,996.1158796457989,10.0,26.524218630160366,26.78339090696376,209.6820283885486,138125,-0.21622232740657638,-1.7529127436041165,22.61820304351476,-12.461791790087336,25.82400750342883,0,0,0,0,0,3,3,1,1
309,2007,12,20,21,39434.875,58.36537339377212,-42.674545579224706,265,257,986.4572859994727,994.4572859994727,8.0,26.163272477077506,28.418426829169185,149.9354384784672,70625,0.34140635367366484,2.778135446555629,22.3626618042725,-12.963784591225936,25.84856579967204,0,0,0,0,0,2,2,1,1
309,2007,12,21,0,39435.0,58.31019894153182,-40.9350526922573,268,254,987.1660159353872,993.1660159353872,6.0,24.73446546707884,27.30043726649521,122.96226898414837,47500,0.7087299359145982,5.770593840216313,33.86868964576331,-2.0450397231710773,33.93037467801354,0,0,0,0,0,3,3,1,1
309,2007,12,21,3,39435.125,58.405554096802035,-39.46311763751629,271,252,986.4211630706727,992.4211630706727,6.0,24.46619431531473,25.76998322419764,130.80197392386228,53750,-0.7448528647144849,-6.058496105909211,28.58214828342422,3.534336498483924,28.799839148512024,0,0,0,0,0,1,1,1,1
309,2007,12,21,6,39435.25,58.62230978632083,-37.656991882993175,275,250,986.00649273062,990.00649273062,4.0,23.844781104799054,23.68649024039827,93.56025796273887,27500,-0.41467034005268943,-3.3650462846912443,34.855168644115366,8.034044331944203,35.76910188329262,0,0,0,0,0,1,1,1,1
309,2007,12,21,9,39435.375,58.99508454444232,-36.07359207326067,279,249,985.8562449174573,987.8562449174573,2.0,23.88927388286286,20.405742536280012,67.64395474757512,14375,-0.15024781316285954,-1.2144665917323936,30.2305112351134,13.816887294754306,33.23838419737428,0,0,0,0,0,3,3,1,1
309,2007,12,21,12,39435.5,59.28075089215824,-33.866000789353016,284,247,987.966459907974,989.966459907974,2.0,22.198175633243263,17.781043350606634,78.53186642892773,19375,2.1102149905168335,17.006312108981636,41.79654942987841,10.588216193030117,43.11683970787533,0,0,0,0,0,3,3,1,1
309,2007,12,21,15,39435.625,60.036296024935844,-31.706850785916174,290,247,988.7016901732521,1008.7016901732521,20.0,21.357758303991154,16.424588782283607,976.6959302449499,2996875,0.7352302652780781,5.8796928467174965,39.96873289559724,28.004261871953144,48.803056177585084,0,0,2,0,0,3,3,1,3
309,2007,12,21,18,39435.75,60.831002207497775,-30.04832264607566,295,248,990.3845344343478,990.3845344343478,0.0,19.029914366462194,14.642086098222789,14.104739588693906,625,1.6828442610955971,13.352353378620105,29.96050795860807,29.45576522465026,42.0151656203749,0,0,0,2,0,3,3,1,1
309,2007,12,21,21,39435.875,61.892424352639495,-29.144198677361405,299,251,991.7464107893315,991.7464107893315,0.0,17.304345034004456,10.822059048145457,14.104739588693906,625,1.361876354983833,10.696899483076086,15.788016902849767,39.341585855981315,42.3912945707986,0,0,0,0,0,3,3,1,1
309,2007,12,22,0,39436.0,61.892424352639495,-29.144198677361405,299,251,,,,17.304345034004456,,0.0,0,0.0,,0.0,0.0,0.0,0,3,0,0,0,3,3,0,0
317,2007,12,17,3,39431.125,45.718067947541044,-151.63880567042628,268,529,996.5283487100766,1000.5283487100766,4.0,13.772781243601623,9.941050520116478,210.62867892778948,139375,-1.8094073101469257,-17.510427414494064,97.45921063377695,-36.00757444289327,103.8982346078094,2,0,0,2,0,11,11,1,1
317,2007,12,17,6,39431.25,44.96170184916658,-147.7308687898064,255,525,993.7961170885771,999.7961170885771,6.0,15.35137096107265,12.96806895252812,236.438520044912,175625,-2.732231621499377,-26.7882053189198,102.4812268689354,-28.034690941726595,106.2466270370986,0,0,0,0,0,13,13,1,1
317,2007,12,17,9,39431.375,44.755549340784455,-144.73338241883647,246,520,990.7150663082533,998.7150663082533,8.0,17.123157421077934,18.242784434160495,251.12774876576967,198125,-3.081050780323858,-30.317633914070598,78.89080766390691,-7.641037682380733,79.25998353978581,0,0,0,0,0,14,14,1,1
317,2007,12,17,12,39431.5,44.52665239963583,-142.40487805509673,239,516,988.6612064382725,996.6612064382725,8.0,17.93508995435321,20.134314654377157,247.53717516845768,192500,-2.053859869980806,-20.291966870223092,61.527534337034204,-8.484059526728464,62.10971540466109,0,0,0,0,0,13,13,1,1
317,2007,12,17,15,39431.625,44.248224814928946,-139.69589619523373,231,511,987.633387711254,995.633387711254,8.0,18.46586103497832,17.3378309628876,258.1591222864905,209375,-1.0278187270184571,-10.205303633111534,71.92160227679938,-10.319911619101235,72.6582235530719,0,0,0,0,0,16,16,1,1
317,2007,12,17,18,39431.75,44.028619693715825,-137.23380926014295,224,506,988.1268153727027,996.1268153727027,8.0,19.058401095034036,13.56199011901517,277.83114908082075,242500,0.4934276614486589,4.918677051489773,65.61081826265553,-8.139658448020638,66.11379215221015,0,0,0,0,0,17,17,1,1
317,2007,12,17,21,39431.875,44.23839282656006,-135.0,219,500,986.767152044611,996.767152044611,10.0,20.401284116608167,16.140232605348356,322.87224675588243,327500,-1.3596633280917012,-13.502597084745249,59.316871295379094,7.775236039538051,59.82428867728474,0,0,0,0,0,16,16,1,1
317,2007,12,18,0,39432.0,44.22733377597871,-133.7767884461369,216,497,986.623775267499,996.623775267499,10.0,20.306655164199128,14.441579578899619,333.18249174678584,348750,-0.1433767771119892,-1.4241339499467285,32.48812967875338,-0.4099034393840591,32.4907154561594,0,0,0,0,0,14,14,1,1
317,2007,12,18,3,39432.125,44.17820720552898,-132.14776441870745,212,493,987.1322366767375,997.1322366767375,10.0,20.68896264594243,8.979917030388242,354.3070156851716,394375,0.5084614092385163,5.054903918736651,43.3021724878873,-1.8208751324856765,43.340439873389016,0,0,0,0,0,14,14,1,1
317,2007,12,18,6,39432.25,44.43410889619416,-130.49138234996136,209,488,988.8444923743386,998.8444923743386,10.0,18.91287124309854,8.569456285333581,391.3906395482003,481250,1.7122556976010674,16.944792822669502,43.83783720219687,9.484989907244705,44.852212923186414,0,0,0,0,0,11,11,1,1
317,2007,12,18,9,39432.375,44.838667880224904,-129.00180048890942,207,483,990.5800449975554,998.5800449975554,8.0,17.285720644492482,4.346059411169772,362.6317301749511,413125,1.7355526232167904,17.052958256222432,39.149521062210766,14.994968850898676,41.92295421651372,0,0,0,0,0,15,15,1,1
317,2007,12,18,12,39432.5,46.42336643163673,-127.50414236027015,209,475,991.5296949948904,997.5296949948904,6.0,14.691591057304548,7.07294547139718,308.69729862159846,299375,0.9496499973350728,9.0818421509498,38.26426830850041,58.736813059325115,70.10112294072766,0,0,0,0,0,14,14,1,1
317,2007,12,18,15,39432.625,47.19991116962933,-126.71629002589464,210,471,992.2717579357991,996.2717579357991,4.0,13.017769613920713,9.378173666937,215.76102719068473,146250,0.7420629409086541,7.006897898021158,19.840808891461865,28.782611725768728,34.958495894758855,0,0,0,0,0,12,12,1,1
317,2007,12,18,18,39432.75,47.62895251759047,-125.9703626780349,210,468,994.0376819340499,998.0376819340499,4.0,11.178824750105434,8.504772223392866,208.25398433773478,136250,1.7659239982508006,16.560296261472523,18.632572251771613,15.902407071340537,24.496107841453323,0,0,0,0,0,11,11,1,1
317,2007,12,18,21,39432.875,47.713870648307775,-125.2847976833153,209,466,994.7488680207024,996.7488680207024,2.0,8.779198358849841,8.740496554638447,112.83791670955125,40000,0.7111860866524512,6.660288851143005,17.09694444818979,3.1474884386344097,17.384251290631557,0,0,0,0,0,11,11,1,1
317,2007,12,19,0,39433.0,47.713870648307775,-125.2847976833153,209,466,,,,8.779198358849841,,0.0,0,0.0,,0.0,0.0,0.0,0,3,0,0,0,11,11,0,0
318,2007,12,17,0,39431.0,46.09244264280467,172.6332307418301,384,549,992.2753120952253,998.2753120952253,6.0,12.88572541829819,7.797649762949732,319.4653459417435,320625,,,,,,3,0,0,0,0,14,14,1,1
318,2007,12,17,3,39431.125,46.928661426071585,173.72725469675981,380,546,987.7884784208758,995.7884784208758,8.0,16.700790893599102,8.232547790147,316.3363249281201,314375,-4.486833674349619,-42.553765969546895,27.691692819475833,30.994428754722165,41.56301799725036,0,0,0,0,0,13,13,1,1
318,2007,12,17,6,39431.25,47.98521873481941,174.83387928142082,376,542,984.4228495537657,994.4228495537657,10.0,19.91445115127304,11.710455236610942,314.44396702089864,310625,-3.365628867110063,-31.384433364332576,27.453366116255154,39.16127081399565,47.82564628816064,0,0,0,0,0,14,14,1,1
318,2007,12,17,9,39431.375,49.515265091789374,176.272116570438,371,536,980.4613213080311,992.4613213080311,12.0,23.993330811510027,14.686912898719672,318.2174296644016,318125,-3.961528245734662,-36.086026467465196,34.60959918988011,56.71113080868299,66.43776571863101,0,0,0,0,0,15,15,1,1
318,2007,12,17,12,39431.5,50.48510246624761,176.51672853100234,370,532,978.1236021917016,992.1236021917016,14.0,26.012096711480783,17.38337215027037,359.87822237672265,406875,-2.33771911632939,-20.994232441366112,5.768842522253729,35.94699857001192,36.40695332266903,0,0,0,0,0,14,14,1,1
318,2007,12,17,15,39431.625,51.45105848497166,176.7730903677133,369,528,975.0786070655939,991.0786070655939,16.0,28.71183501803857,17.85848774033497,395.9389080975964,492500,-3.0449951261076786,-26.97479744908862,5.921509124846443,35.8031362146303,36.289514093178646,0,0,0,0,0,17,17,1,1
318,2007,12,17,18,39431.75,52.187562818518686,177.40528976120507,367,525,973.5726225966283,989.5726225966283,16.0,30.53025815160571,13.82248415109032,399.19154145693045,500625,-1.5059844689656166,-13.206932364838769,14.365890274133172,27.29851511405371,30.84781565687679,0,0,0,0,0,18,18,1,1
318,2007,12,17,21,39431.875,52.908656771800814,177.70938995736148,366,522,972.9363098404339,988.9363098404339,16.0,31.499558767179884,13.497783443593288,395.1844985686082,490625,-0.6363127561945293,-5.5266916637097445,6.797675089678966,26.727329746346857,27.578225867426635,0,0,0,0,0,18,18,1,1
318,2007,12,18,0,39432.0,53.390653889268656,178.03736122058447,365,520,972.9785435717182,988.9785435717182,16.0,30.976800344001482,13.843928881449463,410.97832467938497,530625,0.042233731284359234,0.3645153947415143,7.249442217780912,17.86521137324164,19.28004641798216,0,0,0,0,0,16,16,1,1
318,2007,12,18,3,39432.125,53.86321924183308,178.01261579819857,365,518,972.3954061874194,988.3954061874194,16.0,31.438924527777335,12.413495167008442,392.6593321446386,484375,-0.5831373842987523,-5.002522105842667,-0.5408797269554688,17.51562323772053,17.523972388839432,0,0,0,0,0,17,17,1,1
318,2007,12,18,6,39432.25,54.3351061537685,177.9872386753933,365,516,973.2603899065194,989.2603899065194,16.0,31.655610156076577,12.544279043178324,397.94367487929225,497500,0.8649837190999824,7.376269270433938,-0.5484121558591196,17.4904768523956,17.49907244447203,0,0,0,0,0,14,14,1,1
318,2007,12,18,9,39432.375,54.5617084926261,177.6063930327152,366,515,973.9017198938316,989.9017198938316,16.0,31.948239210461256,14.327395489374615,386.01659999252234,468125,0.6413299873122014,5.453594904025124,-8.184831003294118,8.399010148918652,11.727524463164556,0,0,0,0,0,17,17,1,1
318,2007,12,18,12,39432.5,54.79718281788629,177.59091862552776,366,514,975.4501956423322,991.4501956423322,16.0,31.03736901685083,14.97415518910704,415.0725549792189,541250,1.5484757485006413,13.129283235330954,-0.3306407119885118,8.727850107994596,8.734110761150534,0,0,0,0,0,17,17,1,1
318,2007,12,18,15,39432.625,55.24452320854654,176.80976570746765,368,512,976.2432536973688,992.2432536973688,16.0,29.667130152662015,13.661302926148567,435.4231573518114,595625,0.7930580550365266,6.687582612635355,-16.505539760685643,16.580660641538216,23.395536969717732,0,0,0,0,0,15,15,1,1
318,2007,12,18,18,39432.75,55.44993822620503,176.03534527714388,370,511,977.7844686049982,991.7844686049982,14.0,27.963584123601656,13.928318496032515,384.46736323984356,464375,1.5412149076294737,12.96436189413772,-16.278632090201953,7.6137026067421845,17.971152720737354,0,0,0,0,0,15,15,1,1
318,2007,12,18,21,39432.875,55.37259054899959,174.53289841191116,374,511,979.5267670390732,991.5267670390732,12.0,25.95764223135371,14.329102568140295,328.97623212397707,340000,1.74229843407491,14.669481774745023,-31.643482393087233,-2.8668897643284095,31.773086643926064,0,0,0,0,0,15,15,1,1
318,2007,12,19,0,39433.0,55.558478255335395,173.74339065944395,376,510,979.9995593898035,991.9995593898035,12.0,24.8549564869818,14.60672821946966,334.67191576366446,351875,0.4727923507303058,3.9718518004845755,-16.550082284987596,6.889923290044838,17.926970368206742,0,0,0,0,0,14,14,1,1
318,2007,12,19,3,39433.125,55.73744243512341,172.9457482666353,378,509,979.8932114512811,993.8932114512811,14.0,23.917339262745518,13.22034406148654,473.71771104696137,705000,-0.10634793852237635,-0.8915064787497607,-16.64436403719115,6.633302947844084,17.917465283918343,0,0,0,0,0,15,15,1,1
318,2007,12,19,6,39433.25,55.60975033146438,171.4411252609024,382,509,979.4546191833092,991.4546191833092,12.0,23.84510431119984,12.191785927481687,355.9875326987192,398125,-0.4385922679718351,-3.6822841832808244,-31.499092699676805,-4.732904699818153,31.85268007248987,0,0,0,0,0,15,15,1,1
318,2007,12,19,9,39433.375,55.45768126135501,169.94829965800736,386,509,978.7570268641554,988.7570268641554,10.0,24.33155610765703,14.565641013846324,263.12050517771223,217500,-0.6975923191539186,-5.867447706213247,-31.373201565416064,-5.6364363652392715,31.875495154799033,0,0,0,0,0,16,16,1,1
318,2007,12,19,12,39433.5,55.32779750967852,168.83754668421935,389,509,978.8495052373546,988.8495052373546,10.0,23.836040840653574,13.19972059347434,287.6813695875796,260000,0.09247837319926475,0.7790531102124354,-23.42058378102263,-4.814138079995887,23.91024194978308,0,0,0,0,0,18,18,1,1
318,2007,12,19,15,39433.625,54.903972592376306,167.45103901010626,393,510,978.899332797188,986.899332797188,8.0,23.207824471374614,13.071801247418044,233.47498368984665,171250,0.04982755983335665,0.4219260034868993,-29.54662398787913,-15.709060196518704,33.46307758319552,0,0,0,0,0,19,19,1,1
318,2007,12,19,18,39433.75,54.514775280269525,166.45421426012933,396,511,978.8972254967157,986.8972254967157,8.0,23.44986538981373,14.091379650102171,230.9045385777095,167500,-0.002107300472271163,-0.017930037040817318,-21.44746075124631,-14.42558885665767,25.84745996297464,0,0,0,0,0,16,16,1,1
318,2007,12,19,21,39433.875,54.1727158857304,165.83122990755416,398,512,979.855061128455,987.855061128455,8.0,23.686507660066265,14.278408613536012,232.6213245840639,170000,0.95783563173929,8.184757381458843,-13.516072078348994,-12.678423094620197,18.53177316376725,0,0,0,0,0,16,16,1,1
318,2007,12,20,0,39434.0,53.5974044402765,165.31121322668162,400,514,981.5514177570099,987.5514177570099,6.0,22.417634585197536,12.833215796549485,163.27416503504918,83750,1.6963566285549314,14.602045715733068,-11.438473637288608,-21.323904658340513,24.198090607090112,0,0,0,0,0,14,14,1,1
318,2007,12,20,3,39434.125,53.24651848610185,164.7137084058325,402,515,983.3205966800513,989.3205966800513,6.0,21.317993648603366,11.921170188923425,171.59156293944244,92500,1.7691789230413268,15.298257742441741,-13.25183638907143,-13.005579311685505,18.56761322613275,0,0,0,0,0,16,16,1,1
318,2007,12,20,6,39434.25,52.89117688689433,164.12716097820606,404,516,986.0893920828925,992.0893920828925,6.0,20.330250644576317,11.86718596747829,194.93137937025432,119375,2.768795402841206,24.0539097416678,-13.116596074786285,-13.170727685880008,18.587984300743994,0,0,0,0,0,16,16,1,1
318,2007,12,20,9,39434.375,52.20620139252341,164.41106432481385,404,519,988.8063882406484,992.8063882406484,4.0,18.460376247782545,11.843793119221083,142.4508871303252,63750,2.7169961577559296,23.82104920647259,6.448637519030665,-25.388599949964977,26.194769196753988,0,0,0,0,0,20,20,1,1
318,2007,12,20,12,39434.5,51.684370672663846,164.26568051447327,405,521,991.5827182644244,995.5827182644244,4.0,16.791059252374623,13.63351112823548,141.04739588693906,62500,2.7763300237760995,24.51542220804033,-3.3409235453333617,-19.341642871886854,19.628064579050434,0,0,0,0,0,19,19,1,1
318,2007,12,20,15,39434.625,51.518809073440444,164.685229283604,404,522,993.0516256665251,997.0516256665251,4.0,15.434003776314482,12.500895642940014,144.5305721320277,65625,1.4689074021005946,13.000417529002407,9.676445299316669,-6.136536626934331,11.458214320057651,0,0,0,0,0,20,20,1,1
318,2007,12,20,18,39434.75,51.12078674485024,165.18788107358617,403,524,994.7358325549295,998.7358325549295,4.0,13.994857390108127,12.345578608990545,151.91269449366246,72500,1.684206888404442,14.98903465415765,11.694155463325522,-14.752687876827697,18.825383703699774,0,0,0,0,0,18,18,1,1
318,2007,12,20,21,39434.875,50.95024509606869,165.59778420933424,402,525,996.418132361559,1000.418132361559,4.0,13.126841419202878,10.910818936342475,158.3253092116782,78750,1.682299806629453,15.00814748573348,9.571533296346944,-6.3211220420355625,11.470433013334155,0,0,0,0,0,20,20,1,1
318,2007,12,21,0,39435.0,50.77753972355681,166.0042482423028,401,526,997.951025792294,999.951025792294,2.0,12.2211698035909,10.50383776597977,99.73557010035817,31250,1.5328934307349846,13.708845835172296,9.526451611608152,-6.4013204091934846,11.47737702131757,0,0,0,0,0,21,21,1,1
318,2007,12,21,3,39435.125,50.42572579621508,166.80687112405755,399,528,997.9693290434915,999.9693290434915,2.0,11.993380572876028,8.124107683076,115.45226928885475,41875,0.018303251197503412,0.164515760228189,18.952466130151745,-13.03997461443214,23.00514964871091,0,0,0,0,0,23,23,1,1
318,2007,12,21,6,39435.25,50.29893391538556,167.52489028779104,397,529,998.7840412320484,1000.7840412320484,2.0,11.295244185428833,7.066345553588035,123.76858758422884,48125,0.8147121885568777,7.336342704484073,17.000074781164965,-4.699537962654879,17.63769258229759,0,0,0,0,0,26,26,1,1
318,2007,12,21,9,39435.375,50.16561214241069,168.23842096132182,395,530,999.0055532945216,1003.0055532945216,4.0,11.557390924396618,6.628117402334538,221.22419623711556,153750,0.22151206247333902,1.9985443142603712,16.941106637034792,-4.941568255354759,17.647101487488367,0,0,0,0,0,25,25,1,1
318,2007,12,21,12,39435.5,49.97930355039362,168.62583461621549,394,531,998.3203170452264,1002.3203170452264,4.0,11.80620521357434,7.349415312205456,206.33455182562614,133750,-0.685236249295267,-6.199243061276201,9.234056825840922,-6.905523407529465,11.530570627457978,0,0,0,0,0,24,24,1,1
318,2007,12,21,15,39435.625,49.7909815544187,169.00979511965522,393,532,997.8552612511537,1001.8552612511537,4.0,11.703326704403063,6.569422110764572,210.15588668414918,138750,-0.4650557940726867,-4.218966326330101,9.187523287054054,-6.980150175996027,11.53833092910833,0,0,0,0,0,22,22,1,1
318,2007,12,21,18,39435.75,49.644102760327925,169.7096845427188,391,533,997.4471277475385,1001.4471277475385,4.0,11.23308263254164,6.03507357328046,217.13970592909533,148125,-0.408133503615245,-3.7106229609917576,16.797855375942927,-5.444058911521803,17.658021482125754,0,0,0,0,0,26,26,1,1
318,2007,12,21,21,39435.875,49.450295638912195,170.0857018997602,390,534,997.7551461319723,1001.7551461319723,4.0,11.002835745796565,6.707127070751594,218.96444142013897,150625,0.3080183844338171,2.8084959489858843,9.060586479355893,-7.183456216338229,11.562710346710892,0,0,0,0,0,24,24,1,1
318,2007,12,22,0,39436.0,49.33140548015978,171.0944447966827,387,535,997.9145512030274,1001.9145512030274,4.0,10.191321242675313,5.755101656715051,254.27680907051368,203125,0.15940507105508003,1.4560354342058048,24.365605387242905,-4.406660827078356,24.760884183157664,0,0,0,0,0,21,21,1,1
318,2007,12,22,3,39436.125,49.19933824123344,172.09726065683458,384,536,997.0934261513263,1001.0934261513263,4.0,9.72014914164004,5.968987189383697,249.13937425834396,195000,-0.8211250517010922,-7.515211506707309,24.28736341202746,-4.895068981520925,24.775748663597202,0,0,0,0,0,20,20,1,1
318,2007,12,22,6,39436.25,48.815892970656435,173.1319136756017,381,538,997.163308291024,1001.163308291024,4.0,9.643342891054841,6.032971635654175,243.89374731754785,186875,0.06988213969772915,0.6433154613177575,25.252139080826712,-14.212389578004563,28.976931267378685,0,0,0,0,0,21,21,1,1
318,2007,12,22,9,39436.375,48.681172153383244,174.4316581607328,377,539,997.283509324163,1001.283509324163,4.0,9.358823931951525,6.284357667278163,249.13937425834396,195000,0.12020103313901927,1.1088213546185564,31.807085345086467,-4.993423798062501,32.19666068673382,0,0,0,0,0,21,21,1,1
318,2007,12,22,12,39436.5,48.74515338020605,175.38167816705507,374,539,996.5567180702741,998.5567180702741,2.0,9.485470183405637,5.0255040398104756,177.8539989415875,99375,-0.7267912538889505,-6.697877721258242,23.219282634190414,2.371462607730137,23.340071142699603,0,0,0,0,0,23,23,1,1
318,2007,12,22,15,39436.625,48.79719746089676,176.33424970736965,371,539,996.0585171544103,996.0585171544103,0.0,9.419922550338235,5.160438514966882,14.104739588693906,625,-0.49820091586370835,-4.587608466164954,23.25752343185275,1.9290125782292598,23.337383866023767,0,0,0,0,0,22,22,1,1
318,2007,12,22,18,39436.75,45.091230637180125,175.1510423849669,376,554,,,,19.816777538726242,,0.0,0,-5.64293328844622,,-30.960864550513268,-137.3615697034468,140.8075848990746,0,3,3,0,0,22,22,0,0
319,2007,12,17,3,39431.125,70.43314042822647,-18.43494882292201,332,277,1000.6905899051267,1002.6905899051267,2.0,15.25587583281948,9.577494551430355,113.71604603668075,40625,,,,,,3,0,0,0,0,3,3,1,1
319,2007,12,17,6,39431.25,71.63753484539387,-15.993584097729952,337,281,1000.3950269959533,1008.3950269959533,8.0,17.661118073609337,13.293673642785798,266.8741970172897,223750,-0.2955629091733135,-2.1575781915966115,28.50460677876095,44.64084962268175,52.96525335204836,0,0,0,0,0,3,3,1,1
319,2007,12,17,9,39431.375,72.85192950829203,-12.48808576894851,343,285,1000.6363777274423,1010.6363777274423,10.0,18.973542842761304,17.836260688757612,354.02615395598616,393750,0.24135073148892844,1.7499177946245388,38.30373784655615,45.01150848616825,59.10340285650307,0,0,0,0,0,6,6,1,1
319,2007,12,17,12,39431.5,73.85102611559664,-5.988148375775512,352,288,998.6929446306553,1008.6929446306553,10.0,21.78550313246,17.062470362792446,351.48829934307025,388125,-1.9434330967869027,-14.017609563569057,66.97532712557387,37.03149132002144,76.5312079674851,0,0,0,0,0,7,7,1,1
319,2007,12,17,15,39431.625,75.44792605577237,5.754565331102192,366,295,996.264591792983,1006.264591792983,10.0,20.660592421508245,14.282704013885086,336.7460422231796,356250,-2.428352837672428,-17.381733553388514,109.17990105579203,59.18905723551321,124.19176820941635,0,0,0,0,0,7,7,1,1
319,2007,12,17,18,39431.75,75.59845249339634,13.061551083328114,374,297,992.3387428423589,1004.3387428423589,12.0,22.625649356633318,18.512834023486064,336.7460422231796,356250,-3.9258489506240584,-28.081499971318852,67.31775429914484,5.579258729887858,67.54856158242796,0,0,0,0,0,7,7,1,1
319,2007,12,17,21,39431.875,75.08659774212055,19.798876354524932,382,297,992.8456400690719,998.8456400690719,6.0,21.575387021718612,12.956276133010327,223.4611004069437,156875,0.5068972267130448,3.634305284183216,64.2327670347817,-18.97188384026011,66.9759713434069,0,0,0,0,0,6,6,1,1
319,2007,12,18,0,39432.0,73.31522439590972,31.228400282917583,398,296,991.7245828708948,995.7245828708948,4.0,21.40411073542538,12.737510427356465,173.32194179790176,94375,-1.12105719817715,-8.108280291918636,121.44313858115594,-65.6559097640129,138.0548238758141,0,0,0,0,0,5,5,1,1
319,2007,12,18,3,39432.125,70.94150583109327,38.29016319224307,412,293,991.1665181472299,993.1665181472299,2.0,20.023217344817237,11.319527759416014,118.0087179853287,43750,-0.5580647236648656,-4.090609707499431,85.41982074326748,-87.9818205631974,122.6268589071196,0,0,0,0,0,5,5,1,1
319,2007,12,18,6,39432.25,68.16582750977119,43.32760563891074,426,289,,,,20.305097444327522,,0.0,0,-1.6933121647503868,,69.42319507370877,-102.88044910943394,124.1127182169541,0,2,2,0,0,4,5,0,0
320,2007,12,18,15,39432.625,61.67354797327202,51.16147810367062,457,281,987.0609513615024,989.0609513615024,2.0,20.314621607193605,4.954101893802362,151.2564810824976,71875,-0.6869266417804465,-5.40655727851494,24.084150142307394,-57.12146903245277,61.991197056539136,2,0,0,2,0,4,4,1,1
320,2007,12,18,18,39432.75,60.1524320636568,51.78170353646855,463,278,986.9377112705924,990.9377112705924,4.0,20.971920199129713,5.307892400339842,244.30125595145995,187500,-0.12324009090996696,-0.9844121493550126,11.441271555832495,-56.38012399584516,57.52930624126435,0,0,0,0,0,4,4,1,1
320,2007,12,18,21,39432.875,58.764173268850364,52.67241159977955,469,276,987.3825753436814,989.3825753436814,2.0,20.847917185135074,3.5864553236636127,166.29242725457107,86875,0.4448640730889747,3.6046361369955675,17.11970963592052,-51.4557782840552,54.22897359194692,0,0,0,0,0,4,4,1,1
320,2007,12,19,0,39433.0,57.69074369127519,53.57299836361139,474,275,987.7998304789216,989.7998304789216,2.0,20.55548495422278,2.5245244427408036,190.28334018879895,113750,0.4172551352402661,3.4203882977354385,17.84122918616981,-39.78664104552373,43.60374140551234,0,0,0,0,0,4,4,1,1
320,2007,12,19,3,39433.125,56.46955247562012,54.101124285235144,479,273,987.5649518557808,991.5649518557808,4.0,21.62453898242325,2.6160606074111272,265.0039974024898,220625,-0.2348786231408303,-1.9521373228075947,10.812798571206443,-45.263422547915,46.537017885685195,0,0,0,0,0,3,3,1,1
320,2007,12,19,6,39433.25,55.569348604677565,54.68235100164816,483,272,988.9892812944429,992.9892812944429,4.0,21.105391625231686,3.2232024704360085,269.470671475909,228125,1.4243294386620982,11.964004032397378,12.18064324867633,-33.36603446486846,35.51985819034634,0,0,0,0,0,3,3,1,1
320,2007,12,19,9,39433.375,54.85664540878234,55.02318165290555,486,271,989.8859549347917,993.8859549347917,4.0,20.410964593195786,3.9012722155662054,285.5992092681567,256250,0.8966736403487449,7.597196896939809,7.271783693820142,-26.416326528970437,27.398925989441555,0,0,0,0,0,4,4,1,1
320,2007,12,19,12,39433.5,54.27488769453018,55.651389296456614,489,271,991.672424515214,993.672424515214,2.0,18.85664898717843,4.460520768175774,178.96908195899073,100625,1.7864695804222719,15.245876080369387,13.595707353847832,-21.562835453725324,25.491157903396736,0,0,0,0,0,5,5,1,1
320,2007,12,19,15,39433.625,53.687802590875584,56.26006670809623,492,271,994.0578186748968,994.0578186748968,0.0,16.8816310277382,4.0948400027993195,14.104739588693906,625,2.38539415968291,20.509369222133937,13.360010071180577,-21.760295011661793,25.53429670260373,0,0,0,3,0,5,5,1,1
320,2007,12,19,18,39433.75,53.20249147609313,58.42738456464963,497,275,996.116888593338,996.116888593338,0.0,14.332333795019757,5.861196129155578,14.104739588693906,625,2.059069918441091,17.81520162327381,48.115877441089765,-17.98804460267475,51.3683502806328,0,0,0,0,0,4,4,1,1
320,2007,12,19,21,39433.875,52.92031390957785,59.09668203149381,499,276,997.7578944721464,997.7578944721464,0.0,11.712324342583754,6.815747342065806,14.104739588693906,625,1.6410058788085007,14.250757579394634,14.95700857540596,-10.45890460313563,18.251049038952775,0,0,3,0,0,5,5,1,1
320,2007,12,20,0,39434.0,52.71676013330859,59.27672801380265,500,276,999.7863331363809,999.7863331363809,0.0,8.70576829463538,6.728278117973824,14.104739588693906,625,2.028438664234418,17.662820035158628,4.0424488795714835,-7.544715740160992,8.559446742855625,0,0,0,0,0,4,4,1,1
320,2007,12,20,3,39434.125,52.71676013330859,59.27672801380265,500,276,,,,8.70576829463538,,0.0,0,0.0,,0.0,0.0,0.0,0,3,0,0,0,4,4,0,0
321,2007,12,17,6,39431.25,42.92791610300631,-23.235460379545543,279,172,996.3223409816554,998.3223409816554,2.0,14.928894436229777,9.792690336240776,138.1976597885342,60000,,,,,,3,0,0,0,0,1,1,1,1
321,2007,12,17,9,39431.375,42.75974975997331,-22.243136902942204,282,170,996.8523628957442,998.8523628957442,2.0,15.329023501762064,11.820554132001853,131.56025258885612,54375,0.5300219140888658,5.408691379027477,27.00430454601017,-6.233081392546132,27.714324232421227,0,0,0,0,0,1,1,1,1
321,2007,12,17,12,39431.5,43.123075196669646,-21.19942025043816,286,170,999.7704853843529,999.7704853843529,0.0,14.02443967480723,5.238997939300535,14.104739588693906,625,2.918122488608642,29.576212001780863,28.235740074182658,13.466648427183786,31.282705084410075,0,0,0,0,0,2,2,1,1
321,2007,12,17,15,39431.625,41.28226537634256,-20.412845846653035,286,162,996.7087990577643,1000.7087990577643,4.0,17.520672967249585,6.858968495419612,266.5012070418412,223125,-3.0616863265886787,-32.1506192360234,21.90850575428289,-68.22957097928476,71.66070736744582,0,0,0,0,0,2,2,1,1
321,2007,12,17,18,39431.75,42.06185128010489,-20.442972218199163,287,165,995.4768552109249,1005.4768552109249,10.0,19.45179674683182,7.809287873152863,507.18258721320063,808125,-1.231943846839422,-12.740325343968,-0.8290131351646228,28.895332460661486,28.90722229461753,0,0,0,0,0,2,2,1,1
321,2007,12,17,21,39431.875,43.068802935530336,-20.57252372919903,288,169,996.0473039432168,1008.0473039432168,12.0,19.96179289892589,7.677253474851896,606.6677887443901,1156250,0.5704487322919886,5.787557536843149,-3.507896029126248,37.3226384865498,37.48712683240539,0,0,0,0,0,1,1,1,1
321,2007,12,18,0,39432.0,41.79898349984374,-21.214957813770834,284,165,994.8414054733602,1012.8414054733602,18.0,21.57908982464911,7.187232511262481,861.6599152355247,2332500,-1.20589846985662,-12.534836381411772,-17.75136838418315,-47.06582633433517,50.3021181268222,0,0,0,0,0,1,1,1,1
321,2007,12,18,3,39432.125,41.15927437166407,-21.52437710692996,282,163,994.094435175028,1014.094435175028,20.0,21.391323185154953,6.6559852274994045,1072.1457813568145,3611250,-0.7469702983321622,-7.863141847146076,-8.634522383703034,-23.710803193931127,25.234047731111296,0,0,0,0,0,1,1,1,1
321,2007,12,18,6,39432.25,40.19374535412671,-21.974507991471963,279,160,992.625947711091,1012.625947711091,20.0,22.32410633579486,9.51949274072882,999.1493284509145,3136250,-1.4684874639370538,-15.7644633770018,-12.744403706502002,-35.78730942608647,37.988831803475605,0,0,0,0,0,1,1,1,1
321,2007,12,18,9,39432.375,39.451286921514864,-22.50872885489607,276,158,992.7525899063521,1014.7525899063521,22.0,22.63887576815149,10.635947671774556,1113.1133059892893,3892500,0.12664219526108356,1.3808192538870463,-15.289528634100744,-27.519203650302703,31.481363620399613,0,0,0,0,0,1,1,1,1
321,2007,12,18,12,39432.5,38.43349691516141,-22.352083264965664,275,154,992.8516680434491,1014.8516680434491,22.0,22.766197410064425,13.051291527147841,1087.9866218138768,3718750,0.09907813709694892,1.1042905628350432,4.548065368412424,-37.72436169867905,37.99753102726696,0,0,0,0,0,2,2,1,2
321,2007,12,18,15,39432.625,37.547428655303065,-22.532003027540473,273,151,991.2204850674746,1011.2204850674746,20.0,22.508083866052097,13.7829207074493,960.4695929056778,2898125,-1.631182975974516,-18.544198137389152,-5.287289407223953,-32.842098385673594,33.26497941754972,0,0,0,0,0,2,2,1,2
321,2007,12,18,18,39432.75,36.75411234561034,-22.47544638433632,272,148,991.8830950792061,1011.8830950792061,20.0,21.13610668317093,11.744657229375589,1021.2065239752654,3276250,0.6626100117315946,7.671848407235659,1.6795547573746474,-29.4042496207384,29.452178186709965,0,0,0,0,0,1,1,1,2
321,2007,12,18,21,39432.875,36.09421690018247,-22.743613739446886,270,146,993.995999326533,1011.995999326533,18.0,19.022040363022658,10.019442828454121,998.9501955483986,3135000,2.112904247326951,24.84851851767115,-8.03169807354459,-24.45900854914341,25.743956050919024,0,0,0,0,0,0,0,1,2
321,2007,12,19,0,39433.0,34.630478017533534,-22.944930723151188,267,141,997.4599304364951,1013.4599304364951,16.0,15.596068170407186,6.403249671656449,1070.1027126150962,3597500,3.463931109962141,42.23051012066398,-6.139830626118637,-54.2534458943123,54.599761094024,0,0,0,0,0,0,0,1,2
321,2007,12,19,3,39433.125,33.49172481049997,-23.011858596251887,265,137,998.43728725954,1012.5565112772317,14.11922401769174,13.606712679126789,7.866143075747241,1072.2385556209397,3611875,0.9773568230448291,12.270974469003486,-2.068801556564344,-42.20785977411764,42.25853010448921,0,0,0,0,0,0,2,2,0
321,2007,12,19,6,39433.25,32.30897179519014,-22.557246634705653,265,132,999.7800801688559,1001.7800801688559,2.0,11.75467147362779,6.049094339351432,146.58075357087597,67500,1.3427929093159037,17.405815674593995,14.24139433486061,-43.838711592002284,46.09392526838819,0,0,0,2,0,0,0,1,1
321,2007,12,19,9,39433.375,31.308456275959873,-21.69510946079689,267,127,1001.7438845934262,1003.7438845934262,2.0,10.448164387347434,5.075643396070009,159.57691216057307,80000,1.9638044245702622,26.182548684070174,27.301791582253564,-37.08408325585073,46.05015802934535,0,0,0,0,0,0,0,1,1
321,2007,12,19,12,39433.5,30.53128669948793,-20.94004169016341,269,123,1004.0409388994002,1006.0409388994002,2.0,9.26211679141631,5.962982030951244,176.1681409986482,97500,2.2970543059740156,31.327133572426057,24.106238550006054,-28.80577134872694,37.561725200327736,0,0,0,0,0,0,0,1,1
321,2007,12,19,15,39433.625,30.228260663816638,-20.35833800044166,271,121,1003.4344645701397,1003.4344645701397,0.0,8.161579658472139,4.201650553800719,14.104739588693906,625,-0.6064743292605271,-8.3460309353369,18.629112689858168,-11.231652602620114,21.75301955585426,0,0,0,0,0,0,0,1,1
321,2007,12,19,18,39433.75,30.228260663816638,-20.35833800044166,271,121,,,,8.161579658472139,,0.0,0,0.0,,0.0,0.0,0.0,0,3,0,0,0,0,0,0,0
323,2007,12,17,3,39431.125,77.64033864304574,53.857958763628346,404,327,983.7256912865946,1011.7256912865946,28.0,23.92250139410688,1.394725066992105,1283.6862903520125,5176875,,,,,,3,0,0,0,0,5,5,1,1
323,2007,12,17,6,39431.25,76.08864412264842,56.18175421019668,411,325,983.9444419072712,1009.9444419072712,26.0,23.905202181295067,2.8083547670859117,1210.627144168464,4604375,0.2187506206765829,1.5613447953025303,20.70641623940211,-57.51351945678117,61.127412784976606,0,0,0,0,0,6,6,1,2
323,2007,12,17,9,39431.375,75.775439967977,55.93381678575579,412,324,985.044280164106,1008.9411532783139,23.896873114207846,23.27471412758395,3.9493127279797045,1148.3025313550227,4142500,1.0998382568347733,7.860917848306701,-2.2581414959677253,-11.608904334486557,11.826489879210659,0,0,0,0,0,8,9,2,0
323,2007,12,17,12,39431.5,71.63197712034292,65.78824568903032,434,326,984.9547474850747,1008.9547474850747,24.0,23.588056949360812,6.003311002979972,1168.7374808254383,4291250,0.013594206760753878,0.09923947714817585,13.669539331028279,-49.30197110821783,51.16190634327531,0,0,0,0,2,8,8,1,1
323,2007,12,17,15,39431.625,69.19458663849635,69.4076686677801,446,327,984.8879676979512,1004.8879676979512,20.0,22.96154902825373,10.103930644930442,935.3899185086906,2748750,-0.0667797871233779,-0.4949377795221963,47.6438822021153,-90.34181861102529,102.13512471836727,0,0,0,0,0,8,8,1,1
323,2007,12,17,18,39431.75,69.13548586927509,70.78290482302133,447,329,984.1932267948406,1004.1932267948406,20.0,22.918548048162304,11.120098891741,939.3163555297516,2771875,-0.6947409031106508,-5.1510875002376615,18.154162954350024,-2.1905685660644867,18.28584762092599,0,0,0,0,0,8,8,1,1
323,2007,12,17,21,39431.875,69.20938682859492,71.36883352118407,447,330,983.4889327049506,999.4889327049506,16.0,22.82213281540827,10.441376761463689,756.4139213521679,1797500,-0.704294089890027,-5.219357071486254,7.708656055707467,2.739137250176956,8.180846598030204,0,0,0,0,0,7,7,1,1
323,2007,12,18,0,39432.0,69.28106303243446,71.95883040316482,447,331,982.9017013330583,996.9017013330583,14.0,22.08651296974846,16.09580626405448,698.1489907025073,1531250,-0.5872313718922669,-4.3497703229990305,7.736596450134813,2.6566767426994695,8.180027869600375,0,0,0,0,0,6,6,1,1
323,2007,12,18,3,39432.125,69.06428441035916,72.14968169778317,448,331,982.1509782438443,994.1509782438443,12.0,21.756935636676342,16.034051227397505,627.3042298555871,1236250,-0.7507230892140069,-5.568803879864771,2.5276463317161935,-8.034894326590328,8.423094610516479,0,0,0,0,0,6,6,1,1
323,2007,12,18,6,39432.25,68.77691307040506,71.75731817187658,449,330,982.2489381425527,1010.2489381425527,28.0,20.893767015640137,12.462547649807457,1368.5232160375938,5883750,0.09795989870835911,0.7280648956750895,-5.264540080169665,-10.651411688648794,11.881412088501811,0,0,2,0,0,5,5,1,2
323,2007,12,18,9,39432.375,66.24356687437778,72.59729586864373,460,328,982.3044169309057,1012.3044169309057,30.0,21.5753574046834,2.878848929734086,1512.4332777310428,7186250,0.055478788353066195,0.4199524666276504,12.542121339715882,-93.89841481084153,94.7323445909,0,0,0,0,0,7,7,1,2
323,2007,12,18,12,39432.5,66.15670669697604,73.79400131100573,461,330,982.4462070749207,1012.4240991634673,29.97789208854665,21.101745347013626,3.473177862693264,1520.9592689617625,7267500,0.14179014401495807,1.0740131398885198,17.929985642176508,-3.219470351506263,18.216733364488913,0,0,0,1,0,8,7,2,0
323,2007,12,18,15,39432.625,65.99894667542831,74.46147497096791,462,331,982.3263277202116,990.3263277202116,8.0,21.250826429150052,4.202673715930578,524.726644596002,865000,-0.11987935470911908,-0.9091559964418485,10.062989801663049,-5.847371341148201,11.63853579062486,0,0,0,2,0,6,6,1,1
323,2007,12,18,18,39432.75,65.77799127965785,74.60445074600491,463,331,982.1810867791671,990.1810867791671,8.0,21.368988182585085,4.976788560044588,508.1622724746498,811250,-0.14524094104446703,-1.1033991644749521,2.174199611818249,-8.18970634147195,8.473395654138693,0,0,0,0,0,6,6,1,1
323,2007,12,18,21,39432.875,65.33533789695082,74.88283234541284,465,331,982.083472968369,990.083472968369,8.0,21.40994525803498,4.711710203441471,479.7685238181572,723125,-0.09761381079806597,-0.7441833437632269,4.305853080291344,-16.406936806358388,16.9625453902677,0,0,0,0,0,6,6,1,1
323,2007,12,19,0,39433.0,65.45110265503061,75.899881664987,465,333,982.7344487058424,990.7344487058424,8.0,20.977578376497764,7.022015083190491,481.6309059398467,728750,0.6509757374733454,4.958286433205892,15.661751878385688,4.29081792756948,16.23889129182375,0,0,0,0,0,6,6,1,1
323,2007,12,19,3,39433.125,65.05954857124897,76.65554901025965,467,334,982.9220765107415,990.9220765107415,8.0,20.95725942489833,6.273747315775909,446.2539888266928,625625,0.18762780489909348,1.4336129418700414,11.810567409426296,-14.512942541158877,18.71136028554797,0,0,0,0,0,6,6,1,1
323,2007,12,19,6,39433.25,65.1115626938326,77.16118372009919,467,335,983.288666953762,993.288666953762,10.0,20.90248201987503,9.243229287291832,509.7258523927535,816250,0.366590443020541,2.7998368399634224,7.8873227696814086,1.9279021817223962,8.119523834279002,0,0,0,0,0,6,6,1,1
323,2007,12,19,9,39433.375,64.93719398460563,77.77908066806957,468,336,983.7051485880886,993.7051485880886,10.0,20.722416822935003,10.500637123816633,471.40225847152965,698125,0.41648163432662844,3.1853933642684837,9.70165348403255,-6.4629719438665925,11.657276125727126,0,0,0,0,0,7,7,1,1
323,2007,12,19,12,39433.5,65.03046475686224,78.7916556810735,468,338,985.7592963387889,993.7592963387889,8.0,18.913627936349556,8.312665342479013,398.69286350903053,499375,2.0541477507002126,15.698891250044815,15.843057115683175,3.457078893051816,16.21585191235982,0,0,0,0,0,11,11,1,1
323,2007,12,19,15,39433.625,65.1157281996084,79.81137199154652,468,340,985.8042203279161,993.8042203279161,8.0,18.68074697580648,8.093219714825027,378.7326134115871,450625,0.04492398912727367,0.34309568121954426,15.903784440919189,3.1602874205403864,16.214739471346714,0,0,0,0,0,12,12,1,1
323,2007,12,19,18,39433.75,65.41947998052778,80.75388725443676,467,342,986.153768177652,994.153768177652,8.0,17.80809633300311,7.697765542054258,361.8078781523198,411250,0.3495478497358272,2.6630726052500044,14.531544621697845,11.258552332495368,18.382621948893267,0,0,0,0,0,10,10,1,1
323,2007,12,19,21,39433.875,66.20227122332705,82.10030838573478,464,345,985.891822008623,991.891822008623,6.0,17.472214224791177,6.816475879541468,270.5758189903005,230000,-0.26194616902896084,-1.983458540189104,20.136756832116486,29.01413827368907,35.31726483577882,0,0,0,0,0,9,9,1,1
323,2007,12,20,0,39434.0,66.42914131135508,82.02496027000711,463,345,985.9072863876787,999.9072863876787,14.0,16.425199571629218,8.907372035371008,766.4728851616075,1845625,0.01546437905577477,0.11689320099067782,-1.1167833471106512,8.408934265373974,8.482769625762815,0,0,2,0,0,8,8,1,2
323,2007,12,20,3,39434.125,66.65586897965717,81.94817051998298,462,345,985.6757621365306,999.6757621365306,14.0,16.039903209356517,9.801144316606369,751.0028825390114,1771875,-0.2315242511482211,-1.7470587668497044,-1.1278186972961417,8.40365548171421,8.478997609936924,0,0,0,0,0,8,8,1,2
323,2007,12,20,6,39434.25,66.88245412317008,81.86989764584403,461,345,986.4505355880136,998.4505355880136,12.0,14.754236918847413,11.171107166978835,664.2718417352039,1386250,0.7747734514830518,5.836446991592635,-1.1390585224311254,8.39837280388812,8.475265191757163,0,0,0,0,0,9,9,1,2
323,2007,12,20,9,39434.375,66.88245412317008,81.86989764584403,461,345,987.2136065400096,999.2136065400096,12.0,14.015526610982192,11.25001156131082,688.9699687007974,1491250,0.7630709519959055,5.7482908760273315,0.0,0.0,0.0,0,0,0,0,0,11,11,1,2
323,2007,12,20,12,39434.5,66.91371730902029,82.42384510431093,461,346,987.8779671998532,999.8779671998532,12.0,13.420866424157301,9.6703176403822,711.41599576635,1590000,0.66436065984366,5.003531480525019,8.050936641814907,1.1587692190963996,8.133899858840357,0,0,0,0,0,9,9,1,2
323,2007,12,20,15,39434.625,66.94278313806109,82.97922085479881,461,347,988.8813984911046,998.5405324621554,9.65913397105076,12.65755174148403,7.618081239188905,629.6782924459793,1245625,1.0034312912514725,7.555557670373774,8.062087578449916,1.0773242426846892,8.133749667064544,0,0,0,0,0,9,10,2,0
323,2007,12,20,18,39434.75,65.04915786965526,91.29606349801713,470,362,989.3317257502188,999.3317257502188,10.0,17.246064922343887,10.693421200895246,636.9035729256575,1274375,0.4503272591141285,3.441118172699791,129.94420187901588,-70.18717427088929,147.68796509569296,0,0,1,0,0,10,10,1,1
323,2007,12,20,21,39434.875,65.03461765527122,92.33202368162306,470,364,990.6436634611458,998.6436634611458,8.0,16.466321904797663,9.11646184608515,573.1108215745878,1031875,1.3119377109270136,10.026188412413727,16.206417483907245,-0.5389326906098667,16.215375916324064,0,0,0,0,0,12,12,1,2
323,2007,12,21,0,39435.0,64.99726469823499,93.88289856036369,470,367,993.4894208920252,993.4894208920252,0.0,14.543301616324943,7.714278609465182,14.104739588693906,625,2.8457574308794573,21.75466772725071,24.295302374855424,-1.3844864392002922,24.334718411890144,0,0,0,2,0,12,12,1,1
323,2007,12,21,3,39435.125,63.179665865379285,97.9935214936398,477,376,995.8520716924718,995.8520716924718,0.0,15.260606167720947,3.7451940483023645,14.104739588693906,625,2.362650800446572,18.34205810933531,68.73228182849746,-67.36925629620856,96.24314655733279,0,0,0,0,0,14,14,1,1
323,2007,12,21,6,39435.25,62.7265256032199,100.75096699318806,478,382,997.2977898705975,999.2977898705975,2.0,15.242819130051137,4.42294239978728,204.88317705582224,131875,1.4457181781256805,11.269011268657422,46.83049503638885,-16.79563273683654,49.75126676160051,0,0,0,0,0,16,16,1,1
323,2007,12,21,9,39435.375,62.65962740743339,103.63397278940437,477,388,999.8918948380018,1001.8918948380018,2.0,14.504610783084063,5.090195787679841,173.32194179790176,94375,2.5941049674042733,20.232591709454397,49.07343334122884,-2.4795799910446177,49.13603745549716,0,0,0,0,0,15,15,1,1
323,2007,12,21,12,39435.5,62.58716474580971,106.04278240121175,476,393,1002.3088856349241,1004.3088856349241,2.0,14.925336811723149,7.163437573997944,157.06373285785546,77500,2.416990796922328,18.863548484326873,41.10314357628608,-2.6858267812380907,41.19080088261945,0,0,0,0,0,15,15,1,1
323,2007,12,21,15,39435.625,62.097872392647176,109.16946985717684,476,400,1004.2397644549044,1006.2397644549044,2.0,14.848578124157594,4.048948754958547,155.15213547563297,75625,1.9308788199802802,15.137252973393764,54.227211508830166,-18.135609105883567,57.179461222232675,0,0,0,0,0,14,14,1,1
323,2007,12,21,18,39435.75,62.12787100492059,111.67187893193966,474,405,1006.7357527282187,1010.7357527282187,4.0,13.429144163002503,6.244976086221504,241.84590462993484,183750,2.4959882733142877,19.562045364881097,43.35872804897412,1.1118978303933529,43.37298254455334,0,0,0,0,0,16,16,1,1
323,2007,12,21,21,39435.875,61.89242435263948,113.98590367679458,473,410,1009.3083778082856,1013.3083778082856,4.0,11.990360674990319,5.960507514405836,275.3135333533663,238125,2.5726250800669366,20.206762374873065,40.40621203659053,-8.726824409701697,41.33786926564647,0,0,0,0,0,15,15,1,1
323,2007,12,22,0,39436.0,61.71423825233412,116.87253899165577,471,416,1012.9866360865036,1014.9866360865036,2.0,9.633431135630657,4.166055688472843,210.62867892778948,139375,3.6782582782179816,28.939202304297964,50.69658154374788,-6.60446345084486,51.12496765471274,0,0,0,0,0,13,13,1,2
323,2007,12,22,3,39436.125,61.57758207368089,119.32047587758073,469,421,1014.956620165556,1016.956620165556,2.0,7.858030921426735,4.067563822452794,233.04854500749258,170625,1.9699840790525196,15.519082919493956,43.18336283242956,-5.065157920290631,43.47940489789093,0,0,1,0,0,14,14,1,1
323,2007,12,22,6,39436.25,61.57758207368089,119.32047587758073,469,421,,,,7.858030921426735,,0.0,0,0.0,,0.0,0.0,0.0,0,3,0,0,0,14,14,0,0
328,2007,12,16,0,39430.0,41.45601293181685,-44.22838632126399,213,209,1005.0690453667049,1005.0690453667049,0.0,8.011651473173142,5.69502017557068,14.104739588693906,625,,,,,,3,0,0,0,0,1,1,1,1
328,2007,12,16,3,39430.125,41.75173294997103,-42.28291686549423,219,205,1000.3249255821693,1004.3249255821693,4.0,11.856344181610542,12.833300102805294,220.32307560268868,152500,-4.744119784535724,-49.35878839655789,53.794687178385466,10.96085524199379,54.899988308343865,0,0,0,0,0,1,1,1,1
328,2007,12,16,6,39430.25,42.304354168029846,-39.894346632492514,227,201,994.3886410215014,1002.3886410215014,8.0,16.864256319681513,22.45253378574351,278.90317035875347,244375,-5.936284560667846,-61.104883761150475,65.47456364142035,20.482891934759113,68.60369775781349,0,0,0,0,0,1,1,1,1
328,2007,12,16,9,39430.375,43.003738675130805,-38.022970699147336,234,199,987.9937313830678,999.9937313830678,12.0,23.001041275234076,33.9822947490387,269.470671475909,228125,-6.3949096384336,-64.95929651357959,50.72438769016075,25.92266965447717,56.964447759606024,0,0,0,0,0,1,1,1,1
328,2007,12,16,12,39430.5,43.44849942137877,-35.93349726018383,241,196,987.2267642393838,1001.2267642393838,14.0,24.65106335207686,31.706063331332995,463.9580374686793,676250,-0.7669671436840144,-7.7267508157482885,56.2239701362775,16.485046184474044,58.59088295621825,0,0,0,0,0,1,1,1,1
328,2007,12,16,15,39430.625,43.551687602907435,-34.28153770040837,246,193,984.8302574649289,1000.8302574649289,16.0,26.180854498012597,26.07238931958571,571.8945777447492,1027500,-2.3965067744549016,-24.097644505030594,44.375787018730286,3.8246674252218726,44.54030258591947,0,0,0,0,0,1,1,1,1
328,2007,12,16,18,39430.75,46.22203178700938,-31.47945619267479,260,197,982.8203472615946,1000.8203472615946,18.0,26.841730560484265,24.13257839414713,582.066220551298,1064375,-2.0099102033342935,-19.286092386061657,71.85279151326996,98.97624188897976,122.3074818100482,0,0,0,0,0,2,2,1,1
328,2007,12,16,21,39430.875,46.80511266757985,-30.859297614969474,263,198,980.398826784126,1004.398826784126,24.0,30.683093921388263,17.87428578311541,722.92810457058,1641875,-2.4215204774685843,-23.012486042145643,15.733574942921129,21.611878580959267,26.73235261406376,0,0,0,0,0,1,1,1,1
328,2007,12,17,0,39431.0,48.57737358244138,-30.039711179300816,269,203,978.2968170583027,1006.2968170583027,28.0,32.9810401637101,18.516301024791172,804.2175700578106,2031875,-2.1020097258233,-19.42142212389117,20.09820030331376,65.68880747434912,68.69466560683024,0,0,0,0,0,2,2,1,1
328,2007,12,17,3,39431.125,48.27912660488842,-29.452060441711225,270,201,977.2088366825409,1005.2088366825409,28.0,34.045151308927885,17.19396391290953,795.0119922074693,1985625,-1.0879803757618356,-10.098863532269228,14.495443766127211,-11.054516930321316,18.22965261708837,0,0,0,0,0,1,1,1,1
328,2007,12,17,6,39431.25,48.95499036162678,-28.495638618244985,274,202,978.3574548065976,998.3574548065976,20.0,32.80503502096311,13.065661658494282,502.25549753153933,792500,1.1486181240568112,10.551476303737315,23.277985891029623,25.050873617412726,34.196650364305555,0,0,0,0,0,2,2,1,1
328,2007,12,17,9,39431.375,49.717487248908824,-27.948035145998485,277,204,982.4643834803235,998.4643834803235,16.0,29.638604953434086,12.07247618719528,469.0753764850008,691250,4.106928673725779,37.29835601383063,13.123079223739802,28.26192848267706,31.16009964477816,0,0,0,0,0,2,2,1,1
328,2007,12,17,12,39431.5,51.42990682451057,-27.70322818456618,281,210,988.0320331057126,1000.0320331057126,12.0,25.454054716625308,10.728209269079743,430.5990114968427,582500,5.567649625389167,49.33683542610354,5.65723136722242,63.470789697914256,63.72240902240863,0,0,0,0,0,3,3,1,2
328,2007,12,17,15,39431.625,52.60231182629575,-27.424814163458024,284,214,992.4828580842325,1002.4828580842325,10.0,21.495375557532512,10.475237722190942,460.9466878367608,667500,4.4508249785198135,38.81508217563758,6.267424963505923,43.45516272373889,43.9048036440183,0,0,0,0,0,3,3,1,2
328,2007,12,17,18,39431.75,53.136534807243,-26.6442984011123,287,215,998.9850613304911,1004.5065839491517,5.521522618660529,16.37948924385763,8.295624426529612,441.548191353528,612500,6.502203246258723,56.305991274109154,17.355194277767506,19.800961726089167,26.330226996687706,0,0,0,0,0,3,4,2,0
328,2007,12,17,21,39431.875,64.29311904548163,-26.90274341328656,308,258,993.7962862061061,1003.7962862061061,10.0,26.79716445699862,15.433956339184004,291.46003306679825,266875,-0.7102977430456667,-5.461654755534051,3.021656311019259,68.79411444640598,68.86044284875844,0,0,0,0,2,3,3,1,1
328,2007,12,18,0,39432.0,66.24139174089319,-27.41651812223355,311,266,989.797350407403,1005.797350407403,16.0,29.985542339034012,20.010395641546857,459.2170506381065,662500,-3.9989357987030236,-30.270866849956704,-7.6721213093987375,72.21267981662872,72.61909233586624,0,0,0,0,0,2,2,1,1
328,2007,12,18,3,39432.125,67.6694767466142,-27.987453190755975,313,272,984.9979939830114,1006.9979939830114,22.0,33.27059298642166,39.04390086871208,487.7874946350957,747500,-4.79935642439159,-35.94664786764659,-8.040336014064406,52.931935817780335,53.53911497808567,0,0,0,0,0,4,4,1,1
328,2007,12,18,6,39432.25,68.49319351269187,-26.43086926896217,317,274,985.886771556436,1007.886771556436,22.0,32.226614257754996,27.36196333905558,542.2534069623507,923750,0.8887775734245952,6.618447533034322,21.151008591337295,30.531041793300034,37.14175113554903,0,0,0,0,0,3,3,1,1
328,2007,12,18,9,39432.375,69.39275492229889,-24.18493403363269,322,276,989.6312464047282,1007.6312464047282,18.0,29.20499890474344,25.759001756212964,533.934726172926,895625,3.7444748482923025,27.715882431654066,29.29745578700318,33.3422216511763,44.385185143554104,0,0,0,1,0,4,4,1,2
328,2007,12,18,12,39432.5,72.37151195209448,-18.203918706026535,335,285,985.6824666863754,1009.6824666863754,24.0,33.905869215334846,16.542621672016104,613.0290444797357,1180625,-3.948779718352889,-28.70597499902376,67.10859875365632,110.40755647336096,129.20291232436531,0,0,1,0,0,6,6,1,1
328,2007,12,18,15,39432.625,73.2878064619282,-15.99830057611188,339,288,980.8979001687477,1008.8979001687477,28.0,37.719668658391726,18.96869786800038,632.515405501915,1256875,-4.784566517627682,-34.61034454559226,23.50739439278047,33.96243360192436,41.3042913908815,0,0,0,0,0,5,5,1,1
328,2007,12,18,18,39432.75,75.20608329269095,-11.821488340607255,346,295,977.0861383219709,1011.0861383219709,34.0,38.81416267743192,16.01434459608077,752.3262366623624,1778125,-3.8117618467767898,-27.314109690079025,39.52236314956965,71.10088382687354,81.34711346992607,0,0,0,0,0,5,5,1,1
328,2007,12,18,21,39432.875,75.81109642192688,-8.642802580004535,350,297,974.1077031883679,1010.1077031883679,36.0,40.429304637165316,11.987982762894244,792.8821004493585,1975000,-2.9784351336030523,-21.28453461305488,28.87600142119746,22.42479684146119,36.56083931555464,0,0,0,0,0,5,5,1,1
328,2007,12,19,0,39433.0,76.34574893409948,-6.1322224976793045,353,299,972.1556538301994,1008.1556538301994,36.0,40.60422127220443,12.840631341693733,849.8032444510171,2268750,-1.9520493581684422,-13.917533127033886,21.965022698880848,19.8168822904537,29.583289977215998,0,0,0,0,0,5,5,1,1
328,2007,12,19,3,39433.125,75.71147760591268,4.053554231831407,364,296,973.5777300195493,1007.5777300195493,34.0,38.955648580802254,5.525387441016937,853.307602594411,2287500,1.4220761893499003,10.166945358445078,93.06241954947129,-23.509251270159297,95.98593036318032,0,0,0,0,0,5,5,1,1
328,2007,12,19,6,39433.25,75.73631853601832,10.425808525884788,371,297,973.749797696799,1007.749797696799,34.0,37.55384998075804,5.708587829858224,914.3092138823606,2626250,0.172067677249579,1.2300393629415645,58.16481088904168,0.9207284669596542,58.172097836229455,0,0,0,0,0,5,5,1,1
328,2007,12,19,9,39433.375,75.36803293049896,16.488753705891256,378,297,972.9990818928032,1006.9990818928032,34.0,38.01379658157989,6.516075713300888,928.987448201429,2711250,-0.7507158039956994,-5.375446068178088,56.74228938425798,-13.650496963323992,58.36114693794659,0,0,0,0,0,6,6,1,1
328,2007,12,19,12,39433.5,74.84368882786663,22.195459528678953,385,297,975.1003050663152,1007.1003050663152,32.0,34.59838425348693,4.340210814735328,975.778892499353,2991250,2.101223173511971,15.082322625178458,55.28101446761997,-19.434801342903103,58.597799137914016,0,0,0,0,0,8,8,1,1
328,2007,12,19,15,39433.625,73.96470606621087,28.898697600841576,394,297,974.8283020024223,1004.8283020024223,30.0,32.605576222557325,2.9377949883073597,952.8792947374095,2852500,-0.27200306389291656,-1.9607832034052868,68.59453027540168,-32.579474568047736,75.93834174402986,0,0,0,0,0,8,8,1,1
328,2007,12,19,18,39433.75,73.96470606621087,28.898697600841576,394,297,,,,32.605576222557325,,0.0,0,0.0,,0.0,0.0,0.0,0,3,0,0,0,8,8,0,0
345,2007,12,18,6,39432.25,37.50517717228237,158.0337449115337,444,569,1001.758765623341,1003.758765623341,2.0,8.47723688789153,8.413977922686609,200.46601490203662,126250,,,,,,3,0,0,0,0,16,16,1,1
345,2007,12,18,9,39432.375,37.601945613766674,160.4401734078991,435,572,1001.6274490226533,1003.6274490226533,2.0,9.816039631252858,8.883214887510476,198.97183743964612,124375,-0.13131660068771453,-1.4910353084885057,70.66386949467172,3.5867199174518016,70.75483737332905,0,0,0,0,0,19,19,1,1
345,2007,12,18,12,39432.5,38.46389115229306,163.11541315334156,424,572,999.3717319966404,1003.3717319966404,4.0,11.350195133635138,10.963377003845963,323.1801841141507,328125,-2.2557170260128623,-25.12464767581634,77.63777854183206,31.94799030934859,83.95414666183434,0,0,0,0,0,19,19,1,1
345,2007,12,18,15,39432.625,39.55981148051996,166.31486833447053,411,571,995.5672377678227,1001.5672377678227,6.0,14.10835353449982,14.35180171872358,326.54833007009836,335000,-3.8044942288177843,-41.38639837949993,91.42159432701492,40.62026016849037,100.03955940251403,0,0,0,0,0,17,17,1,1
345,2007,12,18,18,39432.75,41.06571930733973,168.6900675259798,401,567,992.8966036691744,998.8966036691744,6.0,16.23312165976964,15.10207821548167,249.5383166664071,195625,-2.6706340986482973,-28.165645316203477,66.37379725797396,55.81643677889702,86.72344306550127,0,0,0,0,0,16,16,1,1
345,2007,12,18,21,39432.875,42.95318006189435,171.115003874277,391,561,988.8311995072175,998.8311995072175,10.0,20.278550172977056,17.17100864812608,309.01936161855167,300000,-4.065404161956831,-41.33537667400713,65.78201040581345,69.95868671572835,96.02859334604446,0,0,0,0,0,16,16,1,1
345,2007,12,19,0,39433.0,44.94553104419561,173.40128421265007,382,554,982.2903251864889,996.2903251864889,14.0,25.28602363042068,22.02350085605722,332.2856328070812,346875,-6.540874320728617,-64.148230532767,59.97583411084971,73.84644044240113,95.13357684490403,0,0,0,0,0,15,15,1,1
345,2007,12,19,3,39433.125,46.783263447232926,174.97092641821456,376,547,974.6723599965168,992.6723599965168,18.0,30.414076545333558,33.26766200902304,312.5401515368078,306875,-7.617965189972165,-72.42190254400805,39.837819989827956,68.11550658268737,78.90991153561168,0,0,0,0,0,16,16,1,1
345,2007,12,19,6,39433.25,47.61068029737427,176.74277805933306,370,544,969.0870612155014,991.0870612155014,22.0,35.98877415998018,28.53924168451158,320.08747962925327,321875,-5.585298781015299,-52.39247137643683,44.27388738423794,30.668185318646383,53.85828343765721,0,0,0,0,0,16,16,1,1
345,2007,12,19,9,39433.375,48.39159458399231,178.57973445360096,364,541,965.8143687212241,989.8143687212241,24.0,39.507233327012045,32.75207335828498,341.4395932149834,366250,-3.2726924942772895,-30.324806737873086,45.210960244088184,28.944568938726793,53.682576291020446,0,0,0,0,0,17,17,1,1
345,2007,12,19,12,39433.5,49.842765934191476,-179.5103044068708,358,535,964.730234769358,988.730234769358,24.0,40.66424150088689,20.72244974228306,364.00067324663405,416250,-1.084133951866097,-9.827712404605167,-45.6520619843605,53.787630611360406,70.54941509472668,0,0,0,0,0,19,19,1,1
345,2007,12,19,15,39433.625,51.024256596619594,-178.48814565717325,355,530,962.1615361228955,988.1615361228955,26.0,42.717878413815775,23.7658524002388,398.44329048707243,498750,-2.5686986464625807,-22.89192725440538,23.829956132344883,43.79192251330871,49.85578488682247,0,0,0,0,0,20,20,1,1
345,2007,12,19,18,39433.75,51.722662303609056,-177.7776967675289,353,527,961.0396184028998,987.0396184028998,26.0,43.339863823801856,22.924769367715708,406.35360642898377,518750,-1.1219177199956902,-9.901479707695223,16.312259668146076,25.88639045227814,30.597304229765435,0,0,0,0,0,17,17,1,1
345,2007,12,19,21,39433.875,52.41317997644323,-177.0420584709406,351,524,961.5602626871396,987.5602626871396,26.0,42.931005191484616,19.410730691458667,433.13264616000913,589375,0.5206442842398247,4.551985057102097,16.631429963847832,25.59402065918904,30.523079073798748,0,0,0,0,0,17,17,1,1
345,2007,12,20,0,39434.0,52.85914854524901,-176.3029506964264,349,522,961.9298239954954,987.9298239954954,26.0,41.521394634945906,17.428514797767786,472.66663872675434,701875,0.36956130835576917,3.211922659382354,16.540391492437653,16.529814098045975,23.384167824386296,0,0,0,0,0,15,15,1,1
345,2007,12,20,3,39434.125,53.2979401028707,-175.5467012556061,347,520,961.9547944419296,989.9547944419296,28.0,40.24874493610744,19.716515314373392,562.9540660051551,995625,0.024970446434163022,0.2157772752893541,16.75238202457073,16.263798353998357,23.348521160807596,0,0,0,0,0,17,17,1,1
345,2007,12,20,6,39434.25,53.53379613215863,-175.51889425189114,347,519,962.3843297825994,990.3843297825994,28.0,39.31542747542304,19.32658957395448,578.9819503985461,1053125,0.42953534066982685,3.700422890338732,0.6125747614320011,8.74199795844953,8.763434038313932,0,0,0,0,0,17,17,1,1
345,2007,12,20,9,39434.375,53.51458434042148,-175.16204475884004,346,519,963.0693966122943,993.0693966122943,30.0,38.015901267492175,17.332115381894617,692.7136157331284,1507500,0.685066829694988,5.903275569931079,7.864778749874098,-0.7120845909743921,7.896949363467791,0,0,0,0,0,19,19,1,1
345,2007,12,20,12,39434.5,53.47175832183221,-174.44950021041706,344,519,964.9126937973706,992.9126937973706,28.0,35.75740471431155,16.07787772681848,708.894726184826,1578750,1.843297185076226,15.892628796515963,15.719932517411747,-1.5873453318374067,15.799871630949578,0,0,0,0,0,18,18,1,1
345,2007,12,20,15,39434.625,53.423077272164235,-173.7386736956978,342,519,965.0640969599251,991.0640969599251,26.0,34.80929125902665,14.512703126224585,691.707703925589,1503125,0.15140316255448852,1.3061976373130222,15.700012542974774,-1.804361915603663,15.803357737267296,0,0,0,0,0,18,18,1,1
345,2007,12,20,18,39434.75,53.36856105554248,-173.02977696672778,340,519,966.2582564378466,988.2582564378466,22.0,33.55248793939656,12.427904429344707,590.0435899266436,1093750,1.194159477921494,10.309633156272135,15.677459558587246,-2.0206422360650285,15.807141843398146,0,0,0,0,0,17,17,1,1
345,2007,12,20,21,39434.875,53.10432579996165,-172.7212582796095,339,520,967.427092063486,987.427092063486,20.0,32.88054484654004,11.592687580247148,559.4089799551302,983125,1.1688356256394763,10.12583107138257,6.865252197735628,-9.793873287072227,11.960419796217055,0,0,0,0,0,19,19,1,1
345,2007,12,21,0,39435.0,53.007841730870176,-171.67008754211594,336,520,968.814229624667,986.814229624667,18.0,31.159183687782242,9.547348428037148,559.0532349398486,981875,1.3871375611808616,12.032247305952776,23.443218198877968,-3.5761796616649404,23.714416300906695,0,0,0,0,0,20,20,1,1
345,2007,12,21,3,39435.125,52.66456967422831,-170.68156442950766,333,521,969.4692550771008,985.4692550771008,16.0,30.204954483444098,8.598103829412722,502.45350877421384,793125,0.6550254524339106,5.70765620051085,22.221008089825524,-12.723370385806348,25.605807046498366,0,0,0,0,0,22,22,1,1
345,2007,12,21,6,39435.25,52.26647129926959,-169.3697008860492,329,522,970.7030084350488,986.7030084350488,16.0,29.12026486129812,7.673107695536382,553.1504118177702,961250,1.2337533579480078,10.808024327991316,29.75710907085088,-14.755506533617398,33.21461294849214,0,0,0,0,0,25,25,1,1
345,2007,12,21,9,39435.375,52.08018318252686,-168.01364346962518,325,522,971.9082652089285,985.9082652089285,14.0,27.91387190497284,7.112692109396011,503.8374085273672,797500,1.2052567738796642,10.58507383491435,30.88861410282128,-6.904764491987152,31.65094396511447,0,0,0,0,0,24,24,1,1
345,2007,12,21,12,39435.5,52.2779604771744,-166.17393819937126,320,520,973.3058088993316,987.3058088993316,14.0,25.880171009126578,5.088433565742162,533.3755344752541,893750,1.3975436904031084,12.240974243367562,41.718820648060706,7.330610590097787,42.357972660276246,0,0,0,0,0,22,22,1,1
345,2007,12,21,15,39435.625,52.95530398541028,-164.4664482751201,316,516,973.5261032649328,985.5261032649328,12.0,24.432221059548652,4.307733529709876,498.67785050179083,781250,0.22029436560114846,1.9121893517792996,38.126231320891186,25.105720570485403,45.64982716393785,0,0,0,0,0,20,20,1,1
345,2007,12,21,18,39435.75,53.960158884121576,-163.28340917873345,314,511,973.6158859017437,985.6158859017437,12.0,23.343149409955522,4.020846456273285,498.8772817637132,781875,0.08978263681099634,0.7692630977482652,25.798342636845536,37.24492225020923,45.30715965752226,0,0,0,0,0,23,23,1,1
345,2007,12,21,21,39435.875,54.56776829019656,-162.61302782308448,313,508,973.3539989234728,987.3539989234728,14.0,23.612381341459624,4.727074276050043,552.0703904584809,957500,-0.26188697827092255,-2.226806845076767,14.405123631321478,22.52102777901722,26.733953674249566,0,0,0,0,0,21,21,1,1
345,2007,12,22,0,39436.0,55.536746495679665,-162.52188546627403,314,504,972.6124807512545,986.6124807512545,14.0,23.814397607707164,5.871970736749717,540.0476212482546,916250,-0.7415181722183479,-6.230995001089647,1.9116413712788687,35.91515349295679,35.96599259237858,0,0,0,0,0,18,18,1,1
345,2007,12,22,3,39436.125,56.05535611869576,-162.65742307178076,315,502,972.6783686391561,986.6783686391561,14.0,23.806397208042288,7.061754832654843,545.5453634500474,935000,0.06588788790162653,0.5502616771845453,-2.805190688816357,19.22225299614577,19.425861758193818,0,0,0,0,0,18,18,1,1
345,2007,12,22,6,39436.25,56.279292088370276,-162.54228313517643,315,501,972.8159863465813,986.8159863465813,14.0,23.730608594899678,6.845930324417421,556.1990836336137,971875,0.1376177074252337,1.1463052511759957,2.3691695726067428,8.300181240345248,8.631684255482519,0,0,0,0,0,19,19,1,1
345,2007,12,22,9,39436.375,56.20818613438259,-162.1745577537532,314,501,973.328507100775,989.328507100775,16.0,23.101900028568288,10.075387797760195,659.7641770786996,1367500,0.5125207541936834,4.27265312252828,7.580533023569689,-2.635540445883721,8.025618628075943,0,0,0,0,0,19,19,1,1
345,2007,12,22,12,39436.5,57.17057478700912,-160.81285221298347,312,496,974.472648994549,988.472648994549,14.0,21.730190892525123,3.847610346643196,620.9290214188064,1211250,1.1441418937739218,9.43348570422409,27.362200287102088,35.67091187745386,44.956689810533966,0,0,0,0,0,22,22,1,1
345,2007,12,22,15,39436.625,57.83224847486255,-160.4141746989046,312,493,974.3303833962336,986.3303833962336,12.0,21.433338683928962,7.0894291847084245,546.4562763626826,938125,-0.14226559831527993,-1.1643865071163058,7.867247482687734,24.52491906116562,25.755877735200198,0,0,0,0,0,19,19,1,1
345,2007,12,22,18,39436.75,57.972651787439915,-159.89546754526893,311,492,974.8285594739813,984.8285594739813,10.0,20.181293744566254,8.372988981179297,468.0138784589843,688125,0.4981760777476302,4.071107832769678,10.19591400538116,5.2040453475643575,11.447215835504892,0,0,0,0,0,19,19,1,1
345,2007,12,22,21,39436.875,58.110280245682,-159.37236492240353,310,491,976.2566197561443,984.2566197561443,8.0,18.518466416430336,10.151386441954674,393.4185838987124,486250,1.4280602821630601,11.652670307076423,10.242798519459432,5.101195439477308,11.44277573065139,0,0,0,0,0,20,20,1,1
345,2007,12,23,0,39437.0,58.76417326885035,-158.9326163080915,310,488,978.213614810541,984.213614810541,6.0,16.230653936140957,10.246324686253502,359.87822237672265,406875,1.9569950543966843,15.857102247025045,8.452163861672663,24.236528914864582,25.668042539033483,0,0,0,0,0,16,16,1,1
345,2007,12,23,3,39437.125,59.28246863067967,-159.02321579816976,311,486,979.9418688450731,983.9418688450731,4.0,15.313154542874484,13.63989259962538,226.11617692741794,160625,1.7282540345321467,13.927824452788435,-1.7153210638460996,19.210604912942163,19.28703366184732,0,0,0,0,0,17,17,1,1
345,2007,12,23,6,39437.25,60.01697944102905,-158.96248897457818,312,483,981.4016248245853,985.4016248245853,4.0,15.217123965077798,16.75490408258229,227.86904174049369,163125,1.4597559795121198,11.676050622019133,1.1248413623704894,27.22462522547831,27.247852883452108,0,0,0,0,0,15,15,1,1
345,2007,12,23,9,39437.375,60.75011488944674,-158.89879163615865,313,480,983.6482274971524,985.6482274971524,2.0,14.252988244560234,17.15367485938121,146.58075357087597,67500,2.2466026725670964,17.83951134243953,1.1536014003326056,27.173647469110122,27.198123335375996,0,0,0,0,0,11,11,1,1
345,2007,12,23,12,39437.5,61.91290737415419,-158.4985656759521,314,475,986.5845858919758,988.5845858919758,2.0,12.208765002300009,10.17082582459887,233.04854500749258,170625,2.9363583948234737,23.059315211742483,6.984203220852963,43.098875013296386,43.6611053689885,0,0,0,0,0,11,11,1,1
345,2007,12,23,15,39437.625,63.63207130673342,-161.2545079875721,322,470,987.1217488077884,989.1217488077884,2.0,14.171310325595172,7.1032888278686,197.9694540487982,123125,0.5371629158125143,4.153725337488017,-45.36427685394806,63.72076912437305,78.21926893217106,0,0,0,0,0,11,11,1,1
345,2007,12,23,18,39437.75,63.84606121155731,-162.66073851195955,325,470,987.6997568108802,989.6997568108802,2.0,13.836760961114742,3.7659218887089083,193.39444569737623,117500,0.578008003091818,4.461340073364723,-22.97405510699906,7.931530589856051,24.30465769265743,0,0,0,0,0,10,10,1,1
345,2007,12,23,21,39437.875,64.20031358915648,-163.4689189965943,327,469,988.8059460623219,992.8059460623219,4.0,14.06871806471374,6.0508478358248245,294.1776679257249,271875,1.1061892514416831,8.512411282923546,-13.037195017763676,13.130355713599855,18.503369830840715,0,0,0,0,0,13,13,1,1
345,2007,12,24,0,39438.0,64.54893178732104,-164.29900874500976,329,468,990.4912094115731,994.4912094115731,4.0,13.152426381738696,6.118839808346893,306.7578199542485,295625,1.6852633492511813,12.930741562706732,-13.22182989742879,12.9215249906221,18.487363087249985,0,0,0,0,0,17,17,1,1
345,2007,12,24,3,39438.125,64.72696676680106,-165.7775303855345,332,468,990.5271775676033,996.5271775676033,6.0,13.618126431947983,4.532633490572407,420.78483122581025,556250,0.03596815603028517,0.2755714001100274,-23.395943527944826,6.598862161148801,24.308746479089063,0,0,0,0,0,17,17,1,1
345,2007,12,24,6,39438.25,65.3857909336557,-167.55666579210677,336,466,990.5645414187647,994.5645414187647,4.0,15.508652242376575,5.160252956772601,298.54106607209235,280000,0.037363851161353524,0.284737654768959,-27.465014835205007,24.41930163502178,36.75090927093109,0,0,0,0,0,15,15,1,1
345,2007,12,24,9,39438.375,66.42475910653584,-168.6900675259798,339,462,990.490955097239,1000.490955097239,10.0,18.089228134604948,5.771220364172332,527.1852799293833,873125,-0.07358632152579958,-0.5562478586903671,-16.80159883618226,38.50932992314635,42.0150236770341,0,0,2,0,0,13,13,1,2
345,2007,12,24,12,39438.5,66.46861563387783,-169.228545839802,340,462,990.868371382194,996.868371382194,6.0,18.805331152882168,7.262665463205995,306.43338007504707,295000,0.37741628495510665,2.851983329466709,-7.968507260565928,1.6255411135590994,8.132619004574286,0,0,0,2,0,13,13,1,1
345,2007,12,24,15,39438.625,66.5103505503596,-169.7689565554818,341,462,990.8406558333413,998.8406558333413,8.0,19.227485811705126,8.32960554425772,359.32498880999094,405625,-0.02771554885272053,-0.20936891900846658,-7.983724044299277,1.5469036589021838,8.132205146542196,0,0,0,0,0,13,13,1,1
345,2007,12,24,18,39438.75,66.81336969796345,-170.7666764907228,343,461,991.6159506640782,1001.6159506640782,10.0,19.35019236742277,8.6618458378777,434.737271143878,593750,0.7752948307369661,5.843386623638538,-14.560067742871508,11.231397296569074,18.388579551188464,0,0,0,0,0,13,13,1,1
345,2007,12,24,21,39438.875,66.88245412317008,-171.86989764584402,345,461,993.3298340003054,1003.3298340003054,10.0,19.08428650015309,7.443914687131473,440.19443796393267,608750,1.7138833362271544,12.910857002800308,-16.054311731884752,2.560612531044048,16.25723413495273,0,0,0,0,0,12,12,1,1
345,2007,12,25,0,39439.0,66.94278313806109,-172.9792208547988,347,461,995.1950619987579,1005.1950619987579,10.0,18.253056866212866,9.423690881925577,453.55017798064495,646250,1.865227998452465,14.04464643824985,-16.10328184838848,2.236093461781089,16.25779198595117,0,0,0,0,0,9,9,1,1
345,2007,12,25,3,39439.125,66.74225929175951,-173.5984637598503,348,462,995.7665012372257,1003.7665012372257,8.0,17.59700535834041,11.42928187844067,377.94386014985884,448750,0.5714392384678649,4.3092238825888325,-9.063060804329885,-7.432411459996184,11.720913413794305,0,0,0,0,0,9,9,1,1
345,2007,12,25,6,39439.25,66.74225929175951,-173.5984637598503,348,462,996.6794495562618,1002.6794495562618,6.0,16.560385471875072,8.866643693231527,324.1022407214287,330000,0.912948319036077,6.884544208947995,0.0,0.0,0.0,0,0,0,0,0,6,6,1,1
345,2007,12,25,9,39439.375,66.74225929175951,-173.5984637598503,348,462,997.8482601026136,1001.8482601026136,4.0,15.680786259348034,6.7779396278513,265.7536566014258,221875,1.1688105463517422,8.81400152720501,0.0,0.0,0.0,0,0,0,0,0,11,11,1,1
345,2007,12,25,12,39439.5,66.96964378666726,-173.53592568062317,348,461,999.4178669531792,1001.4178669531792,2.0,15.015965791940857,5.082829469653371,147.93175681757992,68750,1.5696068505656149,11.816345025512517,0.9068342682058704,8.428000743792571,8.476647033312204,0,0,0,0,0,9,9,1,1
345,2007,12,25,15,39439.625,67.19690152682038,-173.472158992115,348,460,1000.2885521027181,1002.2885521027181,2.0,14.425995857855781,4.905499699687498,163.27416503504918,83750,0.8706851495389129,6.543727012213163,0.916015041165975,8.42330258191187,8.472963468709485,0,0,0,0,0,10,10,1,1
345,2007,12,25,18,39439.75,67.44914895920284,-173.97600691768037,349,459,1000.930239299861,1000.930239299861,0.0,14.178540941416552,4.481976992543932,14.104739588693906,625,0.6416871971428918,4.813805112382579,-7.16194593385053,9.349544913348435,11.777413113503226,0,0,0,0,0,9,9,1,1
345,2007,12,25,21,39439.875,67.69947088221254,-174.49105030178396,350,458,1002.255003617574,1002.255003617574,0.0,13.881273576774479,4.232177051064936,14.104739588693906,625,1.3247643177129793,9.920206203973178,-7.243987044152652,9.278175955529406,11.771146815736158,0,0,0,0,0,8,8,1,1
345,2007,12,26,0,39440.0,67.94781057876074,-175.0175804096242,351,457,1003.6617292134564,1003.6617292134564,0.0,13.28867414217438,4.3656375236289024,14.104739588693906,625,1.4067255958824534,10.515360973550692,-7.327213855381828,9.204704780203008,11.764975689443286,0,0,0,0,0,9,9,1,1
345,2007,12,26,3,39440.125,67.94781057876074,-175.0175804096242,351,457,,,,13.28867414217438,,0.0,0,0.0,,0.0,0.0,0.0,0,3,0,0,0,9,9,0,0
347,2007,12,18,9,39432.375,45.36995285581035,-97.25319461272534,167,384,1009.0081855341563,1009.0081855341563,0.0,8.47574746176094,5.911305307985749,14.104739588693906,625,,,,,,3,0,0,0,0,9,9,1,1
347,2007,12,18,12,39432.5,44.66140814786178,-93.93017554572549,163,373,1009.8127982715424,1009.8127982715424,0.0,9.877944677229578,2.0448451680409927,14.104739588693906,625,0.8046127373861964,7.930566816520341,87.5997461398372,-26.26219227491062,91.4517264290199,0,0,0,0,0,10,10,1,1
347,2007,12,18,15,39432.625,44.96170184916658,-92.78200553725215,164,369,1010.7478703128843,1012.7478703128843,2.0,10.467691060851582,2.7254105704266838,269.470671475909,228125,0.9350720413419186,9.167927650915113,30.11212405390392,11.130378696136843,32.10335410758689,0,0,0,0,0,8,8,1,1
347,2007,12,18,18,39432.75,44.755549340784455,-91.6032800646805,163,365,1010.3377311348663,1012.3377311348663,2.0,10.884845784689196,2.683302441900669,238.949442004407,179375,-0.4101391780179984,-4.035782056036248,31.024344421284113,-7.641037682380733,31.951453857908014,0,0,0,0,0,7,7,1,1
347,2007,12,18,21,39432.875,44.774147713307066,-90.14579047291923,163,360,1010.0482460752144,1012.0482460752144,2.0,10.611932273046985,2.158263320175538,260.07854739300495,212500,-0.2894850596519245,-2.8476097276864283,38.34895848567398,0.6893482227868026,38.355153733340785,0,0,0,0,0,7,7,1,1
347,2007,12,19,0,39433.0,45.67774346659101,-86.8778695378843,167,349,1010.5698430658903,1014.5698430658903,4.0,11.888850952591573,3.3644390858284896,381.87133514830504,458125,0.5215969906758983,5.05119088481564,84.62363317726638,33.49175450091406,91.01020223947444,0,0,0,0,0,7,7,1,1
347,2007,12,19,3,39433.125,45.66388854917734,-86.58119850504619,167,348,1009.816730790226,1013.816730790226,4.0,12.963459656740337,3.7411243095190008,328.97623212397707,340000,-0.7531122756643163,-7.294928138523656,7.684801669609993,-0.5135321751599464,7.701940794122287,0,0,0,0,0,7,7,1,1
347,2007,12,19,6,39433.25,45.8569030586648,-85.66993971541054,168,345,1009.3239207379077,1015.3239207379077,6.0,13.82901773320908,5.190957059650755,408.7941905733129,525000,-0.4928100523183821,-4.757909187597247,23.52311092464657,7.154078074597887,24.586939229409364,0,0,0,0,0,7,7,1,1
347,2007,12,19,9,39433.375,45.8379508783823,-85.3725701932793,168,344,1009.7644321417845,1015.7644321417845,6.0,13.585430996045474,5.682342916899724,399.93839251484076,502500,0.44051140387688065,4.2543499782301675,7.678909619051338,-0.7024620987554152,7.710973086306749,0,0,0,0,0,8,8,1,1
347,2007,12,19,12,39433.5,45.91126801614406,-83.26398878588066,169,337,1011.4926177319737,1017.4926177319737,6.0,12.942386663336938,2.174957059918088,448.92086907395213,633125,1.7281855901892413,16.66968585845526,54.3761074158915,2.717497918402545,54.443969846449406,0,0,0,0,0,10,10,1,1
347,2007,12,19,15,39433.625,45.75337544127421,-81.78570111642357,169,332,1012.4872175732859,1018.4872175732859,6.0,13.474017706840907,4.330591737856885,428.28270092709715,576250,0.9945998413121561,9.619399288721482,38.230964315584345,-5.852284426791026,38.67629591250362,0,0,0,0,0,11,11,1,1
347,2007,12,19,18,39433.75,45.441413238173595,-81.24259665861844,168,330,1012.3524996238749,1018.3524996238749,6.0,12.331390300447705,3.9890906626376816,450.24838563097774,636875,-0.13471794941098778,-1.3099082315525095,14.124058169306373,-11.56287142988279,18.253465831834507,0,0,0,0,0,9,9,1,1
347,2007,12,19,21,39433.875,45.36494143842553,-80.65901555957066,168,328,1013.8810164353816,1017.8810164353816,4.0,10.099315024007776,4.727831010497393,361.8078781523198,411250,1.5285168115067063,14.881858569882533,15.197252681956451,-2.8344253877876913,15.459316167223179,0,0,0,0,0,8,8,1,1
347,2007,12,20,0,39434.0,45.08499666572097,-80.41705527646744,167,327,1016.0410306629996,1020.0410306629996,4.0,8.341417581475886,6.285162824938961,492.0512749486031,760625,2.1600142276179395,21.13240471995234,6.332095001157922,-10.376146155137103,12.155650378998882,0,0,0,0,0,6,6,1,1
347,2007,12,20,3,39434.125,44.218733708680205,-76.76773239348583,166,314,1017.0273589597793,1019.0273589597793,2.0,8.047140603726563,6.962154199728757,193.90811046849038,118125,0.9863282967798296,9.798520337301047,96.93199909145515,-32.1080153210153,102.11139552332256,0,0,0,0,0,7,7,1,1
347,2007,12,20,6,39434.25,44.218733708680205,-76.76773239348583,166,314,,,,8.047140603726563,,0.0,0,0.0,,0.0,0.0,0.0,0,3,0,0,0,7,7,0,0
350,2007,12,19,6,39433.25,41.599582632496954,-14.799257379816604,306,157,995.8084787163068,1001.8084787163068,6.0,22.023994155824163,7.346246650912362,318.5298670785572,318750,-0.7480325609249121,-7.805933893703118,-16.56147601062883,4.275491281425448,17.104453026863478,2,0,0,2,0,2,2,1,1
350,2007,12,19,9,39433.375,42.48683680640072,-15.352767998393867,305,161,996.6989473072878,1002.6989473072878,6.0,22.402615517229123,6.123197133057619,314.76015007415543,311250,0.8904685909808905,9.134079532970196,-15.129033857133145,32.88605426076918,36.199174442140745,0,0,0,0,0,1,1,1,1
350,2007,12,19,12,39433.5,42.354395425473214,-15.888195474488908,303,161,997.0648173433179,1005.0648173433179,8.0,22.279561240887837,7.403897977494562,387.81622093698076,472500,0.3658700360302464,3.7624577468919687,-14.665716456733406,-4.908936545645913,15.465474360603332,0,0,0,0,0,1,1,1,1
350,2007,12,19,15,39433.625,42.781345908763456,-17.195357236767503,299,164,996.6404059407055,1004.6404059407055,8.0,20.792172890483343,6.568265089424458,468.8632691368353,690625,-0.4244114026124589,-4.329208083083799,-35.55951224145384,15.824909223438764,38.92180189534116,0,0,0,0,0,1,1,1,1
350,2007,12,19,18,39433.75,42.5585418683454,-18.875676895683025,293,165,998.102555532305,1012.102555532305,14.0,17.81888357693931,5.368841514977394,1041.174387955578,3405625,1.4621495915994456,14.977706616706794,-45.87460746259136,-8.258226310132073,46.611993216726965,0,0,0,0,0,0,0,1,1
350,2007,12,19,21,39433.875,41.452486475830455,-19.901538454859462,288,162,999.9895699533273,1013.9895699533273,14.0,14.884747824296426,3.341035574259731,1090.4523687788123,3735625,1.8870144210223225,19.748707511232382,-28.498659919017058,-40.99591607850617,49.92833616590593,0,0,0,0,0,0,0,1,1
350,2007,12,20,0,39434.0,39.567814632796,-20.01684299268993,285,155,1001.097119406063,1011.097119406063,10.0,12.71328793231894,5.190426503295239,840.3868513787478,2218750,1.1075494527356933,12.046209390777099,-3.2945181273101745,-69.8553157784271,69.93296069947948,0,0,0,0,0,0,0,1,1
350,2007,12,20,3,39434.125,38.16724016705772,-18.678413842738326,288,148,999.9442406987832,1009.9442406987832,10.0,13.05446981076675,5.924185499887826,799.2547483969644,2006875,-1.1528787072797422,-12.925418039933831,39.002647729202444,-51.91225832600332,64.93141839197693,0,0,0,0,0,0,0,1,1
350,2007,12,20,6,39434.25,37.524076243424076,-17.39186360811661,292,144,998.895873951269,1006.895873951269,8.0,14.080350272036277,9.789944793433314,568.0551444347792,1013750,-1.0483667475142284,-11.924742228038049,37.81931354616343,-23.83885510295657,44.70560915279848,0,0,0,0,0,0,0,1,1
350,2007,12,20,9,39434.375,37.263239216423074,-16.51781425295957,295,142,998.974771409543,1006.974771409543,8.0,15.067807128499432,11.65278695176894,479.7685238181572,723125,0.07889745827400475,0.9027870762939856,25.783149320384187,-9.667918027853629,27.536147658496546,0,0,0,0,0,0,0,1,1
350,2007,12,20,12,39434.5,37.16247274471466,-15.9627110347303,297,141,999.8845112885136,1007.8845112885136,8.0,14.85398571260346,12.276557395449272,455.3013434827462,651250,0.9097398789705767,10.433868298724725,16.396633895730545,-3.7349068099494285,16.816632599590992,0,0,0,0,0,0,0,1,1
350,2007,12,20,15,39434.625,36.81357715348436,-15.34302930459487,299,139,999.0297839911951,1007.0297839911951,8.0,14.43150467901642,9.454147123599688,467.58860451522037,686875,-0.854727297318459,-9.88249784717978,18.38829599194148,-12.931806557821256,22.480236883452985,0,0,0,0,0,0,0,1,1
350,2007,12,20,18,39434.75,36.52109401065682,-14.489762593884448,302,137,1000.8047536066064,1008.8047536066064,8.0,13.53482516766571,6.574190129348499,540.5999114432898,918125,1.7749696154112462,20.66369337813352,25.416015334543957,-10.840880537159357,27.631477092380244,0,0,0,0,0,0,0,1,1
350,2007,12,20,21,39434.875,36.02874612651048,-13.346688625384406,306,134,1003.1498461840198,1009.1498461840198,6.0,12.690729207358006,5.066989362276217,440.8718342681659,610625,2.345092577413452,27.6224490494893,34.263743795972466,-18.248862287085363,38.82042134867998,0,0,0,0,0,0,0,1,1
350,2007,12,21,0,39435.0,35.75978494777775,-12.275229161994064,310,132,1004.4529843513659,1010.4529843513659,6.0,11.823866274346331,5.035064111273969,490.2284814948658,755000,1.3031381673460418,15.449328330575904,32.22641637623296,-9.969039513139764,33.73312409589242,0,0,0,0,0,0,0,1,1
350,2007,12,21,3,39435.125,35.71848569048017,-11.261703714777045,314,131,1004.3652843953691,1010.3652843953691,6.0,11.309006271320978,4.700198466522416,512.0622703772439,823750,-0.08769995599679532,-1.0407670434277632,30.49976029602629,-1.5307559618930733,30.538149779086698,0,0,0,0,0,0,0,1,1
350,2007,12,21,6,39435.25,35.95243104997679,-10.050887266844946,319,131,1004.4975324588869,1010.4975324588869,6.0,11.518537625332653,3.978486839794132,511.67360825644295,822500,0.13224806351776353,1.5605869304576014,36.32943359102429,8.671179029353839,37.34992758766408,0,0,0,0,0,0,0,1,1
350,2007,12,21,9,39435.375,36.080027022249915,-9.31994747210597,322,131,1006.4490659910563,1012.4490659910563,6.0,10.814445150235414,3.3524972724805413,541.8863995382676,922500,1.9515335321694147,22.958540206250763,21.895788218120085,4.729341592350585,22.40071904180541,0,0,0,0,0,0,0,1,1
350,2007,12,21,12,39435.5,36.23516095395211,-8.340618661637873,326,131,1008.0632587489054,1014.0632587489054,6.0,9.282625558027163,2.3272373473821064,623.8059280414735,1222500,1.6141927578490867,18.91971064553597,29.27840353016921,5.7500353852357495,29.837691268040295,0,0,0,0,0,0,0,1,1
350,2007,12,21,15,39435.625,36.52109401065683,-8.13010235415598,327,132,1007.3823401346785,1013.3823401346785,6.0,8.535928839689594,2.3214278063946403,657.8012629442804,1359375,-0.68091861422683,-7.927061588931379,6.270609268429574,10.598101755178735,12.314231661392338,0,0,0,0,0,0,0,1,1
350,2007,12,21,18,39435.75,36.590267769508586,-7.6358811472150645,329,132,1008.5857206482943,1014.5857206482943,6.0,8.24557773354109,2.8528863740953967,655.8324738116031,1351250,1.203380513615848,13.986622386841477,14.708087668892464,2.5639236804162127,14.929887726129275,0,0,0,0,0,0,0,1,1
350,2007,12,21,21,39435.875,36.623229072085614,-7.388336541952235,330,132,1010.4643753786036,1016.4643753786036,6.0,7.893420181025991,3.5160213822938386,666.0663659641269,1393750,1.8786547303092085,21.818280223312158,7.363818273523981,1.221709874053865,7.46447550614552,0,0,0,0,0,0,0,1,1
350,2007,12,22,0,39436.0,36.623229072085614,-7.388336541952235,330,132,,,,7.893420181025991,,0.0,0,0.0,,0.0,0.0,0.0,0,3,0,0,0,0,0,0,0
353,2007,12,15,0,39429.0,51.50045011584643,-162.21000456740168,308,520,994.9198429406057,1006.9198429406057,12.0,23.088743486268285,8.524999219429374,490.63413194201206,756250,,,,,,3,0,0,0,0,14,14,1,1
353,2007,12,15,3,39429.125,51.462343336359346,-158.98687015587808,299,517,995.5242301029125,1003.5242301029125,8.0,20.40694632866919,8.705443143596277,393.1656628928871,485625,0.6043871623068117,5.353264180503138,74.42438536142244,-1.4124268499087491,74.43778668144193,0,0,0,0,0,16,16,1,1
353,2007,12,15,6,39429.25,50.69003561436029,-153.95648247651792,284,514,995.9278657197193,1001.9278657197193,6.0,17.381439402887374,7.538207462871214,343.47285419209976,370625,0.4036356168067141,3.6142703763372235,118.09699485968537,-28.6255668315705,121.51676127727097,0,0,0,0,0,18,18,1,1
353,2007,12,15,9,39429.375,50.44504964434302,-151.13841857163405,276,511,994.9200332502172,998.9200332502172,4.0,16.453976340053018,7.29557223182077,241.43425172789108,183125,-1.0078324695020273,-9.056212291627718,66.51258646812147,-9.08039898833844,67.12955984115159,0,0,0,0,0,14,14,1,1
353,2007,12,15,12,39429.5,50.47266868864622,-149.2067661177604,271,508,993.4443874613374,997.4443874613374,4.0,16.872965749665898,7.5717145546419475,233.04854500749258,170625,-1.475645788879774,-13.25462804411426,45.56613460771204,1.023699201762048,45.57763248726091,0,0,0,0,0,12,12,1,1
353,2007,12,15,15,39429.625,50.26041140166157,-146.264205604628,263,504,992.629368557111,996.629368557111,4.0,16.048648610979605,5.558460987377621,253.88531259649034,202500,-0.8150189042264537,-7.343205354314764,69.72124164375614,-7.867311152010319,70.16370943094144,0,0,0,0,0,12,12,1,1
353,2007,12,15,18,39429.75,49.93966826168001,-143.35915336501387,255,500,992.4025106784064,996.4025106784064,4.0,16.07975649680622,6.210870593782529,255.05799926450496,204375,-0.22685787870461355,-2.0535470387150143,69.29506746586765,-11.888336640664978,70.30745993975978,0,0,0,0,0,11,11,1,1
353,2007,12,15,21,39429.875,49.778724851068496,-141.4674589277915,250,497,992.09071268908,996.09071268908,4.0,16.865566773524822,5.499048282720323,266.5012070418412,223125,-0.31179798932644187,-2.829129726625869,45.27534189184286,-5.965363578957508,45.66664150178348,0,0,0,0,0,11,11,1,1
353,2007,12,16,0,39430.0,49.97930355039362,-138.24406302962856,243,490,989.4544089939035,995.4544089939035,6.0,18.433280160401893,7.395454709212499,315.39156525252,312500,-2.636303695176466,-23.850296020602535,76.82421989382387,7.434444585972729,77.18310520182834,0,0,0,0,0,13,13,1,1
353,2007,12,16,3,39430.125,50.36228798003262,-136.87021809574847,241,486,987.8383588220926,995.8383588220926,8.0,19.158534250728703,7.583788525392082,385.2427603903705,466250,-1.61605017181093,-14.53891465113349,32.48396045539482,14.19530851990544,35.45016884082436,0,0,0,0,0,16,16,1,1
353,2007,12,16,6,39430.25,50.88192294811106,-136.18362869272872,241,483,986.5231406087555,994.5231406087555,8.0,19.983038594462325,8.845948699061555,369.69488416823555,429375,-1.315218213337066,-11.74470549119896,16.055874787906724,19.260257385809897,25.074860513521976,0,0,0,0,0,15,15,1,1
353,2007,12,16,9,39430.375,52.067314812096704,-134.5123881170751,241,476,984.939551096895,992.939551096895,8.0,20.07408768720688,8.110894322130989,362.6317301749511,413125,-1.5835895118604821,-13.910185850122836,38.07862203640305,43.936520453646914,58.141201275558224,0,0,0,0,0,15,15,1,1
353,2007,12,16,12,39430.5,52.73852441189128,-134.50394503960476,243,474,981.6224827705671,991.6224827705671,10.0,22.27352467440857,11.81948519899066,390.1178210895074,478125,-3.3170683263278624,-28.875335121400894,0.18947207773311997,24.87836740409375,24.87908889733133,0,0,0,0,0,13,13,1,1
353,2007,12,16,15,39430.625,53.40833633651975,-134.49520443144417,245,472,979.1222167017138,1001.1222167017138,22.0,23.773662115089678,10.433892582285772,905.673665267935,2576875,-2.5002660688533798,-21.574617649122644,0.19312138354973488,24.826562608237886,24.827313725200714,0,0,2,0,0,11,11,1,2
353,2007,12,16,18,39430.75,54.07678207778806,-134.48615028364586,247,470,978.0704626015815,1002.0704626015815,24.0,24.340823358326368,10.682994443689314,952.3571976653185,2849375,-1.0517541001322388,-8.998185394454868,0.19689187772045716,24.775925055399174,24.77670738339275,0,0,0,0,0,12,12,1,2
353,2007,12,16,21,39430.875,54.74389266923175,-134.4767654178158,249,468,976.8048860261971,1002.8048860261971,26.0,25.01777239392783,11.618003891322806,1003.7184813341327,3165000,-1.2655765753844752,-10.737675899842195,0.20079013036376667,24.726437759796234,24.72725300079911,0,0,0,0,0,10,10,1,2
353,2007,12,17,0,39431.0,55.90939019547977,-134.72973889350587,253,465,975.2724876298311,1003.2724876298311,28.0,25.948706015429636,14.008240832880404,1071.960208740737,3610000,-1.532398396366043,-12.819826399131898,-5.255531207680994,43.199137311854756,43.51765242707137,0,0,0,0,0,9,9,1,2
353,2007,12,17,3,39431.125,56.73751731253413,-135.5535651858824,257,464,974.3794310788961,1002.3794310788961,28.0,26.52887719472873,16.326664922997953,1081.2918203190275,3673125,-0.8930565509348526,-7.399574043554107,-16.747651477261282,30.694511344409538,34.966224512747985,0,0,0,0,0,8,8,1,2
353,2007,12,17,6,39431.25,57.55632937151335,-136.41792283145114,261,463,973.969430111052,999.969430111052,26.0,26.527108514430388,17.073303399697252,1004.6100153201148,3170625,-0.41000096784409834,-3.3659262367889142,-17.186991078191877,30.349248944624946,34.8779238749193,0,0,0,0,0,10,10,1,2
353,2007,12,17,9,39431.375,58.206768148029006,-137.02476508156104,264,462,975.7644515184234,997.3933157363568,21.628864217933586,24.587962402883907,16.512276735092456,922.9717400329058,2676250,1.7950214073712414,14.631685291077327,-11.850304085235466,24.108497347145,26.863531995064346,0,0,0,0,0,11,12,2,0
353,2007,12,17,12,39431.5,57.77623896738487,-144.46232220802563,277,475,975.3115522085781,995.3115522085781,20.0,27.12905772350568,6.814916345037492,844.1660131123269,2238750,-0.4528993098452338,-3.709080290295173,-146.9223749025449,-15.957553553355567,147.78642617781975,0,0,1,0,0,11,11,1,1
353,2007,12,17,15,39431.625,57.639870474301816,-144.13518835941017,276,475,976.7017118619995,992.7017118619995,16.0,25.934217203829103,5.448015989474588,703.9664083266964,1556875,1.390159653421433,11.402038479791294,6.489879446835844,-5.05449486166635,8.225962165064574,0,0,0,0,0,14,14,1,1
353,2007,12,17,18,39431.75,57.69074369127519,-143.5729983636114,275,474,978.395573963167,988.395573963167,10.0,24.671236886741134,4.625507197375919,478.5229089327537,719375,1.6938621011674695,13.885188268502995,11.137411717405795,1.8856145431755424,11.295905539992932,0,0,0,0,0,15,15,1,1
353,2007,12,17,21,39431.875,57.50237454312399,-143.8107329859849,275,475,980.2664697394699,994.2664697394699,14.0,23.36896935138478,4.960031294323199,659.7641770786996,1367500,1.8708957763029321,15.368431844847251,-4.7341738404218345,-6.9818978702566525,8.435597182300064,0,0,0,0,0,15,15,1,1
353,2007,12,18,0,39432.0,57.363762953029465,-143.48894388050473,274,475,980.8653387733069,996.8653387733069,16.0,22.60326111630971,5.724904083488073,726.0859102006478,1656250,0.5988690338369633,4.927003697326387,6.432323546191036,-5.1376351975488355,8.232258598099083,0,0,0,0,0,13,13,1,1
353,2007,12,18,3,39432.125,57.363762953029465,-143.48894388050473,274,475,981.6320177007168,997.6320177007168,16.0,21.274102636647807,5.437218326798538,759.6944204000615,1813125,0.7666789274099574,6.307605998274841,0.0,0.0,0.0,0,0,0,0,0,13,13,1,1
353,2007,12,18,6,39432.25,57.363762953029465,-143.48894388050473,274,475,982.3795276117082,998.3795276117082,16.0,19.882106527910008,5.086733672177361,794.3861462534231,1982500,0.7475099109913572,6.14989903826818,0.0,0.0,0.0,0,0,0,0,0,10,10,1,1
353,2007,12,18,9,39432.375,57.363762953029465,-143.48894388050473,274,475,982.5940074796989,994.5940074796989,12.0,18.971768203196277,4.452056107964818,642.6562668514705,1297500,0.21447986799073987,1.7645646090963845,0.0,0.0,0.0,0,0,0,0,0,14,14,1,1
353,2007,12,18,12,39432.5,57.363762953029465,-143.48894388050473,274,475,983.4087632191381,993.4087632191381,10.0,17.033152740734927,2.758122936914733,594.4106103225342,1110000,0.8147557394391334,6.703142613527355,0.0,0.0,0.0,0,0,0,0,0,15,15,1,1
353,2007,12,18,15,39432.625,57.363762953029465,-143.48894388050473,274,475,982.9627792813448,990.9627792813448,8.0,15.877449614877019,2.7052561158239405,520.7304814323977,851875,-0.4459839377933531,-3.6691904010756455,0.0,0.0,0.0,0,0,0,0,0,13,13,1,1
353,2007,12,18,18,39432.75,57.17543275833892,-143.7248468693745,274,476,983.4346438234672,997.4346438234672,14.0,14.671734323345682,2.0532741159954457,971.7950625371246,2966875,0.47186454212249374,3.890325109744089,-4.739703538668354,-6.980454061190391,8.437507246506799,0,0,0,0,0,12,12,1,2
353,2007,12,18,21,39432.875,56.94135023893759,-142.53944513950933,271,475,984.0001768962634,996.0001768962634,12.0,13.858683409949217,2.773147861626203,911.0395316473563,2607500,0.5655330727962428,4.674942212862519,23.967149813671284,-8.67626285786832,25.489248858485198,0,0,0,0,0,12,12,1,2
353,2007,12,19,0,39433.0,56.89631593102169,-143.09077787198962,272,476,984.3776006221104,994.0306597793737,9.653059157263197,13.551219576419978,1.9997663283432485,784.4315130902381,1933125,0.3774237258470384,3.12154645674853,-11.160737378361661,-1.6691955217319412,11.284869184821288,0,0,0,0,0,11,12,2,0
353,2007,12,19,3,39433.125,56.75512869839178,-142.77763789012934,271,476,985.5903674441344,995.2590642829222,9.668696838787874,12.895891039493897,2.023653558257938,819.04705916836,2107500,1.212766822023841,10.046563501740268,6.362905090076002,-5.233101325144058,8.238441033626422,0,0,0,0,0,12,13,2,0
353,2007,12,19,6,39433.25,56.79839141821598,-142.22818990997783,270,475,986.9712012864542,994.6136508113891,7.642449524934928,11.89909787224741,1.4489783054169676,765.5638953973107,1841250,1.3808338423198439,11.433175503995551,11.151724648939274,1.60353165243198,11.266422520308343,0,0,0,1,0,12,13,2,0
353,2007,12,19,9,39433.375,56.40761440239346,-135.0,255,464,987.8109477628013,996.2089181852472,8.397970422445797,10.005130265611475,2.3182288002229323,812.3399428778391,2073125,0.839746476347209,6.984358617866212,148.16272678696072,-14.484140536254284,148.86901603766157,0,0,1,0,0,14,15,2,0
353,2007,12,19,12,39433.5,50.51136218543917,-132.41874130256537,232,476,982.1554668377788,990.1554668377788,8.0,20.803712964604372,6.9005644496535385,466.9499673796933,685000,-0.05345134746836266,-0.47984639946264385,28.305675771863427,30.231302654915126,41.41428426418757,0,0,0,0,2,17,17,1,1
353,2007,12,19,15,39433.625,51.306011634262504,-131.17001409155242,232,471,981.613070409677,989.613070409677,8.0,21.47172459023097,6.468225901632832,402.6649950950149,509375,-0.5423964281017833,-4.814672541487884,28.934619345852163,29.453662390016234,41.288381233398084,0,0,0,0,0,16,16,1,1
353,2007,12,19,18,39433.75,51.95309013481774,-130.61993954493636,233,468,981.7448434979345,991.7448434979345,10.0,21.608236881865523,8.723444723382272,462.88480439247957,673125,0.13177308825746878,1.1592930587131989,12.565533653280356,23.98394880083723,27.07623378671603,0,0,0,0,0,13,13,1,1
353,2007,12,19,21,39433.875,52.77627467553669,-130.27759312008425,235,465,983.1483245323709,993.1483245323709,10.0,20.190259809800732,16.728036771395708,485.7439687054641,741250,1.4034810344364086,12.211292524805984,7.6759729222343305,30.51131487339289,31.46205485352476,0,0,0,0,0,13,13,1,1
353,2007,12,20,0,39434.0,52.898459323775285,-129.51244293990874,234,463,985.4761556520767,993.4761556520767,8.0,18.598610684740777,14.630224273087734,434.508401809172,593125,2.3278311197058064,20.221088334218397,17.10767040706788,4.528770999326873,17.69695322707302,0,0,0,0,0,11,11,1,1
353,2007,12,20,3,39434.125,54.199737001142836,-125.15627660930564,231,450,988.9779699198745,994.9779699198745,6.0,14.881174246714794,6.021945349078378,416.26907678964227,544375,3.501814267797745,29.913011371916017,94.43360190233345,48.23182529302893,106.03779580576759,0,0,0,0,0,13,13,1,1
353,2007,12,20,6,39434.25,54.199737001142836,-125.15627660930564,231,450,,,,14.881174246714794,,0.0,0,0.0,,0.0,0.0,0.0,0,3,0,0,0,13,13,0,0
356,2007,12,19,0,39433.0,57.94287383086149,-119.01519847976542,236,428,992.6656047519663,994.6656047519663,2.0,9.241682546045032,14.263843226675016,171.01087916602197,91875,,,,,,3,0,0,0,0,10,10,1,1
356,2007,12,19,3,39433.125,57.96106855474074,-118.1083042553255,235,426,993.4331557117673,995.3877817008232,1.9546259890559303,8.315183212089996,11.418193161660747,285.9472888723746,256875,0.7675509598010103,6.273239808038161,17.83194428022127,0.6743869956905395,17.844692057664446,0,0,0,1,0,10,11,2,0
356,2007,12,19,6,39433.25,59.627765987784265,-114.93939697957889,238,416,993.1291129948082,995.1291129948082,2.0,10.178286555518651,11.654915662157,276.3953195770684,240000,-0.3040427169590839,-2.441551154077832,59.38169830617468,61.77609960198315,85.68822892182853,0,0,1,0,0,9,9,1,2
356,2007,12,19,9,39433.375,61.953914393301076,-112.53097923046545,245,407,993.8557850934413,995.8557850934413,2.0,11.522830044784,6.9922761305858145,193.90811046849038,118125,0.7266720986331348,5.704401633875928,41.969738721792105,86.21863377193294,95.89114546126869,0,0,0,2,0,10,10,1,2
356,2007,12,19,12,39433.5,62.427604084573446,-111.40867990540212,246,404,993.046356229044,995.046356229044,2.0,12.81578537984203,6.836858804918447,148.60265258063356,69375,-0.8094288643973414,-6.326397629204582,19.25418243457624,17.557296824438193,26.057287138253123,0,0,1,0,0,14,14,1,1
356,2007,12,19,15,39433.625,62.88962349995921,-110.24845736208792,247,401,992.0423931026548,1000.0423931026548,8.0,14.272523564858236,8.17196085187119,531.3201297798244,886875,-1.003963126389135,-7.814205023179641,19.59674765453299,17.124738334060588,26.024780145958747,0,0,3,0,0,13,13,1,1
356,2007,12,19,18,39433.75,63.705201442684995,-108.27925415312424,249,396,991.4824274248613,1001.4824274248613,10.0,15.681600120271641,4.618870245384751,595.580875629886,1114375,-0.5599656777936616,-4.327318121533532,32.33186837779167,30.229376504771384,44.26245493266352,0,0,0,0,0,11,11,1,1
356,2007,12,19,21,39433.875,64.42072865387736,-106.67501769018877,251,392,990.4808793279293,1000.4808793279293,10.0,17.459332751846976,5.93637063536713,535.6087983996728,901250,-1.001548096931947,-7.692921294374036,25.672160178547788,26.52099858690714,36.911016977045556,0,0,0,0,0,10,10,1,1
356,2007,12,20,0,39434.0,64.61019212393333,-105.2104262164021,251,389,990.3319266787647,1002.3319266787647,12.0,18.44327963983436,6.5074428400819295,582.5786780714402,1066250,-0.14895264916456655,-1.1423079444005486,23.275523269635805,7.022458884899135,24.31182659253427,0,0,0,0,0,9,9,1,1
356,2007,12,20,3,39434.125,65.1115626938326,-102.83881627990081,252,384,988.993532240214,1002.993532240214,14.0,20.65116366770792,4.264543082892996,616.9110613925599,1195625,-1.3383944385507494,-10.221996036177568,36.99232620892154,18.583287913896278,41.39771476830607,0,0,0,0,0,10,10,1,1
356,2007,12,20,6,39434.25,65.93009704013798,-101.62589864330862,255,381,988.0230769096958,1004.0230769096958,16.0,22.13328612466743,6.370016953783924,651.419117787286,1333125,-0.9704553305181617,-7.363805351340887,18.335370601972905,30.338955531159833,35.449090789939675,0,0,0,0,0,11,11,1,1
356,2007,12,20,9,39434.375,66.46861563387783,-100.77145416019803,257,379,987.5366005331,1003.5366005331,16.0,23.508551823615345,7.477296715551711,588.186243927897,1086875,-0.4864763765958196,-3.6761066534150184,12.644176972738878,19.960178509211218,23.628032872787305,0,0,0,0,0,13,13,1,1
356,2007,12,20,12,39434.5,66.77556679274555,-99.7824070318073,258,377,987.0617216312392,1005.0617216312392,18.0,24.464240377603666,8.537160036295244,610.1013220409953,1169375,-0.4748789018607931,-3.5801683844999674,14.455735300269854,11.377137197919192,18.395856432679196,0,0,0,0,0,11,11,1,1
356,2007,12,20,15,39434.625,67.07513332405003,-98.767581244553,259,375,987.4868378715012,1005.4868378715012,18.0,24.613690192986077,9.23162416962674,609.2855691396653,1166250,0.4251162402619957,3.197870950972303,14.651574506417994,11.10342615785551,18.383544488483924,0,0,0,0,0,12,12,1,1
356,2007,12,20,18,39434.75,67.33519616409464,-98.29127149169106,260,374,987.8659503406411,1005.8659503406411,18.0,24.525362515831063,9.25022090008184,606.9956286973883,1157500,0.37911246913994545,2.846380005551539,6.802920432637926,9.639222807245584,11.79806521174239,0,0,0,0,0,11,11,1,1
356,2007,12,20,21,39434.875,67.36704836574812,-97.72661761909723,260,373,989.3108325159393,1007.3108325159393,18.0,23.710229107422535,9.973302943540912,630.4676600524476,1248750,1.4448821752981167,10.845672922600606,8.053954580331816,1.1806010754417622,8.140024771545974,0,0,0,0,0,13,13,1,1
356,2007,12,21,0,39435.0,67.19690152682038,-96.527841007885,259,371,990.7097232077515,1008.7097232077515,18.0,22.826118725139924,11.50003900201249,653.4012051136799,1341250,1.3988906918122666,10.513512045075231,17.220283193565546,-6.306488424457393,18.338755397093095,0,0,0,0,0,13,13,1,1
356,2007,12,21,3,39435.125,67.01672104724129,-95.34708160029936,258,369,992.7981226671701,1006.7981226671701,14.0,21.049058889209707,9.80817225762912,575.7084062169598,1041250,2.0883994594185786,15.716445489154815,17.088263051095492,-6.678385069859767,18.346922391637275,0,0,0,0,0,12,12,1,1
356,2007,12,21,6,39435.25,66.84231697386028,-93.62853215543643,257,366,995.3422418690523,1007.3422418690523,12.0,19.106709664599013,7.57956869375339,576.2265179818321,1043125,2.5441192018821313,19.17084578791225,25.049267273021577,-6.464282715371533,25.869919635351035,0,0,0,0,0,12,12,1,1
356,2007,12,21,9,39435.375,68.69238464875819,-87.27368900609373,265,355,997.2820051437308,1007.2820051437308,10.0,17.734053656306372,3.1445449335369626,557.9846390569548,978125,1.939763274678553,14.425133953502083,85.5520478887076,68.5727131325809,109.64200784514553,0,0,0,0,0,10,10,1,1
356,2007,12,21,12,39435.5,68.81081416151133,-83.59255971746683,266,349,997.2883644551137,1007.2883644551137,10.0,17.146523533198966,3.245187342841601,561.0070409221466,988750,0.006359311382839223,0.0472533010152614,49.30902184134732,4.389586994378658,49.50402113901138,0,0,0,0,0,11,11,1,1
356,2007,12,21,15,39435.625,68.49797269607609,-81.86989764584403,265,346,996.7405541759194,1008.7405541759194,12.0,17.226524297151148,4.358962097993499,655.9841289122108,1351875,-0.5478102791942365,-4.07923708478817,23.402598965188666,-11.59546126681595,26.117740337090392,0,0,0,0,0,11,11,1,1
356,2007,12,21,18,39435.75,68.4645395524262,-81.27661935831702,265,345,995.947441839346,1005.947441839346,10.0,17.12580281131869,4.476926838920117,552.7906391541368,960000,-0.7931123365733947,-5.907223400165378,8.071935066407182,-1.2391986518816904,8.166501638714053,0,0,0,0,0,12,12,1,1
356,2007,12,21,21,39435.875,68.9323127902049,-77.96940390346214,268,340,996.3196525127537,1004.3196525127537,8.0,15.47809533268374,4.196217771566662,472.24555477793365,700625,0.3722106734076806,2.763471543427948,44.05924768176622,17.338003620363242,47.34790043732617,0,0,0,0,0,11,11,1,1
356,2007,12,22,0,39436.0,68.77933286964479,-76.18497465873838,268,337,995.8663558392758,1003.8663558392758,8.0,16.029914906129292,5.365705247418009,472.0348719413148,700000,-0.45329667347788927,-3.3689702342851207,23.939186621138084,-5.670197014923785,24.60154040440816,0,0,0,0,0,8,8,1,1
356,2007,12,22,3,39436.125,68.66588430314107,-75.0101376403182,268,335,995.813618755387,1003.813618755387,8.0,15.772407125872398,6.094930258347886,640.0195581251917,1286875,-0.05273708388878731,-0.3922524218667139,15.841799259542842,-4.204968343437241,16.390374082032462,0,0,0,0,0,10,10,1,1
356,2007,12,22,6,39436.25,68.66588430314107,-75.0101376403182,268,335,996.6628722777377,1002.6628722777377,6.0,15.09829807626861,5.867930951276503,503.0470748509662,795000,0.849253522350773,6.316650947621977,0.0,0.0,0.0,0,0,0,0,0,12,12,1,2
356,2007,12,22,9,39436.375,68.66588430314107,-75.0101376403182,268,335,998.902575643669,1002.1262710995736,3.2236954559046715,13.569415817015807,5.794558090830033,449.5851173323102,635000,2.2397033659312,16.65865847649442,0.0,0.0,0.0,0,0,0,0,0,12,10,2,0
356,2007,12,22,12,39436.5,69.98312577713122,-74.0103602626874,274,335,1000.4179610656373,1000.4179610656373,0.0,12.724828688325664,10.762736648645223,14.104739588693906,625,1.5153854219683853,11.173892323199741,12.68425888675268,48.823523024501775,50.444294266351065,0,0,0,2,0,13,13,1,1
356,2007,12,22,15,39436.625,69.98312577713122,-74.0103602626874,274,335,,,,12.724828688325664,,0.0,0,0.0,,0.0,0.0,0.0,0,3,0,0,0,13,13,0,0
370,2007,12,19,21,39433.875,48.78117821758608,-32.056012749703626,264,207,1005.2202926687139,1007.2202926687139,2.0,8.476471694163834,4.504472071835408,157.69578262626,78125,,,,,,3,0,0,0,0,1,1,1,1
370,2007,12,20,0,39434.0,51.33132687309638,-30.731556062626673,273,214,1004.0539276760502,1006.0539276760502,2.0,9.031871492858006,10.804865497606151,142.4508871303252,63750,-1.1663649926637298,-10.349772012091162,30.67239062638135,94.52119756072895,99.37329789763284,0,0,0,0,0,1,1,1,1
370,2007,12,20,3,39434.125,53.689286128786115,-30.34703353180083,279,222,1002.5202542858902,1004.5202542858902,2.0,9.82439945511143,10.246865653818094,238.949442004407,179375,-1.5336733901599655,-13.186112317607524,8.439697630980804,87.39770215575946,87.80425296196776,0,0,0,0,0,2,2,1,1
370,2007,12,20,6,39434.25,55.26763759701828,-30.513124861614447,282,228,999.9498223955172,1001.9498223955172,2.0,10.861991122127138,10.353452242631828,146.58075357087597,67500,-2.5704318903730017,-21.669493697936073,-3.5074395025763914,58.5015585764689,58.6066078846085,0,0,0,0,0,2,2,1,1
370,2007,12,20,9,39434.375,56.434600744924595,-30.29833024369212,285,232,997.7056330552424,1001.7056330552424,4.0,13.062363755427995,10.032343275647872,247.93869558672074,193125,-2.2441893402748976,-18.65958752967232,4.401740684702077,43.253460542782165,43.47685786693164,0,0,0,0,0,3,3,1,1
370,2007,12,20,12,39434.5,58.0007979760269,-30.475848062580813,288,238,994.8696683945035,1000.8696683945035,6.0,16.374652776165462,13.271107738054633,280.32615495458737,246875,-2.835964660738828,-23.16846016529402,-3.4866276838846266,58.05106207444427,58.15567367486179,0,0,0,0,0,3,3,1,1
370,2007,12,20,15,39434.625,59.678126963664745,-30.30268072048809,292,244,991.7744686040139,997.7744686040139,6.0,18.62522473099166,15.01833565737179,246.32868702971868,190625,-3.095199790489569,-24.842564429432773,3.240396354932759,62.17015791306057,62.25454765293817,0,0,0,0,0,3,3,1,1
370,2007,12,20,18,39434.75,61.23123970851237,-30.499833233447433,295,250,988.8895989476472,996.8895989476472,8.0,20.197918061556756,12.549464307450178,310.6246678057967,303125,-2.884869656366791,-22.8013519484754,-3.516899054160461,57.56608591135347,57.67341524576538,0,0,0,0,0,2,2,1,1
370,2007,12,20,21,39434.875,62.93198413615106,-32.03074654397129,296,258,985.3167770734944,995.3167770734944,10.0,22.268688711923087,13.385731022718101,342.6029342114174,368750,-3.5728218741527233,-27.79803973577318,-25.820293928187272,63.03805062414214,68.12109368638977,0,0,0,0,0,3,3,1,1
370,2007,12,21,0,39435.0,64.09376765904851,-33.620786085123335,296,264,979.940492004585,993.940492004585,14.0,26.813017647101585,17.822980981789296,389.35213277318815,476250,-5.376285068909347,-41.40919477389045,-25.747913897868848,43.061477868479926,50.17216306189772,0,0,0,0,0,4,4,1,1
370,2007,12,21,3,39435.125,64.58975676887466,-35.59686762578731,294,268,974.1805511107174,990.1805511107174,16.0,32.566324313237196,31.05680140434357,336.1547405514991,355000,-5.759940893867752,-44.18008459885912,-31.42723072505093,18.38382422787312,36.40928211715963,0,0,0,0,0,4,4,1,1
370,2007,12,21,6,39435.25,64.82569377884691,-36.61296762134051,293,270,970.3133185963885,990.3133185963885,20.0,36.674179853372145,45.40527188152504,374.2410318509555,440000,-3.867232514328789,-29.604909301517036,-16.02012585333856,8.744999505533091,18.25156017190258,0,0,0,0,0,4,4,1,1
370,2007,12,21,9,39435.375,65.09282595121515,-38.37596736548249,291,273,969.7848221833294,987.7848221833294,18.0,37.3626872160631,38.35752654787539,309.34108930758305,300625,-0.5284964130591834,-4.037007411984478,-27.51934166595681,9.901247436962365,29.246347917913106,0,0,0,0,0,5,5,1,1
370,2007,12,21,12,39435.5,65.15950530892859,-39.83890196663974,289,275,972.6423359917056,988.6423359917056,16.0,35.02929632659023,25.46041340335636,288.3720821534486,261250,2.8575138083762432,21.815818530220852,-22.778490580151523,2.471468763217963,22.912175605071067,0,0,0,0,0,5,5,1,1
370,2007,12,21,15,39435.625,65.15950530892859,-39.83890196663974,289,275,,,,35.02929632659023,,0.0,0,0.0,,0.0,0.0,0.0,0,3,0,0,0,5,5,0,0
372,2007,12,20,0,39434.0,42.976046740500685,-165.65700038181853,309,557,1000.4646192507623,1000.4646192507623,0.0,10.485265465769606,3.7882423006508184,14.104739588693906,625,,,,,,3,0,0,0,0,16,16,1,1
372,2007,12,20,3,39434.125,44.16715929030275,-163.20422867162776,302,550,997.4075424655973,999.4075424655973,2.0,12.378168484714655,5.269185533830386,155.15213547563297,75625,-3.0570767851649725,-30.39817082079081,65.20962241541527,44.14855753355135,78.748904677172,0,0,0,0,0,18,18,1,1
372,2007,12,20,6,39434.25,45.109936581133596,-161.0078974634654,296,544,994.9500142507709,996.9500142507709,2.0,14.852396960571271,6.636343575996652,122.15062797572998,46875,-2.457528214826452,-24.032692031765595,57.45109355391118,34.94401723203043,67.24367993241219,0,0,0,0,0,18,18,1,1
372,2007,12,20,9,39434.375,46.2029556460964,-158.61720785413783,290,537,991.3036306434669,995.3036306434669,4.0,17.792459781996552,9.202911187815262,163.88226458881186,84375,-3.646383607304015,-35.00004027676933,61.32577901399278,40.51272491654794,73.49919762716435,0,0,0,0,0,21,21,1,1
372,2007,12,20,12,39434.5,47.401000741829414,-156.6798486089607,286,530,988.188718827191,992.188718827191,4.0,19.908756935574946,9.895096580371682,161.43612337794121,81875,-3.1149118162758533,-29.317322246009915,48.603048824246684,44.405512178968486,65.8339264125164,0,0,0,0,0,20,20,1,1
372,2007,12,20,15,39434.625,48.757158822165316,-154.50244850666223,282,522,984.3003535328521,990.3003535328521,6.0,22.29124408961415,8.526701968466222,192.36300129927707,116250,-3.8883652943388736,-35.82735764531782,53.20329762309106,50.26596608712548,73.19329357696138,0,0,0,0,0,19,19,1,1
372,2007,12,20,18,39434.75,49.939668261680026,-152.63008021881913,279,515,982.3716990579721,988.3716990579721,6.0,23.849217083426346,11.620170530436953,180.07726023841454,101875,-1.9286544748800225,-17.458431279573563,44.663791303800586,43.82968346111202,62.57711567282987,0,0,0,0,0,16,16,1,1
372,2007,12,20,21,39434.875,51.277899786899425,-150.48572615690975,276,507,981.0155315691081,987.0155315691081,6.0,25.087748986394896,13.338067206433916,177.29382747475822,98750,-1.3561674888640118,-12.042981652223725,49.7167115879951,49.6015187600692,70.22864141096126,0,0,0,0,0,18,18,1,1
372,2007,12,21,0,39435.0,52.71676013330859,-149.27672801380265,276,500,977.9070952736729,985.9070952736729,8.0,26.758710242868446,16.389025515036337,200.96160531198103,126875,-3.10843629543524,-27.067000765216548,27.144493861220553,53.331323556910334,59.84190521126228,0,0,0,0,0,19,19,1,1
372,2007,12,21,3,39435.125,54.0543293589633,-148.47575915592498,277,494,975.032005123072,985.032005123072,10.0,28.33749853504775,21.656532909668602,198.47127856504602,123750,-2.8750901506008812,-24.604556548809573,17.427229224697246,49.57697064289828,52.550778648626505,0,0,0,0,0,21,21,1,1
372,2007,12,21,6,39435.25,55.37877284430022,-147.61544440649843,278,488,971.7272740970085,985.7272740970085,14.0,31.1496093313807,27.023226217556,245.1142407474329,188750,-3.3047310260635276,-27.82248947520695,18.116750942787036,49.090465398967694,52.32676617000347,0,0,0,0,0,23,23,1,1
372,2007,12,21,9,39435.375,56.22555550467124,-147.64712613572607,280,485,970.4961022048755,986.4961022048755,16.0,30.992971555734496,25.286880962872598,274.22747967867946,236250,-1.2311718921329884,-10.261640370066802,-0.6528129075214923,31.38597860127997,31.392766960754365,0,0,0,0,0,22,22,1,1
372,2007,12,21,12,39435.5,56.81763519368797,-147.01725184256446,280,482,969.37821257818,987.37821257818,18.0,31.4858587529457,24.92458615430187,312.22172032673495,306250,-1.1178896266955416,-9.253988414352378,12.777503248981317,21.945419195982627,25.394212194221165,0,0,0,0,0,20,20,1,1
372,2007,12,21,15,39435.625,57.46808082300679,-145.8107563184702,279,478,969.6386206791057,985.6386206791057,16.0,30.355449375828073,23.403054607571757,286.6421800279766,258125,0.2604081009257061,2.1399328558876145,24.04804605690037,24.10875134612687,34.052025059079455,0,0,0,0,0,17,17,1,1
372,2007,12,21,18,39435.75,58.23676560230547,-144.89060494175803,279,474,971.4739194700279,985.4739194700279,14.0,26.986216962802406,20.422078882464557,284.55241573039183,254375,1.835298790922243,14.955145325376412,17.953289132020288,28.49128254896819,33.676011817658235,0,0,0,0,0,21,21,1,1
372,2007,12,21,21,39435.875,59.076950374452636,-144.85308020417483,281,471,973.7858144357544,987.7858144357544,14.0,22.976048067308035,18.90605477614452,299.2067103010745,281250,2.311894965726533,18.67124120267646,0.7147406830612875,31.141428035593165,31.14962912042535,0,0,0,0,0,19,19,1,1
372,2007,12,22,0,39436.0,59.85760637030299,-145.4138254709892,284,469,975.9877567864289,985.9877567864289,10.0,18.609400212682893,24.42261375947237,223.90579955406923,157500,2.201942350674508,17.64090535761738,-10.43667450006854,28.934995397738454,30.75968356936603,0,0,0,0,0,16,16,1,1
372,2007,12,22,3,39436.125,60.048594240560405,-145.16777548741138,284,468,980.1423599344284,986.1423599344284,6.0,13.36967662641741,23.702413969858245,175.60259173501603,96875,4.154603147999442,33.220570090896715,4.553215511239511,7.07896074109128,8.41685550937544,0,0,0,0,0,16,16,1,1
372,2007,12,22,6,39436.25,60.371736825311274,-145.27714058141243,285,467,985.2739767005743,985.2739767005743,0.0,7.977812411731334,14.15392704883445,14.104739588693906,625,5.131616766145889,40.900587894211284,-2.0039880888471733,11.977272002368622,12.143764361966376,0,0,0,0,0,17,17,1,1
372,2007,12,22,9,39436.375,62.33680536692352,-143.6454225342536,287,458,987.7511509431325,991.7511509431325,4.0,7.966086654849427,35.37038855833329,39.89422804014327,5000,2.477174242558249,19.37735205921302,28.078307910182648,72.835217445368,78.05997870492321,0,0,0,0,0,17,17,1,1
372,2007,12,22,12,39436.5,62.33680536692352,-143.6454225342536,287,458,,,,7.966086654849427,,0.0,0,0.0,,0.0,0.0,0.0,0,3,0,0,0,17,17,0,0
384,2007,12,20,12,39434.5,34.513671623046164,154.4589412058147,462,574,1010.6307620101284,1016.6307620101284,6.0,8.37536752053484,14.001663724369791,601.3980447061099,1136250,,,,,,3,0,0,0,0,21,21,1,3
384,2007,12,20,15,39434.625,33.215936649215955,158.8777820884618,447,586,1009.2696894255532,1017.2696894255532,8.0,8.987456059280404,2.705776534537872,787.2163359992395,1946875,-1.3610725845751586,-17.21405123481937,137.013653534454,-48.10051507304276,145.2115725593226,0,0,1,0,0,21,21,1,1
384,2007,12,20,18,39434.75,33.28348363148436,161.8638530549776,435,590,1007.4084871173773,1015.4084871173773,8.0,10.177850765267223,4.997330834639579,655.8324738116031,1351250,-1.861202308175998,-23.497110156224927,92.52038673265676,2.5036272461321945,92.55425495647374,0,0,0,0,0,19,19,1,1
384,2007,12,20,21,39434.875,34.100244369889545,164.36697397713607,424,590,1006.3670665501536,1016.3670665501536,10.0,12.097962936778682,8.874776193163997,657.9524642479541,1360000,-1.0414205672236858,-12.86947207828044,76.82373513599471,30.273216797706645,82.57332460017832,0,0,0,0,0,21,21,1,1
384,2007,12,21,0,39435.0,34.73670832332137,166.6971493931419,414,590,1005.0718276695018,1015.0718276695018,10.0,12.690845615733709,8.201312791827513,599.4099465557389,1128750,-1.295238880651741,-15.748651317122787,70.97374653430317,23.590520871252767,74.79161297961507,0,0,0,0,0,22,22,1,1
384,2007,12,21,3,39435.125,35.518806624791694,169.0265321620876,404,589,999.655469916936,1011.655469916936,12.0,16.152840986948632,17.06114519651659,519.7744856170725,848750,-5.416357752565818,-64.59131751803085,70.27143087888822,28.988454420275495,76.01581735035647,0,0,0,0,0,24,24,1,1
384,2007,12,21,6,39435.25,36.021111353000485,171.93981314441,392,589,998.5823295647482,1010.5823295647482,12.0,17.164273377879404,16.68566865731278,453.98860261465205,647500,-1.0731403521877656,-12.642655202990177,87.33156572490154,18.617912468797154,89.29405935815994,0,0,0,0,0,28,28,1,1
384,2007,12,21,9,39435.375,36.27016244834328,173.90653496617378,384,589,997.5750024528472,1009.5750024528472,12.0,18.46081361984836,16.014411345189437,418.17639068008134,549375,-1.0073271119009588,-11.796897911243628,58.7708040366251,9.231072759129594,59.49134484440349,0,0,0,0,0,27,27,1,1
384,2007,12,21,12,39435.5,37.052997424407906,177.6088182166764,369,587,995.0410674893676,1007.0410674893676,12.0,19.530221257649067,16.590762519395213,385.50087952176875,466875,-2.5339349634796964,-29.13536602949655,109.50943360054613,29.015759246100288,113.28826211104165,0,0,0,0,0,25,25,1,1
384,2007,12,21,15,39435.625,37.354153418583486,179.87351945597268,360,586,991.805306731402,1003.805306731402,12.0,20.926210183316584,20.222490622789408,375.83242541597855,443750,-3.235760757965618,-36.94829587283576,66.72320933480898,11.162339560307645,67.65045815363226,0,0,0,0,0,23,23,1,1
384,2007,12,21,18,39435.75,38.019359489110634,-176.79887297385116,347,583,988.8682723948325,1000.8682723948325,12.0,22.838432331847642,24.21150398443555,340.8564337915358,365000,-2.937034336569486,-33.0369470691792,-97.16058424221622,24.655846738593855,100.2401611565236,0,0,0,0,0,27,27,1,1
384,2007,12,21,21,39435.875,38.019359489110634,-176.79887297385116,347,583,,,,22.838432331847642,,0.0,0,0.0,,0.0,0.0,0.0,0,3,0,0,0,27,27,0,0
388,2007,12,19,18,39433.75,72.34551339641297,42.93618027154304,413,302,973.8109721687174,1003.8109721687174,30.0,30.090858767314852,6.66555633424854,957.6692328602014,2881250,,,,,,3,0,0,0,0,7,7,1,1
388,2007,12,19,21,39433.875,71.71272332261168,45.99634789650493,418,303,972.1457402045984,1002.1457402045984,30.0,30.429506128717144,11.039257017866257,930.5921953781772,2720625,-1.6652319641190116,-12.15073621071497,35.58687791359266,-23.454348612579633,42.62079713563984,0,0,0,0,0,6,6,1,1
388,2007,12,20,0,39434.0,70.57482858511571,47.346874292487286,423,301,972.6898725919785,1000.6898725919785,28.0,28.812333516463095,5.231429127190641,922.7561679781069,2675000,0.5441323873800866,3.997405514941655,16.647463821013705,-42.17604062169813,45.342656011697095,0,0,0,0,0,5,5,1,1
388,2007,12,20,3,39434.125,68.9323127902049,48.90049374238189,430,298,973.2399034494066,999.2399034494066,26.0,27.5186623650599,4.958946735865538,889.9408888016351,2488125,0.5500308574280643,4.083694345983699,20.699514334219803,-60.87980777587889,64.30257295396922,0,0,0,0,0,6,6,1,1
388,2007,12,20,6,39434.25,68.61057528078294,48.842453127914865,431,297,974.0065335481777,1000.0065335481777,26.0,26.635505342472687,7.537748064370244,965.5309830144122,2928750,0.7666300987711293,5.704260651515447,-0.784580188288958,-11.925192919659523,11.950974531098003,0,0,0,0,0,7,7,1,1
388,2007,12,20,9,39434.375,67.96648441163109,48.73139699916045,433,295,976.2631927987209,998.2631927987209,22.0,24.685366419017075,10.039484879405281,868.4442910035848,2369375,2.2566592505431617,16.866441787288494,-1.5442224379464482,-23.87321231592315,23.923103670280785,0,0,0,0,0,8,8,1,1
388,2007,12,20,12,39434.5,66.62713892899167,50.088260197537615,439,293,977.100078466191,997.100078466191,20.0,23.393022805028927,6.73705452453185,851.6740298619613,2278750,0.8368856674701965,6.316422997961578,19.951144517905806,-49.642807564603565,53.5019299695873,0,0,0,0,0,7,7,1,1
388,2007,12,20,15,39434.625,65.27240669030765,51.29935370613049,445,291,978.8135080951619,996.8135080951619,18.0,21.78225024695964,4.581072542070615,843.4587100864939,2235000,1.713429628970771,13.069359714201745,18.77704816145406,-50.21311730116309,53.609091456188004,0,0,0,0,0,7,7,1,1
388,2007,12,20,18,39434.75,64.54893178732105,52.57088890083429,449,291,980.3572081519374,994.3572081519374,14.0,20.080880807555502,7.949184669657771,732.6322717280593,1686250,1.5437000567755603,11.84455028549093,20.253063809978123,-26.815579588924752,33.60449229464721,0,0,0,0,0,7,7,1,2
388,2007,12,20,21,39434.875,63.580794419322764,52.29694615397516,452,288,982.2074805727777,994.2074805727777,12.0,18.431501562760214,7.5184904982372975,708.3332253235055,1576250,1.8502724208403378,14.313976924159109,-4.517728734092247,-35.88398787214178,36.16725671823703,0,0,0,0,0,6,6,1,2
388,2007,12,21,0,39435.0,62.467414775334056,51.67095267425387,455,284,984.2653125772637,994.2653125772637,10.0,15.755044378588513,7.648175438988473,712.9523823508417,1596875,2.057832004485972,16.07793531544658,-10.72535229715282,-41.26738928028981,42.63837004282668,0,0,0,0,0,6,6,1,2
388,2007,12,21,3,39435.125,61.16751763281066,51.375320974808496,459,280,986.2475147960286,991.3843045573902,5.136789761361724,13.79119732318502,6.477065180559002,549.179949706052,947500,1.9822022187648691,15.676456491004982,-5.284293622722116,-48.18065580278693,48.46957141008952,0,0,0,0,0,5,3,2,0
388,2007,12,21,6,39435.25,59.71638203698107,50.770936221574345,463,275,988.0624514349516,992.7096967240171,4.647245289065467,13.201911842065465,5.746965330712628,555.3041529113096,968750,1.8149366389230999,14.561286370334537,-11.296609033765066,-53.78630537652638,54.95980369068555,0,0,0,0,0,5,3,2,0
388,2007,12,21,9,39435.375,54.199737001142836,54.84372339069437,488,269,986.9632588804135,992.9632588804135,6.0,18.441408847461602,2.421994703920427,519.5830753783531,848125,0.25356215639636503,2.165965150556664,26.795077689806956,-11.060092347172414,28.98796010640922,0,0,0,0,2,4,4,1,1
388,2007,12,21,12,39435.5,53.8840797283321,56.0592963670664,491,271,987.0982597543532,993.0982597543532,6.0,18.880881230542574,3.3455177288923736,479.7685238181572,723125,0.13500087393971627,1.1578153355124088,26.556138739358996,-11.699829098336906,29.019209253085698,0,0,0,0,0,4,4,1,1
388,2007,12,21,15,39435.625,53.20249147609313,58.42738456464963,497,275,988.2201390628113,994.2201390628113,6.0,18.918792648881144,4.012392353032119,482.86850345578216,732500,1.1218793084581558,9.706569892630306,52.57272099495665,-25.263051903168584,58.32763311052271,0,0,0,0,0,6,6,1,1
388,2007,12,21,18,39435.75,53.51458434042147,60.63249730305523,499,281,988.4427580658079,994.4427580658079,6.0,19.044161398265306,3.3471141901750525,445.36147995563624,623125,0.22261900299650733,1.918325723603941,48.597659054529174,11.5677143850935,49.95542494740046,0,0,0,0,0,7,7,1,1
388,2007,12,21,21,39435.875,54.297459389963485,62.86282738713119,499,288,988.2790454657044,994.2790454657044,6.0,18.737225879225328,2.4891598030959723,427.81793388739516,575000,-0.16371260010346306,-1.3967409381483173,48.24064529779287,29.017244568559626,56.295295905600035,0,0,0,0,0,7,7,1,1
388,2007,12,22,0,39436.0,54.505697604752065,64.33911131489201,500,292,987.1892068189135,995.1892068189135,8.0,19.611656881649257,3.1827238040293016,491.44442833544383,758750,-1.0898386467908858,-9.273976435761263,31.77014010371342,7.718344339336702,32.69426007038775,0,0,0,0,0,5,5,1,1
388,2007,12,22,3,39436.125,55.310820170521126,66.2092261342228,499,298,987.4476198222563,993.4476198222563,6.0,18.489045361607158,2.4109335774993816,386.01659999252234,468125,0.25841300334286643,2.1773602501051443,39.448096217382755,29.84184821352331,49.46400913770387,0,0,0,0,0,8,8,1,1
388,2007,12,22,6,39436.25,56.07423033357207,68.16293664176422,498,304,987.375155488673,991.375155488673,4.0,17.878302704878887,2.655195944486404,284.9017742606504,255000,-0.07246433358333888,-0.6050506354035168,40.41436463118094,28.29577902671996,49.335301552448364,0,0,0,0,0,9,9,1,1
388,2007,12,22,9,39436.375,56.93330444320718,69.69737233764383,496,309,987.2672139999391,991.2672139999391,4.0,16.73282890814095,2.5233736516180216,313.8106451956502,309375,-0.10794148873392259,-0.8923728371211047,31.030554660631122,31.84156086770556,44.460997751267506,0,0,0,0,0,8,8,1,1
388,2007,12,22,12,39436.5,57.54324213497109,71.43829080975031,495,314,,,,16.359254791256436,,0.0,0,-0.025371027825895,,34.628354586328314,22.607325631146335,41.354735080147364,0,2,2,0,0,9,11,0,0
389,2007,12,20,15,39434.625,76.50231332198855,62.79598892393039,413,332,994.6355027391098,996.6355027391098,2.0,8.09041528496941,9.498224908417761,177.8539989415875,99375,,,,,,3,0,0,0,0,8,8,1,1
389,2007,12,20,18,39434.75,75.78612772046523,61.20902492780798,415,329,993.6956486041026,995.6956486041026,2.0,8.427710561357202,11.868668411326725,195.44100476116796,120000,-0.9398541350071901,-6.717139441938775,-14.442544301879723,-26.545401808424824,30.21995107677182,0,0,0,0,0,8,8,1,1
389,2007,12,20,21,39434.875,75.58790080638633,56.43368126542667,413,324,993.1666253177301,995.1276206371291,1.9609953193990806,9.274597270415907,5.295373013587305,211.57109383040859,140625,-0.5290232863725396,-3.7842694413682976,-44.041852817249186,-7.3472757233270425,44.65050123045464,0,0,0,1,0,9,8,2,0
389,2007,12,21,0,39435.0,73.93621280316775,59.31104126260641,421,323,992.2479700891553,993.7452723182832,1.4973022291279632,8.964536264255935,9.28724760917452,195.94930472170537,120625,-0.9186552285747893,-6.623239584012546,29.507775926283163,-61.21977545252906,67.96005993650842,0,0,0,0,0,10,9,2,0
389,2007,12,21,3,39435.125,73.43147388672156,59.4359749789752,423,322,990.1723397916898,993.8037017225331,3.6313619308434135,11.180122283813676,13.852146162092685,288.716818776427,261875,-2.075630297465541,-15.003336593569486,1.3204890102131046,-18.708135596295865,18.754680181636957,0,0,0,0,0,10,8,2,0
389,2007,12,21,6,39435.25,72.92631181445938,59.55357279071254,425,321,988.0456178252696,994.0202972734254,5.974679448155802,13.521017072564625,14.205657210857025,326.8528041036741,335625,-2.126721966420155,-15.413674291051084,1.2797376963100875,-18.723819856269095,18.7675027262919,0,0,0,0,0,10,8,2,0
389,2007,12,21,9,39435.375,70.74404890213549,57.88818512576571,432,314,985.6593249621369,991.6593249621369,6.0,16.215986385620898,14.799777504615413,269.1012803886529,227500,-2.386292863132694,-17.51246052733439,-20.356410956893715,-80.88552148499848,83.40773976643949,0,0,1,0,0,8,8,1,1
389,2007,12,21,12,39435.5,71.29323246660277,59.27251338440034,431,317,983.0883400530317,989.0883400530317,6.0,19.430907267730504,20.701319828444248,233.04854500749258,170625,-2.5709849091051726,-18.805769594129696,16.456063763777195,20.355475388445516,26.175320683558244,0,0,0,0,0,8,8,1,1
389,2007,12,21,15,39435.625,71.4880402119026,58.916877433301266,430,317,982.4955335650517,994.4955335650517,12.0,20.263542834251542,16.655718200475384,530.5707357118274,884375,-0.5928064879799786,-4.331190898323921,-4.185198247450491,7.2205443161352925,8.345786037979666,0,0,2,0,0,9,9,1,2
389,2007,12,21,18,39435.75,69.10353941328243,57.765565781058626,438,310,980.795269863,992.795269863,12.0,20.55972268795833,11.779959008957375,491.84907593659347,760000,-1.7002637020517433,-12.609118183925693,-15.220515106959862,-88.38146379548711,89.682480021207,0,0,0,0,0,9,9,1,2
389,2007,12,21,21,39435.875,68.83506082849196,58.93168924180298,440,311,978.353648305212,988.353648305212,10.0,23.007726641648144,14.01396973378505,325.3275843762874,332500,-2.441621557788021,-18.139662874929275,15.605363128043946,-9.951152180470357,18.50818165236643,0,0,1,0,0,9,9,1,1
389,2007,12,22,0,39436.0,68.67070022123912,60.59281093926635,442,313,976.0473809746222,988.0473809746222,12.0,25.33653740155638,23.357965027821702,324.40901053995987,330625,-2.3062673305897623,-17.15319060406512,22.393824097692654,-6.092021888911975,23.20767305038105,0,0,0,0,0,7,7,1,1
389,2007,12,22,3,39436.125,68.38117137642955,61.69924423399363,444,314,976.7977478865249,990.7977478865249,14.0,24.45934618245653,23.03000712627858,362.6317301749511,413125,0.7503669119026745,5.592065743858476,15.109086207091837,-10.731379553361304,18.532322928646423,0,0,0,0,0,9,9,1,1
389,2007,12,22,6,39436.25,68.17996396042804,61.979710844586116,445,314,978.0058112667715,992.0058112667715,14.0,23.29915386873137,21.639885355161752,397.19307312671157,495625,1.2080633802466036,9.015624903251515,3.8639216177330176,-7.45774795420948,8.399279422456441,0,0,0,0,0,11,11,1,1
389,2007,12,22,9,39436.375,68.0835370889566,62.77640564535841,446,315,980.148098755301,990.148098755301,10.0,21.632835568322,23.92476022836818,307.4056724603709,296875,2.1422874885295458,15.99842452904802,11.021928362032474,-3.5740596332767334,11.586923969716642,0,0,0,0,0,11,11,1,1
389,2007,12,22,12,39436.5,67.67639508916893,63.305613197199186,448,315,982.9829073982048,996.9829073982048,14.0,18.860017454475035,18.050644253529317,815.2734701236928,2088125,2.8348086429038086,21.231349782569975,7.450510622252548,-15.090708266769846,16.82972324564649,0,0,2,0,0,11,11,1,2
389,2007,12,22,15,39436.625,67.44686457799895,66.1247191460725,451,319,984.187420059988,998.187420059988,14.0,17.730557632720096,16.814734606066633,858.0737471096998,2313125,1.2045126617830828,9.036155370737829,40.072688940243076,-8.507542784078009,40.96582335465012,0,0,0,0,0,9,9,1,2
389,2007,12,22,18,39436.75,67.44686457799895,66.1247191460725,451,319,985.0857716245614,999.0857716245614,14.0,17.115436758912068,14.004212942002487,898.0632907085,2533750,0.8983515645735315,6.739359886026445,0.0,0.0,0.0,0,0,0,0,0,10,10,1,2
389,2007,12,22,21,39436.875,67.44686457799895,66.1247191460725,451,319,986.5521750896154,998.2262530001022,11.674077910486957,15.899209426261256,10.572011998086891,861.1980229936854,2330000,1.4664034650538815,11.00083873489531,0.0,0.0,0.0,0,0,0,0,0,10,11,2,0
389,2007,12,23,0,39437.0,65.97310641174813,67.64912734565605,458,319,986.9489521151158,998.2792736317462,11.330321516630356,15.240147110856336,4.147631480280689,858.3055649572655,2314375,0.39677702550048705,3.0097317563520654,23.00515550703749,-54.62481039602651,59.27146944951528,0,0,0,0,0,9,10,2,0
389,2007,12,23,3,39437.125,65.63314554408828,68.54344486743665,460,320,988.144440040966,998.9564349648385,10.811994923872554,14.728639111070242,3.4076458895376707,854.123217338971,2291875,1.1954879258501752,9.09252259215746,13.675945839485792,-12.600641247152804,18.595904238406835,0,0,0,1,0,8,9,2,0
389,2007,12,23,6,39437.25,64.86693648006393,60.09552084421109,456,304,990.8040869605883,1000.1130178531783,9.308930892589997,15.444578699811771,10.654706001712402,860.3891149103283,2325625,2.6596469196223187,20.353572089002792,-132.8910689244912,-28.399520222860712,135.89175452831032,0,0,1,0,0,6,10,2,0
389,2007,12,23,9,39437.375,64.63882732013681,83.09644608027497,471,346,989.7414660945775,1001.7414660945775,12.0,15.740790510624494,1.345699361859879,920.3815429519505,2661250,1.6284482413991646,12.485501046140211,11.745216589103638,35.99760146018558,37.86525351309971,0,0,0,0,2,7,7,1,2
389,2007,12,23,12,39437.5,65.77799127965785,82.77568430595467,466,346,991.4812189655751,1001.4812189655751,10.0,15.219238026326078,1.9233554703736444,843.5766351077044,2235625,1.7397528709976178,13.21694730457545,-4.877746024370174,42.22308430502228,42.50389693319047,0,0,0,0,0,8,8,1,2
389,2007,12,23,15,39437.625,66.4883761317023,83.11357266856801,463,347,993.2940767601723,999.2940767601723,6.0,14.488722490517729,2.6908986111010016,457.4808740984068,657500,1.812857794597221,13.696982205096113,4.996186965242768,26.330397170829098,26.800218270851204,0,0,0,2,0,7,7,1,1
389,2007,12,23,18,39437.75,66.94278313806109,82.97922085479881,461,347,995.4140807482461,1001.4140807482461,6.0,13.442035687134426,3.2725210637661077,453.7694432474928,646875,2.1200039880737314,15.963038558759878,-1.9503182626906983,16.84258457961296,16.955128918625217,0,0,0,0,0,7,7,1,1
389,2007,12,23,21,39437.875,67.19690152682038,83.472158992115,460,348,997.6311472799925,1003.6311472799925,6.0,12.309277667357208,3.2901358627589072,478.7307364817192,720000,2.2170665317465317,16.66259974612688,7.08108881140101,9.418891865708256,11.783774553718079,0,0,0,0,0,8,8,1,2
389,2007,12,24,0,39438.0,67.62340612894295,82.76762129172235,458,347,999.842462129101,1001.842462129101,2.0,10.928016409288448,3.076179429812837,205.8518972422094,133125,2.2113148491084575,16.567980632262255,-9.941229801834272,15.808382648861363,18.674394553658196,0,0,0,2,0,10,10,1,1
389,2007,12,24,3,39438.125,67.85001743801499,82.69424046668918,457,347,1001.200951561711,1003.200951561711,2.0,10.30626440046698,3.407245637222004,194.93137937025432,119375,1.358489432609931,10.161833416654067,-1.0254746760446583,8.399342629698003,8.461711110778426,0,0,0,0,0,10,10,1,1
389,2007,12,24,6,39438.25,68.04601593659757,82.03621293928123,456,346,1003.3558002449314,1005.3558002449314,2.0,8.563815341713777,3.2979971576343816,199.96919625742038,125625,2.15484868322048,16.09647493382108,-9.11836236289349,7.2646795574447,11.65847765591149,0,0,0,0,0,9,9,1,1
389,2007,12,24,9,39438.375,68.04601593659757,82.03621293928123,456,346,,,,8.563815341713777,,0.0,0,0.0,,0.0,0.0,0.0,0,3,0,0,0,9,9,0,0
402,2007,12,21,6,39435.25,41.89122095164688,-151.77377528725685,261,543,1001.777317359042,1001.777317359042,0.0,8.617517368116733,2.716488479282416,14.104739588693906,625,,,,,,3,0,0,0,0,27,27,1,1
402,2007,12,21,9,39435.375,43.38061136720461,-148.55028582913596,254,532,996.8235242227906,1000.8235242227906,4.0,12.980897632457815,4.486117764999071,277.472888262447,241875,-4.953793136251334,-49.969142105688654,86.83246499822583,55.20421933435011,102.8950086738086,0,0,0,0,0,26,26,1,1
402,2007,12,21,12,39435.5,44.637896410657575,-146.59217541029105,251,524,987.562569883428,997.562569883428,10.0,21.006999959607445,24.786873046904294,266.5012070418412,223125,-9.260954339362652,-91.31738720606538,51.641980316684695,46.601239392684754,69.55982780285733,0,0,0,0,0,23,23,1,1
402,2007,12,21,15,39435.625,45.97075036449322,-144.77522080589324,249,516,981.3898118263813,995.3898118263813,14.0,25.5860512415371,34.502881133969716,313.17604263477836,308125,-6.172758057046594,-59.481237360436424,46.80574141214918,49.40219920822167,68.05405730556991,0,0,0,0,0,19,19,1,1
402,2007,12,21,18,39435.75,47.00602246916845,-143.46659265244816,248,510,976.9675591658726,994.9675591658726,18.0,29.73023570859714,44.47661510853089,381.3500088504252,456875,-4.42225266050882,-41.88843571609689,33.07571941704464,38.372335245506655,50.66003678589877,0,0,0,0,0,22,22,1,1
402,2007,12,21,21,39435.875,47.753109759910984,-141.1701750950296,244,503,976.5163386080072,992.5163386080072,16.0,31.473157314807537,17.33650758787917,367.2653186327036,423750,-0.45122055786530835,-4.223070879029148,57.22409856646356,27.69077216373286,63.57182017032468,0,0,0,0,0,20,20,1,1
402,2007,12,22,0,39436.0,49.102531009555946,-138.85934407389323,242,494,975.7433695763513,989.7433695763513,14.0,32.41412023950888,9.650692063759344,369.4257214939158,428750,-0.7729690316559572,-7.084814521472018,56.074105328469564,50.01626562229319,75.1394178523369,0,0,0,0,0,17,17,1,1
402,2007,12,22,3,39436.125,51.00888611266655,-137.85054765601757,245,486,974.7096631094533,988.7096631094533,14.0,32.525963380695295,8.436095929025033,366.45188392718995,421875,-1.0337064668978564,-9.214265516320207,23.52623733894942,70.65900528295482,74.47267197371943,0,0,0,0,0,17,17,1,1
402,2007,12,22,6,39436.25,52.23345631615535,-135.7345210342548,244,478,974.903788197728,988.903788197728,14.0,33.956288492403736,8.504676022450148,365.3644872156122,419375,0.19412508827459532,1.701348944563023,48.03269017022071,45.388664649349415,66.08532517616538,0,0,0,0,0,18,18,1,1
402,2007,12,22,9,39436.375,53.40981020238823,-135.0,246,473,976.0067310839419,990.0067310839419,14.0,31.46810761181729,12.856629550229481,364.81957343404355,418125,1.1029428862138593,9.51703377290204,16.228410515491962,43.60152802923591,46.52369884632535,0,0,0,0,0,18,18,1,1
402,2007,12,22,12,39436.5,54.24481114161299,-134.74191264866383,248,470,979.0636672944865,991.0636672944865,12.0,27.38484182553238,11.653611575102405,345.2061176167894,374375,3.0569362105446634,26.097998164953395,5.589633049688552,30.94928939507835,31.450000185858183,0,0,0,0,0,21,21,1,1
402,2007,12,22,15,39436.625,54.739328175843454,-133.95361809290182,248,467,982.3021354378885,992.3021354378885,10.0,23.426205734940233,11.42835475886779,345.2061176167894,374375,3.2384681434019877,27.478052690668964,16.86745178674476,18.329261781913523,24.90929078171586,0,0,0,0,0,18,18,1,1
402,2007,12,22,18,39436.75,55.064685826344615,-133.41618842913806,248,465,987.5324753347481,991.5324753347481,4.0,17.62546608388104,10.542845571300932,180.07726023841454,101875,5.230339896859659,44.202120624128895,11.407080481358173,12.059373360240949,16.599697917428248,0,0,0,0,0,18,18,1,1
402,2007,12,22,21,39436.875,55.198334346199005,-132.08467788335747,246,462,993.4735680376472,995.4735680376472,2.0,12.19304080947772,12.454740948823964,180.07726023841454,101875,5.941092702899041,50.12722278815619,28.16683834084995,4.9536791204541535,28.599120947120003,0,0,0,0,0,19,19,1,1
402,2007,12,23,0,39437.0,55.198334346199005,-132.08467788335747,246,462,,,,12.19304080947772,,0.0,0,0.0,,0.0,0.0,0.0,0,3,0,0,0,19,19,0,0
404,2007,12,21,18,39435.75,63.97363726956881,-24.896713728784686,311,255,991.1838987530349,993.1838987530349,2.0,17.73233221652611,17.668276669630867,73.29037678543799,16875,-1.8021748110780027,-13.894882084820948,-2.247071453260639,45.94042728004588,45.99534964308069,2,0,0,2,0,4,4,1,1
404,2007,12,21,21,39435.875,64.90410882682559,-25.297142338587292,312,259,989.4380519888381,993.4380519888381,4.0,18.85794838994126,24.722206508554592,94.617469575756,28125,-1.745846764196758,-13.35643954055687,-6.2949411355181,34.48790551800525,35.05769403310056,0,0,3,0,0,4,4,1,1
404,2007,12,22,0,39436.0,65.62465027002544,-25.497551493337784,313,262,988.6153215326019,994.6153215326019,6.0,18.56356924870299,27.075108455356457,154.50968080927584,75000,-0.8227304562361678,-6.257861398285447,-3.0656940268782087,26.706850973657087,26.88223146979367,0,0,0,0,0,3,3,1,1
404,2007,12,22,3,39436.125,66.44229251788457,-25.215721295990576,315,265,987.6565661367468,993.6565661367468,6.0,17.70533474290247,23.273281596605376,155.15213547563297,75625,-0.9587553958551144,-7.2463800750300775,4.174987307234431,30.305889924062576,30.592114721035,0,0,0,0,0,4,4,1,1
404,2007,12,22,6,39436.25,67.16075826896957,-25.426874169589805,316,268,987.6847751272028,993.6847751272028,6.0,15.89208186029344,21.03580291606093,178.4124116152771,100000,0.02820899045589613,0.21206395750816648,-3.037781981713567,26.62991549617539,26.802621489359314,0,0,0,0,0,5,5,1,1
404,2007,12,22,9,39436.375,67.67178263567617,-25.40118867541399,317,270,989.1098362291928,993.1098362291928,4.0,13.517187714826168,18.925883727561086,143.1474726395179,64375,1.4250611019899952,10.673373330814472,0.361688237189702,18.941105656507148,18.944558634919115,0,0,0,0,0,5,5,1,1
404,2007,12,22,12,39436.5,67.46514574890163,-25.155372433868344,317,269,990.3788858452017,994.3788858452017,4.0,11.318897809186387,10.352232055220448,207.77578856468483,135625,1.269049616008997,9.519045447365835,3.4918126420856272,-7.65899115565167,8.417416530609586,0,0,0,0,0,6,6,1,1
404,2007,12,22,15,39436.625,67.5613525931276,-24.634463735910998,318,269,988.8112554539844,992.8112554539844,4.0,10.575619312599722,10.311297646940002,183.3616146530208,105625,-1.56763039121739,-11.750507148636368,7.369521493501031,3.5659043288037076,8.186911549867549,0,0,0,0,0,5,5,1,1
404,2007,12,22,18,39436.75,67.65564613542391,-24.10917523759153,319,269,988.0501557247011,992.0501557247011,4.0,9.027385814133476,12.01697982804566,196.9619693713725,121875,-0.7610997292833054,-5.701118085165104,7.401857918849209,3.4949878395647183,8.1855018569136,0,0,0,0,0,6,6,1,1
404,2007,12,22,21,39436.875,67.92682039122856,-22.50738810094131,322,269,987.5626466575783,989.5626466575783,2.0,8.365120832035226,8.868095893158753,131.56025258885612,54375,-0.48750906712273717,-3.6447016043954723,22.31013418372938,10.051067160697098,24.469696327597813,0,0,0,0,0,5,5,1,1
404,2007,12,23,0,39437.0,68.17996396042804,-20.867620405419185,325,269,986.512148689332,988.512148689332,2.0,8.735644651130466,7.976464521266024,143.1474726395179,64375,-1.0504979682463453,-7.839734072067944,22.590043523406997,9.382760202559238,24.461117215044613,0,0,0,0,0,4,4,1,1
404,2007,12,23,3,39437.125,68.33841485446652,-19.754026438430557,327,269,984.9118552887753,986.9118552887753,2.0,9.373181311450118,7.948301275265039,142.4508871303252,63750,-1.6002934005566931,-11.92962485035431,15.2354974987564,5.872978513124598,16.32826569633884,0,0,0,0,0,2,2,1,1
404,2007,12,23,6,39437.25,68.27206333039084,-18.43494882292201,329,268,983.760381198852,983.760381198852,0.0,10.180062463813252,5.648945084106162,14.104739588693906,625,-1.1514740899232856,-8.587790311702882,18.09930540492335,-2.4593176174502873,18.265626167317368,0,0,0,0,0,3,3,1,1
404,2007,12,23,9,39437.375,65.75023763658976,-10.996272580887428,339,254,,,,27.277249694429795,,0.0,0,-12.022375287950272,,113.17391796276226,-93.47140767752447,146.7829682226791,0,2,2,0,0,1,0,0,0
405,2007,12,22,0,39436.0,48.98982461665912,-39.33443300609047,246,221,997.4692757446247,1013.4692757446247,16.0,18.929433552606092,21.802420274856775,651.5718001092671,1333750,-2.6660141328748432,-24.477680486551467,63.11614416359217,51.311410226894196,81.34192322260381,0,0,0,0,2,0,0,1,1
405,2007,12,22,3,39436.125,49.987507986308486,-37.0992105761602,254,220,996.6057804088364,1008.6057804088364,12.0,18.00352604280107,14.935058982477422,517.6650803666196,841875,-0.8634953357883205,-7.810990656274997,53.265820908478375,36.979109700885964,64.84367533787895,0,0,0,0,0,1,1,1,1
405,2007,12,22,6,39436.25,51.78087031158494,-33.54765908804816,267,220,995.0906598448272,1005.0906598448272,10.0,17.085768884866063,22.757415409800377,458.7836224616476,661250,-1.5151205640092666,-13.360985350159435,81.43263463208051,66.47093073541024,105.117356397284,0,0,0,1,0,2,2,1,2
405,2007,12,22,9,39436.375,53.448148487654926,-30.96375653207352,277,222,993.3765478324937,1003.3765478324937,10.0,17.48373688483288,23.286039037434385,448.0336728133869,630625,-1.7141120123334985,-14.783327393647701,57.034066734928075,61.79762482805851,84.0941805520079,0,0,0,0,0,1,1,1,2
405,2007,12,22,12,39436.5,54.91161117290718,-28.476972458451524,286,224,992.2144156607018,1000.2144156607018,8.0,17.955407868694916,17.717432197594317,370.5011989410557,431250,-1.1621321717918909,-9.839692264227306,52.98165579383961,54.243208644557754,75.82467629152084,0,0,0,0,0,1,1,1,1
405,2007,12,22,15,39436.625,56.92686904587711,-26.301017195818876,295,229,987.8947344947707,993.8947344947707,6.0,19.7239171852865,17.215354622388187,246.73217409298277,191250,-4.319681165931106,-35.71423846553923,44.01052084992482,74.69548378492021,86.69683525564785,0,0,0,0,0,1,1,1,1
405,2007,12,22,18,39436.75,58.47262319112749,-24.443954780416536,302,233,983.7895415780451,991.7895415780451,8.0,21.974347084768677,16.48888299445105,257.00058634784585,207500,-4.105192916725501,-33.36688273529888,35.99150075714822,57.29333959721272,67.66029034044521,0,0,0,0,0,1,1,1,1
405,2007,12,22,21,39436.875,60.18946997073198,-22.569620196658434,309,238,979.4893414301131,989.4893414301131,10.0,24.734443886858443,21.84278020070138,266.12769430462026,222500,-4.300200147932046,-34.33623344567444,34.535776770946846,63.6348839060227,72.40247459103631,0,0,0,0,0,1,1,1,1
405,2007,12,23,0,39437.0,61.1820713916284,-21.425293798087385,313,241,975.130409005202,987.130409005202,12.0,28.49914851483417,17.11138616910721,301.5248932364378,285625,-4.358932424911181,-34.46826078575303,20.444676000920087,36.79074739462075,42.08971217099722,0,0,0,0,0,0,0,1,1
405,2007,12,23,3,39437.125,62.1597769147808,-20.20186754656228,317,244,971.7063962009888,985.7063962009888,14.0,30.12887747353009,20.592900385227548,350.63826593583474,386250,-3.4240128042131257,-26.827443496576365,21.176731926945326,36.23863130897048,41.9725192745587,0,0,0,0,0,0,0,1,1
405,2007,12,23,6,39437.25,62.90309528144188,-18.737298414898678,321,246,969.5608757531944,983.5608757531944,14.0,31.31219574033209,24.687819449662637,351.7711873561401,388750,-2.1455204477944063,-16.697345536712895,24.725755366193578,27.55107708481072,37.01924941111088,0,0,0,0,0,2,2,1,1
405,2007,12,23,9,39437.375,63.40596071701248,-17.04903097210982,325,247,969.6641197196866,985.6641197196866,16.0,30.812829100870307,27.651717980443426,510.31095974328605,818125,0.10324396649215486,0.799926784647884,28.01215834638959,18.6386950734524,33.6464258022207,0,0,2,0,0,0,0,1,2
405,2007,12,23,12,39437.5,63.72103807969764,-14.69341337049123,330,247,971.9229306010138,984.4093665130421,12.486435912028247,28.220255719033382,18.408824586505943,490.431348659144,755625,2.2588108813272267,17.45331765688306,38.6540162462361,11.67833474371233,40.37965421286421,0,0,0,0,0,0,1,2,0
405,2007,12,23,15,39437.625,68.38117137642955,-5.6808908179659525,350,264,968.9935943761056,980.9935943761056,12.0,27.75086969781522,12.342847139735749,430.5990114968427,582500,-1.4157721369364298,-10.550959460614381,34.53337121064963,47.15683396163098,58.44930039322419,0,0,0,0,2,0,0,1,1
405,2007,12,23,18,39437.75,69.84796291164432,-1.6000247151477376,357,270,967.8903098980855,975.8903098980855,8.0,27.900493672148208,12.475473904370446,316.9646002738459,315625,-1.1032844780200686,-8.14223232523612,52.100282844668584,54.36659238702186,75.30050358577326,0,0,0,0,0,1,1,1,1
405,2007,12,23,21,39437.875,72.47587869333726,6.259036305122252,368,282,,,,28.76851011557352,,0.0,0,-2.088965166722046,,87.64879490165531,97.40363419114209,131.0335041176655,0,2,2,0,0,2,4,0,0
410,2007,12,21,15,39435.625,29.834466483756586,126.57883132062474,565,512,1012.9467468036112,1014.9467468036112,2.0,8.340153363025804,6.634381931139578,202.4410972262378,128750,,,,,,3,0,0,0,0,18,18,1,1
410,2007,12,21,18,39435.75,30.851698812573286,128.3934833383889,557,516,1010.6294649210201,1014.6294649210201,4.0,10.778671834477182,11.201300685224705,271.67647093347347,231875,-2.317281882591051,-31.30664086853353,57.74193676203451,37.703691394415536,68.96158065036008,0,0,0,0,0,24,24,1,1
410,2007,12,21,21,39435.875,31.532987590113922,129.46724307884963,552,518,1007.7103297365968,1013.7103297365968,6.0,13.842446748614723,19.49400047370211,267.6186174229157,225000,-2.9191351844233577,-38.67069319280668,33.922008448714,25.251951880797357,42.289049776327786,0,0,0,0,0,22,22,1,1
410,2007,12,22,0,39436.0,31.265059285428848,130.4647877396234,550,522,1012.2635312820194,1016.2635312820194,4.0,9.582460203701029,8.638912064735996,438.3829305338697,603750,4.553201545422635,60.781562332076156,31.60433447953437,-9.930756061819269,33.12784137026808,0,0,0,0,0,19,19,1,1
410,2007,12,22,3,39436.125,31.035998875823005,132.41940142261134,545,529,1010.8974857645516,1014.8974857645516,4.0,10.112217221294243,3.515532661510588,389.35213277318815,476250,-1.3660455174678645,-18.356617120826613,62.07555021596246,-8.49011848109806,62.65345997179693,0,0,0,0,0,19,19,1,1
410,2007,12,22,6,39436.25,31.629377312403868,133.53537019479464,540,531,1008.1905144940096,1012.1905144940096,4.0,11.562924529780952,4.658982746704641,298.87407349973716,280625,-2.7069712705419806,-35.762091704597495,35.21901318335476,21.993557242690596,41.52222838187787,0,0,0,0,0,20,20,1,1
410,2007,12,22,9,39436.375,31.832842954833573,135.0,535,535,1008.1036532937246,1014.1036532937246,6.0,12.19428965687718,5.910003786842354,411.2202901549713,531250,-0.08686120028491132,-1.1409615494804728,46.1209176820961,7.541449061553029,46.73341953876994,0,0,0,0,0,20,20,1,1
410,2007,12,22,12,39436.5,32.52334981320355,136.98062093686957,527,539,1009.4867784653051,1015.4867784653051,6.0,11.749398324353676,8.896923570125074,447.81159910813847,630000,1.3831251715804682,17.82329061112703,61.897800860978826,25.593619821338173,66.98037867155266,0,0,0,0,0,24,24,1,1
410,2007,12,22,15,39436.625,32.7109494596772,136.8209288021912,527,538,1008.5421680137028,1016.5421680137028,8.0,11.95127314985366,11.20487983692823,555.841284250407,970625,-0.9446104516022024,-12.110361836215736,-4.980278101666199,6.95337630939407,8.55293002835745,0,0,0,0,0,21,21,1,1
410,2007,12,22,18,39436.75,33.04939849531374,139.99857241746847,516,546,1005.6323681803691,1013.6323681803691,8.0,14.408853813940805,13.670183357607456,391.6447068515214,481875,-2.9097998333338184,-36.96569998770105,98.71891199816405,12.544605230175621,99.5127665502382,0,0,0,0,0,21,21,1,1
410,2007,12,22,21,39436.875,33.825725486669626,141.24714898990317,510,547,1003.5307944911564,1015.5307944911564,12.0,16.39945679508545,16.685847062144095,575.7084062169598,1041250,-2.1015736892126733,-26.155827496693632,38.444882878401316,28.774540952002827,48.020654166019874,0,0,0,0,0,22,22,1,1
410,2007,12,23,0,39437.0,34.36708747406497,142.673284585206,504,549,1004.5102700320942,1016.5102700320942,12.0,15.511305098778163,14.260380719675814,650.3493378690501,1328750,0.9794755409378558,12.021418057867557,43.63202497743053,20.065568825525897,48.02479209661442,0,0,0,0,0,18,18,1,1
410,2007,12,23,3,39437.125,35.22343865424175,144.1788223964168,497,550,1000.3576179703621,1014.3576179703621,14.0,17.978622406509086,15.448557948848322,598.7457802060022,1126250,-4.152652061732224,-49.88225752826508,45.58531089813171,31.7406355539127,55.547173780901154,0,0,0,0,0,20,20,1,1
410,2007,12,23,6,39437.25,35.825037221548115,145.86578804090828,490,552,998.0880349288633,1012.0880349288633,14.0,20.204561350917707,18.992682924339896,474.76645643294637,708125,-2.2695830414986995,-26.86452951871016,50.69704824342018,22.298236187034426,55.38413164118802,0,0,0,0,0,19,19,1,1
410,2007,12,23,9,39437.375,36.31284137515101,147.03341258277229,485,553,995.2605912771579,1013.2605912771579,18.0,23.38463100707838,30.421204533090712,536.7219457003138,905000,-2.8274436517053982,-33.07887469450353,34.87298930133792,18.080449025595122,39.281395338994415,0,0,0,0,0,17,17,1,1
410,2007,12,23,12,39437.5,36.3456869454301,148.48206050226688,480,556,993.16605521984,1011.16605521984,18.0,24.935006576095095,25.948995768909004,482.4563236935515,731250,-2.0945360573178915,-24.48533481931273,43.24782811330409,1.2174202592607468,43.264959824383915,0,0,0,0,0,18,18,1,1
410,2007,12,23,15,39437.625,36.49695241226834,150.70333659110406,472,560,992.5714429875022,1010.5714429875022,18.0,24.609165324617802,13.0030737025469,558.1628804411712,978750,-0.5946122323378222,-6.926248683667493,66.18391477419165,5.606650829644351,66.42096889057714,0,0,0,0,0,18,18,1,1
410,2007,12,23,18,39437.75,36.998870083401535,152.14193684124876,466,561,991.3754406801138,1013.3754406801138,22.0,24.930559124786267,22.26653901551457,839.7948211176116,2215625,-1.1960023073884076,-13.768954893529319,42.58481726497073,18.603566207754362,46.47105913509234,0,0,0,0,0,16,16,1,1
410,2007,12,23,21,39437.875,37.44850815045672,154.73818883860432,456,564,992.4992546898015,1006.4992546898015,14.0,24.333932210464475,14.511559094008408,412.66910365125227,535000,1.123814009687776,12.804925528801562,76.3946046110382,16.665823960933974,78.191337768155,0,0,0,0,0,21,21,1,1
410,2007,12,24,0,39438.0,37.50517717228237,158.0337449115337,444,569,994.5976290158756,1006.5976290158756,12.0,22.49072310342936,10.849266203083753,428.74696415384574,577500,2.098374326073972,23.8784052249466,96.89620487620643,2.1004359083076807,96.9189679599235,0,0,0,0,0,22,22,1,1
410,2007,12,24,3,39438.125,38.05070355323812,159.45894190524163,438,569,992.9357457739726,1004.9357457739726,12.0,22.029721581869055,13.277690009390572,429.905428746211,580625,-1.6618832419029785,-18.680464956024114,41.59737864809941,20.219921971015406,46.251347600986804,0,0,0,0,0,22,22,1,1
410,2007,12,24,6,39438.25,38.2469041342234,161.565051177078,430,571,993.7479747485625,1003.7479747485625,10.0,21.341545447524254,13.20873304078319,385.50087952176875,466875,0.812228974589816,9.090176287540809,61.30539655528546,7.272169736759201,61.73520956051775,0,0,0,0,0,23,23,1,1
410,2007,12,24,9,39438.375,39.054019910391034,164.28743968317542,419,571,993.2005899168404,1015.2005899168404,22.0,22.6825866534405,18.443104081186103,1026.6467798742062,3311250,-0.5473848317220109,-6.019167305089285,78.3552856398371,29.9157265082087,83.87193499743763,0,0,2,0,0,20,20,1,2
410,2007,12,24,12,39438.5,39.48896602892324,167.14330263103474,408,572,992.7282750386995,1000.7282750386995,8.0,22.26011251856535,13.89800721236221,314.76015007415543,311250,-0.47231487814089634,-5.145685016937331,81.687928324572,16.12126724817453,83.26351476875978,0,0,0,2,0,18,18,1,1
410,2007,12,24,15,39438.625,39.99559511028281,168.37783203643045,403,571,990.9570142414851,998.9570142414851,8.0,22.399617223023068,15.092013077474183,314.1274657157109,310000,-1.771260797214345,-19.09305512819382,35.0544911214529,18.778194512592613,39.76729733005228,0,0,0,0,0,18,18,1,1
410,2007,12,24,18,39438.75,40.92913049010267,170.91505639197183,393,569,989.0243350544671,1011.0243350544671,22.0,24.125126244636714,16.017747131964498,945.754080179648,2810000,-1.932679187018075,-20.43883797747414,71.04828561199714,34.601466026389986,79.02607379580073,0,0,2,0,0,18,18,1,2
410,2007,12,24,21,39438.875,41.908973962008645,172.68724122661735,386,566,987.3855080970953,997.3855080970953,10.0,25.94409962954044,20.666920810906596,285.2507049171509,255625,-1.6388269573717844,-16.99848954263107,48.88309822276886,36.31787432724471,60.89782662383288,0,0,0,2,0,18,18,1,1
410,2007,12,25,0,39439.0,42.51431416367724,173.7213173872112,382,564,985.3573404802548,995.3573404802548,10.0,26.57518719090353,20.5958558634176,281.74195262169036,249375,-2.02816761684051,-20.79326747266749,28.25172629779627,22.436919773180794,36.077353114020774,0,0,0,0,0,16,16,1,1
410,2007,12,25,3,39439.125,42.834167781076275,174.52645302807002,379,563,983.3757193200216,1007.3757193200216,24.0,26.920034231625095,17.187876514453528,879.7106972092251,2431250,-1.9816211602331897,-20.193415964688985,21.884032246753506,11.855366507894207,24.888965073169416,0,0,2,0,0,14,14,1,2
410,2007,12,25,6,39439.25,43.40727272795226,175.6012946450045,375,561,982.5846050302389,1006.5846050302389,24.0,26.980705515475233,15.473074453826557,872.1018772485213,2389375,-0.7911142897827085,-7.976080093592532,28.942317350691315,21.24212084250303,35.90105056284048,0,0,0,0,0,11,11,1,2
410,2007,12,25,9,39439.375,43.930731354204866,176.12874376801437,373,559,981.0018032746267,1005.0018032746267,24.0,27.839863205950664,14.954120045017696,824.494118039212,2135625,-1.5828017556121632,-15.805936373724744,14.079397283253012,19.40198118254,23.97219851551602,0,0,0,0,0,16,16,1,1
410,2007,12,25,12,39439.5,43.961304372157954,176.70088668082604,371,559,976.5879692994312,1004.5879692994312,28.0,31.10226582214197,14.591125963815573,848.631909305104,2262500,-4.413833975195594,-44.05236948893989,15.264567856976427,1.1331881628653695,15.306572028795216,0,0,0,0,0,13,13,1,1
410,2007,12,25,15,39439.625,43.99801248512098,177.560301996472,368,559,974.8584484414372,1002.8584484414372,28.0,31.843505108160365,13.964390304149344,807.1806168897062,2046875,-1.7295208579939207,-17.250065574604864,22.91466329550483,1.3605853093948106,22.955020939448023,0,0,0,0,0,16,16,1,1
410,2007,12,25,18,39439.75,43.7902944715632,178.99992587187728,363,560,974.6989521764328,1002.6989521764328,28.0,31.43932845143739,10.783930999576333,833.4934472424623,2182500,-0.1594962650044181,-1.5968051462386736,38.51862451848613,-7.699063093437366,39.28052962108391,0,0,0,0,0,15,15,1,1
410,2007,12,25,21,39439.875,46.68056086288722,-177.7215288935174,352,548,972.9465892373845,1002.9465892373845,30.0,33.629518444560034,12.203968924009896,849.4520135021639,2266875,-1.7523629390483257,-16.687365666851907,-83.36407591497667,107.12765312216945,135.7420466053973,0,0,0,0,0,13,13,1,1
410,2007,12,26,0,39440.0,47.785831360058125,-175.48192861037927,345,543,969.5161060475225,1001.5161060475225,32.0,35.94733985718405,7.842750377025368,855.9845613440194,2301875,-3.4304831898619885,-32.08999513906912,55.77327369978625,40.96682395177125,69.20215837592558,0,0,0,0,0,15,15,1,1
410,2007,12,26,3,39440.125,49.34760104265131,-173.6954399531739,340,536,967.5527870674695,999.5527870674695,32.0,36.493796011104614,7.416037913523979,831.5817625070221,2172500,-1.963318980053009,-17.928965548178358,43.13672393913189,57.88695509721506,72.19194222784054,0,0,0,0,0,14,14,1,1
410,2007,12,26,6,39440.25,50.44919148434659,-172.52574873209198,337,531,965.1692882351922,999.1692882351922,34.0,37.881693523771524,10.49052369001489,849.6861835999277,2268125,-2.383498832277255,-21.416439149893232,27.60627171501437,40.83042278555121,49.28721601845718,0,0,0,0,0,16,16,1,1
410,2007,12,26,9,39440.375,50.89028359735497,-172.10665571775112,336,529,963.9163174125064,999.9163174125064,36.0,38.24561314541046,10.335074274996224,956.005889472031,2871250,-1.2529708226858929,-11.187518007612914,9.79874234591668,16.34906838315366,19.06062403382154,0,0,0,0,0,17,17,1,1
410,2007,12,26,12,39440.5,51.02146158819441,-171.06229918358977,333,528,963.3188061478983,1001.3188061478983,38.0,37.91722212906527,8.703471962561743,1071.2175967993455,3605000,-0.5975112646080379,-5.3251572817997825,24.348920500968582,4.862109022923899,24.829620087977304,0,0,0,0,0,20,20,1,1
410,2007,12,26,15,39440.625,51.56544550957547,-169.55811897572534,329,525,964.923212173172,994.923212173172,30.0,36.12143262912416,2.467658675054117,809.2728778497085,2057500,1.6044060252737835,14.190457737108206,34.65621481996961,20.162750744595193,40.094759548307,0,0,0,0,0,19,19,1,1
410,2007,12,26,18,39440.75,53.89451383934602,-168.9027984030835,329,515,966.1300260079031,992.1300260079031,26.0,33.258583769445174,2.9696335995574916,761.2640386445191,1820625,1.2068138347310013,10.348688207106965,14.31307835269429,86.32686069300044,87.50537748640977,0,0,0,0,0,18,18,1,1
410,2007,12,26,21,39440.875,54.11423003938814,-165.47858446850947,320,512,967.7905188157936,991.7905188157936,24.0,33.25340369202192,1.8940200809131784,760.0871288369381,1815000,1.6604928078905505,14.199472616778339,74.38864042305204,8.143775582101847,74.83308696507027,0,0,0,0,0,13,13,1,1
410,2007,12,27,0,39441.0,54.04684779061141,-162.48354210155622,312,510,968.9165067804897,996.9024759072848,27.985969126795098,31.92088604511066,3.2280512394061223,948.5896159592952,2826875,1.1259879646961053,9.636935427850412,65.1724120341357,-2.4975214032912185,65.22024918311071,0,0,0,1,0,11,12,2,0
410,2007,12,27,3,39441.125,54.871906224652655,-161.68246039698704,311,506,970.4426717902832,996.4426717902832,26.0,30.33043714090201,4.053505200223226,947.1203978384665,2818125,1.5261650097934762,12.928229887181173,17.084914580997683,30.580770683563358,35.02967087828082,0,0,0,0,0,12,12,1,2
410,2007,12,27,6,39441.25,55.44993822620503,-159.77514056883192,307,502,972.2394848459538,996.2301439770428,23.990659131088904,28.63770785643028,3.0635911539043446,942.0656831751071,2788125,1.7968130556706456,15.114397475985196,40.09158891583537,21.42474200360781,45.45717843990639,0,0,0,0,0,13,14,2,0
410,2007,12,27,9,39441.375,55.8561621687007,-158.30489053920311,304,499,973.4332293350221,995.323270251134,21.890040916111758,27.753376144412712,5.692799207775534,917.2419625810475,2643125,1.19374448906834,9.992983628640356,30.585841448420474,15.056680495690145,34.091015306928185,0,0,0,0,0,12,13,2,0
410,2007,12,27,12,39441.5,56.20345038746486,-157.6617937949378,303,497,,,,26.530850725416308,,0.0,0,1.2689194765000138,,13.258824477794235,12.872229336666523,18.479467379464534,0,0,0,2,0,11,12,0,0
413,2007,12,21,21,39435.875,38.95646397106739,-173.08485736266576,333,578,986.7893000490227,1000.7893000490227,14.0,24.48384308855677,19.432172695674527,376.3613946086751,445000,,,,,,3,0,0,0,0,25,25,1,1
413,2007,12,22,0,39436.0,39.625006472451545,-170.60266352537002,324,574,980.3349224805646,998.3349224805646,18.0,28.856257755772006,30.71206981495037,394.6807577665683,489375,-6.454377568458149,-70.11606933875589,70.86125296790571,24.779511466726976,75.06891074680104,0,0,0,0,0,22,22,1,1
413,2007,12,22,3,39436.125,40.37858413927736,-167.74658096468846,314,569,974.8560189374969,996.8560189374969,22.0,32.8847304660096,40.480290879917014,409.7663541116445,527500,-5.478903543067718,-58.59353834895688,80.63906000898866,27.93133779455781,85.33942600068838,0,0,0,0,0,22,22,1,1
413,2007,12,22,6,39436.25,41.058707963838046,-165.07730231342703,305,564,971.4015490506525,993.4015490506525,22.0,36.31602531633576,43.407443774626515,353.74506923207105,393125,-3.4544698868443082,-36.43742934349115,74.59905318442733,25.208772927081093,78.74325982903015,0,0,0,0,0,23,23,1,1
413,2007,12,22,9,39436.375,41.780079164671285,-161.99910180921742,295,558,968.2530938584362,992.2530938584362,24.0,39.32501982026165,27.794098863032996,366.18033747720784,421250,-3.148455192216352,-32.739026770355295,85.07580339647122,26.737605920049734,89.1784272898491,0,0,0,0,0,22,22,1,1
413,2007,12,22,12,39436.5,43.44000930920422,-158.96248897457818,287,548,967.1282970059111,989.1282970059111,22.0,38.40301568425142,17.449450006884728,364.00067324663405,416250,-1.1247968525250327,-11.333451403626936,81.71887438614948,61.52527021881032,102.29043604578536,0,0,0,0,0,25,25,1,1
413,2007,12,22,15,39436.625,45.04137764017308,-155.9928533731142,280,538,963.9880947757301,985.9880947757301,22.0,40.204819811321535,15.626952624842016,355.428243221036,396875,-3.1402022301810213,-30.745377056551952,77.77028194353184,59.354678031000674,97.83248211989815,0,0,0,0,0,20,20,1,1
413,2007,12,22,18,39436.75,46.283119464998514,-153.63693075770684,275,530,962.8605080604679,984.8605080604679,22.0,41.4407663320295,15.711088062519774,363.1799266030658,414375,-1.1275867152622958,-10.808721259926255,60.345757949876706,46.025130374315104,75.8941574069955,0,0,0,0,0,20,20,1,1
413,2007,12,22,21,39436.875,47.6485369013202,-151.00567549942204,270,521,961.913799053453,983.913799053453,22.0,42.637874723096694,8.33664834687901,369.9638510165959,430000,-0.9467090070148697,-8.875181345265638,65.69877957186627,50.6091638903301,82.93140000573344,0,0,0,0,0,21,21,1,1
413,2007,12,23,0,39437.0,48.829251126151824,-148.653548341718,266,513,960.4620744547116,984.4620744547116,24.0,43.58603259980805,7.577643050463811,427.58536092435946,574375,-1.4517245987414207,-13.361446008949487,57.389778412043725,43.763143872780084,72.17201277374166,0,0,0,0,0,17,17,1,1
413,2007,12,23,3,39437.125,49.92874006265784,-146.17383824181474,262,505,961.3857216272004,983.3857216272004,22.0,43.50138904617101,6.914213740437844,418.17639068008134,549375,0.9236471724888543,8.362315753589822,59.163679817568685,40.75253054709639,71.8408641063553,0,0,0,0,0,18,18,1,1
413,2007,12,23,6,39437.25,51.275089538420346,-143.63713141507077,259,496,961.8717832923427,985.8717832923427,24.0,43.784507184357714,7.099520175670332,484.5137160706037,737500,0.48606166514233334,4.3164741665346655,58.816148604400226,49.90241039845085,77.13358477492348,0,0,0,0,0,17,17,1,1
413,2007,12,23,9,39437.375,52.456421580200406,-141.9112271190247,258,489,961.9508688216939,985.9508688216939,24.0,44.60429124311593,7.133301741743126,490.2284814948658,755000,0.0790855293511413,0.69104233165614,38.980497135770314,43.78604324286691,58.623346371714476,0,0,0,0,0,13,13,1,1
413,2007,12,23,12,39437.5,53.747184560328286,-140.3558250428552,258,482,963.5704163451225,989.5704163451225,26.0,43.08948364463014,7.4757226750970585,589.8749819535121,1093125,1.6195475234286278,13.914109696420903,34.091160763292336,47.84209829694362,58.74583910068064,0,0,0,0,0,12,12,1,1
413,2007,12,23,15,39437.625,54.9804231770482,-139.21694282916857,259,476,963.7468511610778,987.7468511610778,24.0,42.278241322180165,9.484170650138767,543.5359814348363,928125,0.1764348159552901,1.4926030661652734,24.223722349802838,45.70995917380307,51.73189627445606,0,0,0,0,0,12,12,1,1
413,2007,12,23,18,39437.75,55.66731635100437,-138.76051070575693,260,473,964.8678325721531,990.8678325721531,26.0,41.38735304810097,10.554879666255657,587.0012366204636,1082500,1.120981411075336,9.404948089721316,9.54148739154006,25.459678696901236,27.1888804659619,0,0,0,0,0,11,11,1,1
413,2007,12,23,21,39437.875,56.35052940273592,-138.2861019790753,261,470,968.2987284069593,992.2987284069593,24.0,38.87439452682394,9.835125688453045,562.4237276245926,993750,3.4308958348061425,28.554435831963673,9.743430986262833,25.323275056631733,27.133055614469477,0,0,0,0,0,14,14,1,1
413,2007,12,24,0,39438.0,56.71351496996199,-137.2132281763958,260,467,973.6117353705195,995.6117353705195,22.0,33.73710614480042,9.90447127133004,602.0592851968912,1138750,5.313006963560183,44.03393911756487,21.82440070709659,13.454051173578529,25.638173866427927,0,0,0,0,0,16,16,1,1
413,2007,12,24,3,39438.125,57.06385913753276,-136.11782458238613,259,464,978.4553600637588,990.4553600637588,12.0,30.38017483803722,14.336181779645992,326.8528041036741,335625,4.8436246932393985,39.98395431447861,22.07474586387993,12.98549800446026,25.610887594511937,0,0,0,0,0,16,16,1,1
413,2007,12,24,6,39438.25,56.90435382019007,-134.72186733270365,256,462,985.2666897353254,991.2666897353254,6.0,25.233499963749203,15.550551514341132,169.8435557664936,90625,6.811329671566491,56.32909700854939,28.252143609255654,-5.912060687112548,28.864096730819533,0,0,0,0,0,14,14,1,1
413,2007,12,24,9,39438.375,57.54651350681743,-133.01529688784643,255,457,994.242089694938,996.242089694938,2.0,16.696450865341184,9.6705598462926,124.56968712917198,48750,8.975399959612696,73.69208241086886,33.94213186414262,23.80163308287429,41.45583255580114,0,0,0,0,0,11,11,1,1
413,2007,12,24,12,39438.5,58.98997434734385,-128.16899405064848,252,444,999.1176041267224,999.1176041267224,0.0,13.165811510870803,15.706273960959225,14.104739588693906,625,4.875514431784395,39.41133445168143,92.5219820150689,53.501840758876256,106.87733211764262,0,0,0,0,0,11,11,1,1
413,2007,12,24,15,39438.625,57.4648164197401,-122.7472404844526,239,437,1001.9031260002984,1001.9031260002984,0.0,12.662149536018166,17.94559417858065,14.104739588693906,625,2.7855218735759264,22.89117120252868,108.0495953042858,-56.52994129375547,121.94404170805304,0,0,0,0,0,12,12,1,1
413,2007,12,24,18,39438.75,58.69485874562477,-124.66889515566031,246,438,1004.7628454343619,1004.7628454343619,0.0,10.814987717809052,29.55465288796761,14.104739588693906,625,2.8597194340635905,23.188710560456485,-37.007506181138965,45.59148873214947,58.72085965447671,0,0,0,0,0,12,12,1,1
413,2007,12,24,21,39438.875,57.267854917391496,-122.53217766378683,238,437,1007.7579737349989,1007.7579737349989,0.0,9.107510804079649,17.26860598580337,14.104739588693906,625,2.9951283006370066,24.667940103881588,42.82124663809702,-52.89186200063484,68.0529810481138,0,0,0,0,0,11,11,1,1
413,2007,12,25,0,39439.0,57.267854917391496,-122.53217766378683,238,437,,,,9.107510804079649,,0.0,0,0.0,,0.0,0.0,0.0,0,3,0,0,0,11,11,0,0
416,2007,12,22,3,39436.125,70.72016623803715,-18.012109418251516,333,278,995.6911727164039,997.6911727164039,2.0,11.419685955665264,14.839482014422831,110.16153780134434,38125,,,,,,3,0,0,0,0,6,6,1,1
416,2007,12,22,6,39436.25,71.50735351701792,-17.333242707715637,335,281,993.5836750611888,995.5836750611888,2.0,12.651449768276226,15.014181868017182,96.69722284868811,29375,-2.1074976552151203,-15.396162598724052,7.980971691391977,29.177077247265206,30.24892966423244,0,0,0,0,0,8,8,1,1
416,2007,12,22,9,39436.375,72.57207860739152,-16.09764296379819,338,285,991.7176694847969,995.7176694847969,4.0,14.245519650916417,12.89072796189692,155.15213547563297,75625,-1.8660055763919081,-13.550089685899614,13.716366188116936,39.46400944023817,41.77974081424782,0,0,0,0,0,7,7,1,1
416,2007,12,22,12,39436.5,73.90145425214521,-14.133190548862927,342,290,990.7564134939178,996.7564134939178,6.0,14.856568811677077,14.749698087286307,218.50968611841583,150000,-0.9612559908791445,-6.931590933624109,20.18925161847375,49.27327576715031,53.24905243982926,0,0,0,0,0,8,8,1,1
416,2007,12,22,15,39436.625,74.98491997751138,-11.64597424848322,346,294,987.8855771635092,995.8855771635092,8.0,16.59971350972826,14.300240762655012,274.589974853026,236875,-2.870836330408638,-20.59282449207262,23.88185503259001,40.15863061799471,46.723212784548394,0,0,0,0,0,7,7,1,1
416,2007,12,22,18,39436.75,76.22028279235484,-9.84582236785257,349,299,985.4349536003494,993.4349536003494,8.0,19.307161063484827,18.723378323950964,255.05799926450496,204375,-2.450623563159752,-17.48156082781309,15.892013336569372,45.78869252531088,48.46813851456603,0,0,0,0,0,8,8,1,1
416,2007,12,22,21,39436.875,77.66079267963268,-7.835525106488548,352,305,983.1224694924301,991.1224694924301,8.0,21.78813558124635,19.78974767768319,242.66711549775604,185000,-2.3124841079192993,-16.400211816894107,15.922273438984849,53.39246374887414,55.716011851537274,0,0,0,0,0,8,8,1,1
416,2007,12,23,0,39437.0,78.85596966902939,-5.194428907734806,355,310,981.9868886561784,989.9868886561784,8.0,22.64854425003012,16.791553844266456,238.11540999374174,178125,-1.1355808362517563,-8.018732623679078,18.918594552891633,44.299205887743796,48.169833528271774,0,0,0,0,0,7,7,1,1
416,2007,12,23,3,39437.125,80.69952627562932,-0.6902771978650787,359,318,980.9000938627712,988.9000938627712,8.0,24.417009098149585,17.126720557547014,253.49321149362706,201875,-1.086794793407171,-7.629834096309629,26.97375230443254,68.33138054532373,73.46264956160188,0,0,0,0,0,7,7,1,1
416,2007,12,23,6,39437.25,82.04649639714997,0.8069294551023745,360,324,979.1761899172188,987.1761899172188,8.0,26.285218618669646,24.45411323623957,247.93869558672074,193125,-1.7239039455523015,-12.059561621393534,7.678449319782668,49.92541461829967,50.512430240145854,0,0,0,0,0,9,9,1,1
416,2007,12,23,9,39437.375,83.16802159328175,0.9391909457355799,360,329,977.6029491085118,985.6029491085118,8.0,28.137599351549802,23.991186404682665,227.4320920733615,162500,-1.5732408087070509,-10.977681618994819,0.5831647240858774,41.569303971299895,41.57339430156921,0,0,0,0,0,6,6,1,1
416,2007,12,23,12,39437.5,84.06469184722636,-1.0809241866606887,359,333,975.8569233652836,983.8569233652836,8.0,29.458605929135494,21.57709699913954,192.36300129927707,116250,-1.7460257432282378,-12.16201833263293,-7.742143366745379,33.2350610372422,34.124918550239116,0,0,0,0,0,7,7,1,1
416,2007,12,23,15,39437.625,84.50372141073923,-3.503531644784458,358,335,974.1462865029479,982.1462865029479,8.0,30.065091185902073,22.34096130143407,170.4282168957679,91250,-1.7106368623356685,-11.90638035339968,-8.599922453344737,16.272620036535812,18.405347838522633,0,0,0,0,0,6,6,1,1
416,2007,12,23,18,39437.75,84.93114057487729,-6.340191745909909,357,337,973.1597492567294,981.1597492567294,8.0,30.111976888689735,21.518451827707466,171.59156293944244,92500,-0.9865372462185041,-6.861765302450794,-9.288550878253279,15.842280867603687,18.36450490772734,0,0,0,0,0,6,6,1,1
416,2007,12,23,21,39437.875,85.15375951934027,-6.632514615138463,357,338,974.1443785742885,980.1443785742885,6.0,28.597383168102603,14.829260421491345,157.69578262626,78125,0.9846293175590108,6.846187119373109,-0.9153567858955688,8.251365733083093,8.301982564820463,0,0,0,0,0,7,7,1,1
416,2007,12,24,0,39438.0,85.56445197913082,-10.175510843043208,356,340,976.2620525043516,978.2620525043516,2.0,25.89106846235139,9.463757725491886,100.72798827589244,31875,2.1176739300631744,14.71574959890042,-10.15444984404765,15.222305979961298,18.298400230152495,0,0,0,0,0,9,9,1,1
416,2007,12,24,3,39438.125,85.737420444268,-13.671307132195833,355,341,977.5421676959813,977.5421676959813,0.0,23.182533230148778,7.214081360523196,14.104739588693906,625,1.2801151916297386,8.893498599415308,-9.62924004525826,6.411071930917123,11.568236994140408,0,0,0,0,0,9,9,1,1
416,2007,12,24,6,39438.25,85.737420444268,-13.671307132195833,355,341,,,,23.182533230148778,,0.0,0,0.0,,0.0,0.0,0.0,0,3,0,0,0,9,9,0,0
442,2007,12,23,12,39437.5,66.10256941508186,-108.43494882292202,259,393,1002.100163028618,1004.100163028618,2.0,13.4563327305772,1.6325084717477876,294.1776679257249,271875,,,,,,3,0,0,0,0,10,10,1,1
442,2007,12,23,15,39437.625,65.99894667542831,-105.53852502903209,257,388,1001.2317684643504,1003.2317684643504,2.0,13.783233525923386,3.2050654527232108,203.9098547955877,130625,-0.8683945642676554,-6.585838965325931,43.66349158330316,-3.840774311494544,43.83208921049763,0,0,0,0,0,9,9,1,1
442,2007,12,23,18,39437.75,65.72890888001798,-103.71327180695253,255,385,1000.1882581664457,1004.1882581664457,4.0,14.900032216693171,3.1647599291666846,317.9046851862261,317500,-1.043510297904577,-7.93063386022825,27.808075722083323,-10.008944283970008,29.55449273874847,0,0,0,0,0,9,9,1,1
442,2007,12,23,21,39437.875,65.52503723793062,-100.8955036834127,253,380,1000.0863279632946,1006.0863279632946,6.0,14.949624464214988,1.7868008718969213,442.4483924742311,615000,-0.10193020315113245,-0.7759150267238119,43.26562671756496,-7.5564974289367735,43.920554512178,0,0,0,0,0,11,11,1,1
442,2007,12,24,0,39438.0,65.22844358549773,-98.64693170795307,251,376,998.8357514717272,1004.8357514717272,6.0,16.134995292907085,3.0594696812538316,390.8820095223359,480000,-1.2505764915673354,-9.54227480800413,34.91909549342703,-10.993236475172305,36.60866670992177,0,0,0,0,0,13,13,1,1
442,2007,12,24,3,39438.125,64.86693648006393,-96.9654184900551,249,373,997.5503367268374,1003.5503367268374,6.0,16.553095465206347,3.0776987714567805,393.1656628928871,485625,-1.2854147448898585,-9.836937933888642,26.470120046090656,-13.399252023399104,29.668286267343035,0,0,0,0,0,13,13,1,1
442,2007,12,24,6,39438.25,64.52242813216967,-94.32080495498448,247,368,996.7971203538142,1002.7971203538142,6.0,16.753860312390263,2.98055383191313,391.13640721247674,480625,-0.7532163730231696,-5.780575474421227,42.162103215207324,-12.76919349084704,44.05332280244574,0,0,0,0,0,10,10,1,1
442,2007,12,24,9,39438.375,64.56525447634394,-92.79889851357635,247,365,995.5819959989782,1001.5819959989782,6.0,17.21622253873704,3.6229707444436645,369.4257214939158,428750,-1.2151243548360071,-9.32218075381189,24.226300257803082,1.5873573996376618,24.278248035956263,0,0,0,0,0,6,6,1,1
442,2007,12,24,12,39438.5,64.12388093145904,-91.75085418654284,245,363,994.3705683023769,1002.3705683023769,8.0,17.50497343690497,3.1233932095254566,459.6500701125706,663750,-1.211427696601313,-9.328272076276596,16.953130055531844,-16.35949964877511,23.559326124446983,0,0,0,0,0,6,6,1,1
442,2007,12,24,15,39438.625,63.899812014484745,-88.76002523368732,244,357,993.7913070191123,1001.7913070191123,8.0,17.357910088230717,2.8461987083161513,464.8148397450838,678750,-0.579261283264641,-4.468956692244438,48.7653187177362,-8.305108928760955,49.46747561742945,0,0,0,0,0,6,6,1,1
442,2007,12,24,18,39438.75,63.86396678635062,-86.77895978449952,244,353,993.505287790275,1001.505287790275,8.0,16.764895890756446,3.166483482759286,470.1344778027556,694375,-0.2860192288372491,-2.207293515109115,32.344080912983905,-1.3286025043102963,32.371357010791336,0,0,0,0,0,5,5,1,1
442,2007,12,24,21,39438.875,63.604449246509155,-85.8270155239205,243,351,993.809276180017,1001.809276180017,8.0,16.436402634420887,3.0177642188097527,487.1753369022173,745625,0.3039883897420077,2.351216386249547,15.685815626026743,-9.619011268549524,18.400276890258674,0,0,0,0,0,5,5,1,1
442,2007,12,25,0,39439.0,63.52174270657623,-83.87581393953752,243,347,993.2714786958188,1003.2714786958188,10.0,16.948587623783983,3.0651407713501246,555.4832544005374,969375,-0.5377974841982359,-4.162613332528001,32.24376683194041,-3.0655158802891336,32.38916311244928,0,0,0,0,0,4,4,1,1
442,2007,12,25,3,39439.125,65.25565025155022,-78.69006752597979,252,338,992.5869192248033,1002.5869192248033,10.0,15.917878310116418,4.050440269997052,554.2283285500282,965000,-0.6845594710155274,-5.222250951775672,80.43054074721368,64.26724075727684,102.95314526250758,0,0,0,0,0,4,4,1,1
442,2007,12,25,6,39439.25,65.20962451246942,-78.17851165939275,252,337,992.6149642404815,1004.6149642404815,12.0,15.978966969178765,3.966435166350857,675.2621061175284,1432500,0.02804501567821717,0.2140243567828656,7.950236259679169,-1.7059428936170724,8.131205183796558,0,0,0,0,0,4,4,1,1
442,2007,12,25,9,39439.375,65.55890547020591,-76.92608114174962,254,335,992.4259596143896,1002.4259596143896,10.0,15.88207711446531,2.9387777279403964,569.8035485213009,1020000,-0.1890046260919189,-1.438357828836342,19.206846683360105,12.946090157950243,23.16256052114872,0,0,0,0,0,6,6,1,1
442,2007,12,25,12,39439.5,64.72696676680106,-75.77753038553448,251,332,991.8190681220497,1001.8190681220497,10.0,16.409970872657127,2.5791945392732303,559.9421737028154,985000,-0.6068914923399279,-4.649722329889813,18.174688598516624,-30.83578769929095,35.793366825276344,0,0,0,0,0,4,4,1,1
442,2007,12,25,15,39439.625,64.38826399071723,-74.92212985606355,250,330,990.9378814988818,1000.9378814988818,10.0,16.773372339856902,5.182464413569833,547.002095985713,940000,-0.8811866231678869,-6.770258512613137,13.705204340607976,-12.554010113649824,18.58590315135215,0,0,0,0,0,5,5,1,1
442,2007,12,25,18,39439.75,65.9365438571227,-73.94392340060158,257,330,990.0358382910185,998.0358382910185,8.0,16.729564886794833,3.970897396947912,469.92284849750047,693750,-0.9020432078631712,-6.844350888285672,14.783656288152304,57.38695539006773,59.26060362659032,0,0,0,0,0,4,4,1,1
442,2007,12,25,21,39439.875,65.8057747020038,-72.91691305263721,257,328,990.0934631516462,996.0934631516462,6.0,16.590937661543137,3.188208050678586,388.8408362521876,475000,0.05762486062769313,0.43768211839067034,15.600503422503204,-4.846955536939026,16.33611597083585,0,0,0,0,0,3,3,1,1
442,2007,12,26,0,39440.0,65.66715436145498,-71.90109295154099,257,326,989.9714035049634,993.9714035049634,4.0,15.854896137044907,2.1091026920152216,342.6029342114174,368750,-0.12205964668290108,-0.928099716048608,15.513570653931621,-5.137959532923047,16.342261244897635,0,0,0,1,0,4,4,1,2
442,2007,12,26,3,39440.125,65.30385359364607,-71.06827941015331,256,324,989.5454483787928,993.176951011307,3.631502632514166,15.061275424135966,2.8603199875778955,343.1831258788849,370000,-0.42595512617059283,-3.2481957462474536,12.896830142096984,-13.465734075474643,18.645487977135385,0,0,0,0,0,4,3,2,0
442,2007,12,26,6,39440.25,65.44477507851302,-70.39930957077681,257,323,989.5548297591516,993.6715234142579,4.11669365510621,14.817446966491378,2.3805470755654095,445.36147995563624,623125,0.009381380358827301,0.0714587580823274,10.304158514594562,5.223251390807797,11.552403982958143,0,0,0,0,0,5,3,2,0
442,2007,12,26,9,39440.375,64.70234099971162,-62.634461076658994,260,308,987.2597389681989,991.2597389681989,4.0,15.510450955172793,11.602271497512993,298.87407349973716,280625,-2.2950907909526723,-17.587496135936203,122.90769589549298,-27.518300976913903,125.9506196848392,0,0,0,2,0,3,3,1,1
442,2007,12,26,12,39440.5,65.8764362950062,-56.83011332616804,270,301,988.6233080708428,994.6233080708428,6.0,9.708858569085493,7.657031186424792,524.1576294516606,863125,1.3635691026438144,10.351083659620691,87.89683984252021,43.517813411333606,98.07983757330196,0,0,0,1,0,5,5,1,2
442,2007,12,26,15,39440.625,66.44887070684146,-55.929488002180385,273,301,988.4289642565868,994.4289642565868,6.0,9.575773588061887,10.4900622621824,514.3880761548386,831250,-0.19434381425598984,-1.4687986789181369,13.338101641630734,21.217267477614435,25.06147231547077,0,0,1,0,0,7,7,1,2
442,2007,12,26,18,39440.75,67.40122273325973,-56.38917969805453,276,304,988.8104626649152,994.453836733725,5.6433740688097895,9.848333045415451,10.399540366565708,510.50584650224977,818750,0.38149840832847987,2.862917867834143,-6.547450386577291,35.29890457245857,35.90099957633809,0,0,0,0,0,4,2,2,0
442,2007,12,26,21,39440.875,68.40257974490686,-58.216324063790616,278,309,989.984543732492,994.163936878769,4.179393146276998,11.904129450883202,10.39926467190693,448.699234466973,632500,1.1740810675767717,8.748475974866812,-24.926773337918522,37.11527315170604,44.70892002906933,0,0,0,0,0,3,1,2,0
442,2007,12,27,0,39441.0,68.63941519090497,-59.24346057354783,278,311,990.5180425291875,990.5180425291875,0.0,13.170887476112274,10.935854647407032,14.104739588693906,625,0.533498796695494,3.9688197993398306,-13.866598753208683,8.778300014863508,16.41161515919263,0,0,0,2,0,3,3,1,1
442,2007,12,27,3,39441.125,68.67070022123912,-60.59281093926635,277,313,990.3436759887242,992.3436759887242,2.0,15.632301259579865,12.654853864468754,88.0840704993241,24375,-0.17436654046337935,-1.2968758928631792,-18.190977301775515,1.1595788843594883,18.227898353424195,0,0,0,0,0,4,4,1,1
442,2007,12,27,6,39441.25,68.27206333039084,-61.17619336160838,275,313,990.7978553742589,992.7978553742589,2.0,17.279327263488657,19.488554943084893,85.79578146972122,23125,0.4541793855348078,3.3873079394525023,-8.004819713636794,-14.775466611896475,16.80450987821709,0,0,0,0,0,5,5,1,1
442,2007,12,27,9,39441.375,68.3597830994926,-60.366085212823386,276,312,992.3048806744268,994.3048806744268,2.0,15.903322912012518,11.528594671033133,103.64824484140065,33750,1.5070253001678793,11.232680896900488,11.073056704830545,3.2513310968495475,11.54052592777875,0,0,0,0,0,5,5,1,1
442,2007,12,27,12,39441.5,68.24604916415402,-59.850338298984234,276,311,994.0449006209736,994.0449006209736,0.0,15.071048212590615,10.332909584148583,14.104739588693906,625,1.7400199465468176,12.979564494493154,7.084834019976193,-4.2155455323236515,8.244131077664033,0,0,0,0,0,3,3,1,1
442,2007,12,27,15,39441.625,68.32655224114025,-59.03624346792648,277,310,995.1444548813611,995.1444548813611,0.0,14.080336223596039,6.630458610308633,14.104739588693906,625,1.0995542603873765,8.197464816303174,11.143813684401287,2.983844580048787,11.536373429745412,0,0,0,0,0,6,6,1,1
442,2007,12,27,18,39441.75,69.86830928162034,-56.39876306875794,285,310,995.8368203623643,995.8368203623643,0.0,11.845569343145566,2.723156033864943,14.104739588693906,625,0.6923654810032167,5.108987308896904,33.64368836054892,57.14518700663831,66.31342371289088,0,0,0,0,0,5,5,1,1
442,2007,12,27,21,39441.875,69.86830928162034,-56.39876306875794,285,310,997.2388744714249,997.2388744714249,0.0,11.646997661616057,2.580319007013459,14.104739588693906,625,1.4020541090607004,10.345802680975357,0.0,0.0,0.0,0,0,0,0,0,5,5,1,1
442,2007,12,28,0,39442.0,69.86830928162034,-56.39876306875794,285,310,,,,11.356727065624511,,0.0,0,1.2223254179752256,,0.0,0.0,0.0,0,2,2,0,0,7,6,0,0
454,2007,12,21,18,39435.75,37.42740695169481,-102.89969345345982,139,410,1000.4831582461067,1010.4831582461067,10.0,13.07731534803765,5.456083664768012,760.6104246846999,1817500,,,,,,3,0,0,0,0,17,17,1,5
454,2007,12,21,21,39435.875,37.18239408548823,-102.84339106716483,138,410,997.9448005309856,1009.9448005309856,12.0,13.936433601291352,5.1931818980137905,852.2578081400237,2281875,-2.5383577151209464,-29.09925074785356,1.6626233238520813,-9.08139589493796,9.232338150090312,0,0,0,0,0,14,14,1,2
454,2007,12,22,0,39436.0,34.92266593228548,-101.35752031981603,128,406,998.7524341704068,1010.4994194785608,11.746985308153961,12.883892920581312,4.9026474316707755,876.5389254198155,2413750,0.8076336394211103,9.774219232994371,45.15596642794722,-83.756768744008,95.15386284580953,0,0,1,0,0,11,12,2,0
454,2007,12,22,3,39436.125,32.21188143804224,-101.8109161884045,118,410,1000.4639955492396,1010.4639955492396,10.0,12.391251838805912,5.266192187366032,792.6311486784107,1973750,1.7115613788328483,22.24557990663975,-14.218498659575665,-100.47516099552814,101.47622224545833,0,0,0,0,0,13,13,1,2
454,2007,12,22,6,39436.25,34.56830410128294,-100.55297199892881,126,403,1001.8493713468432,1011.8493713468432,10.0,12.675314605835267,5.450716200710158,889.9408888016351,2488125,1.3040952210252,15.923903801856698,17.28873928152478,-14.969683951314193,22.869017109328762,0,0,0,0,2,14,14,1,3
454,2007,12,22,9,39436.375,34.366018443528155,-98.81013901959872,124,396,1002.3370873932954,1006.3370873932954,4.0,12.128746134401412,6.030505300709264,263.498280684788,218125,0.4877160464521148,5.986059079576551,53.3217135640725,-7.497712958430115,53.84627040952794,0,0,0,2,0,14,14,1,1
454,2007,12,22,12,39436.5,34.513671623046164,-97.85742967380196,124,392,1004.2850403776531,1008.2850403776531,4.0,10.903769860207733,9.609180670101415,235.17300594335575,173750,1.9479529843576893,23.818824231788557,29.09678545844669,5.472761488447002,29.606993132101465,0,0,0,0,0,17,17,1,1
454,2007,12,22,15,39436.625,35.20832010116055,-96.47481504025953,126,386,1005.906912790934,1009.906912790934,4.0,12.223139555326611,7.688706933143403,239.78057300779642,180625,1.621872413280944,19.489450667735596,41.87125164593497,25.747128855894708,49.15400653781193,0,0,0,0,0,14,14,1,1
454,2007,12,22,18,39436.75,36.93374655248302,-94.39870535499554,132,377,1004.725090653951,1008.725090653951,4.0,13.88691062709984,8.471124609532563,260.07854739300495,212500,-1.1818221369829554,-13.62626870373766,61.508059198201906,63.952889228460926,88.73112975161143,0,0,0,0,0,14,14,1,1
454,2007,12,22,21,39436.875,37.504065608708984,-93.42603514626333,134,373,1002.2450082894721,1006.2450082894721,4.0,15.745368666253441,14.166900173872127,230.4733439183804,166875,-2.4800823644788763,-28.22275701808815,28.600287945564357,21.138861873680042,35.56441974619743,0,0,0,0,0,14,14,1,1
454,2007,12,23,0,39437.0,38.575444700182906,-91.93929677118399,138,367,1001.356747007315,1013.356747007315,12.0,18.344958702729112,14.500808174770718,742.0755373261928,1730000,-0.888261282157182,-9.86946989715773,43.08066594719486,39.71063982831912,58.59077311342016,0,0,2,0,0,12,12,1,2
454,2007,12,23,3,39437.125,39.60326809858427,-90.3951370425075,142,361,998.5615127928176,1014.5615127928176,16.0,21.396215392386726,13.091814286634108,815.6394191823508,2090000,-2.795234214497468,-30.37948978677488,44.09711850677602,38.09624912960034,58.274180031513296,0,0,0,0,0,12,12,1,2
454,2007,12,23,6,39437.25,41.583091462859144,-89.31631193205965,150,357,993.5887337517584,1015.5887337517584,22.0,25.32556985359437,14.018714149353254,901.2696826173956,2551875,-4.972779041059112,-51.90920332496765,29.90956150755778,73.38210458657575,79.24339179470755,0,0,0,0,0,11,11,1,1
454,2007,12,23,9,39437.375,43.044697131443606,-88.45184230102204,156,354,988.2409967595503,1016.2409967595503,28.0,29.90791741359003,17.71662111825237,951.7303031173009,2845625,-5.347736992208083,-54.28055700082051,23.41654523955918,54.1743783671734,59.01862301363856,0,0,0,0,0,8,8,1,1
454,2007,12,23,12,39437.5,45.005261001910654,-88.68140415717143,164,355,982.1234736614451,1018.1234736614451,36.0,36.08239307478282,26.568446098998976,1084.6902400256197,3696250,-6.117523098105157,-59.9337373488953,-6.016008221794085,72.66825191951872,72.91685122084833,0,0,0,0,0,9,9,1,1
454,2007,12,23,15,39437.625,45.49161424468531,-88.66778014613037,166,355,980.5635657799671,1016.5635657799671,36.0,37.79154945678048,34.10416649644489,975.167054906017,2987500,-1.5599078814779932,-15.154443381792476,0.35399341008478225,18.026671051223637,18.0301464365492,0,0,0,0,0,8,8,1,1
454,2007,12,23,18,39437.75,45.97708198377273,-88.65387171588696,168,355,980.9728327215274,1014.9728327215274,34.0,35.61298208348261,30.154423399892767,988.3387391104872,3068750,0.4092669415601995,3.943310879713576,0.3582555466617846,17.993849878708538,17.99741593935677,0,0,0,0,0,8,8,1,1
454,2007,12,23,21,39437.875,46.47062048906307,-89.24416285164617,170,357,983.2179598793416,1013.2179598793416,30.0,32.11549369590427,17.914645473138297,949.6376657938816,2833125,2.245127157814277,21.45412423297242,-15.068697769069777,18.292992630674675,23.70019476378805,0,0,0,0,0,9,9,1,1
454,2007,12,24,0,39438.0,46.22457576678859,-88.94744005830592,169,356,990.0726166777401,1014.0726166777401,24.0,25.6274910870387,16.99951828031328,993.8588257715859,3103125,6.8546567983985005,65.77105776386632,7.6087966642696685,-9.119641614863697,11.876937730819126,0,0,0,0,0,11,11,1,2
454,2007,12,24,3,39438.125,45.49161424468531,-88.66778014613037,166,355,994.8586042566338,1012.4503169641949,17.59171270756109,20.9078177734066,15.907716329033574,965.7370069115643,2930000,4.785987578893692,46.495680066431994,7.26641484773833,-27.167200894519517,28.122190334015844,0,0,0,0,0,11,7,2,0
454,2007,12,24,6,39438.25,45.39000290864168,-86.00908690157023,166,346,997.1994644485349,1012.2618483249134,15.06238387637859,17.245716665484878,9.919542730256362,1000.7409651881707,3146250,2.340860191901011,22.781113792258065,69.20234603347988,-3.766221685875758,69.30475540916835,0,0,0,0,0,8,6,2,0
454,2007,12,24,9,39438.375,50.94466405531583,-76.98025348183826,193,321,985.9241142277788,1011.9241142277788,26.0,25.641636274440053,4.148213432367702,1009.2530088080641,3200000,-2.337734097134671,-20.857061716062113,69.88818355142358,37.908310228103986,79.50722095802146,0,0,0,0,2,4,4,1,1
454,2007,12,24,12,39438.5,51.74820789723185,-74.59489268795477,198,315,985.7256907548971,1011.7256907548971,26.0,24.93691637074195,3.122552942698385,1012.5002603410385,3220625,-0.19842347288169548,-1.7505697261384057,54.735897205194924,29.78333285251291,62.3142468353846,0,0,0,0,0,3,3,1,1
454,2007,12,24,15,39438.625,52.23632621908286,-73.3173392038973,201,312,984.0687423738177,1010.0687423738177,26.0,25.500997208159035,6.1717505256932785,962.8486607511537,2912500,-1.656948381079419,-14.521245116467203,28.998570952870413,18.092093664029424,34.17954023179178,0,0,0,0,0,2,2,1,1
454,2007,12,24,18,39438.75,52.47805815298943,-71.01414719785942,204,306,982.5863343888741,1006.5863343888741,24.0,25.124796349612296,9.425302450702802,898.2847886254723,2535000,-1.4824079849435656,-12.949392042329288,51.99232721490147,8.959788219462705,52.7586949626221,0,0,0,0,0,1,1,1,1
454,2007,12,24,21,39438.875,52.741427128697,-69.01285887765746,207,301,982.6385033540411,1006.6385033540411,24.0,24.387357779981958,12.756293259636223,911.0395316473563,2607500,0.05216896516692941,0.454117356408833,44.906705433577045,9.761764644751924,45.95545932615174,0,0,0,0,0,1,1,1,1
454,2007,12,25,0,39439.0,52.478058152989426,-65.38303382943695,210,291,983.2631812524019,1005.2631812524019,22.0,23.31389176041601,13.895256117126337,875.5169870803999,2408125,0.6246778983608238,5.4567967038848515,81.93463203034848,-9.761764644751924,82.51409561358675,0,0,0,0,0,1,1,1,1
454,2007,12,25,3,39439.125,52.6631208203071,-60.53736163932864,217,279,981.8758362291595,1001.8758362291595,20.0,24.34568099370191,13.165705995673052,787.3426848221379,1947500,-1.3873450232423783,-12.089058731493836,108.90978929532612,6.859343239011638,109.12558267437983,0,0,0,0,0,1,1,1,1
454,2007,12,25,6,39439.25,53.751641559047364,-55.76046930602808,228,270,980.4563361181551,998.4563361181551,18.0,24.163821684087807,6.504456310092792,704.3901866785083,1558750,-1.4195001110043086,-12.19473552275738,104.67075015568243,40.34599456510171,112.1773828166824,0,0,0,0,0,1,1,1,1
454,2007,12,25,9,39439.375,53.94672316317062,-55.55674475571823,229,270,977.8661036549165,993.8661036549165,16.0,25.247773210385404,11.096646890937846,589.8749819535121,1093125,-2.590232463238644,-22.197057336658688,4.444070141360127,7.230694886729147,8.487208490799532,0,0,0,0,0,2,2,1,1
454,2007,12,25,12,39439.5,54.71043154480093,-51.02268689790145,239,262,977.1171137867532,991.1171137867532,14.0,25.295237355139637,10.983040048335534,530.9455649607779,885625,-0.7489898681633349,-6.357365878405534,97.06986160787847,28.306832491072424,101.11298036478952,0,0,0,0,0,1,1,1,1
454,2007,12,25,15,39439.625,55.064685826344615,-46.58381157086195,248,254,977.0036038849395,985.0036038849395,8.0,23.910819522799994,10.11417066420763,393.4185838987124,486250,-0.11350990181366796,-0.9592834253493266,94.20064534621424,13.13042628325698,95.11135409625541,0,0,0,0,0,1,1,1,1
454,2007,12,25,18,39439.75,55.70470140272231,-42.312031034396426,258,248,976.4294894966581,984.4294894966581,8.0,22.20294424543805,10.942654510768188,460.7308382871884,666875,-0.5741143882814503,-4.8146311041663905,89.2001807895111,23.7221616888974,92.30066743028273,0,0,0,0,0,0,0,1,1
454,2007,12,25,21,39439.875,56.45842801055016,-40.32755724461055,264,247,976.1539588783248,984.1539588783248,8.0,20.37891759625522,10.367702196634855,458.34978442375404,660000,-0.27553061833328685,-2.290301338820752,40.64051529433202,27.9368582891567,49.316523949455906,0,0,0,0,0,0,0,1,1
454,2007,12,26,0,39440.0,56.72791455159479,-39.179275754474965,267,246,975.260943103562,981.260943103562,6.0,19.96747296208476,11.257454520156534,340.56447961908583,364375,-0.8930157747627527,-7.40004981734333,23.34936703932086,9.988512054384612,25.396127937099195,0,0,0,0,0,1,1,1,1
454,2007,12,26,3,39440.125,57.92303547789949,-33.74629496574434,281,242,974.8211500335678,978.8211500335678,4.0,17.747121483099413,9.810950673582338,259.3124822609313,211250,-0.4397930699941935,-3.595949622923632,106.91212239902652,44.29712791060917,115.72569920719121,0,0,0,0,0,1,1,1,1
454,2007,12,26,6,39440.25,58.639168282906596,-30.181852749119194,290,240,974.2713476058791,978.2713476058791,4.0,17.868546048841132,11.578754503210511,250.73133533983872,197500,-0.5498024276887008,-4.460841742911761,68.74849851667388,26.543444906842513,73.69471158651545,0,0,0,0,0,1,1,1,1
454,2007,12,26,9,39440.375,59.43224295808961,-26.66006896644463,299,239,,,,18.88524854114339,,0.0,0,-0.7166218887265131,,66.37664758857345,29.395293443544155,72.59437045480692,0,2,2,0,0,0,1,0,0
455,2007,12,24,0,39438.0,62.74183777941986,-35.20617264155243,290,261,985.2047011452411,989.2047011452411,4.0,16.876336412834142,6.013216307997355,342.31246961133036,368125,,,,,,3,0,0,0,0,1,1,1,1
455,2007,12,24,3,39438.125,63.58276490802679,-33.48616881551299,295,262,983.1918755549727,991.1918755549727,8.0,17.270824584368402,5.881415475552567,456.17440534586456,653750,-2.0128255902683305,-15.57124586896602,28.3626590621299,31.168943459622124,42.14194425348385,0,0,0,0,0,1,1,1,1
455,2007,12,24,6,39438.25,64.59179961728978,-31.924418900910123,300,264,980.4335391333675,990.4335391333675,10.0,18.589244464167646,6.710476256172696,469.7111238422398,693125,-2.758336421605345,-21.15672273702428,24.836290960477935,37.39984682610402,44.89532148553523,0,0,0,0,0,1,1,1,1
455,2007,12,24,9,39438.375,65.34374004594393,-31.14364849830146,303,266,978.1080011137065,990.1080011137065,12.0,20.562543425921294,9.341016672713303,485.3342309955121,740000,-2.325538019661035,-17.728128140476173,12.072601978901563,27.870653601759088,30.37303163548586,0,0,0,0,0,1,1,1,1
455,2007,12,24,12,39438.5,65.97310641174813,-30.77922969981203,305,268,976.3793584562197,990.3793584562197,14.0,22.210241944879236,15.805893707548456,512.8387109602365,826250,-1.7286426574866345,-13.112530129635651,5.499646108955277,23.327448959383236,23.966976911500062,0,0,0,0,0,1,1,1,1
455,2007,12,24,15,39438.625,66.60064831214434,-30.39555255320988,307,270,974.6311200239043,988.6311200239043,14.0,23.069046673070606,18.72831973818378,521.4940162727432,854375,-1.7482384323155566,-13.197527431424323,5.64767725405702,23.25982519364785,23.935658052475773,0,0,0,0,0,1,1,1,1
455,2007,12,24,18,39438.75,66.91371730902029,-30.196019843729506,308,271,973.7359572259352,989.7359572259352,16.0,23.33263384859783,17.643561299914946,588.6933739924393,1088750,-0.8951627979690966,-6.741782755299272,2.8999678311570065,11.603894714102234,11.960776979683018,0,0,0,0,0,0,0,1,1
455,2007,12,24,21,39438.875,67.1901205534599,-31.255088493430307,307,273,973.3573323626111,989.3573323626111,16.0,23.171580490468113,20.710492440366725,623.1677632421503,1220000,-0.3786248633239302,-2.845737118978277,-15.217729255335641,10.244879496593782,18.34494043567397,0,0,0,0,0,0,0,1,1
455,2007,12,25,0,39439.0,66.94949553718646,-32.213298550813256,305,273,974.2931692913563,990.2931692913563,16.0,21.72638424593607,17.2844842261757,700.7089263299684,1542500,0.9358369287451205,7.046239653968723,-13.905894379760873,-8.91876034445683,16.520235609183082,0,0,0,0,0,0,0,1,1
455,2007,12,25,3,39439.125,64.34571197055259,-32.780687076780644,298,264,974.8441522956534,988.8441522956534,14.0,22.017829999870195,3.2836074056562943,715.0421349002545,1606250,0.550983004297159,4.234774820612634,-9.104803628224248,-96.509174230054,96.9377024674891,0,0,0,0,0,0,0,1,1
455,2007,12,25,6,39439.25,64.3538120676817,-29.83875742186201,303,261,974.2650193916567,988.2650193916567,14.0,21.56801023890312,2.2098828398877957,742.0755373261928,1730000,-0.5791329039967968,-4.4508286696023625,47.19077694661419,0.30022990202830596,47.19173197520055,0,0,0,0,0,0,0,1,1
455,2007,12,25,9,39439.375,64.78039928235788,-29.204071010926075,305,262,973.8112129891342,989.8112129891342,16.0,20.11254210498891,4.0719061449218135,811.849991118625,2070625,-0.4538064025224594,-3.4753264370845987,10.023542232842518,15.811444681141626,18.720928977974875,0,0,0,0,0,1,1,1,3
455,2007,12,25,12,39439.5,64.04966007106651,-20.643608747203615,319,252,969.9382042547809,981.9382042547809,12.0,25.467302223925582,10.635211399134569,533.3755344752541,893750,-3.8730087343533524,-29.841834622623796,138.7405763461501,-27.084830998615654,141.3595967562354,0,0,1,2,0,0,0,1,1
455,2007,12,25,15,39439.625,64.90824225095388,-21.370622269343183,319,256,967.4036058660839,981.4036058660839,14.0,25.484674535882082,10.386790404490238,528.1278611932404,876250,-2.5345983886969043,-19.390055958489416,-11.427217537060356,31.82332750363362,33.8128004466182,0,0,0,0,0,2,2,1,1
455,2007,12,25,18,39439.75,65.46165200129587,-22.437459474566264,318,259,966.84995849954,980.84995849954,14.0,23.896279357502962,9.193241047267147,520.5394227279542,851250,-0.553647366544028,-4.21661096075116,-16.421805199784757,20.51211886455382,26.275895918755317,0,0,0,0,0,1,1,1,1
455,2007,12,25,21,39439.875,65.49332548106584,-23.614272068071642,316,260,966.9504893265638,982.9504893265638,16.0,22.340190609589154,10.420585437324844,611.2415471057446,1173750,0.10053082702390384,0.7654556359978336,-18.092669930989103,1.173976753200272,18.130717764301885,0,0,0,0,0,1,1,1,1
455,2007,12,26,0,39440.0,66.14370324738461,-21.34868667335783,321,261,966.3570270716835,980.3570270716835,14.0,22.81410842803038,8.7252028912698,527.1852799293833,873125,-0.5934622548802873,-4.495730072489126,33.96088509264575,24.106236005688864,41.64675654403184,0,0,0,0,0,2,2,1,1
455,2007,12,26,3,39440.125,66.52134500358352,-20.523838489129012,323,262,966.0511298314798,980.0511298314798,14.0,22.42012824328787,10.24643844774444,542.803452825119,925625,-0.3058972402037762,-2.3106176042435846,12.180412071847398,13.997282459486712,18.554954984872914,0,0,0,0,0,2,2,1,1
455,2007,12,26,6,39440.25,66.52134500358352,-20.523838489129012,323,262,966.4479789461525,978.4479789461525,12.0,21.30057490224638,13.163568427523135,509.9209627740205,816875,0.3968491146726592,2.9976293672354877,0.0,0.0,0.0,0,0,0,0,0,2,2,1,1
455,2007,12,26,9,39440.375,66.67799165659953,-19.486129572465757,325,262,967.8443413215358,991.8443413215358,24.0,20.579418365435615,11.574232003471698,1135.1467781779402,4048125,1.3963623753833234,10.53505559615682,15.227123134289908,5.8061043637437955,16.29650658360594,0,0,2,0,0,1,1,1,2
455,2007,12,26,12,39440.5,66.82672575129128,-18.434948822922014,327,262,969.124574561445,991.124574561445,22.0,19.786839096482094,11.717104048434194,1075.1105869653084,3631250,1.2802332399092848,9.648137504378276,15.331872575300057,5.512825582931381,16.292868457489636,0,0,0,1,0,3,3,1,3
455,2007,12,26,15,39440.625,66.89808073811174,-17.904447506248204,328,262,970.2485624971616,990.8474373033711,20.598874806209498,18.677062640759335,10.162704107892278,1058.983247157984,3523125,1.1239879357165774,8.466129720154049,7.715114445574997,2.6447708417417117,8.155844757819214,0,0,0,0,0,3,1,2,0
455,2007,12,26,18,39440.75,66.96740427272863,-17.370753330534313,329,262,971.4378538502081,991.0976120094467,19.6597581592387,18.283130088990667,8.190766111416888,1035.2340788657657,3366875,1.1892913530464284,8.953395225550638,7.739527841528835,2.5694751154885895,8.154906104849712,0,0,0,0,0,1,0,2,0
455,2007,12,26,21,39440.875,62.89732090717491,-17.225718800568647,324,245,965.4030059185023,991.4030059185023,26.0,29.801529801666664,19.601344762162555,996.7571079511581,3121250,-1.694606090944435,-13.188819884442589,25.393168634401906,26.849740061557355,36.95567012879581,0,0,0,0,2,0,0,1,1
455,2007,12,27,0,39441.0,63.37855521344842,-15.511092187727439,328,246,963.9196497945518,991.9196497945518,28.0,31.691297466785382,28.748752120385326,998.0536058130344,3129375,-1.483356123950507,-11.495690036841339,28.476668902170903,17.836937794976116,33.6017413487116,0,0,0,0,0,0,0,1,1
455,2007,12,27,3,39441.125,63.93969352955267,-12.771242564901442,334,247,964.8575557804784,990.8575557804784,26.0,31.672723534077615,17.04730090985213,892.3965186485608,2501875,0.9379059859266272,7.233408417512816,44.61028383775591,20.798577965554358,49.22050659506045,0,0,0,0,0,1,1,1,1
455,2007,12,27,6,39441.25,65.29965851544416,-10.79654317182435,339,252,964.0702603907152,992.0702603907152,28.0,32.594172392857274,11.370359413823389,902.8135202296037,2560625,-0.7872953897631669,-6.003861660445519,30.583750936666586,50.40706894845782,58.95963382968584,0,0,0,0,0,2,2,1,1
455,2007,12,27,9,39441.375,67.00101854335321,-9.877836289855567,342,259,962.6146270886577,994.6146270886577,32.0,34.14282978361915,15.581547318137382,934.6452235450843,2744375,-1.4556333020575403,-10.955778462571805,13.304439053878314,63.06086783311008,64.44905856879014,0,0,0,0,0,2,2,1,1
455,2007,12,27,12,39441.5,66.84900195094684,-8.682523881268228,344,258,963.4340035898396,995.4340035898396,32.0,34.70135446536815,8.685699540081405,927.8088695675899,2704375,0.8193765011818323,6.173986174471723,17.418190704802882,-5.634491280460791,18.30685279938827,0,0,0,0,0,0,0,1,1
455,2007,12,27,15,39441.625,67.67639508916893,-6.084693865268751,349,261,963.7009854425484,995.7009854425484,32.0,35.28042725142316,6.063732495104414,924.0488459426906,2682500,0.26698185270885005,1.9995653373815798,36.57128513326706,30.66730643693898,47.727796726811505,0,0,0,0,0,2,2,1,1
455,2007,12,27,18,39441.75,68.17525084611803,-5.033786956200044,351,263,964.0164263627084,996.0164263627084,32.0,35.38261156883891,6.8457417437840204,922.7561679781069,2675000,0.3154409201600356,2.3541734130869405,14.480905970624047,18.490076433390243,23.485731077457828,0,0,0,0,0,2,2,1,1
455,2007,12,27,21,39441.875,68.45261107560742,-3.296115972546317,354,264,964.9199281199844,996.9199281199844,32.0,35.07338798931805,6.136597859878166,938.3627884011124,2766250,0.9035017572759534,6.729973950152739,23.65391778319979,10.280350124063489,25.791343996924773,0,0,0,0,0,3,3,1,1
455,2007,12,28,0,39442.0,68.7092648205234,-1.5154079000221272,357,265,966.2369363941185,996.2369363941185,30.0,34.317917229333965,6.291015695694732,906.6616133208902,2582500,1.317008274134132,9.792864429716543,23.96449055787026,9.512864779661527,25.783549096553358,0,0,0,0,0,5,5,1,1
455,2007,12,28,3,39442.125,68.94449932082523,0.3063916222707099,360,266,966.8309275770246,994.8309275770246,28.0,33.59729656408551,6.55123750716033,868.1006022000702,2367500,0.5939911829060293,4.4097157950876245,24.2589430730868,8.718961001776712,25.77821948804396,0,0,0,0,0,5,5,1,1
455,2007,12,28,6,39442.25,69.16501629828875,1.5481576989779677,362,267,967.2557488334344,995.2557488334344,28.0,33.04360492440152,6.44475988200138,892.5079776533856,2502500,0.4248212564097776,3.1491768285785797,16.370151576212713,8.173456377645055,18.29719245637008,0,0,0,0,0,4,4,1,1
455,2007,12,28,9,39442.375,69.36291408620782,3.4398696937460245,365,268,968.7950381468224,994.7950381468224,26.0,31.695188524721363,4.751360712153983,880.3888759278653,2435000,1.5392893133881445,11.395756632869231,24.711314247715404,7.335076670260986,25.776974252381702,0,0,0,0,0,5,5,1,2
455,2007,12,28,12,39442.5,69.74146476705968,6.058987723978338,369,270,970.4118554950563,994.4118554950563,24.0,29.682414673250488,5.21320326427609,879.8237632976312,2431875,1.61681734823389,11.940266888380066,33.61118589943389,14.030971729523301,36.422245746809544,0,0,0,0,0,4,4,1,2
455,2007,12,28,15,39442.625,70.13977871290025,7.487388197143641,371,272,971.4269450142982,993.4269450142982,22.0,28.2455558262718,4.61057788071128,856.100760972783,2302500,1.015089519241883,7.477475189015186,17.98594981560662,14.763496663082455,23.26919045627429,0,0,0,0,0,4,4,1,2
455,2007,12,28,18,39442.75,70.30022043313146,8.870555856759141,373,273,972.8107931445669,982.8107931445669,10.0,26.57617920347205,4.905100091560161,385.50087952176875,466875,1.3838481302685977,10.183608963770972,17.281330405168365,5.9467684372785214,18.27589766384154,0,0,0,2,0,4,4,1,1
455,2007,12,28,21,39442.875,70.48812422600814,9.625248156123922,374,274,974.0651430148827,984.0651430148827,10.0,25.434559019228924,4.718453225260309,383.1715477462718,461250,1.254349870315782,9.219866727605218,9.342868144630604,6.964649488385479,11.65313381301448,0,0,0,0,0,4,4,1,1
455,2007,12,29,0,39443.0,70.71221165342864,9.736988270402748,374,275,975.6400924732533,985.6400924732533,10.0,24.027639442555163,5.0105162412310165,389.0965684970319,475625,1.5749494583706838,11.560441631402782,1.368039811489485,8.305795017997138,8.417705376574204,0,0,0,0,0,4,4,1,1
455,2007,12,29,3,39443.125,70.71221165342864,9.736988270402748,374,275,976.452955376807,986.452955376807,10.0,23.526585048498813,5.06564443058669,381.87133514830504,458125,0.8128629035537597,5.966575054787642,0.0,0.0,0.0,0,0,0,0,0,6,6,1,1
455,2007,12,29,6,39443.25,70.52486271370196,8.972626614896393,373,274,977.7415040736392,987.7415040736392,10.0,22.63471165628083,3.9291695985791733,394.17637320552694,488125,1.2885486968321493,9.46908932246706,-9.44544565111961,-6.944083869948167,11.723341858920973,0,0,0,0,0,5,5,1,1
455,2007,12,29,9,39443.375,70.30022043313146,8.870555856759141,373,273,979.356805345032,989.356805345032,10.0,21.9088913363627,3.499698243930252,401.6756447177361,506875,1.6153012713926729,11.886850982233355,-1.2753018357108714,-8.32636063643445,8.42345987229313,0,0,0,0,0,6,6,1,1
455,2007,12,29,12,39443.5,69.85050513443737,8.673174047879765,373,271,981.068947614247,989.068947614247,8.0,21.090999034802316,3.524378342556811,348.07571077095474,380625,1.71214226921511,12.635393165434927,-2.520130721734065,-16.668686549741572,16.858118819968123,0,0,0,0,0,4,4,1,1
455,2007,12,29,15,39443.625,69.81494185122658,9.30477234064332,374,271,981.9035864081176,989.9035864081176,8.0,21.47572642373874,3.402424126037804,358.49353766379875,403750,0.8346387938705447,6.160932965868941,8.077725546874275,-1.3181522226214166,8.184569340693931,0,0,0,0,0,5,5,1,1
455,2007,12,29,18,39443.75,69.59024524453164,9.202596972021656,374,270,983.4820316582034,989.4820316582034,6.0,21.1661251536512,3.626576721368401,298.87407349973716,280625,1.578445250085788,11.668294301998106,-1.320690956817928,-8.328374232908105,8.432439858474433,0,0,0,0,0,5,5,1,1
455,2007,12,29,21,39443.875,69.32815167581049,9.718792202825627,375,269,985.2345110983415,991.2345110983415,6.0,20.65882925937474,3.39942166890738,307.4056724603709,296875,1.7524794401381223,12.977025865625485,6.754136004403604,-9.714491715986508,11.831724407961485,0,0,0,0,0,3,3,1,1
455,2007,12,30,0,39444.0,69.10353941328243,9.614569270900953,375,268,987.4938072605246,991.4938072605246,4.0,19.573499811256898,3.083167099439088,266.8741970172897,223750,2.2592961621831638,16.754890601428784,-1.3778630740699187,-8.325248018424993,8.438498753876466,0,0,0,0,0,3,3,1,1
455,2007,12,30,3,39444.125,68.61537936717194,10.007979801441339,376,266,989.5707571332518,993.5707571332518,4.0,18.55274057326937,3.551428628493377,275.6746004375086,238750,2.076949872727273,15.453442826437605,5.3168892288163585,-18.093640172686978,18.8586618234215,0,0,0,0,0,3,3,1,1
455,2007,12,30,6,39444.25,67.63491537520706,10.743787070980884,378,262,992.3767417214409,994.3767417214409,2.0,16.830949021540214,2.467322576756924,175.60259173501603,96875,2.8059845881890215,21.02172604625873,10.377381295184735,-36.340873888055384,37.79350681655773,0,0,0,0,0,3,3,1,1
455,2007,12,30,9,39444.375,66.69348927658518,10.875058247994115,379,258,996.2303859547031,998.2303859547031,2.0,14.957162682193827,3.255242788759934,165.09174420450913,85625,3.8536442332621665,29.070980952662083,1.9250589821093345,-34.893935325844026,34.946996646475725,0,0,0,0,0,3,3,1,1
455,2007,12,30,12,39444.5,65.93009704013798,11.625898643308606,381,255,1000.7758646466397,1000.7758646466397,0.0,12.295309278708674,5.46515420276497,14.104739588693906,625,4.545478691936587,34.49104689673524,11.350374238023525,-28.295114577590656,30.486792292764605,0,0,0,0,0,2,2,1,1
455,2007,12,30,15,39444.625,64.98482525570178,11.715559534507824,382,251,1005.8384406330609,1005.8384406330609,0.0,9.21692669719024,4.6187375911622075,14.104739588693906,625,5.0625759864212885,38.70527134457406,1.4052758203402083,-35.03647557651816,35.06464631156553,0,0,0,0,0,3,3,1,1
455,2007,12,30,18,39444.75,64.98482525570178,11.715559534507824,382,251,,,,9.21692669719024,,0.0,0,0.0,,0.0,0.0,0.0,0,3,0,0,0,3,3,0,0
464,2007,12,22,3,39436.125,42.37943078011413,166.4016346228133,408,560,1003.8115581001927,1005.8115581001927,2.0,9.428076715982543,12.723199107844193,138.1976597885342,60000,,,,,,3,0,0,0,0,21,21,1,1
464,2007,12,22,6,39436.25,42.996513506473946,168.24891528511213,401,559,1001.9075807206749,1003.9075807206749,2.0,11.013653665167473,13.89370402518929,110.16153780134434,38125,-1.9039773795177461,-19.343159552061234,50.07719097088337,22.872156163734786,55.05325224827861,0,0,0,0,0,22,22,1,1
464,2007,12,22,9,39436.375,43.317639492157795,170.18874313200396,394,559,999.4083938377173,1001.4083938377173,2.0,13.615201065677692,15.297252535230143,86.9474542287756,23750,-2.4991868829575834,-25.23878290319697,52.3102629516719,11.902526807259152,53.64730892105009,0,0,0,0,0,23,23,1,1
464,2007,12,22,12,39436.5,44.06536893035009,172.0730733173104,387,557,995.7595714827659,999.7595714827659,4.0,15.975985186793245,16.295274992757623,159.57691216057307,80000,-3.648822354951408,-36.34875648983939,50.18411987482954,27.714573343256482,57.32838270185201,0,0,0,0,0,26,26,1,1
464,2007,12,22,15,39436.625,44.51430489418137,174.04412297900564,380,556,993.0954097190812,997.0954097190812,4.0,17.709475625644888,16.762999260149225,143.1474726395179,64375,-2.6641617636846786,-26.32746829899846,52.0938232281117,16.63980052210784,54.68683004103722,0,0,0,0,0,23,23,1,1
464,2007,12,22,18,39436.75,45.091230637180125,175.1510423849669,376,554,990.4155838659641,1000.4155838659641,10.0,19.816777538726242,15.977827634738059,489.21288379849284,751875,-2.679825853117072,-26.21511533565872,28.96467868972133,21.383738557367824,36.00301218354732,0,0,3,0,0,22,22,1,1
464,2007,12,22,21,39436.875,45.39000290864168,176.0090869015702,373,553,987.7631000521961,1001.7631000521961,14.0,22.604392807802924,19.53496746259283,580.6974562334101,1059375,-2.652483813768049,-25.813816563090096,22.33469872754426,11.073986936198617,24.929339219346847,0,0,0,0,0,23,23,1,1
464,2007,12,23,0,39437.0,45.447685952454414,177.18928575826484,369,553,984.1942635456643,1000.1942635456643,16.0,25.529740579460928,24.55511248518975,558.3410649247018,979375,-3.568836506531807,-34.69726525236634,30.68880348093417,2.1380206084639237,30.763188898643353,0,0,0,0,0,19,19,1,1
464,2007,12,23,3,39437.125,45.49663677343744,178.96375523074792,363,553,982.4357155925194,1000.4357155925194,18.0,26.660892415041214,19.077946134723753,597.9145347958769,1123125,-1.75854795314488,-17.082751899560993,46.10108656729543,1.814360982799404,46.13677587848085,0,0,0,0,0,21,21,1,1
464,2007,12,23,6,39437.25,45.50040396011951,-179.2597856353496,357,553,981.777674247451,999.777674247451,18.0,28.022512618464635,21.08151138441848,554.945776524894,967500,-0.6580413450683409,-6.391881829476927,-46.14968845472159,0.13963068225680522,46.14989968781396,0,0,0,0,0,20,20,1,1
464,2007,12,23,9,39437.375,45.45897857313462,-177.48474814296122,351,553,981.7097643843065,999.7097643843065,18.0,28.609167244665777,20.70779513147172,553.5099506349444,962500,-0.06790986314459588,-0.6601113437510558,46.146674632330814,-1.5354309556691192,46.172211641222376,0,0,0,0,0,16,16,1,2
464,2007,12,23,12,39437.5,45.632412676849576,-175.98842239915544,346,552,982.4071279726198,1000.4071279726198,18.0,27.219903437225003,19.0061359998049,599.2439739797879,1128125,0.6973635883133101,6.758554253297149,38.78123647016118,6.4283308134164,39.31040242990751,0,0,0,0,0,17,17,1,2
464,2007,12,23,15,39437.625,45.48282588269619,-173.92128175899066,339,552,982.3889044019894,1000.3889044019894,18.0,26.853642742133573,16.464702103260425,633.458286132908,1260625,-0.018223570630361792,-0.17706796770185085,53.71752531261348,-5.544430867626846,54.00290028653242,0,0,0,0,0,17,17,1,2
464,2007,12,23,18,39437.75,45.51296304592876,-171.82801477354306,332,551,983.7898333174517,999.9935594630174,16.203726145565742,25.863199929204512,14.138410379731651,646.2064545772971,1311875,1.400928915462282,13.604986901042059,54.367309014615344,1.117033218306537,54.37878311162797,0,0,0,0,0,15,14,2,0
464,2007,12,23,21,39437.875,45.95808926862335,-169.62829734277523,325,548,985.4918884289935,1000.9764256409424,15.484537211948773,25.27593744761267,10.108781594524116,672.3094811029982,1420000,1.7020551115418494,16.404656815215816,56.67830169267409,16.498592560031682,59.03078382698061,0,0,0,0,0,20,18,2,0
464,2007,12,24,0,39438.0,51.239975770420926,-165.84089228970694,318,524,980.3014783783342,1000.3014783783342,20.0,25.151667728188325,16.191063048361755,680.2521569533504,1453750,-3.045667989714275,-27.06038001645588,3.790656976180444,17.140180769618617,17.554340691870753,0,0,1,0,2,20,20,1,1
464,2007,12,24,3,39438.125,51.58100150971278,-165.0137333464551,316,522,979.6946242309353,999.6946242309353,20.0,25.887067778177478,17.770191355826974,658.405859820939,1361875,-0.6068541473988444,-5.366274677652333,19.051401894300554,12.640110688154564,22.863252444631712,0,0,0,0,0,20,20,1,1
464,2007,12,24,6,39438.25,51.45528998072459,-164.35775354279127,314,522,980.0183635082218,1000.0183635082218,20.0,26.33723818440383,16.373176188147845,672.4574202578536,1420625,0.32373927728651325,2.867750918619736,15.150536509865567,-4.659494748072467,15.85085637573202,0,0,0,0,0,21,21,1,2
464,2007,12,24,9,39438.375,51.188056006209614,-163.05845760716343,310,522,981.7391793771956,1000.3514306918064,18.612251314610912,26.040169027432263,11.002582925390525,672.1615093875265,1419375,1.720815868973732,15.300372161670925,30.183650073831426,-9.905020731042084,31.767312877577126,0,0,0,0,0,18,16,2,0
464,2007,12,24,12,39438.5,53.751641559047364,-155.28775268748043,293,504,975.3198566606757,1001.3198566606757,26.0,33.26587177889501,13.091993876932904,727.8646967789732,1664375,-5.031574031130731,-43.225579270579736,16.04204416384422,39.970045393789555,43.06915032521916,0,0,0,0,2,15,15,1,1
464,2007,12,24,15,39438.625,54.505697604752065,-154.339111314892,292,500,972.2705362420603,1002.2705362420603,30.0,36.34908145185492,15.115833608957107,738.1779842361033,1711875,-3.049320418615389,-25.948176632013784,20.415309822084396,27.949068896006366,34.611202338049544,0,0,0,0,0,16,16,1,1
464,2007,12,24,18,39438.75,55.247604357177686,-153.3510604794784,291,496,970.078008102421,1004.078008102421,34.0,38.72388252394506,14.73222003851064,772.934581728106,1876875,-2.1925281396393257,-18.488137023456133,20.87555056968477,27.498755637690042,34.524921045657095,0,0,0,0,0,15,15,1,1
464,2007,12,24,21,39438.875,55.76864970788748,-152.49854843726183,290,493,969.6679645446528,1005.6679645446528,36.0,39.994282223915974,18.231034477286084,784.4315130902381,1933125,-0.41004355776822193,-3.4360888092675492,17.775085651092393,19.31253318355439,26.24743050032822,0,0,0,0,0,14,14,1,1
464,2007,12,25,0,39439.0,56.16873927843924,-151.28198603382157,288,490,970.7278374602425,1004.7278374602425,34.0,39.28086188796132,21.948871028842987,751.0028825390114,1771875,1.0598729155898037,8.83975493152312,25.104516558648086,14.829310149585389,29.157249375687552,0,0,0,0,0,11,11,1,1
464,2007,12,25,3,39439.125,56.66875119053097,-150.37625124882618,287,487,971.6218717494476,1007.6218717494476,36.0,39.23116285675593,22.832230451711148,854.4725281915563,2293750,0.8940342892050103,7.413516939390678,18.446432060543703,18.53292929548184,26.148428710643085,0,0,0,0,0,10,10,1,1
464,2007,12,25,6,39439.25,56.95744699879191,-149.64431263715568,286,485,972.928141977441,1006.928141977441,34.0,38.345168928764956,24.329651543824948,806.9341118856711,2045625,1.306270227993373,10.796223817153667,14.792491874928754,10.700503074055577,18.25701459460736,0,0,0,0,0,7,7,1,1
464,2007,12,25,9,39439.375,56.91882634721532,-148.76630068546626,284,484,976.0691118910878,1006.0691118910878,30.0,36.338774568069994,27.526109350977272,761.9170918989074,1823750,3.1409699136468405,25.971269810075356,17.762983662129237,-1.4314735063409376,17.820569715371793,0,0,0,0,0,12,12,1,1
464,2007,12,25,12,39439.5,56.94456903942305,-147.34758813575834,281,482,979.3129360996495,1009.3129360996495,30.0,34.69664022805539,26.06695294976307,873.5833973500402,2397500,3.2438242085617093,26.813880576592634,28.681733963876177,0.9541522572236725,28.697600417187033,0,0,0,0,0,10,10,1,1
464,2007,12,25,15,39439.625,56.684732195566056,-145.28012870519458,276,480,982.5088843275439,1004.5088843275439,22.0,32.5363429307389,24.237484052472063,671.4211616472879,1416250,3.195948227894405,26.496603283733243,42.0872725306181,-9.630846264077288,43.17512835914692,0,0,0,0,0,11,11,1,1
464,2007,12,25,18,39439.75,56.708716324293476,-143.32565033042684,272,477,985.744670300296,1003.744670300296,18.0,30.519664485034674,20.318426139170768,605.1903112164174,1150625,3.2357859727520553,26.819509020886663,39.762132887606754,0.8889711448262981,39.77206911223041,0,0,0,0,0,10,10,1,1
464,2007,12,25,21,39439.875,56.69272522109238,-141.370716931894,268,474,988.5106293522099,1004.5106293522099,16.0,29.27990129677718,20.276971477541302,589.368868619697,1091250,2.7659590519139603,22.929595829141967,39.78829213875371,-0.5927098491369828,39.7927065714821,0,0,0,0,0,9,9,1,1
464,2007,12,26,0,39440.0,56.96710836590084,-139.4628184720405,265,470,991.4989063819967,1007.4989063819967,16.0,26.200132539542302,16.546261447373617,668.153885996906,1402500,2.9882770297866954,24.69517347378941,38.54759665554441,10.170004553159968,39.86660507906126,0,0,0,0,0,10,10,1,2
464,2007,12,26,3,39440.125,57.186770489151066,-138.0864892637811,263,467,993.8520499640442,1003.8520499640442,10.0,23.796372577329326,16.493283493685304,408.0635480043464,523125,2.3531435820476325,19.398205512270323,27.643921325069034,8.141771227132311,28.81796011069427,0,0,0,0,0,10,10,1,2
464,2007,12,26,6,39440.25,57.37515837725635,-137.25679392645108,262,465,995.6126271225195,1001.6126271225195,6.0,22.793712278961884,18.900529631987375,168.07737027574956,88750,1.7605771584752075,14.482741844709569,16.579750996376028,6.982592466196721,17.990128978159635,0,0,0,2,0,13,13,1,1
464,2007,12,26,9,39440.375,57.54651350681743,-136.98470311215357,262,464,997.7235666404307,1003.7235666404307,6.0,21.23890912302512,20.735891977637294,160.81877456451716,81250,2.1109395179111745,17.331765672644487,5.411777309691229,6.351273687237787,8.344220221200295,0,0,0,0,0,14,14,1,1
464,2007,12,26,12,39440.5,57.7170285845822,-136.70981404414155,262,463,1001.5686207382109,1005.5686207382109,4.0,17.291338062422138,18.333161269395497,126.15662610100802,50000,3.8450540977802303,31.510133498643505,5.44182246946097,6.320137187948218,8.340117856698207,0,0,0,0,0,17,17,1,1
464,2007,12,26,15,39440.625,57.72524649863816,-136.1400640337864,261,462,1005.6492944997196,1009.6492944997196,4.0,12.645826888353014,13.963174094488643,300.53357583579674,283750,4.080673761508806,33.43800187701198,11.2764304669514,0.3045967835411099,11.28054357185563,0,0,0,0,0,16,16,1,1
464,2007,12,26,18,39440.75,57.89329832458859,-135.85937224364469,261,461,1009.4068855976913,1009.4068855976913,0.0,7.821968518552531,8.491944334209547,14.104739588693906,625,3.757591097971599,30.733787645974118,5.529609644436151,6.2288368196810815,8.329165080970363,0,0,0,0,0,15,15,1,1
464,2007,12,26,21,39440.875,57.89329832458859,-135.85937224364469,261,461,,,,7.821968518552531,,0.0,0,0.0,,0.0,0.0,0.0,0,3,0,0,0,15,15,0,0
468,2007,12,24,15,39438.625,59.7372667599486,172.9015957158418,376,492,1003.6392753817345,1005.6392753817345,2.0,7.75431304327751,11.028429002012926,107.41849642478903,36250,,,,,,3,0,0,0,0,14,14,1,1
468,2007,12,24,18,39438.75,59.815700169416914,174.18239208310723,373,492,1001.7984976407403,1005.7984976407403,4.0,8.940823473701272,12.801492544250943,207.2964896828013,135000,-1.8407777409942354,-14.753697702068768,23.86809288303091,2.9071324041041384,24.04448536958076,0,0,0,0,0,14,14,1,1
468,2007,12,24,21,39438.875,59.89606649507806,175.8990183023154,369,492,1000.7831333174313,1004.7831333174313,4.0,10.030599394134212,14.60900849719561,196.456289539899,121250,-1.0153643233088951,-8.13144404525028,31.912363330037834,2.978775895527944,32.05108483568258,0,0,0,0,0,13,13,1,1
468,2007,12,25,0,39439.0,60.180647657939296,177.60499448312765,365,491,1000.1651758859442,1006.1651758859442,6.0,10.93257670433657,14.478387659619694,349.50167213195084,383750,-0.617957431487157,-4.93470123113421,31.44229741334966,10.547993842926122,33.16441226284498,0,0,0,0,0,12,12,1,1
468,2007,12,25,3,39439.125,60.66584831625144,178.8940412477115,362,489,999.0128376478705,1005.0128376478705,6.0,12.009965274814359,16.76687093341039,357.93816391798146,402500,-1.1523382380737166,-9.157880614662451,23.406409180445767,17.983950536303585,29.517494263820396,0,0,0,0,0,11,11,1,1
468,2007,12,25,6,39439.25,60.903073074200904,-179.77706034880248,359,488,998.4735644388638,1004.4735644388638,6.0,12.488433935899296,13.61289809862661,398.19356104198965,498125,-0.539273209006642,-4.275808685858243,-23.95201623890285,8.792729852821248,25.514920736176308,0,0,0,0,0,8,8,1,1
468,2007,12,25,9,39439.375,60.89766214710232,-178.8854367275153,357,488,998.2940766217877,1002.2940766217877,4.0,12.68866539102447,7.7512969475136915,303.8253889873249,290000,-0.17948781707615125,-1.4232042223996626,16.073469823616513,-0.20055588060231389,16.074720987686064,0,0,0,1,0,13,13,1,2
468,2007,12,25,12,39439.5,60.42856989166406,-178.46369987111623,356,490,996.2953443141467,1002.2953443141467,6.0,14.847858643910657,10.87689939959826,354.58765494951643,395000,-1.9987323076408938,-15.921546438511111,7.714342957404311,-17.386892977662395,19.0214388173224,0,0,1,0,0,11,11,1,1
468,2007,12,25,15,39439.625,60.865215718585674,-177.10423802653344,353,488,995.7981266499497,999.7981266499497,4.0,15.186948106435919,13.0465671425833,213.44344089255833,143125,-0.4972176641970873,-3.9438082349233685,24.531957256184594,16.18426689806709,29.389580157721515,0,0,0,3,0,12,12,1,1
468,2007,12,25,18,39439.75,61.74571733461751,-175.63648860833808,350,484,995.1137896820333,1001.1137896820333,6.0,15.877742953120299,15.13446955170919,370.76958086610153,431875,-0.6843369679164607,-5.382524560514177,25.75261769602645,32.63577086835834,41.57271771690758,0,0,2,0,0,11,11,1,3
468,2007,12,25,21,39439.875,60.36641377396805,-171.86989764584402,341,489,994.5713446116398,998.5713446116398,4.0,14.407359905411452,22.74218495812129,100.72798827589244,31875,-0.5424450703934417,-4.323685054185405,69.02028679753188,-51.12385274899846,85.8920736128476,0,0,1,2,0,10,10,1,1
468,2007,12,26,0,39440.0,61.44152186697438,-170.6496563715762,339,484,994.9055046991363,998.9055046991363,4.0,13.31133368642431,19.287109116776335,175.60259173501603,96875,0.3341600874964206,2.6358315452621106,21.621279105902843,39.8488551789368,45.336640471557104,0,0,0,0,0,12,12,1,1
468,2007,12,26,3,39440.125,62.54148924793846,-169.8006705012875,338,479,995.1126492948813,999.1126492948813,4.0,13.00753329933508,16.795035507256834,172.74707473566775,93750,0.20714459574504873,1.6173415254051546,14.509819197969177,40.77026407923575,43.275273381555614,0,0,0,0,0,12,12,1,1
468,2007,12,26,6,39440.25,63.67553147350739,-169.3652390612597,338,474,996.0212060349237,1000.0212060349237,4.0,12.714968640499775,13.416724305004612,180.07726023841454,101875,0.9085567400424043,7.022967623782328,7.15700366115742,42.03324736132354,42.638205697989136,0,0,0,0,0,15,15,1,1
468,2007,12,26,9,39440.375,65.15533296313436,-170.32372890022776,341,468,997.5718792489092,1001.5718792489092,4.0,12.779205067038303,7.38924487575925,189.234939151512,112500,1.550673213985574,11.83908398523033,-14.926617357796708,54.84880602919304,56.84360499277048,0,0,0,0,0,15,15,1,1
468,2007,12,26,12,39440.5,66.32417857334082,-170.40307558185327,342,463,998.513244558422,1002.513244558422,4.0,13.026435132465888,8.95014382062458,178.4124116152771,100000,0.9413653095127665,7.1213598541150205,-1.180984906514523,43.32323396190755,43.339327708994226,0,0,0,0,0,18,18,1,1
468,2007,12,26,15,39440.625,67.5613525931276,-171.62574097240096,345,458,999.4336029987398,1003.4336029987398,4.0,13.652455971417739,8.430393368882797,176.73188049071527,98125,0.9203584403177956,6.898742517911773,-17.297348584057925,45.85582479224803,49.00974327024944,0,0,0,0,0,15,15,1,1
468,2007,12,26,18,39440.75,68.35740786190291,-173.7256654429182,349,455,999.4486100340556,1003.4486100340556,4.0,13.887164563939875,9.335562561191109,171.59156293944244,92500,0.015007035315793473,0.1118574529344768,-28.704877569569526,29.505769072161982,41.165038622886364,0,0,0,0,0,14,14,1,1
468,2007,12,26,21,39440.875,69.33063285718876,-175.3141001604973,352,451,1000.5655627115054,1006.5655627115054,6.0,14.045331725869206,7.671684141593432,251.12774876576967,198125,1.1169526774498808,8.270845659691583,-20.780904479150323,36.07256065315333,41.63022487384612,0,0,0,0,0,10,10,1,1
468,2007,12,27,0,39441.0,69.84033808091534,-177.76052406204815,356,449,1000.6690046457317,1006.6690046457317,6.0,14.235862915274538,8.704027226063262,237.27844638474429,176875,0.10344193422613898,0.7634380974824261,-31.24846877041021,18.89221165420878,36.515509878443766,0,0,0,0,0,9,9,1,1
468,2007,12,27,3,39441.125,70.31061447575398,-179.6725991091556,359,447,1001.2780661180191,1007.2780661180191,6.0,13.804672749237225,10.507048822147334,260.07854739300495,212500,0.6090614722874307,4.481735380383494,-23.876939479144248,17.43078307558353,29.56248361553485,0,0,0,0,0,10,10,1,1
468,2007,12,27,6,39441.25,70.53537162880083,179.0065311437174,361,446,1003.0980504305913,1007.0980504305913,4.0,12.069935308877122,10.368281715460398,192.8794129702041,116875,1.8199843125723418,13.37355478689853,16.3137029094112,8.33061838196129,18.31764464232241,0,0,0,0,0,11,11,1,1
468,2007,12,27,9,39441.375,70.9763973249851,177.62815781021078,363,444,1004.3077125061552,1008.3077125061552,4.0,11.347406358257558,8.924263178202382,213.44344089255833,143125,1.2096620755638288,8.864949413241508,-16.6526122179382,16.346606645191635,23.334974662374243,0,0,0,0,0,10,10,1,1
468,2007,12,27,12,39441.5,71.178907103473,176.23147029086462,365,443,1006.2816168341221,1008.2816168341221,2.0,9.402049238830973,7.486173975714919,134.55064019432646,56875,1.973904327966884,14.44814458584953,-16.70078094453578,7.506019987922789,18.31000874430337,0,0,0,0,0,9,9,1,1
468,2007,12,27,15,39441.625,71.3698240510788,174.8055710922652,367,442,1007.2819478339628,1009.2819478339628,2.0,8.284608622361128,5.790885965216221,148.60265258063356,69375,1.0003309998406622,7.3137339869777875,-16.883280133867213,7.076331994743142,18.30627276587074,0,0,0,0,0,12,12,1,1
468,2007,12,27,18,39441.75,71.3698240510788,174.8055710922652,367,442,,,,8.284608622361128,,0.0,0,0.0,,0.0,0.0,0.0,0,3,0,0,0,12,12,0,0
473,2007,12,24,21,39438.875,26.657635115415506,135.0,549,549,1009.2384357134835,1011.2384357134835,2.0,7.656779725052188,16.07935643044868,263.498280684788,218125,,,,,,3,0,0,0,0,16,16,1,1
473,2007,12,25,0,39439.0,27.023127017914625,135.91179219224242,545,551,1009.9150213393117,1011.9150213393117,2.0,7.888512909616428,15.017513484842784,248.7397920055702,194375,0.6765856258281565,10.316983765410198,30.105799204186187,13.54694842918989,33.01331485122189,0,0,0,0,0,14,14,1,1
473,2007,12,25,3,39439.125,27.17700015147221,136.98018231896594,541,554,1008.3981838150377,1010.3981838150377,2.0,8.48031888925598,12.65080591844824,178.96908195899073,100625,-1.5168375242740149,-23.008580143338058,35.22791531097678,5.703303932834673,35.68660382983564,0,0,0,0,0,13,13,1,1
473,2007,12,25,6,39439.25,27.482383934904043,138.21376808687876,536,557,1006.197189291905,1008.197189291905,2.0,9.95168253919908,17.912347146832253,93.56025796273887,27500,-2.20099452313254,-33.04384535012266,40.56296470511928,11.31904246571344,42.11264451455615,0,0,0,0,0,10,10,1,1
473,2007,12,25,9,39439.375,27.55412462776729,139.59834140951992,531,561,1007.3030923556009,1009.3030923556009,2.0,9.978754265781387,12.94206912971982,172.1702882348331,93125,1.1059030636958778,16.563224575714397,45.49802313389111,2.6590670267863765,45.575659584311374,0,0,0,0,0,17,17,1,1
473,2007,12,25,12,39439.5,27.29627045204111,141.72766097253054,524,568,1008.6532551945145,1010.6532551945145,2.0,8.85194322004452,6.519950131973165,281.74195262169036,249375,1.3501628389135294,20.39767034748612,70.1340028032089,-9.557358718288604,70.78221142964213,0,0,0,1,0,15,15,1,2
473,2007,12,25,15,39439.625,27.58303314325971,145.31854703749417,510,577,1007.9113681166511,1011.9113681166511,4.0,8.948340054171048,11.167942155844866,508.35798296620175,811875,-0.7418870778633573,-11.100586674021418,117.96435818946695,10.628852138149389,118.44223191424375,0,0,0,0,0,17,17,1,1
473,2007,12,25,18,39439.75,27.796589590269363,147.54547314774874,501,582,1006.5885750776423,1008.5885750776423,2.0,9.323142296517748,9.05289323504985,180.62879984608918,102500,-1.3227930390088296,-19.652393492802737,73.01545618455897,7.915464486570472,73.44325305892578,0,0,0,0,0,16,16,1,1
473,2007,12,25,21,39439.875,28.03658205768285,149.97114383463364,491,587,1007.2792520739423,1009.2792520739423,2.0,9.14427173602431,10.027841475814931,184.98192550829796,107500,0.6906769963000261,10.180408837908129,79.3552690489716,8.89531493642978,79.85227206318517,0,0,0,0,0,14,14,1,2
473,2007,12,26,0,39440.0,28.74059629900933,154.37091010887053,472,594,1005.774391737777,1011.774391737777,6.0,10.420539274587217,25.207283906884985,395.6875980703111,491875,-1.504860336165293,-21.682623461876716,142.97891563024464,26.094270640340763,145.34056995571459,0,0,1,0,0,16,16,1,1
473,2007,12,26,3,39440.125,28.973604383637355,156.94653526391576,461,598,1003.2037623686326,1011.2037623686326,8.0,10.600475705119742,21.17762010675993,705.6599947558084,1564375,-2.570629369144444,-36.76630589304252,83.51565588187944,8.636438959267421,83.96101985610737,0,0,0,0,0,15,15,1,1
473,2007,12,26,6,39440.25,30.01689030342254,161.13906810043486,442,601,1002.9068558357925,1008.9068558357925,6.0,10.980366622293658,19.572404917449603,315.70679927948885,313125,-0.2969065328400757,-4.111958238579557,134.54656786842978,38.6693671066049,139.99321011248853,0,0,0,0,0,17,17,1,1
473,2007,12,26,9,39440.375,30.063823225958984,163.48367124819418,432,604,1003.0578778227172,1011.0578778227172,8.0,11.632725415413251,18.079941621759644,434.96602005270546,594375,0.1510219869246066,2.088593650632295,75.2101444170336,1.7395676262183026,75.23025932932332,0,0,0,0,0,18,18,1,1
473,2007,12,26,12,39440.5,30.50360755245981,165.71691171388173,422,605,1002.8966892321689,1010.8966892321689,8.0,11.476882917127687,20.49597624187707,441.548191353528,612500,-0.16118859054826318,-2.2000858256932214,71.31754791051459,16.30059530822857,73.15669516436064,0,0,0,0,0,22,22,1,2
473,2007,12,26,15,39440.625,30.998904921379214,168.64537503932414,409,606,1001.3101899583321,1009.3101899583321,8.0,12.120044733198272,25.849010573193592,423.37720139049424,563125,-1.5864992738368164,-21.341993093355818,93.03825336750016,18.358184868078766,94.83216511988806,0,0,0,0,0,21,21,1,2
473,2007,12,26,18,39440.75,31.53816734908916,171.34992753524298,397,606,1001.8989278887623,1005.8989278887623,4.0,11.667958242762765,25.378347064407713,102.68405416537693,33125,0.5887379304302158,7.798045880492382,85.43512691057398,19.98774869712464,87.74207091358906,0,0,0,2,0,20,20,1,1
473,2007,12,26,21,39440.875,32.159724337257956,173.83917728197744,386,605,1004.7410856647912,1006.7410856647912,2.0,10.299874335408862,17.873116712881092,73.29037678543799,16875,2.842157776028907,36.993683571397746,78.10595064259645,23.0379945682806,81.43272511412006,0,0,0,0,0,16,16,1,1
473,2007,12,27,0,39441.0,33.13473692241482,175.87240829748828,377,602,1006.0549146866299,1006.0549146866299,0.0,8.214467158186709,12.193484532410658,14.104739588693906,625,1.3138290218387556,16.652601817171412,63.10591900242492,36.1388176280131,72.72118778383233,0,0,0,0,0,15,15,1,1
473,2007,12,27,3,39441.125,34.03313032906638,178.20635506473627,367,599,1005.4660355915673,1007.4660355915673,2.0,8.031961808248859,11.55143163900255,126.15662610100802,50000,-0.5888790950625844,-7.2897566514963685,71.68858045213702,33.29892965019195,79.04474228619482,0,0,0,0,0,16,16,1,1
473,2007,12,27,6,39441.25,34.03313032906638,178.20635506473627,367,599,,,,8.031961808248859,,0.0,0,0.0,,0.0,0.0,0.0,0,3,0,0,0,16,16,0,0
475,2007,12,21,21,39435.875,65.62889756108838,39.364059301706554,428,276,988.4361857339893,988.4361857339893,0.0,17.175578258285135,7.657060310284651,14.104739588693906,625,,,,,,3,0,0,0,0,6,6,1,1
475,2007,12,22,0,39436.0,64.08373710332806,41.82016988013577,436,274,987.3359813386518,987.3359813386518,0.0,17.419345980612395,6.415609864190847,14.104739588693906,625,-1.100204395337496,-8.474709290604006,39.78532532612246,-57.27133458490994,69.7343378576301,0,0,0,0,0,4,4,1,1
475,2007,12,22,3,39436.125,62.65008278317569,43.659992219100296,443,272,987.255299668834,989.255299668834,2.0,17.480641017887596,9.931718409950918,98.73317712085735,30625,-0.08068166981771356,-0.6293268534592024,31.32839521238528,-53.13836232099946,61.68592948753565,0,0,0,0,0,5,5,1,1
475,2007,12,22,6,39436.25,61.349922363702504,45.0,449,270,988.8054333484142,992.8054333484142,4.0,16.590140580527684,9.31447255046798,177.8539989415875,99375,1.5501336795801763,12.238011195971724,23.813045149685767,-48.19041415649313,53.752926765668356,0,0,0,0,0,6,6,1,1
475,2007,12,22,9,39436.375,59.86284833172288,46.523464791651826,456,268,990.4656763429911,994.4656763429911,4.0,15.991182475614544,7.449964507378172,203.9098547955877,130625,1.660242994576838,13.30036356166168,28.349946094440263,-55.11836263366768,61.98187915007226,0,0,0,0,0,4,4,1,1
475,2007,12,22,12,39436.5,58.193444015671915,47.602562202499804,463,265,991.1838887060584,997.1838887060584,6.0,16.64681621712029,4.8645592426035,325.6331998352982,333125,0.7182123630672868,5.855179521071481,21.080167390946432,-61.876430154465524,65.36869331637868,0,0,0,0,0,5,5,1,1
475,2007,12,22,15,39436.625,56.96710836590084,49.46281847204053,470,265,992.7466604062054,998.7466604062054,6.0,16.00543999695575,5.002845961215498,345.78194139918065,375625,1.5627717001469863,12.914772576427902,37.58508364671508,-45.45410087263395,58.98062223196828,0,0,0,0,0,4,4,1,1
475,2007,12,22,18,39436.75,55.70314298440245,51.19183428484206,477,265,993.5216654606139,999.5216654606139,6.0,16.079405921959424,4.150970517053065,332.2856328070812,346875,0.7750050544085388,6.499458540253223,36.11025092687217,-46.84884595899191,59.15035578668166,0,0,0,0,0,4,4,1,1
475,2007,12,22,21,39436.875,54.92230760001469,52.64676201356718,482,266,994.3408860155433,998.3408860155433,4.0,15.932386126861479,4.902278916924406,241.84590462993484,183750,0.8192205549294885,6.935374003237258,30.990490285227995,-28.941644429490854,42.403175239619614,0,0,0,0,0,3,3,1,1
475,2007,12,23,0,39437.0,53.92583167075959,54.25198622370907,488,267,994.6319735014841,998.6319735014841,4.0,16.25323838777369,4.38969112495608,260.46073503106066,213125,0.2910874859408068,2.4951434430082533,35.03334098820423,-36.9343559521964,50.90659712060251,0,0,0,0,0,3,3,1,1
475,2007,12,23,3,39437.125,53.227434610893745,55.866551801332584,493,269,996.0211804368737,1000.0211804368737,4.0,15.91263951705442,5.246057174474845,278.90317035875347,244375,1.3892069353895204,12.01559353386327,35.824159213107684,-25.886069946852857,44.197952448268985,0,0,0,0,0,3,3,1,1
475,2007,12,23,6,39437.25,52.69790645200507,57.23319420903632,497,271,997.8476166676933,1001.8476166676933,4.0,15.262492071599405,4.957759484647977,296.87042583783426,276875,1.8264362308195268,15.907851041156547,30.697092127999,-19.62694826128464,36.43526537800984,0,0,0,0,0,4,4,1,1
475,2007,12,23,9,39437.375,51.943109181977604,58.74151469142543,502,273,997.6661744421465,1001.6661744421465,4.0,15.965849775765786,5.178484224616695,291.80112157797475,267500,-0.1814422255467798,-1.5964822472322044,34.46219443435536,-27.97654235740555,44.38839676657651,0,0,0,0,0,2,2,1,1
475,2007,12,23,12,39437.5,50.55977321358033,61.429301451533405,511,277,997.3709605467889,1001.3709605467889,4.0,17.63031924362191,2.4826074851161684,272.0423653362309,232500,-0.29521389535759224,-2.648367627354462,63.2841708423016,-51.27331384357165,81.44838237619585,0,0,0,0,0,3,3,1,1
475,2007,12,23,15,39437.625,50.584689474191705,63.65788847411953,514,283,997.199501664474,1001.199501664474,4.0,18.104870390000283,4.476576507049031,246.32868702971868,190625,-0.1714588823147642,-1.5376099379437107,52.44542337705389,0.9235205903127286,52.45355396423737,0,0,0,0,0,2,2,1,1
475,2007,12,23,18,39437.75,50.765029227752784,65.74942464758675,516,289,996.212805767496,1002.212805767496,6.0,19.0833175119323,6.844319565601982,317.9046851862261,317500,-0.9866958969780535,-8.82571035820284,49.03166654100746,6.684288556107325,49.48519008036504,0,0,0,0,0,2,2,1,1
475,2007,12,23,21,39437.875,51.51033479866866,68.23015843305066,516,297,994.6929895246244,1000.6929895246244,6.0,19.859716424870385,8.083086210748588,279.9710868514077,246250,-1.5198162428716022,-13.452562864669083,57.223466283383694,27.624732761923752,63.54251296300182,0,0,0,0,0,3,3,1,1
475,2007,12,24,0,39438.0,52.15890318116787,69.7068703842653,515,302,992.7974955264997,1000.7974955264997,8.0,21.959154174049072,10.98315566027326,333.7790589062273,350000,-1.8954939981247299,-16.629245413367897,33.577466731651946,24.03917123866035,41.295617515141096,0,0,0,0,0,5,5,1,1
475,2007,12,24,3,39438.125,52.92905880264904,71.89945854432119,514,309,991.6076137896165,1005.6076137896165,14.0,23.30313688906739,10.34671024715979,645.2822017258583,1308125,-1.1898817368832533,-10.331931733658793,48.98686003346194,28.545799278497363,56.697223145285086,0,0,0,0,0,6,6,1,1
475,2007,12,24,6,39438.25,53.7338163732917,73.38696662407685,512,314,990.9857663994629,1006.9857663994629,16.0,24.070734417714824,12.839113768877287,661.8715742955291,1376250,-0.6218473901535617,-5.343426820425163,32.61349472694875,29.828319678088196,44.196930811120104,0,0,0,0,0,4,4,1,1
475,2007,12,24,9,39438.375,54.51023619266171,74.93833845545382,510,319,990.0856519601282,1008.0856519601282,18.0,25.317093524666333,12.322822358949706,672.1615093875265,1419375,-0.9001144393347204,-7.659086613990801,33.3822852921588,28.777981620076563,44.07435986435363,0,0,0,0,0,3,3,1,1
475,2007,12,24,12,39438.5,55.2014119511687,76.19093924121873,508,323,989.4712782902454,1009.4712782902454,20.0,26.959587500501648,10.658492152319596,686.3662517577698,1480000,-0.6143736698827706,-5.183507085326913,26.49557590988708,25.61841258856074,36.85537418551487,0,0,0,0,0,4,4,1,1
475,2007,12,24,15,39438.625,56.050638996069296,77.03414614718993,505,326,988.7564783117372,1010.7564783117372,22.0,28.456527401328064,15.032844633796195,710.0163957568716,1583750,-0.7147999785082356,-5.96997182293511,17.45368857310382,31.47657965409888,35.99175338223642,0,0,0,0,0,4,4,1,1
475,2007,12,24,18,39438.75,56.88988685474312,77.91897304002993,502,329,989.0606594478671,1011.0606594478671,22.0,29.09121777045413,20.14061094943041,658.405859820939,1361875,0.30418113612991876,2.515965368611687,17.914731676762475,31.106701360612927,35.89658034672321,0,0,0,0,0,3,3,1,1
475,2007,12,24,21,39438.875,57.44360484511683,78.53330791845653,500,331,991.090912445743,1013.090912445743,22.0,28.07570817501351,28.324199872664686,750.7379317872345,1770625,2.0302529978759414,16.68838115380103,12.253331950428347,20.523543773792472,23.903137721273414,0,0,0,0,0,3,3,1,1
475,2007,12,25,0,39439.0,58.26511966753886,79.49360221209083,497,334,995.8775971031649,1013.8775971031649,18.0,23.57741688751818,18.316852328591704,733.9887481195237,1692500,4.7866846574218656,38.992913371871694,18.721535691111228,30.44942680554529,35.744419024790595,0,0,0,0,0,3,3,1,1
475,2007,12,25,3,39439.125,59.075242859523264,80.50314146130899,494,337,999.5501181577145,1013.5501181577145,14.0,20.1210522089399,11.48847940255211,631.7285966322306,1253750,3.6725210545495792,29.660409162140258,19.229656392166373,30.0271963019205,35.656867539295334,0,0,0,1,0,3,3,1,2
475,2007,12,25,6,39439.25,62.054800972156784,88.84032479151642,483,357,1001.8341957169288,1011.8341957169288,10.0,17.498014285180396,5.503704566960223,484.7189750148126,738125,2.1613460096612105,16.950768061622572,60.36597433616819,54.92766876451804,81.61556011851862,0,0,0,0,2,5,5,1,1
475,2007,12,25,9,39439.375,63.20882897953073,88.79140756797314,478,357,1003.5203172553552,1013.5203172553552,10.0,15.726915423482996,8.731807106307096,531.5073132028516,887500,1.686121538426378,13.08656642268541,-0.8172437348377215,42.77401987523723,42.78182632391143,0,0,0,0,0,7,7,1,1
475,2007,12,25,12,39439.5,63.893834648574455,88.26429541107161,475,356,1006.0250825140179,1012.0250825140179,6.0,12.183647664374284,11.869430183673103,348.3613699989857,381250,2.5047652586626645,19.325061025468443,-8.597130645615715,25.389718373474633,26.80575412895784,0,0,0,0,0,5,5,1,1
475,2007,12,25,15,39439.625,64.819512794192,88.71555647819922,471,357,1007.6167960424797,1009.6167960424797,2.0,8.949896293558,8.498116220460288,141.04739588693906,62500,1.5917135284618416,12.185697187646108,7.116406503255382,34.31023783280445,35.04048603634346,0,0,0,0,0,6,6,1,1
475,2007,12,25,18,39439.75,64.819512794192,88.71555647819922,471,357,,,,8.949896293558,,0.0,0,0.0,,0.0,0.0,0.0,0,3,0,0,0,6,6,0,0
504,2007,12,27,0,39441.0,60.067929207225156,-52.99998347221897,254,280,987.6884921733481,991.6884921733481,4.0,19.153165858450603,3.9587556741129815,260.46073503106066,213125,-0.4754447054209595,-3.8009585601885454,36.79185067238978,-49.28127971477809,61.500282976793095,2,0,0,2,0,1,1,1,1
504,2007,12,27,3,39441.125,60.1524320636568,-51.78170353646855,256,278,987.000390150455,993.000390150455,6.0,20.24056185102649,4.595786329155308,399.19154145693045,500625,-0.6881020228929993,-5.496393148772394,22.473320985311588,3.1320963073908543,22.690530698677314,0,0,0,0,0,2,2,1,1
504,2007,12,27,6,39441.25,60.69630238737346,-50.95983911071305,259,278,987.0743420008132,993.0743420008132,6.0,20.73547593660758,7.499766817332857,436.1079648376247,597500,0.07395185035813484,0.5875359007377203,14.909373753638787,20.158540249941904,25.07301678566464,0,0,0,0,0,3,3,1,1
504,2007,12,27,9,39441.375,60.12776313585154,-48.998042099203374,260,273,988.4584013455765,994.4584013455765,6.0,20.101229427496143,5.019094757973944,496.0779482660393,773125,1.3840593447632272,11.058265563443198,36.215137809942284,-21.07289345584397,41.89991700701164,0,0,0,0,0,3,3,1,1
504,2007,12,27,12,39441.5,59.04964024786535,-44.40628260378742,264,262,988.33739197096,994.33739197096,6.0,20.019999113691686,3.8029117257876353,496.87936712174184,775625,-0.1210093746164057,-0.9775707038160991,87.51245356632069,-39.96059848114794,96.20436040101798,0,0,0,0,0,1,1,1,1
504,2007,12,27,15,39441.625,59.1812688240343,-42.31622484053102,268,259,987.9306932718705,991.9306932718705,4.0,19.65518982086343,4.11921145586377,377.94386014985884,448750,-0.40669869908946565,-3.280992082419162,39.687034686914444,4.878809957144613,39.98579133690221,0,0,0,0,0,1,1,1,1
504,2007,12,27,18,39441.75,59.27044626764368,-40.211533449686414,272,256,988.5391917381835,992.5391917381835,4.0,18.379034582991597,1.8858800318006252,410.2515719892848,528750,0.6084984663128853,4.904439158248362,39.8605618483786,3.305359766831253,39.99737233940003,0,0,0,0,0,1,1,1,1
504,2007,12,27,21,39441.875,58.11692625767292,-33.97286769493928,281,243,987.7939930703443,995.7939930703443,8.0,19.43228225262268,3.583058667436635,569.6289496054442,1019375,-0.7451986678391403,-6.080224971115498,122.09245108888517,-42.75519096390944,129.36217749888172,0,0,0,0,0,1,1,1,1
504,2007,12,28,0,39442.0,58.76417326885035,-33.747767183728314,283,245,986.3910056558263,1000.3910056558263,14.0,21.105616270194528,4.326271029596683,773.9634468514137,1881875,-1.4029874145179928,-11.36809969617408,4.326537625517356,23.990194642927914,24.377209988646865,0,0,0,0,0,3,3,1,1
504,2007,12,28,3,39442.125,57.64479059621057,-28.273523933687564,292,234,985.3806505404023,997.3806505404023,12.0,20.445806300690652,2.950957019788184,693.861443555544,1512500,-1.0103551154240267,-8.286444736936343,108.55726248307624,-41.4898913904572,116.21570601864211,0,0,0,0,0,3,3,1,1
504,2007,12,28,6,39442.25,57.553057124999384,-21.987554963696205,306,227,982.6785255912591,998.6785255912591,16.0,20.939113822995743,8.36317705047688,795.7623576337842,1989375,-2.702124949143181,-22.184053703152802,124.9583779513845,-3.4000988673924573,125.00462748454196,0,0,0,0,0,2,2,1,1
504,2007,12,28,9,39442.375,58.41728203637105,-22.604033011578736,306,231,979.6305809754759,997.6305809754759,18.0,24.257838729920646,12.389111533741744,748.3491538076373,1759375,-3.047944615783199,-24.78830019296259,-11.967031039637254,32.03247520812427,34.19487242062379,0,0,0,0,0,3,3,1,1
504,2007,12,28,12,39442.5,58.87604204344288,-23.856503561772673,304,234,978.3033076225807,998.3033076225807,20.0,27.137117952135387,16.597714665417662,768.9347264796871,1857500,-1.3272733528951357,-10.741905885602876,-23.99518760647335,17.003928444603055,29.40922662735342,0,0,0,0,0,2,2,1,1
504,2007,12,28,15,39442.625,58.68472663795422,-24.61570420458128,302,234,978.1688560637385,996.1688560637385,18.0,27.60712280010022,13.18711740529681,721.826499199837,1636875,-0.1344515588422655,-1.090349499986923,-14.625470500224752,-7.091100826428479,16.253864103145418,0,0,0,0,0,2,2,1,1
504,2007,12,28,18,39442.75,58.94401640060766,-18.964225033123356,315,230,979.9762252459185,995.9762252459185,16.0,24.223139782520477,5.276508743059457,711.8353391542329,1591875,1.8073691821799729,14.616963172097142,108.02925838364571,9.610568712644616,108.45590669899427,0,0,0,0,0,2,2,1,1
504,2007,12,28,21,39442.875,59.09232180620576,-18.169077044418405,317,230,981.2460732382599,993.2460732382599,12.0,23.46652291931894,4.550727882233332,573.1108215745878,1031875,1.2698479923413835,10.253852183224305,15.138459471667087,5.496936232157583,16.105566215309345,0,0,0,0,0,1,1,1,1
504,2007,12,29,0,39443.0,59.622560513055305,-14.917647464508619,325,230,983.465113563021,993.465113563021,10.0,19.780848925924428,5.659761989142425,576.3991184104392,1043750,2.219040324761154,17.820485974085287,60.937212701230514,19.653284704080214,64.02808361535305,0,0,0,0,0,1,1,1,1
504,2007,12,29,3,39443.125,59.53418968008467,-9.637538112930946,337,227,985.6824194218439,993.1294966920257,7.447077270181908,17.212740191893356,3.8873051695369214,561.715830896444,991250,2.2173058588228014,17.82269133946102,99.20214234332174,-3.2754627632292497,99.256202334252,0,0,0,1,0,2,3,2,0
504,2007,12,29,6,39443.25,59.96961346890029,1.0809241866606887,362,227,983.5315770123882,987.5315770123882,4.0,18.255475097288663,9.109841266129225,216.68112103298049,147500,-2.150842409455654,-17.212011925171872,198.60478753493308,16.138972085549476,199.25944909031054,0,0,1,2,0,2,2,1,1
504,2007,12,29,9,39443.375,60.42146036307166,1.9749340108819766,364,229,983.07696171204,991.07696171204,8.0,19.60934925070735,17.30302095169878,322.87224675588243,327500,-0.4546153003482323,-3.6216397295644294,16.356562799446603,16.747694083985593,23.409878336783525,0,0,0,0,0,2,2,1,1
504,2007,12,29,12,39443.5,60.41257562310024,2.4133364328498925,365,229,985.5748944573871,989.5748944573871,4.0,18.380926389542356,14.572645687317127,191.84519954901347,115625,2.497932745347207,19.90124149655339,8.023130586402454,-0.3293126697925419,8.02988612876624,0,0,0,0,0,1,1,1,1
504,2007,12,29,15,39443.625,59.93807350005802,2.808484877345993,366,227,988.8272744309523,990.8272744309523,2.0,16.991433386215117,10.87323673998042,115.45226928885475,41875,3.252379973565257,26.03530134518244,7.336777631927352,-17.58740958812252,19.056371166639607,0,0,0,0,0,1,1,1,1
504,2007,12,29,18,39443.75,59.21554046127828,3.5894967408381895,368,224,992.9545706069979,992.9545706069979,0.0,15.229838819224499,7.934880423058931,14.104739588693906,625,4.127296176045493,33.284586632896975,14.815882415815576,-26.780669415127633,30.605793995281772,0,0,0,0,0,1,1,1,1
504,2007,12,29,21,39443.875,59.21554046127828,3.5894967408381895,368,224,,,,15.229838819224499,,0.0,0,0.0,,0.0,0.0,0.0,0,3,0,0,0,1,1,0,0
515,2007,12,27,12,39441.5,56.48386011127782,-163.65431406192718,318,501,974.3168110374539,984.3168110374539,10.0,25.20271930241359,6.821469680834853,481.0109130984897,726875,0.9935407863199361,8.2562099397606,29.19679332022024,18.095566392072225,34.349705431539746,2,0,0,2,0,12,12,1,2
515,2007,12,27,15,39441.625,56.72631432796311,-162.30750352073855,315,499,975.1779248595907,993.1779248595907,18.0,24.043046341128797,9.237301744449214,846.2843753216343,2250000,0.861113822136831,7.135822399808564,27.387338569666284,8.986559612994597,28.824027609052767,0,0,2,0,0,15,15,1,3
515,2007,12,27,18,39441.75,56.66875119053097,-156.49364639701784,301,494,975.5508231111099,983.5508231111099,8.0,25.019357550429394,8.139722786272177,387.0459794200768,470625,0.3728982515192183,3.092149303093417,118.3719299536633,-2.1335762813991734,118.39115654770637,0,0,1,2,0,11,11,1,1
515,2007,12,27,21,39441.875,56.90596160396759,-155.45838205363572,299,492,977.0816064784497,985.0816064784497,8.0,23.842377834895196,8.744525216355395,381.6107610236958,457500,1.5307833673397544,12.659212214669479,20.951505598219967,8.792198173803568,22.721539022691164,0,0,0,0,0,14,14,1,1
515,2007,12,28,0,39442.0,57.13335135834713,-152.63799556229733,293,488,979.7449636349123,985.7449636349123,6.0,21.500326418598956,5.282317202232516,361.25759969217836,410000,2.663357156462589,21.968676028153318,56.7269878040311,8.428195685985825,57.34967853301327,0,0,0,0,0,15,15,1,1
515,2007,12,28,3,39442.125,57.64479059621057,-151.72647606631244,292,485,981.6410881365878,983.6410881365878,2.0,19.592963892106013,3.6269996504758457,168.07737027574956,88750,1.8961245016755128,15.551097488026294,18.080706623379104,18.956482845790937,26.196568360826788,0,0,0,3,0,16,16,1,1
515,2007,12,28,6,39442.25,57.738399014770664,-151.180373856987,291,484,983.6132323259127,985.6132323259127,2.0,17.050978082060432,5.268254077484235,179.5240261806447,101250,1.9721441893248994,16.15787187135257,10.804469472691771,3.4695937450346515,11.347891493220756,0,0,0,0,0,13,13,1,1
515,2007,12,28,9,39442.375,57.799291256438075,-149.72902445070991,288,482,985.6197677889145,987.6197677889145,2.0,14.796364211797627,5.7725326997434605,201.4559765517849,127500,2.0065354630017826,16.4286292130832,28.665683395742207,2.2569694484768466,28.754396457520862,0,0,0,0,0,14,14,1,1
515,2007,12,28,12,39442.5,57.71538522393641,-147.93055146694277,284,480,987.86466946687,989.86466946687,2.0,13.089397319910058,3.5861707748407206,226.55566456642887,161250,2.2449016779556406,18.39725308989759,35.60394241790351,-3.1099750430194613,35.7395111951128,0,0,0,0,0,14,14,1,1
515,2007,12,28,15,39442.625,58.92191016493037,-149.03624346792648,289,477,988.7928666295442,990.7928666295442,2.0,10.218638718433114,3.2907709266057648,248.7397920055702,194375,0.9281971626740415,7.508470263946233,-21.15513810871155,44.71981743621784,49.4712233518367,0,0,2,0,0,17,17,1,2
515,2007,12,28,18,39442.75,58.95762722992663,-149.9695508027985,291,478,989.3235373140965,991.3235373140965,2.0,9.53456446592029,8.285605288162042,198.97183743964612,124375,0.5306706845523149,4.291145757831819,-17.83849841930552,1.3238521407393242,17.887554621750443,0,0,0,2,0,16,16,1,1
515,2007,12,28,21,39442.875,59.0411102525096,-149.396136847169,290,477,989.5358459069508,993.5358459069508,4.0,10.561416439299075,7.662599436474266,301.8546089098361,286250,0.21230859285438783,1.7152819326950455,10.933292104003034,3.094296190726467,11.362726131848792,0,0,0,0,0,17,17,1,1
515,2007,12,29,0,39443.0,59.0411102525096,-149.396136847169,290,477,989.4385088502078,993.4385088502078,4.0,11.558106225565904,11.47607504954889,243.48555665938588,186250,-0.0973370567431266,-0.7864047920458294,0.0,0.0,0.0,0,0,0,0,0,15,15,1,1
515,2007,12,29,3,39443.125,58.92191016493037,-149.03624346792648,289,477,,,,13.56872332246,,0.0,0,-0.5532921360820182,,6.885888308927937,-4.418148331465791,8.181411399133061,0,2,2,0,0,18,20,0,0
516,2007,12,27,6,39441.25,45.005261001910654,178.68140415717144,364,555,1000.75258995249,1004.75258995249,4.0,8.129267391902301,15.667022004540705,196.456289539899,121250,,,,,,3,0,0,0,0,16,16,1,1
516,2007,12,27,9,39441.375,45.50417139554748,-179.85194921965567,359,553,1000.0541281329757,1004.0541281329757,4.0,8.841438841757547,13.469767453625463,182.81831978578631,105000,-0.6984618195141956,-6.784067596147355,-38.098931347294446,18.492101540884647,42.349573660241774,0,0,0,0,0,15,15,1,1
516,2007,12,27,12,39441.5,45.74328533741245,-179.2559407971113,357,552,998.6592719132417,1002.6592719132417,4.0,10.175008504660918,14.839052086497759,192.8794129702041,116875,-1.3948562197340653,-13.49284462386968,15.41673397310673,8.862752408455725,17.78269008477432,0,0,0,0,0,14,14,1,1
516,2007,12,27,15,39441.625,46.64594223524809,-176.8117526950174,349,548,997.5454474048995,1001.5454474048995,4.0,10.346081703820667,9.945813660277782,198.47127856504602,123750,-1.1138245083422225,-10.612753775850715,62.19055613911254,33.45695584667963,70.61892924293583,0,0,0,0,0,17,17,1,1
516,2007,12,27,18,39441.75,48.12735223741852,-173.55588615611725,339,541,995.4630268931979,999.4630268931979,4.0,10.740529846397184,13.194024363862555,164.48811606198853,85000,-2.0824205117014936,-19.37529668939528,80.54420767087501,54.90842550728549,97.47976498237037,0,0,0,0,0,14,14,1,1
516,2007,12,27,21,39441.875,49.19933824123344,-172.09726065683458,335,536,993.4807343084733,999.4807343084733,6.0,12.69239828225332,22.152390222543907,172.74707473566775,93750,-1.9822925847246369,-18.14260569875553,35.326404277066665,39.73313501939823,53.16650127304301,0,0,0,0,0,17,17,1,1
516,2007,12,28,0,39442.0,49.8046037117275,-170.99346052755868,332,533,991.5803429388877,997.5803429388877,6.0,13.623457761739369,18.222095881338756,187.65135533505173,110625,-1.900391369585559,-17.236805679812694,26.404425406921042,22.43414986402349,34.64801236999206,0,0,0,0,0,18,18,1,1
516,2007,12,28,3,39442.125,50.54040290433409,-169.14581979608883,327,529,991.2924371727806,995.2924371727806,4.0,13.140801734711756,8.905183556932897,153.21669003752353,73750,-0.28790576610714197,-2.5835249226320274,43.52199322386141,27.27237908233818,51.36094386777365,0,0,0,0,0,20,20,1,1
516,2007,12,28,6,39442.25,51.746788322548795,-167.41554732985867,323,523,990.1313574936399,996.1313574936399,6.0,13.518987407368602,14.1619373675235,214.83699284957805,145000,-1.1610796791406757,-10.243700557210746,39.70593943181668,44.71464602781669,59.79934109633682,0,0,0,0,0,16,16,1,1
516,2007,12,28,9,39442.375,52.45065360495357,-165.75264555113165,319,519,988.9945855417218,994.9945855417218,6.0,14.361801350362914,12.39366623386857,211.1004122822376,140000,-1.1367719519181991,-9.933780969444378,37.562534233844026,26.08874948155041,45.73365093210689,0,0,0,0,0,18,18,1,1
516,2007,12,28,12,39442.5,52.89117688689433,-164.12716097820606,315,516,988.3658151087828,994.3658151087828,6.0,15.023904808207517,9.813950357304929,214.83699284957805,145000,-0.6287704329389089,-5.462443063370438,36.3490282678091,16.327984673540723,39.84789755449296,0,0,0,0,0,19,19,1,1
516,2007,12,28,15,39442.625,53.45257434126749,-162.017079506598,310,512,986.699264240007,994.699264240007,8.0,16.65997659923004,10.459615934929971,244.7080859684159,188125,-1.666550868775812,-14.372314171835523,46.57148519305622,20.808182919155538,51.008663082696955,0,0,0,0,0,21,21,1,1
516,2007,12,28,18,39442.75,53.751641559047364,-161.10942833981593,308,510,986.6424330522018,994.6424330522018,8.0,18.044576300790336,11.431524987703815,238.11540999374174,178125,-0.05683118780521909,-0.48822913035101384,19.89196698636107,11.084919114275195,22.772039486100102,0,0,0,0,0,19,19,1,1
516,2007,12,28,21,39442.875,53.6566602447126,-159.63318785955533,304,509,987.2321974116697,995.2321974116697,8.0,19.408374217371563,9.823269801568095,253.1005029518667,201250,0.5897643594679539,5.072759251033776,32.42584228467521,-3.5204800933527634,32.616392013193675,0,0,0,0,0,19,19,1,1
516,2007,12,29,0,39443.0,54.10374123321072,-157.4220894839387,299,505,987.6404810760204,993.6404810760204,6.0,19.10566213664919,5.333076601959619,228.7404370492034,164375,0.4082836643506016,3.491843345347232,48.04944858502139,16.571045906741393,50.82665709810104,0,0,0,0,0,18,18,1,1
516,2007,12,29,3,39443.125,54.18021999626981,-154.9831065219,293,502,988.5166999289539,998.5166999289539,10.0,19.742807723555437,4.8232676460305814,609.2855691396653,1166250,0.8762188529335253,7.486629753750931,52.90335004751861,2.8346834827410534,52.979240053983524,0,0,2,0,0,20,20,1,2
516,2007,12,29,6,39443.25,54.08726413168208,-153.02860258961297,288,500,989.4292059594252,1000.7171029041419,11.287896944716776,19.998791693800403,4.275486340909701,685.0606823064848,1474375,0.9125060304712679,7.805826866052106,42.490639732692074,-3.445406848004917,42.63009844278699,0,0,0,0,0,17,15,2,0
516,2007,12,29,9,39443.375,53.92583167075961,-150.27756123207575,281,497,990.4893816416334,1000.5657359948927,10.076354353259376,20.679925031548905,5.27659493221654,643.2750982580686,1300000,1.0601756822082098,9.087612933097853,60.037831517566374,-5.983490216774891,60.335258087671484,0,0,0,0,0,17,15,2,0
516,2007,12,29,12,39443.5,54.13071776381284,-147.97533177766226,276,493,992.2351481724595,1000.6873252738915,8.452177101432026,19.405169480188242,4.064251571151617,621.8894690484038,1215000,1.7457665308260766,14.925572102880935,49.99709745753013,7.594098029181321,50.57054556809311,0,0,0,0,0,14,12,2,0
516,2007,12,29,15,39443.625,53.94672316317062,-145.55674475571823,270,490,992.3474633270873,998.2851150280524,5.937651700965071,19.57620918877785,4.808253014418224,544.8155365501106,932500,0.11231515462786774,0.9624873297793946,52.75678571072186,-6.819755373802052,53.195747028174424,0,0,0,0,0,17,16,2,0
516,2007,12,29,18,39443.75,58.20177101710345,-149.31675911893325,288,480,988.6436205283815,998.6436205283815,10.0,20.363549216710343,13.578899782301304,545.5453634500474,935000,0.3585055003290472,2.9224293677142823,2.8205027714332283,-11.844365312315007,12.175558530730058,0,0,0,0,2,17,17,1,1
516,2007,12,29,21,39443.875,57.96106855474074,-148.61854166144104,286,480,989.3524541070509,993.3524541070509,4.0,20.960602343385123,14.281052307961872,149.27053303604617,70000,0.708833578669437,5.793339147326551,13.728847860739098,-8.92163088186187,16.3730498434321,0,0,0,0,0,15,15,1,1
516,2007,12,30,0,39444.0,58.03725508854668,-148.05930902582534,285,479,990.3549073488823,994.3549073488823,4.0,20.530628330876993,12.85553309228613,157.69578262626,78125,1.0024532418313903,8.18630519120791,10.972673316267361,2.8238520126183264,11.330211820380692,0,0,0,0,0,17,17,1,1
516,2007,12,30,3,39444.125,58.110280245682,-147.4975327234405,284,478,992.5019688297227,996.5019688297227,4.0,18.697115831059612,10.894657584824309,190.28334018879895,113750,2.1470614808404935,17.519568240747986,11.000058148727057,2.7066756636228857,11.32816721378286,0,0,3,0,0,14,14,1,1
516,2007,12,30,6,39444.25,58.052180000021906,-146.59217541029108,282,477,994.9109236836898,996.9109236836898,2.0,17.54131775472378,10.19463688344651,106.48844864724786,35625,2.408954853967007,19.668982761920354,17.75646804845344,-2.1534841847349275,17.886577416869088,0,0,0,0,0,12,12,1,1
516,2007,12,30,9,39444.375,58.1784602915582,-145.4599090929291,280,475,997.9808418486394,999.9808418486394,2.0,15.095266281791906,6.95310169828328,145.90056078898738,66875,3.069918164949631,25.03136857007366,22.128124348184258,4.680575918010732,22.61772928684414,0,0,0,0,0,14,14,1,1
516,2007,12,30,12,39444.5,58.10197445954576,-144.55710422167067,278,474,1001.6515916333306,1003.6515916333306,2.0,12.356514821576239,8.823590180343599,193.39444569737623,117500,3.670749784691143,29.95524515594213,17.681725479767636,-2.834945493323987,17.90754957809644,0,0,0,0,0,12,12,1,1
516,2007,12,30,15,39444.625,58.39215547933232,-143.17123355994977,276,471,1004.4479176818027,1005.7432589129261,1.295341231123457,10.265421943388551,4.718722340842287,207.2964896828013,135000,2.7963260484721104,22.74807396739179,26.921235196677188,10.755552402936573,28.990253741682313,0,0,0,1,0,11,12,2,0
516,2007,12,30,18,39444.75,60.180647657939296,-147.0947570770121,288,470,1005.9841494702275,1009.9841494702275,4.0,8.262042886279858,9.257083176272644,318.8419983313807,319375,1.5362317884249206,12.267584321146751,-72.30457238671555,66.29041886819012,98.0936839034292,0,0,1,0,0,13,13,1,1
516,2007,12,30,21,39444.875,60.180647657939296,-147.0947570770121,288,470,,,,8.262042886279858,,0.0,0,0.0,,0.0,0.0,0.0,0,3,0,0,0,13,13,0,0
517,2007,12,27,0,39441.0,37.53185958196689,-177.0805714580239,348,585,1002.3765731240168,1006.3765731240168,4.0,12.35205686312534,20.94652365688984,128.50029317392293,51875,,,,,,3,0,0,0,0,14,14,1,1
517,2007,12,27,3,39441.125,38.59574546202424,-174.4309411748044,338,580,1003.4374477995938,1007.4374477995938,4.0,11.1394553541733,20.440565988303934,193.39444569737623,117500,1.06087467557707,11.782143796233873,76.75382647294715,39.432904130386376,86.29080951292279,0,0,0,0,0,15,15,1,1
517,2007,12,27,6,39441.25,39.77851064683785,-171.64564916462032,328,574,1004.8741872493606,1008.8741872493606,4.0,10.828406916486227,17.205795021335216,198.97183743964612,124375,1.4367394497667556,15.557499809914614,79.33669823014952,43.83916265436249,90.64316779712335,0,0,0,0,0,17,17,1,1
517,2007,12,27,9,39441.375,40.77419968900023,-168.4788398026958,317,568,1006.9005145449162,1008.9005145449162,2.0,9.302375284685667,10.679239070652256,173.8949084575512,95000,2.026327295555675,21.496316787507904,88.8840484419539,36.905190001345275,96.24119240983562,0,0,0,0,0,16,16,1,1
517,2007,12,27,12,39441.5,40.806787084963815,-170.11688141089806,323,569,1005.9536693581146,1007.9536693581146,2.0,9.193229252494865,7.301544011452352,160.81877456451716,81250,-0.9468451868016564,-10.037999669401978,-45.95480858403856,1.207851034569382,45.970679091322275,0,0,0,0,0,15,15,1,1
517,2007,12,27,15,39441.625,41.206101237943415,-169.48874877636965,321,567,1006.3160133062952,1008.3160133062952,2.0,8.306381619263828,6.5679833622038135,192.8794129702041,116875,0.36234394818064175,3.810729265538902,17.5158426045723,14.800569316233648,22.93167229472781,0,0,0,0,0,18,18,1,1
517,2007,12,27,18,39441.75,42.013223135735885,-167.0673916032605,313,562,1006.727366765157,1008.727366765157,2.0,8.549292531286268,5.163642133230387,187.12051592547775,110000,0.411353458861704,4.25807774352171,66.67933897444854,29.91595340608378,73.08281955606522,0,0,0,0,0,15,15,1,1
517,2007,12,27,21,39441.875,42.67703312679048,-165.4555281748918,308,558,1008.142367514616,1008.142367514616,0.0,8.015835117756591,4.644126191517571,14.104739588693906,625,1.415000749459141,14.462189930870013,43.92207288616757,24.604101087079993,50.343919959823026,0,0,0,0,0,18,18,1,1
517,2007,12,28,0,39442.0,43.7902944715632,-162.73972116356535,300,551,1005.2728667868572,1005.2728667868572,0.0,9.515465922574359,4.8602994753565145,14.104739588693906,625,-2.8695007277588593,-28.728155666178406,72.66188056793575,41.26300452274181,83.56066317300726,0,0,0,0,0,19,19,1,1
517,2007,12,28,3,39442.125,44.71960921828957,-160.5518873797565,294,545,1005.4084703848779,1005.4084703848779,0.0,9.349861782546316,4.382375989308202,14.104739588693906,625,0.13560359802067978,1.3351885202404663,57.618896728123424,34.445028363982004,67.1297045961151,0,0,0,0,0,21,21,1,1
517,2007,12,28,6,39442.25,45.70798413613864,-157.894856696402,287,538,1005.3147413740588,1005.3147413740588,0.0,9.13678623538766,4.704420394804474,14.104739588693906,625,-0.09372901081907913,-0.9072124361442117,68.76889691421326,36.63409216251624,77.91802032501482,0,0,0,0,0,17,17,1,1
517,2007,12,28,9,39442.375,46.34809888682512,-155.93035901125867,282,533,1004.134313612635,1004.134313612635,0.0,9.864329180463386,6.840486144597016,14.104739588693906,625,-1.18042776142378,-11.302990453753976,50.26045347421094,23.725837582227896,55.57902979012481,0,0,0,0,0,19,19,1,1
517,2007,12,28,12,39442.5,47.14813925633946,-153.77803322244554,277,527,1002.7541891300775,1002.7541891300775,0.0,9.829537367488268,6.855897851723274,14.104739588693906,625,-1.3801244825574395,-13.042685600630245,54.25428801561892,29.65347673361102,61.829252384874756,0,0,0,0,0,20,20,1,1
517,2007,12,28,15,39442.625,47.7648871933804,-151.27780439429293,271,521,1002.3378017664224,1002.3378017664224,0.0,8.717129940184657,6.991251179463361,14.104739588693906,625,-0.4163873636550852,-3.8963321396575856,62.28831578730542,22.859747205816845,66.35060154914146,0,0,0,0,0,22,22,1,1
517,2007,12,28,18,39442.75,48.21176312749452,-149.14404349032674,266,516,1002.5832967116602,1002.5832967116602,0.0,8.516469981036005,7.797580508076498,14.104739588693906,625,0.2454949452377332,2.28112877338175,52.70078511561991,16.56344557101255,55.242379392877716,0,0,0,0,0,21,21,1,1
517,2007,12,28,21,39442.875,48.79719746089676,-146.79585264678636,261,510,1002.068713135256,1002.068713135256,0.0,8.674590916440518,8.134638812751946,14.104739588693906,625,-0.5145835764042568,-4.738465740411088,57.33038782687133,21.69910925262284,61.299467458834734,0,0,0,0,0,21,21,1,1
517,2007,12,29,0,39443.0,49.16704837889678,-144.1261709048584,255,504,1000.7496338927682,1002.7496338927682,2.0,9.063192759905391,9.653655126774247,121.33355774887802,46250,-1.3190792424877873,-12.078532775882673,64.69678997928752,13.708515232144945,66.13318398122071,0,0,0,0,0,17,17,1,1
517,2007,12,29,3,39443.125,49.55049252524675,-142.12501634890182,251,499,1000.2141499045409,1002.2141499045409,2.0,9.813558493508356,11.928788929602742,97.72050238058398,30000,-0.5354839882272063,-4.875228824720626,48.120204763322576,14.212347908556676,50.1751426459153,0,0,0,0,0,19,19,1,1
517,2007,12,29,6,39443.25,49.72700808029908,-139.84011248884704,246,494,998.9029551732192,1000.9029551732192,2.0,11.860412766629775,14.294293786130657,83.44476472655683,21875,-1.3111947313217387,-11.906347984877847,54.744000868926534,6.542544731888938,55.133569834591675,0,0,0,0,0,16,16,1,1
517,2007,12,29,9,39443.375,50.173848169190784,-137.56030089390867,242,488,997.4623290966438,1001.4623290966438,4.0,13.746241394991921,17.188873751551874,125.36566766991936,49375,-1.4406260765754269,-12.996176604487736,54.11753346354668,16.562116968720343,56.59515126460631,0,0,0,0,0,16,16,1,1
517,2007,12,29,12,39443.5,50.38296500202026,-135.4677102600385,238,483,995.4002745029097,999.4002745029097,4.0,16.103122127155082,20.25419714468044,107.41849642478903,36250,-2.062054593734065,-18.54588330629219,49.455900159771204,7.750910295539075,50.05959119911739,0,0,0,0,0,13,13,1,1
517,2007,12,29,15,39443.625,50.53625314756408,-133.35671934550723,234,478,994.8717871880962,998.8717871880962,4.0,16.453563459024974,16.02415068180817,116.31066229203195,42500,-0.5284873148135375,-4.742668327286919,49.72930604233357,5.681621366408468,50.05281910944981,0,0,0,0,0,15,15,1,1
517,2007,12,29,18,39443.75,50.65396984966602,-131.70265363297895,231,474,994.4959587838379,998.4959587838379,4.0,17.461858742466653,14.686003266560292,126.94265629824517,50625,-0.37582840425835456,-3.367012539045039,38.8685489827956,4.363166685021454,39.112674717401546,0,0,0,0,0,16,16,1,1
517,2007,12,29,21,39443.875,51.073196267371024,-129.99935540244155,229,469,992.9717069038005,996.9717069038005,4.0,18.999840038082915,13.75296352578618,124.56968712917198,48750,-1.5242518800373364,-13.574569554168518,39.667104383824,15.538616921389512,42.601969274047434,0,0,0,0,0,13,13,1,1
517,2007,12,30,0,39444.0,51.71273176325659,-129.43366785730905,230,466,992.145748514729,996.145748514729,4.0,19.888389601617593,14.173899984556556,137.4759960580849,59375,-0.8259583890714566,-7.2904892091254,12.991338617583402,23.704367517195855,27.03094372135394,0,0,0,0,0,14,14,1,1
517,2007,12,30,3,39444.125,52.013022102544724,-128.9017880521765,230,464,992.832029846801,996.832029846801,4.0,19.936828020011795,13.77255784490255,157.69578262626,78125,0.6862813320719579,6.032725446533732,12.133661127314308,11.130254083071023,16.46536632772613,0,0,0,0,0,11,11,1,1
517,2007,12,30,6,39444.25,52.456421580200406,-128.08877288097534,230,461,995.8440229669396,997.8440229669396,2.0,17.860053612357177,9.82355068459903,127.72384924875728,51250,3.0119931201386496,26.318528379968765,18.362734117063926,16.43459079738656,24.64316901154408,0,0,0,0,0,9,9,1,1
517,2007,12,30,9,39444.375,54.13671491199328,-130.6210313922476,240,462,999.9648120601385,999.9648120601385,0.0,15.137701616258939,2.2956093987686472,14.104739588693906,625,4.1207890931988365,35.22835353120476,-54.98412541072862,62.28003125668325,83.07861542247906,0,0,0,3,0,11,11,1,1
517,2007,12,30,12,39444.5,54.46940686726749,-130.58137953301085,241,461,1003.463134169657,1003.463134169657,0.0,13.591028334680228,3.0205463599763607,14.104739588693906,625,3.4983221095184853,29.782412923317008,0.8540950827525463,12.331219187316531,12.360762316945726,0,0,0,0,0,9,9,1,1
517,2007,12,30,15,39444.625,55.906257130333266,-134.18926478073763,252,464,,,,12.17656936629868,,0.0,0,1.8596978519852565,,-74.95152301246769,53.25681986693821,91.94574304571135,0,3,3,0,0,9,9,0,0
526,2007,12,27,18,39441.75,59.26701208069027,-178.5203642291032,356,495,979.845001829761,983.845001829761,4.0,22.580014801170012,12.355520053381987,156.42912932180792,76875,-1.1705871931355796,-9.435156471151382,24.021633447026627,-0.3819024067035946,24.024669048949548,2,0,0,2,0,12,12,1,1
526,2007,12,27,21,39441.875,59.2601447379132,-178.09788722534307,355,495,979.4042838681644,985.4042838681644,6.0,23.580036705013406,12.723295732176412,220.774095676764,153125,-0.4407179615966743,-3.5525241671692553,8.003993170520044,-0.2545378921131212,8.008039473694726,0,0,0,0,0,15,15,1,1
526,2007,12,28,0,39442.0,59.22925868608368,-176.83187962440624,352,495,978.7213678091523,984.7213678091523,6.0,23.371030856789567,13.717613663563244,218.96444142013897,150625,-0.6829160590120591,-5.506592351838112,24.00642977841707,-1.144790755841185,24.033710004506776,0,0,0,0,0,16,16,1,1
526,2007,12,28,3,39442.125,59.41499407287438,-175.53614881803162,349,494,977.7613902590919,985.7613902590919,8.0,23.5236021536422,13.819768173963748,280.32615495458737,246875,-0.9599775500604301,-7.725764981613155,24.43613565174886,6.884277569830082,25.387359123176584,0,0,0,0,0,19,19,1,1
526,2007,12,28,6,39442.25,59.838392858952155,-174.6106882400266,347,492,977.350103849079,987.350103849079,10.0,24.00102010222575,11.258383238271053,361.8078781523198,411250,-0.4112864100128354,-3.295671253770623,17.234668067313237,15.69326565310463,23.3090619770376,0,0,0,0,0,15,15,1,1
526,2007,12,28,9,39442.375,60.25306029579853,-173.6598082540901,345,490,977.4438372147699,987.4438372147699,10.0,23.869865656363324,11.055551111818495,364.54681109801606,417500,0.0937333656908595,0.7479669090911237,17.48703919891943,15.369638407339664,23.281372913058956,0,0,0,0,0,15,15,1,1
526,2007,12,28,12,39442.5,60.68734233432467,-173.1220650210479,344,488,977.8501815154308,989.8501815154308,12.0,23.746218839473702,9.611377711675159,452.01234296667235,641875,0.4063443006608577,3.228625421979958,9.757909306824548,16.096653138988017,18.823364107329645,0,0,0,0,0,16,16,1,1
526,2007,12,28,15,39442.625,61.34809309133958,-172.51004731536756,343,485,978.7882625766018,992.7882625766018,14.0,23.266207382588757,8.658796887131393,540.2317807152436,916875,0.9380810611711058,7.406101127377603,10.876846811293648,24.490710652203262,26.797401083058244,0,0,0,0,0,18,18,1,1
526,2007,12,28,18,39442.75,61.77537395462131,-171.93485881927077,342,483,979.6248777900161,993.6248777900161,14.0,23.406659961484994,8.340018534409756,534.3071955074976,896875,0.8366152134141884,6.578411617393656,10.082515725674671,15.837154749745249,18.774253485181656,0,0,0,0,0,17,17,1,1
526,2007,12,28,21,39442.875,62.427604084573446,-171.2717035864177,341,480,981.3945681515747,995.3945681515747,14.0,22.711154285410373,8.101288716011695,548.0921045645088,943750,1.7696903615587507,13.831684784464988,11.377193182412261,24.174893818466124,26.718271198639325,0,0,0,0,0,18,18,1,1
526,2007,12,29,0,39443.0,62.65580919086027,-171.1998021236195,341,479,983.2240201772665,997.2240201772665,14.0,21.820007698595752,9.018375582883236,569.8035485213009,1020000,1.8294520256917166,14.269211085384079,1.2241390668314893,8.458416684492306,8.54653902251905,0,0,0,0,0,16,16,1,1
526,2007,12,29,3,39443.125,63.30234808485845,-170.49780599638342,340,476,984.9234149986085,998.9234149986085,14.0,21.050835914759823,7.712751669267672,587.6786762418839,1085000,1.6993948213419936,13.178740871200716,11.690030892509673,23.96394829699403,26.663226366080185,0,0,0,0,0,17,17,1,1
526,2007,12,29,6,39443.25,63.756702796731304,-170.33493348775565,340,474,986.899465953197,1000.899465953197,14.0,20.2893687138347,6.489031640491956,630.3098656162251,1248125,1.9760509545885725,15.263807554598321,2.6694032190926817,16.840646285770596,17.050896776080176,0,0,0,0,0,14,14,1,1
526,2007,12,29,9,39443.375,64.21038614240646,-170.16643603579288,340,472,989.1897816148706,1001.1897816148706,12.0,19.113510873178292,7.468078045796793,534.3071955074976,896875,2.2903156616735214,17.623071684527027,2.717152161434668,16.815762114069,17.03387129648887,0,0,0,0,0,14,14,1,1
526,2007,12,29,12,39443.5,64.17011777040787,-169.67274610980573,339,472,990.8765088530874,1002.8765088530874,12.0,18.63468394141567,9.712568821237655,509.1400726331846,814375,1.6867272382168448,12.983110117918892,7.972693126665184,-1.4925462234931093,8.11119781051096,0,0,0,0,0,11,11,1,1
526,2007,12,29,15,39443.625,64.39637657564383,-169.5821442507333,339,471,992.6958214912466,1002.6958214912466,10.0,17.66896182603444,9.73304076637287,427.81793388739516,575000,1.819312638159172,13.977040393774901,1.451202614573252,8.386277083632335,8.510912545197554,0,0,0,0,0,14,14,1,1
526,2007,12,29,18,39443.75,64.53465740538829,-168.490778661791,337,470,994.8266183230762,1004.8266183230762,10.0,16.098645177475504,8.594685141379305,437.24692724951115,600625,2.130796831829648,16.35118413355096,17.392490891715315,5.125375573261912,18.13196663865754,0,0,0,0,0,15,15,1,1
526,2007,12,29,21,39443.875,64.71259902666557,-167.887377074015,336,469,996.9149471929786,1006.9149471929786,10.0,15.185634933286831,9.272400387770249,466.7368941459757,684375,2.088328869902325,16.001706303152936,9.553403873100898,6.59540184164689,11.608912568168408,0,0,0,0,0,14,14,1,1
526,2007,12,30,0,39444.0,64.93719398460563,-167.77908066806958,336,468,998.9539945382293,1006.9539945382293,8.0,14.354637946502853,9.984056155021172,371.0377686630964,432500,2.0390473452507285,15.595328455460924,1.7003778007548913,8.324606624293969,8.496491047164062,0,0,0,0,0,15,15,1,1
526,2007,12,30,3,39444.125,64.88758146228928,-167.27564431457765,335,468,1000.9386104084581,1008.9386104084581,8.0,13.035249911321532,10.658905738133399,396.94255713009204,495000,1.9846158702287358,15.18517266588844,7.919141626761455,-1.838886926539008,8.129840664693383,0,0,0,0,0,13,13,1,1
526,2007,12,30,6,39444.25,65.1115626938326,-167.1611837200992,335,467,1003.2982544417764,1009.2982544417764,6.0,12.197967418571617,8.261780495150452,320.7084064584796,323125,2.359644033318327,18.02179631102479,1.7854587959574937,8.301858870405598,8.491685569790848,0,0,0,0,0,11,11,1,1
526,2007,12,30,9,39444.375,65.05954857124897,-166.65554901025965,334,467,1005.3613503082913,1009.3613503082913,4.0,11.067869531971855,7.251322474633634,230.04134101951155,166250,2.0630958665149226,15.763553467701797,7.902753130813952,-1.9279021817223962,8.134513745079031,0,0,0,0,0,13,13,1,1
526,2007,12,30,12,39444.5,65.05954857124897,-166.65554901025965,334,467,1008.0645260601226,1012.0645260601226,4.0,9.614579278778676,5.561731116154769,277.472888262447,241875,2.7031757518312953,20.6542294947104,0.0,0.0,0.0,0,0,0,0,0,11,11,1,1
526,2007,12,30,15,39444.625,65.00556086261435,-166.15202238084,333,467,1009.589785152712,1011.589785152712,2.0,8.412781399236302,4.851230909566438,165.69317331547472,86250,1.5252590925894038,11.659203356032059,7.885747539029883,-2.0010531004451573,8.135676232503174,0,0,0,0,0,10,10,1,1
526,2007,12,30,18,39444.75,64.78245648148773,-166.27480548231708,333,468,1011.1480284898187,1013.1480284898187,2.0,7.582282556376262,5.020027934433092,176.1681409986482,97500,1.5582433371066873,11.933090106783878,-1.938961848194037,-8.26935843115115,8.49363655400928,0,0,0,0,0,12,12,1,1
526,2007,12,30,21,39444.875,64.78245648148773,-166.27480548231708,333,468,,,,7.582282556376262,,0.0,0,0.0,,0.0,0.0,0.0,0,3,0,0,0,12,12,0,0
532,2007,12,27,18,39441.75,48.238169731031995,109.72786323718361,531,421,1009.8760213677259,1023.8760213677259,14.0,24.319256359722267,14.419378225488908,551.7099135082221,956250,,,,,,3,0,0,0,0,10,10,1,1
532,2007,12,27,21,39441.875,45.61101904523677,110.7818231154093,540,428,1011.26068785388,1020.2197828408255,8.959094986945566,18.85121313638033,15.276614801953475,461.809077155419,670000,1.3846664861540194,13.42450858394171,27.32678133839453,-97.37527593040075,101.13702260220097,0,0,0,1,0,11,12,2,0
532,2007,12,28,0,39442.0,45.875861616246006,113.1594005200929,536,435,1011.6158471613161,1021.7922215445569,10.176374383240908,17.61984624097519,13.567781559913564,455.0828163074594,650625,0.35515930743611535,3.427838633447472,61.35159727553823,9.81638341857598,62.13195531834101,0,0,0,0,0,13,14,2,0
532,2007,12,28,3,39442.125,46.26656825106376,115.01689347810004,532,440,1010.6640683772235,1020.0557219567827,9.39165357955906,17.65539238106891,15.734947377118733,424.315954652552,565625,-0.9517787840924575,-9.12599823122404,47.59377156185948,14.481531866034446,49.74818445601241,0,0,0,0,0,14,13,2,0
532,2007,12,28,6,39442.25,46.500015055923505,116.49740566008687,529,444,1008.9564347139697,1016.9564347139697,8.0,16.79309478753487,9.44523336667313,402.4178855319474,508750,-1.707633663253946,-16.309964322537695,37.77299567937921,8.652700113928292,38.751366709523616,0,0,1,0,0,10,10,1,1
532,2007,12,28,9,39442.375,46.927373010498734,117.45275741527654,526,446,1010.2459127690065,1016.2459127690065,6.0,15.854521110463576,11.099602715936708,334.3745617149374,351250,1.2894780550368887,12.229849581645858,24.182280937231734,15.840012136653877,28.908280748196415,0,0,0,0,0,11,11,1,1
532,2007,12,28,12,39442.5,46.23984209015097,119.05460409907714,526,452,1012.3549154953857,1014.3549154953857,2.0,12.831295123457476,4.928610606637594,223.90579955406923,157500,2.109002726379258,20.230909569866675,41.063700774278736,-25.48331675131183,48.32832455121107,0,0,0,0,0,10,10,1,1
532,2007,12,28,15,39442.625,45.306090053293495,120.45806993195981,527,458,1011.7803951079876,1011.7803951079876,0.0,11.686574597383224,5.3586655225461435,14.104739588693906,625,-0.5745203873982245,-5.5992942343510705,36.585796630411785,-34.609496414191476,50.362066648676986,0,0,0,0,0,13,13,1,1
532,2007,12,28,18,39442.75,44.469875220565335,121.56004840625201,528,463,1011.2053055098878,1011.2053055098878,0.0,9.562918778741054,5.344243583284406,14.104739588693906,625,-0.5750895980997303,-5.687570793166682,29.14740335175865,-30.99428232809992,42.5466409859119,0,0,0,0,0,13,13,1,1
532,2007,12,28,21,39442.875,44.56741749992558,123.0056108024539,525,467,1009.888142524707,1009.888142524707,0.0,9.140861445213735,4.730381540667659,14.104739588693906,625,-1.3171629851809121,-13.00405908535278,38.17105612240245,3.6154021994019914,38.341891692547435,0,0,0,0,0,16,16,1,1
532,2007,12,29,0,39443.0,48.049657197848546,125.21006890001362,509,465,,,,13.28738052430665,,0.0,0,-2.173563637873303,,54.61893777888371,129.0691292564382,140.15016407806564,0,3,3,0,0,14,14,0,0
537,2007,12,22,0,39436.0,59.49786851258381,-12.228590733325674,331,228,1005.0733762478715,1005.0733762478715,0.0,8.533716734323756,10.414342710965284,14.104739588693906,625,,,,,,3,0,0,0,0,1,1,1,1
537,2007,12,22,3,39436.125,60.73037323624933,-11.83157917874052,333,233,1001.6555342816467,1001.6555342816467,0.0,10.158169127234446,11.901100746224692,14.104739588693906,625,-3.417841966224805,-27.145165653840895,7.194557443443778,45.682757445686846,46.2458212668828,0,0,0,0,0,2,2,1,1
537,2007,12,22,6,39436.25,62.68254699150298,-11.2169199266474,336,241,998.7658723483131,1000.7658723483131,2.0,11.250992503141264,12.62149279948615,113.71604603668075,40625,-2.8896619333335547,-22.533114870892405,10.455232320980278,72.35727250428735,73.10873249582,0,0,0,0,0,3,3,1,1
537,2007,12,22,9,39436.375,63.901804751194874,-10.726294466125237,338,246,996.6990100583819,998.6990100583819,2.0,12.431721672438606,14.08755460265107,105.5502061411188,35000,-2.066862289931305,-15.945413506704684,7.999768797531261,45.191759049916094,45.89435027146182,0,0,0,0,0,2,2,1,1
537,2007,12,22,12,39436.5,64.66339570711257,-10.007979801441337,340,249,995.0986428498876,997.0986428498876,2.0,13.203507654471963,16.159138858241132,92.49096275414898,26875,-1.6003672084942808,-12.267708199479678,11.393425165115865,28.228350158809334,30.44092458650766,0,0,0,0,0,3,3,1,1
537,2007,12,22,15,39436.625,66.58741356743619,-9.144771653784284,343,257,992.6977490841521,994.6977490841521,2.0,13.689964050705264,11.057277812956453,126.15662610100802,50000,-2.4008937657355274,-18.126263028109474,12.713011748303215,71.31367494716851,72.43797969423846,0,0,0,0,0,3,3,1,1
537,2007,12,22,18,39436.75,68.0132346742188,-8.545281895300844,345,263,989.9718909961646,991.9718909961646,2.0,14.824798083403698,9.4370780649293,131.56025258885612,54375,-2.7258580879874352,-20.3665507183991,8.318994242069715,52.84802445898527,53.498778999310765,0,0,0,0,0,3,3,1,1
537,2007,12,22,21,39436.875,69.36539925135367,-9.102622488291916,345,269,986.0336347171678,990.0336347171678,4.0,16.18948473975591,11.777332313423903,157.69578262626,78125,-3.9382562789967053,-29.15545288001074,-7.279930900099702,50.117946988627345,50.6439137929237,0,0,0,0,0,6,6,1,1
537,2007,12,23,0,39437.0,70.30022043313146,-8.870555856759141,346,273,980.449454492382,988.449454492382,8.0,19.195891999682146,23.733350045723782,191.3259964331453,115000,-5.5841802247859595,-41.09346000373993,2.899506792921354,34.6491242445205,34.77023080962241,0,0,0,0,0,6,6,1,1
537,2007,12,23,3,39437.125,71.04097436981033,-7.841703215103066,348,276,974.93647483907,986.93647483907,12.0,22.492161415757884,36.08875158308867,228.30515513802078,163750,-5.512979653311922,-40.385933492930604,12.389407957078554,27.456026550225403,30.121932598251455,0,0,0,0,0,4,4,1,1
537,2007,12,23,6,39437.25,71.9994982541912,-6.814352889409749,350,280,970.9970321847289,984.9970321847289,14.0,24.68551104349733,35.98486865431645,233.47498368984665,171250,-3.93944265434111,-28.697912811761444,11.767144522520459,35.527664336928794,37.42566797602102,0,0,0,0,0,5,5,1,1
537,2007,12,23,9,39437.375,72.76308079885081,-4.112228844718457,354,283,968.8323761596386,984.8323761596386,16.0,27.188764497955717,30.72859337863192,277.83114908082075,242500,-2.1646560250903715,-15.70240943057249,29.675526214719852,28.30216834683046,41.00792105499689,0,0,0,0,0,3,3,1,1
537,2007,12,23,12,39437.5,74.1559335473467,-2.03091423685311,357,289,967.1194733460748,983.1194733460748,16.0,27.54220971036839,21.009627599877277,293.16150714175194,270000,-1.7129028135637054,-12.336004630853688,21.060765489369178,51.626053065224326,55.7566605715547,0,0,0,0,0,4,4,1,1
537,2007,12,23,15,39437.625,75.2954572613127,-0.43736386752073253,359,294,965.1713321163589,981.1713321163589,16.0,27.968847752761643,18.659162240052027,317.59163273689796,316875,-1.9481412297158385,-13.95414983431084,14.992266588638774,42.236418594728406,44.81833456492927,0,0,0,0,0,3,3,1,1
537,2007,12,23,18,39437.75,76.19459014797918,1.3971810272963767,361,298,963.4892974665196,975.4892974665196,12.0,28.60614358757799,17.948220303987547,247.13500240053986,191875,-1.6820346498393337,-12.000140925756027,16.22522703048941,33.32633845886329,37.06619520891825,0,0,0,0,0,3,3,1,1
537,2007,12,23,21,39437.875,76.86318959017058,2.447048642323615,362,301,961.9301664127802,979.9301664127802,18.0,28.96810945642844,15.744288188203209,623.3273656940545,1220625,-1.559131053739402,-11.092259558029433,8.84398487614266,24.78162197635479,26.312446793644842,0,0,2,0,0,4,4,1,2
537,2007,12,24,0,39438.0,77.54667552188401,1.5481576989779677,361,304,959.2897265850266,979.2897265850266,20.0,29.838306475001836,22.11921890121048,644.8195785082651,1306250,-2.64043982775358,-18.734283903637063,-7.184627887780417,25.33338934648753,26.3324798237196,0,0,0,0,0,6,6,1,2
537,2007,12,24,3,39438.125,77.76356711899841,2.626405638290746,362,305,956.950973979791,978.243134450145,21.29216047035399,31.2737214507419,20.209711289472907,653.7056082073482,1342500,-2.3387526052356407,-16.58002973087864,8.47036266377264,8.039081743652503,11.677922714976345,0,0,0,0,0,4,3,2,0
537,2007,12,24,6,39438.25,77.1315193121818,14.641884541233367,374,304,951.5491162506762,987.5491162506762,36.0,40.276068475176515,16.499588557017777,948.7993185408245,2828125,-5.401857729114854,-38.3893607228903,99.01369412799501,-23.426836504942496,101.74737487277723,0,0,1,0,0,2,2,1,2
537,2007,12,24,9,39438.375,77.87136101576114,17.764853300697478,376,308,949.390173221782,991.390173221782,42.0,42.81308372810446,11.937656265597324,1070.938984562599,3603125,-2.1589430288941367,-15.299097347960645,24.31761966055846,27.422214652696788,36.65139127528664,0,0,0,0,0,2,2,1,1
537,2007,12,24,12,39438.5,79.07074540081925,21.037511025421814,377,314,947.1229430753624,991.1229430753624,44.0,45.5749437428347,10.110754122713843,1040.0272986745558,3398125,-2.2672301464196063,-15.998002438354062,22.995262948247657,44.455152905054796,50.05040197511758,0,0,0,0,0,2,2,1,1
537,2007,12,24,15,39438.625,80.28127060160331,20.94265054998827,375,319,945.2622894513054,991.2622894513054,46.0,47.45010284040724,8.296768005506747,1039.3575786206784,3393750,-1.860653624057013,-13.078687335743528,-0.5935416764484228,44.868086967524775,44.87201265652175,0,0,0,0,0,3,3,1,1
537,2007,12,24,18,39438.75,80.57051859856952,20.157610894544817,374,320,943.6078499662472,991.6078499662472,48.0,48.76475999424781,10.189269793729764,1038.7831891992912,3390000,-1.6544394850582467,-11.61929296369849,-4.767107280420418,10.720969934914788,11.733051954559144,0,0,0,0,0,2,2,1,1
537,2007,12,24,21,39438.875,80.92966133362735,17.98733465206146,372,321,944.1500583845115,992.1500583845115,48.0,48.29123792732216,13.225285819307173,1038.0168422198801,3385000,0.5422084182643448,3.804098267849414,-12.680570095870133,13.31161669322689,18.3846674417481,0,0,0,0,0,2,2,1,1
537,2007,12,25,0,39439.0,80.99648457531522,16.63095370672142,371,321,946.5192893989065,994.5192893989065,48.0,45.82263738739245,16.14789674959582,1115.434340345003,3908750,2.3692310143950452,16.619284482612315,-7.867489141779784,2.476801819211543,8.248147225145319,0,0,0,0,0,2,2,1,1
537,2007,12,25,3,39439.125,80.78106395888415,16.232350661156207,371,320,948.6466201627109,994.6466201627109,46.0,43.30758183664973,18.41918080239775,1107.6487112616744,3854375,2.127330763804348,14.931443789104938,-2.3669338145219445,-7.9845598805927995,8.327999289691343,0,0,0,0,0,2,2,1,1
537,2007,12,25,6,39439.25,80.78106395888415,16.232350661156207,371,320,951.8595712154644,993.8595712154644,42.0,40.45271990649568,17.433301269099903,1070.0097531645786,3596875,3.2129510527534877,22.55126417461353,0.0,0.0,0.0,0,0,0,1,0,3,3,1,2
537,2007,12,25,9,39439.375,80.5013639489124,17.15242174021184,372,319,955.7206138989185,993.3138995420599,37.59328564314128,37.25912462391208,18.97053701415338,1032.636489145962,3350000,3.861042683454143,27.12194296951719,5.627661952862122,-10.367074030430599,11.796050313902551,0,0,0,0,0,4,5,2,0
537,2007,12,25,12,39439.5,79.89007688074452,31.39945748334126,383,321,958.6279249747176,994.6279249747176,36.0,35.68869932373227,9.048999143253459,1056.5382066498025,3506875,2.90731107579908,20.46013066569011,92.46392800948908,-22.657340234564728,95.19943828326302,0,0,1,0,0,3,3,1,1
537,2007,12,25,15,39439.625,79.05691205078246,43.339717631017194,393,324,960.6276663485772,994.6276663485772,34.0,34.323714085261514,7.586645127179654,1042.1293311884665,3411875,1.9997413738595788,14.11120963309536,83.86740753259711,-30.881234050152447,89.37221415349975,0,0,0,0,0,4,4,1,1
537,2007,12,25,18,39439.75,79.37483153625357,43.29018595585847,392,325,961.8007831716325,991.8007831716325,30.0,33.91871964832838,7.246855165595697,934.1129350893906,2741250,1.1731168230553157,8.269374744964189,-0.338507157085911,11.783677955278154,11.788539063391474,0,0,0,0,0,3,3,1,1
537,2007,12,25,21,39439.875,79.37483153625357,46.70981404414154,394,327,962.8880133040957,990.8880133040957,28.0,33.70391407745979,6.577175910994339,886.917868932458,2471250,1.0872301324631553,7.663954026282811,23.36691924743143,0.0,23.36691924743143,0,0,0,0,0,2,2,1,1
537,2007,12,26,0,39440.0,79.33694353593377,50.117314849972644,396,329,964.6035320703373,990.6035320703373,26.0,32.36433964228106,6.26702711036327,864.5411508397466,2348125,1.7155187662417302,12.094303368570545,23.366144862323534,-1.4043178054227203,23.408306949151957,0,0,0,0,0,5,5,1,1
537,2007,12,26,3,39440.125,79.47971833720105,51.05419189411484,396,330,965.775862746238,987.775862746238,22.0,31.303790609178975,6.46353598724374,769.322718124836,1859375,1.1723306759005936,8.261009961748647,6.3402054240892385,5.291944517868673,8.258503593257734,0,0,0,0,0,5,5,1,1
537,2007,12,26,6,39440.25,79.47971833720105,51.05419189411484,396,330,967.0705231455587,989.0705231455587,22.0,30.498858858028434,6.925373038189137,793.5091326552649,1978125,1.29466039932071,9.123025333832306,0.0,0.0,0.0,0,0,0,0,0,6,6,1,1
537,2007,12,26,9,39440.375,79.30390025792116,51.80905017961341,397,330,969.2094195142411,991.2094195142411,22.0,29.095660382541734,6.1881026973691045,825.2176759827963,2139375,2.1388963686823264,15.080729882045917,5.192822079846086,-6.516692809437999,8.33262781633249,0,0,0,0,0,5,5,1,1
537,2007,12,26,12,39440.5,78.8967796294844,54.86580694308437,400,331,971.2606107208263,991.2606107208263,20.0,27.45038854142076,3.964993084453963,798.5076648109934,2003125,2.051191206585354,14.482148697548405,21.816229448896202,-15.089916138170933,26.52646671579005,0,0,0,0,0,8,8,1,1
537,2007,12,26,15,39440.625,78.6496456076304,57.094757077012105,402,332,973.3797447819343,991.3797447819343,18.0,25.72793732827535,3.5443664282073586,778.0653023916417,1901875,2.1191340611079066,14.974664855494819,16.258490870793487,-9.16001647714292,18.66130829436149,0,0,0,0,0,9,9,1,1
537,2007,12,26,18,39440.75,78.49949098623513,60.185837262201325,404,334,975.0200162451572,991.0200162451572,16.0,24.654041055205333,4.404836049139412,730.7289744312244,1677500,1.640271463222889,11.59696713143693,22.840083411697098,-5.565477370463022,23.508380391137475,0,0,0,0,0,6,6,1,1
537,2007,12,26,21,39440.875,79.11234952177557,61.05998730716064,402,336,976.8060208086122,990.8060208086122,14.0,23.217785988728313,5.865572160179072,684.0435166640879,1470000,1.7860045634550625,12.600620720842285,6.119843591346079,22.71558663430362,23.525525748069754,0,0,0,0,0,5,5,1,1
537,2007,12,27,0,39441.0,81.50834039152137,53.58362148011395,390,337,978.8342739026382,990.8342739026382,12.0,22.625452576470177,5.101308889481151,652.9443343864887,1339375,2.028253094026004,14.207905663510424,-40.89137198529874,88.80734300080533,97.76936367647465,0,0,0,0,0,6,6,1,1
537,2007,12,27,3,39441.125,81.82209192911196,53.91492695714787,389,338,979.1662071278981,989.1662071278981,10.0,22.908363720984404,6.737179161611493,530.0079948049796,882500,0.33193322525985425,2.3233263970387266,1.7467700489101639,11.629193069001412,11.75964867842063,0,0,0,0,0,6,6,1,1
537,2007,12,27,6,39441.25,81.82209192911196,53.91492695714787,389,338,980.3185803894748,992.3185803894748,12.0,22.0140121631236,7.733421376128535,655.5290583552475,1350000,1.1523732615767222,8.065897036269432,0.0,0.0,0.0,0,0,0,0,0,7,7,1,1
537,2007,12,27,9,39441.375,81.82209192911196,53.91492695714787,389,338,981.7525848181374,993.7525848181374,12.0,21.16665412841571,7.7799375892104585,676.4395474757513,1437500,1.4340044286625926,10.037140271131475,0.0,0.0,0.0,0,0,0,0,0,6,6,1,1
537,2007,12,27,12,39441.5,82.38221445025437,48.57633437499735,385,337,982.6298672972849,994.6298672972849,12.0,20.67533063974132,9.133653571388349,675.1147815589695,1431875,0.8772824791475432,6.132110628786356,-26.22176874165998,20.760927550131413,33.44543718779741,0,0,0,0,0,4,4,1,1
537,2007,12,27,15,39441.625,82.39542068736408,46.19348942398204,384,336,983.6988346634826,995.6988346634826,12.0,19.171559327064024,9.920687993699904,702.9765986861405,1552500,1.0689673661976122,7.471737338889093,-11.687065583719608,0.4894888555553207,11.697311712435308,0,0,0,0,0,8,8,1,1
537,2007,12,27,18,39441.75,82.23841930729459,45.0,384,335,985.0134836072953,997.0134836072953,12.0,17.572704443534104,9.170502189073595,739.1206546721115,1716250,1.3146489438126445,9.192369844050656,-5.974107593000082,-5.819252313307238,8.33988363340118,0,0,0,0,0,7,7,1,1
537,2007,12,27,21,39441.875,81.92106318094082,45.0,385,334,986.533898442811,996.533898442811,10.0,15.774505830037763,6.993225122275618,681.4209759543689,1458750,1.5204148355158396,10.639334226259843,0.0,-11.762797063369865,11.762797063369865,0,0,0,0,0,6,6,1,2
537,2007,12,28,0,39442.0,81.60364003394758,45.0,386,333,988.2434150787058,995.5957739448797,7.352358866174036,13.499133033869164,5.767012794510956,608.1416767578027,1161875,1.709516635894688,11.972201382166944,0.0,-11.765281181732554,11.765281181732554,0,0,0,0,0,8,10,2,0
537,2007,12,28,3,39442.125,81.50834039152137,53.58362148011395,390,337,989.157659553532,996.1392886935615,6.981629140029545,13.507449863666043,4.2519547090871495,619.1643313148803,1204375,0.9142444748262641,6.404279273615473,46.93704811639057,-3.532278916278492,47.06977246835542,0,0,0,0,0,9,10,2,0
537,2007,12,28,6,39442.25,81.28614720046373,45.0,387,332,990.0588572532308,994.2158835071599,4.157026253929071,10.78276215872908,4.041094369999482,487.1753369022173,745625,0.9011976996988232,6.316591418991205,-48.155895308067535,-8.235585193524562,48.85504187288516,0,0,0,0,0,6,7,2,0
537,2007,12,28,9,39442.375,80.80840240831682,44.012239600360196,388,330,991.1871131163617,994.9520466000806,3.7649334837189237,8.818926290801947,5.601461895754692,490.0255303449986,754375,1.1282558631309074,7.918461326695824,-5.848089926552785,-17.707599039198428,18.648303395270823,0,0,0,0,0,8,9,2,0
537,2007,12,28,12,39442.5,74.65404483287914,73.42120922452686,425,340,988.9539135525224,990.9539135525224,2.0,13.408706943902201,10.452236894161542,100.72798827589244,31875,0.0018669524417782668,0.013412855063821685,7.848553482225748,2.446393984619255,8.220987488820256,0,0,0,2,2,8,8,1,1
537,2007,12,28,15,39442.625,74.55843035172614,75.25643716352927,426,342,989.8540793332592,991.8540793332592,2.0,12.536675610276177,7.9575723798634135,111.06083058226194,38750,0.9001657807367155,6.470085495504442,18.110694675474978,-3.543948405988227,18.454181963245734,0,0,0,0,0,8,8,1,1
537,2007,12,28,18,39442.75,74.39491770928512,76.26373169437744,427,343,990.504560090872,992.504560090872,2.0,12.129995661894652,7.058238480698201,119.6826841204298,45000,0.6504807576128223,4.67914210443381,10.04328458876865,-6.060592093895457,11.730231961030693,0,0,0,0,0,8,8,1,1
537,2007,12,28,21,39442.875,74.2749839527336,78.04812486997523,428,345,991.1082783725585,993.1082783725585,2.0,12.065785894474201,6.003923933944971,138.91557454041038,60625,0.603718281686597,4.345312766484815,17.9242313718361,-4.445341753983995,18.467244883328615,0,0,0,0,0,8,8,1,1
537,2007,12,29,0,39443.0,74.32025931475349,78.8510103035582,428,346,991.3667358169994,991.3667358169994,0.0,11.659266431676762,6.227716176942267,14.104739588693906,625,0.2584574444408645,1.85985583148489,8.042588013782618,1.6781301862018196,8.215798371508493,0,0,0,0,0,9,9,1,1
537,2007,12,29,3,39443.125,74.36241491783365,79.65835470552109,428,347,991.5637918680816,991.5637918680816,0.0,11.572129073231853,5.517401881900805,14.104739588693906,625,0.19705605108218152,1.417719922000716,8.066053689492147,1.562496397385572,8.215997633496054,0,0,0,0,0,11,11,1,1
537,2007,12,29,6,39443.25,74.36241491783365,79.65835470552109,428,347,,,,11.572129073231853,,0.0,0,0.0,,0.0,0.0,0.0,0,3,0,0,0,11,11,0,0
544,2007,12,28,9,39442.375,35.45813161582542,130.6676860168115,537,512,1007.8077192973133,1009.8077192973133,2.0,7.689309350100395,5.342136236123333,309.34108930758305,300625,,,,,,3,0,0,0,0,17,17,1,1
544,2007,12,28,12,39442.5,37.732277986498154,133.0188604460346,524,513,1005.233372840782,1009.233372840782,4.0,10.760170515548024,1.7934920956183487,419.3640567770972,552500,-2.574346456531348,-29.144430603377796,68.92029746132464,84.29117962198107,108.88071621835773,0,0,0,0,0,18,18,1,1
544,2007,12,28,15,39442.625,39.16648711894606,133.70644415882774,518,511,1001.694850959519,1009.694850959519,8.0,13.929830516354695,3.7160431144116592,652.3346756780259,1336875,-3.538521881262859,-38.816550608815135,19.759042973874294,53.158926425166975,56.71235524927286,0,0,0,0,0,20,20,1,1
544,2007,12,28,18,39442.75,40.05889539270242,134.6242953553432,513,511,998.6476288126614,1008.6476288126614,10.0,16.51021914099672,6.023154582307034,780.490579497427,1913750,-3.0472221468576755,-32.80392203269698,26.03832587348722,33.0770908457788,42.096179792397045,0,0,0,0,0,20,20,1,1
544,2007,12,28,21,39442.875,41.1113110008674,135.0,509,509,995.5114179436458,1003.5114179436458,8.0,18.728076062313466,6.583542234110209,403.40541557032054,511250,-3.136210869015631,-33.04564756462071,10.491919047457923,39.00775878316451,40.394128417184085,0,0,0,0,0,20,20,1,1
544,2007,12,29,0,39443.0,41.96937062171542,136.3639275316029,503,510,991.2218229727092,1003.2218229727092,12.0,23.48062802502655,12.08214257467982,404.39053404712934,513750,-4.289594970936596,-44.441017814173684,37.58658055814044,31.803958865617858,49.236600589190694,0,0,0,0,0,19,19,1,1
544,2007,12,29,3,39443.125,42.823359689418936,136.98176225295586,499,509,988.2074369414279,1000.2074369414279,12.0,24.925033863735948,14.613984122378024,373.1763325901154,437500,-3.0143860312813193,-30.723904721018663,16.7960525111138,31.653083912849134,35.83329598501875,0,0,0,0,0,21,21,1,1
544,2007,12,29,6,39443.25,43.535894609894925,136.20604877921997,499,505,986.5701998596013,998.5701998596013,12.0,25.236735018883234,10.526575421173256,340.2722749495672,363750,-1.6372370818266062,-16.467719409764328,-20.843340978278835,26.41008940467147,33.6442816166364,0,0,0,0,0,18,18,1,1
544,2007,12,29,9,39443.375,44.22733377597871,136.22321155386314,497,503,984.5994474234711,998.5994474234711,14.0,27.478147759427944,25.997200437364082,331.9861414142728,346250,-1.970752436130133,-19.575104893318557,0.45584232539195585,25.628175783953594,25.632229443394973,0,0,0,0,0,18,18,1,1
544,2007,12,29,12,39443.5,44.74067489316306,136.4423946974919,495,502,985.1116745576568,997.1116745576568,12.0,25.876840382649796,28.822670907368224,297.5398075802073,278125,0.5122271341856686,5.041650906648929,5.770487713863338,19.02697595631673,19.882764961093883,0,0,0,0,0,15,15,1,1
544,2007,12,29,15,39443.625,46.297128194673085,135.8519190649052,492,496,986.3265495129913,996.3265495129913,10.0,25.2054762696542,22.43433798305341,317.9046851862261,317500,1.214874955334526,11.642719618258432,-15.121386274496349,57.68990356236284,59.63875665955194,0,0,0,0,0,18,18,1,1
544,2007,12,29,18,39443.75,46.98151284764655,135.86477628229093,490,494,,,,22.060780710740996,,0.0,0,2.104483560545923,,0.32512042750537395,25.366700428015363,25.36878384741878,0,2,2,0,0,18,20,0,0
548,2007,12,28,15,39442.625,39.51523910987251,-93.28924267849183,142,372,1012.3992217274945,1014.3992217274945,2.0,8.266967196648746,4.5247971224658246,312.22172032673495,306250,,,,,,3,0,0,0,0,10,10,1,4
548,2007,12,28,18,39442.75,41.091433868280944,-89.59365376669096,148,358,1009.1907862801796,1015.1907862801796,6.0,12.0342261522839,2.7649429483810675,555.6622981616415,970000,-3.2084354473148413,-33.82011035744172,103.22651598283761,58.42162017958816,118.6119694902799,0,0,1,0,0,9,9,1,1
548,2007,12,28,21,39442.875,42.52865490264265,-87.63145171227465,154,351,1006.4628182224998,1014.4628182224998,8.0,15.026879053236856,4.417364936355297,582.066220551298,1064375,-2.7279680576798273,-27.960159191394105,53.59564512388735,53.27056249595553,75.56616971159232,0,0,0,0,0,9,9,1,1
548,2007,12,29,0,39443.0,43.22813640716057,-86.74965685466334,157,348,1004.7210334008488,1014.7210334008488,10.0,16.913833370888256,10.353283606286496,580.0118627756624,1056875,-1.7417848216509446,-17.619143129718935,23.81429529158885,25.926264861364988,35.2035775155969,0,0,0,0,0,10,10,1,1
548,2007,12,29,3,39443.125,44.675024505776875,-83.1456703593061,164,336,1002.74061907775,1014.74061907775,12.0,19.942115345437784,3.5563056331096603,585.3042072335587,1076250,-1.980414323098812,-19.515018677257693,94.98298802477755,53.62887199617509,109.07714667013053,0,0,0,0,0,10,10,1,1
548,2007,12,29,6,39443.25,45.82026792297319,-82.37580749554817,169,334,999.6934241477196,1013.6934241477196,14.0,22.153124248262436,9.240790862444118,571.8945777447492,1027500,-3.047194930030382,-29.437878285406665,19.88625542347191,42.44841925510266,46.875702149669564,0,0,0,0,0,9,9,1,1
548,2007,12,29,9,39443.375,46.79997088642778,-80.36246188706906,174,328,999.0153642129823,1015.0153642129823,16.0,22.524687977376445,8.896181987414893,669.0465435572892,1406250,-0.6780599347373937,-6.444364126308788,51.08268883296881,36.31266638493006,62.674164042204396,0,0,0,0,0,9,9,1,1
548,2007,12,29,12,39443.5,48.002306901762346,-78.50603460582057,180,323,998.8131374764212,1014.8131374764212,16.0,22.920352845760164,7.5364327640422575,665.9170069834479,1393125,-0.2022267365611333,-1.8852545177280848,46.038656495362424,44.56455500907925,64.07462411169672,0,0,0,0,0,8,8,1,1
548,2007,12,29,15,39443.625,48.79185715148091,-77.31573231189347,184,320,998.9159766486958,1010.9159766486958,12.0,22.60100597079469,7.547224313822736,436.3359951616183,598125,0.1028391722746892,0.9470563923726261,29.064829284547447,29.26466069988291,41.245419954452615,0,0,0,0,0,9,9,1,1
548,2007,12,29,18,39443.75,49.50172275746063,-75.76740438946258,188,316,998.1972440153867,1010.1972440153867,12.0,21.52440731424075,7.791595631925374,458.7836224616476,661250,-0.7187326333091186,-6.548341421275224,37.26903506727338,26.311151328136624,45.62080291991536,0,0,0,0,0,9,9,1,1
548,2007,12,29,21,39443.875,50.07510827127521,-74.88884023901423,191,314,999.9184565267927,1007.9184565267927,8.0,18.96597789429753,7.836734662112649,341.7307997440064,366875,1.7212125114060473,15.549773711622105,20.89887017544146,21.252520049222053,29.80658288117814,0,0,0,0,0,8,8,1,1
548,2007,12,30,0,39444.0,50.57084549795427,-73.66670550474929,194,311,1002.2790715840205,1008.2790715840205,6.0,16.160474342874217,7.507177681865142,320.39809346229345,322500,2.3606150572276965,21.17374239710476,28.76975506706759,18.374488185184646,34.1367928002405,0,0,0,0,0,5,5,1,1
548,2007,12,30,3,39444.125,50.89028359735497,-72.83572886394585,196,309,,,,13.938429671934815,,0.0,0,1.5388506052795856,,19.428846775404697,11.839965343446345,22.752249698791633,0,2,2,0,0,5,4,0,0
555,2007,12,28,21,39442.875,43.51646267605687,169.8603438328229,395,558,1015.2222833237518,1015.2222833237518,0.0,8.146926704601395,8.61289226234505,14.104739588693906,625,,,,,,3,0,0,0,0,23,23,1,1
555,2007,12,29,0,39443.0,44.4032931780946,172.89292783451185,384,556,1011.3268598380604,1013.3268598380604,2.0,12.074434523904724,13.122407190557063,88.0840704993241,24375,-3.8954234856914263,-38.57098138227048,80.29951377218515,32.87035087341425,86.76676713229966,0,0,0,0,0,22,22,1,1
555,2007,12,29,3,39443.125,45.111183859105786,175.4436415615108,375,554,1008.2460528630726,1010.2460528630726,2.0,14.43927728635728,14.75345311349498,84.62843753216345,22500,-3.0808069749877904,-30.1272145042846,66.71877130699615,26.237950782468523,71.69256939166355,0,0,0,0,0,24,24,1,1
555,2007,12,29,6,39443.25,45.94416536033716,177.45851346021522,368,551,1006.1990158914067,1008.1990158914067,2.0,16.48115884584552,17.36658226528496,70.52369794346953,15625,-2.0470369716658023,-19.734281187595347,51.92884962431385,30.87443897523227,60.413875933761624,0,0,0,0,0,21,21,1,1
555,2007,12,29,9,39443.375,46.95701431661617,179.54164354199958,361,547,1002.2195753192592,1008.2195753192592,6.0,20.541793555935403,23.091872623466042,169.8435557664936,90625,-3.9794405721475776,-37.72413101011468,52.698688156451645,37.54122179848762,64.70313027616345,0,0,0,0,0,20,20,1,1
555,2007,12,29,12,39443.5,47.90379806849572,-178.28320178871013,354,543,996.3074559800066,1008.3074559800066,12.0,25.84979540775896,31.13620378324711,252.31325220201603,200000,-5.912119339252531,-55.20113849457234,-54.04541889562904,35.0925166128354,64.43905668013883,0,0,0,0,0,19,19,1,1
555,2007,12,29,15,39443.625,48.81188621000237,-176.6522512168694,349,539,991.1839421624262,1007.1839421624262,16.0,29.74928212688261,37.1423558856827,278.1889485195882,243125,-5.123513817580387,-47.168523467264784,39.80833285758886,33.65826476054225,52.1304340245825,0,0,0,0,0,21,21,1,1
555,2007,12,29,18,39443.75,48.942937951170784,-174.71875937155488,343,538,990.2312539248135,1006.2312539248135,16.0,30.79268437577573,24.07328742571073,289.4050600838035,263125,-0.9526882376127469,-8.753221606527811,47.06892963314721,4.857429581954136,47.318904879062934,0,0,0,0,0,21,21,1,1
555,2007,12,29,21,39443.875,49.231648956498006,-172.4159886185779,336,536,990.276694149932,1006.276694149932,16.0,30.913091992258856,21.262382627623666,319.7765640827088,321250,0.04544022511850926,0.4156818803131623,55.73299784875709,10.701066352945867,56.75103409013542,0,0,0,0,0,20,20,1,1
555,2007,12,30,0,39444.0,49.962898827571564,-170.29547067879483,330,532,989.2432625133995,1005.2432625133995,16.0,30.2139276658279,16.72257656963193,347.5036878523386,379375,-1.0334316365324776,-9.351570087851407,50.55842804524045,27.103758590955938,57.36521922003413,0,0,0,0,0,20,20,1,1
555,2007,12,30,3,39444.125,50.447810831169456,-168.4951846737412,325,529,988.1210536417223,1006.1210536417223,18.0,30.727825495395276,15.475733597275248,400.93202980407324,505000,-1.1222088716772851,-10.08357796254374,42.48978832870407,17.97325155637762,46.13480122127879,0,0,0,0,0,17,17,1,1
555,2007,12,30,6,39444.25,50.89028359735497,-166.65403372993862,320,526,987.1287212587433,1007.1287212587433,20.0,31.432084417161615,14.447977775195103,461.59363087490163,669375,-0.9923323829789297,-8.860331145075117,43.04657905159507,16.40024225940474,46.06490979273039,0,0,0,0,0,15,15,1,1
555,2007,12,30,9,39444.375,51.411583220288854,-165.42906628717756,317,523,986.2973512126962,1008.2973512126962,22.0,31.478148930604362,12.927364939435574,532.8157559045794,891875,-0.8313700460470863,-7.368932151482861,28.31874390902979,19.32195777732303,34.282492746792286,0,0,0,0,0,17,17,1,1
555,2007,12,30,12,39444.5,51.684370672663846,-164.26568051447327,314,521,986.7564605753581,1008.7564605753581,22.0,30.374234056021788,11.692708570212272,583.2612543782814,1068750,0.45910936266183855,4.054006464984644,26.734355417087123,10.11086025213108,28.58242912359374,0,0,0,0,0,15,15,1,1
555,2007,12,30,15,39444.625,52.00873861365358,-163.41617156862802,312,519,986.8401491267106,1008.8401491267106,22.0,29.4258235807083,9.981838438362102,628.0965810996232,1239375,0.08368855135253397,0.7357034329096045,19.381455525522128,12.022689801399906,22.80758400945785,0,0,0,0,0,14,14,1,1
555,2007,12,30,18,39444.75,51.79934203139273,-162.43146194818263,309,519,987.9747896163942,1009.9747896163942,22.0,28.21374865298632,9.069290331956218,682.4420504501893,1463125,1.134640489683661,10.003209253089997,22.570974624110725,-7.761279201372076,23.86810319912123,0,0,0,0,0,15,15,1,1
555,2007,12,30,21,39444.875,51.87899831305026,-161.67356578125688,307,518,989.6047094349341,1005.6047094349341,16.0,26.18434035307963,7.663473819899591,529.4446557673433,880625,1.6299198185397836,14.353997078550414,17.34142691840863,2.952458131895921,17.590966334658987,0,0,0,0,0,13,13,1,1
555,2007,12,31,0,39445.0,51.648944014606464,-160.7019032287337,304,518,990.0243158759293,1000.0243158759293,10.0,23.920942591582808,7.58326413730916,338.21977373787564,359375,0.4196064409952669,3.707001477376119,22.34613599498795,-8.526956946574861,23.917750493623714,0,0,0,0,0,15,15,1,1
555,2007,12,31,3,39445.125,51.489155932654825,-160.0604423267038,302,518,991.9496743549287,999.9496743549287,8.0,21.15431042392648,6.941040070288873,303.16988576632997,288750,1.9253584789994056,17.04720741575288,14.804215628829514,-5.922541350429086,15.944945795844601,0,0,0,0,0,16,16,1,1
555,2007,12,31,6,39445.25,51.32429347544236,-159.4241498107549,300,518,993.5255401319009,997.5255401319009,4.0,18.640349501178065,5.407436780452772,216.2215635251125,146875,1.5758657769722049,13.984862465293816,14.73797537302504,-6.110622945393795,15.954548908592361,0,0,0,0,0,14,14,1,1
555,2007,12,31,9,39445.375,50.53625314756408,-158.41433476381027,296,520,,,,17.85008675290301,,0.0,0,0.3615307252781349,,23.78916309554432,-29.208695483792887,37.67057436051846,0,2,2,0,0,13,11,0,0
566,2007,12,29,15,39443.625,62.13725162756758,11.948553250418508,385,239,988.6299360384127,988.6299360384127,0.0,14.895991681584968,6.648250522182134,14.104739588693906,625,,,,,,3,0,0,0,0,2,2,1,1
566,2007,12,29,18,39443.75,62.435183011048146,13.523160650416017,388,241,987.7935050986132,989.7935050986132,2.0,16.95870374419639,6.627459158310521,139.62979814050144,61250,-0.8364309397994657,-6.536991104697933,27.00681382020334,11.042819443744467,29.177248910517026,0,0,0,0,0,2,2,1,1
566,2007,12,29,21,39443.875,63.030419017485364,16.308231335381596,393,245,987.3053583336114,991.3053583336114,4.0,18.734783506573905,8.235665907540243,230.4733439183804,166875,-0.48814676500187487,-3.794658912163481,46.81229356332172,22.062408023995562,51.750755322757136,0,0,0,0,0,2,2,1,1
566,2007,12,30,0,39444.0,63.04782419819887,17.827058853083276,396,246,986.4198163524135,992.4198163524135,6.0,20.909296403539884,6.192887192095295,299.8708769569344,282500,-0.8855419811978936,-6.882787738300659,25.51506344789816,0.6451225975575933,25.52321778138776,0,0,0,0,0,1,1,1,1
566,2007,12,30,3,39444.125,63.26334516868888,19.50720452719691,399,248,986.7643852410694,992.7643852410694,6.0,21.928485836582865,6.1237202821918615,310.30427095126595,302500,0.3445688886559219,2.6730340514396356,28.01592771785972,7.9882795013336105,29.132538771685645,0,0,0,0,0,1,1,1,1
566,2007,12,30,6,39444.25,65.31854160557054,25.744922210716165,407,261,988.071524445379,994.071524445379,6.0,20.540868136028443,4.385300972163605,329.8820885393498,341875,1.3071392043096421,9.966645318151512,96.50387727068068,76.17580567973836,122.94613332363022,0,0,0,0,0,2,2,1,1
566,2007,12,30,9,39444.375,65.41947998052778,27.62378490028077,410,263,990.1538277992556,998.1538277992556,8.0,20.226968299568448,4.54890627829227,408.55078823522695,524375,2.082303353876632,15.864280159983753,28.96719130226323,3.741278399663968,29.207795808751243,0,0,0,0,0,4,4,1,1
566,2007,12,30,12,39444.5,66.18924444541389,34.96978668026716,420,273,993.0324361257851,1001.0324361257851,8.0,18.520244350072307,6.285688805514801,452.2323538548359,642500,2.878608326529502,21.7990321441423,109.8608006000922,28.531301068866124,113.50520097852565,0,0,0,0,0,4,4,1,1
566,2007,12,30,15,39444.625,66.42914131135508,36.04752666584584,421,275,995.457091903592,1003.457091903592,8.0,17.91133445550923,8.116524254321412,464.60078730925875,678125,2.4246557778067652,18.327653127626647,15.97368723685892,8.89177147019692,18.2817472857273,0,0,0,0,0,5,5,1,1
566,2007,12,30,18,39444.75,66.15670669697604,36.9241036651617,423,275,999.4942972048053,1003.4942972048053,4.0,16.232004082242714,7.093132052391156,343.47285419209976,370625,4.037205301213398,30.580486197075547,13.133661153984496,-10.097782320438483,16.566781917398483,0,0,0,0,0,6,6,1,2
566,2007,12,30,21,39444.875,65.65227004005028,36.71059561097432,424,273,1004.1034980300439,1004.1034980300439,0.0,14.244957545354154,6.461076580275985,14.104739588693906,625,4.6092008252385135,35.050901995606566,-3.262594843782535,-18.696932354562634,18.979457436548795,0,0,0,2,0,7,7,1,1
566,2007,12,31,0,39445.0,65.65227004005028,36.71059561097432,424,273,,,,14.244957545354154,,0.0,0,0.0,,0.0,0.0,0.0,0,3,0,0,0,7,7,0,0
567,2007,12,29,15,39443.625,42.39731919933631,-70.59849628875439,165,291,1011.7833997815793,1011.7833997815793,0.0,9.637307091621375,4.948854139682517,14.104739588693906,625,,,,,,3,0,0,0,0,7,7,1,1
567,2007,12,29,18,39443.75,43.807373719474036,-68.490507197874,173,286,1007.7162706436873,1009.7162706436873,2.0,12.372328186113611,4.79997225628962,148.60265258063356,69375,-4.067129137892043,-40.705619137596074,56.38449309512358,52.26363631051458,76.88106881405706,0,0,0,0,0,7,7,1,1
567,2007,12,29,21,39443.875,44.566181779947534,-66.87765133025796,178,282,1006.2117279355816,1008.2117279355816,2.0,14.081865921186957,7.669256993790769,133.80930871145785,56250,-1.5045427081057279,-14.854342929734894,42.58932233653191,28.125202207216653,51.03799933659077,0,0,0,0,0,6,6,1,1
567,2007,12,30,0,39444.0,44.86722838609049,-64.15355831789911,183,274,1005.2519796970325,1007.2519796970325,2.0,15.881367251278279,4.740443568053524,144.5305721320277,65625,-0.959748238549073,-9.425440742088128,71.5573675197586,11.158285095552904,72.42212488343215,0,0,0,0,0,4,4,1,1
567,2007,12,30,3,39444.125,46.04677703415273,-61.760110832392805,191,269,1002.4141965441418,1016.4141965441418,14.0,18.184644188315737,6.88912828934619,859.810857492422,2322500,-2.83778315289077,-27.310120479773285,61.57083816211599,43.719941798323404,75.51424648921727,0,0,2,0,0,4,4,1,2
567,2007,12,30,6,39444.25,46.59725674309839,-59.29620438602951,197,263,998.7280487148547,1016.7280487148547,18.0,20.825836899419198,10.706815434519157,904.134711453856,2568125,-3.686147829287074,-35.15060281638841,62.74863858358172,20.403516951843326,65.98253669037831,0,0,0,0,0,4,4,1,2
567,2007,12,30,9,39444.375,46.989251529052865,-57.20046872738079,202,258,995.7501272601139,1005.7501272601139,10.0,23.047329751862055,13.331002873163014,337.6310530587642,358125,-2.9779214547407173,-28.21515118431854,52.9856122372386,14.529277156419038,54.94155985083649,0,0,0,2,0,2,2,1,1
567,2007,12,30,12,39444.5,47.45692123804818,-55.32438800263078,207,254,994.1803406848713,1014.1803406848713,20.0,24.298111922129735,13.151222478917262,735.8836143509202,1701250,-1.569786575242615,-14.761475901093204,47.01583254800856,17.334166328538977,50.10949842582577,0,0,0,0,0,1,1,1,1
567,2007,12,30,15,39444.625,48.11549295098698,-52.78514014329617,214,249,991.8758305764909,1009.8758305764909,18.0,24.96243722990253,11.159719858666577,554.4077775845346,965625,-2.3045101083804913,-21.44564638612449,62.832708215989456,24.4099444368038,67.40767470521081,0,0,0,0,0,2,2,1,1
567,2007,12,30,18,39444.75,48.80387363792952,-50.867506069381356,220,246,988.618855234193,1006.618855234193,18.0,26.02700105486859,14.645497920224443,496.87936712174184,775625,-3.2569753422978103,-29.98831019656853,46.812857399645225,25.514813329368568,53.314625733958245,0,0,0,0,0,4,4,1,1
567,2007,12,30,21,39444.875,48.8960947838854,-49.51991111453518,223,243,987.5453081917153,1005.5453081917153,18.0,26.84268540313272,15.082924483966709,486.3579280430509,743125,-1.0735470424777305,-9.870694949854403,32.8370917643281,3.4181745198806888,33.01451972371044,0,0,0,0,0,5,5,1,1
567,2007,12,31,0,39445.0,50.040870598009654,-44.072214225538325,238,234,986.4858856644048,1002.4858856644048,16.0,25.321741936718187,13.426169125530432,467.58860451522037,686875,-1.0594225273105258,-9.575822691230103,129.65179437467214,42.431087558670214,136.41841875635345,0,0,0,0,0,5,5,1,1
567,2007,12,31,3,39445.125,50.765029227752784,-40.51078006072521,248,229,983.4581949093637,999.4581949093637,16.0,25.91170742879011,17.399097728693523,444.24332232904777,620000,-3.0276907550411125,-27.08182099473722,83.48504964745285,26.84092190443725,87.69372043263854,0,0,0,0,0,5,5,1,1
567,2007,12,31,6,39445.25,51.49339092685071,-38.73942253288244,254,228,982.3823083865632,998.3823083865632,16.0,25.319915809201564,15.906693534269362,464.8148397450838,678750,-1.0758865228004288,-9.525385670318677,40.87632959616501,26.9967085672999,48.98669814063854,0,0,0,0,0,4,4,1,1
567,2007,12,31,9,39445.375,52.603758687846245,-36.06592178443171,263,227,983.5155312105376,997.5155312105376,14.0,22.230764605966773,12.505973518344108,480.8040711568258,726250,1.1332228239743563,9.882502257349023,60.17822927811408,41.155753910794175,72.90552351512962,0,0,0,0,0,4,4,1,1
567,2007,12,31,12,39445.5,53.687802590875584,-33.739933291903775,271,227,984.2329937448419,994.2329937448419,10.0,19.625341327091256,16.32680309734016,391.3906395482003,481250,0.717462534304359,6.168667747996859,51.05157236792033,40.18006075894269,64.96691714887919,0,0,0,0,0,4,4,1,1
567,2007,12,31,15,39445.625,55.02636285591007,-31.155594362684017,280,228,985.3651953770736,991.3651953770736,6.0,16.526039294451945,11.155300392082644,295.86351363515985,275000,1.1322016322317359,9.572822891898904,54.90276861551842,49.61370349327699,73.99887550475317,0,0,0,0,0,4,4,1,1
567,2007,12,31,18,39445.75,57.010615315198365,-28.59471474206556,290,232,986.3809827490891,988.3809827490891,2.0,14.71020443605851,14.416102694374858,124.56968712917198,48750,1.0157873720153292,8.390344316042977,51.67878388606678,73.54626888494886,89.88743166227407,0,0,0,0,0,3,3,1,1
567,2007,12,31,21,39445.875,57.010615315198365,-28.59471474206556,290,232,,,,14.71020443605851,,0.0,0,0.0,,0.0,0.0,0.0,0,3,0,0,0,3,3,0,0
