sid,year,month,day,hour,time,lat,lon,x,y,p_cent,p_edge,depth,p_grad,DsqP,radius,area,Dp,DpDt,u,v,uv,Ege,Ely,Emg,Esp,Erg,id,pid,type,centers
3,1965,8,29,6,23981.25,52.99032211795386,-109.99818832716183,207,415,1001.6149486653939,1009.6149486653939,8.0,17.175791561647856,13.017233348895097,320.39809346229345,322500,-1.861439703443466,-16.15013895589838,0.0,0.0,0.0,2,0,0,2,0,11,11,1,1
3,1965,8,29,9,23981.375,52.84750767779172,-109.5473484392198,206,414,1000.2875880949592,1010.2875880949592,10.0,18.827631378735422,14.738338261741738,381.87133514830504,458125,-1.3273605704346847,-11.538101140424663,10.092018103113029,-5.293413732537823,11.396010632558268,0,0,0,0,0,12,12,1,1
3,1965,8,29,12,23981.5,53.07945337236034,-108.54685449998823,206,411,1000.6706597673802,1012.6706597673802,12.0,18.869103792769625,11.293412642684853,477.48241431401436,716250,0.38307167242106516,3.319700234736854,22.27600549250923,8.597061497693216,23.87739280360024,0,0,0,0,0,11,11,1,1
3,1965,8,29,15,23981.625,53.227434610893745,-107.87324349035548,206,409,1000.6639004330497,1012.6639004330497,12.0,19.015233708984,9.600445667353561,489.4161719368318,752500,-0.006759334330563433,-0.0584631503101195,14.946417500141303,5.48492098783074,15.921047526192375,0,0,0,0,0,14,14,1,1
3,1965,8,29,18,23981.75,54.04684779061141,-107.51645789844379,209,407,1001.2098235576645,1011.2098235576645,10.0,18.282574538049786,3.257091197180489,432.2130429014286,586875,0.5459231246147829,4.672364239615033,7.764260132704469,30.371529470097187,31.34826211708212,0,0,0,0,0,12,12,1,1
3,1965,8,29,21,23981.875,54.199737001142836,-107.97382574485034,210,408,1001.0480659015079,1011.0480659015079,10.0,17.55364841312746,6.227300407359289,430.3679414445194,581875,-0.1617576561565511,-1.3817576370629094,-9.916440190770253,5.666834849928526,11.42141861913344,0,0,0,0,0,13,13,1,1
3,1965,8,30,0,23982.0,54.04684779061141,-107.51645789844379,209,407,999.8475825379387,1011.8475825379387,12.0,18.892128995460713,9.183709857195863,441.548191353528,612500,-1.2004833635692194,-10.274515376412223,9.953093952529949,-5.666834849928526,11.45325702340835,0,0,0,0,0,15,15,1,1
3,1965,8,30,3,23982.125,53.821529147439456,-107.40784368817,208,407,1001.1286596018259,1013.1286596018259,12.0,17.569051619021,8.916121608432514,522.2564348322916,856875,1.2810770638872055,10.995736148693133,2.376429191276246,-8.351429999719254,8.68296025220435,0,0,0,0,0,14,14,1,1
3,1965,8,30,6,23982.25,53.891532401447485,-107.06285717346141,208,406,1001.9481538961409,1011.9481538961409,10.0,16.66992851000543,6.8077308988795995,450.9106782943783,638750,0.8194942943149363,7.027606566600799,7.535524143971892,2.5946688981010655,7.969719619607475,0,0,0,0,0,16,16,1,1
3,1965,8,30,9,23982.375,53.66555573153525,-106.95740911127115,207,406,1003.0770539350295,1013.0770539350295,10.0,15.277847566402391,6.596277776594361,535.0513563075481,899375,1.1289000388886778,9.708935489858295,2.3157349682899864,-8.375819744757717,8.69005091124524,0,0,0,0,0,16,16,1,1
3,1965,8,30,12,23982.5,52.20620139252341,-105.58893567518616,200,404,1003.1332858493834,1013.1332858493834,10.0,14.613622443555357,11.31582000076087,557.6279853681938,976875,0.05623191435384797,0.4930088675221062,31.083338398166617,-54.0909328916133,62.38591946152555,0,0,0,0,0,16,16,1,1
3,1965,8,30,15,23982.625,51.931705069680426,-104.41126503275706,198,401,1004.0459354031933,1014.0459354031933,10.0,13.482753139138484,9.998444858918374,635.026642794686,1266875,0.9126495538098971,8.031514781493748,26.914516161487725,-10.174199494242295,28.773347312324024,0,0,0,0,0,14,14,1,1
3,1965,8,30,18,23982.75,53.6166535392007,-101.38032037412982,203,391,1004.7175500770792,1012.7175500770792,8.0,12.096737141113266,5.624198969141071,596.4153735530181,1117500,0.6716146738859243,5.779751637255678,66.6344774296784,62.452573822722904,91.32621507217395,0,0,0,0,0,10,10,1,1
3,1965,8,30,21,23982.875,52.87370397915722,-101.51702475114739,200,392,1004.9174090868302,1010.9174090868302,6.0,10.768062109795776,4.635151119380753,516.70341302981,838750,0.1998590097509441,1.7366758786899792,-3.0582753167546946,-27.537407276547043,27.706711234419306,0,0,0,0,0,9,9,1,1
3,1965,8,31,0,23983.0,51.13899592589507,-99.98846489091767,192,389,1004.9054888601839,1010.9054888601839,6.0,10.017546589232575,3.3556709740230146,512.0622703772439,823750,-0.0119202266461798,-0.1060599664794133,35.54723935202054,-64.29691157740362,73.46903472853238,0,0,0,0,0,10,10,1,1
3,1965,8,31,3,23983.125,51.99874538410547,-98.81158331144029,195,385,1004.8190915138292,1008.8190915138292,4.0,10.477313158075162,2.0975906127604684,393.1656628928871,485625,-0.08639734635478817,-0.7596198556056427,26.85628227504722,31.866592646134798,41.674208144987084,0,0,0,0,0,11,11,1,1
3,1965,8,31,6,23983.25,52.30382191484405,-98.17915694791752,196,383,1004.6861358774322,1010.6861358774322,6.0,10.811849360180261,3.855072637247504,536.3511532928785,903750,-0.1329556363969459,-1.1641415424115396,14.333441679227326,11.307654152151281,18.256795797633142,0,0,0,0,0,9,9,1,1
3,1965,8,31,9,23983.375,52.33688886280216,-97.83552510648856,196,382,1004.7083174551575,1008.7083174551575,4.0,10.257671254578849,3.500911754089029,398.19356104198965,498125,0.02218157772527775,0.19413234055812578,7.782342806075328,1.2256256175205387,7.878262353183919,0,0,0,0,0,11,11,1,1
3,1965,8,31,12,23983.5,51.27368447796199,-96.26553930670372,191,378,1004.6407329004915,1008.6407329004915,4.0,10.007894698076178,3.244602090173867,402.4178855319474,508750,-0.0675845546661003,-0.6001969337201538,36.403960302368766,-39.407644526825585,53.64895873033406,0,0,0,0,0,12,12,1,1
3,1965,8,31,15,23983.625,51.603637831251504,-94.94759885898979,192,374,1004.7701647357799,1006.7701647357799,2.0,9.340856919952449,1.7253396522731783,276.03519522924046,239375,0.12943183528841473,1.1441781587886284,30.339873710319925,12.229712971718223,32.71198276058446,0,0,0,0,0,13,13,1,1
3,1965,8,31,18,23983.75,50.06277992513839,-91.80528652151317,185,365,1004.5513548090873,1006.5513548090873,2.0,9.58795132326106,8.48308664327611,305.13217088461647,292500,-0.21880992669248372,-1.9771281511036,74.76198408716796,-57.11186061331221,94.08038524243169,0,0,3,0,0,10,10,1,1
3,1965,8,31,21,23983.875,50.79978878376978,-89.8329573843191,188,359,1004.0386956298768,1006.0386956298768,2.0,9.311169566923802,9.497207369722528,326.24357187951614,334375,-0.5126591792106047,-4.583318820923427,46.20291827850322,27.31721532396888,53.67438784472653,0,0,0,1,0,10,10,1,2
3,1965,9,1,0,23984.0,50.79978878376978,-89.8329573843191,188,359,,,,9.311169566923802,,0.0,0,0.0,,0.0,0.0,0.0,0,1,0,0,0,10,10,0,0
4,1965,8,29,12,23981.5,45.71176535499866,39.10107225387528,481,210,1004.5428270480228,1006.5428270480228,2.0,8.152554438115466,5.199403321281206,325.0216815494707,331875,,,,,,3,0,0,0,0,1,1,1,1
4,1965,8,29,15,23981.625,46.01635398692819,38.63643176435778,479,210,1003.2048647568284,1007.2048647568284,4.0,9.192614017992128,3.1074143987955902,457.4808740984068,657500,-1.3379622911942715,-12.882813762915822,-11.95977543619752,11.289570194723312,16.446599151978457,0,0,0,0,0,1,1,1,1
4,1965,8,29,18,23981.75,46.886159854188435,38.7312790438558,477,213,1002.5142298102172,1008.5142298102172,6.0,11.001723793886713,8.887724470860558,517.2806279702045,840625,-0.6906349466112442,-6.554626820960782,2.402677048582913,32.23933320167008,32.32874049956314,0,0,0,0,0,0,0,1,1
4,1965,8,29,21,23981.875,47.62895251759047,35.97036267803489,468,210,1003.4860672836669,1005.4860672836669,2.0,10.541879481054405,4.214363877266224,303.8253889873249,290000,0.9718374734497047,9.113595202437672,-68.96174977575998,27.53159190636864,74.25437014097794,0,0,0,1,0,1,1,1,2
4,1965,8,30,0,23982.0,46.90933840433343,37.20567087948857,473,210,1003.1050142543182,1009.1050142543182,6.0,10.149292230105267,5.171342262218168,711.1362961307047,1588750,-0.3810530293486954,-3.615100856829472,31.279057213890095,-26.672479512001907,41.10718408633668,0,0,2,0,0,1,1,1,2
4,1965,8,30,3,23982.125,46.42081331042642,35.99406834360398,471,206,1003.4563485623673,1009.4563485623673,6.0,9.644036408033058,4.452187475876635,643.1204462307686,1299375,0.3513343080491177,3.360077958121427,-30.957328736437645,-18.10717066033877,35.86399074027459,0,0,0,0,0,1,1,1,2
4,1965,8,30,6,23982.25,46.70365211943191,35.502353641386414,469,206,1003.1855375410425,1009.1855375410425,6.0,9.892271858030234,2.647089898330378,646.6680856312263,1313750,-0.270811021324771,-2.577894107629875,-12.49844348609406,10.483413539866376,16.312971802309374,0,0,0,0,0,1,1,1,2
4,1965,8,30,9,23982.375,46.784548453077235,34.82992158128043,467,205,1002.8999670136786,1004.8999670136786,2.0,9.806554993813013,4.375976905404387,298.54106607209235,280000,-0.28557052736388866,-2.714783354014872,-17.066278619472083,2.9984206285021933,17.327677056745877,0,0,0,2,0,0,0,1,1
4,1965,8,30,12,23982.5,47.32955985201884,33.81824578980333,463,205,1002.7782909111218,1004.7782909111218,2.0,9.788650293137197,1.931148101526487,241.0218957450584,182500,-0.12167610255695763,-1.146521985474509,-25.415054625568697,20.200834175253235,32.465346186306405,0,0,0,0,0,0,0,1,1
4,1965,8,30,15,23982.625,47.930048960534066,33.213696360346894,460,206,1001.1464665933548,1007.1464665933548,6.0,12.163904802616944,4.067877497682275,400.93202980407324,505000,-1.6318243177668774,-15.229952883825831,-15.01389813543052,22.257114124069062,26.8476491774032,0,0,0,0,0,0,0,1,1
4,1965,8,30,18,23982.75,48.524225182323036,32.59258147259926,457,207,1000.0300630936772,1008.0300630936772,8.0,14.512259103748889,5.186160233209303,465.456406426899,680625,-1.11640349967769,-10.323412430162248,-15.24724566776621,22.023127131921655,26.786127549946432,0,0,0,0,0,0,0,1,1
4,1965,8,30,21,23982.875,48.524225182323036,32.59258147259926,457,207,999.1921756678238,1009.1921756678238,10.0,16.258858854442135,6.200255406324431,507.57468822825047,809375,-0.8378874258534051,-7.747966993680098,0.0,0.0,0.0,0,0,0,0,0,0,0,1,1
4,1965,8,31,0,23983.0,48.191967001547646,32.68803819225372,458,206,997.6557331986623,1011.6557331986623,14.0,18.048734858285602,11.116110326786803,651.2663996705965,1332500,-1.5364424691614114,-14.280969923549653,2.358628804608203,-12.315141346124653,12.538972693684139,0,0,0,0,0,0,0,1,1
4,1965,8,31,3,23983.125,48.72648387986974,32.76388849058367,457,208,997.3494333653596,1011.3494333653596,14.0,18.895850600046597,8.983145768798641,604.8614927671413,1149375,-0.30629983330276445,-2.8235692765592906,1.8545451774646424,19.811855025101313,19.89846570343778,0,0,0,0,0,0,0,1,1
4,1965,8,31,6,23983.25,49.18722710189336,32.39723048230131,455,209,997.3149641839808,1011.3149641839808,14.0,19.170651436825587,8.961596436548207,595.2467488851427,1113125,-0.03446918137880857,-0.3155310727955156,-8.882381686121153,17.077436258298317,19.249299560612133,0,0,0,0,0,0,0,1,1
4,1965,8,31,9,23983.375,49.72020729809018,32.47119229084849,454,211,998.135209792708,1012.135209792708,14.0,18.661982051312823,7.691452954956403,620.4482400680349,1209375,0.820245608727273,7.449017083185083,1.772367167727763,19.754897939702516,19.834245082314126,0,0,0,0,0,0,0,1,1
4,1965,8,31,12,23983.5,50.17796670910755,32.092591328734166,452,212,998.4505644786674,1012.4505644786674,14.0,17.905578618460023,9.53762076920415,635.8093703724522,1270000,0.31535468595931887,2.844707313567464,-8.986689690737135,16.966841376310814,19.19985150688655,0,0,0,0,0,0,0,1,1
4,1965,8,31,15,23983.625,50.507214953745475,31.98780242326763,451,213,1000.0519617151044,1012.0519617151044,12.0,16.34374492370293,9.294053340186364,559.7644988851731,984375,1.601397236437042,14.377009577096262,-2.470149055119047,12.203578136787936,12.451062432386806,0,0,0,0,0,0,0,1,1
4,1965,8,31,18,23983.75,51.164220376008,31.773128436034657,449,215,1001.2177330172549,1013.2177330172549,12.0,15.78899178732085,5.612251302306686,593.5732939323359,1106875,1.1657713021505334,10.368748472704228,-4.989684822769814,24.35188991118603,24.857825666721205,0,0,0,0,0,0,0,1,1
4,1965,8,31,21,23983.875,51.694295053576646,31.842457259985192,448,217,1002.2813278061002,1012.2813278061002,10.0,15.1305158023789,5.328947676464813,506.3974743783942,805625,1.063594788845221,9.390420840372599,1.5928290334159845,19.647204962794763,19.711665763698413,0,0,0,0,0,2,2,1,1
4,1965,9,1,0,23984.0,52.223413101978366,31.913651330789037,447,219,1002.4602213413274,1012.4602213413274,10.0,15.382145985549625,6.038598752690741,487.5835274530085,746875,0.17889353522725288,1.5680697086918172,1.6164908806106186,19.611747526113888,19.67825408401699,0,0,0,0,0,2,2,1,1
4,1965,9,1,3,23984.125,53.077990731578524,31.874100145989456,445,222,1003.944990167147,1011.944990167147,8.0,14.699780736566334,5.140861334973815,439.74226071262797,607500,1.4847688258196285,12.867257805298442,-0.8806445013013834,31.674898945156688,31.68713868312443,0,0,0,0,0,2,2,1,1
4,1965,9,1,6,23984.25,53.729361246734435,31.642877285701122,443,224,1005.5970860617927,1011.5970860617927,6.0,13.54407756516518,4.513831860889768,391.6447068515214,481875,1.6520958946456086,14.19698355857506,-5.070170177052153,24.14303221706338,24.66967025029782,0,0,0,0,0,3,3,1,1
4,1965,9,1,9,23984.375,54.37881923344996,31.403518133902363,441,226,1008.0317897747727,1014.0317897747727,6.0,11.788749016653066,3.891483942236882,465.2426491681278,680000,2.4347037129801175,20.75091993614663,-5.167166379547814,24.07214439718506,24.620474087085675,0,0,0,0,0,3,3,1,1
4,1965,9,1,12,23984.5,54.97889275185295,29.81416273779868,436,226,1010.1823800849393,1014.1823800849393,4.0,9.808005615918987,1.6415416711108264,397.69363170356525,496875,2.1505903101664443,18.19390213026159,-33.80610230652247,22.241710286721514,40.46660635187386,0,0,0,0,0,3,3,1,1
4,1965,9,1,15,23984.625,56.507718068397764,26.82587993453092,426,228,1012.1950783418263,1016.1950783418263,4.0,8.038341373236719,3.7115679426368295,426.1872579085695,570625,2.012698256887088,16.72068184332972,-61.115627221182244,56.66587297518103,83.34351234905968,0,0,0,0,0,3,3,1,1
4,1965,9,1,18,23984.75,56.507718068397764,26.82587993453092,426,228,,,,8.038341373236719,,0.0,0,0.0,,0.0,0.0,0.0,0,3,0,0,0,3,3,0,0
5,1965,8,29,18,23981.75,21.088503180603617,-63.56809137067236,101,231,1009.1197077860296,1013.1197077860296,4.0,7.769806045993566,18.64127263658018,195.94930472170537,120625,,,,,,3,0,0,0,0,2,2,1,1
5,1965,8,29,21,23981.875,21.322881895902285,-64.36976203490136,100,235,1007.9522801505873,1011.9522801505873,4.0,7.987347289804973,18.247569691009993,136.02118266811544,58125,-1.167427635442291,-22.24328372328159,-27.679840644270797,8.687241351560381,29.011062379590413,0,0,0,0,0,4,4,1,1
5,1965,8,30,0,23982.0,21.322881895902285,-64.36976203490136,100,235,999.6649636253828,1011.6649636253828,12.0,16.583195815137888,20.01295785551505,244.30125595145995,187500,-8.287316525204515,-157.90026480307387,0.0,0.0,0.0,0,0,0,0,0,3,3,1,1
5,1965,8,30,3,23982.125,21.68703727963262,-64.46356814264406,101,236,1000.5189425156251,1012.5189425156251,12.0,16.59379613580212,24.289013263170492,245.1142407474329,188750,0.8539788902422879,16.01070174058452,-3.230811353639731,13.497410393705277,13.878696961131135,0,0,0,0,0,3,3,1,1
5,1965,8,30,6,23982.25,21.920454005262396,-64.82556776203836,101,238,1000.1616100091821,1012.1616100091821,12.0,15.88613834847047,24.63382529944225,249.5383166664071,195625,-0.3573325064429082,-6.63151972658898,-12.447459212479817,8.651585228005237,15.158798362792055,0,0,0,0,0,4,4,1,1
5,1965,8,30,9,23982.375,22.150425131000837,-65.18973020226949,101,240,999.4167022947959,1011.4167022947959,12.0,16.251201011327513,24.118672812447183,256.22531886097215,206250,-0.7449077143863542,-13.687880112194085,-12.50150246811563,8.523874152284293,15.130895364263196,0,0,0,0,0,3,3,1,1
5,1965,8,30,12,23982.5,22.3769378829181,-65.55604521958347,101,242,996.8291926071056,1012.8291926071056,16.0,19.39324281269029,37.88178694532238,265.7536566014258,221875,-2.5875096876901806,-47.08924987479281,-12.555062620182852,8.395689611165551,15.103549299543664,0,0,0,0,0,3,3,1,1
5,1965,8,30,15,23982.625,22.488893332074607,-65.74000651816061,101,243,998.0721088712655,1014.0721088712655,16.0,19.154181172950874,36.73287791474788,249.93662229367052,196250,1.2429162641598668,22.51262464853278,-6.299997324813312,4.149625985472297,7.543829406340112,0,0,0,0,0,3,3,1,1
5,1965,8,30,18,23982.75,22.488893332074607,-65.74000651816061,101,243,997.0944942329356,1013.0944942329356,16.0,19.339126827508426,39.827211995596805,223.90579955406923,157500,-0.9776146383298329,-17.707284101320475,0.0,0.0,0.0,0,0,0,0,0,2,2,1,1
5,1965,8,30,21,23982.875,22.623931733695084,-65.47227951974192,102,242,992.7921959108083,1012.7921959108083,20.0,22.84444407257443,83.45517032854048,268.3609728501569,226250,-4.302298322127317,-77.48551315200982,9.159692134715772,5.0051950541291115,10.438004480390516,0,0,0,0,0,2,2,1,1
5,1965,8,31,0,23983.0,22.488893332074607,-65.74000651816061,101,243,994.172368600539,1012.172368600539,18.0,21.45875915078134,67.75981965781867,193.90811046849038,118125,1.3801726897306799,24.998715207146265,-9.168663563226467,-5.0051950541291115,10.445878089730664,0,0,0,0,0,2,2,1,1
5,1965,8,31,3,23983.125,22.3769378829181,-65.55604521958347,101,242,996.8222523516536,1014.8222523516536,18.0,19.68824448963948,50.30052501286969,365.3644872156122,419375,2.6498837511145394,48.22437523191475,6.305081529536293,-4.149625985472297,7.548075841789526,0,0,0,0,0,2,2,1,1
5,1965,8,31,6,23983.25,22.623931733695084,-65.47227951974192,102,242,996.6038923304304,1012.6038923304304,16.0,19.14771206439538,49.36374269196611,268.731381546606,226875,-0.2183600212231977,-3.932720845819237,2.86586007280618,9.154821039601408,9.592908955266555,0,0,0,0,0,2,2,1,1
5,1965,8,31,9,23983.375,22.623931733695084,-65.47227951974192,102,242,995.3402463792155,1011.3402463792155,16.0,19.92123725971013,51.39819960285044,219.41825422078801,151250,-1.2636459512148577,-22.75859265006246,0.0,0.0,0.0,0,0,0,0,0,2,2,1,1
5,1965,8,31,12,23983.5,22.73608331678206,-65.65671120006594,102,243,990.2727016900149,1012.2727016900149,22.0,26.117680686236262,53.04984302697579,267.99005218518425,225625,-5.067544689200731,-90.84130531941824,-6.304766510455537,4.156895684809183,7.551811867740542,0,0,0,0,0,2,2,1,1
5,1965,8,31,15,23983.625,22.847365154861052,-65.84168163673223,102,244,992.8191284146502,1014.8191284146502,22.0,24.647828553286256,52.90107510873,363.4537147509613,415000,2.546426724635385,45.4369880807793,-6.318025489820481,4.124658607354883,7.5452140272657635,0,0,0,0,0,2,2,1,1
5,1965,8,31,18,23983.75,22.710194220311088,-66.10952938515764,101,245,991.9831650499063,1011.9831650499063,20.0,24.54116263357076,50.876531988101334,267.6186174229157,225000,-0.8359633647438023,-15.001739149201583,-9.158063152321228,-5.084237335016179,10.474711928290738,0,0,0,0,0,2,2,1,1
5,1965,8,31,21,23983.875,22.710194220311088,-66.10952938515764,101,245,991.8898527272119,1011.8898527272119,20.0,23.923473113639886,55.22412170164185,267.6186174229157,225000,-0.09331232269454631,-1.6745316643136843,0.0,0.0,0.0,0,0,0,0,0,3,3,1,1
5,1965,9,1,0,23984.0,22.462092537764903,-66.19133859437042,100,245,987.1312314016577,1011.1312314016577,24.0,28.30816470713873,61.33799345214814,263.12050517771223,217500,-4.758621325554122,-86.28919928905276,-2.8022066495524527,-9.195882797038147,9.613356465026047,0,0,0,0,0,3,3,1,1
5,1965,9,1,3,23984.125,22.462092537764903,-66.19133859437042,100,245,988.0386316900871,1014.0386316900871,26.0,28.488188216096805,66.21742887086111,384.46736323984356,464375,0.9074002884293441,16.45410276769733,0.0,0.0,0.0,0,0,0,0,0,3,3,1,1
5,1965,9,1,6,23984.25,22.4305123871031,-66.64232860078654,99,247,986.8185921709036,1012.8185921709036,26.0,28.725802445196223,75.92332489455403,359.87822237672265,406875,-1.2200395191834832,-22.152799912051545,-15.451249810738705,-1.1705175120878564,15.495522965035972,0,0,0,0,0,4,4,1,1
5,1965,9,1,9,23984.375,22.180988251573467,-66.72212570921654,98,247,987.7509377991624,1011.7509377991624,24.0,27.00821029058243,69.95070849086441,345.2061176167894,374375,0.9323456282589178,17.109684859100796,-2.738797576007541,-9.248605982088113,9.645606501110276,0,0,0,0,0,4,4,1,1
5,1965,9,1,12,23984.5,22.394156059142517,-67.09292111279359,98,249,987.8370130445119,1011.8370130445119,24.0,27.73259501261717,79.63312233867101,282.44719015209296,250625,0.08607524534934782,1.565312976343862,-12.707050171078158,7.901059575207349,14.963150285326725,0,0,0,0,0,4,4,1,1
5,1965,9,1,15,23984.625,22.49942360278457,-67.2790843992144,98,250,989.4146089123184,1011.4146089123184,22.0,26.792417656063126,78.57393662318202,225.6758334191025,160000,1.5775958678065216,28.561911295969264,-6.374922108034543,3.9017389311101907,7.474168754453466,0,0,0,0,0,4,4,1,1
5,1965,9,1,18,23984.75,22.456350169470674,-67.7297320799447,97,252,988.8780317776308,1010.8780317776308,22.0,26.022413743045878,72.24638789660908,248.7397920055702,194375,-0.5365771346875409,-9.732238614989978,-15.436645824703888,-1.5965157525558547,15.518985046242777,0,0,0,0,0,5,5,1,1
5,1965,9,1,21,23984.875,22.660347208507524,-68.10457061196533,97,254,987.9342390107964,1009.9342390107964,22.0,26.132424575698472,75.47923932928076,252.7071841393177,200625,-0.9437927668343764,-16.97207345521551,-12.820877292602713,7.561145263803118,14.884415079280348,0,0,0,0,0,5,5,1,1
5,1965,9,2,0,23985.0,22.76101808599806,-68.29273400354344,97,255,976.0483002560103,1010.0483002560103,34.0,38.6708610621428,90.3323445265623,308.05216249613085,298125,-11.885938754786185,-212.84748140798314,-6.431160766374734,3.7313636126011964,7.4352473538142565,0,0,0,0,0,4,4,1,1
5,1965,9,2,3,23985.125,22.805144352223767,-68.93335306073412,96,258,975.3854760916313,1011.3854760916313,36.0,40.40241367510567,103.77687297850142,336.7460422231796,356250,-0.6628241643789806,-11.847781228394629,-21.888363602866,1.635538978688487,21.949383794587003,0,0,0,0,0,5,5,1,1
5,1965,9,2,6,23985.25,22.998121331127972,-69.31300683167544,96,260,974.0768975218215,1010.0768975218215,36.0,40.74360333307031,104.15461105201706,310.6246678057967,303125,-1.3085785698097607,-23.204700090737898,-12.953390003352101,7.15268700444734,14.79700118140605,0,0,0,0,0,3,3,1,1
5,1965,9,2,9,23985.375,22.933765836613865,-69.76510276593653,95,262,970.7540626466341,1010.7540626466341,40.0,43.443847489156305,118.29311589273566,414.5929793656026,540000,-3.3228348751874,-59.07939211245658,-15.43238305549661,-2.385334830556719,15.615641806389064,0,0,0,0,0,3,3,1,1
5,1965,9,2,12,23985.5,23.373327371034456,-70.07802292550323,96,264,944.9701538130397,1010.9701538130397,66.0,71.04174358855295,171.85015935153336,367.2653186327036,423750,-25.78390883359447,-450.2820274409906,-10.646606217007363,16.292337525222283,19.462540583792908,0,0,0,0,0,6,6,1,1
5,1965,9,2,15,23985.625,23.645277169508393,-70.656700431157,96,267,939.7922042379288,1011.7922042379288,72.0,76.94438854213941,228.57388562779627,385.2427603903705,466250,-5.1779495751108335,-89.44477065192268,-19.647954298453026,10.079812630770723,22.082679429488255,0,0,0,0,0,6,6,1,1
5,1965,9,2,18,23985.75,24.076516011187255,-70.97775737772027,97,269,937.6264911976745,1011.6264911976745,74.0,78.18246172840203,241.97152715364834,1095.6396114921279,3771250,-2.1657130402543405,-36.779676681257776,-10.86468572661675,15.983857122255252,19.32679705597437,0,0,0,0,0,7,7,1,1
5,1965,9,2,21,23985.875,24.24998958306281,-71.36883352118407,97,271,933.1776942924163,1009.1776942924163,76.0,81.88381722067552,253.91283867400364,356.26684818515815,398750,-4.448796905258205,-75.04447710068595,-13.216195179913438,6.4297936998238425,14.697280770804563,0,0,0,0,0,7,7,1,1
5,1965,9,3,0,23986.0,24.589855285426665,-71.49934503671554,98,272,942.354527664475,1010.354527664475,68.0,72.70412735699708,226.91833131000104,375.5676614342511,443125,9.176833372058754,152.79005464014068,-4.39870064212105,12.597113947783408,13.343007425330894,0,0,0,0,0,7,7,1,1
5,1965,9,3,3,23986.125,24.503347288322868,-71.95883040316482,97,274,943.759374326691,1011.759374326691,68.0,72.17358152333053,266.8471202447838,377.4171088692805,447500,1.404846662216005,23.467504752962824,-15.496961261972672,-3.20641679737467,15.825198799179999,0,0,0,0,0,7,7,1,1
5,1965,9,3,6,23986.25,24.922826247119122,-72.29111089861087,98,276,951.9084748567864,1011.9084748567864,60.0,63.82193454832927,195.59226849634905,463.9580374686793,676250,8.14910053009531,133.97961031545105,-11.169055933421975,15.547977350761807,19.14386089961246,0,0,0,0,0,6,6,1,1
5,1965,9,3,9,23986.375,25.25863386465089,-72.42707540456762,99,277,951.0899271899096,1009.0899271899096,58.0,63.60517016937456,190.94776714248763,332.88380724771235,348125,-0.8185476668766932,-13.290362740566724,-4.557696595591763,12.446701132709604,13.254922381683844,0,0,0,0,0,2,2,1,1
5,1965,9,3,12,23986.5,25.7512995835106,-72.96711550611938,100,280,949.6804830473276,1009.6804830473276,60.0,66.35014899636269,212.9754594602902,302.5129621649952,287500,-1.4094441425820696,-22.475688541255227,-18.02868235464516,18.26064282296471,25.660952120928528,0,0,0,0,0,3,3,1,1
5,1965,9,3,15,23986.625,26.160266560832813,-73.31092360609716,101,282,949.4471504155485,1011.4471504155485,62.0,67.38985388756252,225.4914748711267,345.4941494713355,375000,-0.23333263177904884,-3.666673469465474,-11.43787326531129,15.15835101446342,18.989485256609957,0,0,0,0,0,4,4,1,1
5,1965,9,3,18,23986.75,26.565700424350457,-73.65865799698346,102,284,950.6382521000066,1010.6382521000066,60.0,65.90474273607646,229.61109426093506,316.9646002738459,315625,1.1911016844581173,18.452049772469593,-11.527994536298102,15.027396237688214,18.939833571428363,0,0,0,0,0,3,3,1,1
5,1965,9,3,21,23986.875,26.967584903971982,-74.0103602626874,103,286,955.6078176875111,1009.6078176875111,54.0,60.54706166573191,198.03574845463183,324.1022407214287,330000,4.9695655875044755,75.9232579174037,-11.618357397658542,14.895838410367357,18.891062187381166,0,0,0,0,0,2,2,1,1
5,1965,9,4,0,23987.0,27.039993333155262,-74.21699829824337,103,287,953.5573500728083,1009.5573500728083,56.0,62.58534396894497,174.83525445862085,323.7951802633666,329375,-2.050467614702793,-31.248726795754493,-6.821819511599696,2.6838166571608366,7.3307634867110725,0,0,0,0,0,1,1,1,1
5,1965,9,4,3,23987.125,27.181967252635186,-74.63153667820389,103,289,954.9764650106092,1010.9764650106092,56.0,62.22494638043213,163.24508699138502,337.04130404423773,356875,1.419114937800914,21.52261333067444,-13.667957069601611,5.262259854003549,14.64596972643089,0,0,0,0,0,1,1,1,1
5,1965,9,4,6,23987.25,27.506292410368875,-74.78283808470728,104,290,952.0620564000352,1010.0620564000352,58.0,64.86971597065669,180.02159160639638,341.4395932149834,366250,-2.914408610574028,-43.71936546386015,-4.9740568900936015,12.021104041060942,13.009542048508061,0,0,0,0,0,2,2,1,1
5,1965,9,4,9,23987.375,27.829557687306654,-74.93554874457446,105,291,951.0423312344544,1009.0423312344544,58.0,65.46304549816767,172.37676271927586,348.64679517591304,381875,-1.0197251655807487,-15.133277082160275,-5.005557330332774,11.981819585276394,12.985361171771896,0,0,0,0,0,3,3,1,1
5,1965,9,4,12,23987.5,28.15176413091177,-75.08968623877668,106,292,950.4373239233412,1010.4373239233412,60.0,67.49192910916581,189.59945184140759,340.8564337915358,365000,-0.6050073111132952,-8.884138948607331,-5.037247626997091,11.94257395369147,12.961440363442549,0,0,0,0,0,4,4,1,1
5,1965,9,4,15,23987.625,28.472912604638314,-75.24526839573447,107,293,950.514709117708,1012.514709117708,62.0,68.51075055455952,209.4787178722406,363.7272968105886,415625,0.0773851943667978,1.1245893297348237,-5.069129627290916,11.903360326011889,12.937776556624883,0,0,0,0,0,5,5,1,1
5,1965,9,4,18,23987.75,28.472912604638314,-75.24526839573447,107,293,953.220247045892,1011.220247045892,58.0,65.02948654784439,187.7959467175928,305.7834676147298,293750,2.7055379281840577,39.31784510105324,0.0,0.0,0.0,0,0,0,0,0,6,6,1,1
5,1965,9,4,21,23987.875,28.726490990780526,-75.18917546930967,108,293,953.8993980558448,1009.8993980558448,56.0,63.65450756245936,179.64501036212394,296.19953136257203,275625,0.6791510099527659,9.789871669323794,1.8231977921360358,9.398876681909554,9.574076094902988,0,0,0,0,0,6,6,1,1
5,1965,9,5,0,23988.0,29.0463352260788,-75.34654250228108,109,294,950.0426384393511,1012.0426384393511,62.0,68.05176516318066,185.4813520972895,367.8066090054814,425000,-3.856759616493655,-55.03499809556602,-5.099197507283698,11.855018760558869,12.905165052469922,0,0,0,0,0,7,7,1,1
5,1965,9,5,3,23988.125,29.0463352260788,-75.34654250228108,109,294,950.0087660427712,1014.0087660427712,64.0,68.8835416274043,203.86622128593314,458.5667547480592,660625,-0.0338723965799727,-0.4833506535638974,0.0,0.0,0.0,0,0,0,0,0,9,9,1,1
5,1965,9,5,6,23988.25,29.0463352260788,-75.34654250228108,109,294,952.7413615709615,1012.7413615709615,60.0,65.36777657129966,191.22029324064113,435.8798152196888,596875,2.7325955281904317,38.99345685086724,0.0,0.0,0.0,0,0,0,0,0,10,10,1,1
5,1965,9,5,9,23988.375,29.299264507833225,-75.29035336685654,110,294,953.7112372115988,1011.7112372115988,58.0,63.97786545137742,188.38924667418388,428.74696415384574,577500,0.9698756406371831,13.730874970794488,1.8162272034246125,9.374817643648065,9.549130175367527,0,0,0,0,0,10,10,1,1
5,1965,9,5,12,23988.5,29.0463352260788,-75.34654250228108,109,294,959.2630375069411,1011.2630375069411,52.0,59.44612738877884,175.077288274003,308.05216249613085,298125,5.5518002953424,79.2228059468519,-1.820708647840084,-9.374817643648065,9.549983551398123,0,0,0,0,0,8,8,1,1
5,1965,9,5,15,23988.625,28.858549461099457,-75.61586490192757,108,295,962.6008312381152,1012.6008312381152,50.0,56.49494872565669,157.22937310298164,342.31246961133036,368125,3.3377937311740244,47.91249528422759,-8.742747737865818,-6.960274787256781,11.175019602760448,0,0,0,0,0,9,9,1,1
5,1965,9,5,18,23988.75,28.604658321479665,-75.6704814876932,107,295,961.5179462136934,1013.5179462136934,52.0,56.722893337309685,165.9062116792071,447.36712098460976,628750,-1.0828850244217028,-15.670475325348344,-1.7772769296061475,-9.410468881908779,9.576828173350702,0,0,0,0,0,10,10,1,1
5,1965,9,5,21,23988.875,28.285126211036005,-75.51261798528624,106,294,960.6609130508333,1010.6609130508333,50.0,56.41694612089317,168.78745293943496,333.7790589062273,350000,-0.8570331628601707,-12.530504024150751,5.152574706303552,-11.84344986045451,12.915739649789288,0,0,0,0,0,7,7,1,1
5,1965,9,6,0,23989.0,28.095660350639307,-75.77850523460903,105,295,967.8741411708427,1009.8741411708427,42.0,49.210402451207855,166.78047211455393,305.45799283636967,293125,7.2132281200092985,106.11579547504242,-8.69380217964432,-7.022547482819766,11.175793908588622,0,0,0,0,0,6,6,1,1
5,1965,9,6,3,23989.125,27.775614989358676,-75.62130307732461,104,294,971.8937167650432,1011.8937167650432,40.0,45.805987295956584,130.1146425818481,377.68057634211374,448125,4.019575594200578,59.759295617420996,5.155338506549895,-11.862473490176987,12.934287472538559,0,0,0,0,0,7,7,1,1
5,1965,9,6,6,23989.25,27.520241369490133,-75.67504913835278,103,294,973.1550193420544,1011.1550193420544,38.0,43.54795492079743,111.71756363890823,437.24692724951115,600625,1.261302577011229,18.91209751899323,-1.7666860345140667,-9.46541697607933,9.628878339432783,0,0,0,0,0,5,5,1,1
5,1965,9,6,9,23989.375,27.329091755768587,-75.9375821257111,102,295,971.6642534864266,1009.6642534864266,38.0,44.27105270968904,104.77053479891714,421.021160832325,556875,-1.490765855627833,-22.496870700257794,-8.644668898845538,-7.084955758634417,11.177070209696023,0,0,0,0,0,5,5,1,1
5,1965,9,6,12,23989.5,27.072740911052698,-75.98983562882196,101,295,968.5359573091378,1010.5359573091378,42.0,48.05238299291237,111.52174366355058,501.0657868259067,788750,-3.1282961772888664,-47.621305311707914,-1.724561290582326,-9.501637791151305,9.656874875404032,0,0,0,0,0,6,6,1,1
5,1965,9,6,15,23989.625,26.941806609081606,-76.45834661430804,100,297,966.886797551868,1010.886797551868,44.0,50.123595620790475,126.08610314811352,473.71771104696137,705000,-1.6491597572698082,-25.21757811627187,-15.48062893529338,-4.853076700977289,16.223508427519963,0,0,0,0,0,5,5,1,1
5,1965,9,6,18,23989.75,26.42645300011451,-76.55814338568784,98,297,963.2470589655221,1009.2470589655221,46.0,52.66924443039808,132.2050644817926,402.9119531035698,510000,-3.639738586345775,-56.660877934021066,-3.3124465774411873,-19.101568915034946,19.38665100898634,0,0,0,0,0,5,5,1,1
5,1965,9,6,21,23989.875,26.168144993789625,-76.6075022462489,97,297,959.2038865131998,1009.2038865131998,50.0,55.1239009105314,139.43350931948189,568.2302269306717,1014375,-4.043172452322324,-63.51809560838504,-1.6419695052985908,-9.574179938332692,9.713958273942847,0,0,0,0,0,7,7,1,1
5,1965,9,7,0,23990.0,26.168144993789625,-76.6075022462489,97,297,957.7544039109059,1007.7544039109059,50.0,56.8031523648256,150.1666983186489,410.00903482827596,528125,-1.4494826022938652,-22.771320194940014,0.0,0.0,0.0,0,0,0,0,0,6,6,1,1
5,1965,9,7,3,23990.125,25.909412925953166,-76.65650649320597,96,297,959.129075677227,1009.129075677227,50.0,56.60863132704737,153.0359887962655,418.41419359420024,550000,1.374671766320971,21.796578085121727,-1.6337734959897756,-9.589897767890022,9.728070468226507,0,0,0,0,0,6,6,1,1
5,1965,9,7,6,23990.25,25.71106762422998,-76.91049654984508,95,298,958.6797180546826,1008.6797180546826,50.0,56.02150323633032,143.46090292297856,479.3536784973324,721875,-0.4493576225443394,-7.176125301136299,-8.482070866856855,-7.3516637584674775,11.224637464432691,0,0,0,0,0,4,4,1,1
5,1965,9,7,9,23990.375,25.770929766467255,-77.11617601380124,95,299,957.5810718336247,1009.5810718336247,52.0,55.90926233373317,133.70696046161902,1522.5280772890383,7282500,-1.0986462210578611,-17.507118560606532,-6.865265897833368,2.218788838286647,7.2149081599739855,0,0,0,0,0,5,5,1,1
5,1965,9,7,12,23990.5,25.569870319338232,-77.36840945997912,94,300,960.4480850343741,1008.4480850343741,48.0,53.77574835397125,126.82610814334926,535.4230488541527,900625,2.8670132007493523,46.021138089175274,-8.433378029714927,-7.4522634915690915,11.254247915336322,0,0,0,0,0,7,7,1,1
5,1965,9,7,15,23990.625,25.36718382503781,-77.61924307119283,93,301,960.8042617450017,1008.8042617450017,48.0,54.42541289563847,131.3311775989436,467.58860451522037,686875,0.35617671062762385,5.759950549722984,-8.400717635105734,-7.5125699551926655,11.26990523990508,0,0,0,0,0,8,8,1,1
5,1965,9,7,18,23990.75,25.162875796017914,-77.8686789333675,92,302,959.4378421497682,1009.4378421497682,50.0,55.06758584221143,130.03436197018084,611.5669352294595,1175000,-1.3664195952334557,-22.264793247605876,-8.36797607709779,-7.57267209992066,11.285760335918784,0,0,0,0,0,6,6,1,1
5,1965,9,7,21,23990.875,25.21856284810021,-78.07356571487178,92,303,955.9731317722102,1007.9731317722102,52.0,57.101671787232604,147.57614153545555,637.0597341571143,1275000,-3.464710377558076,-56.33835150176145,-6.870319826896559,2.0640392237808496,7.1736707786985745,0,0,0,0,0,6,6,1,1
5,1965,9,8,0,23991.0,25.27329722319609,-78.2787624627512,92,304,958.7636304022328,1006.7636304022328,48.0,54.687380956762006,146.41955977563927,468.8632691368353,690625,2.79049863002263,45.28341584346467,-6.877614887475171,2.0287282745740485,7.1705874900510285,0,0,0,0,0,5,5,1,1
5,1965,9,8,3,23991.125,25.117953495897158,-78.73111034096044,91,306,961.3899184068453,1009.3899184068453,48.0,53.009674376656356,133.56811304405034,578.810120167607,1052500,2.6262880046124337,42.864967949170484,-15.180768237097093,-5.757811453899023,16.236012965229698,0,0,0,0,0,6,6,1,1
5,1965,9,8,6,23991.25,25.27036441288781,-79.34813799339042,91,309,962.5646999430334,1008.5646999430334,46.0,50.99887246903708,128.92177015046,579.4971353888639,1055000,1.1747815361880931,19.06608682416348,-20.68150611258073,5.649106911535339,21.439148863298435,0,0,0,0,0,9,9,1,1
5,1965,9,8,9,23991.375,25.15115537624928,-80.00414885619145,90,312,962.6924549906107,1008.6924549906107,46.0,50.07141991663348,119.7006878022314,763.4821406385788,1831250,0.12775504757737507,2.0825805807482585,-22.009689914147952,-4.41848002812999,22.44881769438938,0,0,0,0,0,8,8,1,1
5,1965,9,8,12,23991.5,25.02230324083871,-80.65793862184206,89,315,960.0906911536982,1008.0906911536982,48.0,53.85243080777894,122.28548313087035,544.0847306724618,930000,-2.6017638369124323,-42.616509438023904,-21.958276720754483,-4.775901248324505,22.471652126156098,0,0,0,0,0,9,9,1,1
5,1965,9,8,15,23991.625,24.8838370952172,-81.3093492019567,88,318,963.6544827010676,1009.6544827010676,46.0,51.261174727398995,108.06237971328736,611.7295643867631,1175625,3.5637915473693282,58.678351195561284,-21.902985771750615,-5.1322443017128325,22.496237847470713,0,0,0,0,0,10,10,1,1
5,1965,9,8,18,23991.75,25.000840761139163,-81.92899590184602,88,321,963.8359927788399,1009.8359927788399,46.0,50.3702734708234,112.43153874312847,963.9844002772056,2919375,0.18151007777225459,2.9754964453391874,-20.815182390865964,4.336738016445833,21.262152162664602,0,0,0,0,0,9,9,1,1
5,1965,9,8,21,23991.875,25.374032511062293,-82.52332040462596,89,324,963.4607747452269,1007.4607747452269,44.0,49.76523980933951,115.48881320262944,506.9864229872541,807500,-0.3752180336129095,-6.066350058938463,-19.903496717268954,13.832343085685464,24.238046472734688,0,0,0,0,0,8,8,1,1
5,1965,9,9,0,23992.0,25.24006276269724,-83.38201271201298,88,328,953.527094949358,1007.527094949358,54.0,59.77068132388401,141.3062514267077,494.2700048010797,767500,-9.933679795868956,-161.39924277487813,-28.788769441991303,-4.965585447347258,29.213871445240514,0,0,0,0,0,9,9,1,1
5,1965,9,9,3,23992.125,25.593391868755177,-83.98548112233456,89,331,953.6838241521989,1009.6838241521989,56.0,61.17525661335727,154.2727859120556,576.0538658377372,1042500,0.15672920284094288,2.5136520440539174,-20.172873926750164,13.096134676499894,24.051062054087748,0,0,0,0,0,9,9,1,1
5,1965,9,9,6,23992.25,25.72087906941965,-85.03482940664216,89,336,952.655827868091,1010.655827868091,58.0,61.80378941810136,160.7761150581829,1092.8215335661214,3751875,-1.0279962841079395,-16.41099929407699,-35.04031043098432,4.725309975335483,35.357487318285976,0,0,0,0,0,7,7,1,1
5,1965,9,9,9,23992.375,26.07068596605802,-85.86150644445121,90,340,955.6541462067106,1009.6541462067106,54.0,58.23673022371924,136.01416636174065,715.0421349002545,1606250,2.9983183386195744,47.267167970963136,-27.52309823644228,12.965584070487967,30.424123764239184,0,0,0,0,0,7,7,1,1
5,1965,9,9,12,23992.5,26.40474131165636,-86.69608928935524,91,344,952.9633301378855,1010.9633301378855,58.0,61.924721614256896,140.73994822011207,767.6400046882279,1851250,-2.6908160688250793,-41.9206897980231,-27.70657522312863,12.381753216343343,30.347357764809015,0,0,0,0,0,7,7,1,1
5,1965,9,9,15,23992.625,26.711049805204976,-87.32457334397085,92,347,955.1719790099866,1011.1719790099866,56.0,60.82903773006538,134.3013300924201,650.3493378690501,1328750,2.208648872101039,34.04285882467826,-20.808819639844987,11.353316823581457,23.704530742037825,0,0,0,0,0,8,8,1,1
5,1965,9,9,18,23992.75,27.01717479254975,-88.17317417548057,93,351,957.6190869870533,1009.6190869870533,52.0,57.709609401543204,124.48397162107867,465.2426491681278,680000,2.447107977066771,37.32257361611245,-28.02082255556883,11.346515170622682,30.230942810435895,0,0,0,0,0,8,8,1,1
5,1965,9,9,21,23992.875,27.56608586802942,-88.80876604897327,95,354,957.4180156714039,1007.4180156714039,50.0,56.14619919666447,117.1036109316766,435.65154612038873,596250,-0.2010713156494603,-3.0102615321729047,-20.883792522521368,20.345375590782655,29.155910173646337,0,0,0,0,0,10,10,1,1
5,1965,9,10,0,23993.0,28.104675091371988,-89.45434240658429,97,357,946.5849814234014,1008.5849814234014,62.0,66.6547770712121,156.03997727169875,566.6525369994374,1008750,-10.833034248002514,-159.32081238788675,-21.106827035750165,19.9627963937089,29.05187407679152,0,0,0,0,0,12,12,1,1
5,1965,9,10,3,23993.125,28.632838678523722,-89.89002742964833,99,359,948.5699893938996,1010.5699893938996,62.0,66.19434611565279,164.1732857827709,797.2609698042775,1996875,1.9850079704982635,28.69925384234274,-14.17380322854258,19.576370443221403,24.16880174298421,0,0,0,0,0,10,10,1,1
5,1965,9,10,6,23993.25,29.414803943761378,-90.55625222708068,102,362,952.331766332947,1012.331766332947,60.0,62.329655244571555,162.45213572875255,931.019660809714,2723125,3.7617769390474134,53.06622835760726,-21.510248394160094,28.983523435564667,36.0934262258156,0,0,0,0,0,13,13,1,1
5,1965,9,10,9,23993.375,29.9292044499555,-91.00901899395704,104,364,959.4864377493069,1011.4864377493069,52.0,54.906103468145474,136.3121217877957,858.5373202105662,2315625,7.154671416359925,99.35073637635249,-14.543803120888771,19.066242184059668,23.980070897317844,0,0,0,0,0,11,11,1,1
5,1965,9,10,12,23993.5,30.703686731515344,-91.24782955567493,107,365,968.911318222533,1010.911318222533,42.0,46.56930784486428,106.5751331522825,653.5534243830982,1341875,9.424880473226075,127.88427699120678,-7.610696708735321,28.706166828519198,29.697924479315564,0,0,0,0,0,8,8,1,1
5,1965,9,10,15,23993.625,31.473958227581615,-91.49233805701293,110,366,978.3434276386083,1012.3434276386083,34.0,38.7027656145769,76.47004368350761,650.5022712839493,1329375,9.432109416075255,125.16030933491956,-7.729373244578698,28.550094167161223,29.57788173124949,0,0,0,0,0,13,13,1,1
5,1965,9,10,18,23993.75,31.982608524472056,-91.73570458892839,112,367,984.0413466108472,1012.0413466108472,28.0,33.30749468251801,60.74818286469977,575.7084062169598,1041250,5.697918972238986,74.53121746387818,-7.651160437117078,18.853110816821857,20.34649953937706,0,0,0,0,0,11,11,1,1
5,1965,9,10,21,23993.875,32.4971793592006,-91.74983599313391,114,367,987.5317219938502,1009.5317219938502,22.0,28.405776596422907,48.19195368052315,547.3656733578504,941250,3.4903753830029745,45.01008089834801,-0.4417655527637393,19.07255540702336,19.077670889225043,0,0,0,0,0,14,14,1,1
5,1965,9,11,0,23994.0,32.74557707638971,-91.99107594016701,115,368,992.10042565864,1010.10042565864,18.0,23.97881872165851,33.585870051269886,662.9227606686136,1380625,4.568703664789791,58.517930986057834,-7.5205664433160555,9.206855313839378,11.888023569891839,0,0,0,0,0,14,14,1,1
5,1965,9,11,3,23994.125,33.266592081556716,-91.77146974003408,117,367,995.7427653350271,1011.7427653350271,16.0,22.034709081053947,24.328145506086802,617.3945972431969,1197500,3.642339676387055,46.00408699792895,6.805823170292941,19.31140842675325,20.475588500704262,0,0,0,0,0,14,14,1,1
5,1965,9,11,6,23994.25,33.777933014095375,-91.78619179345847,119,367,997.7251312957217,1011.7251312957217,14.0,20.85102221690661,18.67221357014765,460.29883553088166,665625,1.9823659606945876,24.702947469456813,-0.45356229224254896,18.9528391613321,18.95826550685131,0,0,0,0,0,12,12,1,1
5,1965,9,11,9,23994.375,34.301901084253515,-91.32105217454257,121,365,998.882969953863,1010.882969953863,12.0,19.9535741954274,16.039693130367088,314.1274657157109,310000,1.1578386581414088,14.23421577383948,14.241920832564277,19.420863708441814,24.083235998986947,0,0,0,0,0,14,14,1,1
5,1965,9,11,12,23994.5,34.816200432025305,-91.090062998213,123,364,1000.7688060685578,1012.7688060685578,12.0,19.46978553573513,14.384863293651435,373.442791983288,438125,1.8858361146946845,22.883884189704673,7.028974362403911,19.06249274960963,20.31711373242398,0,0,0,0,0,13,13,1,1
5,1965,9,11,15,23994.625,35.32826476082909,-90.85509739626673,125,363,1003.4851792984273,1013.4851792984273,10.0,18.018879085257367,12.675302015075212,299.8708769569344,282500,2.716373229869496,32.54518797980944,7.1052524555398575,18.97965182621088,20.2660256562836,0,0,0,0,0,11,11,1,1
5,1965,9,11,18,23994.75,35.584950349912035,-90.6134217382421,126,362,1005.249810197115,1015.249810197115,10.0,15.775022848762056,12.27078932081502,399.68959722325764,501875,1.7646308986877557,21.00966575311601,7.284882189778682,9.514045082931041,11.9827610490654,0,0,0,0,0,10,10,1,1
5,1965,9,11,21,23994.875,36.09421690018247,-90.12374879140646,128,360,1005.7205243638928,1011.7205243638928,6.0,13.722944699324499,9.112373881314488,223.0155145190964,156250,0.4707141667777614,5.535768932503559,14.665850561718022,18.87595223328262,23.90373915126694,0,0,0,0,0,8,8,1,1
5,1965,9,12,0,23995.0,36.3456869454301,-89.62714769588742,129,358,1007.8920218347863,1013.8920218347863,6.0,11.376436243705834,7.70702437879947,293.16150714175194,270000,2.171497470893519,25.385021398105692,14.825614877562234,9.320731078204881,17.512135344669108,0,0,0,0,0,10,10,1,1
5,1965,9,12,3,23995.125,36.844428633110155,-89.1224527467826,131,356,1009.9831008722571,1015.9831008722571,6.0,10.509647112176747,5.061772676861802,308.05216249613085,298125,2.091079037470772,24.16002271424425,14.970175105445225,18.485848458722288,23.787238930286488,0,0,0,0,0,9,9,1,1
5,1965,9,12,6,23995.25,37.086155345974426,-88.61509707805797,132,354,1010.6986928203776,1016.6986928203776,6.0,10.20918708795768,4.529027049944707,340.8564337915358,365000,0.7155919481205637,8.221627029391817,15.001388543463081,8.959594701657824,17.473293777932092,0,0,0,0,0,11,11,1,1
5,1965,9,12,9,23995.375,37.56522579759867,-87.84131411913795,134,351,1011.4013208137169,1015.4013208137169,4.0,9.489093598780991,4.133303356851538,278.90317035875347,244375,0.7026279933392652,7.9846407242429915,22.733614469650494,17.756734575311135,28.846470314975317,0,0,0,0,0,9,9,1,1
5,1965,9,12,12,23995.5,37.782465883509175,-87.06758996870961,135,348,1013.4686927003542,1017.4686927003542,4.0,8.42983307777734,4.26591300614331,302.5129621649952,287500,2.0673718866372655,23.378465472461613,22.665431507702166,8.051998472358505,24.053200719014544,0,0,0,0,0,9,9,1,1
5,1965,9,12,15,23995.625,37.782465883509175,-87.06758996870961,135,348,,,,8.42983307777734,,0.0,0,0.0,,0.0,0.0,0.0,0,3,0,0,0,9,9,0,0
6,1965,8,27,6,23979.25,52.563264431786536,136.23463170540413,473,478,990.8653984891223,994.8653984891223,4.0,12.830431030494216,8.899214728642765,264.6283714200614,220000,-0.06522915380686754,-0.569151871321608,16.736912490159423,5.9366275938139506,17.75859754853653,2,0,0,2,0,20,20,1,1
6,1965,8,27,9,23979.375,52.95676251354419,139.494357652632,465,483,990.9085723958167,1002.9085723958167,12.0,12.563847471281976,5.30551193889929,1004.1148163866307,3167500,0.0431739066944283,0.3747490239581929,72.77883318604077,14.584996778605955,74.22587615483899,0,0,2,0,0,20,20,1,2
6,1965,8,27,12,23979.5,53.01368316682222,141.25743429814622,461,486,992.8766628299032,1002.8766628299032,10.0,12.066334209257699,4.586785745870948,914.635539232308,2628125,1.96809043408648,17.070212047825216,39.31418994505995,2.1097626219369894,39.37075855704555,0,0,0,0,0,20,20,1,2
6,1965,8,27,15,23979.625,52.975727814521,141.753574035531,460,487,993.232606249175,1003.232606249175,10.0,12.546230441614835,4.49835862130647,902.9236933363936,2561250,0.355943419271789,3.088813382386224,11.073220102795133,-1.4068142049678278,11.162227808652068,0,0,0,0,0,21,21,1,2
6,1965,8,27,18,23979.75,53.17609675821764,143.30748810168825,456,489,993.2609151718265,1003.2609151718265,10.0,13.026645341136136,3.251277160791069,874.9487277961016,2405000,0.028308922651485772,0.24501502560589686,34.51979486889405,7.426669998731886,35.30965399236572,0,0,0,0,0,18,18,1,1
6,1965,8,27,21,23979.875,53.7338163732917,144.46232220802563,452,489,993.226750112461,1003.226750112461,10.0,13.67385002936535,3.5392774876928894,851.3235707442373,2276875,-0.034165059365477646,-0.2935744322892943,25.31982833292406,20.67186389546406,32.686689396776394,0,0,0,0,0,18,18,1,1
6,1965,8,28,0,23980.0,54.40748386102986,145.95406264339834,447,489,993.7250148381981,1003.3943536237795,9.669338785581349,13.573390386079902,4.154349692264004,835.2816781057132,2191875,0.49826472573709907,4.245176848920316,32.17987547135616,24.969468960622756,40.73105406845609,0,0,0,1,0,20,18,2,0
6,1965,8,28,3,23980.125,54.7286796729237,147.3869867623711,443,490,993.6218491413405,1003.2391077272741,9.617258585933596,13.430643746603176,5.920746220696019,806.6875315554265,2044375,-0.10316569685761351,-0.8754648539388126,30.668534449867817,11.905114914024887,32.89818788959153,0,0,0,0,0,23,21,2,0
6,1965,8,28,6,23980.25,55.22758112020146,148.650419134757,439,490,993.4213991894266,999.2029678730702,5.781568683643563,13.737037383582418,7.708084543866497,475.18530649802983,709375,-0.20044995191390627,-1.690671646627169,26.70711793630936,18.491769944305133,32.48408385866906,0,0,0,0,0,19,17,2,0
6,1965,8,28,9,23980.375,56.02863331574293,150.08863081273626,434,489,992.8949484526103,1000.8076934172063,7.912744964596059,15.011751915570963,8.444686626049224,524.5370414662,864375,-0.5264507368163323,-4.3980263675041105,29.786425856980717,29.690980040565464,42.05693118978923,0,0,0,0,0,16,14,2,0
6,1965,8,28,12,23980.5,56.8979233715932,151.05998730716064,430,487,992.651496419854,1002.651496419854,10.0,16.97576610787539,8.925113044854152,562.4237276245926,993750,-0.2434520327563223,-2.013474188815826,19.66240319536286,32.220214664371866,37.74589159677142,0,0,0,0,0,17,17,1,2
6,1965,8,28,15,23980.625,57.533429767342064,151.3735493270503,428,485,992.4943457230896,1004.4943457230896,12.0,17.725378151979402,9.24943958900687,662.1720835388425,1377500,-0.15715069676429266,-1.2904655415814452,6.2388609402006345,23.555029019147614,24.3672480580809,0,0,1,0,0,18,18,1,1
6,1965,8,28,18,23980.75,58.05549748731985,151.34080563114665,427,483,993.0634108964796,1003.0634108964796,10.0,17.61493992205165,8.72702605667546,506.0044611454395,804375,0.5690651733899722,4.646217820903651,-0.6421362550853406,19.35042727547395,19.36107886233361,0,0,0,0,0,18,18,1,1
6,1965,8,28,21,23980.875,58.260114373052595,151.14433878028348,427,482,993.6855799701257,1003.6855799701257,10.0,17.72427132184077,7.235614050797014,506.9864229872541,807500,0.6221690736460732,5.068538541101107,-3.8308157886476777,7.584119866430244,8.496706641689721,0,0,0,0,0,14,14,1,1
6,1965,8,29,0,23981.0,58.46423261062965,150.94539590092285,427,481,996.275653491212,1004.275653491212,8.0,15.44121355836749,5.16716743747209,494.67234105394357,768750,2.590073521086306,21.05393017337855,-3.8567293742130544,7.565637484732296,8.491951013536537,0,0,0,0,0,14,14,1,1
6,1965,8,29,3,23981.125,58.260114373052595,151.14433878028348,427,482,996.9347918520108,1004.9347918520108,8.0,14.410274905991361,4.72055788472695,542.4368175567929,924375,0.6591383607988246,5.369711107703714,3.8790946823650017,-7.565637484732296,8.50213185648981,0,0,0,0,0,13,13,1,1
6,1965,8,29,6,23981.25,57.96106855474074,151.89169574467448,426,484,998.1602860034944,1004.1602860034944,6.0,13.350020988815041,3.616058895318128,450.46925804339475,637500,1.2254941514835809,10.016036847374714,14.695054247448493,-11.084125943516344,18.406587605180547,0,0,0,0,0,16,16,1,1
6,1965,8,29,9,23981.375,57.76307278468765,152.98381027613473,424,486,999.8576378409462,1003.8576378409462,4.0,12.60649955687902,2.962182898056126,303.16988576632997,288750,1.6973518374517154,13.902707013707703,21.592242406137704,-7.338708375661976,22.80529703267253,0,0,0,0,0,16,16,1,1
6,1965,8,29,12,23981.5,58.35533531094247,156.10008374846643,416,487,1002.8467511845752,1006.8467511845752,4.0,9.985474945712207,2.928952193541918,494.8733865168483,769375,2.9891133436289965,24.326021242754383,60.59404090662418,21.952196053741957,64.44793794199757,0,0,0,0,0,16,16,1,1
6,1965,8,29,15,23981.625,58.326909445051115,157.0170087679526,414,488,1003.6027108287386,1007.6027108287386,4.0,9.475353566689606,2.7670627533750665,528.5044229959445,877500,0.7559596441635221,6.154037952392196,17.84485593655373,-1.0536040241992983,17.87593255850351,0,0,0,0,0,19,19,1,1
6,1965,8,29,18,23981.75,58.50620541630287,157.7770238237238,412,488,1004.1001464720935,1008.1001464720935,4.0,8.97544590009751,2.311037747635637,566.301342334776,1007500,0.49743564335483825,4.041689190298994,14.71607304528827,6.645600790334754,16.147037367231114,0,0,0,0,0,16,16,1,2
6,1965,8,29,21,23981.875,58.60882880031945,166.41568582356132,392,494,1003.9715565507125,1007.9715565507125,4.0,9.862091866703194,0.8921295805758563,539.3103545273711,913750,-0.4183500628278125,-3.395394517941217,27.305742909484437,-10.34480419532518,29.19963304013386,0,0,0,0,2,20,20,1,1
6,1965,8,30,0,23982.0,59.09061353162929,168.36031128487022,387,493,1004.0822635395947,1006.0822635395947,2.0,9.293945746033383,1.3545341415171424,336.1547405514991,355000,0.11070698888215702,0.8939600404596668,37.02359052219927,17.85733928548813,41.10511916431482,0,0,0,0,0,23,23,1,1
6,1965,8,30,3,23982.125,59.03599326405203,170.08925519984535,383,494,1002.9768310413955,1004.9768310413955,2.0,9.740360454450968,1.549510473463888,277.472888262447,241875,-1.105432498199225,-8.931480181385224,32.969887436185985,-2.0244988821861254,33.031985609084224,0,0,0,0,0,20,20,1,1
6,1965,8,30,6,23982.25,59.37879978021298,171.2699637655901,380,493,1002.6536755722934,1004.6536755722934,2.0,9.388015947110913,1.5567089837306411,271.3100830783876,231250,-0.3231554691020574,-2.6016818984369827,22.290790218838286,12.70611513926463,25.65783877321912,0,0,0,0,0,21,21,1,1
6,1965,8,30,9,23982.375,58.447457409367395,174.84287302678214,372,498,1002.650018780867,1004.650018780867,2.0,10.050598242184204,2.417094416613618,260.07854739300495,212500,-0.0036567914264742287,-0.029730302705897035,69.28974186312746,-34.52018220238137,77.41260431444253,0,0,0,0,0,23,23,1,1
6,1965,8,30,12,23982.5,58.73541646255185,176.04766341788422,369,497,1001.3227315715433,1005.3227315715433,4.0,11.301400399258497,3.0385907322854475,387.302896792822,471250,-1.3272872093236947,-10.757993508204674,23.17549730080172,10.673195265160492,25.51510870656271,0,0,0,0,0,25,25,1,1
6,1965,8,30,15,23982.625,59.22925868608368,176.83187962440624,367,495,1001.2155788466655,1005.2155788466655,4.0,10.724760926829422,2.331743392428034,372.6428422064198,436250,-0.10715272487781476,-0.8640101041764621,14.870689192884585,18.304249939869365,23.58353160433318,0,0,0,0,0,22,22,1,1
6,1965,8,30,18,23982.75,59.725082430914355,178.069412558833,364,493,1001.4704966550526,1005.4704966550526,4.0,10.33514984328809,2.7684750217396505,365.0921319878893,418750,0.25491780838710837,2.045031237903606,23.124567523254207,18.37769497835896,29.537862073195875,0,0,0,0,0,21,21,1,1
6,1965,8,30,21,23982.875,59.97311975141229,179.35139624110903,361,492,1002.103579865079,1006.103579865079,4.0,9.932759139759943,2.435355399407854,391.89860944341075,482500,0.6330832100265252,5.066038441115106,23.777278291680577,9.193497219293754,25.49273139703132,0,0,0,0,0,19,19,1,1
6,1965,8,31,0,23983.0,60.43923708154074,-179.78047701474037,359,490,1001.971484659243,1005.971484659243,4.0,9.393300365916083,2.678787303379431,657.6500268776895,1358750,-0.13209520583608536,-1.052135809451039,-15.874336845650966,17.276627443796674,23.46223403942899,0,0,0,0,0,18,18,1,1
6,1965,8,31,3,23983.125,61.12389633797247,-178.42756957232663,356,487,1001.3382504549305,1007.3382504549305,6.0,9.369534478632819,2.3641460189182544,882.7583984951334,2448125,-0.6332342043124664,-5.010101103692532,24.215684597666726,25.376878598481582,35.0768491734327,0,0,0,0,0,18,18,1,2
6,1965,8,31,6,23983.25,61.570212308726354,-177.4906352601483,354,485,1001.7555834798328,1007.7555834798328,6.0,8.610145956254994,2.1952679679144786,936.452741165481,2755000,0.41733302490232743,3.2878827962127577,16.53295167042801,16.542690542757626,23.388011914871065,0,0,0,0,0,15,15,1,2
6,1965,8,31,9,23983.375,61.777228437197564,-176.5526131481348,352,484,1002.2421846095749,1010.2421846095749,8.0,8.467444431911385,2.0427302045663236,1139.3452087024684,4078125,0.4866011297420482,3.8261399800691582,16.44156876957963,7.673047739865616,18.143892780301393,0,0,0,0,0,16,16,1,2
6,1965,8,31,12,23983.5,62.16728904884198,-174.6369305799533,348,482,1001.8794588936257,1009.8794588936257,8.0,9.241988787356219,2.192861528307476,1048.1254670562143,3451250,-0.3627257159492001,-2.8417913464598996,33.150302128628,14.457587032910789,36.165789830079866,0,0,0,0,0,17,17,1,2
6,1965,8,31,15,23983.625,62.32358668469822,-173.19441955813522,345,481,1002.4309460606968,1008.4309460606968,6.0,8.933449043254324,2.1384942123248765,813.0743169403154,2076875,0.5514871670710272,4.314453790835702,24.833536013264766,5.793168051250921,25.50030013533473,0,0,0,0,0,18,18,1,2
6,1965,8,31,18,23983.75,62.69019077577191,-171.66862524362426,342,479,1002.636427831372,1008.636427831372,6.0,9.316121052384014,2.2745076650954434,791.123766365844,1966250,0.20548177067525103,1.6022031135247212,25.946248897485226,13.588171671511414,29.28901229513755,0,0,0,0,0,17,17,1,3
6,1965,8,31,21,23983.875,63.490298102396025,-169.93543179274812,339,475,1003.666605286616,1005.666605286616,2.0,9.28370681361204,2.2220375218059782,334.67191576366446,351875,1.0301774552439746,7.975871523491061,28.67295150032679,29.65595849724752,41.250624505946085,0,0,0,2,0,20,20,1,2
6,1965,9,1,0,23984.0,63.26334516868888,-170.02007885425544,339,476,1004.187946061719,1008.187946061719,4.0,9.16692912673954,2.907724944710135,649.4309810853827,1325000,0.5213407751030172,4.0443629420236915,-1.411504724829622,-8.412004938444655,8.52960565751041,0,0,0,0,0,15,15,1,1
6,1965,9,1,3,23984.125,64.08373710332806,-168.6900675259798,337,472,1005.1870504915772,1009.1870504915772,4.0,8.83272677161661,2.4524153375224707,671.8654681886755,1418125,0.9991044298582711,7.695951434011636,21.545141548458638,30.407806997330855,37.26698070316459,0,0,0,0,0,16,16,1,1
6,1965,9,1,6,23984.25,64.38826399071723,-167.0053832080835,334,470,1006.195468084036,1010.195468084036,4.0,8.829924881687646,1.8862518276229094,559.9421737028154,985000,1.008417592458718,7.747788731822054,26.991380138889298,11.287281634844485,29.256406623273563,0,0,0,0,0,16,16,1,1
6,1965,9,1,9,23984.375,66.4401001714765,-164.1676133795778,331,460,1007.2368048795604,1011.2368048795604,4.0,9.731651962425001,2.306782672525878,540.2317807152436,916875,1.041336795524403,7.870670807237612,42.038380889288526,76.05125786872642,86.89660114877003,0,0,0,0,0,18,18,1,1
6,1965,9,1,12,23984.5,66.74891720168694,-162.79513962483534,329,458,1008.6376631367582,1012.6376631367582,4.0,8.953033496292239,2.2833378454737248,552.2505406967425,958125,1.4008582571978332,10.56334605733594,20.081376720921618,11.446295673613179,23.114484109651862,0,0,0,0,0,16,16,1,1
6,1965,9,1,15,23984.625,67.03467914841318,-163.16606917932086,330,457,1009.6841590570283,1011.6841590570283,2.0,8.705761215047184,2.7749717762913497,278.1889485195882,243125,1.0464959202700994,7.874456542458271,-5.364296019868656,10.591759568010044,11.872701568527317,0,0,0,0,0,13,13,1,1
6,1965,9,1,18,23984.75,66.96740427272863,-162.6292466694657,329,457,1010.9709508822214,1012.9709508822214,2.0,8.396419901635118,3.8629763840392117,269.8395568936143,228750,1.2867918251930677,9.687412385913003,7.784894046965719,-2.493541622254886,8.174492347809728,0,0,0,0,0,17,17,1,1
6,1965,9,1,21,23984.875,68.26023505098836,-163.44292862436336,332,452,1012.2684605540759,1014.2684605540759,2.0,8.252928374950114,3.3525773461286734,260.46073503106066,213125,1.2975096718544956,9.677732320202132,-11.170594351134287,47.91874118413927,49.203535796018954,0,0,0,0,0,15,15,1,1
6,1965,9,2,0,23985.0,68.56019409623993,-161.94574842850477,330,450,1012.682669010032,1016.682669010032,4.0,8.33316262831895,8.122208354154427,447.36712098460976,628750,0.41420845595610445,3.0830617779661877,20.283478668834853,11.117974677706664,23.130691036871447,0,0,0,0,0,16,16,1,1
6,1965,9,2,3,23985.125,68.48841533709613,-161.37533074625267,329,450,1012.9964086648154,1016.9964086648154,4.0,8.251975316145513,7.497992142213261,444.6909227673531,621250,0.3137396547834214,2.336397487754365,7.752708073252796,-2.6604779525441673,8.196500802479841,0,0,0,0,0,18,18,1,1
6,1965,9,2,6,23985.25,68.47886200657997,-163.2720360794327,332,451,1013.2339074594177,1017.2339074594177,4.0,8.783042050232192,5.569603302069882,411.2202901549713,531250,0.2374987946022884,1.7687533447093364,-25.788636721003858,-0.3540939619846124,25.7910675711926,0,0,0,0,0,17,17,1,1
6,1965,9,2,9,23985.375,68.26023505098836,-159.68717372979262,326,450,1014.0941580150404,1018.0941580150404,4.0,8.472360433753591,7.88557461821685,402.17062413500395,508125,0.8602505556227698,6.416348784300952,49.20804419375338,-8.103402763177883,49.87080057224533,0,0,0,0,0,19,19,1,1
6,1965,9,2,12,23985.5,68.0132346742188,-158.0350444891853,323,450,1014.2406434971426,1018.2406434971426,4.0,8.413321238543222,5.511063323389535,409.2805609899154,526250,0.14648548210214357,1.0944825095224118,22.92565959274908,-9.155062925356376,24.686049601543033,0,0,0,0,0,21,21,1,1
6,1965,9,2,15,23985.625,68.0132346742188,-158.0350444891853,323,450,,,,8.413321238543222,,0.0,0,0.0,,0.0,0.0,0.0,0,3,0,0,0,21,21,0,0
7,1965,8,30,0,23982.0,60.9662681164608,-15.607824244760739,325,236,998.6039038276266,998.6039038276266,0.0,9.53923055191243,4.05475840635765,14.104739588693906,625,,,,,,3,0,0,0,0,4,4,1,1
7,1965,8,30,3,23982.125,61.25676447937442,-13.434304225363578,330,236,997.8189305917778,997.8189305917778,0.0,10.046357619172941,3.3904253036586307,14.104739588693906,625,-0.7849732358488837,-6.202732924498626,38.739035666403694,10.767240588230127,40.20754101219978,0,0,3,0,0,4,4,1,1
7,1965,8,30,6,23982.25,61.04951472456657,-11.046303447135092,335,234,997.7335891312708,999.7335891312708,2.0,10.689687449404966,3.8249428885297676,212.50932944773342,141875,-0.08534146050689742,-0.6756995073471858,42.841785664221575,-7.681707094320554,43.525018354758174,0,0,0,0,0,3,3,1,1
7,1965,8,30,9,23982.375,60.98434677002106,-9.205062579194294,339,233,997.9215041578873,999.9215041578873,2.0,10.958404220593405,4.348003813273826,188.18069730433754,111250,0.18791502661639242,1.488773601508562,33.10131460949109,-2.4154486417545873,33.189326914197316,0,0,0,0,0,2,2,1,1
7,1965,8,30,12,23982.5,61.14751710382064,-6.98561083442198,344,233,997.768707254726,999.768707254726,2.0,11.065441808702872,3.8926821535734053,182.81831978578631,105000,-0.1527969031612156,-1.2086428457818819,39.695060224557686,6.04790443247113,40.15314376553305,0,0,0,0,0,2,2,1,1
7,1965,8,30,15,23982.625,61.265885463318114,-4.744899205456497,349,233,998.1398010861715,1000.1398010861715,2.0,10.556893893228184,4.1927368805356675,171.01087916602197,91875,0.3710938314454688,2.932068121891961,39.92489578974338,4.387320350452349,40.165232274684556,0,0,0,0,0,2,2,1,1
7,1965,8,30,18,23982.75,61.08396265519581,-3.366460663429801,352,232,998.4128390649639,1000.4128390649639,2.0,10.731818386871627,3.0425050049433775,176.73188049071527,98125,0.27303797879241753,2.16108701029464,24.703824847010715,-6.742964434710371,25.607548329341352,0,0,0,0,0,1,1,1,1
7,1965,8,30,21,23982.875,61.12389633797247,-1.5724304276733532,356,232,999.6613905739179,1001.6613905739179,2.0,10.348732713205555,2.7094173526550005,200.96160531198103,126875,1.2485515089539694,9.87844505307325,32.1109057587447,1.480140975665845,32.145000948123,0,0,0,0,0,1,1,1,1
7,1965,8,31,0,23983.0,61.36456036899475,0.679364755465251,361,233,999.2334812904513,1010.6197173201012,11.386236029649881,10.28378805671408,3.6199831046717734,1201.8860396218165,4538125,-0.4279092834665789,-3.377791207572348,39.9962660181863,8.920206425168761,40.978913822417816,0,0,2,0,0,1,3,2,0
7,1965,8,31,3,23983.125,61.35541081831782,1.584854393050516,363,233,999.6529025585047,1001.6529025585047,2.0,10.043763075345787,2.6524480004893123,209.6820283885486,138125,0.41942126805341107,3.311078034922831,16.088630897037312,-0.33912787211732454,16.092204692171624,0,0,0,2,0,1,1,1,1
7,1965,8,31,6,23983.25,61.79021292923926,2.9886324552294563,366,235,,,,9.20974085742115,,0.0,0,1.103143167270755,,24.59464337832351,16.115929609602997,29.40441582634471,0,2,2,0,0,1,4,0,0
10,1965,8,29,15,23981.625,72.63356487845905,74.61481164634642,434,339,998.1638078909508,1000.1638078909508,2.0,11.200835714634023,7.534601981069283,141.04739588693906,62500,-0.8945263717243506,-6.493462736357242,18.09153323804815,-3.378550879602093,18.40429789341232,2,0,0,2,0,9,9,1,1
10,1965,8,29,18,23981.75,72.41492537362991,74.80911420670654,435,339,996.6635831079296,1002.6635831079296,6.0,13.132231249146347,10.034760398783183,462.0244229713453,670625,-1.5002247830212583,-10.903383836129724,2.1758241640195792,-8.10386790036006,8.390881106249669,0,0,2,0,0,8,8,1,2
10,1965,8,29,21,23981.875,71.97684715982412,75.18368065722237,437,339,995.6379453224796,1003.6379453224796,8.0,14.200809698294375,10.388945600155203,591.7270272703197,1100000,-1.025637785449944,-7.4724904138014505,4.295502803191522,-16.23735828290452,16.795926540076145,0,0,0,0,0,9,9,1,2
10,1965,8,30,0,23982.0,70.26647599239739,77.15229514128234,445,340,993.2314444192717,1001.2314444192717,8.0,16.67453374328928,5.95428076125856,445.13807312946136,622500,-2.406500903207925,-17.712953323482914,24.635827352866364,-63.39486549899436,68.01347631900478,0,0,0,0,0,10,10,1,2
10,1965,8,30,3,23982.125,69.02265258595077,79.17254689617461,451,342,993.1935862040012,999.1935862040012,6.0,16.900786470496303,4.733651256243902,360.1545204768291,407500,-0.03785821527053486,-0.2809073776415589,26.80594918046269,-46.102284146206195,53.328974441321144,0,0,1,0,0,10,10,1,1
10,1965,8,30,6,23982.25,66.51474775148486,83.6598082540901,463,348,992.9392857025601,1002.9392857025601,10.0,17.666130169724763,5.164405432219137,663.6725887113466,1383750,-0.25430050144103006,-1.9209738823088995,66.26652650401398,-92.95543136665673,114.15763117491716,0,0,2,0,0,10,10,1,2
10,1965,8,30,9,23982.375,66.76668040101129,84.15107835407105,462,349,993.1167240829975,1003.1167240829975,10.0,17.86900466624973,6.001494635381896,672.4574202578536,1420625,0.17743838043737925,1.3378180545310756,7.182967519568555,9.337877494486898,11.78095830097118,0,0,0,0,0,10,10,1,2
10,1965,8,30,12,23982.5,66.51474775148486,83.6598082540901,463,348,994.2288082375552,1004.8322367369475,10.60342849939232,17.468667792780742,3.1579097794160043,745.5525727595905,1746250,1.1120841545576696,8.400630764506147,-7.256470477715519,-9.337877494486898,11.825917296176302,0,0,0,0,0,10,13,2,0
10,1965,8,30,15,23982.625,66.71564555708066,96.95295746817392,462,372,990.4586040224199,1006.4586040224199,16.0,19.326966140607137,11.077260529047052,823.4075889688376,2130000,-0.37363271452763,-2.8181275926676244,-4.968369315064783,26.324833400891542,26.789579079104104,0,0,0,0,2,11,11,1,1
10,1965,8,30,18,23982.75,66.99429198899304,95.9061411137705,461,370,991.7875534016157,1007.7875534016157,16.0,19.140335175870426,6.82291169008844,880.9536260506876,2438125,1.3289493791958376,10.002794403648007,-15.163834118271883,10.328023185421126,18.346932388959814,0,0,0,0,0,9,9,1,1
10,1965,8,30,21,23982.875,67.28295903106589,94.26789330029081,460,367,992.7050621154601,1008.7050621154601,16.0,19.018346935422237,5.8388703049671316,926.9507802560877,2699375,0.917508713844436,6.891290611823189,-23.448818409869933,10.699436855997503,25.774503561747466,0,0,0,0,0,8,8,1,1
10,1965,8,31,0,23983.0,67.51091005728487,94.31062582482053,459,367,993.345022773616,1009.345022773616,16.0,19.013323782960974,4.488070961254343,927.3799241588257,2701875,0.6399606581559055,4.798707781053855,0.6058459639337669,8.448999212990913,8.470692830762776,0,0,0,0,0,9,9,1,1
10,1965,8,31,3,23983.125,67.768834108506,93.19593801359592,458,365,994.3320377439045,1008.3320377439045,14.0,18.56983908433008,6.438136446685821,886.8057073298683,2470625,0.9870149702884373,7.387381913857481,-15.631417433386106,9.559948651800033,18.32304093762333,0,0,0,0,0,10,10,1,1
10,1965,8,31,6,23983.25,67.55217325992997,92.58950184724092,459,364,996.513455786146,1008.513455786146,12.0,17.196428421492772,4.449528520199674,888.598594087716,2480625,2.181418042241421,16.352365168788037,-8.582835103143154,-8.030529054719945,11.753912340427233,0,0,0,0,0,7,7,1,1
10,1965,8,31,9,23983.375,66.65808036033987,90.83031548625802,463,361,997.3100784234828,1007.3100784234828,10.0,17.09239564956657,3.663106210785336,807.3038411659587,2047500,0.7966226373368408,6.011134359631611,-25.83418059937263,-33.13953146111405,42.01944112792517,0,0,0,0,0,9,9,1,1
10,1965,8,31,12,23983.5,65.4827634088188,92.90191046888364,468,365,998.8454789306692,1008.8454789306692,10.0,15.541737035494576,3.084341575413855,858.42145040503,2315000,1.535400507186423,11.69173476978313,31.861228528037923,-43.56309406949713,53.97111309046455,0,0,0,0,0,9,9,1,2
10,1965,8,31,15,23983.625,64.75161486240074,94.35940784434482,471,368,999.039112149819,1008.4507942060707,9.411682056251738,15.701809330137143,1.8515583406087535,801.7399992593561,2019375,0.1936332191497786,1.4832271885294894,23.04225569600702,-27.100002995077425,35.57183871960196,0,0,0,1,0,11,14,2,0
10,1965,8,31,18,23983.75,65.1157281996084,100.18862800845348,468,379,998.5001208679122,1008.5001208679122,10.0,14.622701590360881,6.2875439830398685,787.2163359992395,1946875,-0.5389912819067831,-4.116410510947559,90.88288621832463,13.495851940370253,91.87947010605436,0,0,1,0,0,12,12,1,1
10,1965,8,31,21,23983.875,65.45532188550737,98.72613577629873,467,376,999.0407420841121,1007.0407420841121,8.0,15.606513649766573,7.157096288342291,638.1517927863144,1279375,0.5406212161999429,4.117610743916879,-22.517326803880298,12.587031664164174,25.796576759473684,0,0,0,0,0,13,13,1,1
10,1965,9,1,0,23984.0,65.52080678675289,97.68190461625146,467,374,999.7516075429954,1007.7516075429954,8.0,16.066515930403813,6.777266688716846,629.2041965380473,1243750,0.7108654588833452,5.41144542793563,-16.037479375885784,2.4271962634403184,16.22011178855499,0,0,0,0,0,11,11,1,2
10,1965,9,1,3,23984.125,65.57797563263505,96.63251461513848,467,372,1000.689664779783,1006.689664779783,6.0,15.892203004327701,5.943753106995864,547.3656733578504,941250,0.938057236787572,7.137698169911589,-16.081379191458563,2.1189618747403833,16.220380887207295,0,0,0,0,0,13,13,1,2
10,1965,9,1,6,23984.25,65.1908187499463,94.95845091948537,469,369,1002.208312649545,1006.208312649545,4.0,15.175354551280542,4.293341506022334,465.02879365272946,679375,1.5186478697619168,11.59125508034641,-26.034899363197123,-14.349960390170365,29.72772019599317,0,0,0,0,0,13,13,1,2
10,1965,9,1,9,23984.375,64.99726469823499,93.88289856036369,470,367,1003.10002827917,1003.10002827917,0.0,14.834176121130161,7.233087664394625,14.104739588693906,625,0.8917156296251051,6.81680631637505,-16.849334679441256,-7.174076193932112,18.313040391375903,0,0,0,2,0,12,12,1,1
10,1965,9,1,12,23984.5,64.30929084903141,93.78056853430108,473,367,1004.1328979377422,1004.1328979377422,0.0,14.408615757467794,8.163782341585902,14.104739588693906,625,1.0328696585721628,7.940911178320184,-1.6442537655482286,-25.499733898522226,25.55269064777647,0,0,0,0,0,10,10,1,1
10,1965,9,1,15,23984.625,64.30929084903141,93.78056853430108,473,367,,,,14.408615757467794,,0.0,0,0.0,,0.0,0.0,0.0,0,3,0,0,0,10,10,0,0
11,1965,8,29,21,23981.875,55.147587851239784,-59.16456526795991,228,281,984.1864293108133,1006.1864293108133,22.0,23.853749843276823,6.740976377781408,873.3556347604956,2396250,,,,,,3,0,0,0,0,6,6,1,1
11,1965,8,30,0,23982.0,56.348944918132055,-60.23111544534469,231,286,984.5650841010895,1006.5650841010895,22.0,23.20471667431622,14.654654605081305,899.7231959337009,2543125,0.37865479027619586,3.1515013781908197,-21.90559699464341,44.52827030900309,49.62481270900049,0,0,0,0,0,8,8,1,1
11,1965,8,30,3,23982.125,56.46478445196131,-60.56820727807843,231,287,983.8190668288253,1007.8190668288253,24.0,23.822083730392322,17.939483242916904,1017.0094328070193,3249375,-0.7460172722641437,-6.200685523117162,-6.9024620435056026,4.293589488894413,8.12889248060153,0,0,0,0,0,7,7,1,2
11,1965,8,30,6,23982.25,56.46478445196131,-60.56820727807843,231,287,985.2780921270277,1007.2780921270277,22.0,22.43733879831579,17.266426080669408,1004.5109950630787,3170000,1.459025298202323,12.127007484649193,0.0,0.0,0.0,0,0,1,0,0,8,8,1,1
11,1965,8,30,9,23982.375,56.46478445196131,-60.56820727807843,231,287,987.4752834832532,1009.4752834832532,22.0,20.441580937577328,15.69493532678578,1122.4572678954048,3958125,2.197191356225521,18.262435925534238,0.0,0.0,0.0,0,0,0,0,0,8,8,1,2
11,1965,8,30,12,23982.5,56.348944918132055,-60.23111544534469,231,286,991.8393126368567,1010.1730612793198,18.333748642463178,16.04161111886306,11.137863156191452,1175.9496212804806,4344375,4.364029153603479,36.32132550604861,6.923503921381371,-4.293589488894413,8.14676728822714,0,0,0,0,0,8,7,2,0
11,1965,8,30,15,23982.625,59.96961346890029,-54.21102654081667,252,282,988.9334065209853,1008.9334065209853,20.0,18.642830821101303,9.79534167800608,1087.8037515509136,3717500,-1.239654758334509,-9.92027699925709,7.395892864422696,26.041903274126035,27.071755713306715,0,0,0,0,2,6,6,1,1
11,1965,8,30,18,23982.75,60.48194067662821,-54.053438662173775,254,283,988.7887066844903,1008.7887066844903,20.0,19.232030216834445,11.90697990184286,1070.660299824074,3601250,-0.14469983649498316,-1.1520447756466663,2.877843055804539,18.989395427106107,19.20622605669424,0,0,0,0,0,5,5,1,2
11,1965,8,30,21,23982.875,61.31701169618998,-53.98924854060156,257,285,989.0514422375697,1009.0514422375697,20.0,19.864440448159005,17.131638475390574,1059.2650040466087,3525000,0.26273555307940116,2.074898822281022,1.1419305625962533,30.951886921055575,30.97294479676743,0,0,0,0,0,4,4,1,1
11,1965,8,31,0,23983.0,61.77537395462131,-54.46232220802562,258,287,991.1535258023251,1007.1535258023251,16.0,17.19685279865147,11.838880382120697,954.4438723792174,2861875,2.1020835647554486,16.52894989404575,-8.292547146817055,16.989185900968874,18.90499340808833,0,0,0,0,0,5,5,1,1
11,1965,8,31,3,23983.125,62.04170431821353,-55.21687962972674,258,289,992.4111447267728,1004.4111447267728,12.0,15.994711095852644,10.794958545062109,747.8172780092389,1756875,1.2576189244475973,9.86431251521411,-13.11196587853755,9.87152841428522,16.412517248550678,0,0,0,0,0,6,6,1,1
11,1965,8,31,6,23983.25,62.04170431821353,-55.21687962972674,258,289,993.7305332465926,1001.7305332465926,8.0,14.868633448973695,7.9680766633858005,463.74358955453346,675625,1.3193885198197677,10.348811102858258,0.0,0.0,0.0,0,0,0,0,0,5,5,1,1
11,1965,8,31,9,23983.375,62.1729243666551,-55.59942371643346,258,290,994.2327114649065,1002.2327114649065,8.0,14.705072962575708,9.097955041684763,468.0138784589843,688125,0.5021782183139294,3.934134131914809,-6.618806912217364,4.863667886918684,8.213639282039383,0,0,0,0,0,5,5,1,1
11,1965,8,31,12,23983.5,61.397520795669884,-54.98940742623668,256,287,995.3499181597333,1003.3499181597333,8.0,14.529479007010092,5.694203622154455,559.4089799551302,983125,1.1172066948268913,8.81613637808486,10.82415681660438,-28.740314398543386,30.711041052324543,0,0,0,0,0,5,5,1,1
11,1965,8,31,15,23983.625,60.94097514294942,-54.5142205448402,255,285,995.2490025973882,1003.2490025973882,8.0,15.132914951843967,5.373302208618188,506.2010059037334,805000,-0.10091556234518066,-0.7998486279871152,8.55469620341537,-16.921853454714824,18.9613277877783,0,0,0,0,0,5,5,1,1
11,1965,8,31,18,23983.75,60.531832231405524,-53.43837797782392,255,282,996.2361159466564,1004.2361159466564,8.0,14.782097823946847,3.089603767628723,524.726644596002,865000,0.9871133492681838,7.855149309347038,19.616416967422964,-15.164872012088276,24.794700195461488,0,0,0,0,0,5,5,1,1
11,1965,8,31,21,23983.875,60.51578733586441,-51.23708007645849,258,278,997.7717334675445,1003.7717334675445,6.0,14.263850489491878,3.097147866240921,443.1223431961267,616875,1.5356175208881906,12.221913888444114,40.15591656923126,-0.5947036609046378,40.16032006793964,0,0,0,0,0,5,5,1,1
11,1965,9,1,0,23984.0,60.69630238737346,-50.95983911071305,259,278,998.3005453915787,1004.3005453915787,6.0,13.893973201061145,4.085296763363658,435.1946487255507,595000,0.5288119240340893,4.201328142616766,5.029434211515547,6.690785970262414,8.37029422349199,0,0,0,0,0,5,5,1,1
11,1965,9,1,3,23984.125,60.401917116041396,-50.278646063418904,259,276,999.4008361138109,1003.4008361138109,4.0,13.376426313817472,3.410933620145297,380.5666803775979,455000,1.100290722232312,8.767035420544264,12.470453527922135,-10.911382883668848,16.57016860584367,0,0,0,3,0,6,6,1,1
11,1965,9,1,6,23984.25,59.9941651954796,-48.06102979941765,261,271,1000.7835613702622,1002.7835613702622,2.0,13.111992097139936,4.807327397339759,171.59156293944244,92500,1.382725256451231,11.062452529845961,41.10327106734708,-15.113314965348955,43.79373450252504,0,0,0,0,0,7,7,1,1
11,1965,9,1,9,23984.375,61.66061223692598,-43.05851360908563,274,268,,,,14.210118286900672,,0.0,0,-2.2581134414172266,,87.99510407114572,61.76681884355721,107.5094333095686,0,3,3,0,0,5,5,0,0
14,1965,9,1,9,23984.375,77.06490191140497,21.893673141728428,381,306,1000.0814413698838,1004.0814413698838,4.0,13.489281505885018,6.6825416157457225,363.4537147509613,415000,0.4901295591965027,3.4841295848240605,3.0255912294357215,7.761770020860285,8.330622794507253,0,0,0,1,0,7,7,1,2
14,1965,9,1,12,23984.5,79.96008145239404,33.157923884672236,384,322,1001.6278323323764,1003.6278323323764,2.0,14.253867332844946,2.714262354346138,260.46073503106066,213125,1.5463909624925873,10.88032639639444,72.67253783052699,107.30975889436871,129.60201429259084,0,0,1,0,0,7,7,1,1
14,1965,9,1,15,23984.625,80.51727839178743,35.38027220030115,384,325,1001.2236936064023,1003.2236936064023,2.0,14.50496612744772,3.1057452943777024,211.57109383040859,140625,-0.40413872597404404,-2.8387457528512567,13.569855726840382,20.65249093414057,24.711664578332663,0,0,0,0,0,6,6,1,1
14,1965,9,1,18,23984.75,80.74292450542187,38.11827636936305,385,327,1001.4114720763304,1003.4114720763304,2.0,14.83673611067106,3.23322860428445,196.9619693713725,121875,0.18777846992801642,1.3181341098772454,16.323663906228077,8.36356768440354,18.341517596292093,0,0,0,0,0,10,10,1,1
14,1965,9,1,21,23984.875,80.79745737331987,42.039063865836255,387,329,1001.3825007619452,1005.3825007619452,4.0,14.958330824270194,3.7761725864063194,347.7898169151024,380000,-0.0289713143852714,-0.20333626055094128,23.23650417965623,2.0212594152117282,23.3242495295082,0,0,0,0,0,10,10,1,1
14,1965,9,2,0,23985.0,80.79745737331987,47.96093613416375,390,332,1001.8800536476069,1005.8800536476069,4.0,15.008877634683655,2.2775940603335765,330.7854642750767,343750,0.49755288566186207,3.4920936568983127,35.08736160507727,0.0,35.08736160507727,0,0,0,0,0,9,9,1,1
14,1965,9,2,3,23985.125,80.918571502196,51.00900595749453,391,334,1001.8851877821452,1005.8851877821452,4.0,14.772620220284454,2.0632749669617625,315.07601583359167,311875,0.005134134538238868,0.03602186082397408,17.829956069047583,4.489092225333811,18.386388509756863,0,0,0,0,0,10,10,1,1
14,1965,9,2,6,23985.25,81.70002526410491,58.240519915187214,391,340,1002.2697197450719,1008.2697197450719,6.0,14.206152367310173,2.296930449806896,383.69039909802694,462500,0.3845319629267033,2.692315294608701,38.667382810237456,28.964564577191773,48.31265356549731,0,0,0,0,0,9,9,1,1
14,1965,9,2,9,23985.375,82.38881472274034,57.01147838636545,388,341,1003.1647517423,1009.1647517423,6.0,13.316090827597641,3.3297455374857963,386.01659999252234,468125,0.8950319972280704,6.256081515089582,-6.033560977738363,25.5299644421706,26.233241173949175,0,0,0,0,0,9,9,1,1
14,1965,9,2,12,23985.5,82.76103249818304,55.08059798754232,386,341,1003.098207426479,1009.098207426479,6.0,13.108364304646534,3.885691956150113,364.54681109801606,417500,-0.06654431582093821,-0.46473685377996604,-9.017721584203114,13.79624274538373,16.48197853595726,0,0,0,0,0,12,12,1,1
14,1965,9,2,15,23985.625,83.25681583476243,54.46232220802562,384,342,1004.3315750741177,1008.3315750741177,4.0,11.165659761559816,4.263422593413561,302.18396482767736,286875,1.2333676476386608,8.604544240109405,-2.6908111684592217,18.376197247513634,18.572159002760895,0,0,0,0,0,12,12,1,1
14,1965,9,2,18,23985.75,82.94378015854309,54.03948280335512,385,341,1005.3405748182311,1009.3405748182311,4.0,10.00583099528868,3.8793023277699104,334.67191576366446,351875,1.008999744113389,7.043905168820376,-1.9252595791521914,-11.602659684779907,11.761306738961204,0,0,0,0,0,12,12,1,1
14,1965,9,2,21,23985.875,82.63033530344728,53.65254179111473,386,340,1006.0262155351417,1010.0262155351417,4.0,8.58219054119013,3.063733710838933,367.2653186327036,423750,0.6856407169105659,4.789825955293505,-1.8396473691051984,-11.61782588983112,11.762575434363255,0,0,0,0,0,13,13,1,1
14,1965,9,3,0,23986.0,82.80977942341208,52.59464336859145,385,340,1005.3057095154323,1009.3057095154323,4.0,8.322268434360677,3.6655199732169423,335.8586993311039,354375,-0.7205060197092825,-5.031378495526548,-4.9077302375018075,6.651091918761171,8.265763110318352,0,0,0,0,0,11,11,1,1
14,1965,9,3,3,23986.125,82.49520346557362,52.27500495788926,386,339,1005.5199498193083,1009.5199498193083,4.0,7.510960558922757,4.096406282445896,337.6310530587642,358125,0.21424030387584936,1.4971248402638775,-1.5473760335683897,-11.659750185329365,11.761978871497348,0,0,0,0,0,12,12,1,1
14,1965,9,3,6,23986.25,82.49520346557362,52.27500495788926,386,339,1005.0094831168951,1007.0094831168951,2.0,7.961349305809115,4.219761707034922,196.456289539899,121250,-0.510466702413105,-3.567173713276261,0.0,0.0,0.0,0,0,0,0,0,11,11,1,1
14,1965,9,3,9,23986.375,82.52875867657023,49.86451443776053,385,338,1005.2045459259658,1007.2045459259658,2.0,7.542447903168788,4.837065084509522,218.50968611841583,150000,0.19506280907065957,1.3630063645203798,-11.616527690622563,1.2437230751034838,11.68291755832188,0,0,0,0,0,6,6,1,1
14,1965,9,3,12,23986.5,82.52875867657023,49.86451443776053,385,338,,,,7.542447903168788,,0.0,0,0.0,,0.0,0.0,0.0,0,3,0,0,0,6,6,0,0
15,1965,8,30,9,23982.375,63.62615004505733,-125.93714388565708,265,428,1008.2595303920465,1012.2595303920465,4.0,7.879727861452629,9.262766220607665,330.48461340403304,343125,,,,,,3,0,0,0,0,19,19,1,1
15,1965,8,30,12,23982.5,63.19521589016499,-124.69515353123397,262,427,1006.8990348312353,1010.8990348312353,4.0,8.881118552709154,6.256570329530877,442.89780690443814,616250,-1.360495560811105,-10.560539004723058,20.758958021972834,-15.972563913962452,26.192692418757677,0,0,0,0,0,19,19,1,1
15,1965,8,30,15,23982.625,63.95765864517035,-122.24246783912331,262,421,1006.3918079985343,1008.3918079985343,2.0,8.914187872336846,1.9654607320441573,352.6184897173477,390625,-0.5072268327009806,-3.911283828878814,39.90967761206695,28.259922071165168,48.90199957637158,0,0,0,0,0,16,16,1,1
15,1965,8,30,18,23982.75,63.77058451105233,-117.99990554636125,257,414,1005.4869722741843,1007.2104246937552,1.7234524195709673,8.875977899660239,1.926684091875577,336.4505212867273,355625,-0.9048357243501232,-6.988478335593971,69.48665335873524,-6.9338982067825325,69.83175451998218,0,0,0,0,0,14,12,2,0
15,1965,8,30,21,23982.875,63.77851996876091,-116.89623696549339,256,412,1004.9526878364708,1005.7129020039492,0.7602141674785525,8.567377968282141,2.917987569334073,292.482105284911,268750,-0.5342844377135043,-4.1262522892990505,18.07441241817114,0.294127545932489,18.07680544995203,0,0,0,0,0,14,10,2,0
15,1965,8,31,0,23983.0,67.03467914841318,-106.83393082067916,262,389,1000.3250645308461,1006.3250645308461,6.0,11.130956401488882,5.837348495755213,578.4663065820774,1051250,-3.3878374731031364,-25.49210029216061,30.77701205533366,10.4272057928357,32.49540108538899,0,0,2,0,2,11,11,1,2
15,1965,8,31,3,23983.125,67.50403980671652,-104.8019980834338,263,385,996.6103820318299,1000.6103820318299,4.0,14.155632263563875,8.009099430979331,222.56903656473068,155625,-3.7146824990161984,-27.85571369274114,28.815047850913285,17.39684132329401,33.65942766415217,0,0,0,2,0,12,12,1,1
15,1965,8,31,6,23983.25,67.72025841192449,-102.56023709684557,263,381,993.5700909778028,1003.5700909778028,10.0,16.41332223669821,10.759480738389756,582.066220551298,1064375,-3.0402910540271844,-22.76316508930524,31.500417795128108,8.014137315096479,32.503887739358895,0,0,0,0,0,8,8,1,1
15,1965,8,31,9,23983.375,67.94081174915887,-99.70285723285238,263,376,990.9014412132782,1002.9014412132782,12.0,18.352651058012174,7.5109447023627585,601.7287557812589,1137500,-2.668649764524598,-19.949309595595913,39.771981427129056,8.174804051663008,40.60342261340766,0,0,0,0,0,10,10,1,1
15,1965,8,31,12,23983.5,68.5290619994954,-97.53506372332812,265,372,989.6475657030783,1003.6475657030783,14.0,18.981129507324926,10.537596482100925,649.8903216929125,1326875,-1.2538755101998686,-9.334916299761261,29.408642844057333,21.803481144938228,36.60956246620548,0,0,0,0,0,11,11,1,1
15,1965,8,31,15,23983.625,68.78417325510325,-97.01185827447512,266,371,987.3203648476851,1003.3203648476851,16.0,20.267261851839642,13.317133518096961,698.1489907025073,1531250,-2.3272008553931665,-17.295545549159595,7.017812422710095,9.455692451172053,11.775390054325007,0,0,0,0,0,12,12,1,1
15,1965,8,31,18,23983.75,68.10466949829909,-96.79594401601895,263,371,986.6373844514301,1002.6373844514301,16.0,20.788323914942787,8.622479146903352,663.8224526827073,1384375,-0.6829803962550067,-5.099684307635837,2.9843610970956465,-25.185790130846883,25.36198800711258,0,0,0,0,0,11,11,1,1
15,1965,8,31,21,23983.875,67.67639508916893,-96.08469386526875,261,370,985.851469702472,1003.851469702472,18.0,21.105627774154133,16.796127887666152,830.6242702349639,2167500,-0.7859147489581665,-5.88612249937242,10.013394154789516,-15.87398050232334,18.768359531064892,0,0,0,0,0,11,11,1,1
15,1965,9,1,0,23984.0,67.49259379001644,-94.88275956383306,260,368,984.3187257192834,1004.3187257192834,20.0,22.03231473088123,16.216351053253092,892.7308539154822,2503750,-1.5327439831885568,-11.49471347314468,17.053472147221107,-6.812590658811657,18.363885856772633,0,0,0,0,0,10,10,1,1
15,1965,9,1,3,23984.125,69.16994191211754,-89.07096068057795,267,358,984.5072202535665,1002.5072202535665,18.0,21.3011133441263,5.763509759107983,794.7617129655654,1984375,0.18849453428309063,1.3972540051929903,76.57202201046613,62.17086713147317,98.63311449331103,0,0,0,0,0,12,12,1,1
15,1965,9,1,6,23984.25,70.07543424849891,-88.38190546726256,271,357,982.5108501915894,1002.5108501915894,20.0,22.79654121767836,6.217031197724136,841.2149937574459,2223125,-1.996370061977068,-14.711879711003554,8.703479875754558,33.5620513070456,34.67220572568792,0,0,0,0,0,12,12,1,1
15,1965,9,1,9,23984.375,70.98445793780503,-88.30535293146285,275,357,981.712894257272,997.712894257272,16.0,23.311012752581014,8.2993146595321,515.7399525364794,835625,-0.7979559343174333,-5.847497491645893,0.9245005483490417,33.69294081685336,33.70562211489176,0,0,0,0,0,11,11,1,1
15,1965,9,1,12,23984.5,71.67091527333278,-88.94559549647816,278,358,982.0674002811969,1002.0674002811969,20.0,22.60002616773518,11.822643859957243,860.9669839491538,2328750,0.3545060239249142,2.58735683180605,-7.4626225676324225,25.44352435620912,26.51534776788612,0,0,0,0,0,9,9,1,1
15,1965,9,1,15,23984.625,72.12742648277538,-89.63965393661277,280,359,981.4460626823333,1001.4460626823333,20.0,22.534560233234686,14.670575075189554,865.5760478462289,2353750,-0.6213375988636107,-4.523028066521896,-7.8950658504313145,16.920576815462777,18.671850056987473,0,0,0,0,0,8,8,1,1
15,1965,9,1,18,23984.75,71.90060153704982,-89.64413016937813,279,359,982.9731535891912,1000.9731535891912,18.0,21.507526299504804,14.023790262458203,777.9374467827937,1901250,1.5270909068579204,11.130757226661956,-0.05154312371388154,-8.407261067036298,8.40741906549843,0,0,0,0,0,13,13,1,1
15,1965,9,1,21,23984.875,71.89214890817459,-88.22119968432615,279,357,983.839728567408,999.839728567408,16.0,20.722760660010014,10.47736722658352,673.4920844463592,1425000,0.8665749782168132,6.316651400153087,16.39183803149101,-0.3132964825785143,16.394831769085986,0,0,0,0,0,11,11,1,1
15,1965,9,2,0,23985.0,72.11031839847719,-87.47917209228984,280,356,984.2385635686497,998.2385635686497,14.0,21.054588811843416,12.870674001865263,466.7368941459757,684375,0.3988350012416777,2.903599745691043,8.448534240343974,8.086446823426254,11.694800256454366,0,0,0,0,0,10,10,1,1
15,1965,9,2,3,23985.125,72.31090606246609,-85.99219545762767,281,354,985.9195459400611,999.9195459400611,14.0,19.624454760727385,16.353645587849677,532.6290323117051,891250,1.6809823714113736,12.224153598482406,16.74628575597646,7.434776861016314,18.322499654630196,0,0,0,0,0,11,11,1,1
15,1965,9,2,6,23985.25,73.71000999828058,-88.8147391813776,287,358,987.4660654700347,999.4660654700347,12.0,18.572568725237556,6.213522070525214,472.66663872675434,701875,1.5465195299735932,11.162737376462351,-29.34237632728603,51.857753170335364,59.58356830878378,0,0,0,0,0,10,10,1,1
15,1965,9,2,9,23985.375,73.93621280316775,-88.79816693554788,288,358,989.5962056339611,999.5962056339611,10.0,17.024478142258026,7.129853936651489,433.36224206596097,590000,2.1301401639264075,15.35769700576386,0.16996746032885038,8.384201432073937,8.38592407496999,0,0,0,0,0,10,10,1,1
15,1965,9,2,12,23985.5,74.16555385099667,-89.59365376669096,289,359,990.8709186873482,1000.8709186873482,10.0,16.57531436132701,7.084639299644331,433.8210693433022,591250,1.274713053387095,9.179806898200466,-8.045096561107924,8.500520329974615,11.703949100959994,0,0,0,0,0,14,14,1,1
15,1965,9,2,15,23985.625,74.56829474735325,-94.59054318560602,291,365,992.5604341496622,1004.5604341496622,12.0,15.480728159686963,4.814003742100249,724.577372351904,1649375,1.6895154623140116,12.143085250271033,-49.26782655148906,14.92758147571103,51.47962142267172,0,0,0,0,0,15,15,1,1
15,1965,9,2,18,23985.75,74.75024319356007,-96.3401917459099,292,367,994.8372985992261,1004.8372985992261,10.0,14.356637708744625,6.849332318766828,613.8398225677952,1183750,2.2768644495638726,16.350299170311878,-17.056870930624925,6.743914709686147,18.34168017264282,0,0,0,0,0,15,15,1,1
15,1965,9,2,21,23985.875,74.75024319356007,-96.3401917459099,292,367,996.5399595302056,1004.5399595302056,8.0,13.483713824308943,7.895922602370121,423.6120847380443,563750,1.7026609309794731,12.226909516922985,0.0,0.0,0.0,0,0,0,0,0,17,17,1,1
15,1965,9,3,0,23986.0,74.49937235539122,-97.07353767496139,291,368,997.5852335383751,1005.5852335383751,8.0,12.782053840717435,12.39594058887531,518.0492474550161,843125,1.0452740081695082,7.515217827222252,-7.264167156153022,-9.298521482481592,11.79960279978542,0,0,0,0,0,17,17,1,1
15,1965,9,3,3,23986.125,74.46992536240957,-97.8957650942938,291,369,999.3708277125235,1007.3708277125235,8.0,12.022840242602147,13.847977712665308,553.5099506349444,962500,1.7855941741484276,12.839737543999723,-8.159662670499879,-1.0914520748323908,8.232336395459381,0,0,0,0,0,17,17,1,1
15,1965,9,3,6,23986.25,74.46992536240957,-97.8957650942938,291,369,1000.4925306617574,1006.4925306617574,6.0,11.670075278522118,14.086907805134397,310.9447345242019,303750,1.1217029492340225,8.065870553909019,0.0,0.0,0.0,0,0,0,0,0,15,15,1,1
15,1965,9,3,9,23986.375,74.46992536240957,-97.8957650942938,291,369,1001.3671628584749,1007.3671628584749,6.0,11.190996521191288,13.175556712777182,360.70648175160983,408750,0.8746321967174299,6.289249828416072,0.0,0.0,0.0,0,0,0,0,0,9,9,1,1
15,1965,9,3,12,23986.5,74.62430939978047,-99.66866866108364,292,371,1001.9334556795257,1007.9334556795257,6.0,11.67897524694383,10.541477438278452,407.8197095911754,522500,0.566292821050738,4.069030544787989,-17.422862932754306,5.7222405701828345,18.338489303009407,0,0,0,0,0,10,10,1,1
15,1965,9,3,15,23986.625,74.58474906697153,-100.4914770123316,292,372,1002.9304621207896,1006.9304621207896,4.0,11.14969233189379,9.73633874868836,236.438520044912,175625,0.9970064412639477,7.165234829736916,-8.106524818260821,-1.4663027682420333,8.238069460573447,0,0,0,0,0,12,12,1,1
15,1965,9,3,18,23986.75,74.76355837266047,-101.47552675142305,293,373,1004.0119686304752,1008.0119686304752,4.0,10.748978592990587,8.771679351742641,262.363322298001,216250,1.0815065096855687,7.765870825311412,-9.585305411669149,6.627562543149071,11.653440054264081,0,0,0,0,0,10,10,1,1
15,1965,9,3,21,23986.875,74.76355837266047,-101.47552675142305,293,373,1004.9045327837465,1008.9045327837465,4.0,10.407429127599361,8.726447686496249,293.83933812094193,271250,0.8925641532713781,6.409150435556985,0.0,0.0,0.0,0,0,0,0,0,9,9,1,1
15,1965,9,4,0,23987.0,74.71700470349748,-102.3005388789981,293,374,1004.4043276398718,1008.4043276398718,4.0,10.935881130221572,7.388557538356326,347.21732300118714,378750,-0.5002051438747731,-3.5925717120670697,-8.06016934358806,-1.7255106092044399,8.242797869036572,0,0,0,0,0,5,5,1,1
15,1965,9,4,3,23987.125,74.71700470349748,-102.3005388789981,293,374,1005.4588987304533,1009.4588987304533,4.0,10.37573194964868,6.974456715694323,370.76958086610153,431875,1.0545710905814485,7.574136961164713,0.0,0.0,0.0,0,0,0,0,0,5,5,1,1
15,1965,9,4,6,23987.25,74.88726572026044,-103.3136323121434,294,375,1005.9827507556722,1009.9827507556722,4.0,10.393268800301591,5.696020772354532,393.67134241106896,486875,0.5238520252189482,3.759372279155045,-9.789956586303324,6.310720423128605,11.647679692565225,0,0,0,0,0,6,6,1,1
15,1965,9,4,9,23987.375,74.8336499555128,-104.13910831165052,294,376,1006.9448709039905,1010.9448709039905,4.0,10.295714831488018,4.957634299771453,388.58493570702876,474375,0.962120148318354,6.906308486553963,-8.00459856385531,-1.987267009368842,8.247595306208973,0,0,0,0,0,7,7,1,1
15,1965,9,4,12,23987.5,74.8336499555128,-104.13910831165052,294,376,1007.0965260195455,1013.0965260195455,6.0,10.751043882902938,4.806555401516234,540.0476212482546,916250,0.15165511555504055,1.0886135306674127,0.0,0.0,0.0,0,0,0,0,0,8,8,1,1
15,1965,9,4,15,23987.625,74.99505751172246,-105.17992743452625,295,377,1008.4747735900482,1012.4747735900482,4.0,9.918208652377878,3.9344299077342293,401.92321062396206,507500,1.3782475705027173,9.885852268863104,-9.98779066720902,5.982567124203496,11.642468458518069,0,0,0,0,0,9,9,1,1
15,1965,9,4,18,23987.75,75.01873777529913,-107.89187712919822,296,380,1009.810435739157,1013.810435739157,4.0,9.92523064045881,2.8588577071252077,450.02740481490326,636250,1.3356621491086844,9.579336460577313,-25.982045281749873,0.8777083904439161,25.996866138855207,0,0,0,0,0,11,11,1,1
15,1965,9,4,21,23987.875,75.23352673753936,-108.15949046678678,297,380,1011.1840394249649,1015.1840394249649,4.0,9.3918021813115,3.589739202872006,474.1374875680072,706250,1.3736036858079024,9.84164859686837,-2.528173182323294,7.961147633454443,8.35293548888509,0,0,0,0,0,11,11,1,1
15,1965,9,5,0,23988.0,74.71700470349748,-111.09794958898915,296,384,1012.9968114740701,1014.9968114740701,2.0,8.355443748585504,1.6115928118646117,351.48829934307025,388125,1.8127720491052606,13.019685350680504,-28.7053395177052,-19.144876561861615,34.5039536197759,0,0,0,0,0,14,14,1,1
15,1965,9,5,3,23988.125,74.71700470349748,-111.09794958898915,296,384,1014.28751516288,1016.28751516288,2.0,7.614024769141861,1.9775534046014218,364.2738445220405,416875,1.290703688809881,9.27008771872978,0.0,0.0,0.0,0,0,0,0,0,15,15,1,1
15,1965,9,5,6,23988.25,74.25239376297952,-113.09129517181809,295,387,1014.764618375586,1016.764618375586,2.0,7.5494228836614825,2.320577961111121,371.3057627526865,433125,0.477103212705988,3.4343717500434057,-20.051009952322946,-17.220793149717675,26.43101808129072,0,0,0,0,0,17,17,1,1
15,1965,9,5,9,23988.375,74.25239376297952,-113.09129517181809,295,387,,,,7.5494228836614825,,0.0,0,0.0,,0.0,0.0,0.0,0,3,0,0,0,17,17,0,0
18,1965,8,31,0,23983.0,41.064550698971516,166.19359510244269,410,565,1007.948007323088,1013.948007323088,6.0,9.608855487193791,9.058715394689498,310.30427095126595,302500,,,,,,3,0,0,0,0,20,20,1,1
18,1965,8,31,3,23983.125,40.9956389468358,167.04591788792374,407,566,1006.0634579970568,1014.0634579970568,8.0,10.666084542621885,10.057429317688147,405.12780090178586,515625,-1.8845493260311195,-19.90321528964294,23.84375712964162,-2.554212407892992,23.980174208749407,0,0,0,0,0,19,19,1,1
18,1965,8,31,6,23983.25,41.01665534469728,168.4248111826038,402,567,1004.397461595513,1012.397461595513,8.0,11.546457289042598,9.006299925804925,360.4306067730092,408125,-1.6659964015438162,-17.587599801288533,38.56203555994713,0.778972272846623,38.56990257089704,0,0,0,0,0,16,16,1,1
18,1965,8,31,9,23983.375,41.05052899314686,170.07042159942424,396,568,1003.6438121353963,1013.6438121353963,10.0,12.68349856000246,10.885220988141736,465.2426491681278,680000,-0.7536494601167214,-7.950727916684581,45.99715113729339,1.2555259515118096,46.014283197306575,0,0,0,0,0,17,17,1,1
18,1965,8,31,12,23983.5,40.796310847324335,171.75561100317506,390,570,1001.2203256179548,1011.2203256179548,10.0,14.19691050958018,18.170011245964343,377.68057634211374,448125,-2.423486517441488,-25.698087279339767,47.28494990393854,-9.422589358817149,48.21464173508781,0,0,0,0,0,19,19,1,1
18,1965,8,31,15,23983.625,40.6835033536606,172.85831336366837,386,571,999.0000057201156,1011.0000057201156,12.0,15.378340761622262,17.976785956396487,688.6811529393324,1490000,-2.2203198978392176,-23.597633408602892,30.99365985204925,-4.1812069942986,31.274421544669714,0,0,0,0,0,20,20,1,1
18,1965,8,31,18,23983.75,40.797474793336676,173.92754359279232,382,571,996.8037849031505,1010.8037849031505,14.0,17.08417182114886,24.76971538582133,750.6054213402069,1770000,-2.196220816965069,-23.28766652104693,30.00142063952585,4.224348624785373,30.29736558998973,0,0,0,0,0,20,20,1,1
18,1965,8,31,21,23983.875,40.64632974537917,175.02444185090116,378,572,995.5920660451447,1011.5920660451447,16.0,18.24693342397203,26.68652947630093,847.3415704562788,2255625,-1.21171885800577,-12.887917907997616,30.847715049994576,-5.602187506774381,31.352289049871953,0,0,0,0,0,23,23,1,1
18,1965,9,1,0,23984.0,40.22836477422954,176.13274221732664,374,574,995.6336495224733,1011.6336495224733,16.0,17.28073114520875,19.208510653254635,944.3857857630052,2801875,0.041583477328531446,0.44608677944426595,31.36273908705464,-15.491861435659297,34.98026834923272,0,0,0,0,0,18,18,1,1
18,1965,9,1,3,23984.125,39.80145059918337,177.48747823597085,369,576,994.3055147543561,1012.3055147543561,18.0,17.218709580178164,13.614541483436405,1111.414100176875,3880625,-1.328134768117161,-14.374579854498736,38.576836314925835,-15.823563459260583,41.69601252659332,0,0,0,0,0,19,19,1,1
18,1965,9,1,6,23984.25,39.8462051859349,179.0738209646039,363,576,994.2339511871207,1010.2339511871207,16.0,16.43550064266267,9.531441463019947,965.0157308388566,2925625,-0.07156356723542558,-0.7738168416384674,45.14238760286891,1.6588276636146635,45.17285543006138,0,0,0,0,0,19,19,1,1
18,1965,9,1,9,23984.375,40.346201388045884,-179.33224725658457,357,574,995.5269400260369,1011.5269400260369,16.0,15.417498989085873,6.46675364263807,1041.747458939959,3409375,1.2929888389162079,13.836926729542109,-45.02627871260048,18.532347005429635,48.69100184052938,0,0,0,0,0,21,21,1,1
18,1965,9,1,12,23984.5,43.551687602907435,-179.57348842788574,358,561,992.6147959325949,1012.6147959325949,20.0,17.327685351519616,4.674784382357975,1263.1422344677778,5012500,-2.912144093442039,-29.2825431829429,-6.480448665423427,118.81126817389165,118.98787190295315,0,0,0,0,0,20,20,1,1
18,1965,9,1,15,23984.625,43.99801248512098,-177.560301996472,351,559,991.2890649195665,1013.2890649195665,22.0,18.075708547970525,9.620415461578377,1443.8596922225386,6549375,-1.3257310130284168,-13.222706626130732,53.676670581252935,16.543020845792224,56.16810930939958,0,0,0,0,0,18,18,1,1
18,1965,9,1,18,23984.75,45.22604878851143,-177.79174523054076,352,554,989.3470818679958,1011.3470818679958,22.0,19.871726302961367,10.146920044682192,1231.2395514075656,4762500,-1.941983051570569,-18.952843389412664,-6.041890675350008,45.5171355574517,45.916381306548054,0,0,0,0,0,21,21,1,1
18,1965,9,1,21,23984.875,46.2194879235875,-178.64680804622031,355,550,988.2991686273107,1012.2991686273107,24.0,21.70931377350922,7.853448123386551,1259.4355686535148,4983125,-1.0479132406851568,-10.055678815469673,-21.9281245151339,36.82179725020609,42.8565910623617,0,0,0,0,0,18,18,1,1
18,1965,9,2,0,23985.0,46.474453673957775,-179.8488241515751,359,549,980.500873441346,1012.500873441346,32.0,29.136506323790094,11.275499393071222,1356.1103817266685,5777500,-7.798295185964671,-74.51469351854739,-30.68216362924282,9.450299303098973,32.1045685516841,0,0,0,0,0,21,21,1,1
18,1965,9,2,3,23985.125,46.95701431661617,179.54164354199958,361,547,978.9320556670385,1008.9320556670385,30.0,29.916290071751025,12.535067742182873,1090.9995557508316,3739375,-1.5688177743075358,-14.872011825781634,15.420264610895972,17.886098420650562,23.61561088312664,0,0,0,0,0,23,23,1,1
18,1965,9,2,6,23985.25,47.1960265461862,179.23200605805388,362,546,978.4331715697053,1008.4331715697053,30.0,30.222612728725654,11.699458426982964,1073.8144917539444,3622500,-0.4988840973332117,-4.710987746268997,-7.798326792227415,8.858982444730616,11.802350219952684,0,0,0,0,0,21,21,1,1
18,1965,9,2,9,23985.375,47.674660702901114,178.9132185470018,363,544,979.1048273761917,1011.1048273761917,32.0,30.032595258381534,10.802621511563048,1348.9028456112374,5716250,0.6716558064863785,6.294004915202997,-7.956074420059271,17.740563315164973,19.44290891088313,0,0,0,0,0,21,21,1,1
18,1965,9,2,12,23985.5,47.91560934167377,178.90729746434025,363,543,980.3654273952583,1010.3654273952583,30.0,27.70001115765686,10.937183220223378,1277.861383766974,5130000,1.2606000190666236,11.767962755222056,-0.1470906651122001,8.930755404477377,8.93196662322274,0,0,0,0,0,24,24,1,1
18,1965,9,2,15,23985.625,48.15107893137508,178.5875135691641,364,542,979.7070559744967,1009.7070559744967,30.0,27.611299999208644,10.313930808818622,1329.8159126096448,5555625,-0.6583714207615412,-6.1233594666380124,-7.9078001046536945,8.727674584620427,11.777334424656129,0,0,0,0,0,24,24,1,1
18,1965,9,2,18,23985.75,48.15107893137508,178.5875135691641,364,542,979.9059840310036,1007.9059840310036,28.0,27.242346755411607,10.578100406228186,1129.0841838260253,4005000,0.1989280565068475,1.850183588744048,0.0,0.0,0.0,0,0,0,0,0,25,25,1,1
18,1965,9,2,21,23985.875,48.39159458399231,178.57973445360096,364,541,980.4434364522423,1010.4434364522423,30.0,27.108268017271065,9.879629351478725,1355.8903113416868,5775625,0.5374524212387041,4.980040389790666,-0.19146328517297426,8.914706783213733,8.916762597503993,0,0,0,0,0,29,29,1,1
18,1965,9,3,0,23986.0,48.877369662140474,178.88295364968144,363,539,983.3801908168566,1009.3801908168566,26.0,23.972841012697494,8.550164742955968,1242.9789258328453,4853750,2.9367543646143166,27.009599732682595,7.391456484159627,18.005241393479896,19.46335907788548,0,0,0,0,0,30,30,1,1
18,1965,9,3,3,23986.125,49.35705088841253,178.87037045517366,363,537,983.1294721878155,1009.1294721878155,26.0,24.394744597586254,7.6973479431265135,1260.3829877207882,4990625,-0.25071862904107545,-2.289230246472389,-0.3037837241833816,17.779372922697828,17.781968003442124,0,0,0,0,0,27,27,1,1
18,1965,9,3,6,23986.25,49.84003907358142,179.1838760044144,362,535,983.032132966028,1009.032132966028,26.0,24.192608830205927,7.4210236555869775,1254.8462926651373,4946875,-0.09733922178755165,-0.8824189063589549,7.494057554999849,17.901945273347945,19.40722914811888,0,0,0,0,0,25,25,1,1
18,1965,9,3,9,23986.375,50.31820674592948,179.1744695295579,362,533,984.462387641558,1010.462387641558,26.0,23.37496513789996,7.214823440412147,1243.298992511469,4856250,1.4302546755300136,12.875601515348183,-0.2226216322718819,17.723273083513654,17.724671201011176,0,0,0,0,0,18,18,1,1
18,1965,9,3,12,23986.5,50.79839791053448,179.4988835111207,361,531,986.2234683238242,1006.2234683238242,20.0,21.84476959274555,5.888266916549182,964.8095529215716,2924375,1.7610806822661835,15.744873739609421,7.600025259431318,17.798273774539716,19.353008378478584,0,0,0,0,0,19,19,1,1
18,1965,9,3,15,23986.625,51.514571741039575,179.82998334911971,360,528,987.655045985385,1003.655045985385,16.0,20.333397476980956,5.082323048892358,808.4120144277268,2053125,1.4315776615607319,12.670779320821065,7.637179352009115,26.544965515922065,27.62176139742442,0,0,0,0,0,19,19,1,1
18,1965,9,3,18,23986.75,52.227717061247965,179.82690149487985,360,525,989.1734601773261,1005.1734601773261,16.0,19.671442714435365,3.8676510918201528,851.0898511596697,2275625,1.5184141919411196,13.3087017048468,-0.06996799804473054,26.432713855827494,26.432806459110715,0,0,0,0,0,18,18,1,1
18,1965,9,3,21,23986.875,52.9392633894757,-179.82370585015684,359,522,990.8109869103235,1004.8109869103235,14.0,18.549927502772178,4.058916185899506,798.8812939345246,2005000,1.6375267329975032,14.216991425555891,-7.804594635120153,26.373447257162688,27.504007301571317,0,0,0,0,0,17,17,1,1
18,1965,9,4,0,23987.0,53.412758085878906,179.8215090524464,360,520,991.8984240407152,1011.8984240407152,20.0,18.625156982378826,3.7139891428392002,1197.076154162154,4501875,1.0874371303916268,9.382879884218031,7.8380582700385215,17.55006934438044,19.220824421368647,0,0,0,0,0,14,14,1,1
18,1965,9,4,3,23987.125,53.88557015765245,179.819256815591,360,518,992.6889073922803,1006.6889073922803,14.0,17.53106455219087,3.819381269777878,825.8201566617101,2142500,0.7904833515650534,6.779336679075339,-0.04920256964799232,17.524767879173687,17.524836949648854,0,0,0,0,0,15,15,1,1
18,1965,9,4,6,23987.25,54.12172365391057,179.8181092475028,360,517,993.1698758631811,1011.1698758631811,18.0,17.30563942887644,3.66184643156128,1108.1874072704659,3858125,0.4809684709008434,4.112545670239722,-0.024928038452699804,8.75302356442615,8.753059061065482,0,0,0,0,0,13,13,1,1
18,1965,9,4,9,23987.375,54.357710613546665,179.81694701415654,360,516,994.6843255095798,1010.6843255095798,16.0,16.53308142455867,3.661316075654613,1008.8586923215119,3197500,1.514449646398716,12.911026071219117,-0.025102627073261635,8.746850888602754,8.746886909600281,0,0,0,0,0,14,14,1,1
18,1965,9,4,12,23987.5,54.357710613546665,-179.81694701415654,359,516,995.0079412467222,1013.0079412467222,18.0,17.852802705759863,3.751550293977561,1057.008845991889,3510000,0.32361573714239056,2.758897418106815,-7.9073719411139365,0.0,7.9073719411139365,0,0,0,0,0,12,12,1,1
18,1965,9,4,15,23987.625,54.5935323953069,-179.81576983262497,359,515,995.7498039850487,1011.7498039850487,16.0,16.85211678490585,3.77242066679828,976.7977701837328,2997500,0.7418627383265993,6.305990578984984,0.025279329225331187,8.740728574672765,8.740765130158062,0,0,0,0,0,16,16,1,1
18,1965,9,4,18,23987.75,54.82919035115345,-179.81457741265606,359,514,997.4402086771704,1007.4402086771704,10.0,15.54530514525102,3.7410069006225966,660.5175907957774,1370625,1.6904046921216649,14.327032231018451,0.025458185951344834,8.73465637118777,8.734693471551422,0,0,0,0,0,14,14,1,1
18,1965,9,4,21,23987.875,54.824616307123854,-179.07296473022782,357,514,999.1926318341608,1005.1926318341608,6.0,13.740367510295279,3.4772154633348693,478.1069828142386,718125,1.7524231569904076,14.853505620083656,15.835162861715801,-0.1695368301133118,15.836070396213458,0,0,0,0,0,15,15,1,1
18,1965,9,5,0,23988.0,54.10673776673794,-178.36342295838327,355,517,998.5314399259831,1010.5314399259831,12.0,14.631587657073512,3.7261529468955263,834.6860268297127,2188750,-0.661191908177716,-5.6546253937890905,15.418523675189977,-26.60815054597135,30.75263481068686,0,0,0,0,0,18,18,1,1
18,1965,9,5,3,23988.125,54.099246835105774,-178.00000770096582,354,517,999.5182703043852,1013.5182703043852,14.0,13.20198616175698,3.299419815538713,1114.1851534268367,3900000,0.9868303784020828,8.440339524061217,7.898557270253587,-0.2776511977793795,7.903435780665528,0,0,0,0,0,18,18,1,1
18,1965,9,5,6,23988.25,53.831947816871086,-176.93029617727368,351,518,1000.6403468676083,1012.6403468676083,12.0,12.224298826173326,2.23715951818529,1067.6831364668549,3581250,1.1220765632230905,9.629723190746938,23.398759202272423,-9.907431574922933,25.40982354558387,0,0,0,0,0,22,22,1,2
18,1965,9,5,9,23988.375,53.80367453915843,-176.20991837180847,349,518,1002.2501335664601,1012.2501335664601,10.0,11.275456966812355,1.9890760958951432,992.5568486181696,3095000,1.6097866988518217,13.820265741928447,15.768185883994748,-1.047948347086777,15.802970664098986,0,0,0,0,0,21,21,1,2
18,1965,9,5,12,23988.5,57.07031808277277,-175.44971886233617,348,504,1001.1089144215581,1011.1089144215581,10.0,11.534976743208116,2.2132186760921466,894.1781955281114,2511875,-1.1412191449019884,-9.420036692216089,15.317079572573789,121.07806306870597,122.0430673291281,0,0,0,0,0,19,19,1,2
18,1965,9,5,15,23988.625,58.02067910275884,-175.72605390240307,349,500,1001.1569454376321,1010.6553464437031,9.498401006071072,11.313712521681515,2.1338367861392906,885.4586599082136,2463125,0.04803101607394637,0.3923051446532844,-5.4244802964756325,35.225107967733095,35.640331337198674,0,0,0,0,0,17,16,2,0
18,1965,9,5,18,23988.75,59.627765987784265,-175.0765626233038,348,493,999.8630999322422,1011.3215501762767,11.458450244034466,13.178647388582448,1.0321197214039421,935.4962551109221,2749375,-1.2938455053899087,-10.38995447244429,12.171830122992702,59.56663609727821,60.79751297946784,0,0,0,0,0,18,17,2,0
18,1965,9,5,21,23988.875,60.069687489624805,-174.56994892698805,347,491,999.0930376409867,1010.8040430682136,11.711005427226773,14.438049982814226,1.757692038263049,891.3927604520286,2496250,-0.7700622912554536,-6.156179908224146,9.369003310393039,16.37980965993723,18.869986420925922,0,0,0,0,0,15,14,2,0
18,1965,9,6,0,23989.0,63.10785470157933,-174.93638314696992,349,478,998.5320233691428,1010.4130585385277,11.88103516938485,15.429868402154229,4.027322274813996,930.0575873054589,2717500,-0.5610142718438874,-4.358108750685297,-6.143242986919561,112.6095934223956,112.77703651521253,0,0,1,0,0,12,13,2,0
18,1965,9,6,3,23989.125,62.87808115380062,-174.97853895779818,349,479,996.3054444878376,1007.6379701017893,11.332525613951729,16.86182481820301,3.3557574505183583,809.2728778497085,2057500,-2.2265788813053224,-17.332049739623915,-0.7123228399338772,-8.51655093003773,8.54628829213115,0,0,0,0,0,16,15,2,0
18,1965,9,6,6,23989.25,63.53944544869996,-167.92233083763577,335,474,993.491294990529,1007.491294990529,14.0,20.72080644835031,6.318409780047805,794.8868624369285,1985000,-2.8141494973085357,-21.778484594413428,116.47756517540292,24.513451418887257,119.0291245437703,0,0,1,0,0,10,10,1,1
18,1965,9,6,9,23989.375,64.12789848723898,-169.18060159802124,338,472,991.8301485337818,1007.8301485337818,16.0,22.68129854543975,8.8423610000981,812.3399428778391,2073125,-1.6611464567472285,-12.790775023026304,-20.350702053075505,21.810997484704927,29.83070038284144,0,0,0,0,0,10,10,1,1
18,1965,9,6,12,23989.5,64.39637657564383,-169.5821442507333,339,471,991.7551047599218,1007.7551047599218,16.0,22.217810898901327,7.375762400750245,839.2023731982869,2212500,-0.07504377385994303,-0.5765308482675231,-6.431643158279221,9.951133781949032,11.848674915858192,0,0,0,0,0,10,10,1,1
18,1965,9,6,15,23989.625,63.983628521508194,-170.25140575831463,340,473,990.5317314534836,1006.5317314534836,16.0,22.672044930829543,5.793380739093991,813.3189609407186,2078125,-1.2233733064381522,-9.431482827345638,-10.880625694763516,-15.298496534098357,18.773172659765518,0,0,0,0,0,10,10,1,1
18,1965,9,6,18,23989.75,63.943684787006774,-169.76180233348703,339,473,990.4742233367054,1006.4742233367054,16.0,22.525650693099593,4.263811836854147,809.3957835954017,2058125,-0.05750811677819002,-0.44350450121936064,7.971190102702956,-1.4805135425984475,8.1075145391943,0,0,0,0,0,10,10,1,1
18,1965,9,6,21,23989.875,63.901804751194874,-169.2737055338748,338,473,991.3195602171071,1003.3195602171071,12.0,21.828940325605874,3.322561656098478,629.836245111814,1246250,0.8453368804015917,6.521598548744699,7.958538561114321,-1.552282503325311,8.108508925744209,0,0,0,0,0,14,14,1,1
18,1965,9,7,0,23990.0,63.44907920632268,-169.45524112499322,338,475,991.8777394834466,1001.8777394834466,10.0,20.396091139185895,4.221654354028505,550.6270667067326,952500,0.5581792663395754,4.323105051148108,-3.0076415449937195,-16.780261250727115,17.04767067096928,0,0,0,0,0,13,13,1,1
18,1965,9,7,3,23990.125,64.08373710332806,-168.6900675259798,337,472,993.2254920979074,1003.2254920979074,10.0,19.045575699918885,5.062020145138449,600.4048185209234,1132500,1.3477526144607692,10.381536059672612,12.395363468190155,23.523579433968095,26.58954352550547,0,0,0,0,0,12,12,1,1
18,1965,9,7,6,23990.25,64.03764277156905,-168.2012075502687,336,472,994.1228773520984,1002.1228773520984,8.0,18.10870361094396,4.774706340554621,517.8571995346242,842500,0.897385254191031,6.915129431532682,7.932381640797888,-1.7084852795577845,8.11428372967898,0,0,0,0,0,12,12,1,1
18,1965,9,7,9,23990.375,63.9896249775515,-167.71408391900334,335,472,995.886915214509,1001.886915214509,6.0,16.667325490932285,3.7015933602071165,440.19443796393267,608750,1.7640378624106234,13.59899139137071,7.917809035372566,-1.7797783611385567,8.115374971953205,0,0,0,0,0,13,13,1,1
18,1965,9,7,12,23990.5,64.48780808569829,-167.99379892590784,336,470,997.1561724768751,999.1561724768751,2.0,15.1034364483151,4.231651251703224,238.11540999374174,178125,1.269257262366009,9.743749673999378,-4.465367212713246,18.465144721979936,18.99739650446971,0,0,0,1,0,16,16,1,2
18,1965,9,7,15,23990.625,64.71259902666557,-167.887377074015,336,469,997.9675649653122,999.9675649653122,2.0,14.379477840129393,3.899092386405974,241.43425172789108,183125,0.8113924884371226,6.217250780602637,1.6849386449331034,8.331870730406331,8.50053457762456,0,0,0,0,0,16,16,1,1
18,1965,9,7,18,23990.75,65.25565025155022,-168.6900675259798,338,467,999.7309469379147,999.7309469379147,0.0,13.402462683017228,3.99046006450204,14.104739588693906,625,1.7633819726025104,13.45218870627333,-12.453091208811182,20.128180371762156,23.66903305446088,0,0,0,3,0,16,16,1,1
18,1965,9,7,21,23990.875,65.56737938103556,-169.62415507994896,340,466,1002.0064363400778,1002.0064363400778,0.0,11.951002550112335,3.9813405111877365,14.104739588693906,625,2.275489402163075,17.315703399617828,-14.320290835611127,11.55423256203154,18.400299446313312,0,0,0,0,0,17,17,1,1
18,1965,9,8,0,23991.0,64.35988869822238,-178.7381824611139,357,473,,,,10.592610525244604,,0.0,0,-0.9892718886924559,,-146.05136322404826,-44.75561263313335,152.75491992656066,0,3,3,0,0,14,14,0,0
26,1965,9,1,0,23984.0,40.53724991660183,-47.46485291799122,202,215,1009.5050524106348,1015.5050524106348,6.0,9.053947901154695,8.759981852606579,805.4534975889908,2038125,,,,,,3,0,0,0,0,1,1,1,1
26,1965,9,1,3,23984.125,39.132387491281186,-47.401319255972545,198,211,1008.5663010636237,1014.5663010636237,6.0,9.415193106077496,3.726390525104944,766.9918242089796,1848125,-0.9387513470111298,-10.3053587578934,1.82665137485545,-52.07119144307531,52.10322095174789,0,0,0,0,0,1,1,1,1
26,1965,9,1,6,23984.25,37.26434727592338,-49.111064603979116,188,211,1007.3793075884754,1013.3793075884754,6.0,9.509233588652961,6.857274367307473,751.2677398502041,1773125,-1.186993475148338,-13.581871367388453,-50.43368293677008,-69.23886490526576,85.65965671152492,0,0,0,0,0,2,2,1,1
26,1965,9,1,9,23984.375,37.665412764600234,-48.41926781853551,191,210,1007.0351483818371,1013.0351483818371,6.0,10.724214249142346,8.643617687900623,648.3579207825478,1320625,-0.3441592066382873,-3.902148215167021,20.297519507890634,14.865482531029144,25.15893219223609,0,0,0,0,0,2,2,1,1
26,1965,9,1,12,23984.5,38.03950773029728,-48.07939940850018,193,210,1008.2012969290867,1014.2012969290867,6.0,10.518473333870174,4.586818069480432,733.7176534664652,1691250,1.1661485472496134,13.111412835507757,9.921384647490896,13.865820756260439,17.049775909618603,0,0,0,0,0,2,2,1,1
26,1965,9,1,15,23984.625,38.55965911924071,-48.29133981181373,194,212,1008.0459073140026,1014.0459073140026,6.0,11.250864267868675,5.793362433800503,677.0275002573076,1440000,-0.15538961508398644,-1.7271304688897404,-6.142733315090677,19.279398512543498,20.23433664802949,0,0,0,0,0,2,2,1,1
26,1965,9,1,18,23984.75,38.72557840885877,-48.48486244390946,194,213,1007.1228927607543,1013.1228927607543,6.0,11.72921815135999,4.858265483632131,654.7699045877056,1346875,-0.9230145532483585,-10.222065876464422,-5.595954601352847,6.149794412665928,8.314726647248193,0,0,0,0,0,4,4,1,1
26,1965,9,1,21,23984.875,39.324694995279934,-50.009875058554435,192,219,1008.29867611016,1012.29867611016,4.0,11.248608115570907,9.590542662984298,547.002095985713,940000,1.175783349405683,12.854476236239586,-43.725020487812806,22.206241626212872,49.040744119776555,0,0,0,1,0,3,3,1,2
26,1965,9,2,0,23985.0,38.87149385254028,-51.07634482114901,188,221,1007.7264071055394,1013.7264071055394,6.0,11.932806800201204,9.459074302285371,608.4687225877116,1163125,-0.5722690046206117,-6.317636960728238,-30.775092093640197,-16.797889274055,35.061023622185466,0,0,0,0,0,3,3,1,1
26,1965,9,2,3,23985.125,38.20089053935788,-52.28266943239549,183,223,1006.1741191522369,1014.1741191522369,8.0,13.05760156860975,16.412565669437026,631.4135985589777,1252500,-1.5522879533024387,-17.390375163944736,-35.1368636551517,-24.855895405638414,43.03968777694324,0,0,0,0,0,4,4,1,1
26,1965,9,2,6,23985.25,37.203427771983975,-53.054414446381756,178,223,1004.9731898391514,1012.9731898391514,8.0,13.353588674270004,21.608405758680746,502.25549753153933,792500,-1.200929313085653,-13.760566998212436,-22.783409708636377,-36.970933082940064,43.42733759942945,0,0,0,0,0,2,2,1,1
26,1965,9,2,9,23985.375,36.49804959717392,-52.955648584177226,176,221,1006.1533957386575,1014.1533957386575,8.0,12.21570686159051,12.41916507697686,581.2111206029595,1061250,1.1802058995062543,13.747090206208524,2.9427964266170052,-26.144824801559125,26.309920461923312,0,0,0,0,0,2,2,1,1
26,1965,9,2,12,23985.5,35.94262436838382,-53.05604494665204,174,220,1007.5368065686374,1013.5368065686374,6.0,10.94995222910694,11.948384354755472,402.6649950950149,509375,1.383410829979839,16.328726830154203,-3.0126935795496013,-20.586822523950627,20.806094881954667,0,0,0,0,0,4,4,1,1
26,1965,9,2,15,23985.625,35.7902294589625,-52.85926054915565,174,219,1007.3489871289153,1013.3489871289153,6.0,10.663633851191152,9.887810237791856,399.93839251484076,502500,-0.18781943972207954,-2.2250481841000487,5.916470975836944,-5.6485135913691185,8.17987375206993,0,0,0,0,0,4,4,1,1
26,1965,9,2,18,23985.75,35.83809399853342,-52.51404244575675,175,218,1007.6282597935077,1013.6282597935077,6.0,10.135952285491769,7.788740533898017,431.0607800064717,583750,0.2792726645924267,3.304642819938846,10.372983474663323,1.7740979888209685,10.523602512427814,0,0,0,0,0,4,4,1,1
26,1965,9,2,21,23985.875,36.238441689796055,-52.21205886380552,177,218,1008.4021438211826,1014.4021438211826,6.0,9.590623722639734,7.254365129694852,464.60078730925875,678125,0.7738840276747943,9.06986968981692,9.027877137057953,14.8388773874227,17.369365207766762,0,0,0,0,0,4,4,1,1
26,1965,9,3,0,23986.0,36.74640726222237,-52.45429881274847,178,220,1009.7407469858935,1013.7407469858935,4.0,8.729114358515842,6.159674885766508,344.3405764696662,372500,1.3386031647109484,15.501441213522567,-7.194486660164316,18.827731521301562,20.155498320346602,0,0,0,0,0,4,4,1,1
26,1965,9,3,3,23986.125,37.203427771983975,-53.054414446381756,178,223,1009.1119484703751,1013.1119484703751,4.0,8.492416257957714,4.517316841198917,338.80747144215917,360625,-0.6287985155184288,-7.204940379826282,-17.71659686097143,16.939454019333645,24.51168918714705,0,0,0,0,0,4,4,1,1
26,1965,9,3,6,23986.25,37.70552478138254,-53.30827612748334,179,225,1009.5926603887016,1013.5926603887016,4.0,7.865256661276298,3.552341068292881,388.58493570702876,474375,0.4807119183265604,5.445473713901362,-7.444363361122892,18.610213376175373,20.043916477555122,0,0,0,0,0,3,3,1,1
26,1965,9,3,9,23986.375,37.70552478138254,-53.30827612748334,179,225,,,,7.865256661276298,,0.0,0,0.0,,0.0,0.0,0.0,0,3,0,0,0,3,3,0,0
27,1965,9,1,0,23984.0,51.66169445354705,-82.64216129953216,193,338,1004.2769258331983,1006.2769258331983,2.0,8.641299130739606,2.6817795025515805,271.67647093347347,231875,,,,,,3,0,0,0,0,7,7,1,1
27,1965,9,1,3,23984.125,53.007841730870176,-81.67008754211595,199,336,1002.4830382460993,1004.4830382460993,2.0,9.327384915690228,3.569670322102029,193.90811046849038,118125,-1.7938875870990159,-15.560460397798984,21.679224808960143,49.894915918238965,54.40120791678774,0,0,0,0,0,10,10,1,1
27,1965,9,1,6,23984.25,53.63739306550693,-80.8033441083711,202,334,1000.9753541538853,1002.9753541538853,2.0,9.97144552096994,4.292713733783603,178.4124116152771,100000,-1.50768409221404,-12.971301897817781,19.04707330077443,23.334304824639307,30.12110195484653,0,0,0,0,0,10,10,1,1
27,1965,9,1,9,23984.375,54.529909183729345,-80.20509388909059,206,333,999.1980972494054,1001.1980972494054,2.0,11.178227942631768,4.3371689911556315,162.6637921881437,83125,-1.777256904479873,-15.11900378803593,12.867118612280418,33.08108809827615,35.495367742120955,0,0,0,0,0,9,9,1,1
27,1965,9,1,12,23984.5,54.99419960682846,-80.07834145831433,208,333,997.706355222614,1001.706355222614,4.0,11.772416324417094,5.14077644227742,276.3953195770684,240000,-1.4917420267914714,-12.61771208522162,2.6950947627146644,17.20891317942571,17.41867470839914,0,0,0,0,0,8,8,1,1
27,1965,9,1,15,23984.625,55.60353199624169,-79.13594007791228,211,331,995.9445732825407,999.9445732825407,4.0,12.808076123489961,5.344854239355991,251.5235374254831,198750,-1.7617819400732697,-14.792471816328177,19.732416782069592,22.584890114319187,29.990757468546445,0,0,0,0,0,7,7,1,1
27,1965,9,1,18,23984.75,56.479090305021636,-78.46149515006857,215,330,995.5908925901108,999.5908925901108,4.0,12.728446999815455,5.51551598794722,269.8395568936143,228750,-0.35368069242991623,-2.939208037504491,13.805029111069517,32.45254730593985,35.26679253067595,0,0,0,0,0,11,11,1,1
27,1965,9,1,21,23984.875,56.88988685474312,-77.91897304002993,217,329,995.3914914674443,999.3914914674443,4.0,12.613692882267188,5.456922016906537,292.8220032558322,269375,-0.19940112266645882,-1.6493012205622972,10.984273191373394,15.226164070706105,18.774725826248055,0,0,0,0,0,9,9,1,1
27,1965,9,2,0,23985.0,56.611275142851625,-77.61924307119283,216,328,994.3045902504757,1002.3045902504757,8.0,14.432119231776145,8.16762823052275,550.6270667067326,952500,-1.0869012169685448,-9.018763792790446,6.113726818390088,-10.326736288696258,12.00079738959784,0,0,0,0,0,8,8,1,1
27,1965,9,2,3,23985.125,58.15183802245969,-74.92393002508122,224,323,993.8332240417116,1001.8332240417116,8.0,15.194315617165362,3.016060183929876,545.3629982891939,934375,-0.4713662087642297,-3.8445147295150766,52.71163064280556,57.10092546311612,77.71120700238738,0,0,0,0,0,9,9,1,1
27,1965,9,2,6,23985.25,58.602090242099166,-74.70857218931026,226,323,994.3722202180152,1002.3722202180152,8.0,14.790315444605795,2.59495526491075,539.3103545273711,913750,0.5389961763036263,4.374891230194675,4.158569889016984,16.6885875114538,17.19891440322006,0,0,0,0,0,7,7,1,1
27,1965,9,2,9,23985.375,58.699925896437996,-73.79792985016876,227,321,994.2862707933173,1004.2862707933173,10.0,15.250486812396435,3.3023210104298055,659.0099020212134,1364375,-0.08594942469790112,-0.6969037349690289,17.535197899809734,3.6262761358095554,17.906229195412237,0,0,0,0,0,7,7,1,1
27,1965,9,2,12,23985.5,59.63123674955517,-68.31770838675506,235,310,995.7620909082048,1003.7620909082048,8.0,15.976257418306664,3.3815550071064355,570.6757418199855,1023125,1.475820114887465,11.85084265009442,102.66306693258839,34.51901399854855,108.3109765417943,0,0,0,0,0,9,9,1,1
27,1965,9,2,15,23985.625,59.88557298609284,-67.19771784642296,237,308,996.0847658106587,1004.0847658106587,8.0,16.323153821261226,3.0169103587233987,556.3778970391764,972500,0.3226749024540186,2.5843842764211433,20.827719803414084,9.426966388286292,22.861793619386184,0,0,0,0,0,9,9,1,1
27,1965,9,2,18,23985.75,60.33981146031353,-65.88199746524563,240,306,997.3695296695618,1005.3695296695618,8.0,15.802301896000337,1.9072616457271214,564.1895835477562,1000000,1.2847638589030248,10.243216756907946,24.132263939568837,16.83633794003529,29.424962839060413,0,0,0,0,0,10,10,1,1
27,1965,9,2,21,23985.875,61.81805521910993,-63.53781366664604,248,304,997.7494382281864,1007.7494382281864,10.0,16.073831840309495,3.017576136399439,649.4309810853827,1325000,0.37990855862459283,2.986076096871393,41.03221676160578,54.79106877404756,68.45220251952315,0,0,0,0,0,10,10,1,1
27,1965,9,3,0,23986.0,63.05749821268058,-63.32745217698257,253,306,997.8537652690809,1005.8537652690809,8.0,15.497796553015153,4.84085473927029,531.1328803890647,886250,0.1043270408945682,0.8108020412848034,3.5328085416048296,45.93992425006677,46.07556159498773,0,0,0,0,0,10,10,1,1
27,1965,9,3,3,23986.125,63.77851996876091,-63.10376303450663,256,307,997.6798017049222,1007.6798017049222,10.0,15.683989239082283,6.535093028525589,593.7408516756685,1107500,-0.17396356415876654,-1.3435120025892333,3.663326222452569,26.72465375882799,26.974563528282488,0,0,0,0,0,11,11,1,1
27,1965,9,3,6,23986.25,63.88188371283389,-63.5457722427678,256,308,998.36580415183,1008.36580415183,10.0,15.359848001464375,8.416005018839641,590.3806614136771,1095000,0.6860024469079508,5.2932683234154965,-7.212187165253121,3.831174646633927,8.166611468635718,0,0,0,0,0,10,10,1,1
27,1965,9,3,9,23986.375,64.19024467892486,-63.77131939783213,257,309,999.9335491149541,1007.9335491149541,8.0,13.897013343664858,9.759958857173551,505.80784001458665,803750,1.567744963123987,12.065226557572002,-3.63976791095353,11.429391668176619,11.994953286703211,0,0,0,0,0,4,4,1,1
27,1965,9,3,12,23986.5,63.77851996876091,-63.10376303450663,256,307,1004.0431389031536,1008.0431389031536,4.0,9.534517546168953,4.92088523633116,441.9985210894959,613750,4.109589788199519,31.738158693536775,10.932434278822397,-15.260566314810545,18.7724000465977,0,0,0,0,0,4,4,1,1
27,1965,9,3,15,23986.625,63.56700479535821,-62.230052713939756,256,305,1004.9186295847692,1008.9186295847692,4.0,8.7892512465982,4.643221087017955,474.3472365221147,706875,0.875490681615629,6.773733568215631,14.415678506607795,-7.8398047302417,16.409580281475638,0,0,0,0,0,5,5,1,1
27,1965,9,3,18,23986.75,64.51631553914915,-58.7750183196746,263,301,1006.4540274007403,1008.4540274007403,2.0,9.812629405192224,4.165349151644405,342.02175833204393,367500,1.5353978159710824,11.784043116195276,55.09186117914695,35.18617950624176,65.36956781582593,0,0,0,0,0,4,4,1,1
27,1965,9,3,21,23986.875,66.75557690520205,-58.082990674811114,272,305,1007.9971872865898,1007.9971872865898,0.0,8.018954995637577,3.6136191352597233,14.104739588693906,625,1.5431598858494544,11.635808180668226,10.122829178703634,82.99816777874909,83.61320185957835,0,0,0,0,0,3,3,1,1
27,1965,9,4,0,23987.0,66.75557690520205,-58.082990674811114,272,305,,,,8.018954995637577,,0.0,0,0.0,,0.0,0.0,0.0,0,3,0,0,0,3,3,0,0
32,1965,9,1,6,23984.25,43.99556458109187,8.495297136384766,389,162,1004.5962817680609,1008.5962817680609,4.0,9.00627025279124,10.089781344080402,439.96840742889447,608125,,,,,,3,0,0,0,0,0,0,1,1
32,1965,9,1,9,23984.375,44.272811880494466,8.252529047136084,388,163,1003.5500570523981,1007.5500570523981,4.0,10.728683913398449,9.321543470258112,294.5156090686586,272500,-1.046224715662829,-10.383484982826184,-6.442920604943114,10.27616437315791,12.128923288806819,0,0,0,0,0,1,1,1,1
32,1965,9,1,12,23984.5,44.54888441792529,8.006974077696624,387,164,1002.4569508068292,1010.4569508068292,8.0,11.747832125961352,9.151134964975936,739.5242884446226,1718125,-1.0931062455687788,-10.795542064398601,-6.486193471927715,10.232621849399381,12.115166349170915,0,0,2,0,0,1,1,1,2
32,1965,9,1,15,23984.625,44.54888441792529,8.006974077696624,387,164,1000.787335483113,1006.787335483113,6.0,13.129654557496654,8.669529005240838,460.0826820390231,665000,-1.6696153237162799,-16.48915879093244,0.0,0.0,0.0,0,0,0,0,0,1,1,1,2
32,1965,9,1,18,23984.75,44.755549340784455,8.336201391540106,388,165,1000.150273004804,1008.150273004804,8.0,14.157550871093939,9.721073174017073,1095.276395963668,3768750,-0.6370624783089442,-6.2687142714768695,8.665413740767177,7.660030312442692,11.565701867427565,0,0,0,0,0,1,1,1,2
32,1965,9,1,21,23984.875,43.156868564570786,9.207263765520764,392,159,999.798663760225,1005.798663760225,6.0,14.461502868322713,9.52736881412653,362.08270377352846,411875,-0.3516092445790127,-3.5614427998261307,23.55193697932013,-59.25506387971507,63.7640677095414,0,0,1,0,0,0,0,1,1
32,1965,9,2,0,23985.0,43.43273300489114,6.966692522330826,384,159,1000.0784775349134,1008.0784775349134,8.0,13.734282917043403,6.693444386283154,650.9608559523156,1331250,0.2798137746883731,2.819781348223356,-60.30521731028246,10.224908735088082,61.16590548239494,0,0,0,0,0,0,0,1,1
32,1965,9,2,3,23985.125,44.488383527771596,6.244165389708043,381,163,999.8804214728733,1031.8804214728732,32.0,14.312706392080187,13.507714979431112,14.104739588693906,625,-0.19805606204012294,-1.958107712138636,-19.104911464202143,39.127660817994,43.54275465726744,0,0,0,3,0,1,1,1,1
32,1965,9,2,6,23985.25,44.488383527771596,6.244165389708043,381,163,1000.753437612927,1032.753437612927,32.0,13.810522868848404,9.32139005394376,14.104739588693906,625,0.8730161400536599,8.631190679305067,0.0,0.0,0.0,0,0,0,0,0,0,0,1,1
32,1965,9,2,9,23985.375,46.122907126153976,7.069190663891751,383,170,1000.3595159836725,1034.3595159836725,34.0,15.544085730553265,17.713915483629897,14.104739588693906,625,-0.3939216292544734,-3.7861570946877667,21.195003877426924,60.58357720697653,64.18409473193361,0,0,0,0,0,0,0,1,1
32,1965,9,2,12,23985.5,47.4725374424582,10.097504384075286,392,177,1000.0168340894375,1008.0168340894375,8.0,16.789879790560477,15.59298656382358,471.40225847152965,698125,-0.3426818942349928,-3.221600847946575,75.86606004178242,50.02401467290686,90.87387473998528,0,0,0,0,0,2,2,1,1
32,1965,9,2,15,23985.625,48.33202217808517,10.939091183192152,394,181,1001.837945423366,1007.837945423366,6.0,15.206063790707669,6.264498960196797,417.7003786980451,548125,1.8211113339285658,16.890044078327556,20.737668665124374,31.856780710053098,38.011911013166554,0,0,0,0,0,2,2,1,1
32,1965,9,2,18,23985.75,49.129403160711625,10.491477012331599,392,184,1004.1068324265646,1010.1068324265646,6.0,13.476337940261383,2.67747539190721,524.9161792399276,865625,2.26888700319847,20.787531366698076,-10.856226693652617,29.554906623638114,31.485713642157513,0,0,0,0,0,2,2,1,2
32,1965,9,2,21,23985.875,49.686217502679746,9.97029761054876,390,186,1005.0353105119924,1011.0353105119924,6.0,13.04376192840431,3.826344546593391,563.3073475372626,996875,0.9284780854279233,8.436167268978018,-12.497881290787356,20.638309969927764,24.127512826096112,0,0,0,0,0,2,2,1,2
32,1965,9,3,0,23986.0,50.276917275270215,9.109820676578185,387,188,1004.4666680256037,1012.5094032669779,8.042735241374176,12.977242335727416,2.472273882856389,709.0350319212192,1579375,-0.5686424863887077,-5.12216200632222,-20.38234848964581,21.894272627385167,29.913196148784138,0,0,0,0,0,2,1,2,0
32,1965,9,3,3,23986.125,51.799342031392726,8.420695532015642,384,194,1003.0685944963126,1012.1176692805781,9.04907478426554,13.37216819251482,2.791588980065717,734.5306372654072,1695000,-1.3980735292911413,-12.325685705614497,-15.795810409090544,56.42863635963387,58.59776982008553,0,0,0,0,0,3,1,2,0
32,1965,9,3,6,23986.25,52.528584505546256,5.415525085154912,375,196,1001.5100480310605,1011.0783279141131,9.5682798830526,13.34457390604556,2.3647686857293593,755.6244823602359,1793750,-1.5585464652521477,-13.605282069611846,-67.75885881629279,27.029354473199582,72.95100377187536,0,0,0,0,0,2,0,2,0
32,1965,9,3,9,23986.375,52.85914854524901,3.697049303573593,370,197,999.5630886681361,1011.5630886681361,12.0,14.734045219064,3.8334216247522273,964.5002034069917,2922500,-1.94695936292439,-16.92136799302967,-38.45678718605828,12.252348048692399,40.36142357970135,0,0,1,0,0,1,1,1,1
32,1965,9,3,12,23986.5,52.671814657324795,2.2766149819708192,366,196,996.0273433916382,1012.0273433916382,16.0,17.84410485490977,7.141056305660677,981.7749864914522,3028125,-3.53574527649791,-30.806241571932603,-31.924378790239096,-6.943525975257814,32.6707593133638,0,0,0,0,0,0,0,1,1
32,1965,9,3,15,23986.625,52.687757808766804,1.5765500551837317,364,196,993.712042326198,1011.712042326198,18.0,19.188257794677423,7.279446915518929,999.1493284509145,3136250,-2.3153010654401442,-20.168476355463387,-15.728467995714684,0.5909325183591111,15.739565010935827,0,0,0,0,0,1,1,1,1
32,1965,9,3,18,23986.75,52.69355674745572,1.2263278598958598,363,196,992.1166345830163,1008.1166345830163,16.0,20.575204475111107,8.066664105264135,711.6955854787614,1591250,-1.595407743181713,-13.896448363556315,-7.867474973847574,0.21493752071008768,7.870410446852621,0,0,0,0,0,1,1,1,1
32,1965,9,3,21,23986.875,52.93051645490796,1.2338721670000639,363,197,991.2938690190557,1015.2938690190557,24.0,21.294349631469164,6.947974536226684,1260.8564302921923,4994375,-0.8227655639605654,-7.144066501272447,0.16855597165881622,8.782905762622766,8.784523023516646,0,0,0,0,0,0,0,1,1
32,1965,9,4,0,23987.0,54.35620326621874,0.5491440105656759,361,203,988.7172968387545,1014.7172968387545,26.0,23.58309548202308,7.044428795482963,1266.523936878984,5039375,-2.5765721803013,-21.966275495786405,-14.789662241739181,52.843046800605535,54.87368863486136,0,0,0,0,0,0,0,1,1
32,1965,9,4,3,23987.125,54.117227324124585,0.9093804491991415,362,202,987.735581994832,1013.735581994832,26.0,23.685788640805665,7.268965535889074,1243.3789963076015,4856875,-0.981714843922382,-8.394679832377976,7.826073630537612,-8.857637450324372,11.819694144603954,0,0,0,0,0,0,0,1,1
32,1965,9,4,6,23987.25,54.5935323953069,0.1842301673750491,360,204,988.5078036668343,1014.5078036668343,26.0,22.89001379011929,6.846557864271817,1323.5176962946787,5503125,0.7722216720023425,6.56404795248119,-15.57213644781027,17.654235816849507,23.54067704689381,0,0,0,0,0,1,1,1,1
32,1965,9,4,9,23987.375,54.82919035115345,-0.18542258734393172,359,205,990.0308360602164,1014.0308360602164,24.0,21.497221543014625,7.134803055142329,1299.7041114198278,5306875,1.5230323933820182,12.908467593923858,-7.892083248119974,8.73465637118777,11.7719666971151,0,0,0,0,0,2,2,1,1
32,1965,9,4,12,23987.5,54.82919035115345,-0.18542258734393172,359,205,991.9668413678253,1013.9668413678253,22.0,19.28484138319947,5.986855493678886,1383.631100299728,6014375,1.9360053076088661,16.408621302820343,0.0,0.0,0.0,0,0,0,0,0,1,1,1,1
32,1965,9,4,15,23987.625,55.2953924754445,0.9391909457355798,362,207,994.2878131963927,1012.2878131963927,18.0,16.26927118447268,4.140103378988352,1296.2554963018229,5278750,2.320971828567417,19.55990582095773,23.732216808335323,17.279770337360226,29.356576393539964,0,0,0,0,0,2,2,1,1
32,1965,9,4,18,23987.75,57.36539065578063,2.9918307459690006,367,216,996.1568824170282,1010.1568824170282,14.0,14.633453888589166,3.5575729627344113,1102.8788023077648,3821250,1.8690692206355743,15.37689027954701,41.02739645098272,76.72443193894871,87.00509017235993,0,0,0,0,0,3,3,1,1
32,1965,9,4,21,23987.875,58.32022430300238,2.257803988672433,365,220,997.1837458010799,1011.1837458010799,14.0,14.288479937266562,6.327211360151851,1193.2476313137474,4473125,1.026863384051685,8.359984910400657,-14.288098701711924,35.39088578685971,38.16627518226544,0,0,0,0,0,2,2,1,3
32,1965,9,5,0,23988.0,59.03428776927474,1.4688007143858244,363,223,997.9605194376388,1007.9605194376388,10.0,13.20825930132974,8.922587682520607,836.3527813601627,2197500,0.7767736365589372,6.276151882157999,-15.046881549297213,26.46674491723816,30.44498695799906,0,0,0,0,0,4,4,1,3
32,1965,9,5,3,23988.125,59.27216349006242,1.0569977767848944,362,224,998.6858249788871,1000.6858249788871,2.0,12.201824939154461,8.81481036372781,119.6826841204298,45000,0.7253055412482354,5.845788807498264,-7.799017355667019,8.816857774502369,11.771221377996348,0,0,0,2,0,5,5,1,1
32,1965,9,5,6,23988.25,59.7372667599486,1.0728292757915368,362,226,999.3121185169549,1001.3121185169549,2.0,11.335943103377128,7.628550426231814,125.36566766991936,49375,0.6262935380678392,5.023701195507982,0.29572425183021256,17.239041325712748,17.241577615251817,0,0,0,0,0,5,5,1,1
32,1965,9,5,9,23988.375,60.43745897501403,0.6585431775636029,361,229,1000.5883244782095,1002.5883244782095,2.0,10.36351750273619,7.840790507367055,123.76858758422884,48125,1.2762059612546,10.165135206746148,-7.575983253117427,25.952607330430677,27.03577906218054,0,0,0,0,0,5,5,1,1
32,1965,9,5,12,23988.5,60.903073074200904,0.22293965119752185,360,231,1001.0520010246939,1005.0520010246939,4.0,10.015991057658054,9.615620604880533,194.93137937025432,119375,0.46367654648434836,3.6764151672554366,-7.851421965383482,17.25797520125236,18.96002465519356,0,0,0,0,0,5,5,1,1
32,1965,9,5,15,23988.625,61.366390598262434,0.22646435234118434,360,233,1000.6908962438606,1006.6908962438606,6.0,9.925631679390934,10.056813963177628,429.905428746211,580625,-0.36110478083326597,-2.8504062132093804,0.06260499505566454,17.1728527003868,17.17296681574236,0,0,0,0,0,4,4,1,1
32,1965,9,5,18,23988.75,61.829199165269685,-0.2301022950972138,359,235,1000.8190210529502,1006.8190210529502,6.0,9.796819099312863,13.111635223205667,403.15875983611977,510625,0.12812480908964063,1.0069543385557018,-7.989184569966328,17.15398821961472,18.923170504217012,0,0,0,0,0,5,5,1,1
32,1965,9,5,21,23988.875,62.29150821082997,-0.23385902587326707,359,237,1001.5222995747129,1007.5222995747129,6.0,9.350573451874117,12.029934570332408,421.49342251846366,558125,0.7032785217625497,5.503581234674602,-0.0647443347349028,17.135473469397105,17.13559578331878,0,0,0,0,0,3,3,1,1
32,1965,9,6,0,23989.0,62.522478341376114,-0.2357837698766106,359,238,1001.4780162852526,1007.4780162852526,6.0,8.857341481276054,10.864473882970923,512.2564908546913,824375,-0.04428328946029069,-0.3458142738307094,-0.03291658966821255,8.560902241054482,8.560965522811491,0,0,0,0,0,3,3,1,1
32,1965,9,6,3,23989.125,62.522478341376114,-0.2357837698766106,359,238,1002.0166936960048,1006.0166936960048,4.0,7.9320580109210335,11.50449558463646,177.29382747475822,98750,0.5386774107522797,4.206605694803856,0.0,0.0,0.0,0,0,0,0,0,3,3,1,1
32,1965,9,6,6,23989.25,62.522478341376114,-0.2357837698766106,359,238,,,,7.9320580109210335,,0.0,0,0.0,,0.0,0.0,0.0,0,3,0,0,0,3,3,0,0
35,1965,9,1,6,23984.25,48.96168738897883,114.92030594398291,522,435,,,,11.83472390927056,,0.0,0,,,,,,0,0,0,0,0,15,15,0,0
35,1965,9,1,9,23984.375,51.75530643305528,116.02959219151346,510,433,995.943330836842,995.943330836842,0.0,10.780153308327488,8.171309612344631,14.104739588693906,625,,,25.451225338246548,103.54542155964093,106.62747862151649,3,0,0,3,0,15,15,1,1
35,1965,9,1,12,23984.5,50.74557503110286,119.47588900324574,509,444,996.9183989290766,1006.9183989290766,10.0,11.243791175595671,6.999403376025075,1092.4573810956426,3749375,0.9750680922345782,8.724122412210804,80.82015422517941,-37.42566972360222,89.065021659695,0,0,2,0,0,14,14,1,5
35,1965,9,1,15,23984.625,47.04474449981102,122.11896857516953,518,459,996.7091429191295,1006.7091429191295,10.0,10.336415000927294,6.712030110792984,1082.6708437340544,3682500,-0.20925600994713023,-1.9808658868047677,66.7532892807108,-137.17119315031326,152.5514269355577,0,0,1,0,0,14,14,1,3
35,1965,9,1,18,23984.75,47.249140741009505,122.28248723578157,517,459,996.9759352405242,1006.9759352405242,10.0,10.669295178910444,4.546779478476819,1115.1667752333267,3906875,0.2667923213947506,2.5171733454227305,4.114151839042326,7.575941682162875,8.62097081112262,0,0,0,0,0,18,18,1,2
35,1965,9,1,21,23984.875,46.83983239347981,121.95692329899057,519,459,996.3051036972957,1006.3051036972957,10.0,11.297575846247533,4.800907589348135,1053.7099561761931,3488125,-0.6708315432285599,-6.371503524789031,-8.25431990512295,-15.171003892856584,17.271165456134643,0,0,0,0,0,16,16,1,2
35,1965,9,2,0,23985.0,45.984680870285246,123.067762748762,520,464,997.021772205741,999.021772205741,2.0,11.696924102388449,3.7862048127012526,184.44340347622256,106875,0.7166685084452911,6.904258015820762,28.609019809412256,-31.696170297200457,42.69804709778277,0,0,0,2,0,19,19,1,1
35,1965,9,2,3,23985.125,46.247476824368626,122.56349310429833,520,462,996.641413699943,998.641413699943,2.0,11.748934770488658,4.194671633044054,181.72685737548065,103750,-0.3803585057980672,-3.648177741716482,-12.925464940991155,9.74052561226268,16.184729937318593,0,0,0,0,0,21,21,1,1
35,1965,9,2,6,23985.25,46.247476824368626,122.56349310429833,520,462,996.5054127803674,998.5054127803674,2.0,10.895268874312,5.960190881113886,195.94930472170537,120625,-0.13600091957559926,-1.3044417834370297,0.0,0.0,0.0,0,0,0,0,0,19,19,1,1
35,1965,9,2,9,23985.375,46.32005920527253,122.97965298441771,519,463,996.3254842721892,1002.3254842721892,6.0,10.907439979269054,3.5377457235751355,567.0035141386943,1010000,-0.17992850817812722,-1.7236805789777616,10.652913525962807,2.690264173432128,10.987360370648346,0,0,0,0,0,20,20,1,1
35,1965,9,2,12,23985.5,45.648777952047375,123.15460854041525,521,465,997.5857047593803,1003.5857047593803,6.0,10.984270334433056,4.566413908048562,552.4306321871637,958750,1.260220487191109,12.210115409993454,4.5331763223255255,-24.88102323674606,25.290611002441008,0,0,0,0,0,23,23,1,1
35,1965,9,2,15,23985.625,45.246048669815735,123.89425689501437,521,468,998.3833754887705,1004.3833754887705,6.0,10.540883916941851,3.324429090034173,557.9846390569548,978125,0.7976707293902291,7.782197386864903,19.30187266028421,-14.927150998454444,24.400453379486347,0,0,0,0,0,22,22,1,1
35,1965,9,2,18,23985.75,45.23479788202039,124.95584101192553,519,471,998.39536907216,1004.39536907216,6.0,10.347250683880228,2.1226940910809207,604.0386635292231,1146250,0.01199358338941238,0.11703401706931184,27.708495811536302,-0.4170101745323973,27.711633615209127,0,0,0,0,0,23,23,1,1
35,1965,9,2,21,23985.875,45.74328533741245,126.12583844295531,515,473,998.5613064011025,1004.5613064011025,6.0,10.043735444899353,2.67563209967353,635.026642794686,1266875,0.16593732894252752,1.605159417182328,30.26369999758646,18.847075100666316,35.652542369290735,0,0,0,0,0,26,26,1,1
35,1965,9,3,0,23986.0,46.32897938285288,126.6589199268098,512,473,998.9205621278513,1004.9205621278513,6.0,10.321081709670317,6.236398497423506,646.0525042583579,1311250,0.3592557267488155,3.441089363619771,13.643652679161937,21.708735472968055,25.64017266449086,0,0,0,0,0,27,27,1,1
35,1965,9,3,3,23986.125,46.27802625816178,126.2376524894253,513,472,998.4008049923924,1004.4008049923924,6.0,9.909373917064322,5.648537420258727,683.8980837897614,1469375,-0.5197571354589309,-4.98266563429228,-10.791938464697568,-1.888576320779348,10.955941600119424,0,0,0,0,0,24,24,1,1
35,1965,9,3,6,23986.25,46.33280275573477,130.51956035021485,504,483,997.4260601312745,1003.4260601312745,6.0,8.888749303487968,8.885228128218005,726.7705741059057,1659375,-0.974744861117797,-9.335886024105799,109.57006951299851,2.030289543158,109.58887812507427,0,0,0,0,0,23,23,1,1
35,1965,9,3,9,23986.375,46.33280275573477,130.51956035021485,504,483,,,,8.888749303487968,,0.0,0,0.0,,0.0,0.0,0.0,0,3,0,0,0,23,23,0,0
39,1965,9,1,15,23984.625,53.52492807889524,-107.64237002055765,207,408,1002.5167726579717,1004.5167726579717,2.0,8.164328920314686,5.3929140522450325,270.9431997691338,230625,,,,,,3,0,0,0,0,10,10,1,1
39,1965,9,1,18,23984.75,52.89117688689433,-105.87283902179396,203,404,1001.1339538406896,1005.1339538406896,4.0,8.883868512581408,3.2244504711550688,413.3916062826175,536875,-1.3828188172820957,-12.013238315063388,39.57003310389852,-23.48997243514784,46.01702212059826,0,0,0,0,0,15,15,1,1
39,1965,9,1,21,23984.875,53.07945337236034,-104.85163396799904,203,401,998.9597863268308,1004.9597863268308,6.0,9.683269730882337,4.348788578965541,543.3529418669469,927500,-2.174167513858847,-18.841342040507303,22.737130899037478,6.978463330096303,23.783945677062576,0,0,0,0,0,13,13,1,1
39,1965,9,2,0,23985.0,52.73852441189128,-103.9937076334892,201,399,997.2455701212837,1003.2455701212837,6.0,11.500602045849448,5.815590739953841,416.50796867546956,545000,-1.7142162055471273,-14.922384025928878,19.252710150920397,-12.63652358345444,23.029298218368563,0,0,0,0,0,13,13,1,1
39,1965,9,2,3,23985.125,52.56471001775136,-103.57043438516149,200,398,995.5544555856285,1003.5544555856285,8.0,13.433703976403763,10.664484295942383,496.0779482660393,773125,-1.691114535655215,-14.755402389592252,9.53654522342244,-6.442426268718769,11.50871630661991,0,0,0,0,0,16,16,1,1
39,1965,9,2,6,23985.25,52.033017087056805,-100.56675060096612,196,390,995.2158766078858,1003.2158766078858,8.0,14.328912181610105,9.39637581832365,472.877040089824,702500,-0.33857897774272716,-2.975452704571408,68.4870529111539,-19.707185475337234,71.26604784758683,0,0,0,0,0,14,14,1,1
39,1965,9,2,9,23985.375,52.58495317678525,-100.00797980144135,198,388,993.682008483421,1001.682008483421,8.0,16.195210258291784,8.055250323569199,378.7326134115871,450625,-1.5338681244647887,-13.379769648191438,12.583544280500295,20.457497669946438,24.01780168073622,0,0,0,0,0,15,15,1,1
39,1965,9,2,12,23985.5,52.972809539523396,-98.67908692500151,199,384,991.7236127295473,1001.7236127295473,10.0,18.149063006247147,10.053067384782262,422.9070433316492,561875,-1.9583957538736285,-16.995261265326786,29.660869689097023,14.375886601097712,32.96108775937492,0,0,0,0,0,17,17,1,1
39,1965,9,2,15,23985.625,53.27589476547847,-98.0294952942316,200,382,991.797228521855,1003.797228521855,12.0,18.50453525114279,12.576144941958848,523.7779426003491,861875,0.07361579230768257,0.6363191608337511,14.397150043401314,11.23384648904114,18.26135910362513,0,0,0,0,0,18,18,1,1
39,1965,9,2,18,23985.75,53.63146645621953,-96.65739697294583,201,378,991.9787798128543,1003.9787798128543,12.0,18.485533120419177,9.835188487286505,523.7779426003491,861875,0.18155129099934128,1.5620884982609586,30.156427494047467,13.179256022944955,32.91052883990278,0,0,0,0,0,17,17,1,1
39,1965,9,2,21,23985.875,54.004975640172944,-94.53777250790667,202,372,992.1759162635639,1004.1759162635639,12.0,18.426772314594388,8.532095145973871,524.9161792399276,865625,0.19713645070951316,1.688116863991562,46.17141666936628,13.844108770256044,48.20227240389103,0,0,0,0,0,19,19,1,1
39,1965,9,3,0,23986.0,54.25834290048021,-94.20267950371937,203,371,992.8625558414446,1004.8625558414446,12.0,17.925431015304707,11.251926982239965,576.9166098674281,1045625,0.686639577880851,5.861055281169272,7.255031243333254,9.391051307999973,11.86706884665416,0,0,0,0,0,19,19,1,1
39,1965,9,3,3,23986.125,54.786519220998485,-92.77916686407208,205,367,992.589865039072,1006.589865039072,14.0,19.131353075464553,10.294594281399041,660.5175907957774,1370625,-0.2726908023726719,-2.3124062510579484,30.42360870250655,19.57684240514079,36.178014387732105,0,0,0,0,0,15,15,1,1
39,1965,9,3,6,23986.25,55.290765326307636,-91.3147542913827,207,363,991.9268260001155,1007.9268260001155,16.0,20.574393976295656,12.394506405084394,730.7289744312244,1677500,-0.6630390389564854,-5.588049985414098,30.906214408672593,18.6898695635517,36.11793617273027,0,0,0,0,0,13,13,1,1
39,1965,9,3,9,23986.375,55.535194682747466,-89.81090570465625,208,359,991.9341570852531,1007.9341570852531,16.0,21.25131862757225,12.915319626643978,714.9030081093861,1605625,0.007331085137557238,0.06160442957408274,31.54270779473637,9.059768119701246,32.81801050348539,0,0,0,0,0,7,7,1,1
39,1965,9,3,12,23986.5,57.10424586146346,-86.23856252298467,215,350,991.396711020599,1007.396711020599,16.0,21.704603031301765,7.630465107635391,650.8080303002619,1330625,-0.5374460646540683,-4.434574776349853,71.90463246653016,58.156843572960945,92.47969844520813,0,0,0,0,0,6,6,1,1
39,1965,9,3,15,23986.625,58.02067910275884,-85.72605390240304,219,349,989.9209770542981,1007.9209770542981,18.0,23.31370565964219,10.683440126072236,671.8654681886755,1418125,-1.4757339663009044,-12.053420361296014,10.060570615388087,33.9675756801586,35.426138354250696,0,0,0,0,0,8,8,1,1
39,1965,9,3,18,23986.75,58.69992589643801,-85.21911612516804,222,348,988.6617983277838,1008.6617983277838,20.0,24.803909722459096,12.756393131126242,702.127079827538,1548750,-1.2591787265143648,-10.209799083423475,9.761572690592537,25.176265798902303,27.002456572887954,0,0,0,0,0,7,7,1,1
39,1965,9,3,21,23986.875,59.14360938839914,-84.72932924835905,224,347,987.826670622362,1007.826670622362,20.0,26.12167221323615,15.331492370454871,620.127512085855,1208125,-0.8351277054217644,-6.739935012684022,9.310916495565737,16.44511778067321,18.89801748352489,0,0,0,0,0,5,5,1,1
39,1965,9,4,0,23987.0,59.56015718708069,-83.80116268649432,226,345,978.9007634469328,1008.9007634469328,30.0,36.114721983289265,23.091502621263135,670.5316653481805,1412500,-8.925907175429165,-71.72727366173343,17.429299959413264,15.43933397278249,23.284190572109626,0,0,0,0,0,3,3,1,1
39,1965,9,4,3,23987.125,59.93807350005802,-82.41962706187638,228,342,979.3335053772081,1009.3335053772081,30.0,36.430285311179745,20.954524771542346,679.0813262112033,1448750,0.4327419302752242,3.4640991061880704,25.650741953298713,14.00745889976521,29.22617777923296,0,0,0,0,0,3,3,1,1
39,1965,9,4,6,23987.25,60.297292514436904,-81.00465499632074,230,339,979.9472333064571,1009.9472333064571,30.0,36.69676695983528,22.564724427765686,673.9350256875631,1426875,0.6137279292489984,4.89522469111922,25.986432719642693,13.314443984397013,29.198786003979038,0,0,0,0,0,4,4,1,1
39,1965,9,4,9,23987.375,60.678384760098794,-79.99202019855866,232,337,981.5900212412926,1011.5900212412926,30.0,36.36346803988656,21.207492426302778,712.2544356516262,1593750,1.6427879348355054,13.053985403151616,18.380295629960905,14.125174767061345,23.180936772373684,0,0,0,0,0,5,5,1,1
39,1965,9,4,12,23987.5,60.77705479088505,-78.60299194026267,233,334,985.856138740107,1011.856138740107,26.0,31.88272255428063,21.41035227651133,722.7904957172213,1641250,4.2661174988144195,33.86688095831467,25.134639257866127,3.6572022784314115,25.399315327945928,0,0,0,0,0,5,5,1,1
39,1965,9,4,15,23987.625,61.08396265519581,-77.10625595511785,235,331,988.756829276738,1012.756829276738,24.0,29.09952867355658,16.685883397172947,759.9562485727157,1814375,2.9006905366310094,22.958874319692068,26.823815632714567,11.375532486224484,29.136228727187927,0,0,0,0,0,6,6,1,1
39,1965,9,4,18,23987.75,61.53522966282494,-75.02456558633794,238,327,994.1179528726254,1014.1179528726254,20.0,24.134350699225454,7.717939388853848,773.4491853681543,1879375,5.361123595887475,42.25061653088947,36.7732581605035,16.726200603476787,40.39849381309636,0,0,0,0,0,7,7,1,1
39,1965,9,4,21,23987.875,61.80691529260881,-72.00130502697846,241,321,997.3685935199081,1015.3685935199081,18.0,21.752806246358716,11.60245810449407,782.0184581137505,1921250,3.2506406472827076,25.552653590052323,52.93596753975094,10.070021224732484,53.88526688099566,0,0,0,0,0,7,7,1,1
39,1965,9,5,0,23988.0,61.86265516975078,-69.52484288599035,243,316,1000.942941266624,1014.942941266624,14.0,17.765898520064976,7.763496553982914,746.7523899246846,1751875,3.5743477467157936,28.082620779313565,43.28433103174427,2.065997183326226,43.3336088645653,0,0,0,0,0,8,8,1,2
39,1965,9,5,3,23988.125,61.77351958319343,-66.62047604722338,245,310,1003.5880837968621,1017.5880837968621,14.0,15.468207433835989,8.156449784172219,913.4384430049248,2621250,2.6451425302380813,20.79945280701858,50.90983490087966,-3.3038083362216573,51.01692306634449,0,0,0,0,0,10,10,1,2
39,1965,9,5,6,23988.25,61.92035912800207,-63.95111305268684,248,305,1006.1863982306743,1016.1863982306743,10.0,12.986827976184529,7.23256759456839,786.3313257857742,1942500,2.598314433812193,20.403229362152203,46.56756186843955,5.442604137839286,46.88453645043502,0,0,0,0,0,12,12,1,3
39,1965,9,5,9,23988.375,62.00431616097917,-61.26020470831195,251,300,1008.5155956398423,1012.5155956398423,4.0,11.089220684075439,5.214835971943103,328.97623212397707,340000,2.3291974091681187,18.275724237355163,46.814378024421345,3.1118653743945957,46.91769064992202,0,0,0,2,0,12,12,1,2
39,1965,9,5,12,23988.5,61.747570041459454,-59.429752249755786,252,296,1008.8204990640687,1014.8204990640687,6.0,10.718655411106282,5.010820497982204,468.2263705827405,688750,0.30490342422635874,2.3981192427434217,32.1141674942161,-9.516288642089972,33.49446974302081,0,0,0,0,0,9,9,1,2
39,1965,9,5,15,23988.625,61.747570041459454,-59.429752249755786,252,296,,,,10.718655411106282,,0.0,0,0.0,,0.0,0.0,0.0,0,3,0,0,0,9,9,0,0
49,1965,9,2,0,23985.0,68.995756194236,115.05400213839906,444,399,1007.1987987775981,1007.1987987775981,0.0,9.058633753125665,3.530146774938039,14.104739588693906,625,,,,,,3,0,0,0,0,14,14,1,1
49,1965,9,2,3,23985.125,70.10886852359383,114.39030706246794,440,396,1006.5465065101744,1006.5465065101744,0.0,9.696074180400963,4.9272983540046695,14.104739588693906,625,-0.6522922674237634,-4.805931410876409,-8.36966127541071,41.257481270032734,42.09787394408667,0,0,0,0,0,15,15,1,1
49,1965,9,2,6,23985.25,70.79988593230784,113.1104432300953,438,393,1006.0398558768852,1006.0398558768852,0.0,9.64012092150273,5.6194699595714335,14.104739588693906,625,-0.5066506332891003,-3.716930133344205,-15.600615909830795,25.612543357356188,29.989691462209414,0,0,0,0,0,15,15,1,1
49,1965,9,2,9,23985.375,71.47976901458395,111.73681449735702,436,390,1005.4020043030938,1005.4020043030938,0.0,9.771298968843091,6.340092997821629,14.104739588693906,625,-0.6378515737914131,-4.660526759966917,-16.17179469262931,25.199849820189378,29.9426013322265,0,0,0,3,0,16,16,1,1
49,1965,9,2,12,23985.5,72.06761708584436,110.93436841944273,434,388,1005.6129334911576,1005.6129334911576,0.0,8.984316351788271,5.143339291177472,14.104739588693906,625,0.21092918806374655,1.5359772303929031,-9.157525825389799,21.788574387315453,23.634767887040063,0,0,0,0,0,18,18,1,1
49,1965,9,2,15,23985.625,71.25232504434209,102.1187603347252,441,377,1003.5927529917116,1005.5927529917116,2.0,8.491527575499216,5.156697222879593,243.0766805410715,185625,-2.0201804994459964,-14.780423436805979,-104.92499933210969,-30.218779582912344,109.18988105279655,0,0,0,0,0,16,16,1,1
49,1965,9,2,18,23985.75,71.69598906579358,102.41429264608558,439,377,1002.2796635656958,1004.2796635656958,2.0,9.06991646180331,4.119833185563839,234.74965185398838,173125,-1.3130894260157948,-9.58217497075701,3.4401658917368665,16.44439610670984,16.80038406337913,0,0,0,0,0,16,16,1,1
49,1965,9,2,21,23985.875,72.13884065620758,102.72435568542238,437,377,1001.0764160509016,1003.0764160509016,2.0,9.77347232627924,3.8390942829116828,239.78057300779642,180625,-1.2032475147942023,-8.758479785270994,3.524871152805152,16.414283370169752,16.78849055752509,0,0,0,0,0,20,20,1,1
49,1965,9,3,0,23986.0,72.76308079885081,100.13780385308515,435,373,1000.8285364816585,1002.8285364816585,2.0,9.294711186892009,1.2758504546388576,375.83242541597855,443750,-0.24787956924308674,-1.7981177797365724,-28.40647900106444,23.13744562326763,36.636995499188814,0,0,2,0,0,20,20,1,2
49,1965,9,3,3,23986.125,72.8697527535779,97.91750303482834,435,370,999.8551827994332,1001.8551827994332,2.0,9.6376341549823,1.5955811116199765,348.07571077095474,380625,-0.9733536822252791,-7.056641290731969,-24.238300729545582,3.9537933936370373,24.558658441687278,0,0,0,0,0,18,18,1,1
49,1965,9,3,6,23986.25,72.89949811119598,97.17171216538709,435,369,998.9144663579259,1004.9144663579259,6.0,10.075809826525376,1.062240451905527,772.0331999850447,1872500,-0.940716441507393,-6.818936894871432,-8.128253493287952,1.1025109527860948,8.202684636883287,0,0,0,0,0,16,16,1,2
49,1965,9,3,9,23986.375,73.21490421680795,94.2222302061427,434,365,998.5023536436836,1004.5023536436836,6.0,10.219241091911513,2.539941236622326,760.741192402452,1818125,-0.4121127142422483,-2.9822609068671415,-31.56725158699207,11.690519592256225,33.6624363511226,0,0,0,0,0,8,8,1,1
49,1965,9,3,12,23986.5,73.23006685508813,93.456619172042,434,364,998.57231250035,1008.57231250035,10.0,10.135680593558522,3.9226303579656085,1056.8206154061227,3508750,0.06995885666634422,0.5062181065168074,-8.18764483679606,0.5620028171008595,8.206910206645526,0,0,0,0,0,8,8,1,2
49,1965,9,3,15,23986.625,73.23006685508813,93.456619172042,434,364,997.7552286595454,1005.7552286595454,8.0,10.325560778213921,3.196218435576666,891.0579231170624,2494375,-0.8170838408045529,-5.912369848041652,0.0,0.0,0.0,0,0,0,0,0,10,10,1,2
49,1965,9,3,18,23986.75,73.23006685508813,93.456619172042,434,364,997.0681452304912,1011.0681452304912,14.0,10.396895776070004,3.056432226310426,1264.8735373274587,5026250,-0.6870834290541825,-4.971694636659345,0.0,0.0,0.0,0,0,2,0,0,8,8,1,3
49,1965,9,3,21,23986.875,73.23006685508813,93.456619172042,434,364,996.2261490760626,1012.2261490760626,16.0,10.575209792057299,3.3161074611604273,1344.4709986333664,5678750,-0.8419961544286343,-6.0926338608153525,0.0,0.0,0.0,0,0,0,1,0,7,7,1,4
49,1965,9,4,0,23987.0,76.6114641537994,85.67493956526154,419,355,994.8402133113169,1012.8402133113169,18.0,13.616743048285311,2.842866293036277,1387.0776179803888,6044375,-1.3859357647456636,-9.870297327343017,-66.73781595702138,125.33140819543658,141.99259825414987,0,0,1,0,0,4,4,1,2
49,1965,9,4,3,23987.125,76.76728652482991,82.69424046668918,418,352,994.1313025582951,1012.1313025582951,18.0,14.735404299459434,3.1341988098912408,1364.3009416766213,5847500,-0.7089107530217734,-5.045442514765888,-25.286805002262977,5.775552372106487,25.937993608323232,0,0,0,0,0,4,4,1,2
49,1965,9,4,6,23987.25,76.70245996852346,80.77607771789467,418,350,994.1730574300731,1012.1730574300731,18.0,14.838325088211294,3.3072494918033777,1393.231306956791,6098125,0.04175487177795731,0.29725604394861854,-16.35207297413335,-2.4027947243721806,16.527665081276698,0,0,0,0,0,5,5,1,2
49,1965,9,4,9,23987.375,76.57749665495838,77.9386905429555,418,347,994.2873538524328,998.2873538524328,4.0,15.793300537974606,3.164551826418174,364.2738445220405,416875,0.11429642235976643,0.8141063342188924,-24.410209709459995,-4.631762161709672,24.845755347392046,0,0,0,2,0,6,6,1,1
49,1965,9,4,12,23987.5,76.25706815127236,76.30412349559099,419,345,995.0050329056213,999.0050329056213,4.0,15.778301998880952,2.8335620131385078,330.7854642750767,343750,0.7176790531884762,5.118769624835313,-14.392523982776465,-11.876674654064097,18.660121849368622,0,0,0,0,0,7,7,1,1
49,1965,9,4,15,23987.625,75.59845249339634,76.93844891667189,422,345,994.4303364125294,1000.4303364125294,6.0,16.37098506631092,2.0685393071830185,452.2323538548359,642500,-0.5746964930919057,-4.110789731660976,5.847598705529667,-24.411573254827864,25.102177582766387,0,0,0,0,0,7,7,1,1
49,1965,9,4,18,23987.75,75.20608329269095,78.17851165939275,424,346,995.0247236544466,999.0247236544466,4.0,15.968238490929679,1.357286599602885,325.0216815494707,331875,0.5943872419171384,4.259226829146381,11.736094275789709,-14.543154830006431,18.687944275916582,0,0,0,0,0,8,8,1,1
49,1965,9,4,21,23987.875,75.05263019384495,75.65066795705286,424,343,994.7631636657284,1000.7631636657284,6.0,16.911982390332973,3.3557358126548933,425.01865889546684,567500,-0.26155998871821795,-1.8756053114499058,-24.164939786275593,-5.687735356520737,24.82528244270629,0,0,0,0,0,8,8,1,1
49,1965,9,5,0,23988.0,74.61441002862824,76.06516488549865,426,343,994.6669182092484,1000.6669182092484,6.0,16.77813240899042,3.8054262965424273,403.65192058297936,511875,-0.09624545647995547,-0.6915932909771272,4.076089645434237,-16.24261970847939,16.746259337293786,0,0,0,0,0,10,10,1,1
49,1965,9,5,3,23988.125,74.61441002862824,76.06516488549865,426,343,995.0031106734906,999.0031106734906,4.0,16.349043881561073,3.3828248804786565,306.43338007504707,295000,0.33619246424219457,2.4157862744969454,0.0,0.0,0.0,0,0,0,0,0,12,12,1,1
49,1965,9,5,6,23988.25,74.39491770928512,76.26373169437744,427,343,995.4201082442597,999.4201082442597,4.0,16.17963109434077,3.0420000446030464,311.2644721248978,304375,0.41699757076916283,2.999613544285641,1.9798438380465364,-8.135477449467054,8.372919141723381,0,0,0,0,0,14,14,1,1
49,1965,9,5,9,23988.375,74.28144409356801,74.67308211207784,427,341,996.3146870973767,1000.3146870973767,4.0,15.835055684720329,2.551562656673559,340.8564337915358,365000,0.8945788531169819,6.438601669130915,-15.971801003560394,-4.205896791919189,16.51629483636112,0,0,0,0,0,14,14,1,1
49,1965,9,5,12,23988.5,73.56707472611839,74.53878225955809,430,340,996.7701207372495,1000.7701207372495,4.0,15.250714005725518,2.209716994614355,355.14826819277476,396250,0.45543363987279006,3.2897165810348032,-1.4081887769230446,-26.478083136893236,26.515502677408964,0,0,0,0,0,11,11,1,1
49,1965,9,5,15,23988.625,73.2878064619282,74.00169942388813,431,339,997.2524606750468,999.2524606750468,2.0,14.857485889367371,2.6257942868691315,226.55566456642887,161250,0.4823399377972237,3.4891251639529446,-5.724513503673631,-10.351071383593943,11.82855585614741,0,0,0,0,0,10,10,1,1
49,1965,9,5,18,23988.75,72.78968881402795,73.69490437934344,433,338,997.2050251756804,999.2050251756804,2.0,14.506098595753095,3.0081389006989045,259.6957972998228,211875,-0.04743549936640193,-0.3440474603159533,-3.3645511720807546,-18.462718439542872,18.76678386851051,0,0,0,0,0,11,11,1,1
49,1965,9,5,21,23988.875,72.57207860739152,73.90235703620182,434,338,997.3768976033028,999.3768976033028,2.0,13.973808707009399,2.667279957193532,304.15261082582236,290625,0.1718724276224384,1.2480599405926993,2.3029669605559304,-8.065716988014966,8.388053847714941,0,0,0,0,0,8,8,1,1
49,1965,9,6,0,23989.0,70.26388255382336,80.48397979503183,446,345,,,,10.98259485490079,,0.0,0,-0.31244918956421314,,82.33824107328759,-85.55323028592389,118.73896224659852,0,2,2,0,0,8,9,0,0
73,1965,8,31,6,23983.25,59.2962136385248,-40.8078063721247,271,257,1001.9011303425733,1001.9011303425733,0.0,8.33448009206153,6.386576194064691,14.104739588693906,625,,,,,,3,0,0,0,0,3,3,1,1
73,1965,8,31,9,23983.375,60.69630238737346,-39.040160889286945,278,259,1000.570658574778,1002.570658574778,2.0,9.877929982817813,5.673382881245198,168.07737027574956,88750,-1.3304717677952431,-10.570390392019405,32.06595071327113,51.89425524136607,61.00195834726934,0,0,0,0,0,3,3,1,1
73,1965,8,31,12,23983.5,61.92035912800207,-37.470073222312436,284,261,1000.5285528279841,1004.5285528279841,4.0,9.760876319632116,4.576117654213013,272.0423653362309,232500,-0.04210574679396814,-0.3306348139095671,27.391749154083236,45.36963316099216,52.99727856110367,0,0,0,0,0,3,3,1,1
73,1965,8,31,15,23983.625,62.384062242586346,-37.01067323360311,286,262,998.7463888657622,1004.7463888657622,6.0,11.781330360024757,5.034904167591231,335.5623969361227,353750,-1.7821639622218208,-13.934710601621102,7.893023045175803,17.187144603683915,18.91289910139684,0,0,0,0,0,3,3,1,1
73,1965,8,31,18,23983.75,63.62615004505733,-35.93714388565708,291,265,996.4180449927087,1004.4180449927087,8.0,13.951426540693982,5.5686024930013085,380.30521234234993,454375,-2.328343873053527,-18.005331686192317,17.6757085895538,46.0379540272871,49.314540301633414,0,0,0,0,0,3,3,1,1
73,1965,8,31,21,23983.875,64.2688790119151,-35.713072487503005,293,267,993.3492038430228,1003.3492038430228,10.0,17.36995204418922,9.605504886057098,371.8411714846597,434375,-3.0688411496859045,-23.60188660280984,3.605688254570437,23.822733440694655,24.094057698435492,0,0,0,0,0,4,4,1,1
73,1965,9,1,0,23984.0,64.72286092346488,-35.1806993612421,295,268,987.8810844438666,1003.8810844438666,16.0,22.65766439806337,15.362430832769169,439.96840742889447,608125,-5.468119399156276,-41.89562300251855,8.425651509644359,16.826828450911606,18.818441993915982,0,0,0,0,0,4,4,1,1
73,1965,9,1,3,23984.125,64.85455706156387,-34.76022537095988,296,268,986.6735004534563,998.6735004534563,12.0,23.401044710558107,22.295374361095746,331.08604176942123,344375,-1.207583990410203,-9.24225685986906,6.622267136896921,4.881314138429173,8.226885786885186,0,0,0,0,0,4,4,1,1
73,1965,9,1,6,23984.25,65.17411366630617,-32.75087658024421,300,267,986.5499805668919,998.5499805668919,12.0,23.90353077509862,19.88934379384271,352.900471761385,391250,-0.12351988656446337,-0.9429069063903696,31.268530120021733,11.844357741035296,33.436653333794176,0,0,0,0,0,5,5,1,1
73,1965,9,1,9,23984.375,66.71564555708066,-29.916940177670106,308,270,985.7164148226334,997.7164148226334,12.0,25.683335701847362,17.011861843959778,341.4395932149834,366250,-0.8335657442585216,-6.28717596950079,41.518097541665796,57.13684183830589,70.62840164363666,0,0,0,0,0,6,6,1,1
73,1965,9,1,12,23984.5,66.74004038675851,-28.676953770943978,310,269,987.7337715335417,995.7337715335417,8.0,24.132601407563058,9.991993378462357,297.2053051612671,277500,2.0173567109083526,15.213142253092721,18.149494752634414,0.9041937655111006,18.172003911002587,0,0,0,0,0,5,5,1,1
73,1965,9,1,15,23984.625,67.768834108506,-24.876548922257044,318,270,989.0908934772356,1005.0908934772356,16.0,23.399847082858084,4.911684676533987,685.3510237826716,1475625,1.3571219436937827,10.157473192947384,53.28593824410089,38.132214140698466,65.52447611256589,0,0,0,0,0,5,5,1,1
73,1965,9,1,18,23984.75,70.49861416938744,-19.898391286176626,330,278,989.874400885955,1005.874400885955,16.0,22.12404003165267,10.2216287925707,720.4471237769249,1630625,0.7835074087194517,5.758652793923543,61.57946104481249,101.17923120849706,118.44520611030268,0,0,0,0,0,7,7,1,2
73,1965,9,1,21,23984.875,70.57482858511571,-19.27438735663433,331,278,989.5561519114692,1005.5561519114692,16.0,22.103661362699654,8.354350744602707,704.1076961170457,1557500,-0.3182489744857594,-2.337979203662557,7.692001503061965,2.8248854553874834,8.194319066229193,0,0,0,0,0,6,6,1,1
73,1965,9,2,0,23985.0,70.72016623803715,-18.012109418251516,333,278,990.392049261507,1006.1773802610074,15.785330999500438,21.160687891524244,7.380159560441607,727.0442591369231,1660625,0.8358973500378488,6.135354432958937,15.447724725040443,5.3869365517639665,16.36005148504602,0,0,0,0,0,6,5,2,0
73,1965,9,2,3,23985.125,70.85587920265823,-16.731487212870874,335,278,990.0950052979045,1007.975625341902,17.880620043997332,21.131207192477167,6.97595929111958,837.4225146236897,2203125,-0.2970439636024821,-2.178456897552579,15.566045831851664,5.030197715251964,16.3586268339929,0,0,0,0,0,7,6,2,0
73,1965,9,2,6,23985.25,71.59311828958768,-13.781597235653626,340,280,991.2773408786588,999.2773408786588,8.0,20.9036166316897,3.90344005403691,327.46090286958605,336875,1.1823355807542975,8.633149589127372,34.52133589073263,27.325748730207152,44.027482046412814,0,0,0,2,0,5,5,1,1
73,1965,9,2,9,23985.375,72.18742962913757,-12.019002454544525,343,282,992.5711911257432,1002.5711911257432,10.0,20.106305436403883,4.004625081443737,408.7941905733129,525000,1.2938502470843378,9.415410569761724,19.98416927876949,22.028135268426777,29.742322793733205,0,0,0,0,0,5,5,1,1
73,1965,9,2,12,23985.5,72.76308079885081,-10.137803853085137,346,284,994.4764012546043,1004.4764012546043,10.0,18.909683590456524,2.865131711195063,437.01937223683166,600000,1.905210128861072,13.820389543600289,20.660780031531413,21.336496529705826,29.70040261803661,0,0,0,0,0,8,8,1,1
73,1965,9,2,15,23985.625,74.46992536240957,-7.8957650942937825,350,291,995.6796192809015,1005.6796192809015,10.0,17.306052962416082,3.951349134933553,474.1374875680072,706250,1.2032180262972543,8.652024009449923,22.248518761568455,63.26415201286029,67.06228088120892,0,0,0,0,0,8,8,1,1
73,1965,9,2,18,23985.75,74.99843817447196,-5.582605756531075,353,293,996.9904787271596,1006.9904787271596,10.0,16.92127504767933,3.4075457908855604,495.8773911734415,772500,1.3108594462581096,9.402344094261696,22.19127003999484,19.589314455995577,29.60056936688634,0,0,0,0,0,9,9,1,1
73,1965,9,2,21,23985.875,75.46883829174581,-4.873896422204769,354,295,998.3881710247537,1008.3881710247537,10.0,15.37914252252,4.642491200442237,525.6736344380449,868125,1.3976922975940398,10.003494868141994,6.590846839412677,17.43536884461948,18.639510422983854,0,0,0,0,0,9,9,1,1
73,1965,9,3,0,23986.0,76.42008284014408,1.420265546399046,361,299,1001.7986961420445,1009.7986961420445,8.0,12.289084754951471,3.701672255275844,541.8863995382676,922500,3.4105251172908173,24.308392078303374,54.751493833072836,35.25785592672699,65.12175121649332,0,0,0,0,0,9,9,1,1
73,1965,9,3,3,23986.125,76.73674120339531,8.267173335510636,368,301,1003.4272128019221,1009.0008230291099,5.573610227187746,10.783563826283908,5.706528432562118,488.80605388712996,750625,1.6285166598776413,11.591894333239226,58.19092747928022,11.736934491035745,59.362780192185355,0,0,0,0,0,9,10,2,0
73,1965,9,3,6,23986.25,76.70245996852346,9.223922282105343,369,301,1005.8214305721972,1010.3449156897268,4.523485117529635,8.53526387932963,4.644221722282818,491.44442833544383,758750,2.3942177702749903,17.04461473449274,8.156423864000972,-1.270633132286985,8.254802166382303,0,0,0,0,0,8,9,2,0
73,1965,9,3,9,23986.375,76.0160356943539,35.858359776475105,396,309,1005.573273882957,1009.573273882957,4.0,9.415242841854912,7.164281180964899,331.08604176942123,344375,1.2283581932302332,8.770235186640143,77.44557749062092,-18.023868377908318,79.51526459844006,0,0,0,0,2,5,5,1,1
73,1965,9,3,12,23986.5,74.09833057949486,47.86240522611175,412,312,1005.8897993760422,1007.8897993760422,2.0,8.691689119491635,8.254235499876012,168.07737027574956,88750,0.3165254930852097,2.2802089544946798,121.69886472592778,-71.07969319088218,140.93593033605595,0,0,0,0,0,5,5,1,1
73,1965,9,3,15,23986.625,73.52689813980886,51.64527821027442,417,314,1004.7449137936436,1004.7449137936436,0.0,9.06152357942625,9.740726591057683,14.104739588693906,625,-1.144885582398565,-8.271521433613996,39.75262784689903,-21.180129404401605,45.04297173057357,0,0,0,0,0,6,6,1,1
73,1965,9,3,18,23986.75,71.79941974131077,59.15763264967725,429,318,,,,9.744378252652103,,0.0,0,-1.3367436750422348,,86.91463003639016,-64.02894460035169,107.95303914664692,0,2,2,0,0,5,8,0,0
74,1965,9,4,9,23987.375,64.38826399071723,77.0053832080835,470,334,997.5194341033125,997.5194341033125,0.0,12.939384038660434,5.7222963930360855,14.104739588693906,625,-0.0847897311829729,-0.6514492892095709,72.34513708031363,-130.4655375506736,149.18135053536548,2,0,0,2,0,4,4,1,1
74,1965,9,4,12,23987.5,63.26334516868888,80.02007885425544,476,339,994.9563780434737,998.9563780434737,4.0,15.451160146942689,6.205450654464148,259.6957972998228,211875,-2.5630560598388548,-19.883211599348254,50.26596153767604,-41.695088632175334,65.30809525129395,0,0,0,0,0,6,6,1,1
74,1965,9,4,15,23987.625,62.094124639335725,83.24946053782104,482,345,994.2752972592693,1000.2752972592693,6.0,16.437604793348537,7.233637011975734,395.6875980703111,491875,-0.6810807842043869,-5.3395630749678356,56.014829043553796,-43.337130330912295,70.82208651329779,0,0,0,0,0,8,8,1,1
74,1965,9,4,18,23987.75,61.54627258192925,86.58001690513889,485,352,992.1342984995284,1000.1342984995284,8.0,18.575479409002664,7.13905813018333,418.41419359420024,550000,-2.1409987597409055,-16.871289446772938,58.8097769906235,-20.306123111794115,62.216786364438725,0,0,0,0,0,9,9,1,1
74,1965,9,4,21,23987.875,61.12934572611307,88.87669728592458,487,357,990.4986408122717,1000.4986408122717,10.0,19.757453550461236,8.148042221568758,456.39240985309783,654375,-1.635657687256753,-12.940521147654707,41.09980458880241,-15.45338371620889,43.90900825022279,0,0,0,0,0,9,9,1,1
74,1965,9,5,0,23988.0,61.13479604853376,90.22468817962451,487,360,988.1292276952557,1000.1292276952557,12.0,22.315750140033096,9.145612666938906,493.26272842343866,764375,-2.369413117015938,-18.744651067605556,24.119363021648173,0.20201606725254204,24.120209017781697,0,0,0,0,0,12,12,1,1
74,1965,9,5,3,23988.125,61.11663193952302,92.02136494035602,487,364,988.5715486899297,1000.5715486899297,12.0,21.119444557136795,8.260527174994714,537.0924821239452,906250,0.4423209946740826,3.49985498014993,32.16566541910744,-0.6732522563377363,32.172710492817174,0,0,0,0,0,13,13,1,1
74,1965,9,5,6,23988.25,60.8382020285565,93.78447990948791,488,368,989.3325353038413,999.3325353038413,10.0,19.59105874735369,6.848950377956426,493.6658856042868,765625,0.7609866139115183,6.037545992406724,31.842537412099855,-10.31999784185746,33.473116740108345,0,0,0,0,0,16,16,1,1
74,1965,9,5,9,23988.375,60.596090984221014,98.192516032642,488,378,989.5761307553714,999.5761307553714,10.0,18.524139519014536,5.767104852925477,504.23211082724873,798750,0.24359545153012732,1.9372324661935933,80.20039215249626,-8.973839938240904,80.70088416276089,0,0,0,0,0,16,16,1,1
74,1965,9,5,12,23988.5,61.21302032330972,99.2771393379347,485,380,990.3852410987588,1000.3852410987588,10.0,18.219536795968775,4.298419278201909,513.4202708268847,828125,0.8091103433874377,6.39614068306903,19.35900960760861,22.866470868281805,29.960753377668308,0,0,0,0,0,13,13,1,1
74,1965,9,5,15,23988.625,61.81805521910993,100.40771131249006,482,382,990.8671923932884,1000.8671923932884,10.0,17.923827446172844,3.842180847249183,519.9658253937054,849375,0.4819512945295719,3.788130611379752,19.79017330796235,22.425603618634046,29.909173462656533,0,0,0,0,0,12,12,1,1
74,1965,9,5,18,23988.75,62.76482086385844,102.70938813625577,477,386,990.4426277768815,1000.4426277768815,10.0,18.384596275751026,5.005541345283491,506.2010059037334,805000,-0.4245646164068603,-3.30823567063769,39.04025869370601,35.091845472466225,52.49361311183424,0,0,0,0,0,13,13,1,1
74,1965,9,5,21,23988.875,63.04008728611457,102.34642066872684,476,385,989.7306473250511,999.7306473250511,10.0,18.553990052421728,6.821066250749864,478.93847384731384,720625,-0.7119804518304591,-5.534177899920541,-6.099310451814695,10.202743210160659,11.88686489365869,0,0,0,0,0,10,10,1,1
74,1965,9,6,0,23989.0,63.53944544869996,102.07766916236423,474,384,989.0805638332967,1011.0805638332967,22.0,19.27563200376325,7.854716608472154,1366.6320855238955,5867500,-0.6500834917544853,-5.030945699152855,-4.43855435024022,18.508698086014157,19.033461838542678,0,0,2,0,0,9,9,1,2
74,1965,9,6,3,23989.125,63.58670629255718,101.59833161307313,474,383,989.9329385302755,999.9329385302755,10.0,17.79094251054773,7.441376913244967,486.5624089972368,743750,0.8523746969788044,6.5937568167794405,-7.9033443334362685,1.751722021954732,8.09514556354982,0,0,0,2,0,10,10,1,1
74,1965,9,6,6,23989.25,63.81227045948099,101.69771524668579,473,383,991.0678923076114,999.0678923076114,8.0,16.163878462809514,7.316523136200703,453.55017798064495,646250,1.1349537773359044,8.762651136716746,1.6256458553668869,8.360530331577905,8.517111709511958,0,0,0,0,0,8,8,1,1
74,1965,9,6,9,23989.375,63.9896249775515,102.28591608099666,472,384,992.3148526159373,1006.3148526159373,14.0,15.007132393159809,5.766546029040983,1098.1787565231978,3788750,1.2469603083259426,9.61283363562987,9.560728308500037,6.57364087564385,11.602597991436642,0,0,2,0,0,8,8,1,2
74,1965,9,6,12,23989.5,64.48780808569829,102.00620107409216,470,383,993.5622110865694,999.5622110865694,6.0,14.308573970058154,6.544552321199953,412.9100783308551,535625,1.2473584706321708,9.575638487131075,-4.465367212712433,18.465144721979936,18.997396504469517,0,0,0,2,0,9,9,1,1
74,1965,9,6,15,23989.625,65.25565025155022,101.30993247402021,467,381,993.4390324044617,999.4390324044617,6.0,14.567508762093558,4.599203492685701,425.2526356040208,568125,-0.12317868210768211,-0.9396845958774632,-10.802060546949082,28.46005110216849,30.441074567071308,0,0,0,0,0,9,9,1,1
74,1965,9,6,18,23989.75,66.05934220642338,100.03925478715236,464,378,993.8195626497001,999.8195626497001,6.0,13.971837656762842,5.2276295866275175,450.02740481490326,636250,0.380530245238333,2.8845604828123284,-19.111434909662155,29.788822655647387,35.39238476728948,0,0,0,0,0,9,9,1,1
74,1965,9,6,21,23989.875,66.05934220642338,100.03925478715236,464,378,994.0268865397853,1000.0268865397853,6.0,13.871939983409762,4.643971490124313,477.06558104878025,715000,0.2073238900852448,1.5715920297170112,0.0,0.0,0.0,0,0,0,0,0,12,12,1,1
74,1965,9,7,0,23990.0,66.09824339764128,99.50677198926569,464,377,994.205021767782,1000.205021767782,6.0,13.715390200460146,4.061543895007853,503.44239677826437,796250,0.17813522799668136,1.3499245182383308,-7.99659063350617,1.4418717012868574,8.125543413387836,0,0,0,0,0,11,11,1,1
74,1965,9,7,3,23990.125,66.36130284670026,99.05788812861766,463,376,994.3453251179084,1000.3453251179084,6.0,12.85784637101207,3.6239534400412237,519.5830753783531,848125,0.14030335012634168,1.061083371547695,-6.671236303180849,9.750292047090603,11.814126663297476,0,0,0,0,0,10,10,1,1
74,1965,9,7,6,23990.25,66.62272186697703,98.59908871077748,462,375,994.6493649642266,1000.6493649642266,6.0,11.78525438671337,5.340221136258479,569.2795911244947,1018125,0.30403984631819186,2.2948275306875403,-6.74744953137717,9.689489594389313,11.8073825964208,0,0,0,0,0,9,9,1,1
74,1965,9,7,9,23990.375,66.84900195094684,98.68252388126822,461,375,995.5830616877935,999.5830616877935,4.0,10.464585267290017,7.283455259865587,433.8210693433022,591250,0.9336967235669726,7.035386851023171,1.2158427148613442,8.387065779382457,8.474735741896007,0,0,0,0,0,11,11,1,2
74,1965,9,7,12,23990.5,67.07513332405003,98.767581244553,460,375,996.6869295088406,998.6869295088406,2.0,9.004166068338781,4.256694773146592,315.07601583359167,311875,1.10386782104717,8.303674393771242,1.2280314834602015,8.381553814747543,8.471039232224022,0,0,0,0,0,12,12,1,2
74,1965,9,7,15,23990.625,68.87634088596624,94.58609889617085,453,367,996.7804378905645,998.7804378905645,2.0,9.685587925361423,5.0703235249425775,337.6310530587642,358125,0.09350838172380463,0.6945130116399422,-55.843577253472716,66.7617142396324,87.03810434906605,0,0,0,0,0,13,13,1,2
74,1965,9,7,18,23990.75,68.87634088596624,94.58609889617085,453,367,996.9333969008399,998.9333969008399,2.0,8.952393770251678,4.459235215101435,284.9017742606504,255000,0.15295901027537184,1.136069525805617,0.0,0.0,0.0,0,0,0,2,0,12,12,1,1
74,1965,9,7,21,23990.875,68.64903671619497,94.53777250790665,454,367,996.5091384736436,998.5091384736436,2.0,8.924826191403726,4.790336191350143,267.24666641978536,224375,-0.42425842719632784,-3.1559484303445657,-0.6521457000414129,-8.42502349457274,8.450225730605377,0,0,0,0,0,11,11,1,1
74,1965,9,8,0,23991.0,68.64903671619497,94.53777250790665,454,367,,,,8.711014506352388,,0.0,0,-0.2254444733473065,,0.0,0.0,0.0,0,2,2,0,0,9,10,0,0
76,1965,9,3,6,23986.25,43.64288085169712,107.80436035946784,551,421,1002.5646553321712,1006.5646553321712,4.0,7.575872523050977,7.272387917507948,431.52205438136946,585000,,,,,,3,0,0,0,0,19,19,1,1
76,1965,9,3,9,23986.375,43.723243948022,108.43494882292202,550,423,999.2147874903181,1005.2147874903181,6.0,9.210282105909757,8.940030267559415,526.996561369576,872500,-3.34986784185312,-33.57838952051854,16.89113443328812,2.9786562002581656,17.151758370579618,0,0,0,1,0,12,12,1,2
76,1965,9,3,12,23986.5,43.56748467705981,108.07516843706014,551,422,999.6778164749595,1005.6778164749595,6.0,10.362884127374151,7.994861283472201,494.8733865168483,769375,0.46302898464142345,4.654555286686287,-9.66222345851142,-5.773213569616984,11.255601142658621,0,0,0,0,0,13,13,1,2
76,1965,9,3,15,23986.625,43.33458712494428,107.98733465206146,552,422,1000.2182039468931,1006.2182039468931,6.0,10.838829452698608,7.528743527239203,445.36147995563624,623125,0.5403874719336454,5.455552661201002,-2.3679574202037594,-8.632342074394588,8.951231872388353,0,0,0,0,0,15,15,1,2
76,1965,9,3,18,23986.75,43.876960442635415,108.79700264220325,549,424,999.5709846029728,1007.5709846029728,8.0,11.665837064331273,7.20662790317685,498.8772817637132,781875,-0.647219343920442,-6.46946954402767,21.63225200591359,20.10305375821077,29.531120826221017,0,0,0,0,0,13,13,1,1
76,1965,9,3,21,23986.875,44.0960104880186,109.79887635452492,547,427,998.4769738189914,1006.4769738189914,8.0,12.40519564538323,5.330041417665343,451.131226450532,639375,-1.0940107839813573,-10.89227522738915,26.66884170832491,8.11908457595681,27.87735016846526,0,0,0,0,0,12,12,1,1
76,1965,9,4,0,23987.0,46.340450293223,108.24428137528977,540,419,999.0349150246017,1007.0349150246017,8.0,15.419538695198392,13.335359122063748,416.0300477278488,543750,0.5579412056102592,5.343154096220228,-39.77929377507978,83.19010649927685,92.21163718644803,0,0,0,0,0,9,9,1,1
76,1965,9,4,3,23987.125,46.49362359851624,108.62625288502147,539,420,995.4914273165641,1005.4914273165641,10.0,17.234677848555627,11.884113044693223,434.27941185819066,592500,-3.5434877080375737,-33.848171518156256,9.74669544006939,5.677364815328697,11.279651734331237,0,0,0,0,0,8,8,1,1
76,1965,9,4,6,23987.25,47.00086162622466,110.4665486045962,535,425,992.5153527717686,1002.5153527717686,10.0,16.40340225079905,10.21998543800779,402.4178855319474,508750,-2.976074544795556,-28.19232348170975,46.517640120674194,18.80076509412284,50.173295790898024,0,0,0,0,0,9,9,1,1
76,1965,9,4,9,23987.375,46.94025854376295,109.78738041175924,536,423,990.9495881821551,1000.9495881821551,10.0,17.15285365743931,18.71511002721978,432.443127050225,587500,-1.565764589613391,-14.84712403283942,-17.187318525463755,-2.2462517695877002,17.33348104415629,0,0,0,1,0,10,10,1,2
76,1965,9,4,12,23987.5,46.09244264280466,110.04715274998972,539,425,994.0628144099667,1002.0628144099667,8.0,15.627293851404382,18.73417132870105,339.1009383412178,361250,3.1132262278115377,29.937921092999904,6.67730062699239,-31.42427563838256,32.1258687518373,0,0,0,0,0,11,11,1,1
76,1965,9,4,15,23987.625,46.00875080647879,110.32833466866829,539,426,996.641303054408,1002.641303054408,6.0,13.359295692639597,18.645128809364543,437.01937223683166,600000,2.578488644441386,24.830628222064558,7.2385813323205594,-3.1020358670014407,7.875257851320366,0,0,0,1,0,13,13,1,2
76,1965,9,4,18,23987.75,46.73445564039882,112.95902767478067,533,433,996.9456249369373,1002.539298891554,5.593673954616825,12.426024618646862,15.61084393817502,1029.8391874601673,3331875,0.30432188252918424,2.895423136733395,66.82599715287226,26.898231924446677,72.0363017938665,0,0,0,0,0,12,13,2,0
76,1965,9,4,21,23987.875,46.283119464998514,116.36306924229316,530,444,996.8711319705964,1002.8711319705964,6.0,11.581149306682004,15.337165026647636,1077.3288367521063,3646250,-0.07449296634091297,-0.7140681050119501,87.1893000607209,-16.72876430522406,88.77964631748746,0,0,0,0,0,12,12,1,2
76,1965,9,5,0,23988.0,46.497458383958396,117.17383820159739,528,446,998.5031864955942,1003.8559323702876,5.3527458746935,10.801755147838046,11.782172105325225,1171.2880130233289,4310000,1.6320545249978022,15.588752373090811,20.686710113408864,7.944466790272403,22.159750176794724,0,0,0,0,0,16,17,2,0
76,1965,9,5,3,23988.125,43.75980777679047,120.71890426402918,532,462,997.5231256195414,1003.5231256195414,6.0,8.709460366009008,5.501875055521014,1194.580683125969,4483125,-0.9800608760527393,-9.817380920342124,94.89422812274617,-101.4709528141563,138.929006316264,0,0,1,0,0,17,17,1,1
76,1965,9,5,6,23988.25,43.75980777679047,120.71890426402918,532,462,996.1174165849608,1002.1174165849608,6.0,9.052731690577932,4.841514425592322,1063.9499672170236,3556250,-1.40570903458065,-14.081146786745105,0.0,0.0,0.0,0,0,0,0,0,20,20,1,1
76,1965,9,5,9,23988.375,43.71715211594211,121.3551818994412,531,464,995.5800475351255,1001.5800475351255,6.0,9.000481988766236,3.0911960760703368,932.6209111944725,2732500,-0.5373690498352517,-5.387076265642105,17.045258589995818,-1.5810310263362424,17.11842573095038,0,0,0,1,0,18,18,1,2
76,1965,9,5,12,23988.5,43.797613559822594,121.74790985485838,530,465,997.6894407542458,1001.6894407542458,4.0,8.52910499109654,4.2929543293156165,723.7532082493317,1645625,2.1093932191202476,21.1154862999083,10.506677943249102,2.982301450002016,10.921739941137643,0,0,0,0,0,17,17,1,1
76,1965,9,5,15,23988.625,41.84272083275705,122.66091272167381,535,472,997.844202485071,1001.844202485071,4.0,8.612308897546837,2.8429796713441466,747.1519008172454,1753750,0.15476173082526656,1.6073149579883503,25.210283885235224,-72.45805112801172,76.71849572849895,0,0,0,0,0,15,15,1,1
76,1965,9,5,18,23988.75,41.918444223074395,124.03360905565947,532,476,997.1343284199294,1001.1343284199294,4.0,8.838823488931936,8.492818722641386,656.7418791116007,1355000,-0.7098740651416301,-7.361707837455174,37.85845022045507,2.80668561053812,37.96234630803365,0,0,0,0,0,16,16,1,1
76,1965,9,5,21,23988.875,42.260302651927,123.95905981967626,531,475,996.5957144993777,1000.5957144993777,4.0,9.702792150062383,8.318352181431328,639.241985783507,1283750,-0.5386139205517247,-5.548888125639411,-2.0450111030031244,12.67097430636348,12.834939044807713,0,0,0,0,0,13,13,1,1
76,1965,9,6,0,23989.0,42.260302651927,123.95905981967626,531,475,,,,9.702792150062383,,0.0,0,0.0,,0.0,0.0,0.0,0,3,0,0,0,13,13,0,0
77,1965,9,3,6,23986.25,47.505085933183395,-111.37062226934319,187,427,1003.4962192149162,1007.4962192149162,4.0,10.462067808967118,9.200115845629115,264.25221149797227,219375,,,,,,3,0,0,0,0,20,20,1,1
77,1965,9,3,9,23986.375,47.763578459589,-110.50142580856625,187,424,1002.8021822230512,1008.2459188335964,5.443736610545166,11.975763489896808,9.214064024639082,299.8708769569344,282500,-0.6940369918649958,-6.49456480365778,21.65570434958159,9.581019170612823,23.680486887396075,0,0,0,1,0,13,11,2,0
77,1965,9,3,12,23986.5,47.763578459589,-110.50142580856625,187,424,1001.7496844295279,1008.8756879540198,7.126003524491971,13.854226945486669,7.660128007687381,489.21288379849284,751875,-1.052497793523362,-9.848920455055437,0.0,0.0,0.0,0,0,3,0,0,14,12,2,0
77,1965,9,3,15,23986.625,44.70474388425627,-106.68530026261813,171,416,1001.3843149665183,1009.3843149665183,8.0,11.655886762623433,18.641502275409657,546.092093532253,936875,-0.3653694630095561,-3.5984662904006677,100.52131249310969,-113.3756287406544,151.52084826081233,0,0,1,0,0,14,14,1,1
77,1965,9,3,18,23986.75,44.975388350852164,-105.5632956298963,171,412,999.6637748529095,1005.6637748529095,6.0,13.700747759091254,5.9038292726832875,320.08747962925327,321875,-1.7205401136088767,-16.865027442305756,29.41889637019217,10.031430536628703,31.082166305637593,0,0,0,0,0,12,12,1,1
77,1965,9,3,21,23986.875,44.99156746340413,-104.35593141858175,170,408,996.9154088747238,1002.9154088747238,6.0,15.992428483684277,11.728318879211947,308.3748992661489,298750,-2.7483659781856113,-26.93234116511952,31.648046644450016,0.5996784111302083,31.653727594172217,0,0,0,0,0,11,11,1,1
77,1965,9,4,0,23987.0,44.81508494844855,-104.00085386185683,169,407,996.4791278274085,1002.4791278274085,6.0,16.353869863515136,16.11057481788441,286.98899464971794,258750,-0.43628104731527856,-4.2885268025532595,9.33616923822256,-6.541320101511129,11.39968967626605,0,0,0,1,0,8,8,1,2
77,1965,9,4,3,23987.125,45.51547519496705,-102.9946167919165,171,403,996.6511930385393,1002.6511930385393,6.0,17.49690543038921,11.248441246845978,275.6746004375086,238750,0.17206521113082998,1.6709228473526538,26.13386194986396,25.95994736139655,36.83609109855478,0,0,1,0,0,7,7,1,1
77,1965,9,4,6,23987.25,45.58334511699196,-101.19359602574721,170,397,997.9590715415335,1001.9590715415335,4.0,17.039334037560913,8.657386106071645,240.1950600466464,181250,1.3078785029941355,12.686039363297844,46.71876045681355,2.51559700031023,46.78643827958156,0,0,0,0,0,7,7,1,1
77,1965,9,4,9,23987.375,46.63953377881985,-98.9884018841875,173,389,999.885155279075,1009.885155279075,10.0,16.412598794854876,6.461895016848357,826.783212565235,2147500,1.926083737541485,18.35406856422746,56.11659747109645,39.14760692492256,68.42227444101309,0,0,2,0,0,8,8,1,2
77,1965,9,4,12,23987.5,47.90642256574625,-98.61564818416412,178,387,996.7392182939878,1004.7392182939878,8.0,20.382377389703766,8.145282604338135,366.99437405976187,423125,-3.1459369850871735,-29.37222797716728,9.261527592302507,46.95720190969799,47.8618293061509,0,0,0,2,0,9,9,1,1
77,1965,9,4,15,23987.625,48.517585508036845,-97.45869817130601,180,383,996.6422135466844,1004.6422135466844,8.0,19.97272195659317,9.602069646801318,377.4171088692805,447500,-0.09700474730343558,-0.8970973446684386,28.404557873387997,22.652739511958774,36.33132966709733,0,0,0,0,0,11,11,1,1
77,1965,9,4,18,23987.75,49.87413577097903,-95.72684725891129,185,377,996.3002927379367,1010.3002927379367,14.0,21.031099909172912,7.600149755057137,863.5050135265745,2342500,-0.3419208087476727,-3.0980933670750703,41.36818748104899,50.28050232583759,65.11110388870533,0,0,0,0,0,10,10,1,1
77,1965,9,4,21,23987.875,51.167023935139454,-94.21771748378656,190,372,994.4995109855377,1008.4995109855377,14.0,23.096965630250168,15.467423067756535,856.913717179409,2306875,-1.8007817523990526,-16.01610670762835,35.07409041405299,47.920868191145416,59.38519534838878,0,0,0,0,0,10,10,1,1
77,1965,9,5,0,23988.0,51.92600408912887,-93.26558791639545,193,369,993.6046963935796,1005.6046963935796,12.0,23.780190340885717,14.338671158895885,419.12679279387464,551875,-0.8948145919579837,-7.875176983880025,21.762841048782104,28.131580849176277,35.566938181242094,0,0,0,0,0,13,13,1,1
77,1965,9,5,3,23988.125,52.671814657324795,-92.27661498197082,196,366,994.6757678003512,1010.6757678003512,16.0,23.168535680352587,15.401842869032626,660.5175907957774,1370625,1.0710714067715161,9.332030991348628,22.227433898535693,27.64345047376104,35.47138525359635,0,0,0,0,0,14,14,1,1
77,1965,9,5,6,23988.25,53.4112841188392,-89.46454101443547,199,358,996.1400372867469,1014.1400372867469,18.0,22.635761880835613,8.160899571173431,792.2545719771281,1971875,1.4642694863956423,12.634594409332987,62.123691049690386,27.40841750966184,67.90121015137595,0,0,0,0,0,15,15,1,1
77,1965,9,5,9,23988.375,54.32606781697963,-87.62167002664452,203,353,996.2273913660376,1014.2273913660376,18.0,22.383517730120058,7.354590715069715,774.3489188335681,1883750,0.08735407929081702,0.745008440833594,39.8329728872112,33.906435403454665,52.30977050993386,0,0,0,0,0,15,15,1,1
77,1965,9,5,12,23988.5,54.493597145148044,-85.77039138822592,204,348,995.2042607712488,1015.2042607712488,20.0,23.80685688011185,6.57429567675892,900.0548096298065,2545000,-1.0231305947888176,-8.707636263223984,39.851535276260336,6.209470452166068,40.33239872821037,0,0,0,0,0,12,12,1,1
77,1965,9,5,15,23988.625,54.85664540878234,-83.86472790792753,206,343,992.8471815767755,1016.8471815767755,24.0,26.463704324198197,10.49021473360408,1023.0555676541118,3288125,-2.3570791944733354,-19.970693835863774,40.657021672737265,13.456375014416862,42.82601358784226,0,0,0,0,0,11,11,1,1
77,1965,9,5,18,23988.75,57.33447654282045,-82.20792192178156,217,340,992.2697551217836,1018.2697551217836,26.0,26.385363203108575,4.128148897800347,1276.1477011646493,5116250,-0.5774264549918007,-4.752147946386338,33.143953770758955,91.84075039565724,97.638338293908,0,0,0,0,0,12,12,1,1
77,1965,9,5,21,23988.875,59.18298159539255,-81.75065582109372,225,340,990.0803402089442,1016.0803402089442,26.0,27.86477400806771,6.750480916838423,969.2327128197398,2951250,-2.1894149128394202,-17.66252242925395,8.682694382776113,68.51479457428333,69.062770414319,0,0,0,0,0,9,9,1,1
77,1965,9,6,0,23989.0,60.103112562675065,-81.50144112050633,229,340,987.1028221391342,1017.1028221391342,30.0,31.68527849187487,8.909890595989491,1179.8342769293872,4373125,-2.97751806981003,-23.795458896669082,4.604161691492764,34.10463180345536,34.41401190402927,0,0,0,0,0,7,7,1,1
77,1965,9,6,3,23989.125,61.21302032330972,-80.7228606620653,234,339,984.8428837819497,1014.8428837819497,30.0,34.21941739164201,9.56104321069426,859.1164348263072,2318750,-2.259938357184583,-17.86515743588123,13.89664991847952,41.13870400866584,43.4224578584561,0,0,0,0,0,8,8,1,1
77,1965,9,6,6,23989.25,62.353809319469896,-80.34502290434382,239,339,982.9244891757642,1014.9244891757642,32.0,36.022528433430935,12.440989669491609,857.4939283076915,2310000,-1.9183946061854658,-15.004042350377434,6.498245262447643,42.28331624831683,42.779738480337826,0,0,0,0,0,6,6,1,1
77,1965,9,6,9,23989.375,63.33944955292167,-80.97687028710934,243,341,981.795460899638,1015.795460899638,34.0,37.088521474445315,14.15324377653429,989.2441338397168,3074375,-1.1290282761261914,-8.752721992967947,-10.508334367982501,36.53273115219855,38.01401763334337,0,0,0,0,0,6,6,1,1
77,1965,9,6,12,23989.5,63.179665865379285,-82.00647850636021,242,343,985.1713660498166,1015.1713660498166,30.0,32.91052300091603,10.217783379153698,979.644990210295,3015000,3.3759051501785873,26.208294693602667,-17.21847397956567,-5.9223784717575505,18.2085258312615,0,0,0,0,0,8,8,1,1
77,1965,9,6,15,23989.625,63.146649593861234,-81.52885536698517,242,342,983.9941210982666,1013.9941210982666,30.0,33.97694325506209,9.458252692412424,908.9626495768689,2595625,-1.1772449515499466,-9.142016082968365,7.996617219693697,-1.2237472965089027,8.08971225718286,0,0,0,0,0,7,7,1,1
77,1965,9,6,18,23989.75,62.99563961668956,-79.63080038025701,242,338,983.8944255778524,1013.8944255778524,30.0,34.41754152016739,11.00996890833041,906.3324169602699,2580625,-0.09969552041424322,-0.7752329463040841,31.94246063698003,-5.597181111400212,32.42914164665531,0,0,0,0,0,8,8,1,1
77,1965,9,6,21,23989.875,63.58670629255718,-78.40166838692689,245,336,985.5701694971102,1009.5701694971102,24.0,32.600551986316084,8.339988059665194,664.5712656141624,1387500,1.675743919257802,12.963134558014211,20.265732778411568,21.907871888381088,29.843839828743608,0,0,0,0,0,9,9,1,1
77,1965,9,7,0,23990.0,64.53465740538829,-78.490778661791,249,337,987.4200706491105,1007.4200706491105,20.0,29.62531059752084,3.508249306636716,630.6254150055114,1249375,1.8499011520002386,14.195663290549795,-1.4201186395787593,35.13578481796114,35.164472294128736,0,0,0,0,0,9,9,1,1
77,1965,9,7,3,23990.125,65.74810397148877,-82.24683812544116,253,345,988.0225183552144,1006.0225183552144,18.0,27.14166107667307,5.364526894871597,614.4876748035892,1186250,0.6024477061039942,4.577885639623471,-57.175249026813425,44.976367301544805,72.74532780132067,0,0,0,0,0,8,8,1,1
77,1965,9,7,6,23990.25,66.0334409493061,-83.2429024554941,254,347,988.4198843466153,1002.4198843466153,14.0,25.7046214159856,6.85698639748167,523.3979803141439,860625,0.3973659914008749,3.0127866920336017,-14.996505487633858,10.576008105792607,18.35067094943461,0,0,0,0,0,6,6,1,1
77,1965,9,7,9,23990.375,66.12421052081524,-85.39370214935815,254,351,988.7610632365017,1000.7610632365017,12.0,24.27303212664372,6.7908589515095805,484.7189750148126,738125,0.3411788898865052,2.584964882266921,-32.26523481896403,3.3643719485058092,32.440166099001125,0,0,0,0,0,7,7,1,1
77,1965,9,7,12,23990.5,66.33290878008191,-84.8055710922652,255,350,989.5329162351125,1013.5329162351125,24.0,22.955801786767847,4.224739580943569,1081.8436406255876,3676875,0.7718529986107023,5.838621587892373,8.75058664124911,7.73539587666823,11.679431318980527,0,0,2,0,0,11,11,1,2
77,1965,9,7,15,23990.625,66.58079883077234,-85.30508572074898,256,351,990.4686912584569,1014.4686912584569,24.0,21.240645091962264,2.4518272367880853,1192.079988143313,4464375,0.9357750233444676,7.065265664810745,-7.358667930586118,9.188038667479104,11.771577985458354,0,0,0,0,0,11,11,1,2
77,1965,9,7,18,23990.75,66.63818501816435,-87.51044707800085,256,355,991.8183262676712,1013.8183262676712,22.0,20.07184047147634,4.4987420015600215,1168.4821214077676,4289375,1.3496350092142528,10.185567601335586,-32.41183963913782,2.127017632488612,32.48155711788003,0,0,0,0,0,10,10,1,2
77,1965,9,7,21,23990.875,66.88691785556202,-89.16158502559789,257,358,993.4607518615692,1011.4607518615692,18.0,18.547530054335517,4.845445567497737,1027.4216077428953,3316250,1.642425593897933,12.372147143433608,-24.02294054516562,9.219276536175474,25.731240395422798,0,0,0,0,0,10,10,1,2
77,1965,9,8,0,23991.0,66.88245412317008,-91.39718102729638,257,362,994.7374684034763,1002.7374684034763,8.0,17.60404318284795,4.373735907407463,427.58536092435946,574375,1.2767165419072262,9.617635201448282,-32.53155371608464,-0.16544813196082883,32.53197442927296,0,0,0,2,0,8,8,1,1
77,1965,9,8,3,23991.125,66.64702542544254,-91.93680038622105,256,363,996.0422029838011,1012.0422029838011,16.0,16.440644889639458,3.879932853299178,1057.008845991889,3510000,1.3047345803247299,9.846052223856136,-7.928253336630276,-8.726158924612623,11.78995549386789,0,0,2,0,0,9,9,1,2
77,1965,9,8,6,23991.25,66.38535362040665,-93.55926682128322,255,366,997.4047878117003,1001.4047878117003,4.0,15.273356021866633,2.255766631481238,297.2053051612671,277500,1.3625848278992634,10.303037242103786,-24.089071519184476,-9.698859055305237,25.96827359743156,0,0,0,2,0,12,12,1,1
77,1965,9,8,9,23991.375,65.89574128075468,-94.56322975423787,253,368,998.2233991584446,1002.2233991584446,4.0,14.634209290990677,2.213118280025883,300.86437789062944,284375,0.8186113467442919,6.213280036107033,-15.19709934221781,-18.14746939729049,23.67028673131848,0,0,0,0,0,11,11,1,1
77,1965,9,8,12,23991.5,65.1908187499463,-94.95845091948537,250,369,999.0796531352546,1005.0796531352546,6.0,14.546430595510195,3.26330941037093,370.5011989410557,431250,0.8562539768099668,6.535457268524881,-6.146616795649328,-26.127936367777895,26.841198871719744,0,0,0,0,0,12,12,1,1
77,1965,9,8,15,23991.625,64.48373800623408,-95.33215888165957,247,370,1000.0177647288755,1006.0177647288755,6.0,13.788044550293865,3.9930949995532865,371.0377686630964,432500,0.9381115936208516,7.201876814096016,-5.966753901358138,-26.207930476287185,26.87857458961087,0,0,0,0,0,14,14,1,1
77,1965,9,8,18,23991.75,64.2083713401093,-96.28477998415957,246,372,1001.6138495512746,1007.6138495512746,6.0,13.18901316560248,4.006506771578206,378.7326134115871,450625,1.5960848223991342,12.281449091183088,-15.362733470192337,-10.206458746700537,18.44411504584234,0,0,0,0,0,13,13,1,1
77,1965,9,8,21,23991.875,63.545348792173684,-95.63754288445989,243,371,1002.71239592475,1008.71239592475,6.0,11.868231477323151,2.766683773747209,397.44343121846424,496250,1.0985463734754013,8.501129234750433,10.687166907446219,-24.57491452712933,26.798170842863993,0,0,0,0,0,11,11,1,1
77,1965,9,9,0,23992.0,63.0865394518636,-95.54299208750408,241,371,1003.2480558510734,1007.2480558510734,4.0,10.973762140445423,3.3027981285326677,283.150671167388,251875,0.5356599263234239,4.161934953669621,1.5863018829503235,-17.005756979872725,17.07958208277772,0,0,0,0,0,12,12,1,1
77,1965,9,9,3,23992.125,62.39730744629323,-95.40694937047158,238,371,1003.8082073505519,1005.8082073505519,2.0,9.963887092845496,3.229285794694224,182.27340554900803,104375,0.5601514994785248,4.379285831854932,2.33634274827561,-25.546367433493195,25.652980070246453,0,0,0,0,0,12,12,1,1
77,1965,9,9,6,23992.25,61.95764501963571,-94.85961443097241,236,370,1004.2480532620225,1004.2480532620225,0.0,9.483548828048102,2.681571248234686,14.104739588693906,625,0.4398459114704747,3.452686178005196,9.537359547524462,-16.29607709351703,18.881826071029426,0,0,0,0,0,10,10,1,1
77,1965,9,9,9,23992.375,61.28413533164122,-94.29478325702267,233,369,1004.3327519776047,1004.3327519776047,0.0,9.014690669680471,1.6276694579352622,14.104739588693906,625,0.08469871558234444,0.6691004664672688,10.058749728339683,-24.963620116982284,26.91395131604381,0,0,0,0,0,9,9,1,1
77,1965,9,9,12,23992.5,59.91181293481618,-93.67054863271615,227,368,1003.5894184932766,1003.5894184932766,0.0,8.940688644053449,2.299125113114278,14.104739588693906,625,-0.7433334843281773,-5.951964024446633,11.599404594349064,-50.865096082548696,52.170913222123275,0,0,0,0,0,10,10,1,1
77,1965,9,9,15,23992.625,59.67986488952555,-93.64312821220604,226,368,1002.8886698392075,1002.8886698392075,0.0,8.945222604526633,2.387991056848259,14.104739588693906,625,-0.7007486540690298,-5.624220065547031,0.5130785400266563,-8.597148627146865,8.612445303483158,0,0,0,0,0,10,10,1,1
77,1965,9,9,18,23992.75,59.67986488952555,-93.64312821220604,226,368,,,,8.945222604526633,,0.0,0,0.0,,0.0,0.0,0.0,0,3,0,0,0,10,10,0,0
82,1965,9,2,18,23985.75,67.38754713715689,125.67046035730192,441,418,1003.1215902713426,1003.1215902713426,0.0,11.270155973895754,2.4472947451692018,14.104739588693906,625,-0.5511314421515272,-4.136323601956511,-4.253560755160069,66.12847374201803,66.26513275129392,2,0,0,2,0,21,21,1,1
82,1965,9,2,21,23985.875,70.17073499323655,125.7644409068341,431,411,1002.7684271470351,1002.7684271470351,0.0,12.622428303701515,1.84102159188551,14.104739588693906,625,-0.3531631243074662,-2.6010056936787063,1.1816289451452782,103.15878983160157,103.16555707446429,0,0,0,0,0,24,24,1,1
82,1965,9,3,0,23986.0,70.53799970727404,126.53871185742865,429,411,1003.8217292136391,1003.8217292136391,0.0,10.951985779531682,2.4271463833818414,14.104739588693906,625,1.0533020666039374,7.739717568219194,9.561692316602922,13.61265764551112,16.635215902755085,0,0,0,0,0,23,23,1,1
82,1965,9,3,3,23986.125,70.90132246617678,127.34229030628613,427,411,1003.8711640833396,1003.8711640833396,0.0,10.444759676487934,2.8102760408043834,14.104739588693906,625,0.04943486970063532,0.3624450827070562,9.745338375832578,13.466549174829415,16.622862772024977,0,0,0,0,0,20,20,1,1
82,1965,9,3,6,23986.25,68.41210104013933,129.92039213998544,433,421,1004.2250796686768,1004.2250796686768,0.0,9.365470559834975,10.485713492006544,14.104739588693906,625,0.35391558533709033,2.6369715426816946,35.15565146323564,-92.26293129009922,98.7338256123304,0,0,0,0,0,18,18,1,1
82,1965,9,3,9,23986.375,67.68562269958855,133.77242116786545,431,428,1004.7924701386244,1004.7924701386244,0.0,9.87678823858338,3.368354207926531,14.104739588693906,625,0.5673904699475679,4.249200078802826,54.20139824734332,-26.92690192880152,60.52148064489505,0,0,0,0,0,14,14,1,1
82,1965,9,3,12,23986.5,67.68562269958855,133.77242116786545,431,428,1005.9229306104426,1007.9229306104426,2.0,8.948827030093957,4.168460153533087,206.33455182562614,133750,1.1304604718182236,8.466044074334501,0.0,0.0,0.0,0,0,0,0,0,15,15,1,1
82,1965,9,3,15,23986.625,67.85001743801499,134.17565717915485,430,428,1006.7325881797359,1008.7325881797359,2.0,7.907723212809718,5.168616798064031,177.8539989415875,99375,0.8096575692933402,6.056436764388434,5.63509077511344,6.09328696002646,8.299541795846146,0,0,0,0,0,16,16,1,1
82,1965,9,3,18,23986.75,67.69023785763612,135.40924860803494,429,430,1007.2021629728889,1011.2021629728889,4.0,7.6094803655000565,3.6964987321585796,477.898884008814,717500,0.4695747931530059,3.516540016622355,17.356808229163583,-5.922226239842355,18.339344468650946,0,0,2,0,0,14,14,1,2
82,1965,9,3,21,23986.875,68.48841533709613,136.6971561896003,425,429,1007.7982035459218,1011.7982035459218,4.0,7.667623215396376,10.095516232743757,497.87932660999996,778750,0.5960405730328057,4.4386728811658855,17.504059852603632,29.584428759297786,34.37485325550491,0,0,0,0,0,13,13,1,2
82,1965,9,4,0,23987.0,62.73418070442631,155.24145247429328,410,469,1007.4152048768814,1011.4152048768814,4.0,8.03763023407657,9.133742780269895,467.1629434306209,685625,-0.4369856930577953,-3.405959503372526,36.19040438851885,-19.6134679288613,41.16349710606468,0,0,0,1,2,12,12,1,2
82,1965,9,4,3,23987.125,62.21804454974343,155.2085683370626,411,471,1005.9776519366527,1007.9776519366527,2.0,8.378711167421573,10.75959913845858,163.27416503504918,83750,-1.4375529402286338,-11.25731413705085,-0.5681156463159385,-19.13057395285561,19.139007684654565,0,0,0,2,0,11,11,1,1
82,1965,9,4,6,23987.25,62.21804454974343,155.2085683370626,411,471,,,,8.378711167421573,,0.0,0,0.0,,0.0,0.0,0.0,0,3,0,0,0,11,11,0,0
96,1965,9,4,12,23987.5,54.3381193701836,-41.37524666792608,256,242,1016.7369604689728,1020.7369604689728,4.0,7.971535129382491,2.1141960094924435,395.6875980703111,491875,,,,,,3,0,0,0,0,2,2,1,1
96,1965,9,4,15,23987.625,54.893280991970805,-39.21099115482767,262,240,1015.3746581875546,1019.3746581875546,4.0,9.326715233653633,2.169629819618931,341.1481381100423,365625,-1.3623022814182333,-11.537112193756645,46.13167641729001,20.577051936834145,50.51283634365349,0,0,0,0,0,3,3,1,1
96,1965,9,4,18,23987.75,55.55537298882526,-39.103036489789176,264,242,1014.1665668874645,1020.1665668874645,6.0,9.695052815925452,3.409857487471382,421.7293550432469,558750,-1.2080913000901636,-10.149356167836363,2.2631940164056368,24.540423674060463,24.64456210319594,0,0,0,0,0,4,4,1,1
96,1965,9,4,21,23987.875,55.81394430302576,-36.069409899581004,271,238,1013.5540812353931,1019.5540812353931,6.0,10.692202539027669,4.150588638422778,376.09700300975805,444375,-0.6124856520713365,-5.129758330588835,63.17369778203175,9.583939438303812,63.89654127268986,0,0,0,0,0,3,3,1,1
96,1965,9,5,0,23988.0,56.03963460045415,-33.5304696671331,277,235,1010.3792386312224,1020.3792386312224,10.0,13.06133039601127,5.496282593171709,606.8317308602714,1156875,-3.1748426041706987,-26.519547937316112,52.56633146399523,8.365205355646241,53.22777342914832,0,0,0,0,0,5,5,1,1
96,1965,9,5,3,23988.125,56.474321093221334,-31.69656956437588,282,234,1008.089177868306,1018.089177868306,10.0,13.811939633166437,8.064898679000617,545.3629982891939,934375,-2.2900607629164007,-19.0322410035452,37.54135431884411,16.11164422554246,40.85264206564186,0,0,0,0,0,6,6,1,1
96,1965,9,5,6,23988.25,56.55229281248639,-29.962184096417754,286,232,1005.9900922558826,1017.9900922558826,12.0,15.452736665276841,11.13941627857872,636.2785447349366,1271875,-2.0990856124233686,-17.42938596943748,35.43136212137838,2.890019868009357,35.54903144410176,0,0,0,0,0,6,6,1,1
96,1965,9,5,9,23988.375,56.48704031249545,-28.56394077536435,289,230,1004.6040888932174,1016.6040888932174,12.0,16.486815896976427,13.273472586230634,539.4947656644164,914375,-1.3860033626652148,-11.5171055636605,28.613886741548438,-2.418582316622355,28.715919885673866,0,0,0,0,0,6,6,1,1
96,1965,9,5,12,23988.5,56.29827582660876,-26.651470085169525,293,227,1003.0069821475272,1015.0069821475272,12.0,17.64888260329591,12.129277341691559,466.3104555972362,683125,-1.5971067456902528,-13.300375461896394,39.33103504138238,-6.996551053756363,39.94849238800217,0,0,0,0,0,4,4,1,1
96,1965,9,5,15,23988.625,55.954847883268954,-24.25391972431659,298,223,1002.4548966297854,1014.4548966297854,12.0,17.324228235717722,8.112664993922081,486.97111331877176,745000,-0.5520855177417979,-4.616191372216253,49.74830897181963,-12.72914832245341,51.35100254688946,0,0,0,0,0,3,3,1,1
96,1965,9,5,18,23988.75,55.679774098392535,-22.40078962190592,302,220,1002.9527752033193,1012.9527752033193,10.0,15.74171878020469,8.090063795705792,452.01234296667235,641875,0.4978785735339625,4.176542933338093,38.725351705962595,-10.195603110391707,40.045014515356705,0,0,0,0,0,3,3,1,1
96,1965,9,5,21,23988.875,55.284596625867074,-20.929660273719065,305,217,1003.9673747147737,1011.9673747147737,8.0,14.601366071716775,7.23040727520085,381.3500088504252,456875,1.0145995114542894,8.551616623092883,31.05279151919256,-14.647243356350053,34.33391325023377,0,0,0,0,0,0,0,1,1
96,1965,9,6,0,23989.0,54.64359123699805,-19.368402349586034,308,213,1003.9214986990067,1009.9214986990067,6.0,14.095621631781139,5.107861428150864,358.49353766379875,403750,-0.04587601576684392,-0.3897139788766607,33.48524913548804,-23.758849064686302,41.057822866589596,0,0,0,0,0,0,0,1,1
96,1965,9,6,3,23989.125,53.50719748674857,-16.510715577083644,314,206,1004.0993735022711,1008.0993735022711,4.0,12.583986598922706,4.137993020367867,318.5298670785572,318750,0.17787480326427613,1.5329075553540157,62.988766770312814,-42.1204065661088,75.77409444222455,0,0,0,0,0,0,0,1,1
96,1965,9,6,6,23989.25,51.66311138816336,-11.51073461747316,326,195,1003.9461717502269,1007.9461717502269,4.0,11.574987528325657,6.420240711599328,316.3363249281201,314375,-0.15320175204411499,-1.3531919394709506,114.93120231071866,-68.35100615281071,133.72001086856412,0,0,0,0,0,0,0,1,1
96,1965,9,6,9,23989.375,51.28773699647873,-10.713123022791038,328,193,1004.8392951880727,1006.8392951880727,2.0,11.356472691835103,6.713302371215978,190.8053805118479,114375,0.8931234378457884,7.9299857690681606,18.489179485868995,-13.913242649206227,23.139318898281555,0,0,0,0,0,0,0,1,1
96,1965,9,6,12,23989.5,51.66311138816336,-11.51073461747316,326,195,1005.616866008852,1007.616866008852,2.0,10.300603718659058,3.5421093909018966,255.05799926450496,204375,0.7775708207792195,6.86808442466941,-18.33765140836037,13.913242649206227,23.018422626023533,0,0,0,0,0,0,0,1,1
96,1965,9,6,15,23989.625,51.52163417845609,-10.776343434806114,328,194,1005.2475716901704,1009.2475716901704,4.0,10.096149754884575,3.5534115996454783,1205.522116805772,4565625,-0.3692943186814955,-3.268274207443594,16.936851537792336,-5.24384931842556,17.730056279876013,0,0,0,0,0,0,0,1,1
96,1965,9,6,18,23989.75,51.12638881325796,-7.9395933986615175,336,191,1005.3364862432935,1009.3364862432935,4.0,9.238851786159078,4.968098860482642,1150.120220138971,4155625,0.08891455312303151,0.791255679029798,65.98481216086732,-14.649759796602613,67.59150019050546,0,0,0,0,0,0,0,1,1
96,1965,9,6,21,23989.875,51.010283221128965,-6.5626985089374665,340,190,1006.2624762242095,1006.2624762242095,0.0,8.455033312467469,5.289902155255622,14.104739588693906,625,0.9259899809160561,8.253938041328253,32.10951339328582,-4.3034509332687145,32.396613099036344,0,0,0,0,0,0,0,1,1
96,1965,9,7,0,23990.0,51.010283221128965,-6.5626985089374665,340,190,,,,8.455033312467469,,0.0,0,0.0,,0.0,0.0,0.0,0,3,0,0,0,0,0,0,0
104,1965,9,5,3,23988.125,66.63818501816435,2.4895529219991563,364,256,1001.4730583697263,1001.4730583697263,0.0,13.59947481351851,3.9360236281609833,14.104739588693906,625,-0.7011962091611349,-5.291861385819454,-13.339133061842864,51.78673810057633,53.477085877403916,2,0,0,2,0,7,7,1,1
104,1965,9,5,6,23988.25,67.55217325992997,2.589501847240921,364,260,999.9927304238558,1001.9927304238558,2.0,15.322463660735451,4.821138297856087,172.74707473566775,93750,-1.4803279458705219,-11.096847404619409,1.414573403124291,33.87695183237226,33.906472588072276,0,0,0,0,0,7,7,1,1
104,1965,9,5,9,23988.375,68.23659677614744,2.6698897620076245,364,263,999.4115635666711,1003.4115635666711,4.0,16.469716285510327,5.535604128388659,251.5235374254831,198750,-0.5811668571847258,-4.335461465634992,1.1047513670231088,25.36814089320441,25.392184781156764,0,0,0,0,0,7,7,1,1
104,1965,9,5,12,23988.5,69.15762995600257,2.1669146831866515,363,267,999.5423221048052,1005.5423221048052,6.0,17.13990860421128,7.564103993121607,289.4050600838035,263125,0.13075853813410504,0.969353484378467,-6.63304085490976,34.13807229039825,34.7765037156894,0,0,0,0,0,6,6,1,1
104,1965,9,5,15,23988.625,70.07543424849891,1.618094532737455,362,271,998.3075480153037,1006.3075480153037,8.0,18.712155764350747,9.784234335108122,320.7084064584796,323125,-1.2347740895014432,-9.099439137560978,-6.932179518879966,34.01839365939768,34.71752036145046,0,0,0,0,0,7,7,1,1
104,1965,9,5,18,23988.75,70.76264396966474,1.0050860052541812,361,274,997.5769189028315,1005.5769189028315,8.0,19.93708491716343,11.166463327094243,277.83114908082075,242500,-0.7306291124722338,-5.361313313264597,-7.486183565324104,25.471411511486842,26.548742884762603,0,0,0,0,0,8,8,1,1
104,1965,9,5,21,23988.875,71.21966078883369,0.3430843995235294,360,276,997.1002782627505,1007.1002782627505,10.0,21.14430833218198,12.587515978762239,316.6506184233564,315000,-0.47664064008102286,-3.4879631166643565,-7.899446559723595,16.939317227607404,18.6906854900361,0,0,0,0,0,5,5,1,1
104,1965,9,6,0,23989.0,71.44396815739064,-1.0416266760099742,358,277,994.9710787823008,1006.9710787823008,12.0,22.633229756410547,14.125039059868067,326.24357187951614,334375,-2.129199480449752,-15.56047050392195,-16.332667015192953,8.31394713084118,18.32696725384738,0,0,0,0,0,5,5,1,1
104,1965,9,6,3,23989.125,71.65699965248788,-2.459043990104621,356,278,994.1815792286168,1008.1815792286168,14.0,23.484309852051606,13.187035764763571,360.98214589711955,409375,-0.7894995536839997,-5.762614329584307,-16.533126593614316,7.896007156772775,18.32187774165857,0,0,0,0,0,6,6,1,1
104,1965,9,6,6,23989.25,71.84151278583052,-4.616352093551012,353,279,994.299467001917,1008.299467001917,14.0,23.522587052987895,12.244046637988358,349.7861668246681,384375,0.11788777330031736,0.8595580774863908,-24.918107309531436,6.838974775664172,25.83957522622024,0,0,0,0,0,4,4,1,1
104,1965,9,6,9,23989.375,71.9994982541912,-6.814352889409749,350,280,995.0829129353677,1009.0829129353677,14.0,23.420033569408787,11.505870613403749,344.62933172080244,373125,0.7834459334507119,5.7072192854798685,-25.174540014592818,5.855727521757005,25.84660538166274,0,0,0,0,0,4,4,1,1
104,1965,9,6,12,23989.5,71.4219698564014,-9.405311500956898,346,278,998.4091705219829,1010.4091705219829,12.0,19.64923791268099,12.593783108914286,355.428243221036,396875,3.326257586615102,24.3118641370405,-30.593635116562183,-21.40607594246153,37.33886175152875,0,0,0,0,0,5,5,1,1
104,1965,9,6,15,23989.625,71.07604196561495,-11.309932474020213,343,277,997.3318063244142,1009.3318063244142,12.0,20.285009554236186,16.422620378824213,309.01936161855167,300000,-1.077364197568677,-7.8906913114234225,-22.89384479167428,-12.821808813435537,26.239796313873413,0,0,0,0,0,3,3,1,1
104,1965,9,6,18,23989.75,70.75998647593508,-12.49247557736109,341,276,997.407870505591,1009.407870505591,12.0,20.379703911266255,19.516544428599516,271.67647093347347,231875,0.07606418117677094,0.5581635079127891,-14.44320679477156,-11.714588996854404,18.596715244412323,0,0,0,0,0,3,3,1,1
104,1965,9,6,21,23989.875,70.26647599239739,-12.847704858717664,340,274,998.1634788653179,1010.1634788653179,12.0,19.536313035040685,20.58842374362066,260.07854739300495,212500,0.7556083597269025,5.561625008673312,-4.445632350697028,-18.291954005097914,18.824431686565774,0,0,0,0,0,5,5,1,1
104,1965,9,7,0,23990.0,69.82255751396829,-12.563469398518377,340,272,999.7666404861279,1009.7666404861279,10.0,17.443688113642395,17.773613204908543,242.25685803530186,184375,1.6031616208099877,11.833249093495876,3.633882630793728,-16.453827548362835,16.850327710927406,0,0,0,0,0,4,4,1,1
104,1965,9,7,3,23990.125,69.60029325696861,-12.425942865427485,340,271,1002.0914868305725,1010.0914868305725,8.0,14.916027090419785,14.444881123491648,220.32307560268868,152500,2.324846344444668,17.184772005628957,1.7767924555658592,-8.23821925092883,8.427647824662,0,0,0,0,0,4,4,1,1
104,1965,9,7,6,23990.25,69.32815167581049,-12.901072745214801,339,270,1003.486854885476,1009.486854885476,6.0,13.052665708218447,13.82778458558525,185.5188843315482,108125,1.3953680549033742,10.332633254243166,-6.216820861238749,-10.086921051270753,11.848832765943758,0,0,0,0,0,3,3,1,1
104,1965,9,7,9,23990.375,69.10599518194881,-12.763213447869767,339,269,1005.377354805664,1011.377354805664,6.0,11.327739837300543,11.798350091118772,222.12166116452389,155000,1.8904999201881583,14.019676383358753,1.8223426443336546,-8.234225012853637,8.433468697734133,0,0,0,0,0,4,4,1,1
104,1965,9,7,12,23990.5,69.1551683957689,-12.159595728526515,340,269,1007.3296286237452,1011.3296286237452,4.0,9.862316541268477,8.388812375323395,199.47114020071635,125000,1.9522738180811574,14.4730463532538,7.961165546290961,1.8226039678672794,8.167131814727604,0,0,0,0,0,5,5,1,1
104,1965,9,7,15,23990.625,68.97865735824227,-11.430301581627544,341,268,1007.7812008672826,1009.7812008672826,2.0,8.529740705821308,6.196100020158701,137.4759960580849,59375,0.45157224353737546,3.351646866339559,9.696483339748374,-6.542377289909763,11.697200082136956,0,0,0,0,0,5,5,1,1
104,1965,9,7,18,23990.75,68.97865735824227,-11.430301581627544,341,268,,,,8.529740705821308,,0.0,0,0.0,,0.0,0.0,0.0,0,3,0,0,0,5,5,0,0
107,1965,9,5,0,23988.0,35.52856216593066,-50.55536714291802,179,211,1012.8816617877158,1014.8816617877158,2.0,7.536065960666866,1.9843176539799605,334.076942998453,350625,,,,,,3,0,0,0,0,2,2,1,1
107,1965,9,5,3,23988.125,35.72391860140325,-50.39911205285573,180,211,1010.7704313606479,1014.7704313606479,4.0,8.731323062643739,2.215562541125255,481.0109130984897,726875,-2.111230427067785,-25.05143037473731,4.701843958521443,7.240881503972245,8.633521967589585,0,0,0,0,0,3,3,1,1
107,1965,9,5,6,23988.25,35.91865751098112,-50.241819946979554,181,211,1010.30974151277,1014.30974151277,4.0,8.729926600888327,2.4726557189080633,525.2950433666526,866875,-0.4606898478779476,-5.440771328107022,4.721451526376538,7.217992921784305,8.625052251137477,0,0,0,0,0,3,3,1,1
107,1965,9,5,9,23988.375,36.27453871885823,-50.27389595735177,182,212,1010.2604577026925,1014.2604577026925,4.0,8.703429600760865,1.8963900426498,574.6707813310877,1037500,-0.04928381007746793,-0.577107037175974,-0.958478023096713,13.190728268024106,13.225505372635467,0,0,0,0,0,3,3,1,1
107,1965,9,5,12,23988.5,37.49850803486739,-50.56784468290295,185,216,1010.1419111674019,1014.1419111674019,4.0,10.64323664624616,1.163837226922842,485.5391430717712,740625,-0.11854653529066127,-1.349202368328072,-8.643914352253315,45.36639276960991,46.1825383479038,0,0,0,0,0,2,2,1,1
107,1965,9,5,15,23988.625,37.14476921789634,-52.14712120101229,180,220,1009.9353576907223,1013.9353576907223,4.0,10.352380338564306,1.8832328768418665,509.3354074083103,815000,-0.2065534766795463,-2.3699419807120616,-46.65910719325053,-13.111320601476452,48.46626674281757,0,0,0,0,0,1,1,1,1
107,1965,9,5,18,23988.75,38.71427938627776,-50.874711726076455,188,220,1008.9991257100253,1012.9991257100253,4.0,11.057335502038217,1.9494720795285685,516.5108647044992,838125,-0.9362319806970482,-10.370995010036841,36.79887721689329,58.17385601368706,68.83570939508927,0,0,0,0,0,2,2,1,1
107,1965,9,5,21,23988.875,37.25215950263566,-52.70083394214678,179,222,1008.9597461313227,1012.9597461313227,4.0,10.35897854789975,1.507325826065644,545.909911010575,936250,-0.03937957870250102,-0.4507168544597556,-53.87515527303895,-54.19343773571162,76.4163663707488,0,0,0,0,0,1,1,1,1
107,1965,9,6,0,23989.0,38.353631295084966,-53.77384806833136,180,228,1008.3166069544317,1014.3166069544317,6.0,11.734876009002015,2.3392412496500037,719.618229400322,1626875,-0.6431391768911271,-7.1808269128098345,-31.18826918655256,40.82602505415062,51.3757964081823,0,0,0,0,0,2,2,1,1
107,1965,9,6,3,23989.125,38.59010579522776,-54.55250436783396,179,231,1006.8465559711418,1012.8465559711418,6.0,12.533277594483007,5.205740290710891,604.697016491424,1148750,-1.4700509832898387,-16.328496456480874,-22.55840746006709,8.764921565562052,24.201355275787044,0,0,0,0,0,2,2,1,1
107,1965,9,6,6,23989.25,38.67361744047749,-55.12467165539782,178,233,1005.9333367472407,1011.9333367472407,6.0,12.907217604356152,7.913582378412758,577.7780656404763,1048750,-0.9132192239011055,-10.125041066929628,-16.556950693409807,3.095357089170274,16.843807520079306,0,0,0,0,0,2,2,1,1
107,1965,9,6,9,23989.375,38.54500413247068,-55.84412339125522,176,235,1005.0476645180586,1013.0476645180586,8.0,13.743286875318656,11.400434945998494,774.605793585644,1885000,-0.8856722291820915,-9.84726376668939,-20.85629123777304,-4.767049116443932,21.394149702042316,0,0,0,0,0,2,2,1,1
107,1965,9,6,12,23989.5,38.68491014525076,-56.0584792566912,176,236,1004.5127852176698,1012.5127852176698,8.0,14.327400279814515,9.328514670765143,597.7481469994743,1122500,-0.5348793003887112,-5.92885211002342,-6.2019003379996684,5.185612942737922,8.084191325938017,0,0,0,0,0,2,2,1,1
107,1965,9,6,15,23989.625,38.96213220753093,-56.49044788024702,176,238,1004.0479668226782,1012.0479668226782,8.0,14.392541861061668,7.640641538302007,578.6382389106122,1051875,-0.4648183949917438,-5.121377832215343,-12.449456325503006,10.275228959832198,16.142158869791274,0,0,0,0,0,1,1,1,1
107,1965,9,6,18,23989.75,39.16193956248728,-57.288323163275344,175,241,1003.8092433014638,1011.8092433014638,8.0,14.068792814883654,5.490701874042352,651.1136457340118,1331875,-0.2387235212144151,-2.6189824252593037,-22.929947146161766,7.405854725804762,24.09624784785998,0,0,0,0,0,1,1,1,1
107,1965,9,6,21,23989.875,39.13920611668691,-58.229944836032075,173,244,1004.198924911998,1010.198924911998,6.0,13.594611312205146,4.0369024775199795,426.88688178511666,572500,0.3896816105343169,4.2771938853883436,-27.069749121637024,-0.8426146127165224,27.08286020519125,0,0,0,0,0,3,3,1,1
107,1965,9,7,0,23990.0,39.18695470426854,-58.81208271995492,172,246,1002.3949870796921,1012.3949870796921,10.0,15.623851850610112,6.618845688957517,670.6799966552373,1413125,-1.8039378323059645,-19.77999787355594,-16.723996045020236,1.7698002311735541,16.8173790042359,0,0,0,0,0,1,1,1,1
107,1965,9,7,3,23990.125,38.79906496004941,-59.65948299863219,169,248,1002.2717055481435,1012.2717055481435,10.0,15.31660574554122,5.88903821549844,680.2521569533504,1453750,-0.12328153154856408,-1.3631210447252677,-24.47835888617674,-14.377123884874221,28.388232508585112,0,0,0,0,0,2,2,1,1
107,1965,9,7,6,23990.25,38.49204520119855,-60.1430566898755,167,249,1001.7104360394849,1011.7104360394849,10.0,15.362996960139965,5.914525079240411,695.7226248141042,1520625,-0.5612695086585882,-6.247673346749221,-14.028725221001318,-11.379679854617285,18.063838045109378,0,0,0,0,0,2,2,1,1
107,1965,9,7,9,23990.375,38.18069848186127,-60.621271798165296,165,250,1001.2124121104436,1011.2124121104436,10.0,15.206574555791397,5.295718555872226,699.2878968278004,1536250,-0.49802392904137377,-5.581892065329459,-13.933014372921088,-11.540058539244212,18.091485306773706,0,0,0,0,0,2,2,1,1
107,1965,9,7,12,23990.5,38.084301131393374,-60.97028546474085,164,251,1001.6731401473106,1011.6731401473106,10.0,15.276601723326907,5.410457011413091,624.4434406534699,1225000,0.4607280368670763,5.1749558402509335,-10.182116163493097,-3.5729654380026297,10.790809589091483,0,0,0,0,0,2,2,1,1
107,1965,9,7,15,23990.625,37.76573286423063,-61.44037952168018,162,252,1002.0318710563589,1012.0318710563589,10.0,14.766236755821327,4.774759555176279,620.4482400680349,1209375,0.3587309090483177,4.058166481120314,-13.774050539176285,-11.80772503281514,18.142404435640604,0,0,0,0,0,2,2,1,1
107,1965,9,7,18,23990.75,37.32420631766991,-61.68212057057247,160,252,1001.2354929331839,1013.2354929331839,12.0,14.647785592774106,6.1261087288212,816.8580653410794,2096250,-0.7963781231750908,-9.099863577714077,-7.125246138759805,-16.365170652148056,17.849031990890698,0,0,0,0,0,2,2,1,1
107,1965,9,7,21,23990.875,37.10273965374802,-61.80158847676078,159,252,1001.1916337935959,1013.1916337935959,12.0,14.546454137131308,5.480555437266521,773.3205665620155,1878750,-0.043859139588021206,-0.5037165102679161,-3.5316335171787276,-8.20865648300329,8.936133199298908,0,0,0,0,0,3,3,1,1
107,1965,9,8,0,23991.0,36.64191329249108,-61.47926742539912,158,250,1000.5239529291613,1012.5239529291613,12.0,15.074921138094176,4.842912690213998,665.6181884774962,1391875,-0.6676808644345147,-7.750897685802882,9.585899669479666,-17.080517811948194,19.58656583471462,0,0,0,0,0,3,3,1,1
107,1965,9,8,3,23991.125,36.74200469878373,-61.139865343416155,159,249,1001.0901979042397,1013.0901979042397,12.0,14.211282118499197,4.680892303554792,771.3887110172301,1869375,0.5662449750784435,6.557967947702569,10.080761732523413,3.7098855268207434,10.741741373260785,0,0,0,0,0,4,4,1,1
107,1965,9,8,6,23991.25,36.61993231875298,-60.92113858674427,159,248,1000.3441106068345,1012.3441106068345,12.0,14.02593032021578,5.290457229404492,802.3601091821032,2022500,-0.7460872974051744,-8.665563560247858,6.506839714616126,-4.5246097809486505,7.9253426892193035,0,0,0,0,0,5,5,1,1
107,1965,9,8,9,23991.375,36.71669477301233,-60.580923848251615,160,247,1000.7256590323012,1010.7256590323012,10.0,13.630669515410554,4.212844820621322,631.5711172338889,1253125,0.381548425466608,4.421521085418389,10.108230143366784,3.5864980011051726,10.725636789636328,0,0,0,0,0,4,4,1,1
107,1965,9,8,12,23991.5,37.24772806558356,-59.988919948386695,163,246,999.7454920011079,1009.7454920011079,10.0,15.063848414806655,4.254148410051639,500.6685883593409,787500,-0.9801670311932685,-11.219590252863004,17.466859737926733,19.68273600442566,26.31541916299872,0,0,0,0,0,3,3,1,1
107,1965,9,8,15,23991.625,37.55521439087959,-59.51514840503371,165,245,1001.2108133960505,1009.2108133960505,8.0,13.883247655887782,3.724527500744225,434.96602005270546,594375,1.4653213949425845,16.65564678534625,13.921224077833402,11.396973128498928,17.991427856536987,0,0,0,0,0,5,5,1,1
107,1965,9,8,18,23991.75,37.85836902203104,-59.03624346792648,167,244,1001.1852971157444,1009.1852971157444,8.0,13.634438414555458,4.4634972620956255,443.1223431961267,616875,-0.025516280306037517,-0.288053785072771,14.014619492105087,11.236418990947918,17.962924907949343,0,0,0,0,0,4,4,1,1
107,1965,9,8,21,23991.875,38.37049708830498,-58.4178088018085,170,243,1002.091690340397,1010.091690340397,8.0,13.181254205267088,3.592794334770005,450.02740481490326,636250,0.9063932246525656,10.116368239928336,17.9713252516376,18.982014253983312,26.139728316081882,0,0,0,0,0,3,3,1,1
107,1965,9,9,0,23992.0,39.00749417427805,-58.00842633117985,173,243,1002.450395221418,1008.450395221418,6.0,13.058180792680435,4.216015339795558,357.66015365163463,401875,0.35870488102096715,3.948352898276188,11.7909604672869,23.610281415858033,26.390758558198623,0,0,0,0,0,4,4,1,1
107,1965,9,9,3,23992.125,39.371427866884375,-57.14657327768392,176,241,1001.9606334440032,1007.9606334440032,6.0,14.077631891217436,3.0643577325244404,342.6029342114174,368750,-0.4897617774148239,-5.349090244435387,24.694650351670116,13.489193417614237,28.138658373295772,0,0,0,0,0,4,4,1,1
107,1965,9,9,6,23992.25,39.51523910987251,-56.41934503264781,178,239,1001.6263973110263,1009.6263973110263,8.0,14.260617551488515,3.921615394877735,431.0607800064717,583750,-0.33423613297694826,-3.6393464788334176,20.794289509191504,5.330360204909704,21.466607000319282,0,0,0,0,0,4,4,1,1
107,1965,9,9,9,23992.375,39.99559511028281,-55.757967088390004,181,238,1002.0883120302752,1010.0883120302752,8.0,14.830545934499195,3.2573349958965263,429.210725202515,578750,0.46191471924903454,4.979144354697041,18.77994908144806,17.804383409632134,25.878225520675983,0,0,0,0,0,3,3,1,1
107,1965,9,9,12,23992.5,41.217813110638915,-54.84113175963439,187,238,1000.3863671515765,1010.3863671515765,10.0,16.558883564729342,5.09485132510541,431.0607800064717,583750,-1.7019448786988505,-17.894979693764313,25.561845127587947,45.301480297752164,52.015690358721756,0,0,0,0,0,3,3,1,1
107,1965,9,9,15,23992.625,41.677382717152696,-54.143838664914085,190,237,1000.3253863934436,1010.3253863934436,10.0,17.321321320494945,4.862621734935747,403.15875983611977,510625,-0.06098075813279138,-0.6353804854411734,19.303709626361574,17.03393622812305,25.744673017201976,0,0,0,0,0,3,3,1,1
107,1965,9,9,18,23992.75,41.93028399672712,-53.59814972817357,192,236,999.3817725199532,1011.3817725199532,12.0,18.193323381829316,4.464034626467619,481.8373929400896,729375,-0.9436138734903943,-9.783441437205507,15.047238973778523,9.373779743531095,17.72814562818777,0,0,0,0,0,1,1,1,1
107,1965,9,9,21,23992.875,42.71897725865303,-52.93436350774796,196,236,999.4863639847639,1013.4863639847639,14.0,18.42455156310566,5.4551409118939045,548.9987918750612,946875,0.10459146481065545,1.068142200461806,18.075691668037372,29.232896468302616,34.36994130347701,0,0,0,0,0,2,2,1,1
107,1965,9,10,0,23993.0,42.46534108101115,-52.10061439998832,197,233,1001.1089749173813,1013.1089749173813,12.0,17.353011714031748,5.55364338070307,466.9499673796933,685000,1.62261093261739,16.650931812016715,22.796533974114535,-9.401018722431605,24.658895235846796,0,0,0,0,0,3,3,1,1
107,1965,9,10,3,23993.125,42.7381610268522,-51.1436000600554,200,231,1001.2420194703855,1013.2420194703855,12.0,17.33524820124038,5.415640572692355,496.87936712174184,775625,0.13304455300414703,1.3582274543945059,26.052512603747296,10.11206462165609,27.946149356950063,0,0,0,0,0,2,2,1,1
107,1965,9,10,6,23993.25,42.96401060223691,-50.572197803963796,202,230,1002.1008148686902,1012.1008148686902,10.0,16.032235298342954,5.513023994043469,413.8725739918657,538125,0.8587953983047919,8.730110043156266,15.498387738142387,8.37110898920279,17.61463846324738,0,0,0,0,0,2,2,1,1
107,1965,9,10,9,23993.375,43.372130630694635,-49.813550893706534,205,229,1003.7657720706842,1013.7657720706842,10.0,14.904239106904654,4.574320238356668,449.3638103450724,634375,1.664957201993966,16.797131957918786,20.440044517743857,15.12695887551081,25.42872990750317,0,0,0,0,0,1,1,1,1
107,1965,9,10,12,23993.5,43.77078122165548,-49.04245070613803,208,228,1004.6874598610017,1012.6874598610017,8.0,13.639316058728296,5.414700909233797,352.900471761385,391250,0.9216877903175191,9.230805121953408,20.638502545236378,14.775974406233443,25.382616235593094,0,0,0,0,0,1,1,1,1
107,1965,9,10,15,23993.625,43.977208473581925,-48.44982590424604,210,227,1005.8159422042065,1013.8159422042065,8.0,12.639191367210458,5.1188975474758625,418.41419359420024,550000,1.1284823432048143,11.259603045738613,15.806781886288833,7.6512210451329254,17.56119406766504,0,0,0,0,0,2,2,1,1
107,1965,9,10,18,23993.75,44.5229478769755,-47.872647589161936,213,227,1006.6134227448545,1014.6134227448545,8.0,11.462301584018922,5.25939529877076,468.0138784589843,688125,0.7974805406479573,7.8795602257760615,15.252599761212256,20.227817642464785,25.333898358771037,0,0,0,0,0,2,2,1,1
107,1965,9,10,21,23993.875,45.07502370716962,-46.86767883943418,217,226,1008.1436200116782,1016.1436200116782,8.0,10.330671836330424,4.107775801297539,522.8275191306692,858750,1.5301972668236703,14.973216789506033,26.304440659102827,20.462677146889334,33.326337248579975,0,0,0,0,0,3,3,1,1
107,1965,9,11,0,23994.0,44.9169321611316,-46.24086977513079,218,224,1009.1105014597467,1013.1105014597467,4.0,9.614930507578311,4.774828460401332,243.0766805410715,185625,0.9668814480685978,9.487229378426287,16.45173251945427,-5.8596592882739715,17.464109191891943,0,0,0,0,0,1,1,1,1
107,1965,9,11,3,23994.125,45.27230906286654,-45.0,222,222,1009.0333983134961,1013.0333983134961,4.0,9.396390274352733,3.1925268931518076,275.3135333533663,238125,-0.07710314625059254,-0.7518884761577064,32.366574174138506,13.172036173195847,34.94420782787885,0,0,0,0,0,3,3,1,1
107,1965,9,11,6,23994.25,45.60472833320519,-43.74095479282474,226,220,1009.3487659298178,1013.3487659298178,4.0,9.253732955230417,3.787898328228985,294.1776679257249,271875,0.3153676163216005,3.0578557419406645,32.64773812890823,12.32111212684758,34.895337926091486,0,0,0,0,0,1,1,1,1
107,1965,9,11,9,23994.375,46.09244264280466,-42.66701769803014,230,219,1010.4968021186611,1014.4968021186611,4.0,8.485711087280134,3.0918641709869554,331.38634663094945,345000,1.148036188843398,11.039935526196075,27.60474646608364,18.077118959805325,32.99703406889338,0,0,0,0,0,1,1,1,1
107,1965,9,11,12,23994.5,46.8822977240225,-41.11417992457912,236,218,1011.6474200962834,1013.6474200962834,2.0,7.869924808627622,1.4837722177373507,243.89374731754785,186875,1.1506179776223144,10.920888813150174,39.33877375821038,29.2759592719498,49.036934162858564,0,0,0,0,0,1,1,1,1
107,1965,9,11,15,23994.625,46.8822977240225,-41.11417992457912,236,218,,,,7.869924808627622,,0.0,0,0.0,,0.0,0.0,0.0,0,3,0,0,0,1,1,0,0
124,1965,8,31,12,23983.5,32.322551689887526,148.2781959114094,489,569,1006.0026786986735,1008.0026786986735,2.0,8.624884067343611,1.9475941867268558,349.7861668246681,384375,,,,,,3,0,0,0,0,18,18,1,1
124,1965,8,31,15,23983.625,32.67633502366627,148.35418307475382,488,568,1005.1021507941754,1007.1021507941754,2.0,8.85871423940151,1.2647720448186737,333.18249174678584,348750,-0.900527904498158,-11.556074556617835,2.370711638061141,13.112970615864965,13.325549596297202,0,0,0,0,0,19,19,1,1
124,1965,8,31,18,23983.75,33.19378394553945,147.78208705497013,489,565,1005.3196237208545,1007.3196237208545,2.0,8.457116596149778,1.6288046410904644,381.6107610236958,457500,0.2174729266790382,2.752095859535926,-17.744594621956985,19.179231636664777,26.128788040596675,0,0,0,0,0,19,19,1,1
124,1965,8,31,21,23983.875,33.54677394465304,147.85631256752862,488,564,1005.374538475383,1007.374538475383,2.0,8.721296146815309,1.967019459012954,352.0538480585229,389375,0.0549147545285814,0.6884699526414713,2.2929185643218797,13.083565685899607,13.282965278877363,0,0,0,0,0,22,22,1,1
124,1965,9,1,0,23984.0,34.13222180164944,146.94099090330263,490,560,1002.0540044288073,1008.0540044288073,6.0,12.138563710809024,2.9992119373021704,458.7836224616476,661250,-3.3205340465757764,-41.00008308065991,-28.08229040473772,21.699610504309653,35.48926782021249,0,0,0,0,0,17,17,1,1
124,1965,9,1,3,23984.125,34.418416704207225,146.4767805158272,491,558,1001.0989244074855,1007.0989244074855,6.0,12.072624939218347,2.3694012299810128,466.09709001498516,682500,-0.9550800213217735,-11.706673080491797,-14.193721129453259,10.607807065319617,17.719686516294036,0,0,0,0,0,18,18,1,1
124,1965,9,1,6,23984.25,34.70021009509391,146.00820207688673,492,556,1000.8057989252048,1006.8057989252048,6.0,11.273980167771606,2.2752896416768635,468.0138784589843,688125,-0.29312548228059315,-3.56735500787729,-14.278823901624563,10.44466514285563,17.691123253202107,0,0,0,0,0,18,18,1,1
124,1965,9,1,9,23984.375,35.120902651153536,145.73598098835132,492,554,1001.1885949150496,1007.1885949150496,6.0,11.069382262358552,2.7377347012202518,453.55017798064495,646250,0.38279598984474433,4.609892920639178,-8.252902940078137,15.592959303653998,17.64230106260972,0,0,0,0,0,20,20,1,1
124,1965,9,1,12,23984.5,35.263408155111165,145.93766743795692,491,554,999.3887716965709,1009.3887716965709,10.0,13.730545666599424,3.8743882730647607,530.1956414721458,883125,-1.7998232184787049,-21.598401883686975,6.103795789314248,5.281963019671439,8.071892986086162,0,0,0,0,0,19,19,1,1
124,1965,9,1,15,23984.625,35.47329615091984,145.80049913378232,491,553,998.6384935327773,1008.6384935327773,10.0,13.549536996396753,3.507391489294023,550.6270667067326,952500,-0.7502781637937005,-8.95721089416143,-4.140452372516301,7.779493432506536,8.81271036148858,0,0,0,0,0,17,17,1,1
124,1965,9,1,18,23984.75,35.615329376058995,146.0035408517495,490,553,998.5727445352147,1008.5727445352147,10.0,13.234687958000375,4.268741527026796,567.704817454536,1012500,-0.0657489975624776,-0.7822269323122437,6.11800851540931,5.264458016812497,8.071217157616452,0,0,0,0,0,20,20,1,1
124,1965,9,1,21,23984.875,35.615329376058995,146.0035408517495,490,553,999.2181673092845,1007.2181673092845,8.0,12.563969593136141,3.839907639793964,461.59363087490163,669375,0.6454227740697388,7.678703787465097,0.0,0.0,0.0,0,0,0,0,0,19,19,1,1
124,1965,9,2,0,23985.0,35.751088618125166,147.0947570770121,486,555,997.0047183178675,1007.0047183178675,10.0,15.634408582866133,4.05303231128717,450.46925804339475,637500,-2.2134489914169535,-26.247032101062608,32.824223976958855,5.031912987623032,33.207677244946986,0,0,0,0,0,22,22,1,1
124,1965,9,2,3,23985.125,36.02438330979124,147.50984815341963,484,555,997.3153316948019,1007.3153316948019,10.0,14.793189052668572,3.981123956824667,490.2284814948658,755000,0.31061337693434327,3.65904555379995,12.44314292949212,10.1296610640523,16.04499421116589,0,0,0,0,0,24,24,1,1
124,1965,9,2,6,23985.25,36.294234920047536,147.9288049904977,482,555,997.0860540802016,1007.0860540802016,10.0,14.267771519515897,4.261943710067644,511.0900608988334,820625,-0.22927761460028706,-2.683554336916702,12.515873187264592,10.002043335788246,16.021484092638698,0,0,0,0,0,22,22,1,1
124,1965,9,2,9,23985.375,36.56061442101818,148.3516364145702,480,555,997.3794021958986,1005.3794021958986,8.0,14.361380805459197,3.7103976037163373,420.78483122581025,556250,0.2933481156970083,3.4118984795873324,12.588355405945457,9.87334969001486,15.998428858100809,0,0,0,0,0,22,22,1,1
124,1965,9,2,12,23985.5,36.953608945564206,148.99316394257593,477,555,995.4836341148264,1007.4836341148264,12.0,16.93101145572763,4.564615628745305,599.2439739797879,1128125,-1.8957680810721649,-21.847906748797286,19.001661031750853,14.56633244286943,23.942455237542983,0,0,0,0,0,25,25,1,1
124,1965,9,2,15,23985.625,37.29870507514102,149.07958368622084,476,554,994.8231388368289,1006.8231388368289,12.0,16.539689655240604,4.37770611817883,604.8614927671413,1149375,-0.6604952779975428,-7.5515988133908545,2.54806122797864,12.79097960453845,13.04230712969322,0,0,0,0,0,25,25,1,1
124,1965,9,2,18,23985.75,37.55521439087959,149.5151484050337,474,554,994.4239050506259,1004.4239050506259,10.0,16.58873595557778,4.79684263755822,444.24332232904777,620000,-0.3992337862029672,-4.537910215958873,12.798563209357019,9.507511515732109,15.943525188793277,0,0,0,0,0,26,26,1,1
124,1965,9,2,21,23985.875,37.98690988524613,149.25559836678536,474,552,994.5192677297973,1004.5192677297973,10.0,16.730141275089533,4.555196678208813,445.5847747703454,623750,0.09536267917137593,1.0734556626266036,-7.582184020582208,16.00078294295783,17.70634262939759,0,0,0,0,0,30,30,1,1
124,1965,9,3,0,23986.0,38.36712362044846,149.91968585571487,471,552,993.3218628596438,1005.3218628596438,12.0,18.124853461513503,5.9985127428475975,478.5229089327537,719375,-1.1974048701534048,-13.365379574007548,19.29886183470802,14.092612798359168,23.896606528953573,0,0,0,0,0,31,31,1,1
124,1965,9,3,3,23986.125,38.49204520119855,150.14305668987552,470,552,993.3460937043491,1005.3460937043491,12.0,17.350542449740296,5.44084332705599,501.46267067967744,790000,0.02423084470516187,0.2697214088744404,6.480110365397816,4.630215335942671,7.9643408016567765,0,0,0,0,0,28,28,1,1
124,1965,9,3,6,23986.25,38.95646397106738,150.46499241462533,468,551,992.3387028071649,1004.3387028071649,12.0,17.735297950626382,6.043903100904936,492.65737405943736,762500,-1.007390897184232,-11.10080993031956,9.279023574516618,17.213670349306945,19.55532473243654,0,0,0,0,0,26,26,1,1
124,1965,9,3,9,23986.375,39.29621441673596,150.56376891013943,467,550,992.3577362177925,1004.3577362177925,12.0,18.07175548881896,7.058610892574217,494.0687138113427,766875,0.01903341062774416,0.2082127650973522,2.833296903667163,12.592841961191267,12.907642697404878,0,0,0,0,0,19,19,1,1
124,1965,9,3,12,23986.5,39.41819153500394,150.79240352885728,466,550,992.8089092230065,1004.8089092230065,12.0,17.846727174836694,6.524641734001124,485.12923236715,739375,0.4511730052139319,4.922735866666903,6.546694466852825,4.521078906040994,7.956089675020652,0,0,0,0,0,20,20,1,1
124,1965,9,3,15,23986.625,39.539236117290976,151.02206282150806,465,550,992.7360827583668,1004.7360827583668,12.0,17.58701043972462,6.230900350720694,487.9913765644311,748125,-0.07282646463965647,-0.7925721212025388,6.564601171937048,4.486514482709233,7.951276674230181,0,0,0,0,0,20,20,1,1
124,1965,9,3,18,23986.75,39.996745508826805,151.3577740577592,463,549,992.4724209945017,1002.4724209945017,10.0,17.60483357023121,5.8731382819553986,376.3613946086751,445000,-0.2636617638650932,-2.8420366599490188,9.53243831074244,16.957574410341348,19.453192797851305,0,0,0,0,0,19,19,1,1
124,1965,9,3,21,23986.875,40.333483779945915,151.46413029684211,462,548,992.7835351775179,1004.7835351775179,12.0,17.743985951727872,5.397446565153659,472.66663872675434,701875,0.3111141830161796,3.330260325746287,3.005017517369998,12.481195785168214,12.837849450254563,0,0,0,0,0,18,18,1,1
124,1965,9,4,0,23987.0,40.2456810167758,152.42149755444837,459,550,994.5099685215345,1004.5099685215345,10.0,16.0817352100318,4.765592639125462,463.9580374686793,676250,1.72643334401655,18.513701127529643,27.08474365539176,-3.2544072699634228,27.27956204848375,0,0,0,0,0,15,15,1,1
124,1965,9,4,3,23987.125,40.47350764201009,152.89613292503924,457,550,994.4804690273246,1004.4804690273246,10.0,15.516873462201891,4.721680480619398,484.92414707691694,738750,-0.029499494209885596,-0.3148661683315085,13.38259194877899,8.444388293534674,15.82407851723157,0,0,0,0,0,16,16,1,1
124,1965,9,4,6,23987.25,40.91863518192125,153.25382472811987,455,549,994.4969194950365,1002.4969194950365,8.0,14.96560097062306,4.093542325957751,371.8411714846597,434375,0.016450467711983947,0.1740068890089854,10.018152012854525,16.49864138263137,19.302034535906767,0,0,0,0,0,14,14,1,1
124,1965,9,4,9,23987.375,41.24827365077031,153.98176362629707,452,549,995.0995322834711,1003.0995322834711,8.0,15.173360715700534,4.16602598689642,382.131731588485,458750,0.6026127884346352,6.332287580933052,20.28589470749412,12.21804178763206,23.681175418628634,0,0,0,0,0,15,15,1,1
124,1965,9,4,12,23987.5,41.79189373057931,154.60158265058993,449,548,994.9366342293282,1002.9366342293282,8.0,15.759756288964217,5.415660744915731,346.3568078665642,376875,-0.16289805414300645,-1.693495067092372,17.128379448611273,20.1492649656235,26.44568511478785,0,0,0,0,0,13,13,1,1
124,1965,9,4,15,23987.625,42.342477281476086,154.61421868681776,448,546,994.6764615965309,1002.6764615965309,8.0,15.779201094766048,6.0777453909593895,348.64679517591304,381875,-0.26017263279733016,-2.676119556217015,0.34617567732460264,20.407365851222846,20.410301775947055,0,0,0,0,0,17,17,1,1
124,1965,9,4,18,23987.75,42.77414636787144,155.00001790851428,446,545,994.3991108483737,1002.3991108483737,8.0,15.969349349151198,6.75492895133808,328.37093955580036,338750,-0.2773507481571869,-2.8295002505437346,10.496445820557339,15.999804132151485,19.13554564497985,0,0,0,0,0,16,16,1,1
124,1965,9,4,21,23987.875,43.425457562921615,155.274380403723,444,543,993.8706520882001,1003.8706520882001,10.0,16.737922579347735,10.441488449950192,378.7326134115871,450625,-0.5284587601735257,-5.326178311608739,7.38560302315154,24.14083351879482,25.245335707764962,0,0,0,0,0,17,17,1,1
124,1965,9,5,0,23988.0,43.95151931921802,155.93563903305247,441,542,992.6840531122352,1002.6840531122352,10.0,18.046536991815167,11.765463528338733,338.80747144215917,360625,-1.18659897596488,-11.844975610349957,17.64503677357369,19.498466133962093,26.297100682737526,0,0,0,0,0,19,19,1,1
124,1965,9,5,3,23988.125,44.59584621076537,156.22923363897635,439,540,991.5965133900224,1003.5965133900224,12.0,18.741405521590973,12.762903007510612,380.04356441846903,453750,-1.0875397222128231,-10.731634891797956,7.748871923897071,23.8819604802416,25.10762936783921,0,0,0,0,0,19,19,1,1
124,1965,9,5,6,23988.25,45.46023344652296,156.41296947487177,437,537,990.6699995892986,1002.6699995892986,12.0,19.31728321447846,16.02771073278622,343.1831258788849,370000,-0.9265138007237692,-9.005894871601756,4.776676315906258,32.03849175751908,32.392616299452534,0,0,0,0,0,23,23,1,1
124,1965,9,5,9,23988.375,46.00241561068994,156.44773632710536,436,535,990.0957786224213,1004.0957786224213,14.0,20.491266286825486,17.696036979030758,387.0459794200768,470625,-0.5742209668773285,-5.530289848296592,0.8951202829028948,20.095968657511676,20.11589412888614,0,0,0,0,0,22,22,1,1
124,1965,9,5,12,23988.5,46.543496657453424,156.4833237632203,435,533,989.0415666381496,1003.0415666381496,14.0,21.29299135111718,16.38424999342176,360.4306067730092,408125,-1.0542119842718238,-10.061754711930755,0.9072457114913873,20.055155767875764,20.075666057562824,0,0,0,0,0,20,20,1,1
124,1965,9,5,15,23988.625,47.08349430684671,156.5197611534196,434,531,988.9014683649158,1002.9014683649158,14.0,21.084616046795553,13.254707374453648,380.5666803775979,455000,-0.14009827323374338,-1.3253684628976146,0.9196331947924047,20.01499967084003,20.036115817111124,0,0,0,0,0,18,18,1,1
124,1965,9,5,18,23988.75,47.401000741829414,156.6798486089607,433,530,987.9337345047848,1003.9337345047848,16.0,21.56447751889114,13.427646714707953,585.4741315243309,1076875,-0.9677338601309748,-9.10824032885634,4.016259724924804,11.768368249025798,12.434823417432657,0,0,0,0,0,19,19,1,1
124,1965,9,5,21,23988.875,47.93923988301062,156.71938265690466,432,528,987.7460933005801,1001.7460933005801,14.0,21.84919125451013,13.755850587193272,365.3644872156122,419375,-0.18764120420470135,-1.751017549621476,0.9816503928339253,19.949820606958305,19.973957538344003,0,0,0,0,0,16,16,1,1
124,1965,9,6,0,23989.0,48.064133923981856,156.3078471408241,433,527,987.8375647176549,1005.8375647176549,18.0,21.19439038655077,13.56429841429548,689.1143311892757,1491875,0.09147141707479023,0.8519132041910276,-10.193912730682863,4.629194574713062,11.19577148620545,0,0,0,0,0,14,14,1,1
124,1965,9,6,3,23989.125,48.28441372591987,156.18134950026624,433,526,987.4556403726483,999.4556403726483,12.0,20.703592512001627,14.822124115051702,343.7623383178156,371250,-0.3819243450065551,-3.5448107583792012,-3.1199721341206756,8.164665472591686,8.740479872239302,0,0,0,0,0,18,18,1,1
124,1965,9,6,6,23989.25,48.064133923981856,156.3078471408241,433,527,987.8824168004797,997.8824168004797,10.0,19.817472520179255,13.967471033287875,295.19033070683855,273750,0.4267764278313553,3.9747550189338146,3.133404644542424,-8.164665472591686,8.745283697271967,0,0,0,0,0,11,11,1,1
124,1965,9,6,9,23989.375,48.03386898974929,157.00691713989895,431,528,989.4310955527301,1007.4310955527301,18.0,18.34977763297247,13.185308769973636,834.5668455587646,2188125,1.5486787522504164,14.430370568777196,17.32640651398365,-1.1217690472978834,17.362682064798935,0,0,2,0,0,11,11,1,2
124,1965,9,6,12,23989.5,47.99704840871974,157.70492394064934,429,529,991.7611060139876,1007.7611060139876,16.0,16.083646246463807,11.310827559405515,860.1578585925078,2324375,2.3300104612574795,21.72326884184474,17.312414045270835,-1.36475393553002,17.36612315341094,0,0,0,0,0,12,12,1,2
124,1965,9,6,15,23989.625,47.72956278829787,158.51609536165665,427,531,992.8407536907534,1005.8333624987109,12.99260880795744,14.40859616669705,10.263423014556393,783.0353876176522,1926250,1.0796476767658896,10.108430251216376,20.223257970084035,-9.91434798042808,22.522754245464423,0,0,0,0,0,12,13,2,0
124,1965,9,6,18,23989.75,47.53765437060841,159.60698374784394,424,533,994.6906972556955,1004.6705244178795,9.979827162184083,12.13853682047313,8.284558855701544,724.9891030636146,1651250,1.849943564941932,17.37348132897609,27.29682468498399,-7.113080809150997,28.20837741665166,0,0,0,0,0,12,13,2,0
124,1965,9,6,21,23989.875,47.24914074100949,160.39789625603825,422,535,996.3729042089618,1004.2016224410175,7.82871823205569,10.563201791610851,7.294269907864509,705.6599947558084,1564375,1.6822069532664319,15.871545635609731,19.899385199503186,-10.69375062640225,22.590746640558056,0,0,0,0,0,18,17,2,0
124,1965,9,7,0,23990.0,50.67338647073464,175.4991177055932,373,531,991.6417503482083,1005.6417503482083,14.0,17.877864773718752,5.647266890819083,790.6206669404861,1963750,1.440127907190763,12.89839232345972,21.884088532339398,19.93951478534156,29.60570182863638,0,0,0,0,2,15,15,1,1
124,1965,9,7,3,23990.125,50.96140916707837,176.4759714161258,370,530,990.5507593326049,1002.5507593326049,12.0,18.480263085294222,5.981659840844731,634.3997654031962,1264375,-1.0909910156033584,-9.731420392015487,22.804620759710957,10.675554197303082,25.17971773896196,0,0,0,0,0,14,14,1,1
124,1965,9,7,6,23990.25,50.96140916707837,176.4759714161258,370,530,990.1106617464533,1002.1106617464533,12.0,18.401258784814907,6.3129457791079036,644.5109785487341,1305000,-0.4400975861516781,-3.9255819370654486,0.0,0.0,0.0,0,0,0,0,0,14,14,1,1
124,1965,9,7,9,23990.375,50.9879344792173,177.14597502532962,368,530,990.0928150496063,1002.0928150496063,12.0,18.441295738012226,6.317049438025861,630.3098656162251,1248125,-0.017846696846972918,-0.1591292242330277,15.632343276239958,0.9831600458373861,15.663229551466568,0,0,0,0,0,15,15,1,1
124,1965,9,7,12,23990.5,50.26041140166157,176.865896749528,369,533,990.0699080402276,1000.0699080402276,10.0,17.532989429169497,6.407423442881191,572.9372305296926,1031250,-0.02290700937868678,-0.20638892306499645,-6.63662232453258,-26.965625080344495,27.770302336348237,0,0,0,1,0,20,20,1,2
124,1965,9,7,15,23990.625,50.0449778434949,177.53894534946974,367,534,990.2307110455099,1000.2307110455099,10.0,16.523405662511262,6.418155143347104,617.0722821091217,1196250,0.16080300528235966,1.4533659132358883,16.020259573733014,-7.985039565706269,17.899988091495448,0,0,0,0,0,20,20,1,2
124,1965,9,7,18,23990.75,49.830496258726605,178.53119928561418,364,535,990.9068662067024,1000.9068662067024,10.0,15.74435130034357,4.491289044156292,674.2301581850415,1428125,0.6761551611924369,6.130478197665905,23.723429483851092,-7.949754694973035,25.01998613479834,0,0,0,0,0,21,21,1,2
124,1965,9,7,21,23990.875,52.671814657324795,-177.72338501802918,353,523,991.6988933624617,1001.6988933624617,10.0,15.329402352443598,4.195253192688397,701.4183614882215,1545625,0.7920271557592787,6.900774231117171,-84.17041215240263,105.3133969686534,134.81680111537474,0,0,1,0,0,19,19,1,1
124,1965,9,8,0,23991.0,54.493597145148044,-175.7703913882259,348,515,990.4290548018085,1000.4290548018085,10.0,15.856779986691716,7.196016627212157,620.6085419025319,1210000,-1.269838560653152,-10.807312727722554,42.04096541051472,67.52432336528258,79.54229704118019,0,0,0,0,0,15,15,1,1
124,1965,9,8,3,23991.125,54.25834290048021,-175.79732049628063,348,516,991.2387822645059,1001.2387822645059,10.0,14.708542182655528,7.077428468022771,694.5778727020519,1515625,0.8097274626973376,6.911715511938564,-0.5830372466799524,-8.719692826220152,8.739163313192591,0,0,0,0,0,15,15,1,1
124,1965,9,8,6,23991.25,54.25834290048021,-175.79732049628063,348,516,991.8568748773995,1001.8568748773995,10.0,13.209914726832059,7.274871028163106,789.487521043642,1958125,0.6180926128936699,5.2759483865358865,0.0,0.0,0.0,0,0,0,0,0,17,17,1,1
124,1965,9,8,9,23991.375,54.24030153252434,-175.43335439460137,347,516,992.762722715141,1002.762722715141,10.0,12.494692882840905,6.052186728998786,856.100760972783,2302500,0.9058478377414576,7.7339380030786185,7.883602974211828,-0.6687028621399862,7.9119124977994915,0,0,0,0,0,17,17,1,2
124,1965,9,8,12,23991.5,54.69067191814234,-175.0062560141766,346,514,991.408892968328,1009.408892968328,18.0,13.48306751855757,7.650573814224772,1432.3777993718682,6445625,-1.3538297468129894,-11.494004445564217,9.14980133751175,16.69296733055829,19.03612415422368,0,0,0,0,0,16,16,1,2
124,1965,9,8,15,23991.625,52.115947941427116,-175.680724972372,347,525,991.3355909010642,1011.3355909010642,20.0,13.35321672342212,3.996424934140742,1775.685323003294,9905625,-0.07330206726386677,-0.6434569251358557,-15.351076940317014,-95.43208124027865,96.65887281092552,0,0,0,0,0,18,18,1,1
124,1965,9,8,18,23991.75,52.097346724480545,-175.3366508941604,346,525,990.4178633780251,1012.4178633780251,22.0,14.157962556496528,5.497643376889318,1850.3031561302419,10755625,-0.917727523039066,-8.057990448379183,7.834497599939994,-0.6894536512914042,7.864775837920912,0,0,0,0,0,17,17,1,1
124,1965,9,8,21,23991.875,52.077323227340614,-174.9929135728941,345,525,990.2429530800364,1012.2429530800364,22.0,14.944332771481776,6.890039339830619,1721.7606566434881,9313125,-0.17491029798868113,-1.536195820638029,7.830342549750254,-0.7421704318808068,7.865435868175867,0,0,0,0,0,14,14,1,1
124,1965,9,9,0,23992.0,55.707818424234866,-172.56859202882748,340,509,988.2687981216752,1012.2687981216752,24.0,16.87945497554976,2.5886541141200725,1744.0326562782545,9555625,-1.9741549583611777,-16.555020078294,50.624288412049694,134.56421570069318,143.77185651012883,0,0,0,0,0,18,18,1,1
124,1965,9,9,3,23992.125,56.63840578611916,-172.3666694127687,340,505,988.8929873384834,1010.8929873384834,22.0,16.48099520264646,5.839422556053687,1627.310452670379,8319375,0.624189216808154,5.1777100709595585,4.115748600547225,34.492197813692684,34.736883806147794,0,0,0,0,0,18,18,1,1
124,1965,9,9,6,23992.25,58.028966142512154,-172.04247477308286,340,499,989.0789792581694,1011.0789792581694,22.0,17.219285924596246,5.648652640526707,1641.3699458647518,8463750,0.18599191968605738,1.5189976194505945,6.36249233526278,51.541085607983455,51.93230992711336,0,0,0,0,0,15,15,1,2
124,1965,9,9,9,23992.375,59.246414173626896,-172.5868042912507,342,494,990.2195843068413,1002.2195843068413,12.0,16.998827512298543,5.920752006525145,952.3571976653185,2849375,1.1406050486718595,9.195460655205009,-10.3166809585786,45.124681504455374,46.288992070249655,0,0,0,0,0,14,14,1,2
124,1965,9,9,12,23992.5,61.66061223692598,-173.81138403675843,346,484,987.6509235994479,997.6509235994479,10.0,21.50875946333494,5.7651676897440485,508.9446628878818,813750,-2.568660707393428,-20.219483533342267,-21.545548734230298,89.482192184659,92.03952079640214,0,0,0,0,0,14,14,1,1
124,1965,9,9,15,23992.625,62.72461213612678,-177.38665372469077,354,480,987.2375400836721,997.2375400836721,10.0,21.56066026517994,5.013181141362583,490.83683144743384,756875,-0.4133835157757858,-3.222276498017335,-60.72061953520614,39.43713024715048,72.40359714040434,0,0,0,0,0,12,12,1,1
124,1965,9,9,18,23992.75,62.978265356563206,-178.80151834988152,357,479,986.9790058065871,998.9790058065871,12.0,21.89900063297207,7.053420215488149,556.1990836336137,971875,-0.258534277084982,-2.010674856794,-23.82537770791532,9.401650413194686,25.613271040941882,0,0,0,0,0,11,11,1,1
124,1965,9,9,21,23992.875,63.445156675435406,-179.75618964389594,359,477,987.8920748481167,999.8920748481167,12.0,21.355683263039122,8.092861586129294,548.4549593573589,945000,0.9130690415296704,7.071972522242911,-15.818808810577119,17.305315317658597,23.445866382566916,0,0,0,0,0,12,12,1,1
124,1965,9,10,0,23993.0,63.9037976286623,179.2559407971113,361,475,988.8025462372248,996.8025462372248,8.0,19.511435126349387,11.52154088045434,305.45799283636967,293125,0.9104713891079882,7.023978089729642,16.106191181512706,16.99951571675169,23.417790864629513,0,0,0,0,0,15,15,1,1
124,1965,9,10,3,23993.125,64.3538120676817,178.23372951399097,363,473,990.0796198620866,996.0796198620866,6.0,17.604644874427006,12.908951789383211,252.31325220201603,200000,1.277073624861805,9.814734862240485,-16.39832942941039,16.679774178584605,23.390597998427584,0,0,0,0,0,14,14,1,1
124,1965,9,10,6,23993.25,64.55301154794994,176.6932535197575,366,472,991.5024050040815,997.5024050040815,6.0,15.471788190315303,14.041331777712621,271.67647093347347,231875,1.4227851419949729,10.916420615262517,-24.532900558886343,7.383323865353579,25.619849358122806,0,0,0,0,0,17,17,1,1
124,1965,9,10,9,23993.375,64.73312669484213,175.1300582837189,369,471,994.2304023732108,998.2304023732108,4.0,12.811437681941639,11.617660827589935,234.32553289538015,172500,2.727997369129298,20.89959524663927,-24.73010890707683,6.675963515417318,25.61536209806654,0,0,0,0,0,14,14,1,1
124,1965,9,10,12,23993.5,64.66544407208939,173.6034147885278,372,471,997.1441983877253,997.1441983877253,0.0,9.615665378055239,8.993163836751192,14.104739588693906,625,2.913796014514519,22.33549527134879,-24.212310673891604,-2.5086547573677764,24.341925496162155,0,0,0,0,0,10,10,1,1
124,1965,9,10,15,23993.625,64.66544407208939,173.6034147885278,372,471,,,,9.615665378055239,,0.0,0,0.0,,0.0,0.0,0.0,0,3,0,0,0,10,10,0,0
126,1965,9,5,3,23988.125,31.243368127510962,70.76932762433871,596,277,999.0951738358702,1003.0951738358702,4.0,9.093119883276511,9.069012696641439,844.7549799132797,2241875,,,,,,3,0,0,0,0,8,8,1,1
126,1965,9,5,6,23988.25,29.760163907326042,70.50413948681376,601,274,998.1400421673013,1004.1400421673013,6.0,8.22077824277543,11.747318832442978,1014.0709423174046,3230625,-0.955131668568938,-13.331465495864501,-8.5328254649647,-54.97492815412078,55.63319005743147,0,0,0,1,0,9,9,1,2
126,1965,9,5,9,23988.375,29.760163907326042,70.50413948681376,601,274,995.8419923203573,1001.8419923203573,6.0,9.477397805386175,12.029782731139711,945.4384956938538,2808125,-2.2980498469439046,-32.07554858715078,0.0,0.0,0.0,0,0,0,0,0,9,9,1,2
126,1965,9,5,12,23988.5,31.243368127510962,70.76932762433871,596,277,994.2094194063113,1002.2094194063113,8.0,11.295711957894701,11.249884824269975,1047.3659557484616,3446250,-1.6325729140460317,-21.807128152284385,8.403680916145591,54.97492815412078,55.6135287361909,0,0,1,0,0,7,7,1,1
126,1965,9,5,15,23988.625,29.760163907326042,70.50413948681376,601,274,995.2818524085769,1001.2818524085769,6.0,10.390326809609668,12.946737802399802,706.7867978603495,1569375,1.0724330022656068,14.968725293918363,-8.5328254649647,-54.97492815412078,55.63319005743147,0,0,0,0,0,8,8,1,2
126,1965,9,5,18,23988.75,27.37684882152223,67.73734638994513,605,259,996.5117687420205,1001.9438889076264,5.432120165605884,9.773454885306817,13.47849034847546,716.4319168430189,1612500,1.2299163334435435,18.530557471812386,-91.06365142964607,-88.3375153789416,126.87042695216574,0,0,0,0,0,6,9,2,0
126,1965,9,5,21,23988.875,27.37684882152223,67.73734638994513,605,259,995.9377457824332,1001.9377457824332,6.0,9.503628037636993,13.718837886711263,858.8848358371074,2317500,-0.5740229595873098,-8.648527670976529,0.0,0.0,0.0,0,0,0,0,0,4,4,1,2
126,1965,9,6,0,23989.0,29.760163907326042,70.50413948681376,601,274,995.8438727858661,1003.8438727858661,8.0,10.03911261351703,12.368851996818776,1246.8143031943803,4883750,-0.09387299656707909,-1.3102535031661926,89.02359940063009,88.3375153789416,125.4141852964353,0,0,1,0,0,4,4,1,1
126,1965,9,6,3,23989.125,29.092828450712528,70.23445936797572,603,272,997.3447432307075,1003.3447432307075,6.0,9.269642951390901,8.876970030227676,942.8045169430593,2792500,1.500870444841421,21.38580674604843,-8.734560154985335,-24.73477238181761,26.23168896356818,0,0,0,0,0,5,5,1,1
126,1965,9,6,6,23989.25,28.01456099522861,68.46169185533462,604,263,997.4959870083164,1003.4959870083164,6.0,9.503589047561466,2.594179859829601,883.5468272059759,2452500,0.1512437776089064,2.2309063051701035,-58.00800160411448,-39.96595687191638,70.44292696070222,0,0,0,0,0,3,3,1,1
126,1965,9,6,9,23989.375,28.01456099522861,68.46169185533462,604,263,995.3848715926463,1003.3848715926463,8.0,9.74338235466998,3.2372157155145396,1272.713413663015,5088750,-2.1111154156702105,-31.139798054628418,0.0,0.0,0.0,0,0,0,0,0,3,3,1,1
126,1965,9,6,12,23989.5,28.25904259207177,68.38138394367053,603,263,994.4227085810039,1002.4227085810039,8.0,10.012829462069258,4.242544420470149,1197.7407350067758,4506875,-0.9621630116422603,-14.07949855148992,-2.6218464334747287,9.061704408973231,9.433375086167677,0,0,0,1,0,3,3,1,2
126,1965,9,6,15,23989.625,28.307201853342473,67.89372049533105,602,261,995.0015468832534,1001.0015468832534,6.0,10.489638457900577,7.411678244886352,452.2323538548359,642500,0.5788383022493508,8.457020003515295,-15.913745961433364,1.785021841417263,16.013544688774356,0,0,0,0,0,2,2,1,2
126,1965,9,6,18,23989.75,28.79300378756845,67.72778905975034,600,261,997.2096399797048,1003.2096399797048,6.0,9.284747361950595,17.53098308499473,859.695159334394,2321875,2.2080930964514844,31.762116837131284,-5.389861742935443,18.006236813347467,18.79561581290458,0,0,0,0,0,2,2,1,2
126,1965,9,6,21,23989.875,27.964529509842947,67.77388548971277,603,260,997.053289457706,1001.053289457706,4.0,8.960378683982706,9.507747946373492,370.5011989410557,431250,-0.1563505219988292,-2.3100250870178716,1.5090679086721315,-30.707378846196896,30.744436920471397,0,0,0,0,0,4,4,1,2
126,1965,9,7,0,23990.0,28.450803164136182,67.60793329900152,601,260,998.2890162008679,1005.609452259069,7.320436058201158,8.284904420812087,18.53329693306703,1365.3213068592404,5856250,1.2357267431619403,17.97081085757311,-5.408133982444928,18.023721106105835,18.817609722883525,0,0,0,0,0,3,5,2,0
126,1965,9,7,3,23990.125,30.919612497729574,72.06889554678861,599,282,999.2173048379384,1005.2173048379384,6.0,7.929080465180743,3.2374522598835758,1030.128915750457,3333750,1.6078525788693514,21.679198058496308,13.73800751839789,5.98506866215377,14.9851225375788,0,0,0,0,2,5,5,1,1
126,1965,9,7,6,23990.25,30.919612497729574,72.06889554678861,599,282,,,,7.929080465180743,,0.0,0,0.0,,0.0,0.0,0.0,0,3,0,0,0,5,5,0,0
164,1965,9,8,12,23991.5,56.88345887559139,-66.33685929180565,226,301,1001.2012144438581,1005.2012144438581,4.0,13.623352342394456,2.075604976664181,383.4310611845868,461875,,,,,,3,0,0,0,0,8,8,1,1
164,1965,9,8,15,23991.625,56.716714404424884,-63.872312690442755,228,295,999.2430876084874,1005.2430876084874,6.0,15.198732790271697,3.93172222888541,418.41419359420024,550000,-1.9581268353707855,-16.22826350179589,50.127357887149245,-6.180379746581636,50.50692133320244,0,0,0,0,0,9,9,1,1
164,1965,9,8,18,23991.75,57.02512885390466,-62.28742102835056,231,292,997.3120195881238,1007.3120195881238,10.0,17.218390055220745,10.216153379470416,656.8933242604169,1355625,-1.9310680203636001,-15.947887104887482,31.97193153343181,11.431374028675117,33.954097222013125,0,0,2,0,0,8,8,1,2
164,1965,9,8,21,23991.875,57.32797159731263,-61.56436741271846,233,291,996.4715876918649,1008.4715876918649,12.0,17.731765547121412,9.197154732876733,733.9887481195237,1692500,-0.8404318962589605,-6.917153580657969,14.467341674530777,11.224858879362294,18.311237860647584,0,0,0,0,0,7,7,1,2
164,1965,9,9,0,23992.0,57.82895140731145,-60.6312343913222,236,290,995.372574977341,1009.372574977341,14.0,18.768945791267104,8.65066292138814,786.3313257857742,1942500,-1.099012714523851,-8.99530111062227,18.415416695160086,18.568804407741165,26.152018453445013,0,0,0,0,0,8,8,1,2
164,1965,9,9,3,23992.125,58.235098416664414,-60.22973289190851,238,290,993.5916766190345,1009.5916766190345,16.0,19.397559471956317,6.926243394064004,821.3513347105314,2119375,-1.7808983583064402,-14.51211853366361,7.83420727723597,15.053828970636498,16.970343848604593,0,0,0,0,0,8,8,1,2
164,1965,9,9,6,23992.25,58.43739609854171,-60.02522157944899,239,290,991.5165152645907,1009.5165152645907,18.0,21.36102564289158,6.974993760372017,823.4075889688376,2130000,-2.075161354443844,-16.873215443368952,3.9677052418588787,7.4981586322368035,8.483222722554308,0,0,0,0,0,6,6,1,2
164,1965,9,9,9,23992.375,58.43236651358024,-57.62356359770263,242,285,988.7759627215383,1008.7759627215383,20.0,24.209670798227943,5.643151150165649,803.475100993491,2028125,-2.7405525430523268,-22.28473815845091,46.59854582414835,-0.18642144361448637,46.59891872007218,0,0,0,0,0,6,6,1,1
164,1965,9,9,12,23992.5,58.20510236018623,-53.41637438781572,247,276,987.5036347430753,1009.5036347430753,22.0,25.440850512338685,6.399081953017157,864.88625410045,2350000,-1.272327978463145,-10.37126242636691,82.14801388251136,-8.423540288528292,82.57876370976825,0,0,0,0,0,5,5,1,1
164,1965,9,9,15,23992.625,59.26701208069027,-54.609738125052786,249,281,984.799989895192,1008.799989895192,24.0,27.454753204115907,8.766780281739775,848.0456350318077,2259375,-2.7036448478832606,-21.79189412953564,-22.603924975721718,39.35965782486364,45.38854578413375,0,0,0,0,0,5,5,1,1
164,1965,9,9,18,23992.75,59.78081827454421,-54.46232220802562,251,282,981.2024841302472,1007.2024841302472,26.0,30.660708678402695,12.855704525076872,784.9385794089242,1935625,-3.597505764944799,-28.84396237946896,2.7500648243313597,19.044214011702742,19.241750020763696,0,0,0,0,0,5,5,1,1
164,1965,9,9,21,23992.875,60.562160832145025,-55.026037090321296,253,285,980.4670402927819,1004.4670402927819,24.0,31.17631322806696,14.939256053079152,633.458286132908,1260625,-0.7354438374652819,-5.850690405282519,-10.268969556983505,28.960442792231603,30.727170102116034,0,0,0,0,0,6,6,1,1
164,1965,9,10,0,23993.0,60.180647657939296,-55.525107871028325,251,285,979.7633471612936,1003.7633471612936,24.0,30.526495215953155,16.29179578615229,631.5711172338889,1253125,-0.7036931314882531,-5.619343963448944,-9.198446665051542,-14.140776473246204,16.869291043671964,0,0,0,0,0,7,7,1,1
164,1965,9,10,3,23993.125,60.23891851791555,-54.91865062606083,252,284,979.3519747677792,997.3519747677792,18.0,30.233854975417795,15.887301948816749,407.08731802211184,520625,-0.41137239351446625,-3.283103637918614,11.15784985456584,2.1598080001914863,11.364962999267798,0,0,0,0,0,6,6,1,1
164,1965,9,10,6,23993.25,60.48194067662821,-54.053438662173775,254,283,981.4366112615617,997.4366112615617,16.0,27.774166643947233,14.673388362652915,370.5011989410557,431250,2.0846364937824546,16.597078752523164,15.800243919569851,9.007610370352511,18.187488900394857,0,0,0,0,0,6,6,1,1
164,1965,9,10,9,23993.375,60.531832231405524,-53.43837797782392,255,282,983.5968041558122,997.5968041558122,14.0,25.847515129708007,15.39634404744058,361.5328436175876,410625,2.1601928942505038,17.190161326364656,11.214816792205449,1.849229257881878,11.366255519340557,0,0,0,0,0,4,4,1,1
164,1965,9,10,12,23993.5,60.71781664200055,-53.174414626460276,256,282,985.0252044202674,1001.0252044202674,16.0,23.05093778913309,15.924961313089298,483.2803316785781,733750,1.4284002644552674,11.346026632177239,4.785361065204524,6.893507631048569,8.39167015460571,0,0,0,0,0,3,3,1,1
164,1965,9,10,15,23993.625,60.94639338452072,-52.28166880753507,258,281,986.804319571121,998.804319571121,12.0,20.788888441423886,14.419488667446275,381.6107610236958,457500,1.7791151508536132,14.100382687057438,16.069103486995587,8.472191372393898,18.165740104004552,0,0,0,0,0,5,5,1,1
164,1965,9,10,18,23993.75,61.16751763281066,-51.375320974808496,260,280,990.5212715768101,998.5212715768101,8.0,16.926164580685793,13.021547089778835,321.6375491290343,325000,3.7169520056890906,29.3959091785532,16.200474562775415,8.195964855977723,18.155693762000812,0,0,0,0,0,4,4,1,1
164,1965,9,10,21,23993.875,61.20209372015812,-50.74228327780413,261,279,993.9231973551981,999.9231973551981,6.0,13.638385016102744,12.61207586342265,350.3544631649842,385625,3.4019257783879584,26.89556092569818,11.302844712158704,1.2815618320855335,11.37526699979532,0,0,0,1,0,7,7,1,2
164,1965,9,11,0,23994.0,61.38103626544222,-50.45552179192034,262,279,998.0086453085667,998.0086453085667,0.0,9.221563428849,10.528543092352557,14.104739588693906,625,4.085447953368567,32.24427437026863,5.091007891174575,6.632501065485642,8.361126223880966,0,0,0,2,0,5,5,1,1
164,1965,9,11,3,23994.125,61.38103626544222,-50.45552179192034,262,279,,,,9.221563428849,,0.0,0,0.0,,0.0,0.0,0.0,0,3,0,0,0,5,5,0,0
170,1965,9,9,0,23992.0,46.66260773124255,-119.3494845603818,195,452,1008.7838845731234,1014.7838845731234,6.0,9.235914037959732,6.343060181594992,339.39415148578985,361875,,,,,,3,0,0,0,0,16,16,1,1
170,1965,9,9,3,23992.125,47.668128541709955,-118.30075576600638,197,447,1008.2376511894948,1016.2376511894948,8.0,9.638602086368314,3.6892170572589382,398.69286350903053,499375,-0.5462333836285689,-5.119218205201267,26.176530440804065,37.26960425316639,45.54376079229712,0,0,0,0,0,16,16,1,1
170,1965,9,9,6,23992.25,47.56893888056542,-117.88116766444836,196,446,1009.5599387905369,1015.5599387905369,6.0,9.297538331008955,5.795048354655227,316.0217188583157,313750,1.3222876010420441,12.411875515340853,10.492977689609274,-3.6764623649548174,11.118406194934918,0,0,0,0,0,13,13,1,1
170,1965,9,9,9,23992.375,47.4556200944691,-118.15427308420882,196,447,1011.4691906383674,1017.4691906383674,6.0,8.445687952707742,4.668487077608806,326.24357187951614,334375,1.909251847830601,17.954009139708134,-6.844535554087892,-4.200158035810392,8.03050399893779,0,0,0,0,0,11,11,1,1
170,1965,9,9,12,23992.5,47.22581584190445,-118.69632354015638,196,449,1012.0740287742052,1016.0740287742052,4.0,8.647907453472719,4.207998320910119,290.4343640802591,265000,0.604838135837781,5.70876897596366,-13.644043415448527,-8.51768900217786,16.084493982107922,0,0,0,0,0,11,11,1,1
170,1965,9,9,15,23992.625,47.10934298145233,-118.96526563793462,196,450,1012.8477966507108,1016.8477966507108,4.0,8.360160890210494,5.879791626464575,295.19033070683855,273750,0.7737678765055898,7.316989870535345,-6.784457632807479,-4.317063724685254,8.041511336456162,0,0,0,0,0,11,11,1,1
170,1965,9,9,18,23992.75,46.873287154402135,-119.49897817367152,196,452,1013.427362211366,1015.427362211366,2.0,8.392547140384501,5.860265061947794,261.60394784772456,215000,0.5795655606551736,5.501655133467402,-13.52325726627065,-8.749403457622408,16.106847859031788,0,0,0,0,0,10,10,1,1
170,1965,9,9,21,23992.875,43.213634603798724,-120.67316335421386,185,463,1011.3200978350873,1013.3200978350873,2.0,8.024684701840446,4.833179648980368,218.96444142013897,150625,-2.107264376278763,-21.3219183829017,-31.718198576915164,-135.6449323029725,139.30395464753548,0,0,0,0,0,11,11,1,1
170,1965,9,10,0,23993.0,40.19259167312302,-122.47119229084849,178,475,1009.3160274543194,1011.3160274543194,2.0,8.054255253434695,13.309920453203596,167.48450292473797,88125,-2.0040703807678075,-21.51455008228922,-50.90703651148972,-111.97488235551621,123.00366110369986,0,0,0,0,0,14,14,1,1
170,1965,9,10,3,23993.125,39.56209800271726,-122.04723548662449,175,475,1009.2283571413741,1011.2283571413741,2.0,7.790862176280972,15.981003034582752,145.90056078898738,66875,-0.08767031294526532,-0.9536571774556883,12.114417644787233,-23.36923247687541,26.322616538455684,0,0,0,0,0,15,15,1,1
170,1965,9,10,6,23993.25,39.56209800271726,-122.04723548662449,175,475,,,,7.790862176280972,,0.0,0,0.0,,0.0,0.0,0.0,0,3,0,0,0,15,15,0,0
174,1965,9,9,9,23992.375,15.87977175639196,-113.68807693473073,78,483,1002.5105575282005,1008.5105575282005,6.0,7.760069764335706,5.905884165111056,485.3342309955121,740000,,,,,,3,0,0,0,0,13,13,1,1
174,1965,9,9,12,23992.5,16.28239903558219,-114.0100215499629,80,484,1002.1148138041328,1008.1148138041328,6.0,7.726412500901211,6.371623448694226,504.4293461607559,799375,-0.395743724067579,-9.779130686813916,-11.45425821364294,14.923370258218698,18.812416407487188,0,0,0,0,0,13,13,1,1
174,1965,9,9,15,23992.625,16.30822393666251,-114.42845267594821,81,486,1003.2546408007229,1009.2546408007229,6.0,8.005012158411894,8.69331828172857,425.2526356040208,568125,1.1398269965899817,28.122604453495683,-14.885126567203104,0.9571993270763641,14.915871529126653,0,0,0,0,0,13,13,1,1
174,1965,9,9,18,23992.75,16.30822393666251,-114.42845267594821,81,486,1003.1406320338579,1011.1406320338579,8.0,8.299212917454335,8.461774223721731,1397.3661682102838,6134375,-0.1140087668650085,-2.8129035935870026,0.0,0.0,0.0,0,0,0,0,0,12,12,1,1
174,1965,9,9,21,23992.875,16.44755136545622,-114.67686317033706,82,487,1001.5624414689588,1007.5624414689588,6.0,8.560281581300847,9.752862692198324,351.48829934307025,388125,-1.5781905648989778,-38.61736492372608,-8.830558196875897,5.164167741430547,10.229730520890762,0,0,0,0,0,13,13,1,1
174,1965,9,10,0,23993.0,16.585129087657155,-114.92607401065064,83,488,1000.4884076646879,1008.4884076646879,8.0,8.734829115883812,10.33493649849799,949.0089747843604,2829375,-1.074033804271021,-26.068995773175114,-8.852703636008927,5.0993149093527865,10.216328803036506,0,0,0,0,0,16,16,1,1
174,1965,9,10,3,23993.125,16.720954233887134,-115.17607959622946,84,489,1001.0102328054287,1007.0102328054287,6.0,9.3874724748922,11.345834246386875,300.86437789062944,284375,0.5218251407408389,12.56578021464832,-8.874640114118177,5.034355723842923,10.203135533222397,0,0,0,0,0,16,16,1,1
174,1965,9,10,6,23993.25,16.855023914306912,-115.42687416958982,85,490,1002.4139529124333,1010.4139529124333,8.0,9.438730132753728,11.751567290306921,549.179949706052,947500,1.4037201070046286,33.54103755539894,-8.896364889522955,4.969289426512207,10.190149442082918,0,0,0,0,0,18,18,1,1
174,1965,9,10,9,23993.375,16.733894871480114,-115.5968825504218,85,491,1000.1181534431875,1010.1181534431875,10.0,10.46496766013264,12.256653018638826,1410.756025457326,6252500,-2.2957994692458303,-55.24233583198,-6.034508538795212,-4.489645010550398,7.521449702387992,0,0,0,0,0,15,15,1,1
174,1965,9,10,12,23993.5,16.74221430539828,-116.01778998496935,86,493,999.7217407492046,1007.7217407492046,8.0,10.406041869318287,13.053853668550364,446.9222008138874,627500,-0.39641269398285656,-9.534017639155469,-14.939605839096377,0.30835961475163537,14.942787834924657,0,0,0,0,0,12,12,1,1
174,1965,9,10,15,23993.625,16.87074848727015,-116.26993203823646,87,494,1000.4172776560715,1010.4172776560715,10.0,11.019883363297248,14.54732048422018,760.3488217793921,1816250,0.6955369068669097,16.604390366315176,-8.943419631910402,4.764116308186894,10.13319095400717,0,0,0,0,0,16,16,1,1
174,1965,9,10,18,23993.75,16.87167350189623,-116.69153172110529,88,496,1000.6204255783008,1010.6204255783008,10.0,12.014663571605698,17.121414608907436,483.6918092598697,735000,0.20314792222925462,4.849444806925729,-14.953967059649019,0.03428564449735094,14.954006363730306,0,0,0,0,0,15,15,1,1
174,1965,9,10,21,23993.875,16.74498752879873,-116.8597366437218,88,497,997.7596913956904,1009.7596913956904,12.0,13.247855389208722,21.84709233427915,698.5762980917146,1533125,-2.860734182610322,-68.79169826691586,-5.970146498921707,-4.695612495156998,7.595487207761043,0,0,0,0,0,19,19,1,1
174,1965,9,11,0,23994.0,16.489091620630447,-117.19464978548825,88,499,997.3339312711515,1007.3339312711515,10.0,12.897160066152827,25.436940356079653,347.7898169151024,380000,-0.4257601245389378,-10.392571777854315,-11.903023891963453,-9.484775579138333,15.219820812324688,0,0,0,0,0,21,21,1,1
174,1965,9,11,3,23994.125,16.359883711204784,-117.36135674966137,88,500,997.4802745883012,1009.4802745883012,12.0,14.008967315193349,29.96684997545388,501.0657868259067,788750,0.14634331714973087,3.599592697651328,-5.928810896539409,-4.78908800349452,7.621427855207944,0,0,0,0,0,20,20,1,1
174,1965,9,11,6,23994.25,16.479859702157906,-117.61430711795806,89,501,997.6332205267483,1009.6332205267483,12.0,14.589861832268786,29.52370122581989,451.351666838205,640000,0.15294593844708287,3.735360051160295,-8.990444429160682,4.446907171046864,10.0301083953133,0,0,0,0,0,19,19,1,1
174,1965,9,11,9,23994.375,16.348812638310232,-117.78036091362881,89,502,995.8211460492972,1007.8211460492972,12.0,14.906501203337506,28.896521571591293,443.1223431961267,616875,-1.8120744774510968,-44.600782490846825,-5.90591630979626,-4.857256217175603,7.646749990525945,0,0,0,0,0,22,22,1,1
174,1965,9,11,12,23994.5,16.21692931314451,-117.94590920221262,89,503,998.9893899688713,1008.9893899688713,10.0,11.79448229066016,26.20493342604008,544.6329270137089,931875,3.1682439195740155,78.59726364796578,-5.891897369235503,-4.888252222480913,7.655681837706804,0,0,0,0,0,21,21,1,1
174,1965,9,11,15,23994.625,16.199412848973093,-118.36410799528927,90,505,999.9963288992981,1009.9963288992981,10.0,12.303804272269106,27.74154259617346,394.17637320552694,488125,1.0069389304268406,25.006258199255225,-14.885100945068004,-0.6492473162042819,14.899253411579483,0,0,0,0,0,20,20,1,1
174,1965,9,11,18,23994.75,16.177288957320343,-118.78211512852205,91,507,1000.4057461846855,1010.4057461846855,10.0,12.817471142379379,29.536999976442242,284.2026277484726,253750,0.40941728538746247,10.180975822651618,-14.879947045808237,-0.8200215031399479,14.902525267607137,0,0,0,0,0,20,20,1,1
174,1965,9,11,21,23994.875,16.150559145613407,-119.19988627142075,92,509,998.0522108555788,1008.0522108555788,10.0,13.521193498634338,32.86896682566759,248.7397920055702,194375,-2.353535329106817,-58.61961735522085,-14.873557478263828,-0.9907398173252266,14.906517951716674,0,0,0,0,0,17,17,1,1
174,1965,9,12,0,23995.0,16.012357555622664,-119.36283791401877,92,510,998.4558325063022,1008.4558325063022,10.0,12.15002778998754,36.34483513864718,449.5851173323102,635000,0.4036216507233621,10.137490712304626,-5.805467745153767,-5.1224385537272195,7.7422756652506095,0,0,0,0,0,22,22,1,1
174,1965,9,12,3,23995.125,15.979203084119204,-119.77959899387264,93,512,1000.0110727578448,1010.0110727578448,10.0,12.269796803043551,34.88496727734368,344.62933172080244,373125,1.5552402515427093,39.1408413645955,-14.85038141123,-1.22886967558882,14.901139175867975,0,0,0,0,0,18,18,1,1
174,1965,9,12,6,23995.25,16.04275387180973,-120.45134287575014,95,515,1000.514054362299,1010.514054362299,10.0,12.6791136692093,33.35156457468358,304.15261082582236,290625,0.5029816044542531,12.60973826447529,-23.928519483562834,2.355508391817252,24.04417735043492,0,0,0,0,0,18,18,1,1
174,1965,9,12,9,23995.375,15.852160450116079,-121.02766702370779,96,518,998.9559643567968,1008.9559643567968,10.0,13.244342272661276,36.57650155115043,257.3873444091637,208125,-1.5580900055023086,-39.51866282053746,-20.549052397105587,-7.064340514720288,21.729437667066062,0,0,0,0,0,13,13,1,1
174,1965,9,12,12,23995.5,15.800629196282532,-121.44280707046435,97,520,998.5734173302441,1008.5734173302441,10.0,13.310249061242084,35.01665199436095,271.3100830783876,231250,-0.3825470265526383,-9.733576793908084,-14.805749655956596,-1.9100046633077934,14.928440665009738,0,0,0,0,0,15,15,1,1
174,1965,9,12,15,23995.625,15.594631546547697,-122.01522953545059,98,523,999.7216735962757,1009.7216735962757,10.0,13.466958277394427,33.20743921231246,290.09166854606434,264375,1.1482562660315307,29.59255062136409,-20.4357796755318,-7.635297850405461,21.81556472363906,0,0,0,0,0,15,15,1,1
174,1965,9,12,18,23995.75,15.771188509789082,-122.52830244339076,100,525,1000.8503157547858,1010.8503157547858,10.0,13.380610051940153,31.92271890895012,290.7766557300799,265625,1.1286421585101925,28.769562473378038,-18.301129991467572,6.5440795254039745,19.435954717980938,0,0,0,0,0,14,14,1,1
174,1965,9,12,21,23995.875,15.548677533552945,-123.09781764113468,101,528,999.4170340640085,1009.4170340640085,10.0,13.231548345269658,33.37822862965841,350.9218391855286,386875,-1.4332816907773667,-37.04461431932229,-20.33653369807062,-8.247363893395462,21.94524126189651,0,0,0,0,0,13,13,1,1
174,1965,9,13,0,23996.0,15.474253234713036,-123.50997361679944,102,530,999.2260701061127,1009.2260701061127,10.0,12.672289040698367,31.63516192743235,476.43964736870475,713125,-0.19096395789572854,-4.958810707540701,-14.722780699105977,-2.7585348166921686,14.978978130996465,0,0,0,0,0,14,14,1,1
174,1965,9,13,3,23996.125,15.395263393269486,-123.92140858178192,103,532,1000.4037416965612,1008.4037416965612,8.0,12.342574090359726,30.324080816524944,192.36300129927707,116250,1.1776715904484445,30.7339848047408,-14.702620554148176,-2.9277565416603046,14.991291122731727,0,0,0,0,0,13,13,1,1
174,1965,9,13,6,23996.25,15.31171294209312,-124.33208211037142,104,534,1001.5466270877063,1011.5466270877063,10.0,12.620009230446149,30.584331809439032,561.3615477764332,990000,1.1428853911451007,29.98498660099765,-14.681287740473255,-3.096795429891909,15.004344425971091,0,0,0,0,0,13,13,1,1
174,1965,9,13,9,23996.375,15.294272452392022,-124.99960402108394,106,537,1000.551042630421,1010.551042630421,10.0,13.074107483327003,30.78512228493098,548.817574246135,946250,-0.9955844572852948,-26.14944140119251,-23.86541729517869,-0.6464313243196271,23.874170480460172,0,0,0,0,0,14,14,1,1
174,1965,9,13,12,23996.5,15.363124743102853,-125.25766305378974,107,538,999.7650672512208,1009.7650672512208,10.0,13.010666326151235,30.35408285524943,447.81159910813847,630000,-0.7859753792002447,-20.5536653307976,-9.223158305070408,2.5520084716336,9.569712449163712,0,0,0,0,0,15,15,1,1
174,1965,9,13,15,23996.625,15.430162266560703,-125.51612181875775,108,539,1000.1352016680634,1010.1352016680634,10.0,13.144888386177485,30.77006765753198,358.7709021444888,404375,0.37013441684262943,9.638170586669288,-9.234469057095211,2.484744167776148,9.562916518810907,0,0,0,0,0,17,17,1,1
174,1965,9,13,18,23996.75,15.495383401613433,-125.77497070281447,109,540,1001.7521065165045,1011.7521065165045,10.0,12.97473395633164,30.151324040692202,603.0497864728756,1142500,1.616904848441045,41.93073345333043,-9.245495848453093,2.4174197759544005,9.556312670530344,0,0,0,0,0,20,20,1,1
174,1965,9,13,21,23996.875,15.558786557343394,-126.03420000004964,110,541,1001.1698498469635,1009.1698498469635,8.0,12.701663432699771,27.90158080113615,231.76452121391375,168750,-0.5822566695409478,-15.039475763157531,-9.256237080315845,2.3500364168088574,9.549900316094499,0,0,0,0,0,19,19,1,1
174,1965,9,14,0,23997.0,15.620370174201208,-126.29379991371142,111,542,1000.5768454735537,1008.5768454735537,8.0,12.291801734873177,27.288059068208604,243.0766805410715,185625,-0.5930043734097853,-15.258191843344543,-9.26669118748574,2.282595253003731,9.543678884647212,0,0,0,0,0,16,16,1,1
174,1965,9,14,3,23997.125,15.680132725114024,-126.5537605581535,112,543,1001.2165947938937,1009.2165947938937,8.0,12.107828271090558,25.433991762649384,250.33429417967045,196875,0.6397493203400518,16.399780918106067,-9.2768566391755,2.215097488280789,9.537647822519052,0,0,0,0,0,17,17,1,1
174,1965,9,14,6,23997.25,15.51100270500104,-126.70285503016314,112,544,1002.3584674886562,1012.3584674886562,10.0,12.065025605576217,27.27456171967926,940.7977610888555,2780625,1.1418726947624236,29.582772070949954,-5.3249143875224325,-6.268800059952047,8.225118079766283,0,0,0,0,0,20,20,1,1
174,1965,9,14,9,23997.375,15.738072716567746,-126.81407196083399,113,544,1001.4720615291839,1009.4720615291839,8.0,12.0728642320331,25.934032466971402,243.48555665938588,186250,-0.8864059594723221,-22.641198235191624,-3.967716608246621,8.416344426446372,9.304710021700352,0,0,0,0,0,21,21,1,1
174,1965,9,14,12,23997.5,15.794188689662592,-127.07472406436442,114,545,1000.3325615079107,1008.3325615079107,8.0,12.327902885264614,25.41425680712906,238.949442004407,179375,-1.1395000212731248,-29.005109959748964,-9.296315629692314,2.079937170623148,9.526154676499928,0,0,0,0,0,15,15,1,1
174,1965,9,14,15,23997.625,15.848479221141965,-127.33570672860901,115,546,1001.7211485742129,1009.7211485742129,8.0,11.851618371870186,24.116449823081567,264.25221149797227,219375,1.3885870663021342,35.22744078293663,-9.305606285916847,2.012277221780923,9.520691569722942,0,0,0,0,0,17,17,1,1
174,1965,9,14,18,23997.75,16.12475439307534,-127.71104767638988,117,547,1002.5152982641257,1010.5152982641257,8.0,12.053561435254242,23.612411845239404,276.7549753174722,240625,0.7941496899128834,19.810736463422913,-13.364692600740698,10.240132492281472,16.836725387431247,0,0,0,0,0,18,18,1,1
174,1965,9,14,21,23997.875,16.17452364087316,-127.97340172695539,118,548,1001.7611857784026,1009.7611857784026,8.0,11.953371839997875,24.790559012426893,267.6186174229157,225000,-0.7541124857231626,-18.755628582539405,-9.33924120016134,1.844695952677917,9.519681158138507,0,0,0,0,0,21,21,1,1
174,1965,9,15,0,23998.0,16.22246114367104,-128.23605224548768,119,549,1000.198379785016,1008.198379785016,8.0,11.88009868076255,28.58776858399069,254.27680907051368,203125,-1.5628059933865734,-38.756963459447604,-9.347522622759522,1.7768023690445232,9.514893895448507,0,0,0,0,0,20,20,1,1
174,1965,9,15,3,23998.125,16.268565631414617,-128.49898867778646,120,550,1000.5475454764769,1008.5475454764769,8.0,11.928043576939034,26.74357717017767,281.3886710374423,248750,0.34916569146094845,8.63528996946421,-9.355504190031281,1.7088617108773476,9.510292687220279,0,0,0,0,0,20,20,1,1
174,1965,9,15,6,23998.25,16.489091620630447,-128.61583606048754,121,550,1002.0275212320005,1010.0275212320005,8.0,11.752138308628174,27.61311054188649,270.5758189903005,230000,1.4799757555234827,36.12539874516905,-4.152829956955897,8.173790398024277,9.168252075626203,0,0,0,0,0,17,17,1,1
174,1965,9,15,9,23998.375,16.751458536612393,-128.99796263642796,123,551,1001.0530856180442,1009.0530856180442,8.0,11.801822285628065,27.69103330203027,270.5758189903005,230000,-0.9744356139563024,-23.423332448283777,-13.562467643261096,9.724623325523922,16.68858374451913,0,0,0,0,0,15,15,1,1
174,1965,9,15,12,23998.5,17.187363103791892,-129.2361456372998,125,551,1000.8225915611739,1008.8225915611739,8.0,11.54854892593606,26.303013890095464,316.0217188583157,313750,-0.23049405687022953,-5.404142080865898,-8.43400847631304,16.156792123850792,18.225653094247328,0,0,0,0,0,19,19,1,1
174,1965,9,15,15,23998.625,17.442333875067355,-129.62329457194926,127,552,1001.9941298196032,1009.9941298196032,8.0,11.054400770713977,24.27620095550541,444.46717889267717,620625,1.1715382584293548,27.07846472502688,-13.689853154278234,9.450485402827255,16.635015892230243,0,0,0,0,0,18,18,1,1
174,1965,9,15,18,23998.75,17.65770707981705,-129.74465703961144,128,552,1003.653535873255,1009.653535873255,6.0,10.58669355139055,20.702620376037448,183.3616146530208,105625,1.6594060536517645,37.90166183011751,-4.286362460890491,7.9828025677819365,9.060796873471839,0,0,0,0,0,18,18,1,1
174,1965,9,15,21,23998.875,18.119940747053263,-130.25883164780092,131,553,1003.1157865987578,1009.1157865987578,6.0,10.40323821230943,22.174000893720294,192.8794129702041,116875,-0.5377492744971824,-11.97925969622931,-18.112736949327825,17.13267957365871,24.931906248203482,0,0,0,0,0,21,21,1,1
174,1965,9,16,0,23999.0,18.574031755538314,-130.77868039253673,134,554,1003.4608754125065,1009.4608754125065,6.0,9.403209883946047,23.049950717265236,254.66770370415514,203750,0.3450888137487345,7.505878722402291,-18.264550503551735,16.83087212614969,24.836909260686895,0,0,0,0,0,19,19,1,1
174,1965,9,16,3,23999.125,18.444305630389003,-131.4660316181045,136,557,1003.808022060311,1009.808022060311,6.0,9.092647574233707,18.86459174162992,262.74218649868465,216875,0.3471466478044749,7.601877770188219,-24.16794788648188,-4.808295656620164,24.641619511817325,0,0,0,0,0,16,16,1,1
174,1965,9,16,6,23999.25,18.674892655039304,-131.86550478786842,138,558,1005.9664976540699,1009.9664976540699,4.0,8.04929166868074,16.458785575793883,136.75052399642826,58750,2.1584755937589217,46.703486188465185,-14.026910152827764,8.546702430392441,16.425599863298103,0,0,0,0,0,17,17,1,1
174,1965,9,16,9,23999.375,18.90110917255543,-132.2671921493903,140,559,1005.804711966132,1009.804711966132,4.0,7.5320567975732216,14.548109474964441,153.8645436249672,74375,-0.1617856879379542,-3.4602052541260657,-14.085725969830131,8.384709690331036,16.39240777580518,0,0,0,0,0,20,20,1,1
174,1965,9,16,12,23999.5,18.90110917255543,-132.2671921493903,140,559,,,,7.5320567975732216,,0.0,0,0.0,,0.0,0.0,0.0,0,3,0,0,0,20,20,0,0
184,1965,9,10,0,23993.0,52.776274675536705,-162.34227182795618,310,515,987.283134409397,995.283134409397,8.0,22.703919601939386,8.123088424868765,338.80747144215917,360625,,,,,,3,0,0,0,0,19,19,1,1
184,1965,9,10,3,23993.125,54.199737001142836,-162.02617425514964,311,509,988.8183734132862,998.8183734132862,10.0,21.08840167602271,9.062253006411119,521.6847253726536,855000,1.5352390038891464,13.114236869800052,6.853489066876309,52.760596292355565,53.203861077131585,0,0,0,0,0,18,18,1,1
184,1965,9,10,6,23993.25,56.93330444320718,-163.43273001651215,318,499,988.7569498085963,998.7569498085963,10.0,19.763557058677325,10.389845600024273,525.4843729973693,867500,-0.06142360468977131,-0.5078006337149072,-28.44456231248252,101.31961039943317,105.2366693536128,0,0,0,0,0,20,20,1,1
184,1965,9,10,9,23993.375,58.72189201088815,-165.51023740611558,325,493,989.1080330681424,999.1080330681424,10.0,18.979024207705915,8.788306513265779,508.9446628878818,813750,0.35108325954599423,2.8460252540897137,-39.97766338644156,66.29395446188468,77.4151275141627,0,0,0,0,0,16,16,1,1
184,1965,9,10,12,23993.5,59.220684153910284,-167.44830144927252,330,492,984.7746583775618,996.7746583775618,12.0,22.34668393046017,13.362019709358208,447.36712098460976,628750,-4.333374690580676,-34.94463833128648,-36.758667815488906,18.487718584743078,41.14602530060607,0,0,0,0,0,11,11,1,1
184,1965,9,10,15,23993.625,60.32208854866332,-168.7758395869269,334,488,984.123625882341,996.123625882341,12.0,22.365308041844926,17.565048891144617,415.0725549792189,541250,-0.6510324952207156,-5.191492685886409,-24.362236661379782,40.82352696018593,47.540287426708986,0,0,0,0,0,15,15,1,1
184,1965,9,10,18,23993.75,61.66985149919146,-170.57529812767973,339,483,985.7741854636192,997.7741854636192,12.0,21.499621427087188,15.925770083226091,441.0974018624935,611250,1.6505595812782121,12.991424039595156,-31.65009594767287,49.954800806077344,59.13721921997824,0,0,0,0,0,13,13,1,1
184,1965,9,10,21,23993.875,62.46172430477339,-171.73680664361,342,480,986.8415153414542,998.8415153414542,12.0,20.538907631247383,15.836754297900551,452.89174524347436,644375,1.067329877835,8.339528825146747,-19.904108910734088,29.350746176167473,35.46321830612915,0,0,0,0,0,17,17,1,1
184,1965,9,11,0,23994.0,63.52174270657623,-173.87581393953752,347,476,988.3626456129388,1010.3626456129388,22.0,19.827718867575427,11.137296344719216,1276.6932133209893,5120625,1.5211302714845807,11.773720284380651,-35.34699553879306,39.28955614344961,52.84959144183364,0,0,2,0,0,20,20,1,2
184,1965,9,11,3,23994.125,64.10580907573848,-177.2499148250876,354,474,988.224699115399,1010.224699115399,22.0,20.527433254122638,9.710244545709065,1230.5930617061777,4757500,-0.13794649753981503,-1.0623823707703695,-54.609060741008136,21.64840569151662,58.74353567840129,0,0,0,0,0,18,18,1,2
184,1965,9,11,6,23994.25,64.5958857719216,179.74535376772715,360,472,988.6060286239183,998.6060286239183,10.0,21.23603538313053,11.951515279844315,319.7765640827088,321250,0.3813295085192658,2.9247372970942784,47.77338936369835,18.164680760763662,51.11019818427614,0,0,0,2,0,18,18,1,1
184,1965,9,11,9,23994.375,64.80509598220652,177.6888685472386,364,471,989.6734120579541,999.6734120579541,10.0,21.328306773600463,14.656393531671199,306.10859632710964,294375,1.0673834340358734,8.172545100592833,-32.44685902669659,7.7543713286410965,33.360589554154664,0,0,0,0,0,21,21,1,1
184,1965,9,11,12,23994.5,64.76805936329313,176.15182053907498,367,471,991.4690257685372,999.4690257685372,8.0,20.055330340991343,18.761053326586843,219.41825422078801,151250,1.7956137105831294,13.752509819096701,-24.285058730797342,-1.3727613744119045,24.32382682370012,0,0,0,0,0,19,19,1,1
184,1965,9,11,15,23994.625,64.94133248816124,174.5719028138893,370,470,993.5677691394553,1001.5677691394553,8.0,18.79196211903693,21.85320361809274,237.69729657196956,177500,2.0987433709180916,16.05136184573554,-24.80204721563445,6.42236413639389,25.6200762525602,0,0,0,0,0,17,17,1,1
184,1965,9,11,18,23994.75,65.06578492830157,172.45677370960112,374,469,996.9332054280779,1002.9332054280779,6.0,16.087352333703624,16.716126969973192,269.8395568936143,228750,3.365436288622586,25.713080455276536,-33.0489476779942,4.612826650713643,33.3693139325988,0,0,0,0,0,17,17,1,1
184,1965,9,11,21,23994.875,64.96617688391527,170.9199271359733,377,469,999.0657846415206,1005.0657846415206,6.0,14.496341844185265,16.934252910891008,471.19119857356634,697500,2.1325792134426593,16.306836644384305,-24.103559197238834,-3.6919697295809746,24.384671547079304,0,0,0,0,0,16,16,1,1
184,1965,9,12,0,23995.0,64.8896468292201,169.90249561592472,379,469,1002.796806643833,1002.796806643833,0.0,10.154733194458831,8.800682621624874,14.104739588693906,625,3.731022002312384,28.547215105664307,-16.003014133059004,-2.8365846059775017,16.25246669185188,0,0,0,0,0,20,20,1,1
184,1965,9,12,3,23995.125,64.8896468292201,169.90249561592472,379,469,,,,10.154733194458831,,0.0,0,0.0,,0.0,0.0,0.0,0,3,0,0,0,20,20,0,0
194,1965,9,10,18,23993.75,66.58741356743619,9.144771653784284,376,257,1003.5060054584369,1003.5060054584369,0.0,9.348683905206833,1.3736360112378316,14.104739588693906,625,0.54991118570455,4.151718387725717,-1.304169398591508,-8.37505845295594,8.475993269856419,2,0,0,2,0,3,3,1,1
194,1965,9,10,21,23993.875,66.62272186697703,8.599088710777478,375,257,1004.0569224169286,1006.0569224169286,2.0,9.169270934321919,1.4448221036900213,290.4343640802591,265000,0.5509169584917254,4.1582030078595364,-8.025216551016605,1.3087012591293814,8.131223750233275,0,0,0,0,0,5,5,1,1
194,1965,9,11,0,23994.0,66.65586897965717,8.051829480017025,374,257,1003.9891708606417,1005.9891708606417,2.0,9.418721691092161,2.0642348256244443,250.33429417967045,196875,-0.06775155628682114,-0.5112464452064013,-8.037625512130953,1.2285969209824839,8.130982367924924,0,0,0,0,0,3,3,1,1
194,1965,9,11,3,23994.125,66.65586897965717,8.051829480017025,374,257,1003.6473118293117,1005.6473118293117,2.0,9.278966922019347,2.13609584683305,232.19331810450433,169375,-0.3418590313300956,-2.57963394655204,0.0,0.0,0.0,0,0,0,0,0,6,6,1,1
194,1965,9,11,6,23994.25,66.62272186697703,8.599088710777478,375,257,1003.590605146959,1005.590605146959,2.0,9.13205161452874,1.9881976918294095,228.7404370492034,164375,-0.056706682352669305,-0.4280098724318837,8.04839845511799,-1.2285969209824839,8.141631782793501,0,0,0,0,0,4,4,1,1
194,1965,9,11,9,23994.375,66.84900195094684,8.682523881268228,375,258,1003.5095330453576,1005.5095330453576,2.0,9.361789400834509,2.8991091105706435,216.68112103298049,147500,-0.08107210160145768,-0.6108767260237665,1.2158427148613675,8.387065779382457,8.47473574189601,0,0,0,0,0,4,4,1,1
194,1965,9,11,12,23994.5,67.07513332405003,8.767581244552986,375,259,1003.4973125204889,1005.4973125204889,2.0,9.451509455667475,2.6319194195329327,212.97689729449573,142500,-0.012220524868607753,-0.09192700203330477,1.2280314834600865,8.381553814747543,8.471039232224005,0,0,0,0,0,5,5,1,1
194,1965,9,11,15,23994.625,67.30111560597317,8.854308188321848,375,260,1003.2213344030338,1005.2213344030338,2.0,9.378207878952857,2.9591524054029286,209.20709679710012,137500,-0.27597811745508805,-2.0725614843185487,1.2404494985871233,8.376027753804298,8.467381879367725,0,0,0,0,0,2,2,1,1
194,1965,9,11,18,23994.75,67.30111560597317,8.854308188321848,375,260,1002.8482635412016,1004.8482635412016,2.0,9.557808657623811,2.5412115750637168,219.41825422078801,151250,-0.37307086183223875,-2.8017159704006436,0.0,0.0,0.0,0,0,0,0,0,2,2,1,1
194,1965,9,11,21,23994.875,67.52694835534335,8.942753948409715,375,261,1003.5220690977995,1005.5220690977995,2.0,8.860653708313988,2.4940001180516265,230.4733439183804,166875,0.6738055565979448,5.051906543289522,1.2531033547940802,8.370485333385739,8.46376350887842,0,0,0,0,0,1,1,1,1
194,1965,9,12,0,23995.0,67.78736555578057,8.458912400170556,374,262,1003.2801803747484,1005.2801803747484,2.0,8.515695112851738,2.08998301849213,270.20793871277544,229375,-0.24188872305108816,-1.8101936961725185,-6.779680145978709,9.652357166532367,11.79542545871435,0,0,0,0,0,5,5,1,1
194,1965,9,12,3,23995.125,69.10353941328243,4.635463426902642,367,267,1002.7007688835578,1004.7007688835578,2.0,9.752458491380679,4.704973529310809,262.74218649868465,216875,-0.5794114911906945,-4.29690286320407,-50.5391332451631,48.78395184546873,70.24299215461541,0,0,0,0,0,4,4,1,1
194,1965,9,12,6,23995.25,69.13548586927509,3.402769771061756,365,267,1001.8668251521942,1003.8668251521942,2.0,9.73268147319108,5.020007034235896,252.7071841393177,200625,-0.8339437313635426,-6.183193059879653,-16.272560615924398,1.1840946102191479,16.315584851450588,0,0,0,0,0,6,6,1,1
194,1965,9,12,9,23995.375,69.61285991788147,2.2147551273192243,363,269,1001.7538762474921,1003.7538762474921,2.0,10.077578143604889,7.917831957718299,259.3124822609313,211250,-0.11294890470206155,-0.8348263182268454,-15.339423464196084,17.693857438933502,23.417312042231316,0,0,0,0,0,4,4,1,1
194,1965,9,12,12,23995.5,70.07543424849891,1.618094532737455,362,271,1000.299627982857,1002.299627982857,2.0,10.659696907084124,9.471116061332795,126.94265629824517,50625,-1.4542482646350983,-10.716813453944185,-7.536450342242983,17.145306253554768,18.728577369604945,0,0,0,0,0,5,5,1,1
194,1965,9,12,15,23995.625,70.30801547268727,0.9821171632241882,361,272,999.5260817889651,1003.5260817889651,4.0,10.868433868558789,7.96981153802757,315.39156525252,312500,-0.7735461938919616,-5.692176868680415,-7.9430322244774505,8.620617387508647,11.722064880425444,0,0,0,0,0,6,6,1,1
194,1965,9,12,18,23995.75,70.31061447575398,-0.32740089084438817,359,272,998.6290890176024,1002.6290890176024,4.0,11.275639166336955,8.210859664514574,312.22172032673495,306250,-0.8969927713627112,-6.600457297465257,-16.352896987677887,0.09633198511738472,16.35318072244544,0,0,0,0,0,5,5,1,1
194,1965,9,12,21,23995.875,70.30801547268727,-0.9821171632241882,358,272,998.275428767454,1002.275428767454,4.0,11.336767051616695,7.796985653243974,310.6246678057967,303125,-0.3536602501483867,-2.602425958736652,-8.177069316492261,-0.09633198511738472,8.17763672817984,0,0,0,0,0,5,5,1,1
194,1965,9,13,0,23996.0,70.53537162880083,-0.9934688562825819,358,273,997.0749286153036,1001.0749286153036,4.0,11.763138365364913,6.098190591933016,255.05799926450496,204375,-1.2005001521503436,-8.82147963889358,-0.14020443257077317,8.426950367078673,8.428116620700017,0,0,0,0,0,6,6,1,1
194,1965,9,13,3,23996.125,70.53011649176818,-1.655486539119302,357,273,996.3248354969567,1000.3248354969567,4.0,11.933008386728664,7.223866997541845,257.77352218733853,208750,-0.7500931183469948,-5.511990720823201,-8.178642740561376,-0.1947815256175123,8.180961857902723,0,0,0,0,0,5,5,1,1
194,1965,9,13,6,23996.25,70.5117342067936,-2.9780206519497523,355,273,996.3573365748609,998.3573365748609,2.0,11.696863843680148,7.182337405250728,122.96226898414837,47500,0.03250107790430775,0.23885830456878474,-16.353323866136446,-0.6813389431022376,16.36751124105725,0,0,0,0,0,5,5,1,1
194,1965,9,13,9,23996.375,70.27166384854063,-3.596717077628466,354,272,996.7683472266715,998.7683472266715,2.0,11.400913715699113,6.622970263812603,122.96226898414837,47500,0.41101065181050217,3.025129165775417,-7.740900791719565,-8.898201958491468,11.794046937389473,0,0,0,0,0,4,4,1,1
194,1965,9,13,12,23996.5,70.25610419454675,-4.248454529361296,353,272,996.7941927269178,998.7941927269178,2.0,10.700909877961685,6.488240875563641,130.03927369650248,53125,0.025845500246359735,0.19024712413887887,-8.160468806667737,-0.57671819482095,8.180822392695902,0,0,0,0,0,5,5,1,1
194,1965,9,13,15,23996.625,69.7845066056528,-4.7901307223632275,352,270,996.915528834729,998.915528834729,2.0,10.43445173724026,6.014533118525505,134.55064019432646,56875,0.12133610781122116,0.8958243371575333,-6.937698290233849,-17.4797531009378,18.806207114568803,0,0,0,0,0,4,4,1,1
194,1965,9,13,18,23996.75,69.5576217519029,-4.7374433480101095,352,269,997.8294312272899,999.8294312272899,2.0,9.645014190721025,5.327859205610585,151.91269449366246,72500,0.9139023925608489,6.75724643177454,0.6820647109719056,-8.409481556493835,8.437096201831716,0,0,0,0,0,4,4,1,1
194,1965,9,13,21,23996.875,69.33063285718876,-4.685899839502702,352,268,998.6622395401901,1000.6622395401901,2.0,9.027474713527152,4.768315038819638,161.43612337794121,81875,0.8328083129001607,6.1668046992209655,0.6743435613535159,-8.413337832289796,8.440319467826898,0,0,0,0,0,5,5,1,1
194,1965,9,14,0,23997.0,68.89336086940898,-3.976730975077567,353,266,999.2650818171911,999.2650818171911,0.0,8.443043627893973,3.745162712812089,14.104739588693906,625,0.6028422770010365,4.476965290812459,9.465422627930275,-16.20747553496414,18.769030042647266,0,0,0,0,0,6,6,1,1
194,1965,9,14,3,23997.125,68.45261107560742,-3.296115972546317,354,264,,,,8.353647975093827,,0.0,0,-0.173600792663201,,9.26508145835534,-16.33638033012297,18.78081618887711,0,2,2,0,0,6,4,0,0
196,1965,9,10,12,23993.5,44.87095470000789,-153.5002803561964,272,535,1007.025886870638,1007.025886870638,0.0,7.629613449467808,3.1895952345802647,14.104739588693906,625,,,,,,3,0,0,0,0,15,15,1,1
196,1965,9,10,15,23993.625,45.084996665720965,-152.71304707768857,270,533,1006.8525307905356,1006.8525307905356,0.0,8.383718042570061,2.8801332700961213,14.104739588693906,625,-0.173356080102385,-1.6960216273334938,20.60180306314557,7.933460225440884,22.07655046879577,0,0,0,0,0,19,19,1,1
196,1965,9,10,18,23993.75,46.473175916043765,-151.4739939381891,269,526,1007.9364185523035,1007.9364185523035,0.0,8.659751048660416,3.1737464869584073,14.104739588693906,625,1.0838877617678373,10.357042567690268,31.628279095114635,51.452829969713804,60.3965375697212,0,0,0,0,0,17,17,1,1
196,1965,9,10,21,23993.875,47.95105915581738,-150.4295050484489,269,519,1008.1664226362409,1010.1664226362409,2.0,9.427801807866105,4.795694169309645,204.39709528665645,131250,0.23000408393738325,2.1459372254158167,25.92905964535246,54.777706145283666,60.60456438776945,0,0,0,0,0,21,21,1,1
196,1965,9,11,0,23994.0,48.90545994484817,-150.07687454402148,270,515,1008.2517901459337,1010.2517901459337,2.0,9.921244791580236,5.1199442084019395,173.8949084575512,95000,0.08536750969273271,0.7847970089507385,8.591106590796887,35.374841908595606,36.40311185204592,0,0,0,0,0,24,24,1,1
196,1965,9,11,3,23994.125,50.06141030231984,-149.5427744908945,271,510,1008.5033378617577,1010.5033378617577,2.0,9.603031719902335,5.645991052472527,154.50968080927584,75000,0.2515477158241265,2.2729865676926577,12.708595807391049,42.84527173460485,44.69033136381701,0,0,0,0,0,21,21,1,1
196,1965,9,11,6,23994.25,50.554238036167604,-148.75147553684465,270,507,1009.0491189718534,1011.0491189718534,2.0,10.242664873649721,6.0752444634561105,134.55064019432646,56875,0.5457811100957042,4.896598456166765,18.634320906844778,18.26664790453512,26.09422045832237,0,0,0,0,0,21,21,1,1
196,1965,9,11,9,23994.375,51.49197921886171,-148.33683837791096,271,503,1009.2822006157919,1013.2822006157919,4.0,10.048209800870174,5.6876845829544616,336.7460422231796,356250,0.23308164393849437,2.0636340625799012,9.568797093486491,34.75735400708451,36.050458185578016,0,0,0,0,0,24,24,1,1
196,1965,9,11,12,23994.5,52.87661564634736,-148.31178328579387,274,498,1009.8585885011898,1015.8585885011898,6.0,8.752403427083642,5.482475675274327,606.0115767743621,1153750,0.5763878853978531,5.008332788039903,0.560481227351652,51.321515327883446,51.324575738688665,0,0,0,0,0,20,20,1,1
196,1965,9,11,15,23994.625,53.60480691143928,-148.05166534211128,275,495,1009.6730578554458,1015.6730578554458,6.0,9.21495310263497,5.169812515822341,530.3832217509572,883750,-0.18553064574400197,-1.5968746763086843,5.720654617685831,26.99039143503482,27.589982223105025,0,0,0,0,0,18,18,1,1
196,1965,9,11,18,23994.75,54.255335462769295,-148.28486648490218,277,493,1010.4427876679271,1016.4427876679271,6.0,8.417422235614394,3.7448356428355334,560.6523099091747,987500,0.7697298124812368,6.570549619177714,-5.049361730689253,24.11182484844417,24.63485643167824,0,0,0,0,0,18,18,1,1
196,1965,9,11,21,23994.875,54.255335462769295,-148.28486648490218,277,493,,,,8.417422235614394,,0.0,0,0.0,,0.0,0.0,0.0,0,3,0,0,0,18,18,0,0
202,1965,9,10,21,23993.875,62.97633551734041,-30.96375653207352,298,257,1006.3011446868298,1006.3011446868298,0.0,7.675182689309165,7.580764710872318,14.104739588693906,625,,,,,,3,0,0,0,0,4,4,1,1
202,1965,9,11,0,23994.0,63.238021359242225,-29.054604099077146,302,256,1005.9389662593485,1005.9389662593485,0.0,9.8842348240632,7.818485470740125,14.104739588693906,625,-0.36217842748126716,-2.810268117183594,31.862210605953244,9.699379331397173,33.30583168324211,0,0,0,0,0,2,2,1,1
202,1965,9,11,3,23994.125,63.77058451105233,-27.999905546361244,305,257,1004.406606660396,1006.406606660396,2.0,10.727996813566115,8.158956478134641,205.8518972422094,133125,-1.5323595989524619,-11.835144846110197,17.277322165804595,19.739440199706394,26.232639223280366,0,0,0,0,0,5,5,1,1
202,1965,9,11,6,23994.25,63.98362852150822,-26.00879894999732,309,256,1003.7960764934161,1009.7960764934161,6.0,11.450956292699027,7.973141455943841,394.9327084834294,490000,-0.6105301669800247,-4.706825590476191,32.369566159727896,7.896471038235313,33.31880952595231,0,0,0,0,0,3,3,1,1
202,1965,9,11,9,23994.375,64.49798592264231,-25.997784767220057,310,258,1003.7510319475322,1009.7510319475322,6.0,11.657727469660893,9.054217833414732,368.6170542239,426875,-0.04504454588386579,-0.3457656650617015,0.17576498125694096,19.064644496063902,19.065454704515595,0,0,0,0,0,3,3,1,1
202,1965,9,11,12,23994.5,64.49798592264231,-25.997784767220057,310,258,1004.3221455146378,1010.3221455146378,6.0,10.909334895233833,8.306395275103569,396.44105022467926,493750,0.57111356710564,4.383915044124648,0.0,0.0,0.0,0,0,0,0,0,3,3,1,1
202,1965,9,11,15,23994.625,65.01178466913203,-25.98632561147023,311,260,1003.6796705455426,1011.6796705455426,8.0,11.140991301645679,7.084715321922777,490.0255303449986,754375,-0.6424749690952012,-4.9108817526662465,0.17942088183088825,19.043937975330177,19.044783156052468,0,0,0,0,0,1,1,1,1
202,1965,9,11,18,23994.75,65.00141245994234,-28.30075576600638,307,262,1003.1222447450048,1011.1222447450048,8.0,11.139540036833758,7.462123610282506,464.8148397450838,678750,-0.5574258005378943,-4.261151557871254,-36.25006931953599,-0.3844456799966829,36.252107858054714,0,0,0,0,0,4,4,1,1
202,1965,9,11,21,23994.875,65.00141245994234,-28.30075576600638,307,262,1002.6038642761715,1012.6038642761715,10.0,11.666768695362912,8.37357578976902,633.9292005476918,1262500,-0.518380468833202,-3.9626758219786904,0.0,0.0,0.0,0,0,0,0,0,3,3,1,1
202,1965,9,12,0,23995.0,65.00141245994234,-28.30075576600638,307,262,1002.2936169461178,1010.2936169461178,8.0,11.175652750664414,8.39268821461912,466.7368941459757,684375,-0.3102473300536803,-2.371635637439006,0.0,0.0,0.0,0,0,0,0,0,4,4,1,1
202,1965,9,12,3,23995.125,64.48780808569829,-28.266405782404114,306,260,1003.2567525305059,1009.2567525305059,6.0,9.38352070738604,4.106478998995517,454.864184146723,650000,0.9631355843880738,7.3937351509849565,0.5483631873232393,-19.036733572797516,19.044629881068506,0,0,0,0,0,3,3,1,1
202,1965,9,12,6,23995.25,64.04565373217342,-23.329552067323597,314,254,1003.9808830141192,1007.4983685285375,3.5174855144183677,8.514128205651534,1.9072203362602889,409.0374480721233,525625,0.7241304836132622,5.579671786378446,80.063962251265,-16.388440301923218,81.72404191485936,0,0,0,0,0,3,2,2,0
202,1965,9,12,9,23995.375,64.2244938453922,-14.462452882171352,331,249,1002.6393859251752,1006.6393859251752,4.0,8.769981884919712,5.915980349369857,362.35732095655754,412500,-1.34149708894387,-10.321061014426052,142.80035035531705,6.62870442348913,142.95411775788511,0,0,1,0,0,1,1,1,1
202,1965,9,12,12,23995.5,64.50409443536742,-14.09778563492826,332,250,1001.6868356607042,1005.6868356607042,4.0,8.99783161794951,5.831790296222826,348.93198687609583,382500,-0.9525502644710651,-7.311482929562524,5.818072877006545,10.363389030689735,11.884856086784541,0,0,0,0,0,2,2,1,1
202,1965,9,12,15,23995.625,64.0436507774245,-15.911148577139503,328,249,1000.9088641911732,1004.9088641911732,4.0,9.24990674162084,9.124746294496944,334.076942998453,350625,-0.7779714695310395,-5.994636911098204,-29.416888011482758,-17.066332922971686,34.00901380101789,0,0,0,0,0,3,3,1,1
202,1965,9,12,18,23995.75,64.4390068402996,-12.501354055520359,335,249,1000.4778411168812,1002.4778411168812,2.0,9.03853201831329,3.0905627044335415,226.11617692741794,160625,-0.43102307429202485,-3.3101959874445988,54.52454661501725,14.65386280329265,56.45938255623164,0,0,0,0,0,2,2,1,1
202,1965,9,12,21,23995.875,63.724998616927266,-6.666659890901366,346,244,999.7886709344741,1001.7886709344741,2.0,8.696347717137108,4.0097361381544765,227.4320920733615,162500,-0.689170182407106,-5.324879434211026,95.7019521234167,-26.4646973404993,99.29372510666006,0,0,0,0,0,1,1,1,1
202,1965,9,13,0,23996.0,63.33749565782969,-5.106484572328378,349,242,998.5623652510898,1000.5623652510898,2.0,8.79577389470209,3.48444818159398,196.456289539899,121250,-1.2263056833842712,-9.507021871174608,25.94870169664629,-14.362787703801288,29.658469117032986,0,0,0,0,0,2,2,1,1
202,1965,9,13,3,23996.125,63.40400231752318,-3.1663265190034684,353,242,996.9663757233392,998.9663757233392,2.0,9.593808136186126,2.5008732565173704,191.84519954901347,115625,-1.595989527750644,-12.365823031309132,32.19349001764467,2.4650677153306186,32.287727674107884,0,0,0,0,0,1,1,1,1
202,1965,9,13,6,23996.25,63.669601185899076,-1.229334486477892,357,243,995.7053890271792,999.7053890271792,4.0,10.715826343823435,3.080292782765464,310.30427095126595,302500,-1.2609866961599618,-9.747682148211327,31.843027927170002,9.844415561978595,33.330030682966,0,0,0,0,0,1,1,1,1
202,1965,9,13,9,23996.375,63.6735545738693,0.7376731374321978,361,243,995.447693445565,999.447693445565,4.0,11.309458730680959,3.1871790712148504,299.2067103010745,281250,-0.25769558161409806,-1.9919709393663778,32.33191960818811,0.14653222844887917,32.33225165750621,0,0,0,0,0,1,1,1,1
202,1965,9,13,12,23996.5,63.86396678635062,3.2210402155004867,366,244,995.3905042349617,999.3905042349617,4.0,10.777006468945796,4.372874908832091,347.7898169151024,380000,-0.057189210603391986,-0.4413457592073503,40.5440330383551,7.057623999696196,41.153720020628974,0,0,0,0,0,1,1,1,1
202,1965,9,13,15,23996.625,64.30929084903141,3.7805685343010906,367,246,995.0859569725092,999.0859569725092,4.0,11.326680748252214,5.34016014814988,340.56447961908583,364375,-0.30454726245254277,-2.341421050241108,8.990554493974892,16.505925494282366,18.795628388855018,0,0,0,0,0,1,1,1,1
202,1965,9,13,18,23996.75,64.53873504188051,3.814074834290354,367,247,995.7517046332065,997.7517046332065,2.0,11.04072372231459,4.3957478421252745,182.81831978578631,105000,0.6657476606973796,5.10860233909589,0.5338981804919259,8.504343397625393,8.521085839954154,0,0,0,3,0,2,2,1,1
202,1965,9,13,21,23996.875,64.75161486240074,4.359407844344817,368,248,997.1584692115933,999.1584692115933,2.0,10.21542830459104,3.8279685679802053,256.6132453796407,206875,1.406764578386792,10.775792912421348,8.621587410894227,7.890385342284184,11.6871703304702,0,0,2,0,0,4,4,1,2
202,1965,9,14,0,23997.0,65.14699023019789,5.995386804075463,371,250,997.8819553568205,999.8533390548118,1.9713836979912593,9.415924901245635,1.4669241926292307,352.3362819972964,390000,0.7234861452272162,5.524046428898953,25.484738089153193,14.654578339756517,29.397764231124725,0,0,0,0,0,4,3,2,0
202,1965,9,14,3,23997.125,65.03046475686224,11.208344318926503,381,251,998.1460084337004,1002.1460084337004,4.0,8.415005293545075,3.349749483759078,581.7243314054713,1063125,0.2640530768799363,2.01803426105293,81.54127262970701,-4.319013819926651,81.65557557478192,0,0,2,0,0,4,4,1,3
202,1965,9,14,6,23997.25,62.77056941826211,14.67091395801629,390,243,997.9538292870645,1001.9538292870645,4.0,9.035389759910661,7.894722259000118,534.6794053718705,898125,-0.19217914663589908,-1.4973953464258256,58.71553486498812,-83.76296546667372,102.29246510986432,0,0,1,0,0,1,1,1,1
202,1965,9,14,9,23997.375,61.792068301796874,16.54516452221016,395,240,998.6745748704199,1002.6745748704199,4.0,9.66249001817106,2.3341625126270085,506.9864229872541,807500,0.7207455833553104,5.666428058205473,32.834991476698775,-36.26811995565697,48.923544335961644,0,0,0,0,0,1,1,1,1
202,1965,9,14,12,23997.5,61.656917300740126,17.422250109508575,397,240,998.8617419279137,1002.8617419279137,4.0,9.881813608542116,3.5409773639708146,438.83650844157603,605000,0.1871670574937889,1.4733564709105256,15.433609450480105,-5.009368549481298,16.2262156381111,0,0,0,0,0,0,0,1,1
202,1965,9,14,15,23997.625,61.734603419529634,18.43494882292201,399,241,999.9926777386094,1001.9926777386094,2.0,9.1696376785589,4.329353720732397,194.93137937025432,119375,1.1309358106956642,8.896091855975259,17.77506788720873,2.879434093366273,18.006781475125397,0,0,0,0,0,0,0,1,1
202,1965,9,14,18,23997.75,61.44152186697438,18.72214330742918,400,240,1000.5171225039081,1002.5171225039081,2.0,9.682341958736224,4.198651335490649,208.7310845835051,136875,0.524444765298831,4.136783858536217,5.088827724556778,-10.863060579084715,11.995926506738947,0,0,0,0,0,2,2,1,1
202,1965,9,14,21,23997.875,61.13116239641809,20.42457280344529,404,240,1002.1106271233607,1004.1106271233607,2.0,9.152855509731483,3.245911562331458,254.66770370415514,203750,1.5935046194525784,12.606806370724208,30.464454226740383,-11.50346618731673,32.56397865212264,0,0,0,0,0,3,3,1,1
202,1965,9,15,0,23998.0,60.36641377396805,26.075355583948767,417,242,1002.3069615024743,1004.3069615024743,2.0,9.23812414158937,3.1134980695645207,261.22343281308076,214375,0.1963343791135412,1.5649289982122634,103.52922991520573,-28.345388991620066,107.33947327950602,0,0,0,0,0,3,3,1,1
202,1965,9,15,3,23998.125,60.47125954490933,26.66332857557285,418,243,1003.0515719079174,1005.0515719079174,2.0,8.975544465145077,3.869941013814605,254.27680907051368,203125,0.7446104054430908,5.928929262442366,10.740964905386049,3.8861059362693346,11.422352929525617,0,0,0,0,0,4,4,1,1
202,1965,9,15,6,23998.25,60.26013346043362,27.44345256494717,420,243,1004.2956630996914,1004.2956630996914,0.0,8.737739422686445,3.566746868366172,14.104739588693906,625,1.2440911917740596,9.926811011618351,14.343713707609332,-7.825383158676477,16.339484217867994,0,0,0,0,0,3,3,1,1
202,1965,9,15,9,23998.375,60.26013346043362,27.44345256494717,420,243,,,,8.737739422686445,,0.0,0,0.0,,0.0,0.0,0.0,0,3,0,0,0,3,3,0,0
204,1965,9,10,21,23993.875,77.32545731694982,179.49297093908524,360,416,1010.439650278622,1010.439650278622,0.0,11.386869389007899,1.671967845718318,14.104739588693906,625,,,,,,3,0,0,0,0,16,16,1,1
204,1965,9,11,0,23994.0,79.80076913792263,167.94921511659044,369,404,1008.8551263538423,1010.8551263538423,2.0,12.47206111235208,2.844870063359194,252.31325220201603,200000,-1.584523924779787,-11.154162008767052,-75.63934201867228,91.74737211849354,118.90706602917678,0,0,0,0,0,16,16,1,1
204,1965,9,11,3,23994.125,81.1999710354965,158.33404127670977,374,396,1007.3106255947141,1011.3106255947141,4.0,12.796315221128255,3.355773515489127,292.14181185347104,268125,-1.544500759128132,-10.828080013567199,-54.45975299914206,51.86138412055153,75.20284475754197,0,0,0,0,0,16,16,1,1
204,1965,9,11,6,23994.25,81.62162844941716,150.35013649242444,378,392,1004.2253751760775,1012.2253751760775,8.0,14.41098594102866,4.756728219886572,371.573563554001,433750,-3.0852504186365697,-21.60583216940225,-43.084712544124415,15.628721736680053,45.831750982614736,0,0,0,0,0,14,14,1,1
204,1965,9,11,9,23994.375,81.9522394932215,145.20397372173167,380,389,1001.9708356739812,1009.9708356739812,8.0,16.520755489223685,5.017698960403868,331.08604176942123,344375,-2.2545395020963044,-15.7752672193153,-26.694853680484933,12.254090254568872,29.373081911669054,0,0,0,0,0,16,16,1,1
204,1965,9,11,12,23994.5,82.0401781227755,140.71059313749967,382,387,998.4734834164087,1008.4734834164087,10.0,19.51865059209216,5.525803687791704,349.50167213195084,383750,-3.497352257572493,-24.466087710256858,-23.05741298663638,3.2594431541596474,23.286654188859035,0,0,0,0,0,15,15,1,1
204,1965,9,11,15,23994.625,82.39542068736408,136.19348942398204,383,384,995.9483343703356,1003.9483343703356,8.0,21.589450900275573,4.94131566837852,290.7766557300799,265625,-2.5251490460730563,-17.649977923008343,-22.150829777044365,13.167056970150984,25.76879215382042,0,0,0,0,0,12,12,1,1
204,1965,9,11,18,23994.75,82.8448008194914,129.92039213998544,384,380,993.9153961668911,1001.9153961668911,8.0,22.981237348001553,4.36687454775296,299.8708769569344,282500,-2.0329382034445005,-14.195155235965455,-28.94688500415158,16.656263609139216,33.39690507907448,0,0,0,0,0,12,12,1,1
204,1965,9,11,21,23994.875,82.88705281576485,123.43986920578224,386,377,993.0929757880414,1001.0929757880414,8.0,23.202041452865345,4.83190631706726,325.0216815494707,331875,-0.8224203788497835,-5.74208672704317,-29.727379394763165,1.566069208737664,29.76860188935224,0,0,0,0,0,9,9,1,1
204,1965,9,12,0,23995.0,83.00814550783642,121.90810693565315,386,376,994.2417480551309,1008.2417480551309,14.0,21.4399235304206,4.717196444351503,645.7444935117649,1310000,1.1487722670895164,8.018558000642082,-6.910885098864836,4.4882976706968645,8.240458047371815,0,0,2,0,0,11,11,1,2
204,1965,9,12,3,23995.125,82.83778291798221,116.96571443287016,388,374,993.7519879434429,1007.7519879434429,14.0,20.994798460997483,4.937719854075694,647.1293873797957,1315625,-0.48976011168793776,-3.4198421549190834,-22.832927112477456,-6.314485227271768,23.68998278195114,0,0,0,0,0,11,11,1,2
204,1965,9,12,6,23995.25,82.73332309196788,114.59011716619602,389,373,993.3877642607024,1007.3877642607024,14.0,21.22964737454145,5.627037423064467,629.2041965380473,1243750,-0.3642236827405577,-2.5438474319189144,-11.136641309996703,-3.871800896988901,11.790488618095909,0,0,0,0,0,13,13,1,1
204,1965,9,12,9,23995.375,82.61671149896061,112.28558764683277,390,372,993.4780709237858,1007.4780709237858,14.0,20.707501629324238,5.932933268707129,622.5289442497956,1217500,0.09030666308346554,0.630893853870192,-10.975941637948049,-4.322205843449587,11.796302734026092,0,0,0,0,0,10,10,1,1
204,1965,9,12,12,23995.5,82.61671149896061,112.28558764683277,390,372,991.9347097512186,1007.9347097512186,16.0,21.823546958107563,5.934608879986991,654.9218057391721,1347500,-1.543361172567238,-10.782117784317068,0.0,0.0,0.0,0,0,0,0,0,10,10,1,1
204,1965,9,12,15,23995.625,82.40864975247838,111.64443514071401,391,372,991.1650111670087,1007.1650111670087,16.0,22.083366057766607,6.462830497218092,627.1456394776626,1235625,-0.7696985842098365,-5.379779318791991,-3.1394085624464774,-7.711803545876352,8.326331728447608,0,0,0,0,0,11,11,1,1
204,1965,9,12,18,23995.75,82.11632929035461,112.55724663470566,392,373,990.1354380347728,1008.1354380347728,18.0,22.941409747786736,7.271801948116336,659.0099020212134,1364375,-1.0295731322359643,-7.201152915465148,4.6406081396182275,-10.834850780851811,11.786824650804647,0,0,0,0,0,11,11,1,1
204,1965,9,12,21,23995.875,82.02755649157876,114.04422326936782,392,374,989.5091059858762,1007.5091059858762,18.0,23.693878881818023,8.47969272091017,627.1456394776626,1235625,-0.6263320488965838,-4.38170539020022,7.64403018773367,-3.290361615971398,8.322119746485361,0,0,0,0,0,10,10,1,1
204,1965,9,13,0,23996.0,82.13548150063673,116.20011484134734,391,375,988.6794971630301,1008.6794971630301,20.0,24.339177291946044,9.409239116043318,692.2826896474228,1505625,-0.8296088228462031,-5.8022724470318,10.933278194400438,4.000237821771056,11.642099239693835,0,0,0,0,0,9,9,1,1
204,1965,9,13,3,23996.125,82.53548770822124,117.71850162818338,389,375,988.6575754550402,1008.6575754550402,20.0,24.567710106417444,9.600314717262371,709.8762839852544,1583125,-0.021921707989822608,-0.15317613680382589,7.311108097220963,14.826220303243069,16.530853277721235,0,0,0,0,0,8,8,1,1
204,1965,9,13,6,23996.25,82.73332309196788,118.53998518795997,388,375,988.8511746129681,1008.8511746129681,20.0,24.29540780872854,10.182872477087585,730.8650886122375,1678125,0.19359915792781976,1.3521545798743535,3.8512990465608374,7.332763661135022,8.282628040429119,0,0,0,0,0,8,8,1,1
204,1965,9,13,9,23996.375,83.036942274948,117.80145877993414,387,374,989.6685522512189,1007.6685522512189,18.0,23.828159224017252,9.356285421868305,660.2163284809975,1369375,0.8173776382509095,5.705035757518785,-3.3184447898025367,11.253637593118665,11.732707909950765,0,0,0,0,0,9,9,1,1
204,1965,9,13,12,23996.5,83.53823583402195,117.89727103094764,385,373,990.0348800407411,1008.0348800407411,18.0,23.283696979140043,8.668030723204646,697.2935903518261,1527500,0.3663277895221836,2.5542198748386324,0.3996613507012534,18.580433509538757,18.584731329713517,0,0,0,0,0,10,10,1,1
204,1965,9,13,15,23996.625,83.73550304810881,118.85566121971651,384,373,990.7367210749594,1008.7367210749594,18.0,22.15538956576722,7.361480374036692,758.7773103058179,1808750,0.7018410342182324,4.891706871470413,3.87613604919452,7.3117044665882265,8.275593808216515,0,0,0,0,0,11,11,1,1
204,1965,9,13,18,23996.75,83.93088208012927,119.87599269168943,383,373,991.0373498791757,1007.0373498791757,16.0,21.67658790171874,6.086800078375018,689.6914789715053,1494375,0.3006288042163942,2.094557288177075,3.998432881873479,7.241719044466692,8.27224033922121,0,0,0,0,0,11,11,1,1
204,1965,9,13,21,23996.875,84.315212592827,122.12499844038751,381,373,991.361004284414,1007.361004284414,16.0,21.022575996115304,5.114023046620714,723.6157563046396,1645000,0.32365440523819416,2.2534260587159385,8.256680621401411,14.245201055563678,16.46506993599657,0,0,0,0,0,12,12,1,1
204,1965,9,14,0,23997.0,85.00090131957258,124.04593735660167,378,372,991.4176152885514,1005.4176152885514,14.0,20.73939718030021,3.941383773276757,654.7699045877056,1346875,0.05661100413737586,0.3937101881174119,6.204045860373067,25.41503589049144,26.16131178577596,0,0,0,0,0,10,10,1,1
204,1965,9,14,3,23997.125,85.49712072785806,124.87532834460218,376,371,992.1125959204222,1006.1125959204222,14.0,19.399401358864324,3.103816303396452,725.8118638009257,1655000,0.6949806318708579,4.8298750006954085,2.413458178626059,18.392360234636833,18.5500322204741,0,0,0,0,0,10,10,1,1
204,1965,9,14,6,23997.25,86.48526728118168,127.23483398157467,372,369,992.0840465493451,1006.0840465493451,14.0,19.329270349167317,2.810395587718085,729.2300416232147,1670625,-0.02854937107709702,-0.19816858660576028,5.361069327852744,36.625627836964824,37.01591115709427,0,0,0,0,0,10,10,1,1
204,1965,9,14,9,23997.375,87.42333630262955,124.38034472384487,369,366,992.3869262280053,1006.3869262280053,14.0,19.355593109531686,2.4628227372196125,739.7932552796458,1719375,0.302879678660247,2.10053568724509,-4.755936152191743,34.76950534247584,35.09326759428623,0,0,0,0,0,9,9,1,1
204,1965,9,14,12,23997.5,87.3656317847722,102.2647737278924,371,362,993.27882189622,1005.27882189622,12.0,18.48588221652756,2.8309786729131154,676.1453793611767,1436250,0.8918956682147109,6.185771699271823,-37.4428532411647,-2.138816543402268,37.503890398807016,0,0,0,0,0,7,7,1,1
204,1965,9,14,15,23997.625,88.84776492591511,119.05460409907714,364,362,993.4914751203501,1005.4914751203501,12.0,18.045178083554006,2.186936044315371,684.3342896917427,1471250,0.2126532241300447,1.473602724455906,12.469379172981906,54.93522863561848,56.33262609010227,0,0,0,0,0,6,6,1,1
204,1965,9,14,18,23997.75,89.42935126031077,101.30993247402021,362,360,993.9412733980356,1005.9412733980356,12.0,17.696860913841114,3.1786954742891975,717.9575697343654,1619375,0.4497982776854769,3.116448448160305,-6.524299058631797,21.556483263534332,22.522176824132686,0,0,0,0,0,7,7,1,1
204,1965,9,14,21,23997.875,89.64609964808278,71.56505117707799,361,359,995.1551954868648,1007.1551954868648,12.0,17.146175771654242,3.9338675351226997,741.9414797806448,1729375,1.2139220888292765,8.410459374326525,-6.733544666204129,8.033773692878276,10.482468388702593,0,0,0,0,0,8,8,1,1
204,1965,9,15,0,23998.0,89.64609964808278,18.43494882292201,360,358,995.0163268211813,1005.0163268211813,10.0,16.872242404372667,4.6811833988531,635.6529019634453,1269375,-0.1388686656835489,-0.9621286916566504,-11.732417167469663,0.0,11.732417167469663,0,0,0,0,0,9,9,1,1
204,1965,9,15,3,23998.125,89.64609964808278,18.43494882292201,360,358,996.1028037459241,1006.1028037459241,10.0,16.32803961112956,4.75342109345751,663.2227936148047,1381875,1.0864769247428923,7.5274765331158155,0.0,0.0,0.0,0,0,0,0,0,10,10,1,1
204,1965,9,15,6,23998.25,89.64609964808278,-18.43494882292201,359,358,996.2657514300877,1006.2657514300877,10.0,16.560124228944,4.303810001453384,645.1280308476033,1307500,0.1629476841635187,1.1289562076587298,-8.296066463685516,0.0,8.296066463685516,0,0,0,0,0,9,9,1,1
204,1965,9,15,9,23998.375,89.64609964808278,-71.56505117707799,358,359,997.4651579627814,1007.4651579627814,10.0,16.10408133039961,3.1431143405885806,660.0656457611345,1368750,1.1994065326936834,8.309890732979945,-11.732417167469663,0.0,11.732417167469663,0,0,0,0,0,8,8,1,1
204,1965,9,15,12,23998.5,89.14768805866039,-113.1985905136482,356,361,998.1290933459267,1008.1290933459267,10.0,16.396222237443695,2.3056285386895614,632.6726498562402,1257500,0.66393538314529,4.600388255162281,-22.452874900881874,-18.47361337487342,29.075865979175123,0,0,0,0,0,11,11,1,1
204,1965,9,15,15,23998.625,86.48526728118168,-80.8376529542783,344,357,997.124100203011,1007.124100203011,10.0,15.613462591391805,3.3730318412254565,573.9779892994359,1035000,-1.0049931429156276,-6.975917968288979,72.56299428868918,-98.68256101623123,122.48933010210537,0,0,0,0,0,9,9,1,1
204,1965,9,15,18,23998.75,86.52832077266692,-69.22774531795417,345,354,996.5192097873108,1008.5192097873108,12.0,16.44415089842142,4.978906737928409,619.4855579675225,1205625,-0.6048904157002107,-4.198508615807736,26.013760001901232,1.595776609164204,26.06265935055116,0,0,0,0,0,10,10,1,1
204,1965,9,15,21,23998.875,86.73672889440275,-67.83365417791754,346,354,996.268578303797,1008.268578303797,12.0,17.104373887597315,5.471372671675781,582.4079089990124,1065625,-0.2506314835138619,-1.7392460196519424,2.9413039531389216,7.72464193618166,8.265673716459354,0,0,0,0,0,11,11,1,1
204,1965,9,16,0,23999.0,87.14645030671429,-64.4400348281762,348,354,996.9730371396598,1008.9730371396598,12.0,16.59768913521072,6.954996318073172,610.75313987865,1171875,0.7044588358628971,4.886693260903235,6.26104423460729,15.186314128895583,16.42634505083839,0,0,0,0,0,9,9,1,1
204,1965,9,16,3,23999.125,87.80111403226559,-75.25643716352927,350,357,997.1940634270578,1007.1940634270578,10.0,16.461238650004898,8.008530836283681,513.8076117124788,829375,0.22102628739798091,1.5324434337151578,-15.35945712088229,24.265094979843536,28.717725491916134,0,0,0,0,0,6,6,1,1
204,1965,9,16,6,23999.25,87.87057891791461,-93.01278750418334,350,360,997.8868004186651,1007.8868004186651,10.0,15.866842567281047,7.164674583458182,578.9819503985461,1053125,0.6927369916072348,4.802739215309607,-24.35675354170139,2.574714288038711,24.492459998052745,0,0,0,0,0,6,6,1,1
204,1965,9,16,9,23999.375,87.44286027940417,-113.1985905136482,349,364,998.8294901655067,1006.8294901655067,8.0,14.844218599292175,9.212805555973537,503.8374085273672,797500,0.9426897468416428,6.537656189017796,-33.20881911038977,-15.853380877893127,36.798849872871514,0,0,0,0,0,8,8,1,1
204,1965,9,16,12,23999.5,86.73672889440275,-120.96375653207352,347,367,999.7093974595068,1005.7093974595068,6.0,13.093281861004936,10.194620319397654,427.11983508037304,573125,0.8799072940001497,6.106077485942942,-16.371135834427815,-26.172742518884707,30.871127926739604,0,0,0,0,0,10,10,1,1
204,1965,9,16,15,23999.625,86.11919153005839,-123.23171106797936,345,369,1000.0069391037645,1004.0069391037645,4.0,11.893273093868755,10.070430161624172,340.56447961908583,364375,0.2975416442575806,2.0661666908699132,-5.689017808058162,-22.889007309514753,23.585410304580726,0,0,0,0,0,10,10,1,1
204,1965,9,16,18,23999.75,85.23728412435288,-119.57783868126133,341,370,1000.3766031447882,1002.3766031447882,2.0,10.997951949712416,10.506300874215958,105.5502061411188,35000,0.36966404102378875,2.569981492214331,11.24283366091669,-32.68787642823888,34.56730498773164,0,0,0,0,0,9,9,1,1
204,1965,9,16,21,23999.875,84.73690258899707,-119.29136217098426,339,371,,,,10.368793049467387,,0.0,0,0.6760584440497042,,0.9740026329191543,-18.546629372727487,18.572187329936437,0,2,2,0,0,10,11,0,0
209,1965,9,11,0,23994.0,51.518809073440444,105.31477071639601,522,404,1006.732765106612,1012.732765106612,6.0,11.19393494362701,10.56727067779604,547.3656733578504,941250,,,,,,3,0,0,0,0,17,17,1,1
209,1965,9,11,3,23994.125,52.70370672573879,107.99166343563687,515,410,1005.7219146633128,1011.7219146633128,6.0,11.684354277854613,8.181031490198366,638.6192462437864,1281250,-1.010850443299132,-8.803602322357907,60.11697398159706,43.918202509541736,74.45037993437734,0,0,0,0,0,17,17,1,1
209,1965,9,11,6,23994.25,55.017170746784146,107.60975802996715,506,406,1003.4117420093468,1007.4117420093468,4.0,12.927625881190368,10.532997475829907,342.02175833204393,367500,-2.310172653966001,-19.534820888929076,-8.11566944326473,85.74848737165462,86.13168509346113,0,0,0,0,0,15,15,1,1
209,1965,9,11,9,23994.375,56.431424895218164,107.9442046823209,500,405,1001.8171902193449,1005.8171902193449,4.0,13.303011542659966,7.522408390249984,363.1799266030658,414375,-1.5945517900018604,-13.25858409122647,6.854313085022269,52.41929543062798,52.865528856817114,0,0,0,0,0,17,17,1,2
209,1965,9,11,12,23994.5,57.83224847486255,109.58582530109543,493,407,1003.146167458486,1007.146167458486,4.0,12.88027293398237,5.2967323844863134,235.59559928678317,174375,1.3289772391410952,10.877142357994563,32.393945849396395,51.92149172684187,61.19811296791867,0,0,0,0,0,16,16,1,1
209,1965,9,11,15,23994.625,58.110280245682,110.62763507759648,491,409,1002.8463863799043,1008.8463863799043,6.0,13.617205690220278,8.734475125377577,281.74195262169036,249375,-0.29978107858172737,-2.4461502897633065,20.399378459363355,10.305240787041665,22.854597550760868,0,0,0,0,0,15,15,1,1
209,1965,9,11,18,23994.75,59.32888015227508,111.91938278465621,485,410,1003.0116928276709,1007.0116928276709,4.0,13.931046211677401,6.811273419483477,241.43425172789108,183125,0.16530644776663395,1.3315475074302177,24.422941795107025,45.167375740894826,51.34755999311321,0,0,0,0,0,14,14,1,1
209,1965,9,11,21,23994.875,59.70246607821173,113.5925631419045,482,413,1003.9431358652035,1007.7688569456143,3.8257210804107307,12.592673425485147,10.35469902761346,278.54628835670917,243750,0.9314430375325901,7.4740533007602235,31.285847965725562,13.84695320998829,34.21319038227946,0,0,0,1,0,12,11,2,0
209,1965,9,12,0,23995.0,60.048594240560405,115.30494113113627,479,416,1005.9223139150566,1007.2405527068306,1.3182387917740561,10.86032675131939,11.626826242973038,209.20709679710012,137500,1.9791780498530716,15.825680765482602,31.687109091850328,12.829231873992352,34.18569983305132,0,0,0,0,0,15,13,2,0
209,1965,9,12,3,23995.125,58.285147867351874,116.10669471907757,485,421,1006.0137586649856,1007.5905239414651,1.5767652764794184,9.20959687782066,5.706324276201558,252.31325220201603,200000,0.09144474992906908,0.7447590555237178,15.621890243021255,-65.3620967035119,67.20302924901706,0,0,1,0,0,14,13,2,0
209,1965,9,12,6,23995.25,58.70330440351168,116.47218937911256,483,421,1004.8448046615906,1006.8448046615906,2.0,9.067931830130496,9.323030494033082,233.47498368984665,171250,-1.168954003395047,-9.477890160329444,7.0372754071530546,15.498961788077334,17.021781976761496,0,0,0,0,0,16,16,1,2
209,1965,9,12,9,23995.375,57.96106855474074,118.1083042553255,484,426,1003.9722776105356,1005.9722776105356,2.0,8.66302534640125,10.553199403074759,126.94265629824517,50625,-0.8725270510550763,-7.131215667670961,32.169811063082356,-27.510953585682127,42.32905988830808,0,0,0,0,0,11,11,1,1
209,1965,9,12,12,23995.5,57.850387700432115,118.46516214265483,484,427,,,,8.608105059873406,,0.0,0,1.0211829845421017,,7.038462652659291,-4.102383158601578,8.14674806857666,0,2,2,0,0,12,13,0,0
213,1965,9,6,21,23989.875,58.502845758982446,18.69597562528748,404,228,1002.2662182810492,1006.2662182810492,4.0,7.5208075883837475,3.6103737335378536,607.8144549548506,1160625,,,,,,3,0,0,0,0,2,2,1,1
213,1965,9,7,0,23990.0,54.70587078423805,16.68154396285047,404,211,1001.1474586730548,1007.1474586730548,6.0,8.420133854926208,3.7031253290499446,805.0829185504707,2036250,-1.1187596079944342,-9.496476794413349,-43.13793449939932,-140.73478459597587,147.19769355581016,0,0,0,0,0,0,0,1,1
213,1965,9,7,3,23990.125,54.99879279189869,16.43159227475049,403,212,999.5616912272021,1007.5616912272021,8.0,9.627979810822293,5.960681163958216,926.1992999702148,2695000,-1.585767445852689,-13.412261262834914,-5.314029125239472,10.857147051467097,12.087867787210202,0,0,0,0,0,0,0,1,1
213,1965,9,7,6,23990.25,55.760845568421786,17.5924245621816,405,216,997.8272960385369,1009.8272960385369,12.0,11.427978616668932,8.002439631205853,1228.0846996337723,4738125,-1.7343951886652211,-14.535256552537932,24.20835328704055,28.24546752825592,37.20014522498436,0,0,0,0,0,1,1,1,1
213,1965,9,7,9,23990.375,56.12460644956448,16.97549946792974,403,217,996.8720699302005,1008.8720699302005,12.0,12.485463101046852,8.735031772192961,1039.6446543280229,3395625,-0.9552261083363556,-7.971077075302902,-12.745379990189498,13.482788164940812,18.55344409523447,0,0,0,0,0,1,1,1,1
213,1965,9,7,12,23990.5,56.54910717593332,15.972132147005164,400,218,995.2222279053192,1007.2222279053192,12.0,14.344096091790453,8.840261131611188,888.0387058120505,2477500,-1.6498420248813637,-13.699674509812759,-20.499648189912214,15.734109043048052,25.84178328383507,0,0,0,0,0,1,1,1,1
213,1965,9,7,15,23990.625,56.962277371722756,14.9441072730603,397,219,994.3059440628654,1006.3059440628654,12.0,15.251439275121614,6.524112390621158,809.2728778497085,2057500,-0.9162838424538495,-7.572600842263158,-20.77361085475633,15.314143204174925,25.80825236281657,0,0,0,0,0,1,1,1,1
213,1965,9,7,18,23990.75,57.306838410375676,14.277589047713185,395,220,994.451015999492,1006.451015999492,12.0,15.533200209779194,5.419115757119434,785.1919897720745,1936875,0.1450719366267731,1.1942935035562263,-13.343822505013877,12.771146472528018,18.470511126335396,0,0,0,0,0,1,1,1,1
213,1965,9,7,21,23990.875,57.136586703800795,13.796111682338225,394,219,994.4010073360234,1006.4010073360234,12.0,16.333134295522413,3.6638995905656344,756.5454144294503,1798125,-0.05000866346861585,-0.412480934033125,-9.683872204808491,-6.310375341234933,11.558469527853953,0,0,0,0,0,2,2,1,1
213,1965,9,8,0,23991.0,57.19163057348859,13.410873564382463,393,219,993.4945559244566,1005.4945559244566,12.0,16.94772181233304,4.1870735873233205,742.3435797901722,1731250,-0.906451411566959,-7.471949147490851,-7.73670848142215,2.0401996840556547,8.0011919660342,0,0,0,0,0,2,2,1,1
213,1965,9,8,3,23991.125,57.60544812738957,16.910808755724382,401,223,993.2109233834836,1003.2109233834836,10.0,16.879851076481206,3.3063463310880614,641.7269008310928,1293750,-0.28363254097290336,-2.3272300517557953,69.49201758527037,15.338137516750086,71.16459070741757,0,0,0,1,0,2,2,1,2
213,1965,9,8,6,23991.25,58.5667339353325,16.996316128659306,400,227,992.6018763622794,1003.6456199001583,11.043743537878909,17.329680066744487,4.2911073185649,700.2829202557367,1540625,-0.6090470212041691,-4.94533919573658,1.6528210179776597,35.63003496622318,35.66835024236129,0,0,0,0,0,3,4,2,0
213,1965,9,8,9,23991.375,59.37018774445606,16.557071375636653,398,230,993.1908612419631,1003.3066109777224,10.115749735759163,16.62838451306923,5.117356945699867,688.8255759571598,1490625,0.5889848796837032,4.742261248587224,-8.294772967678604,29.77999578926185,30.913612014673813,0,0,0,0,0,3,2,2,0
213,1965,9,8,12,23991.5,59.946831612666315,15.975067456796037,396,232,992.776582087008,1011.4823283520196,18.705746265011694,16.463492229598906,6.942235818625267,1441.7914205803204,6530625,-0.41427915495514755,-3.3160112530735426,-10.803277154829134,21.373290875224747,23.94845214457541,0,0,2,0,0,2,1,2,0
213,1965,9,8,15,23991.625,59.992410900710844,9.782407031807287,382,229,992.1776407609399,1006.1776407609399,14.0,15.406741871708316,6.894219252902039,975.5749892701914,2990000,-0.5989413260681613,-4.791897100353731,-114.74982527048918,1.6893951968741234,114.76226059005208,0,0,0,0,0,2,2,1,3
213,1965,9,8,18,23991.75,62.04170431821353,2.086777275570763,364,236,991.9856081899113,1007.9748219036748,15.989213713763457,15.153441294127532,3.3896964435338304,1087.8037515509136,3717500,-0.19203257102853968,-1.50623472412966,-133.64948893927132,75.95701041079619,153.72590323128438,0,0,0,0,0,2,3,2,0
213,1965,9,8,21,23991.875,61.59601410717652,-0.6847775070091452,358,234,991.3031785845579,1007.3031785845579,16.0,16.35876905446628,4.428424981705539,1033.2142956758235,3353750,-0.6824296053533908,-5.3750884193865724,-48.86233826885458,-16.519496774152643,51.579277571241825,0,0,1,0,0,2,2,1,2
213,1965,9,9,0,23992.0,60.876027553579135,-2.450852637771025,354,231,988.0550569934454,1008.7773882157426,20.722331222297072,19.482130826871433,7.694208399883936,1103.7803628296977,3827500,-3.248121591112431,-25.760592621810698,-31.858251894572266,-26.68628400411007,41.558464453418374,0,0,0,0,0,3,1,2,0
213,1965,9,9,3,23992.125,60.15772065485021,-3.2642837240185254,352,228,984.7532059864467,1007.7059921466287,22.952786160182004,22.85471917705202,12.590376643516354,1061.6100700207603,3540625,-3.301851006998768,-26.372993487521203,-15.00287430853364,-26.62402763748125,30.560187911055525,0,0,0,0,0,3,1,2,0
213,1965,9,9,6,23992.25,59.44777442280122,-3.616113896154716,351,225,983.2006905550038,1009.2343354312718,26.033644876267935,24.589814930669924,15.074010093639298,1140.2179359148497,4084375,-1.5525154314428802,-12.490205389647778,-6.628824325372887,-26.314139731422834,27.136235216800085,0,0,0,0,0,3,1,2,0
213,1965,9,9,9,23992.375,58.99678811080977,-3.1449574646980216,352,223,983.5785892096081,1009.2567227527937,25.67813354318554,24.97849135664112,13.311616756340882,1087.529388500213,3715625,0.3778986546043598,3.0545342456572366,8.995137248925772,-16.71579662652983,18.98236947766316,0,0,0,0,0,2,0,2,0
213,1965,9,9,12,23992.5,58.31019894153182,-2.66776628044633,353,220,984.2166604795815,1010.1980156533615,25.98135517378003,24.418124278707996,14.61807742006924,1130.6688641621158,4016250,0.6380712699732976,5.195279546609413,9.291360631276051,-25.448410770936466,27.09152991521043,0,0,0,0,0,0,1,2,0
213,1965,9,9,15,23992.625,58.0953312127732,-1.8344690323917512,355,219,985.4436794521905,1011.4436794521905,26.0,23.02770792298333,14.916716288828539,1244.1787513245624,4863125,1.2270189726090757,10.0138416386452,16.32345444809057,-7.964067112532529,18.16264105497353,0,0,0,0,0,0,0,1,2
213,1965,9,9,18,23992.75,58.10197445954576,-1.4270018675146865,356,219,987.4421222043843,1011.4421222043843,24.0,21.66022616694247,12.850014163892777,1191.0782400771925,4456875,1.998442752193805,16.30834191470724,7.9804236331819265,0.2462317791852676,7.984221405630567,0,0,0,0,0,0,0,1,2
213,1965,9,9,21,23992.875,57.87348711016264,-1.0121876139824504,357,218,989.5975708878526,1011.5975708878526,22.0,20.205255922845755,11.294612563881747,1192.413717149891,4466875,2.1554486834682756,17.633499729108916,8.17630902940429,-8.46887801795497,11.771742616423408,0,0,0,0,0,0,0,1,2
213,1965,9,10,0,23993.0,57.8784388986111,-0.20245774221819385,359,218,990.4829055921836,1012.4829055921836,22.0,19.714158027850065,8.925675311726081,1258.8035597974304,4978125,0.8853347043308895,7.242437388272858,15.958133623938656,0.18353791776146813,15.959189043517773,0,0,0,0,0,1,1,1,3
213,1965,9,10,3,23993.125,57.8784388986111,0.20245774221819385,360,218,992.2180822756388,1012.2180822756388,20.0,17.648129582507618,6.95991478006843,1367.3597529443525,5873750,1.7351766834553564,14.194528268282536,7.980098744355478,0.0,7.980098744355478,0,0,1,0,0,1,1,1,2
213,1965,9,10,6,23993.25,57.87678822730377,0.6073530048095279,361,218,993.276558081504,1013.276558081504,20.0,17.077430364013473,5.574407847146431,1446.9565564915497,6577500,1.0584758058651642,8.658966350180982,7.9800663829778316,-0.06118209164394363,7.980300916949862,0,0,0,0,0,1,1,1,2
213,1965,9,10,9,23993.375,57.87348711016264,1.0121876139824504,362,218,994.9416080775296,1012.9416080775296,18.0,15.776271110429649,4.865105155248239,1342.9163968430944,5665625,1.6650499960256275,13.621599474419979,7.979603132436177,-0.12235582611752455,7.980541153290932,0,0,1,0,0,0,0,1,1
213,1965,9,10,12,23993.5,58.1069577007866,1.0193902814550788,362,219,995.7496248577522,1011.7496248577522,16.0,15.585604496440139,4.494606796880325,1224.028122851485,4706875,0.8080167802225333,6.593484188651166,0.14104791111682663,8.6535817326976,8.654731152248925,0,0,0,0,0,0,0,1,2
213,1965,9,10,15,23993.625,58.34028349532275,1.026696180057873,362,220,996.6298899504285,1010.6298899504285,14.0,14.76662544063425,4.303658320377872,1126.7029843027533,3988125,0.8802650926762726,7.164939223927404,0.1421319998389781,8.648214869243509,8.649382748496146,0,0,0,0,0,1,1,1,2
213,1965,9,10,18,23993.75,58.34028349532275,1.026696180057873,362,220,997.760392882775,1003.760392882775,6.0,14.164265500335842,4.029441484756026,436.7916986750201,599375,1.1305029323465714,9.201756232441854,0.0,0.0,0.0,0,0,0,2,0,1,1,1,1
213,1965,9,10,21,23993.875,58.34028349532275,1.026696180057873,362,220,999.2256866265842,1005.2256866265842,6.0,13.175429176075609,3.8478379542497714,460.29883553088166,665625,1.4652937438091613,11.926794220221023,0.0,0.0,0.0,0,0,0,0,0,2,2,1,1
213,1965,9,11,0,23994.0,58.34362779309599,0.6160599083992303,361,220,1001.2654825028415,1007.2654825028415,6.0,11.643138284443125,3.016370362101225,524.5370414662,864375,2.039795876257267,16.60237082357729,-7.987920792483682,0.12395631519099924,7.988882509780005,0,0,0,0,0,0,0,1,1
213,1965,9,11,3,23994.125,58.1119416333865,0.20389871046679808,360,219,1002.5371765577642,1006.5371765577642,4.0,10.143547792087018,2.09735376759505,462.2396684630923,671250,1.2716940549227003,10.376567710314202,-8.070101702842667,-8.587441844485449,11.784341259766867,0,0,0,1,0,2,2,1,2
213,1965,9,11,6,23994.25,54.099246835105774,1.999992299034176,365,202,1003.3419446720573,1007.3419446720573,4.0,10.976437126528998,1.3766130274946045,473.71771104696137,705000,0.6775287338260386,5.794889046746635,15.62319245640948,-9.244765335635922,18.15350733717828,0,0,0,0,2,0,0,1,1
213,1965,9,11,9,23994.375,54.31552557732345,2.743704976223483,367,203,1004.4283209508068,1008.4283209508068,4.0,10.132364075882938,1.1508117388356185,487.7874946350957,747500,1.0863762787495217,9.26649835744881,16.079576458334955,8.016366291890447,17.96705060952401,0,0,0,0,0,0,0,1,1
213,1965,9,11,12,23994.5,54.289934129667486,3.4737560052599066,369,203,1005.2915250544891,1007.2915250544891,2.0,8.724019625557407,1.0556600385149069,341.4395932149834,366250,0.8632041036822193,7.3652628405251725,15.794020275063673,-0.9485463816110973,15.822478209407965,0,0,0,0,0,0,0,1,1
213,1965,9,11,15,23994.625,54.289934129667486,3.4737560052599066,369,203,,,,8.724019625557407,,0.0,0,0.0,,0.0,0.0,0.0,0,3,0,0,0,0,0,0,0
220,1965,9,11,12,23994.5,55.24452320854654,22.11487870858359,417,218,1004.4960764275395,1006.4960764275395,2.0,8.01359314918129,7.510446994989543,138.1976597885342,60000,,,,,,3,0,0,0,0,2,2,1,1
220,1965,9,11,15,23994.625,56.66875119053097,23.506353602982166,418,225,1002.7450637966176,1004.7450637966176,2.0,8.910861255317837,8.931460763294234,141.04739588693906,62500,-1.751012630921905,-14.519758310354785,28.33886227432463,52.788975327295525,59.91466457478466,0,0,0,0,0,0,0,1,1
220,1965,9,11,18,23994.75,57.853686715663116,24.84578884315446,419,231,1001.2480863694677,1003.2480863694677,2.0,10.26083112356001,8.296025673420372,172.74707473566775,93750,-1.4969774271498317,-12.249274306126411,26.415440403469052,43.91960626520003,51.2514127239379,0,0,0,0,0,1,1,1,1
220,1965,9,11,21,23994.875,59.63991521337787,26.85200593731134,420,240,998.7765885893044,1004.7765885893044,6.0,12.665443333953334,5.691854941976199,492.65737405943736,762500,-2.471497780163336,-19.844378057855668,37.58274707067517,66.20651559127101,76.12992568048097,0,0,0,0,0,0,0,1,1
220,1965,9,12,0,23995.0,62.094124639335725,29.3704044102194,420,252,995.4921513174667,1003.4921513174667,8.0,15.073414835718472,7.895846182695168,488.1951733478254,748750,-3.2844372718378145,-25.749456430840134,43.68432997987935,90.96521236325587,100.91080490256346,0,0,0,0,0,2,2,1,1
220,1965,9,12,3,23995.125,63.09428865367155,30.55096987354055,420,257,992.6656159714745,1004.6656159714745,12.0,17.2529502449266,5.905938304132506,620.4482400680349,1209375,-2.826535345992161,-21.959919312687994,19.80108184848057,37.07105473553332,42.02791859675107,0,0,0,0,0,2,2,1,1
220,1965,9,12,6,23995.25,63.68739575243323,31.301282992915546,420,260,989.3948833635328,1003.3948833635328,14.0,20.01699128002847,12.426873863889268,589.8749819535121,1093125,-3.270732607941609,-25.279540190262125,12.327372834879768,21.983500113057733,25.203936165427436,0,0,0,0,0,4,4,1,1
220,1965,9,12,9,23995.375,64.15201596902143,32.509594282090816,421,263,988.4041424517957,1002.4041424517957,14.0,20.75638730627802,18.633905724783254,529.2567428401228,880000,-0.9907409117372299,-7.627117275235704,19.52574106349883,17.2211369670346,26.035017236717362,0,0,0,0,0,2,2,1,1
220,1965,9,12,12,23995.5,64.604059913427,33.76071580030233,422,266,989.0212094626088,1001.0212094626088,12.0,19.917300434351926,11.626036042884444,452.2323538548359,642500,0.6170670108131889,4.732486224802665,19.887627423888386,16.754997746097704,26.00476252579778,0,0,0,0,0,4,4,1,1
220,1965,9,12,15,23995.625,64.9848252557018,34.335424482548255,422,268,989.7441351425064,1001.7441351425064,12.0,18.988103090483467,10.735090182825735,482.86850345578216,732500,0.7229256798975985,5.5270349872174265,9.00751142958142,14.113058101011962,16.742570624506243,0,0,0,0,0,5,5,1,1
220,1965,9,12,18,23995.75,65.30385359364607,34.198381764309296,421,269,989.7606593117031,1001.7606593117031,12.0,18.805828078254123,12.040316586542758,504.8235856473997,800625,0.01652416919663665,0.12600795904799678,-2.122238732608061,11.824777545083327,12.01371138445105,0,0,0,0,0,4,4,1,1
220,1965,9,12,21,23995.875,65.43212449026029,33.76305574065523,420,269,989.7234161701986,1001.7234161701986,12.0,18.6992461950235,13.652960620485974,490.2284814948658,755000,-0.037243141504441156,-0.283712748357081,-6.70859560247938,4.754357646550188,8.222479649650458,0,0,0,0,0,3,3,1,1
220,1965,9,13,0,23996.0,65.75023763658974,33.61613752892785,419,270,988.8677801704963,1002.8677801704963,14.0,19.19090256888164,15.4920193360337,617.2334607150073,1196875,-0.8556359997023537,-6.501706298705899,-2.2365565935728577,11.790855990257485,12.001102881787366,0,0,0,0,0,5,5,1,1
220,1965,9,13,3,23996.125,65.55890547020591,33.323262169046004,419,269,988.9918482890123,1000.9918482890123,12.0,18.740604101373858,13.960389543690399,491.44442833544383,758750,0.1240681185160065,0.9441797974283713,-4.491506555780075,-7.091722068597914,8.394412012693566,0,0,0,0,0,4,4,1,1
220,1965,9,13,6,23996.25,65.49332548106584,34.49493613008265,421,270,989.9525562730139,1001.9525562730139,12.0,17.707217594118323,6.364509190992612,567.8800079593866,1013125,0.9607079840016377,7.314963605415426,18.013669337991843,-2.4307206939270753,18.176927301125257,0,0,0,0,0,4,4,1,1
220,1965,9,13,9,23996.375,65.73743827839151,35.53767779197438,422,272,991.1228793474323,1001.1228793474323,10.0,16.71309915607962,5.783016625188029,509.1400726331846,814375,1.1703230744184112,8.89380866531239,15.881496036748576,9.048034863875241,18.278097583259658,0,0,0,0,0,5,5,1,1
220,1965,9,13,12,23996.5,65.83572873232515,37.030389605678636,424,274,991.0835335477686,1001.0835335477686,10.0,16.657510853819986,7.251139113958708,531.5073132028516,887500,-0.0393457996637153,-0.2987757544147692,22.647938815640728,3.643133271670397,22.939083517703097,0,0,0,0,0,6,6,1,1
220,1965,9,13,15,23996.625,66.05934220642338,38.11174172300531,425,276,991.7487118809199,997.7487118809199,6.0,16.265064840986973,6.962986489617469,305.45799283636967,293125,0.6651783331512706,5.042298628928649,16.263989200775576,8.288227949695651,18.254097273463312,0,0,0,0,0,5,5,1,1
220,1965,9,13,18,23996.75,66.27403838116452,39.21275703596848,426,278,991.9412196734269,997.9412196734269,6.0,16.411812040878534,6.543211379234562,304.80600064613867,291875,0.19250779250694905,1.456866966126099,16.419847603376645,7.957708467069594,18.24654814930717,0,0,0,0,0,6,6,1,1
220,1965,9,13,21,23996.875,66.62713892899167,39.91173980246239,426,280,992.6072400839048,998.6072400839048,6.0,16.09477116649267,5.342915790709376,311.90296402073676,305625,0.6660204104779405,5.0268116678010735,10.277902687650826,13.087663171264753,16.64097986722236,0,0,0,0,0,7,7,1,1
220,1965,9,14,0,23997.0,66.97636355924918,40.631722565411614,426,282,992.6937678109028,1000.6937678109028,8.0,16.372400094731756,5.524831107966456,434.508401809172,593125,0.08652772699802881,0.6513672580854997,10.43718168922176,12.944002381318935,16.62774666818737,0,0,0,0,0,7,7,1,1
220,1965,9,14,3,23997.125,66.9987761527167,41.42366562500265,427,283,993.0543128310727,1001.0543128310727,8.0,16.083995385651384,5.689343304906725,444.6909227673531,621250,0.3605450201699568,2.7136758846644464,11.469767408733858,0.8307222288449316,11.499811469408987,0,0,0,0,0,7,7,1,1
220,1965,9,14,6,23997.25,66.9987761527167,41.42366562500265,427,283,993.9749656106201,1001.9749656106201,8.0,14.809792224064836,5.917377444376325,483.2803316785781,733750,0.9206527795473812,6.929379429035869,0.0,0.0,0.0,0,0,0,0,0,6,6,1,1
220,1965,9,14,9,23997.375,67.16978902639568,41.797979416677855,427,284,995.6456585734855,1001.6456585734855,6.0,13.18677579512461,5.115852145654571,415.31213511748194,541875,1.6706929628654326,12.55877089780675,5.383099688908345,6.338587981336398,8.315976181896348,0,0,0,0,0,6,6,1,1
220,1965,9,14,12,23997.5,67.35339224600195,42.9833761253769,428,286,996.3965003458419,1002.3965003458419,6.0,12.759542890863928,4.674517942904203,437.01937223683166,600000,0.7508417723563616,5.6365799033923825,16.917401903937996,6.805248845274648,18.234853962274467,0,0,0,0,0,5,5,1,1
220,1965,9,14,15,23997.625,67.68562269958855,43.77242116786546,428,288,997.5020103935249,1003.5020103935249,6.0,11.961864896691122,4.761631378409657,499.2759053045531,783125,1.1055100476829103,8.27918978294724,11.104264660936764,12.314113638550372,16.581377758294433,0,0,0,0,0,4,4,1,1
220,1965,9,14,18,23997.75,67.69023785763612,44.590751391965064,429,289,998.3111129771139,1002.3111129771139,4.0,11.030796080270106,3.8981188183328777,316.9646002738459,315625,0.8091025835891196,6.059187278003191,11.514130134959558,0.17106072018410506,11.51540075441466,0,0,0,0,0,5,5,1,1
220,1965,9,14,21,23997.875,68.33129654739582,46.263672551658274,429,293,999.171045888172,1001.171045888172,2.0,10.808798601825005,3.512109850691268,184.98192550829796,107500,0.8599329110579856,6.410813997043972,22.894631146237348,23.760824660895658,32.99607437087158,0,0,0,0,0,6,6,1,1
220,1965,9,15,0,23998.0,68.48841533709613,46.697156189600285,429,294,999.3435989294817,1001.3435989294817,2.0,10.42761234714639,3.596032913601302,193.39444569737623,117500,0.17255304130972945,1.2849905521147096,5.891607640058554,5.823604098402135,8.284045224364874,0,0,0,0,0,6,6,1,1
220,1965,9,15,3,23998.125,68.81081416151133,46.72266207162281,428,295,999.9330629865652,1001.9330629865652,2.0,9.948886921145904,3.3527503090552635,202.93186424272537,129375,0.5894640570835327,4.380053255799129,0.34170442389661565,11.949704543713452,11.954589101903773,0,0,0,0,0,7,7,1,1
220,1965,9,15,6,23998.25,69.1330267964156,46.74894604455422,427,296,1000.8628269778839,1002.8628269778839,2.0,9.599506094545676,3.161221937460141,223.4611004069437,156875,0.929763991318614,6.893755650065969,0.3470147685519515,11.942803434043936,11.9478438688244,0,0,0,0,0,6,6,1,1
220,1965,9,15,9,23998.375,69.4550560311091,46.776044253358734,426,297,1001.9980434137208,1003.9980434137208,2.0,9.060989544146729,2.6210786153581282,256.22531886097215,206250,1.1352164358369192,8.399224442914997,0.3524842111861164,11.936005709715213,11.941209211025894,0,0,0,0,0,5,5,1,1
220,1965,9,15,12,23998.5,69.7845066056528,45.90222116153016,424,297,1002.3286739185711,1002.3286739185711,0.0,9.283817369862085,2.43764535412447,14.104739588693906,625,0.33063050485041456,2.441044617258539,-11.191721533755073,12.211077489798557,16.563968254949717,0,0,0,0,0,8,8,1,1
220,1965,9,15,15,23998.625,70.10886852359383,45.0,422,297,1003.2243176109233,1003.2243176109233,0.0,9.183492060494022,1.9692850335830008,14.104739588693906,625,0.8956436923521687,6.598885758724239,-11.3775951282663,12.02246655724657,16.552624354550588,0,0,0,0,0,6,6,1,1
220,1965,9,15,18,23998.75,69.94223017081343,43.63607246839709,421,295,1004.0532628423161,1004.0532628423161,0.0,8.786476680985087,1.274902545943114,14.104739588693906,625,0.8289452313928632,6.1139272673981075,-17.337994193015945,-6.176446471195511,18.405285481312102,0,0,0,0,0,7,7,1,1
220,1965,9,15,21,23998.875,69.94733776181872,44.545281138306855,422,296,1004.3943373971944,1004.3943373971944,0.0,8.85056440690403,1.5562107626070791,14.104739588693906,625,0.3410745548781415,2.515530677958888,11.555004068616729,0.18931273572129675,11.55655477803205,0,0,0,0,0,7,7,1,1
220,1965,9,16,0,23999.0,69.94733776181872,44.545281138306855,422,296,,,,8.85056440690403,,0.0,0,0.0,,0.0,0.0,0.0,0,3,0,0,0,7,7,0,0
235,1965,9,10,15,23993.625,39.055155061054016,-177.52177483180998,350,579,1002.9172055558014,1010.9172055558014,8.0,9.193126068118918,13.918805650473296,666.8126590452393,1396875,,,,,,3,0,0,0,0,20,20,1,1
235,1965,9,10,18,23993.75,39.25180746008338,-176.46448039193638,346,578,1000.2424642312883,1010.2424642312883,10.0,11.98382071406624,21.02109879567317,641.4168129169592,1292500,-2.6747413245130156,-29.287624407923207,30.346403234092765,7.288916361515238,31.209493603250284,0,0,0,0,0,18,18,1,1
235,1965,9,10,21,23993.875,39.42960198991386,-175.39990433373674,342,577,998.8605033204699,1010.8605033204699,12.0,14.044109193547957,20.2266354413674,688.3922160048866,1488750,-1.3819609108184523,-15.074884082384116,30.47777581840571,6.589949900768308,31.18208233155111,0,0,0,0,0,22,22,1,1
235,1965,9,11,0,23994.0,39.58839834281893,-174.32871335954448,338,576,996.7094752073937,1010.7094752073937,14.0,15.71878696099072,15.765019694840667,772.0331999850447,1872500,-2.151028113076172,-23.385390308561487,30.597144373300523,5.885782937567456,31.15810784673479,0,0,0,0,0,25,25,1,1
235,1965,9,11,3,23994.125,39.75672466026615,-173.51394355008983,335,575,992.6518670601171,1010.6518670601171,18.0,18.893933449247,29.049792029673917,921.5696203077262,2668125,-4.057608147276624,-43.957230338533094,23.216233142485024,6.239010840297356,24.03994046564109,0,0,0,0,0,23,23,1,1
235,1965,9,11,6,23994.25,39.913965479113934,-172.69424046668917,332,574,990.6867946560302,1010.6867946560302,20.0,21.13418522760369,26.165382067487368,923.7258460449311,2680625,-1.9650724040868226,-21.218273537807804,23.303389657747683,5.828127105769878,24.021137256629448,0,0,0,0,0,23,23,1,1
235,1965,9,11,9,23994.375,39.74182236585896,-171.38435181583588,327,574,989.4043204458778,1011.4043204458778,22.0,22.939923033494864,15.943456092438865,949.323372333083,2831250,-1.2824742101524316,-13.897755826266337,37.33213102905547,-6.380480283584295,37.873454236704816,0,0,0,0,0,26,26,1,1
235,1965,9,11,12,23994.5,40.03126634103745,-169.9920201985587,322,572,987.9768394243528,1011.9768394243528,24.0,24.773380881358207,8.128955264821926,976.4922185042327,2995625,-1.4274810215250182,-15.375922523373015,39.51454415800297,10.728233862560812,40.94501437079444,0,0,0,0,0,24,24,1,1
235,1965,9,11,15,23994.625,40.23182767405182,-169.68323429289686,321,571,985.7866772523569,1011.7866772523569,26.0,26.377972434969628,10.127391373131104,1043.0834001708442,3418125,-2.1901621719959077,-23.49328758222348,8.737644621105858,7.43380090408911,11.472045563297602,0,0,0,0,0,22,22,1,1
235,1965,9,11,18,23994.75,42.41759881734688,-169.23520597130047,321,562,985.5764137733421,1011.5764137733421,26.0,27.05265157100566,21.64584671911369,978.527427503499,3008125,-0.2102634790148295,-2.159651743208581,12.25945243618642,81.01555398016234,81.93786768489716,0,0,0,0,0,22,22,1,1
235,1965,9,11,21,23994.875,41.69153813800434,-169.3887619089633,321,565,984.1444841512514,1012.1444841512514,28.0,28.896626944052628,13.09769744087913,988.6406294822716,3070625,-1.4319296220906836,-14.915651708198448,-4.250084925600977,-26.911421326330572,27.244959527921868,0,0,0,0,0,19,19,1,1
235,1965,9,12,0,23995.0,41.16044464164874,-169.22204647739133,320,567,983.3235129704714,999.3235129704714,16.0,29.477050445287766,21.857317800475286,352.3362819972964,390000,-0.8209711807800341,-8.641925972707492,4.6522081596657685,-19.684967456221163,20.227233733591625,0,0,0,0,0,25,25,1,1
235,1965,9,12,3,23995.125,40.91513711049713,-167.89581462300504,315,567,984.1146109653854,1010.1146109653854,26.0,28.26491363154914,16.460688215886258,896.844074324331,2526875,0.7910979949140164,8.368527885566042,37.14644092783022,-9.09231764392014,38.24301653560714,0,0,0,0,0,20,20,1,1
235,1965,9,12,6,23995.25,41.236556404123945,-166.98502223541072,312,565,985.5828023455969,1011.5828023455969,26.0,27.08333347274845,15.699025558347202,972.306722164286,2970000,1.4681913802115014,15.431433001337009,25.386088108972622,11.913398258993016,28.0425128609028,0,0,0,0,0,20,20,1,1
235,1965,9,12,9,23995.375,41.603116994578365,-166.32869286780416,310,563,987.6789535380059,1013.6789535380059,26.0,25.82657045452401,15.17097255254819,1090.1786723004302,3733750,2.0961511924090157,21.872418052965173,18.190635960068064,13.586559322121719,22.70448922229377,0,0,0,0,0,15,15,1,1
235,1965,9,12,12,23995.5,41.837991053168366,-165.1305433193515,306,561,997.9301388184297,1010.7907984481558,12.860659629726142,15.045914483321342,8.724587356918564,816.6144815976762,2095000,10.251185280423815,106.47595199174728,33.0862271743252,8.705601238541574,34.21236503890884,0,0,0,0,0,18,17,2,0
235,1965,9,12,15,23995.625,42.28649178742981,-163.8451488757247,302,558,999.963718099725,1010.1509387259918,10.187220626266644,13.138174937107934,5.815575559737117,772.1620332274911,1873125,2.033579281295388,20.939733024956023,35.24555228892958,16.623668748744198,38.96915855929717,0,0,0,0,0,17,16,2,0
235,1965,9,12,18,23995.75,48.17217842901423,-161.96224259263244,303,533,995.6873109743017,1007.6873109743017,12.0,17.346341799276495,8.315182533715925,605.5189511055405,1151875,-0.46362775169007364,-4.310672417819523,7.099043346016254,25.497953873879617,26.46775525395212,0,0,0,0,2,15,15,1,1
235,1965,9,12,21,23995.875,49.235689264670654,-161.15798321628827,302,528,995.7837148690465,1007.7837148690465,12.0,17.08265420940091,8.117636679822608,585.3042072335587,1076250,0.09640389474487165,0.8818379729302603,19.464221236583096,39.41900311883635,43.96263999385708,0,0,0,0,0,14,14,1,1
235,1965,9,13,0,23996.0,50.73585093095955,-160.088139125927,301,521,991.0901330688363,1005.0901330688363,14.0,19.987471805009374,9.006693907904555,622.0493994789887,1215625,-4.693581800210231,-42.0002077259745,25.09649964165067,55.603455479324424,61.00474207391246,0,0,0,0,0,12,12,1,1
235,1965,9,13,3,23996.125,51.85337929116833,-159.50416048103855,301,516,988.8487708948746,1002.8487708948746,14.0,21.126639408048447,9.465529333146987,550.6270667067326,952500,-2.2413621739616794,-19.745634783405666,13.369656208462647,41.4211613455429,43.52539849726802,0,0,0,0,0,11,11,1,1
235,1965,9,13,6,23996.25,52.603758687846245,-159.46441025241896,302,513,986.6324455914757,1000.6324455914757,14.0,22.414395847808517,12.32233023725552,514.5814187950639,831875,-2.2163253033989165,-19.32791976166127,0.8947950839256649,27.81279398972995,27.827183971026894,0,0,0,0,0,11,11,1,1
235,1965,9,13,9,23996.375,53.047286632598464,-159.21634544156,302,511,985.842995771094,997.842995771094,12.0,22.195240234092914,11.014821578816628,422.2008245644752,560000,-0.7894498203817056,-6.844262700555878,5.527333020416884,16.439352427178,17.34369391287664,0,0,0,0,0,12,12,1,1
235,1965,9,13,12,23996.5,53.22890230220482,-157.96769340056093,299,509,986.497113450383,996.497113450383,10.0,20.556575186317197,5.0893524203325065,504.0347983130112,798125,0.6541176792890474,5.657516887856234,27.70451602992365,6.731580353127095,28.5106012301197,0,0,0,0,0,13,13,1,1
235,1965,9,13,15,23996.625,54.22978100988721,-156.9451276954176,298,504,985.5316041646734,993.5316041646734,8.0,20.121994251167038,5.536477283971835,403.15875983611977,510625,-0.9655092857097043,-8.244405198870682,22.154524224717548,37.097544826948116,43.2093829603134,0,0,0,0,0,15,15,1,1
235,1965,9,13,18,23996.75,54.879538780194316,-156.50883783602546,298,501,985.847777947498,989.847777947498,4.0,18.72172009043615,5.695360175766691,210.62867892778948,139375,0.31617378282462594,2.6780749800336805,9.303161026894209,24.083255868676833,25.817668723734148,0,0,0,0,0,17,17,1,1
235,1965,9,13,21,23996.875,55.525885079652255,-156.05670559070478,298,498,987.1358094778257,989.1358094778257,2.0,16.525624642102457,4.720554317035639,142.4508871303252,63750,1.2880315303277166,10.824768442827922,9.485731802849351,23.95680978506922,25.766409197122826,0,0,0,0,0,17,17,1,1
235,1965,9,14,0,23997.0,56.23819267952351,-156.80140948635182,301,496,,,,13.556349195785389,,0.0,0,0.9583874649598146,,-15.33974402615174,26.401663772015162,30.53449846842741,0,2,2,0,0,13,15,0,0
236,1965,9,7,0,23990.0,22.054957104830187,136.9896239805233,554,568,1001.4584055827429,1007.4584055827429,6.0,8.110382536070118,2.686866543387514,425.72020323904735,569375,,,,,,3,0,0,0,0,16,16,1,1
236,1965,9,7,3,23990.125,22.265070364023863,136.56740384521854,555,566,1000.72860798842,1006.72860798842,6.0,8.143885505468255,3.7507964957450897,417.9384524584394,548750,-0.7297975943228812,-13.344661342813895,-14.482755401939707,7.787842814363296,16.44386510932402,0,0,0,0,0,16,16,1,1
236,1965,9,7,6,23990.25,22.462092537764903,136.42852635367,555,565,999.6764428956853,1005.6764428956853,6.0,8.201095153274643,2.8815831732636434,472.45614366455555,701250,-1.052165092734649,-19.079156999615346,-4.756963488024762,7.302622052162272,8.715330771871336,0,0,0,0,0,16,16,1,1
236,1965,9,7,9,23990.375,22.666097883120745,136.00257380376007,556,563,999.405202006516,1005.405202006516,6.0,8.57843517652509,3.174414648807724,431.29147886163094,584375,-0.27124088916927575,-4.8765089499430765,-14.56855584781251,7.561453137313456,16.413969447961684,0,0,0,0,0,17,17,1,1
236,1965,9,7,12,23990.5,22.485064336838736,135.28576211687655,559,561,998.2227274168732,1008.2227274168732,10.0,10.593404655658876,5.046648769951498,963.7780017307275,2918125,-1.1824745896428066,-21.421318070578785,-24.54881895517304,-6.710003966344062,25.449335262875064,0,0,0,0,0,22,22,1,1
236,1965,9,7,15,23990.625,22.868480359327254,134.71280551549285,560,558,997.2134248244064,1007.2134248244064,10.0,11.623633336308439,4.367912716320716,707.9118074030165,1574375,-1.0093025924668473,-17.99368321361753,-19.567397390938552,14.211305498319698,24.18355318437472,0,0,0,0,0,22,22,1,1
236,1965,9,7,18,23990.75,22.67184879328268,134.2838400545296,562,557,996.296488294179,1004.296488294179,8.0,11.732133022477887,6.948850662239639,400.18703313103447,503125,-0.9169365302273945,-16.4811979149752,-14.67098919258685,-7.288144187443645,16.381543565426572,0,0,0,0,0,23,23,1,1
236,1965,9,7,21,23990.875,23.049050653045597,133.99238917301773,562,555,995.4256639236855,1007.4256639236855,12.0,12.613155673763222,6.325170318971796,1174.2566321773143,4331875,-0.8708243704935011,-15.409846849544937,-9.940245156609008,13.980977708843001,17.154480798574284,0,0,0,0,0,21,21,1,1
236,1965,9,8,0,23991.0,23.22793315868374,133.55708648817665,563,553,995.6737334318365,1009.6737334318365,14.0,13.644970555048387,7.716666049104387,1688.1552652938208,8953125,0.24806950815094753,4.357808568409753,-14.826667800268941,6.630275697475998,16.24163273455205,0,0,0,0,0,17,17,1,1
236,1965,9,8,3,23991.125,23.598949009745304,133.25990392035337,563,551,994.8963487692444,1006.8963487692444,12.0,14.053804399124003,7.964418394070671,906.4421623644333,2581250,-0.777384662592085,-13.453523387205426,-10.093873748294317,13.75169344758637,17.05858610562127,0,0,0,0,0,17,17,1,1
236,1965,9,8,6,23991.25,23.967122903098687,132.95979170891238,563,549,992.134931879426,1004.134931879426,12.0,15.42731986194226,10.519088141012835,501.6609948601341,790625,-2.761416889818356,-47.09767295573235,-10.16455412476511,13.646356354623672,17.01591026988146,0,0,0,0,0,19,19,1,1
236,1965,9,8,9,23991.375,24.332446260140344,132.65672303157436,563,547,991.5328943340152,1005.5328943340152,14.0,16.395722563636404,10.513788769442545,918.0007754199263,2647500,-0.602037545410858,-10.12313245914327,-10.23538402918587,13.54070129593041,16.973911682653608,0,0,0,0,0,19,19,1,1
236,1965,9,8,12,23991.5,24.71145411033016,132.64468886848513,562,546,988.8098781488875,1006.8098781488875,18.0,20.537497572120692,14.035904058685048,989.043006637508,3073125,-2.7230161851276353,-45.12778083731206,-0.4051991334000638,14.047916699855952,14.053759281551677,0,0,0,0,0,19,19,1,1
236,1965,9,8,15,23991.625,25.252769006154637,132.18201583710052,562,543,987.4488885226211,1007.4488885226211,20.0,21.68028269925237,15.164191452569357,1131.8998594795203,4025000,-1.3609896262663823,-22.10252589097994,-15.510108047873361,20.06382337760328,25.35981979794742,0,0,0,0,0,19,19,1,1
236,1965,9,8,18,23991.75,25.78761791970594,131.71247117330728,562,540,985.8319667404861,1003.8319667404861,18.0,22.855395397255354,16.669411308861235,523.5879959240755,861250,-1.6169217821350321,-25.75039593300768,-15.670471393941265,19.8241619027531,25.269765904236213,0,0,0,0,0,18,18,1,1
236,1965,9,8,21,23991.875,26.33963020335542,131.53632308331967,561,538,985.4415142681767,1005.4415142681767,20.0,23.109249937514342,16.056543887088118,824.7353745529457,2136875,-0.39045247230940733,-6.09688517041418,-5.851089628737595,20.460321795766397,21.280507931669163,0,0,0,0,0,15,15,1,1
236,1965,9,9,0,23992.0,26.71401800654114,131.51804172069552,560,537,981.2996183651951,1007.2996183651951,26.0,28.06219547430908,22.72056116158412,1256.668183264513,4961250,-4.1418959029816325,-63.83425829606248,-0.6052723896736756,13.876674770617894,13.88986887465841,0,0,0,0,0,19,19,1,1
236,1965,9,9,3,23992.125,27.237613588675767,131.0338397517609,560,534,980.2563787152347,1006.2563787152347,26.0,28.727308723588386,24.44735701180616,1014.8553717074309,3235625,-1.0432396499603056,-15.792145721729206,-15.956898241928034,19.407057448958298,25.124818015866577,0,0,0,0,0,19,19,1,1
236,1965,9,9,6,23992.25,27.609954674811323,131.01264189191826,559,533,979.0037459671976,1007.0037459671976,28.0,28.903242305051332,24.853079919098526,1564.4820488182295,7689375,-1.2526327480371402,-18.725848040133013,-0.6962252634199729,13.8008132531995,13.818363726111395,0,0,0,0,0,17,17,1,1
236,1965,9,9,9,23992.375,28.17982681459702,131.13453883014824,557,532,977.1548325173084,1005.1548325173084,28.0,30.946071738330588,31.475632946651682,936.1340210673623,2753125,-1.8489134498892235,-27.125267309587812,3.982574633587206,21.12229692674949,21.494472037569643,0,0,0,0,0,16,16,1,1
236,1965,9,9,12,23992.5,28.770828242728346,131.5694808332194,554,532,977.1362662354045,1005.1362662354045,28.0,31.83422647572405,33.48445489799007,693.861443555544,1512500,-0.018566281903913476,-0.2672532397085592,14.130985030738959,21.905453482630634,26.067865854700557,0,0,0,0,0,15,15,1,1
236,1965,9,9,15,23992.625,29.53047221268769,131.84639620398906,551,531,976.6700585145743,1006.6700585145743,30.0,32.31024226764616,34.433675677504795,966.6635710671477,2935625,-0.46620772083013434,-6.55319757914402,8.930518886924004,28.156185171870238,29.538532986970626,0,0,0,0,0,14,14,1,1
236,1965,9,9,18,23992.75,30.459541877464606,131.962012770343,548,529,973.6631847908793,1005.6631847908793,32.0,34.73361954778225,39.50835048127563,979.9495588451089,3016875,-3.0068737236950254,-41.094904202442905,3.6938958806332085,34.43594440751793,34.63349728246664,0,0,0,0,0,13,13,1,1
236,1965,9,9,21,23992.875,31.417034655308814,132.7288364255071,543,529,971.9983883910355,1005.9983883910355,34.0,36.31968554612507,39.692276120427266,976.3903466956508,2995000,-1.6647963998437627,-22.12710170419864,24.25542392347123,35.48944639836061,42.98635126838997,0,0,0,0,0,14,14,1,1
236,1965,9,10,0,23993.0,32.72144128368832,133.50998334215925,537,528,977.9785002311266,1007.9785002311266,30.0,30.766884007248436,48.5219598437909,1457.8461240176885,6676875,5.980111840091122,76.6460680703447,24.358512429426057,48.347799785778385,54.13729649604066,0,0,0,0,0,20,20,1,1
236,1965,9,10,3,23993.125,34.18767750577293,134.4914709317679,530,527,977.8119621798594,1007.8119621798594,30.0,30.662323301606026,45.40405138760158,1419.892686655081,6333750,-0.16653805126727092,-2.0533870785584334,30.092490796070827,54.346009719431265,62.121226442626885,0,0,0,0,0,19,19,1,1
236,1965,9,10,6,23993.25,35.80654373178127,135.0,524,524,977.9063821798502,1007.9063821798502,30.0,29.76054689644423,34.601132876455885,1910.8148361908186,11470625,0.09441999999078689,1.1181276996945373,15.286155167259423,60.003237082783464,61.91974644820708,0,0,0,0,0,21,21,1,1
236,1965,9,10,9,23993.375,36.87308739361701,135.70950898827468,519,523,978.0896595781769,1004.0896595781769,26.0,29.906381174112344,41.05749545571641,717.9575697343654,1619375,0.18327739832675433,2.1161480293544033,21.03741978227791,39.53141474701487,44.78064071667893,0,0,0,0,0,18,18,1,1
236,1965,9,10,12,23993.5,39.132387491281186,137.40131925597254,508,521,979.246383635602,1005.246383635602,26.0,30.25842041764038,38.62769121332138,771.9043452399288,1871875,1.1567240574250173,12.698204304690666,48.640402543322956,83.74090287593732,96.84228195397745,0,0,0,0,0,14,14,1,1
236,1965,9,10,15,23993.625,40.80795121188122,139.0041729407094,499,520,979.6530926896297,1007.6530926896297,28.0,29.811465998418573,26.60772523706066,1465.1287639494144,6743750,0.40670905402774227,4.311633344174561,44.966859965504796,62.104728333467996,76.67474014648619,0,0,0,0,0,18,18,1,1
236,1965,9,10,18,23993.75,42.272205475250985,140.49607624514675,491,519,980.5920078572656,1006.5920078572656,26.0,28.674787882346354,22.6133214646914,1448.056067711372,6587500,0.9389151676358597,9.670645871982304,40.91717231848997,54.27254846812791,67.96855528673751,0,0,0,0,0,16,16,1,1
236,1965,9,10,21,23993.875,44.184345818374986,142.35237935989238,481,517,981.2458421543779,1007.2458421543779,26.0,28.957586161118588,13.848846636363815,1765.1787157060276,9788750,0.6538342971123348,6.499421866867858,49.338250696546595,70.87343506259172,86.3556991713152,0,0,0,0,0,20,20,1,1
236,1965,9,11,0,23994.0,46.42081331042642,144.00593165639603,471,513,978.7492471268192,1008.7492471268192,30.0,31.755700403003353,13.61245039539557,1916.0654085318424,11533750,-2.496595027558651,-23.87684245537047,42.249111185865736,82.89461290719979,93.04033665582976,0,0,0,0,0,23,23,1,1
236,1965,9,11,3,23994.125,47.574154760011304,144.46232220802563,467,510,974.9903012494816,1004.9903012494816,30.0,34.41550823104365,23.72192345791831,789.9913421038832,1960625,-3.7589458773376827,-35.281043455500054,11.41218699756463,42.74857262757326,44.245660507695995,0,0,0,0,0,22,22,1,1
236,1965,9,11,6,23994.25,48.049657197848546,144.78993109998638,465,509,971.5180906500171,1005.5180906500171,34.0,36.48016975797255,39.17152673154997,906.5518944830321,2581875,-3.472210599464452,-32.345554944543885,8.11729955571553,17.624486231540487,19.40394462481739,0,0,0,0,0,22,22,1,1
236,1965,9,11,9,23994.375,48.398217993666094,146.00354085174953,461,510,971.4953766441268,1005.4953766441268,34.0,36.347709356718106,30.096969894044378,866.9539888318617,2361250,-0.02271400589030236,-0.21044663879737907,29.865738925181606,12.919397374033833,32.540331744702605,0,0,0,0,0,25,25,1,1
236,1965,9,11,12,23994.5,48.72648387986974,147.23611150941633,457,511,974.0094230854511,1006.0094230854511,32.0,34.37967452129414,22.303180246903068,822.077658803571,2123125,2.514046441324317,23.175279643557328,30.13611305214957,12.167167045441595,32.49961944090453,0,0,0,0,0,23,23,1,1
236,1965,9,11,15,23994.625,49.44218044364829,148.14886769523707,453,510,975.4912038018768,1005.4912038018768,30.0,32.59673881785467,22.001465699934634,807.0573737991506,2046250,1.4817807164257102,13.51243873898727,21.997477700240456,26.527275636373087,34.46136065016425,0,0,0,0,0,21,21,1,1
236,1965,9,11,18,23994.75,49.611522520932056,149.14760538700168,450,511,976.5720696946124,1004.5720696946124,28.0,31.502829080989525,22.91947722697456,736.8292201197154,1705625,1.080865892735601,9.83164889057602,23.986378431182885,6.276659953801615,24.79400755060731,0,0,0,0,0,21,21,1,1
236,1965,9,11,21,23994.875,49.795067803768056,150.88205067575026,445,513,978.8598194909137,1004.8598194909137,26.0,29.879703035812835,17.20793664902667,733.0394782097426,1688125,2.2877497963012137,20.75311745311258,41.497951965225596,6.803101420301328,42.051898961201225,0,0,0,0,0,18,18,1,1
236,1965,9,12,0,23995.0,50.15737751895675,153.21429864474658,438,515,980.7067954507912,1002.7067954507912,22.0,27.8109225358777,11.911251345751444,669.1952040509709,1406875,1.8469759598775999,16.665936381702185,55.38123588652353,13.429000734339365,56.98613295391826,0,0,0,0,0,23,23,1,1
236,1965,9,12,3,23995.125,50.231539725003586,155.7196690856149,431,518,981.8572894419522,1009.8572894419522,28.0,26.533444355544002,14.142862587266208,1258.4874363469917,4975625,1.150493991160911,10.370134334758353,59.3994651007017,2.7488203537253217,59.46303446332463,0,0,0,0,0,19,19,1,1
236,1965,9,12,6,23995.25,50.84571060300909,158.60229393238427,422,519,982.925543887797,1010.925543887797,28.0,25.77942087625794,9.090260859252957,1303.9829842670636,5341875,1.0682544458447956,9.544262627136993,67.45844692889176,22.764228575682083,71.19587182347027,0,0,0,0,0,19,19,1,1
236,1965,9,12,9,23995.375,51.27649464139791,161.24436919257727,414,520,983.8277624324865,1011.8277624324865,28.0,25.628113411196548,8.14040941158317,1303.448893323395,5337500,0.902218544689531,8.012000823131382,61.25709183341419,15.966999849430724,63.30384177977716,0,0,0,0,0,14,14,1,1
236,1965,9,12,12,23995.5,51.1614169854666,164.12405349477743,406,523,986.3251277700762,1012.3251277700762,26.0,23.337716174428195,6.53140917801211,1359.407162323257,5805625,2.4973653375897267,22.213253177399064,66.93255166042727,-4.265350503236659,67.06832103676986,0,0,0,0,0,16,16,1,1
236,1965,9,12,15,23995.625,51.978765545939886,167.34059321498006,396,522,986.7575180927255,1010.7575180927255,24.0,22.378313320215725,2.783164447774543,1173.1548791132248,4323750,0.43239032264929844,3.802684017180478,73.42858361688548,30.29500440828775,79.4326392868833,0,0,0,0,0,14,14,1,1
236,1965,9,12,18,23995.75,52.391574908463774,170.39479584498707,387,522,987.6195396829504,1007.6195396829504,20.0,21.307362110582456,3.7097911649496376,956.4219965165316,2873750,0.8620215902249038,7.538830348357394,69.07889427480094,15.30076892801014,70.75314243210323,0,0,0,0,0,13,13,1,1
236,1965,9,12,21,23995.875,52.36854103656832,172.50867489562285,381,523,987.9458961556987,1007.9458961556987,20.0,21.426540129288412,4.9247995973065555,941.537589808212,2785000,0.3263564727483026,2.85504271102063,47.83778258553617,-0.8537498985853316,47.84540031800719,0,0,0,0,0,12,12,1,1
236,1965,9,13,0,23996.0,52.219109555615134,173.58336296320985,378,524,988.4403806339246,1004.4403806339246,16.0,20.08372695852405,4.1280673112421935,745.5525727595905,1746250,0.4944844782259315,4.334596401578853,24.40338020145853,-5.538674187658614,25.024025995310463,0,0,0,0,0,13,13,1,1
236,1965,9,13,3,23996.125,51.18384883241414,176.11862396779054,371,529,988.7574417602799,1002.7574417602799,14.0,19.292882530614598,1.734356971694069,707.6307226957261,1573125,0.3170611263552564,2.8192672299262522,58.899300338162185,-38.37191339144252,70.29602632898532,0,0,0,0,0,12,12,1,1
236,1965,9,13,6,23996.25,51.01726938810813,178.1523897340054,365,530,987.9919437579691,999.9919437579691,12.0,19.199925559387804,1.2990619794827944,605.0259243299904,1150000,-0.7654980023107782,-6.822697528257217,47.41993774797865,-6.174263030032871,47.82020514370679,0,0,0,0,0,12,12,1,1
236,1965,9,13,9,23996.375,51.024256596619594,-178.48814565717325,355,530,987.3246162075624,999.3246162075624,12.0,18.822053972528018,7.495036126515768,585.1342335963944,1075625,-0.6673275504067715,-5.9471412731929005,-78.31425827778692,0.2589807126275545,78.3146864937186,0,0,0,0,0,13,13,1,1
236,1965,9,13,12,23996.5,51.00888611266655,-177.8167606998175,353,530,986.2577993089974,996.2577993089974,10.0,18.906740229536325,6.90235808499965,498.2787485166879,780000,-1.0668168985650117,-9.509405692483286,15.657500595005883,-0.5697066118832277,15.667861708166596,0,0,0,0,0,14,14,1,1
236,1965,9,13,15,23996.625,50.9293196098281,-175.806931373583,347,530,984.9981623305663,992.9981623305663,8.0,18.660651088652642,7.204291111917629,422.43636200235846,560625,-1.259636978431081,-11.240815339831903,46.95069649974366,-2.949130482162176,47.043227699764174,0,0,0,0,0,16,16,1,1
236,1965,9,13,18,23996.75,50.82483150962627,-174.13972301852914,342,530,985.0565145145057,993.0565145145057,8.0,17.803161843860682,6.174042400851468,443.7952704527398,618750,0.05835218393942341,0.5214992635209942,39.034688641208774,-3.872848879057177,39.22634160556051,0,0,0,0,0,19,19,1,1
236,1965,9,13,21,23996.875,50.98234895707538,-173.1039158053465,339,529,983.9852750150891,989.9852750150891,6.0,18.318960381693383,6.488084299492039,360.70648175160983,408750,-1.0712394994165515,-9.552410543967147,24.169966630499694,5.838380338113949,24.86511556160446,0,0,0,0,0,18,18,1,1
236,1965,9,14,0,23997.0,50.92234651719238,-172.43857157233305,337,529,984.0183027557215,1014.0183027557215,30.0,17.570452324117007,4.7837548092941145,1796.5695772509446,10140000,0.03302774063238758,0.29476383076902973,15.545557683213092,-2.223988967094907,15.703836811679668,0,0,2,0,0,15,15,1,3
236,1965,9,14,3,23997.125,51.02146158819441,-171.06229918358977,333,528,983.8408629931961,1015.8408629931961,32.0,16.55960867888425,4.590154431775227,1986.8667342616613,12401875,-0.17743976252546417,-1.58138381560579,32.08726077918721,3.673697683147143,32.29687847112669,0,0,0,0,0,16,16,1,3
236,1965,9,14,6,23997.25,51.13899592589507,-170.01153510908233,330,527,983.8465729434594,1015.8465729434594,32.0,16.014664409254465,3.224079182061614,1975.7714611478884,12263750,0.005709950263262726,0.05080416266370606,24.436148887072584,4.3564073529469995,24.82143544310017,0,0,0,0,0,18,18,1,4
236,1965,9,14,9,23997.375,51.66311138816336,-168.48926538252684,326,524,983.9277848705417,1009.9277848705417,26.0,15.923835830310484,4.088269577059327,1547.3484336563308,7521875,0.08121192708233138,0.717324205829374,34.997591946143366,19.426326793400555,40.02766062003563,0,0,0,0,0,18,18,1,4
236,1965,9,14,12,23997.5,52.15747067886532,-166.92767650231926,322,521,982.6764628121356,1012.6764628121356,30.0,16.641255828252763,4.478597473276823,1754.4958087941166,9670625,-1.2513220584060765,-10.9781121874901,35.50846810758587,18.323415021887012,39.95746295013933,0,0,0,0,0,13,13,1,2
236,1965,9,14,15,23997.625,52.68051020746566,-165.6664497441522,319,518,983.2011335297408,1013.2011335297408,30.0,15.805881897723078,4.036101326224816,1809.6441356782311,10288125,0.5246707176051859,4.5708221061283885,28.34063093872394,19.38644733830615,34.33694369634365,0,0,0,0,0,15,15,1,3
236,1965,9,14,18,23997.75,53.4112841188392,-164.2752542772526,316,514,984.873708659204,1010.873708659204,26.0,14.795404274691649,3.880035481252271,1652.3628683619904,8577500,1.672575129463221,14.431980298874787,30.735472359864783,27.086117156312856,40.96738951641314,0,0,0,0,0,15,15,1,3
236,1965,9,14,21,23997.875,53.960158884121576,-163.28340917873345,314,511,986.9040148709024,1011.9841081176356,25.08009324673316,13.651135620203325,3.3671396244422795,1700.3671618045157,9083125,2.03030621169848,17.39578721748377,21.629080624775288,20.344029754207714,29.693377633962736,0,0,0,1,0,17,15,2,0
236,1965,9,15,0,23998.0,60.180647657939296,-169.71462202505253,336,489,985.8517461016969,1011.8517461016969,26.0,15.79537848878787,5.551153859787956,1762.866758308217,9763125,-0.13236201593870647,-1.0569773413619277,-39.18782135293862,8.471573569404265,40.09305302831977,0,0,0,0,2,15,15,1,3
236,1965,9,15,3,23998.125,59.93807350005802,-172.41962706187638,342,491,986.2112748803563,1010.2112748803563,24.0,15.440197347866812,3.9655974886069445,1688.6854925796677,8958750,0.3595287786594417,2.878027835229551,-50.2207955617001,-8.991005230491576,51.01927559172909,0,0,0,0,0,17,17,1,2
236,1965,9,15,6,23998.25,59.99591958263962,-173.2775234881655,344,491,986.8801470515717,1010.8801470515717,24.0,15.484134368115985,4.337592455056656,1748.7033161265244,9606875,0.6688721712153347,5.351197408429344,-15.900804748742397,2.1440636364455257,16.044706308772273,0,0,0,0,0,14,14,1,2
236,1965,9,15,9,23998.375,59.1641457949557,-175.14888390469847,348,495,987.3534610182585,1011.3534610182585,24.0,16.101782771113847,3.543515165624194,1732.0712102226707,9425000,0.4733139666868374,3.8190836724856463,-35.55239134703929,-30.829675102126775,47.05785160199868,0,0,0,0,0,12,12,1,2
236,1965,9,15,12,23998.5,58.51796673148067,-176.48805734830106,351,498,988.5401816102137,1009.4370493146837,20.896867704469916,15.501388754448886,3.9104467239979566,1621.7383989391046,8262500,1.1867205919552362,9.640951213415116,-25.921262246509375,-23.950611187451983,35.29225995462479,0,0,0,0,0,16,17,2,0
236,1965,9,15,15,23998.625,58.29850624985339,-176.92254460057563,352,499,988.5631882377161,1004.1193800893975,15.55619185168136,15.743768478575667,4.009757606890344,1071.5889670988709,3607500,0.02300662750232732,0.18734729228570887,-8.462674300552273,-8.134297385308113,11.738128056460209,0,0,0,0,0,15,16,2,0
236,1965,9,15,18,23998.75,57.853686715663116,-177.77407610488595,354,501,988.8418959836912,1004.716114226963,15.874218243271752,15.9107111989444,3.4226620521279254,1068.4282050407596,3586250,0.27870774597511627,2.2805738882725954,-16.793494619024145,-16.487225158118513,23.53401909860891,0,0,0,0,0,15,16,2,0
236,1965,9,15,21,23998.875,57.62839276203016,-178.19126067750796,355,502,990.0808955608061,1006.0808955608061,16.0,15.669017614204497,3.843716539197485,1114.5422068420035,3902500,1.2389995771148825,10.163519378646106,-8.278971606720853,-8.350514882559445,11.75893148499203,0,0,0,0,0,18,18,1,2
236,1965,9,16,0,23999.0,54.925364239729504,-174.97388958430176,346,513,991.2173610501285,1005.2173610501285,14.0,14.456916783413899,2.0644558333609893,1004.4119650441006,3169375,1.136465489322436,9.620752201158322,68.5211714092761,-100.18768608512384,121.37843043304983,0,0,1,0,0,17,17,1,1
236,1965,9,16,3,23999.125,54.96359167855211,-175.7154863812294,348,513,991.6071304166943,1003.6071304166943,12.0,14.75446627289129,1.3670809814483074,860.5047197633742,2326250,0.3897693665657425,3.29804950090377,-15.780279542703077,1.416899085230007,15.843762983066203,0,0,0,0,0,13,13,1,1
236,1965,9,16,6,23999.25,54.32606781697963,-177.62167002664452,353,516,992.7982388555928,1004.7982388555928,12.0,14.496496434096983,0.8875497597144569,900.3863011920728,2546875,1.1911084388985183,10.158493434213396,-41.201370579345195,-23.629806340569292,47.496533403074174,0,0,0,0,0,14,14,1,1
236,1965,9,16,9,23999.375,54.96359167855211,-175.7154863812294,348,513,994.0156932848629,1004.0156932848629,10.0,14.35009355300631,1.4949738204736058,760.6104246846999,1817500,1.2174544292701466,10.301540647500428,40.56020956727462,23.629806340569292,46.94143529797576,0,0,0,0,0,17,17,1,1
236,1965,9,16,12,23999.5,55.465425803774046,-176.41189332611077,350,511,996.73236165561,1004.73236165561,8.0,12.429259776591746,1.3762796973800142,728.6842106772561,1668125,2.716668370747066,22.847766973339372,-14.633024134681701,18.600469580596062,23.666492430118506,0,0,0,0,0,17,17,1,1
236,1965,9,16,15,23999.625,55.4793697817304,-176.7887519818884,351,511,997.7596504032206,1003.7596504032206,6.0,11.969429555229492,1.44693341865197,603.3795922325436,1143750,1.0272887476105825,8.638273478547946,-7.91584253500104,0.5168332019969614,7.9326968678765315,0,0,0,0,0,18,18,1,1
236,1965,9,16,18,23999.75,53.62702204034089,-178.02506598911802,354,519,999.5902994800496,1005.5902994800496,6.0,10.69892531804093,1.4958611176669365,619.4855579675225,1205625,1.830649076828995,15.75201818777073,-27.175056565883757,-68.65722374134015,73.83967816308129,0,0,0,0,0,19,19,1,1
236,1965,9,16,21,23999.875,53.62702204034089,-178.02506598911802,354,519,1001.4360482878853,1007.4360482878853,6.0,9.863539544989404,1.4607654838699817,640.4856484101422,1288750,1.845748807835771,15.881945458081423,0.0,0.0,0.0,0,0,0,0,0,16,16,1,1
236,1965,9,17,0,24000.0,53.37150611093661,-177.32457334397085,352,520,1002.4729903075876,1006.4729903075876,4.0,8.811395394561158,1.7999972734940095,458.7836224616476,661250,1.0369420197022554,8.951972907583373,15.490531281795311,-9.470691675541818,18.156281563289774,0,0,0,0,0,17,17,1,1
236,1965,9,17,3,24000.125,53.595924100218056,-176.9495055058586,351,519,1002.9469525686925,1006.9469525686925,4.0,8.4100211734808,1.4111974521177035,437.7016823669622,601875,0.4739622611048981,4.079891183542936,8.250424735050212,8.318047285290001,11.71577649791292,0,0,0,0,0,15,15,1,1
236,1965,9,17,6,24000.25,55.24452320854654,-176.80976570746765,351,512,1004.4474870551414,1008.4474870551414,4.0,8.384660522251265,0.8641717136849185,479.14612114683666,721250,1.500534486448887,12.653485173633484,2.9526772767426954,61.105285638956666,61.17658241614251,0,0,0,0,0,21,21,1,1
236,1965,9,17,9,24000.375,55.465425803774046,-176.41189332611077,350,511,1005.4421277238653,1009.4421277238653,4.0,8.265803530357143,1.1931302169477567,474.9759276350346,708750,0.9946406687238778,8.365142564294768,8.360187364607093,8.187749290638338,11.701793504317392,0,0,0,0,0,19,19,1,1
236,1965,9,17,12,24000.5,55.93446375903399,-176.36401982153015,350,509,1005.8146104902305,1011.8146104902305,6.0,8.211559403806753,1.5517642696551774,879.7106972092251,2431250,0.37248276636528316,3.1152153133622438,0.9939307923740542,17.384880342881242,17.413269737654897,0,0,0,0,0,20,20,1,2
236,1965,9,17,15,24000.625,56.182935514798416,-176.72401818676587,351,508,1006.050957871219,1014.050957871219,8.0,8.340596288005234,1.9003837574646605,1090.8171905918896,3738125,0.23634738098844538,1.9709024239683988,-7.426129935650369,9.20959955182321,11.83064367336388,0,0,0,0,0,19,19,1,2
236,1965,9,17,18,24000.75,56.440953233834236,-177.47673376649706,353,507,1006.2676727443843,1012.2412517416343,5.973578997250006,8.484638477449074,2.246740365296064,849.6861835999277,2268125,0.21671487316532875,1.8017698549706322,-15.422592894173892,9.563420447061695,18.147048857230224,0,0,0,0,0,13,14,2,0
236,1965,9,17,21,24000.875,56.675142785613275,-177.45953259538967,353,506,1007.0560384211437,1014.344604847536,7.288566426392208,8.645082936451763,2.261544893006503,987.7346815584225,3065000,0.788365676759422,6.536811454745362,0.3502666795728663,8.680230010330638,8.68729415750748,0,0,0,0,0,11,12,2,0
236,1965,9,18,0,24001.0,56.440953233834236,-177.47673376649706,353,507,1006.3599084067982,1014.1460331210579,7.786124714259786,10.875496136088039,3.1875980893750238,754.834217738561,1790000,-0.6961300143455447,-5.787632646842905,-0.3524412015995339,-8.680230010330638,8.687382104686632,0,0,0,0,0,15,14,2,0
236,1965,9,18,3,24001.125,56.206607487633775,-177.49370371801191,353,508,1006.7530248891476,1013.3556089365089,6.602584047361306,10.758216248774014,2.931526288043169,669.0465435572892,1406250,0.39311648234943275,3.277294284401179,-0.349844565226306,-8.686019352741695,8.693061797549909,0,0,0,0,0,13,12,2,0
236,1965,9,18,6,24001.25,55.98152011589208,-177.89307870931185,354,509,1007.4774732028144,1009.4774732028144,2.0,10.230412257277283,3.1448733348437243,211.1004122822376,140000,0.7244483136667986,6.055476536913095,-8.28158052279227,-8.342857929811286,11.755333019209084,0,0,0,2,0,15,15,1,1
236,1965,9,18,9,24001.375,56.206607487633775,-177.49370371801191,353,508,1010.4101128189368,1012.4101128189368,2.0,8.465392159982768,2.8624782733143364,236.438520044912,175625,2.932639616122324,24.44853747847448,8.233316110162662,8.342857929811286,11.7213810025474,0,0,0,0,0,13,13,1,1
236,1965,9,18,12,24001.5,55.98152011589208,-177.89307870931185,354,509,1011.0984168201762,1013.0984168201762,2.0,8.463482163626894,2.5206750105894753,238.949442004407,179375,0.6883040012394486,5.75335555503261,-8.28158052279227,-8.342857929811286,11.755333019209084,0,0,0,0,0,14,14,1,1
236,1965,9,18,15,24001.625,55.98152011589208,-177.89307870931185,354,509,,,,8.463482163626894,,0.0,0,0.0,,0.0,0.0,0.0,0,3,0,0,0,14,14,0,0
250,1965,9,13,15,23996.625,72.65998066032246,117.39536666333599,428,395,1003.0585534458438,1005.0585534458438,2.0,7.547583110366038,6.019434751006411,148.60265258063356,69375,,,,,,3,0,0,0,0,12,12,1,1
250,1965,9,13,18,23996.75,73.54542935249614,119.89042487765953,423,396,1002.2961611412477,1006.2961611412477,4.0,9.137914284831536,7.873507677046292,223.4611004069437,156875,-0.7623923045961419,-5.50757355745996,26.193313800866385,32.81913412459101,41.990299505463774,0,0,0,0,0,12,12,1,1
250,1965,9,13,21,23996.875,74.51575535379938,121.96134341697704,418,396,1001.8431214620426,1007.8431214620426,6.0,9.906315995929985,7.609586680642097,299.5389777108415,281875,-0.4530396792051033,-3.256966128304841,20.491452555057798,35.965109512073674,41.3931000292517,0,0,0,0,0,13,13,1,1
250,1965,9,14,0,23997.0,75.38536471762836,126.2538377374448,412,398,1002.0717391963108,1006.0717391963108,4.0,10.303273673596976,6.716739126608809,206.81608002267828,134375,0.22861773426819126,1.6368715088944472,40.13507261649048,32.23204980679554,51.47551931431787,0,0,0,0,0,12,12,1,1
250,1965,9,14,3,23997.125,76.30873024069139,130.3466484127316,406,399,1001.655667446435,1005.655667446435,4.0,11.254731017849542,6.567886577661702,206.33455182562614,133750,-0.41607174987584583,-2.9669345036522206,35.89866599159898,34.22452053436913,49.59870992055982,0,0,0,0,0,12,12,1,1
250,1965,9,14,6,23997.25,77.46578862207878,133.54978370906656,400,398,1002.0545971077356,1006.0545971077356,4.0,10.979161528381095,6.407036048956578,200.96160531198103,126875,0.3989296613006445,2.831346388323051,25.76261327891824,42.88634061394738,50.02949584209906,0,0,0,0,0,12,12,1,1
250,1965,9,14,9,23997.375,78.25630195222325,137.32153058983272,395,398,1003.0088448160813,1005.0088448160813,2.0,11.136872424805343,7.005021023577501,121.33355774887802,46250,0.954247708345647,6.752567713879472,28.449077678506864,29.300357252320104,40.839453422778625,0,0,0,0,0,10,10,1,1
250,1965,9,14,12,23997.5,79.30390025792116,141.80905017961342,389,397,1004.0738408823621,1006.0738408823621,2.0,10.66612427186803,6.4849706109619,138.91557454041038,60625,1.0649960662808735,7.508974364624173,30.863147781936565,38.82920558501439,49.600817507103336,0,0,0,0,0,9,9,1,1
250,1965,9,14,15,23997.625,79.8354077416136,145.7842978675626,385,397,1005.177982104855,1005.177982104855,0.0,9.653565091346643,5.440795993818683,14.104739588693906,625,1.1041412224929081,7.771692625821624,25.997427386158122,19.700311886738394,32.618530303085855,0,0,0,0,0,9,9,1,1
250,1965,9,14,18,23997.75,79.8354077416136,145.7842978675626,385,397,,,,9.653565091346643,,0.0,0,0.0,,0.0,0.0,0.0,0,3,0,0,0,9,9,0,0
262,1965,9,6,18,23989.75,62.40866511392383,66.06135446121276,471,310,1002.4991651752738,1004.4991651752738,2.0,7.6771964967612645,4.658052165145346,205.36810833075387,132500,,,,,,3,0,0,0,0,6,6,1,1
262,1965,9,6,21,23989.875,61.69758578237426,68.66647437779628,476,314,999.9241936385381,1001.9241936385381,2.0,9.773147005770124,4.335286866775569,158.3253092116782,78750,-2.574971536735684,-20.262112163902085,45.777869156558346,-26.35613803670535,52.82290522798649,0,0,0,0,0,8,8,1,1
262,1965,9,7,0,23990.0,61.00243564861068,71.56505117707799,481,319,997.8334972005925,1001.8334972005925,4.0,11.539829851355872,7.423781477649535,259.3124822609313,211250,-2.0906964379455895,-16.560830270165383,52.07760694549617,-25.76572271026571,58.10292257668191,0,0,0,0,0,7,7,1,1
262,1965,9,7,3,23990.125,60.51935218580875,74.62905440719283,485,325,996.3937764166776,1000.3937764166776,4.0,12.70747622342082,9.849245840127333,245.1142407474329,188750,-1.4397207839149633,-11.458272811514002,55.8847316850952,-17.905476736486467,58.68312647325414,0,0,0,0,0,7,7,1,1
262,1965,9,7,6,23990.25,60.22831616267929,77.92046901338502,488,332,994.7554631459774,1000.7554631459774,6.0,12.801086151964697,11.938320940170016,359.87822237672265,406875,-1.6383132707001642,-13.076525362327443,60.57033312238177,-10.787243080934761,61.52340910453088,0,0,0,0,0,5,5,1,1
262,1965,9,7,9,23990.375,59.87333471684159,81.56513573542294,491,340,993.6862130674323,999.6862130674323,6.0,12.682010919096845,10.466926986123944,339.6871115329872,362500,-1.0692500785451557,-8.564953542373788,67.7946587248363,-13.157378610034328,69.05962904262383,0,0,0,0,0,6,6,1,1
262,1965,9,7,12,23990.5,59.56015718708069,83.80116268649432,493,345,991.8094281711639,999.8094281711639,8.0,13.870204252174732,13.226975679758544,412.9100783308551,535625,-1.8767848962683638,-15.0815666366569,41.98692819356795,-11.607917482828974,43.56197754257717,0,0,0,0,0,8,8,1,1
262,1965,9,7,15,23990.625,59.693771520642684,86.78451600825179,493,352,991.1915698719621,999.1915698719621,8.0,14.725366347377333,12.586208238843174,391.6447068515214,481875,-0.6178582992017618,-4.958237074252424,55.795293797000845,4.9524120063623585,56.01465160629318,0,0,0,0,0,12,12,1,1
262,1965,9,7,18,23990.75,59.97487303095363,90.21620946246236,492,360,989.4126812093676,997.4126812093676,8.0,16.038421563891685,13.327425750330512,355.9875326987192,398125,-1.7788886625945453,-14.23471484238137,63.638987224976816,10.419020606233618,64.48625191010781,0,0,0,0,0,11,11,1,1
262,1965,9,7,21,23990.875,60.375286006157765,93.72664492323928,490,368,989.0072659515406,997.0072659515406,8.0,16.33346486421459,13.228855760090518,378.469878303024,450000,-0.40541525782697135,-3.231172361446279,64.31004396284028,14.841297135117719,66.00034738662596,0,0,0,0,0,12,12,1,1
262,1965,9,8,0,23991.0,60.68734233432467,96.87793497895213,488,375,990.0165253874242,1010.0165253874242,20.0,15.340817618442673,10.77799123676683,1394.3018431700868,6107500,1.0092594358835776,8.019112527891687,57.17810933721205,11.566360173163035,58.33623980883159,0,0,2,0,0,10,10,1,3
262,1965,9,8,3,23991.125,60.714229939104484,96.43804951499843,488,374,991.2464184495468,1011.2464184495468,20.0,13.247508903210587,5.896433280033816,1482.3403566868442,6903125,1.2298930621225737,9.769593076471038,-7.975513376381225,0.9965884137127843,8.037537065742367,0,0,0,0,0,11,11,1,3
262,1965,9,8,6,23991.25,61.24946958602344,98.8319086509693,485,379,992.4424748802546,1010.4424748802546,18.0,12.024313746456562,6.043883652838704,1618.7915671908033,8232500,1.1960564307078312,9.451706656853212,42.675664469802925,19.838644425471305,47.06149328888198,0,0,0,0,0,14,14,1,2
262,1965,9,8,9,23991.375,60.277823018213134,95.9061411137705,490,373,992.6012463293716,1008.6012463293716,16.0,11.298922486853186,10.050411180208975,1395.0150775730528,6113750,0.15877144911704819,1.2666405007131067,-53.761323573361715,-36.014056277367985,64.7092896106048,0,0,0,0,0,13,13,1,2
262,1965,9,8,12,23991.5,59.99591958263962,96.72247651183451,491,375,992.7273317349623,1010.7273317349623,18.0,11.952181601136285,15.009196347619582,1654.4083939048637,8598750,0.12608540559056564,1.008724723008074,15.130495912659239,-10.448743946482098,18.387717547921607,0,0,0,0,0,14,14,1,3
262,1965,9,8,15,23991.625,61.13479604853376,100.16416963584511,485,382,993.7460800428589,1011.6330662144043,17.886986171545285,11.45737232034693,9.103649276994766,1751.0907807261815,9633125,1.018748307896749,8.059414130908475,61.57559533469724,42.212428360771035,74.65549577181586,0,0,0,0,0,16,15,2,0
262,1965,9,8,18,23991.75,62.4882890631762,103.0652215368473,478,387,993.2226758505615,1012.7325404972825,19.509864646720963,12.580690074880037,9.184090979647662,1824.0978671702176,10453125,-0.5234041922974575,-4.088604596074195,49.665955966351625,50.16718549236271,70.5935810274327,0,0,0,0,0,15,14,2,0
262,1965,9,8,21,23991.875,66.81336969796345,99.2333235092772,461,376,992.0171815850828,1010.0171815850828,18.0,12.793832411978741,3.5928714405470963,1344.7669094983191,5681250,-0.7153589121997357,-5.391650418557656,10.450249645859488,15.458923006643088,18.65974325080882,0,0,0,0,2,12,12,1,2
262,1965,9,9,0,23992.0,68.21534311812597,102.23959983693186,454,380,992.1252278838417,1012.0397575574863,19.914529673644573,13.527747679676986,3.310622239463701,1487.0971502433476,6947500,0.1080462987589999,0.8061367795841617,41.348814425365504,51.96411053753054,66.4077799534061,0,0,0,0,0,13,10,2,0
262,1965,9,9,3,23992.125,69.91671083870736,101.30993247402021,447,377,991.5549680447112,1011.5549680447112,20.0,14.97026974612108,1.902943010622912,1429.8755846905915,6423125,-0.5702598391304491,-4.206664643601365,-11.83230654666149,63.06115296182246,64.16161228560686,0,0,0,0,0,14,14,1,2
262,1965,9,9,6,23992.25,71.64587447146349,99.52002186577414,440,373,991.1579840013953,1011.1579840013953,20.0,17.19959809942996,3.6816876224760193,1393.302701627824,6098750,-0.396984043315897,-2.8978018455963848,-20.88992725683051,64.09140776691888,67.40992219503846,0,0,0,0,0,11,11,1,2
262,1965,9,9,9,23992.375,72.67467292203398,97.07892160461223,436,369,990.9056741030821,1008.9056741030821,18.0,18.91910607837473,3.233465076465291,1225.2465061016508,4716250,-0.25230989831325135,-1.8311341754117705,-26.94260322827965,38.13238941440739,46.69028797478673,0,0,0,0,0,10,10,1,1
262,1965,9,9,12,23992.5,73.24220653813751,92.68977032315048,434,363,990.344218255334,1010.344218255334,20.0,21.07488395860439,4.1755938334915115,1232.773605674917,4774375,-0.5614558477481478,-4.062401678951481,-46.895533335138396,21.035619603650808,51.397357314326726,0,0,0,0,0,9,9,1,1
262,1965,9,9,15,23992.625,73.48373709296578,88.83086067209258,433,358,989.6690165875564,1011.6690165875564,22.0,22.49428944629341,4.9618153395102125,1291.1038243335581,5236875,-0.6752016677775827,-4.879257003960733,-40.65468646877711,8.952324108849986,41.62868769039525,0,0,0,0,0,9,9,1,1
262,1965,9,9,18,23992.75,73.68194878198558,86.4482666451796,432,355,988.4462516551705,1012.4462516551705,24.0,24.525345754284693,6.203418656686117,1317.4914034239403,5453125,-1.2227649323859078,-8.827149616606281,-24.810955010053377,7.346711406883374,25.875812199946942,0,0,0,0,0,9,9,1,1
262,1965,9,9,21,23992.875,73.64771522447688,84.87683446287186,432,353,987.7443436919264,1013.7443436919264,26.0,25.4886499708055,6.146321463152853,1413.6439630252064,6278125,-0.7019079632441572,-5.067966484197452,-16.397993872211522,-1.2688659719873292,16.447012612871493,0,0,0,0,0,9,9,1,1
262,1965,9,10,0,23993.0,74.02184071133586,82.32552048310606,430,350,988.0706775481858,1014.0706775481858,26.0,25.480235892963194,6.606882205586008,1365.831203595773,5860625,0.32633385625944356,2.3517636758999476,-26.028838162776964,13.866952022381021,29.49224939700347,0,0,0,0,0,11,11,1,1
262,1965,9,10,3,23993.125,73.99007477793845,81.52885536698517,430,349,987.6818941576729,1011.6818941576729,24.0,25.70720141111978,7.239601639147732,1160.1952125395558,4228750,-0.38878339051283545,-2.8022589438826,-8.14397891599443,-1.1774035446399536,8.22864944514545,0,0,0,0,0,9,9,1,1
262,1965,9,10,6,23993.25,74.09833057949488,79.00749241973227,429,346,988.425853339089,1010.425853339089,22.0,25.469920486250615,5.8539364476877385,1069.2657866201478,3591875,0.7439591814161395,5.35938628736909,-25.603362780758577,4.0124986376385054,25.91587025357598,0,0,0,0,0,10,10,1,1
262,1965,9,10,9,23993.375,74.0059500799359,77.42755499577247,429,344,988.77887412698,1006.77887412698,18.0,25.01760002902458,5.058587378281954,768.6759565829163,1856250,0.353020787890855,2.544288363412198,-16.135099508277605,-3.4240809572827033,16.49441622319645,0,0,0,0,0,8,8,1,1
262,1965,9,10,12,23993.5,73.90145425214521,75.86680945113709,429,342,989.7554376775893,1005.7554376775893,16.0,24.08320781919312,4.4495911586477455,704.2489555619652,1558125,0.9765635506092804,7.041973332535638,-16.040505590330906,-3.873135301949187,16.501484680495935,0,0,0,0,0,6,6,1,1
262,1965,9,10,15,23993.625,73.8447333502775,75.09424147644502,429,341,989.963751469541,1005.963751469541,16.0,23.696849752601675,4.529499609357226,703.6837476414098,1555625,0.20831379195180488,1.5025751555637632,-7.967442580974997,-2.102358840798138,8.240148905002604,0,0,0,0,0,10,10,1,1
262,1965,9,10,18,23993.75,73.72249672442705,73.56583679374657,429,339,990.5067287598588,1004.5067287598588,14.0,22.661445545056722,4.6015762038061805,628.7297431365046,1241875,0.5429772903177945,3.9189463366520907,-15.878064019123173,-4.530697548239568,16.511818109130136,0,0,0,0,0,10,10,1,1
262,1965,9,10,21,23993.875,73.58874780048438,72.06110613747323,429,337,991.1873218716014,1005.1873218716014,14.0,21.728535963343628,4.644663837770204,651.2663996705965,1332500,0.6805931117426371,4.915554418319542,-15.757065479446453,-4.957400595531565,16.51850275261471,0,0,0,0,0,12,12,1,1
262,1965,9,11,0,23994.0,73.65704474610216,70.31968691030964,428,335,991.7482963855795,1005.7482963855795,14.0,20.68247942836184,4.468340496697783,673.0488517004595,1423125,0.5609745139779989,4.0501951822985225,-18.161614979767858,2.5314246193390697,18.337185424069972,0,0,0,0,0,12,12,1,1
262,1965,9,11,3,23994.125,73.49913917998308,68.85047390807692,428,333,991.9032625690115,1005.9032625690115,14.0,20.135880992778958,4.7830987808843926,724.4400767803538,1648750,0.15496618343211593,1.1197537470311092,-15.466832201427254,-5.852765947126632,16.537163226471222,0,0,0,0,0,11,11,1,1
262,1965,9,11,6,23994.25,73.03397680321395,67.0006983505406,429,330,993.4289773906578,1005.1322217878976,11.703244397239759,17.900407373862155,2.5949220571404292,710.1564798848515,1584375,1.525714821646252,11.051443659182667,-20.00587588794649,-17.24123212088407,26.410133568199225,0,0,0,1,0,8,9,2,0
262,1965,9,11,9,23994.375,70.50386116910559,72.19235216430357,442,333,993.3631817497729,1005.3631817497729,12.0,17.04744820228276,3.763540282589529,708.894726184826,1578750,-0.0657956408848986,-0.4835716430677508,64.20221313367121,-93.7786741123097,113.65018209190924,0,0,1,0,0,10,10,1,1
262,1965,9,11,12,23994.5,70.70161043248812,74.10047741154345,442,336,992.8771378872168,1004.8771378872168,12.0,17.53405003391185,3.9126030680612893,690.4122352335788,1497500,-0.4860438625561073,-3.5678895099865553,23.37266503995175,7.329571611945218,24.49498093660038,0,0,0,0,0,11,11,1,1
262,1965,9,11,15,23994.625,70.70161043248812,74.10047741154345,442,336,993.6241094920296,1005.6241094920296,12.0,17.05818443115814,4.054562699997405,676.5865835708421,1438125,0.7469716048127156,5.483274984799255,0.0,0.0,0.0,0,0,0,0,0,9,9,1,1
262,1965,9,11,18,23994.75,70.70161043248812,74.10047741154345,442,336,993.9723101139093,1003.9723101139093,10.0,16.760902063278195,4.385744353397022,576.3991184104392,1043750,0.3482006218798051,2.556027226930244,0.0,0.0,0.0,0,0,0,0,0,9,9,1,1
262,1965,9,11,21,23994.875,70.76264396966474,74.74488129694222,442,337,994.2994358965516,1004.2994358965516,10.0,16.26655291293852,3.9744652828760447,583.7726628538894,1070625,0.32712578264225156,2.400429689500848,7.869586482497763,2.262206563070441,8.188282477999307,0,0,0,0,0,7,7,1,1
262,1965,9,12,0,23995.0,70.92006459294215,73.9154243416267,441,336,994.4875014564604,1004.4875014564604,10.0,16.11337314814071,3.4479774199560778,591.7270272703197,1100000,0.1880655599088641,1.378697301594511,-10.049669647942046,5.834791552557645,11.620699311769739,0,0,0,0,0,9,9,1,1
262,1965,9,12,3,23995.125,70.92006459294215,73.9154243416267,441,336,995.2064413964451,1005.2064413964451,10.0,15.036480672390473,2.7418823561787575,620.6085419025319,1210000,0.7189399399847025,5.270505433029638,0.0,0.0,0.0,0,0,0,0,0,8,8,1,1
262,1965,9,12,6,23995.25,70.85587920265823,73.26851278712914,441,335,995.7331036802091,1003.7331036802091,8.0,14.058018586521285,2.3328500659402196,553.3302104286677,961875,0.5266622837638715,3.862428547046942,-7.8633606356745425,-2.3790299214244097,8.215365107754407,0,0,0,0,0,9,9,1,1
262,1965,9,12,9,23995.375,70.50386116910559,72.19235216430357,442,333,996.345602142797,1002.345602142797,6.0,13.23422396953124,2.4262570190871338,471.40225847152965,698125,0.6124984625879734,4.501618708270965,-13.312135880018383,-13.047539806148894,18.640044438818077,0,0,0,0,0,7,7,1,1
262,1965,9,12,12,23995.5,70.001042741052,71.97284343364375,444,332,996.4384171762268,1002.4384171762268,6.0,12.967142842155077,2.7386330896959405,469.2873879654238,691875,0.09281503342979704,0.6843058472919238,-2.782564564861084,-18.63695274098348,18.84353133112985,0,0,0,0,0,8,8,1,1
262,1965,9,12,15,23995.625,69.35049253677383,72.5528115767178,447,332,996.9115706348847,1000.9115706348847,4.0,12.384698434549348,2.53024276901524,366.99437405976187,423125,0.4731534586579073,3.503163457461105,7.580721392404411,-24.11262741443839,25.276197056851405,0,0,0,0,0,10,10,1,1
262,1965,9,12,18,23995.75,68.98109923881806,73.50653756799237,449,333,997.139203610188,1003.139203610188,6.0,11.745997143660007,3.5160430228065525,593.9083621463947,1108125,0.22763297530327692,1.6895034285203212,12.679004739056792,-13.691553556394448,18.660541255832907,0,0,2,0,0,10,10,1,2
262,1965,9,12,21,23995.875,68.32418045730681,74.0137077609024,452,333,997.6610929231919,1004.6250364000094,6.963943476817512,10.939177002503063,2.9977151403672906,677.4681299819595,1441875,0.5218893130039214,3.890885443844728,6.943200901316168,-24.348678573858855,25.31928488423658,0,0,0,0,0,9,8,2,0
262,1965,9,13,0,23996.0,62.49968115963797,79.3369278747316,479,337,993.1151966583787,1007.1151966583787,14.0,17.661596265808775,10.6124678050707,814.4189495189032,2083750,-1.5098397416307126,-11.792986609258843,58.70612780415492,-3.8781048178471496,58.83408143870337,0,0,0,0,2,8,8,1,1
262,1965,9,13,3,23996.125,62.32358668469822,83.19441955813522,481,345,991.1971435865725,1009.1971435865725,18.0,20.401226713542098,10.846005516596634,1004.8080265599052,3171875,-1.9180530718062072,-15.005519331717386,66.40015307538978,-6.526937407812605,66.72017116555305,0,0,0,0,0,7,7,1,1
262,1965,9,13,6,23996.25,62.68445775351564,85.96507248386905,480,351,989.4847925737928,1007.4847925737928,18.0,21.935565907090414,11.217662374766514,877.2195562396646,2417500,-1.7123510127796908,-13.352405350460451,47.12176910222404,13.375677341765476,48.98336317235,0,0,0,0,0,7,7,1,1
262,1965,9,13,9,23996.375,62.972476219041944,88.32236053384653,479,356,989.6778392985984,1007.6778392985984,18.0,22.0180251235807,9.87365413693995,850.9729672957443,2275000,0.1930467248056084,1.5014419167862485,39.70160286333372,10.675397382158259,41.11181556663315,0,0,0,0,0,7,7,1,1
262,1965,9,13,12,23996.5,63.445156675435406,90.24381035610409,477,360,991.1915010766813,1007.1915010766813,16.0,21.385898472943474,6.454938560712254,759.6944204000615,1813125,1.5136617780828965,11.723729549123853,31.83733420161152,17.519889558329595,36.339542914037445,0,0,0,0,0,9,9,1,1
262,1965,9,13,15,23996.625,63.663672131743546,91.72081483367286,476,363,992.5283385561788,1006.5283385561788,14.0,20.5655138523218,4.546023722448517,642.1917519611053,1295625,1.3368374794974807,10.334553350699121,24.28656470865211,8.099270044962047,25.601472625783966,0,0,0,0,0,10,10,1,1
262,1965,9,13,18,23996.75,64.3355901838838,92.77427731130079,473,365,993.9751884138901,1005.9751884138901,12.0,19.434852696638373,3.604797730252612,582.5786780714402,1066250,1.4468498577113496,11.121220255459006,16.910844023181998,24.904626172963034,30.103439178795263,0,0,0,0,0,10,10,1,1
262,1965,9,13,21,23996.875,64.53873504188051,93.81407483429035,472,367,995.6239500555758,1007.6239500555758,12.0,18.31957727571795,3.329594870660366,619.8066181383209,1206875,1.6487616416857054,12.651741908494438,16.56822155915405,7.529559194388387,18.19890731046828,0,0,0,0,0,11,11,1,1
262,1965,9,14,0,23997.0,64.63882732013681,96.90355391972503,471,373,998.0600772951648,1010.0600772951648,12.0,16.107579211179615,4.734762652866047,811.2371352970642,2067500,2.436127239588968,18.678069357786306,49.04302883863043,3.709917846131946,49.18314922909862,0,0,0,0,0,11,11,1,1
262,1965,9,14,3,23997.125,61.81248475370169,102.7533002545757,481,387,999.6865015421816,1011.6865015421816,12.0,13.60862974535452,4.048577491134056,942.0656831751071,2788125,1.6264242470168393,12.784338441633832,102.38258803076734,-104.75831811571591,146.4803725633962,0,0,0,0,0,11,11,1,1
262,1965,9,14,6,23997.25,61.43601835985491,107.2863151670565,480,397,1001.456528471482,1011.456528471482,10.0,11.553137687288027,5.191278777363477,908.743754293845,2594375,1.7700269293003656,13.962579428832521,80.31901980007572,-13.953717682644498,81.52209012784144,0,0,0,0,0,11,11,1,2
262,1965,9,14,9,23997.375,59.49959721168277,111.12923311277812,485,408,1001.4169002975538,1012.2891221040509,10.872221806497109,11.708006882901993,8.49874839072596,936.9837004082128,2758125,-0.03962817392821307,-0.3186442522483827,72.28337856713244,-71.77340250799136,101.86416506629563,0,0,0,0,0,12,13,2,0
262,1965,9,14,12,23997.5,61.19481141037828,115.86021774134687,474,415,1000.1384471772908,1014.1384471772908,14.0,14.648566672638427,7.950122749827569,963.6747858801792,2917500,-1.2784531202630023,-10.108132528735482,84.47283499822782,62.83307282358733,105.27893850667404,0,0,1,0,0,10,10,1,1
262,1965,9,14,15,23997.625,61.39385681983218,115.04428151593424,474,413,999.1037861042039,1015.1037861042039,16.0,16.51521573167618,8.773942300349372,997.6548628463355,3126875,-1.0346610730868997,-8.165034515266063,-14.479665846143165,7.377613234387534,16.250843056659395,0,0,0,0,0,10,10,1,2
262,1965,9,14,18,23997.75,61.58679672871701,114.21734114528606,474,411,999.7394602519192,1015.7394602519192,16.0,17.276252993692292,9.35355797859971,968.5140400881435,2946875,0.6356741477153264,5.007259430190646,-14.584246284513489,7.151313005085444,16.243199111752883,0,0,0,0,0,10,10,1,2
262,1965,9,14,21,23997.875,61.469053895645814,113.61636483523826,475,410,1001.0853807123074,1015.0853807123074,14.0,16.49119429991519,7.462816061886988,897.5093067616933,2530625,1.3459204603881516,10.61375236308358,-10.639327486863001,-4.364135228758015,11.499607196230894,0,0,0,0,0,11,11,1,2
262,1965,9,15,0,23998.0,61.437852754989954,112.60240204717516,476,408,1002.2775518425124,1015.7817601901063,13.504208347593957,16.441965124111043,5.658009515622107,902.9236933363936,2561250,1.1921711302049516,9.404090810699431,-17.9684552855916,-1.1564695154849485,18.005632648994887,0,0,0,0,0,12,13,2,0
262,1965,9,15,3,23998.125,61.0096740673703,112.25843646795619,478,408,1004.5207221314226,1014.3149476618241,9.794225530401455,14.221349555998735,3.2293401727052693,850.1543302930767,2270625,2.2431702889103327,17.767362600058508,-6.178984687241726,-15.870432586877115,17.030868511610873,0,0,0,0,0,12,14,2,0
262,1965,9,15,6,23998.25,60.53361548524159,110.94265054998827,481,406,1005.9234150631185,1012.9310355043151,7.007620441196632,12.127980171168229,5.853069549377761,783.6702984392423,1929375,1.402692931695783,11.162009571221981,-23.98997933882534,-17.64509970610489,29.780340030222114,0,0,0,0,0,11,13,2,0
262,1965,9,15,9,23998.375,60.099592547890914,110.6322701584444,483,406,1007.6257690405286,1013.8324865434162,6.2067175028876225,9.993781393671032,7.7377642515092155,943.2264478287783,2795000,1.7023539774100938,13.605198738725898,-5.734789056274689,-16.087049560254584,17.078670003078553,0,0,0,0,0,9,11,2,0
262,1965,9,15,12,23998.5,59.71638203698107,111.28381054863287,484,408,1008.785782217834,1014.8837856296909,6.098003411856917,9.980379357044544,6.276632274278528,847.693675840458,2257500,1.1600131773055182,9.306817497568298,12.177992400660914,-14.203688216681508,18.70957663516874,0,0,0,0,0,13,14,2,0
262,1965,9,15,15,23998.625,59.47713097684125,120.08796569646576,476,427,1004.3098780117191,1014.3098780117191,10.0,13.848178036286512,8.199143348416037,805.4534975889908,2038125,-0.5739076179718541,-4.6157722711709335,1.0827275054366463,19.255393676581406,19.28581044424009,0,0,0,0,2,13,13,1,1
262,1965,9,15,18,23998.75,59.79476668462191,119.9315118405078,475,426,1004.2833844931424,1012.2833844931424,8.0,13.9087887840538,6.679620189720445,623.4869272903437,1221250,-0.02649351857675356,-0.21238874437156668,-2.917448807577833,11.773159742121369,12.129253804680015,0,0,0,0,0,14,14,1,1
262,1965,9,15,21,23998.875,59.99591958263962,120.14742113400953,474,426,1002.9600336227683,1012.9600336227683,10.0,15.079025471924982,6.392112771182874,684.7702177259878,1473125,-1.3233508703741246,-10.587242305389516,4.001828125016424,7.455727246473113,8.461825873650083,0,0,0,0,0,15,15,1,1
262,1965,9,16,0,23999.0,60.33981146031353,119.0120998194016,474,423,1001.3779031801714,1013.3779031801714,12.0,16.693187893219623,6.330561001575334,742.8793745764833,1733750,-1.5821304425968266,-12.614072966731273,-20.82356564766976,12.746344037203222,24.414957968375823,0,0,0,0,0,13,13,1,2
262,1965,9,16,3,23999.125,60.562160832145025,118.24104158281911,474,421,1000.8333830688323,1012.8333830688323,12.0,16.008837939565407,5.370288569071272,781.3822050931819,1918125,-0.5445201113390794,-4.331831240676232,-14.046023462522497,8.241374030089032,16.285300765216416,0,0,0,0,0,10,10,1,2
262,1965,9,16,6,23999.25,60.15948370641985,116.85687775121433,477,419,1000.6819815253721,1010.6819815253721,10.0,14.97001285220192,3.0684341803764257,719.3417190233893,1625625,-0.15140154346023338,-1.2092736552346992,-25.527759804427497,-14.925217818817604,29.570739719724543,0,0,0,0,0,10,10,1,3
262,1965,9,16,9,23999.375,59.22411371003954,116.4706595334568,481,420,1001.2118417713515,1011.2118417713515,10.0,13.208289392156091,4.617151108218095,762.8304272115411,1828125,0.529860245979362,4.272677971245468,-7.324794151350163,-34.66946604434306,35.43479201518629,0,0,0,0,0,13,13,1,3
262,1965,9,16,12,23999.5,58.276801418007935,117.9398859576474,483,425,1001.2449276109546,1011.2449276109546,10.0,13.50701406774543,7.708402554687782,688.1031577448172,1487500,0.033085839603154456,0.2694872844673757,28.633716073378707,-35.112106940647855,45.307281423435214,0,0,0,0,0,14,14,1,3
262,1965,9,16,15,23999.625,60.024002355754966,119.18080605249986,475,424,1001.2704132120035,1011.2704132120035,10.0,14.329181472634497,1.9025418079016527,683.8980837897614,1469375,0.025485601048858372,0.2038355258732963,22.980310780138577,64.75996003536196,68.71642530962616,0,0,0,0,0,16,16,1,2
262,1965,9,16,18,23999.75,59.99591958263962,120.14742113400953,474,426,1000.8185814651556,1010.8185814651556,10.0,14.318838240189644,3.345773840907641,664.4215705417342,1386875,-0.4518317468478926,-3.6148026137570524,17.915832479521338,-1.0408872988456663,17.946044126858986,0,0,0,0,0,15,15,1,2
262,1965,9,16,21,23999.875,60.22654943469057,119.39337785706887,474,424,1000.9626915376331,1010.9626915376331,10.0,13.841213954431838,3.2342508635958076,662.0218459683235,1376875,0.14411007247748786,1.1502636848376895,-13.878409166776022,8.548289826950198,16.299800611234264,0,0,0,0,0,13,13,1,2
262,1965,9,17,0,24000.0,60.313230675597865,119.98892242200867,473,425,1001.073490257545,1011.073490257545,10.0,13.605955774007105,3.801700679668865,663.9722828285456,1385000,0.1107987199119816,0.8836140089013724,10.93221264033827,3.212838074715444,11.394542628289784,0,0,0,0,0,14,14,1,1
262,1965,9,17,3,24000.125,61.487422025280985,118.7012036184627,470,420,1001.7790746934074,1011.7790746934074,10.0,12.47797404556063,2.4580986357417713,743.2809672040188,1735625,0.7055844358624017,5.563177086390993,-22.78327469716117,43.52137366489657,49.12420555699458,0,0,0,0,0,13,13,1,1
262,1965,9,17,6,24000.25,62.01926594571584,117.70459994714763,469,417,1002.5479867761268,1008.5479867761268,6.0,10.530531374450389,3.8187237610959714,619.9670858738609,1207500,0.7689120827193255,6.032325413061875,-17.330714251009475,19.712781906369457,26.247808040638933,0,0,0,0,0,16,16,1,1
262,1965,9,17,9,24000.375,61.70683605126831,117.89727103094764,470,418,1004.0612834899532,1008.0612834899532,4.0,8.213389104682394,2.3456891495861054,546.6382767928291,938750,1.5132967138264213,11.906897672619369,3.3848778946062854,-11.58020639822044,12.064765998011726,0,0,0,0,0,14,14,1,1
262,1965,9,17,12,24000.5,61.66430761229415,119.94352857261202,468,422,1005.1055684612666,1009.1055684612666,4.0,7.913726025799654,2.5333956084524836,558.8752775153366,981250,1.0442849713133182,8.219913322432078,35.99708742958951,-1.5763155506797173,36.0315843965933,0,0,0,0,0,15,15,1,1
262,1965,9,17,15,24000.625,62.40866511392383,119.19145681536875,466,419,1005.6079002312416,1007.6079002312416,2.0,7.629666273620186,1.4439366163981322,302.5129621649952,287500,0.5023317699751351,3.926842062941523,-12.910809529291189,27.589592597013336,30.461034492787817,0,0,0,0,0,13,13,1,1
262,1965,9,17,18,24000.75,62.40866511392383,119.19145681536875,466,419,,,,7.629666273620186,,0.0,0,0.0,,0.0,0.0,0.0,0,3,0,0,0,13,13,0,0
264,1965,9,8,0,23991.0,57.03158112022153,-112.05801075002772,225,414,1003.9563795021994,1007.9563795021994,4.0,9.9851878940118,4.633382548571681,344.3405764696662,372500,-1.613317119567073,-13.322741359324807,20.898248660564633,-9.359348906047318,22.898345115399074,2,0,1,2,0,11,11,1,1
264,1965,9,8,3,23991.125,56.76794212575515,-111.03751102542182,223,412,1003.5067346588238,1007.5067346588238,4.0,10.100802327950687,8.744255171907353,341.7307997440064,366875,-0.44964484337557226,-3.724313181289054,20.728981918089453,-9.77177288344519,22.916767587208152,0,0,0,0,0,12,12,1,1
264,1965,9,8,6,23991.25,55.51657766011491,-106.28288412902208,214,402,1002.6529194010609,1010.6529194010609,8.0,11.089568661850894,6.747723318007556,590.3806614136771,1095000,-0.853815257762908,-7.1763643557164185,99.75636356613333,-46.38179332082412,110.01183038016511,0,0,0,0,0,15,15,1,1
264,1965,9,8,9,23991.375,55.25376736476617,-104.991842993652,212,399,1002.7695929770518,1008.7695929770518,6.0,10.73827168543308,5.4719809585015176,450.69002221153227,638125,0.11667357599086245,0.9837575487573271,27.272742829702405,-9.74105717091307,28.96015704829794,0,0,0,0,0,14,14,1,1
264,1965,9,8,12,23991.5,54.67547869116438,-105.51422730192164,210,401,1001.4764114047083,1009.4764114047083,8.0,12.464922835581799,3.333186899611028,596.2485674041668,1116875,-1.2931815723434557,-10.981164731869836,-11.195308857475098,-21.43425554684314,24.181857895158434,0,0,0,0,0,15,15,1,1
264,1965,9,8,15,23991.625,54.34263960514264,-104.61317604705323,208,399,1000.6096460723652,1008.6096460723652,8.0,12.758297543633741,4.242826579894682,578.2943231364502,1050625,-0.8667653323432023,-7.39076490895431,19.46846247280539,-12.336672584876558,23.04809149412325,0,0,0,0,0,17,17,1,1
264,1965,9,8,18,23991.75,54.00049181379802,-103.72844101338806,206,397,1000.2765840682484,1008.2765840682484,8.0,12.498289547323465,6.776363140573667,607.3232916787132,1158750,-0.3330620041166549,-2.8522353402035314,19.27470202655784,-12.68169952005403,23.072486665496882,0,0,0,0,0,16,16,1,1
264,1965,9,8,21,23991.875,53.337650138144134,-101.65929265352301,202,392,998.6513365265076,1008.6513365265076,10.0,13.524646974916164,6.665430710423098,704.8137102281555,1560625,-1.6252475417408276,-14.037013089176938,45.79160778964621,-24.568210500430283,51.966030357862046,0,0,0,0,0,13,13,1,1
264,1965,9,9,0,23992.0,53.17023344934504,-99.08327169044848,200,385,998.4036286231396,1002.4036286231396,4.0,13.387977210601802,2.425324640298204,316.9646002738459,315625,-0.2477079033679911,-2.1440875754201243,57.231488812099066,-6.20529547669658,57.56690892867648,0,0,0,0,0,14,14,1,1
264,1965,9,9,3,23992.125,53.75015584076305,-94.86833237468518,201,373,996.9644060636356,1006.9644060636356,10.0,14.750513043328107,10.931674808599782,700.1408606295148,1540000,-1.4392225595041237,-12.364403515323339,92.36441760298668,21.494809257754152,94.83254960279275,0,0,2,0,0,13,13,1,2
264,1965,9,9,6,23992.25,53.56780739337317,-93.76638797096679,200,370,996.815159081835,1000.815159081835,4.0,14.741327033423644,7.7703289389685235,265.7536566014258,221875,-0.14924698180053383,-1.285190791104347,24.25555484175192,-6.758740743755596,25.179605182022552,0,0,0,2,0,9,9,1,1
264,1965,9,9,9,23992.375,53.634429657777694,-91.61606665068574,200,364,996.3456389099744,1004.3456389099744,8.0,15.102599394599695,7.0332487754546325,563.3073475372626,996875,-0.4695201718606404,-4.03965251308128,47.256082742345924,2.46935260111859,47.32055640437986,0,0,0,0,0,8,8,1,1
264,1965,9,9,12,23992.5,53.64035667945857,-88.7429275841855,200,356,995.4756915174675,1003.4756915174675,8.0,15.507026918473397,5.6497379256669955,573.9779892994359,1035000,-0.8699473925068741,-7.4842738038521235,63.13017601157388,0.21968491367498166,63.13055824807503,0,0,0,0,0,8,8,1,1
264,1965,9,9,15,23992.625,53.75015584076305,-85.13166762531482,201,346,994.4808656149085,1002.4808656149085,8.0,15.675436094678613,2.5554728619724485,540.5999114432898,918125,-0.994825902559096,-8.546578710504958,79.13872804390984,4.069703228962026,79.24330104671148,0,0,0,0,0,7,7,1,1
264,1965,9,9,18,23992.75,54.276392093063556,-82.48984581739633,204,339,993.3873990212717,1005.3873990212717,12.0,15.857264173462255,3.4416874910970363,771.775468981373,1871250,-1.0934665936366945,-9.331556245327967,57.16922874244346,19.504933824087324,60.4049928274795,0,0,0,0,0,7,7,1,1
264,1965,9,9,21,23992.875,55.84208449628262,-81.3843518158359,211,337,993.3504752736959,1005.3504752736959,12.0,15.303503892236025,2.8681371323955682,757.4652268231742,1802500,-0.036923747575783636,-0.30914480571183456,23.006284175324346,58.03235064129548,62.42629920562364,0,0,0,0,0,8,8,1,1
264,1965,9,10,0,23993.0,56.231873575356616,-80.50597011424111,213,335,989.2810873859255,1003.2810873859255,14.0,19.03931776816026,6.781956718735091,605.0259243299904,1150000,-4.069387887770427,-33.915260840898846,18.096249882609552,14.447522684827716,23.156104412065034,0,0,0,0,0,9,9,1,1
264,1965,9,10,3,23993.125,56.84330882245781,-79.53712082882394,216,333,988.1581462899512,1004.1581462899512,16.0,19.589320699778,7.490378722492824,698.7186758162321,1533750,-1.122941095974238,-9.293082752203276,19.640317994115815,22.662832483104925,29.98909913730763,0,0,0,0,0,8,8,1,1
264,1965,9,10,6,23993.25,57.21431936143661,-78.61222004737097,218,331,986.5535987326978,1002.5535987326978,16.0,20.88264287588166,9.5831788943235,631.8860367833685,1254375,-1.6045475572535361,-13.223035136711593,18.563184616525366,13.751496555368904,23.101850155767327,0,0,0,0,0,9,9,1,1
264,1965,9,10,9,23993.375,57.62511407667878,-78.05960296458066,220,330,985.6696128370728,1001.6696128370728,16.0,21.730057139252413,14.176686676353563,585.3042072335587,1076250,-0.8839858956249372,-7.25160354198584,10.967588403740478,15.226096075775049,18.764913991345523,0,0,0,0,0,6,6,1,1
264,1965,9,10,12,23993.5,57.80423293426005,-77.58074431702501,221,329,983.2891565668801,1001.2891565668801,18.0,24.441206852730634,13.473440771319439,599.2439739797879,1128125,-2.3804562701926626,-19.489069726310184,9.456829925875274,6.6390360764691625,11.55458490260854,0,0,0,0,0,4,4,1,1
264,1965,9,10,15,23993.625,58.260114373052595,-77.40454348859544,223,329,983.5245444548126,997.5245444548126,14.0,24.240144796470464,13.266889333256183,450.46925804339475,637500,0.23538788793244747,1.917601874844536,3.435658276971996,16.89723438171736,17.24297762994598,0,0,0,0,0,7,7,1,1
264,1965,9,10,18,23993.75,58.71513174109309,-77.22335523074788,225,329,982.9208096487714,990.9208096487714,8.0,25.2954904667896,16.22496767340752,196.9619693713725,121875,-0.603734806041175,-4.894473424462581,3.48743775518802,16.865207620420964,17.22200482453237,0,0,0,0,0,7,7,1,1
264,1965,9,10,21,23993.875,58.99338106175146,-77.53937446355862,226,330,983.2728021720826,999.2728021720826,16.0,26.084900584705473,20.095165199025576,525.1056454721361,866250,0.3519925233112008,2.845238074675897,-6.033921435105556,10.313304266501667,11.948742727938694,0,0,0,0,0,10,10,1,1
264,1965,9,11,0,23994.0,59.09061353162929,-78.36031128487022,226,332,982.179133463071,992.179133463071,10.0,29.12060232612292,19.72792577053464,222.12166116452389,155000,-1.0936687090115447,-8.831385743840878,-15.63021356892241,3.603919118511299,16.04031823945203,0,0,0,0,0,9,9,1,1
264,1965,9,11,3,23994.125,58.67966168038056,-78.93422419942286,224,333,982.1043679248639,990.1043679248639,8.0,30.436756265326324,23.240275507455664,178.96908195899073,100625,-0.07476553820713888,-0.6063518539204024,-11.057663501987852,-15.231920318015412,18.82241532581738,0,0,0,0,0,10,10,1,1
264,1965,9,11,6,23994.25,58.17679582019609,-78.69006752597979,222,332,983.8132793125637,1009.8132793125637,26.0,29.73359710592272,19.640976424685505,1266.3668486381466,5038125,1.7089113876997726,13.934300418169846,4.771883253055212,-18.638710811755168,19.239865137391888,0,0,2,0,0,10,10,1,3
264,1965,9,11,9,23994.375,57.575968980141056,-77.66703733731195,220,329,986.2148327231116,1006.2148327231116,20.0,27.747200745334414,16.333494572318887,1019.5492739779385,3265625,2.401553410547931,19.71139521929091,20.33102980398226,-22.269632135333822,30.15439086324756,0,0,0,0,0,9,9,1,3
264,1965,9,11,12,23994.5,58.98486490295902,-60.904702882542665,240,293,988.5112443633557,1010.5112443633557,22.0,18.512019268999072,8.612344320362245,1190.7441367774702,4454375,-1.8819059673519223,-15.213246264234899,-22.4531294964781,43.94325821887288,49.347269094410414,0,0,0,0,2,9,9,1,2
264,1965,9,11,15,23994.625,59.728563217893175,-61.61208033645963,242,296,985.5947081908405,1011.5947081908405,26.0,22.025346903785085,13.666303399702228,1268.1721886020061,5052500,-2.9165361725151886,-23.39654538455544,-13.216824005914752,27.565159858261847,30.56996033387768,0,0,0,0,0,6,6,1,2
264,1965,9,11,18,23994.75,60.26013346043362,-62.556547435052835,243,299,984.4690962446422,1006.4690962446422,22.0,24.56811883316548,15.288939319126657,876.1984117421864,2411875,-1.1256119461983325,-8.981445360445926,-17.365353599074737,19.702638041904866,26.263081529615196,0,0,0,0,0,7,7,1,1
264,1965,9,11,21,23994.875,60.26013346043362,-62.556547435052835,243,299,983.7913830734102,1011.7913830734102,28.0,27.055189969428692,12.645347406798175,1098.63155774498,3791875,-0.6777131712318806,-5.407586369380242,0.0,0.0,0.0,0,0,0,0,0,5,5,1,1
264,1965,9,12,0,23995.0,60.22654943469057,-60.60662214293114,245,295,971.892570893286,1011.892570893286,40.0,39.34175315752354,16.504591411018335,1117.661558609096,3924375,-11.898812180124223,-94.97442689607522,35.8878927058543,-1.2447910929758095,35.90947434497005,0,0,0,0,0,7,7,1,1
264,1965,9,12,3,23995.125,59.728563217893175,-61.61208033645963,242,296,967.9807057701598,1011.9807057701598,44.0,44.642713161287155,29.516638865102212,1063.9499672170236,3556250,-3.9118651231261903,-31.38110569448281,-18.786151130525052,-18.45784694892906,26.3365067594208,0,0,0,0,0,6,6,1,1
264,1965,9,12,6,23995.25,58.98486490295902,-60.904702882542665,240,293,967.786837800049,1011.786837800049,44.0,45.55956038269472,36.095242459741854,1054.747861914092,3495000,-0.19386797011073212,-1.567220266691656,13.509619400637627,-27.565159858261847,30.697684837160192,0,0,0,0,0,8,8,1,1
264,1965,9,12,9,23995.375,58.43739609854171,-60.02522157944899,239,290,970.3846476173635,1012.3846476173635,42.0,44.101206970415866,37.53388203246031,1070.938984562599,3603125,2.5978098173144097,21.122889858457583,17.06262116826756,-20.291917849122253,26.51216647366523,0,0,0,0,0,6,6,1,1
264,1965,9,12,12,23995.5,58.0007979760269,-59.5241519374192,238,288,976.5299242901553,1002.5299242901553,26.0,38.39059665979492,32.294555373972614,600.7360763770332,1133750,6.145276672791806,50.20393934006056,9.841489687942683,-16.182498735395367,18.940121029152767,0,0,0,0,0,7,7,1,1
264,1965,9,12,15,23995.625,57.51708164232351,-58.14321610919179,238,284,980.332763506172,1006.332763506172,26.0,34.55769291154024,23.521990581051725,802.2361255440021,2021875,3.8028392160167277,31.23323235915255,27.487988148752557,-17.928934080974717,32.81822922928502,0,0,0,0,0,8,8,1,1
264,1965,9,12,18,23995.75,56.75512869839178,-56.14700652592191,238,278,984.0709722960341,1002.0709722960341,18.0,30.70106921607817,19.92815271022082,506.0044611454395,804375,3.73820878986211,30.967331318843613,40.560945762272425,-28.241767235698283,49.42456613593453,0,0,0,0,0,7,7,1,1
264,1965,9,12,21,23995.875,56.14193835413225,-54.01505744854655,239,272,986.5812222846004,1000.5812222846004,14.0,28.007771338206286,19.12527721962215,423.6120847380443,563750,2.510249988566211,20.943035528268673,44.023604382569516,-22.727885116362895,49.54426813159706,0,0,0,0,0,4,4,1,1
264,1965,9,13,0,23996.0,55.995648096446004,-51.78897457443879,242,267,987.9967815971379,999.9967815971379,12.0,25.61384209818151,15.336650780779895,383.949561842266,463125,1.4155593125375163,11.83032642956033,46.14204363530451,-5.422244824078835,46.45954078307915,0,0,0,0,0,4,4,1,1
264,1965,9,13,3,23996.125,55.76864970788748,-50.12131651077861,244,263,988.1923485732588,1006.1923485732588,18.0,24.115451579560528,13.58277123546526,858.7690129202789,2316875,0.1955669761208992,1.6388149146124547,34.77046083870258,-8.413689721399574,35.77394473165819,0,0,2,0,0,3,3,1,2
264,1965,9,13,6,23996.25,55.51192476862021,-48.47631274920114,246,259,988.3077347826037,1004.3077347826037,16.0,23.10248698860631,12.14178068303896,808.7810680942587,2055000,0.1153862093448697,0.969881558204333,34.523670354659856,-9.515503596550673,35.81101260022102,0,0,0,0,0,3,3,1,2
264,1965,9,13,9,23996.375,55.567795515032714,-46.33844292102374,250,255,988.7496512228844,1006.7496512228844,18.0,21.42137305835557,8.527574689152315,995.6587526776648,3114375,0.44191644028076554,3.712054371692916,44.803012123364695,2.070847849638148,44.85084509953759,0,0,0,0,0,2,2,1,2
264,1965,9,13,12,23996.5,55.74212194844575,-44.46202726988774,254,252,986.5110497779865,1006.5110497779865,20.0,22.463220880282822,8.732793937807582,1040.0272986745558,3398125,-2.2386014448979403,-18.764977479529662,39.149397874524524,6.461404991856978,39.67902605163866,0,0,0,0,0,3,3,1,3
264,1965,9,13,15,23996.625,56.050638996069296,-42.82868820908518,258,250,985.8186719553745,1005.8186719553745,20.0,22.304728681372865,6.801670556743557,1014.6593212136269,3234375,-0.692377822612034,-5.782703156266788,33.8081956779972,11.435176826365131,35.68973751727499,0,0,0,0,0,2,2,1,2
264,1965,9,13,18,23996.75,56.50612707472356,-41.42366562500265,262,249,985.0127545809197,1005.0127545809197,20.0,22.21188929354756,5.123039967959194,1011.8123202642952,3216250,-0.8059173744547298,-6.695358120037076,28.73814800998193,16.882654497810634,33.33024413256036,0,0,1,0,0,3,3,1,1
264,1965,9,13,21,23996.875,56.60967982475742,-40.0302592718897,265,247,984.6315167504738,1004.6315167504738,20.0,22.5410529037151,6.307232391398793,985.9202883264705,3053750,-0.381237830445898,-3.1634494364400827,28.422670295133933,3.838180147952795,28.68065225119589,0,0,0,0,0,2,2,1,1
264,1965,9,14,0,23997.0,57.08970161398861,-39.67897876729879,267,248,985.5190220216301,1003.5190220216301,18.0,20.56712713841417,5.475270920229886,960.5731531618314,2898750,0.8875052711562603,7.324185991926227,7.074198779320238,17.79199588045031,19.1467857819347,0,0,0,0,0,2,2,1,2
264,1965,9,14,3,23997.125,57.38655731538083,-39.06482876904819,269,248,985.0206980586238,1003.0206980586238,18.0,20.44577423645351,5.33117604282088,952.5660708332352,2850625,-0.49832396300625986,-4.098757276623961,12.268741650744111,11.00294931344242,16.47989427414164,0,0,0,0,0,3,3,1,3
264,1965,9,14,6,23997.25,57.38655731538083,-39.06482876904819,269,248,985.0220360748312,1003.0220360748312,18.0,20.857409600997027,4.678355508944805,967.0750924016966,2938125,0.0013380162074463442,0.011005297905857693,0.0,0.0,0.0,0,0,0,0,0,3,3,1,3
264,1965,9,14,9,23997.375,57.204593901259834,-38.81474508441765,269,247,986.0118152842177,1004.0118152842177,18.0,20.684079759983195,3.640479299406216,1003.3219897202682,3162500,0.98977920938647,8.157636997286712,5.020653100817407,-6.744469495059179,8.40802154662625,0,0,0,0,0,2,2,1,2
264,1965,9,14,12,23997.5,56.83849368687168,-38.32259782195876,269,245,986.5888438888823,1004.5888438888823,18.0,20.28058840715754,2.8171819136042906,1046.7959606282877,3442500,0.5770286046645197,4.7755568312338355,9.978055569726859,-13.569495494482595,16.843182624650858,0,0,0,0,0,2,2,1,2
264,1965,9,14,15,23997.625,56.42666161388137,-37.296601723399625,270,242,986.4892449593349,1006.4892449593349,20.0,20.636333390021797,3.1517172012785157,1216.8557029455962,4651875,-0.09959892954735551,-0.8282036699018895,21.02972512632533,-15.26454571534478,25.985682496033267,0,0,0,0,0,1,1,1,1
264,1965,9,14,18,23997.75,56.46955247562012,-35.898875714764856,273,240,987.4246468228692,997.4246468228692,10.0,19.810078244389214,2.572376420834116,659.7641770786996,1367500,0.9354018635343527,7.77436816178167,28.616483183089475,1.5897487415873144,28.660607300429298,0,0,0,0,0,1,1,1,1
264,1965,9,14,21,23997.875,56.29827582660876,-34.27961975375023,276,237,988.460730506313,996.460730506313,8.0,19.10316609994678,1.9986205504086683,625.5575243949974,1229375,1.0360836834437215,8.628291150188836,33.301212234717646,-6.348364807581506,33.90092140387703,0,0,0,0,0,2,2,1,2
264,1965,9,15,0,23998.0,56.29669349125274,-32.88615705443566,279,235,989.7591027321855,1003.7591027321855,14.0,17.498483563953563,2.017985213883803,956.317986729207,2873125,1.2983722258725903,10.812775185197788,28.658962514355416,-0.05864922127995879,28.6590225257315,0,0,2,0,0,1,1,1,3
264,1965,9,15,3,23998.125,56.596919685368555,-31.36488729098269,283,234,989.6373896014235,1004.491177663785,14.853788062361565,16.688625166907467,1.585255362369717,1034.1765891652822,3360000,-0.12171313076207298,-1.0101040414773046,31.041206788211067,11.127876543827899,32.975538740756846,0,0,0,0,0,2,3,2,0
264,1965,9,15,6,23998.25,60.40546956637304,-12.600159826080674,331,232,988.2761643698253,1002.2761643698253,14.0,17.56348155178722,17.490484233281894,925.1246977984467,2688750,-1.3684057351847878,-10.902972118998377,23.470147710239388,41.43297927036076,47.61868965814368,0,0,0,0,2,1,1,1,2
264,1965,9,15,9,23998.375,61.73089966672284,-11.309932474020215,335,237,987.4306752295171,1003.4306752295171,16.0,18.849785002848595,14.942815817616648,974.3506738044346,2982500,-0.8454891403082001,-6.65096146854672,22.64888007630153,49.12703426029528,54.09655500975007,0,0,0,0,0,1,1,1,2
264,1965,9,15,12,23998.5,62.7265256032199,-10.75096699318805,337,241,989.0891404828938,1003.0053055099498,13.916165027056122,16.28330080793047,17.527862005796777,978.1207244819813,3005625,1.6584652533766349,12.927321459849122,9.493766649687753,36.90285099140333,38.10448814106339,0,0,0,1,0,1,2,2,0
264,1965,9,15,15,23998.625,63.79439754729952,-9.178079000162462,341,245,988.8202746621778,1006.8202746621778,18.0,16.8973211417388,14.14736903398225,1196.7437253431467,4499375,-0.2688658207158733,-2.0761541481197554,25.743837984080212,39.58064749590522,47.21623502933794,0,0,0,0,0,2,2,1,2
264,1965,9,15,18,23998.75,66.28710884176884,-6.280007125699782,348,255,988.0710377006925,992.0710377006925,4.0,18.420636613435295,6.6720102791876705,281.3886710374423,248750,-0.7492369614852942,-5.669532459833177,43.19427795864104,92.39228317819301,101.99058603247532,0,0,0,2,0,3,3,1,1
264,1965,9,15,21,23998.875,67.69947088221254,-5.508949698216058,350,261,986.516638974009,992.516638974009,6.0,20.41942192734886,6.888912202472857,290.4343640802591,265000,-1.5543987266835757,-11.639772966194332,10.844736979454554,52.34916449423242,53.46067099651624,0,0,0,0,0,5,5,1,1
264,1965,9,16,0,23999.0,68.85690543048307,-5.194428907734807,351,266,986.254936062001,1002.254936062001,16.0,20.258994196876838,7.715168813894779,932.087466712692,2729375,-0.2617029120080406,-1.943995900090559,4.2049113276400485,42.9002832302731,43.10586480411878,0,0,2,0,0,4,4,1,3
264,1965,9,16,3,23999.125,69.28849129909283,-5.927504192390174,350,268,984.8701597292138,1004.8701597292138,20.0,20.68579146654232,12.364560701259252,1101.3444556718425,3810625,-1.3847763327871507,-10.256883345775389,-9.609460462402375,15.996719666963369,18.66110314214803,0,0,0,0,0,2,2,1,2
264,1965,9,16,6,23999.25,69.74146476705968,-6.058987723978338,350,270,984.1358964965721,1004.1358964965721,20.0,20.88857588413398,12.751931473822554,1070.19566399096,3598125,-0.7342632326416788,-5.42256611338516,-1.6874593620689171,16.789450514168497,16.874038273820137,0,0,0,0,0,2,2,1,2
264,1965,9,16,9,23999.375,69.74146476705968,-6.058987723978338,350,270,984.1831863345645,994.1831863345645,10.0,20.740882619035236,14.619722796770873,328.67372517988713,339375,0.047289837992429966,0.34923752355494025,0.0,0.0,0.0,0,0,0,2,0,2,2,1,1
264,1965,9,16,12,23999.5,70.01128789943347,-4.844000375080679,352,271,986.0033267445972,1006.0033267445972,20.0,18.33616823672978,9.570048240069882,1183.7902153355292,4402500,1.8201404100326182,13.418641865199328,15.393763982465588,10.000987803769586,18.357225460265035,0,0,2,0,0,4,4,1,2
264,1965,9,16,15,23999.625,70.27166384854063,-3.596717077628466,354,272,985.8667308975664,1005.8667308975664,20.0,17.908078291537255,8.038962261135458,1206.9240310179312,4576250,-0.13659584703069413,-1.0053756002578416,15.605341333477735,9.650828186992321,18.348437612755866,0,0,0,0,0,4,4,1,2
264,1965,9,16,18,23999.75,70.98445793780503,-1.6946470685371595,357,275,985.749086972176,1005.749086972176,20.0,17.971694205962702,8.083389376220948,1228.3276682185287,4740000,-0.11764392539043911,-0.862105949768284,22.969751290366524,26.41969548947726,35.00871011759787,0,0,0,0,0,4,4,1,3
264,1965,9,16,21,23999.875,71.44671970949399,-0.3472428970857645,359,277,986.2211380956651,992.2211380956651,6.0,17.705631997499157,9.150774075615264,267.24666641978536,224375,0.4720511234890728,3.449756234230551,15.890376892904921,17.13372126451238,23.36810822827921,0,0,0,2,0,6,6,1,1
264,1965,9,17,0,24000.0,72.12742648277538,-0.36034606338723113,359,280,986.4466269228026,1004.4466269228026,18.0,17.6905522364915,7.109948920136013,1121.0384558030908,3948125,0.22548882713745116,1.6414462857150727,-0.1490521943846723,25.230379907159517,25.230820177240563,0,0,2,0,0,7,7,1,3
264,1965,9,17,3,24000.125,72.80744962280755,0.37447688672282553,360,283,986.3910824901537,1004.3910824901537,18.0,17.375999627933588,8.445132360040516,1156.9326131641549,4205000,-0.05554443264874862,-0.40282251588036416,8.050528706052997,25.20504105749337,26.459499374646338,0,0,0,0,0,7,7,1,3
264,1965,9,17,6,24000.25,73.03397680321392,-0.37943670141897917,359,284,986.5005982628093,1002.5005982628093,16.0,16.738034970715674,7.699355147738752,1033.6955543984952,3356875,0.10951577265543165,0.7932723560930178,-8.15407109293899,8.396224402761312,11.704078759570434,0,0,0,0,0,7,7,1,4
264,1965,9,17,9,24000.375,73.47758015794578,-1.9480850065149489,357,286,986.9297643576302,1002.9297643576302,16.0,16.188253795329008,8.667701378454222,1033.3105653518467,3354375,0.42916609482097556,3.101411787910625,-16.534533046595453,16.442147496229946,23.31812594006512,0,0,0,0,0,5,5,1,3
264,1965,9,17,12,24000.5,73.46834892597249,-2.726310993906265,356,286,987.3322732768816,1003.3322732768816,16.0,15.64391078942193,8.379626232607626,1037.4417104873614,3381250,0.4025089192514133,2.9089101012255467,-8.207620906668504,-0.34215538736941875,8.21474961618964,0,0,0,0,0,8,8,1,3
264,1965,9,17,15,24000.625,73.46834892597249,-2.726310993906265,356,286,988.090929841514,1002.6070931157249,14.516163274210848,14.906325085498674,8.131338612764157,925.9844793016707,2693750,0.7586565646324016,5.48276979383362,0.0,0.0,0.0,0,0,0,0,0,8,6,2,0
264,1965,9,17,18,24000.75,73.23006685508813,-3.4566191720419943,355,285,989.0983877579637,993.0983877579637,4.0,13.969848378321252,7.733996739297509,223.4611004069437,156875,1.0074579164496391,7.28990528379878,-7.810111652003219,-8.831919130900424,11.789853245546416,0,0,0,2,0,7,7,1,1
264,1965,9,17,21,24000.875,73.23006685508813,-3.4566191720419943,355,285,990.6296210640513,994.6296210640513,4.0,13.098664324974651,7.299872073670269,233.90064490684722,171875,1.53123330608767,11.079912705549896,0.0,0.0,0.0,0,0,0,0,0,6,6,1,1
264,1965,9,18,0,24001.0,73.0040036258205,-3.410944955355722,355,284,991.4888371994383,995.4888371994383,4.0,12.373785176546575,7.145499408647521,247.93869558672074,193125,0.8592161353869596,6.224686024418145,0.4948469325505861,-8.379028065148681,8.393627630721056,0,0,0,0,0,7,7,1,1
264,1965,9,18,3,24001.125,73.01598675032922,-2.654195513406621,356,284,992.1670213563356,996.1670213563356,4.0,11.995306401090824,6.399726755926531,244.7080859684159,188125,0.6781841568973322,4.912865944141249,8.193165515543448,0.4441542169065557,8.205195557296987,0,0,0,0,0,6,6,1,1
264,1965,9,18,6,24001.25,72.78968881402795,-2.6195487953946768,356,283,992.8947466366485,998.8947466366485,6.0,11.596841751582586,6.236224689562078,368.3471039465911,426250,0.7277252803128795,5.278157452616537,0.3799630509605224,-8.387727475611468,8.396329205386289,0,0,0,0,0,5,5,1,1
264,1965,9,18,9,24001.375,72.79856700064674,-1.871744965288753,357,283,994.6013607745789,1000.6013607745789,6.0,10.788811761829535,5.658182470961619,380.8279688947355,455625,1.7066141379304463,12.377398669140186,8.196846937181174,0.3290697699378536,8.203449678340409,0,0,0,0,0,4,4,1,1
264,1965,9,18,12,24001.5,72.57207860739152,-1.8476102659945954,357,282,995.6858206636166,1001.6858206636166,6.0,10.165187035563507,5.5396373300698905,398.19356104198965,498125,1.0844598890376802,7.8748579013544635,0.267923502076347,-8.39478675795282,8.399061121010186,0,0,0,0,0,5,5,1,1
264,1965,9,18,15,24001.625,72.80448825549139,-1.123302714075429,358,283,996.1570288046988,1002.1570288046988,6.0,9.346653600161028,4.730542307639626,424.315954652552,565625,0.4712081410821702,3.41737732548136,7.936651711038664,8.61425792398459,11.713064499236067,0,0,0,0,0,6,6,1,1
264,1965,9,18,18,24001.75,72.80744962280755,0.37447688672282553,360,283,997.5958221594041,1003.5958221594041,6.0,8.449471583710931,3.878945649101734,457.6982563269247,658125,1.4387933547052671,10.434499576932529,16.408959129215187,0.10976300716255195,16.409326239123768,0,0,0,0,0,5,5,1,1
264,1965,9,18,21,24001.875,72.80448825549139,1.123302714075429,361,283,998.3896201783966,1002.3896201783966,4.0,8.1658267568314,3.6824466704959193,363.7272968105886,415625,0.7937980189925292,5.756919532177702,8.205309031705264,-0.10976300716255195,8.20604315267263,0,0,0,0,0,4,4,1,1
264,1965,9,19,0,24002.0,73.02497946900228,1.896518303209288,362,284,998.1323154155027,1004.1323154155027,6.0,8.942579341352094,3.797829318485893,468.0138784589843,688125,-0.25730476289390936,-1.8638642833904395,8.367136510633019,8.172501437370363,11.69609991114084,0,0,0,0,0,5,5,1,1
264,1965,9,19,3,24002.125,73.24220653813751,2.6897703231504724,363,285,998.7827720090431,1002.7827720090431,4.0,8.626904487244087,3.132542751273068,376.3613946086751,445000,0.6504565935404389,4.706364655888398,8.477275713803266,8.051516005901641,11.691497488394248,0,0,0,0,0,5,5,1,1
264,1965,9,19,6,24002.25,73.45604838867499,3.5035316447844576,364,286,999.7024786796802,1003.7024786796802,4.0,8.197522384426208,2.8047271547397394,408.55078823522695,524375,0.919706670637097,6.647093880619516,8.588598834038528,7.926042961350571,11.687009324768374,0,0,0,0,0,6,6,1,1
264,1965,9,19,9,24002.375,73.45604838867499,3.5035316447844576,364,286,,,,8.197522384426208,,0.0,0,0.0,,0.0,0.0,0.0,0,3,0,0,0,6,6,0,0
275,1965,9,15,15,23998.625,72.95316634115224,-151.23884162969227,323,426,1004.4320223792798,1004.4320223792798,0.0,9.591492374686682,1.405593859208966,14.104739588693906,625,,,,,,3,0,0,0,0,12,12,1,1
275,1965,9,15,18,23998.75,73.31522439590972,-148.77159971708244,321,423,1004.414715331833,1004.414715331833,0.0,9.898348877081496,1.327050188656358,14.104739588693906,625,-0.01730704744681134,-0.125176834823825,26.25348324887866,13.419672946610003,29.484453610218534,0,0,0,0,0,13,13,1,1
275,1965,9,15,21,23998.875,73.66637944015486,-142.26324474058455,315,417,1004.7349627880592,1004.7349627880592,0.0,10.130181585908801,1.015077829317379,14.104739588693906,625,0.3202474562262069,2.3120529116997637,67.8080600628962,13.015553128568078,69.04590960177089,0,0,0,0,0,14,14,1,1
275,1965,9,16,0,23999.0,73.73499275744264,-140.0424510691709,313,415,1003.3056037738686,1005.3056037738686,2.0,10.59775344903066,1.2531178881583764,294.85316288611835,273125,-1.4293590141905588,-10.315762376088214,23.053119203340685,2.5431509275519355,23.1929713845325,0,0,0,0,0,12,12,1,1
275,1965,9,16,3,23999.125,74.26529857953832,-137.31372249782422,312,411,1002.5874720386339,1004.5874720386339,2.0,10.609115911166745,1.6648930680753256,280.6807738882166,247500,-0.7181317352347832,-5.169059252194858,27.425163037163554,19.655772329037198,33.7415019444296,0,0,0,0,0,9,9,1,1
275,1965,9,16,6,23999.25,74.27821370034856,-135.0,310,409,1002.0823733373159,1004.0823733373159,2.0,10.570615559579592,1.655457624330811,270.5758189903005,230000,-0.5050987013180566,-3.6354324046583586,23.236099042727606,0.4786986370329037,23.24102947609128,0,0,0,0,0,9,9,1,1
275,1965,9,16,9,23999.375,74.4177089211011,-132.0792784789996,308,406,1001.1545794910812,1005.1545794910812,4.0,11.155705961100303,2.423847176212148,430.3679414445194,581875,-0.9277938462345628,-6.6732140455446505,29.077160965504053,5.17038694628153,29.533272608840882,0,0,0,0,0,12,12,1,1
275,1965,9,16,12,23999.5,74.7968960381166,-127.80076636163237,306,401,998.8257493872874,1004.8257493872874,6.0,12.344672021277372,2.58183548185807,512.6447110626347,825625,-2.32883010379388,-16.719761631311478,41.57802543341496,14.054561220367235,43.88921154496571,0,0,0,0,0,13,13,1,1
275,1965,9,16,15,23999.625,75.01873777529913,-125.23822522495776,305,398,997.9067127782854,1003.9067127782854,6.0,12.129714891848208,2.5970279698421654,515.9327885695917,836250,-0.9190366090019233,-6.5913082159978815,24.550854122714604,8.222558564237556,25.891212939859134,0,0,0,0,0,13,13,1,1
275,1965,9,16,18,23999.75,75.01873777529913,-122.14190982700183,303,395,997.7670354672529,1003.7670354672529,6.0,12.163311052949304,1.8785885259363568,527.1852799293833,873125,-0.13967731103257391,-1.0017622788686642,29.66370639643171,0.0,29.66370639643171,0,0,0,0,0,12,12,1,1
275,1965,9,16,21,23999.875,75.08319759183044,-118.30075576600639,301,391,997.8899007433147,1007.8899007433147,10.0,11.957986361600465,1.813606138184696,948.5896159592952,2826875,0.12286527606178424,0.8809221215273848,36.64252035570666,2.389201523573367,36.72032927328705,0,0,2,0,0,11,11,1,2
275,1965,9,17,0,24000.0,75.18895634230668,-115.59402924599883,300,388,997.4193760543471,1009.4193760543471,12.0,11.818953225039676,3.381638099991615,1107.109753134918,3850625,-0.47052468896756183,-3.371925825891196,25.643998821572435,3.9199455004090753,25.941870562605654,0,0,0,0,0,11,11,1,2
275,1965,9,17,3,24000.125,74.25239376297952,-113.09129517181809,295,387,997.185821901192,1009.185821901192,12.0,12.960917960084462,3.195107460669169,1061.7037649214346,3541250,-0.233554153155128,-1.6812122918895105,25.17425725137166,-34.71366910210729,42.88102203409845,0,0,0,0,0,10,10,1,2
275,1965,9,17,6,24000.25,74.30407495654111,-107.91644913563134,293,381,996.6251892325002,1006.6251892325002,10.0,13.720635797077714,2.8990256071146723,875.1760757868934,2406250,-0.5606326686916873,-4.034624210885582,51.87318710552479,1.9155621756608943,51.908543795155786,0,0,0,0,0,12,12,1,3
275,1965,9,17,9,24000.375,74.49609777836802,-102.12373824778939,292,374,996.42425027489,1000.42425027489,4.0,13.939622749582773,2.248470841502567,377.68057634211374,448125,-0.20093895761019667,-1.444715895641277,57.369261789155786,7.117321195708314,57.809069005092695,0,0,0,2,0,10,10,1,1
275,1965,9,17,12,24000.5,74.40142617685385,-99.53012783259996,291,371,996.9152080192216,1000.9152080192216,4.0,13.501634632008331,1.6507896983518728,382.3919507072277,459375,0.49095774433153566,3.531523658784885,25.84747671670899,-3.5090005952305825,26.084576626775867,0,0,0,0,0,13,13,1,1
275,1965,9,17,15,24000.625,74.2459452108763,-97.7835595264654,290,369,996.2979037429778,1002.2979037429778,6.0,14.002176663876625,2.328027172333677,526.0519530436449,869375,-0.6173042762438127,-4.443733788517153,17.575886774454418,-5.762898202166354,18.49656161552665,0,0,0,0,0,12,12,1,1
275,1965,9,17,18,24000.75,74.30084003291408,-96.15916302914309,290,367,997.2153472893298,1007.2153472893298,10.0,12.994025546494202,2.132725066743951,863.5050135265745,2342500,0.9174435463520058,6.602538321355868,16.29101475378232,2.034675236552686,16.417584019160493,0,0,2,0,0,9,9,1,2
275,1965,9,17,21,24000.875,74.16555385099667,-90.40634623330904,289,360,997.4302617086526,1007.4302617086526,10.0,12.84328621555663,2.8496249833217733,882.871074275603,2448750,0.21491441932274027,1.5476995891580725,58.15849613875935,-5.0143790247759155,58.374263765174796,0,0,0,0,0,9,9,1,2
275,1965,9,18,0,24001.0,74.39166446601546,-89.58780725859768,290,359,997.7454636173574,1005.7148167722698,7.9693531549125325,12.937942888191229,2.485627029905154,720.3090409536582,1630000,0.31520190870476655,2.2673966868410216,8.162979352451165,8.380784416856475,11.699221313846847,0,0,0,0,0,10,9,2,0
275,1965,9,18,3,24001.125,75.10701454724992,-80.89266568774559,294,349,997.4324244262486,1005.4324244262486,8.0,12.47482368999402,12.21920736222899,703.1180853734313,1553125,-0.3130391911086917,-2.244186865485393,82.75773836294319,26.514433269347894,86.90142939298559,0,0,1,0,0,8,8,1,1
275,1965,9,18,6,24001.25,75.10701454724992,-80.89266568774559,294,349,997.8354809021472,1005.8354809021472,8.0,12.133715917525189,8.809698588563988,727.0442591369231,1660625,0.4030564758986293,2.889523340693998,0.0,0.0,0.0,0,0,0,0,0,9,9,1,2
275,1965,9,18,9,24001.375,76.25706815127236,-76.30412349559099,300,345,998.1832219892912,1006.1832219892912,8.0,11.168309623179791,3.2438070538801553,744.350821614822,1740625,0.3477410871439497,2.4802263717625816,40.3936716144619,42.62670871219588,58.72550555024095,0,0,0,0,0,8,8,1,2
275,1965,9,18,12,24001.5,76.20192612378767,-75.39872771416607,300,344,998.3719725893866,1006.3719725893866,8.0,11.093277712054306,4.041222936247578,734.1242579052476,1693125,0.18875060009537264,1.3465611782503764,8.003644357042715,-2.043837900397743,8.260484026806417,0,0,0,0,0,9,9,1,1
275,1965,9,18,15,24001.625,77.62399934554271,-75.83783194468725,306,346,997.8475741992667,1003.8475741992667,6.0,11.568707986367803,5.795634004967942,550.9882520959865,953750,-0.5243983901198953,-3.719573556173348,-3.4882340211899954,52.709109192081165,52.824406938548044,0,0,0,0,0,9,9,1,1
275,1965,9,18,18,24001.75,77.84224709610439,-75.57922687248902,307,346,997.7942788451209,1003.7942788451209,6.0,11.57511199328175,6.90659527100288,519.5830753783531,848125,-0.05329535414581187,-0.3777125908194849,2.0186782487356947,8.08934753801499,8.337421991401646,0,0,0,0,0,8,8,1,1
275,1965,9,18,21,24001.875,78.06018946267069,-75.31121322668162,308,346,997.646600712545,1003.646600712545,6.0,11.657274382381429,10.075832171097863,497.4795840111404,777500,-0.1476781325758202,-1.045768829018908,2.0551674305402456,8.078028487693645,8.335361864702904,0,0,0,0,0,7,7,1,1
275,1965,9,19,0,24002.0,78.86049682624065,-69.37646861667477,313,342,998.4856795870448,1002.4856795870448,4.0,9.12264162038444,6.96059824987613,359.32498880999094,405625,0.8390788744998281,5.924936584137457,42.47980755973643,29.663372861754063,51.81167570970551,0,0,0,0,0,9,9,1,1
275,1965,9,19,3,24002.125,79.19603210398012,-67.4258619213518,315,341,997.9666717227566,1001.9666717227566,4.0,8.646624971876243,6.70281163927626,366.99437405976187,423125,-0.5190078642882873,-3.66068018430237,13.551803888939425,12.436606864967143,18.39349284279692,0,0,0,0,0,8,8,1,1
275,1965,9,19,6,24002.25,79.81559999216027,-65.9734934213208,318,341,998.1832707815702,1002.1832707815702,4.0,7.805543067286908,6.635316218608059,445.80795774190074,624375,0.2165990588135901,1.5246652500387978,9.51815377894061,22.964268625838795,24.858658147197836,0,0,0,0,0,9,9,1,1
275,1965,9,19,9,24002.375,79.81559999216027,-65.9734934213208,318,341,,,,7.805543067286908,,0.0,0,0.0,,0.0,0.0,0.0,0,3,0,0,0,9,9,0,0
311,1965,9,11,3,23994.125,16.590671135024646,136.59483010758265,569,581,998.7732581059789,1006.7732581059789,8.0,7.780300229750009,1.7163634457378796,1075.7580489854324,3635625,,,,,,3,0,0,0,0,24,24,1,1
311,1965,9,11,6,23994.25,16.180054311529037,136.8518742966121,569,583,997.2736096671583,1005.2736096671583,8.0,7.705580734894983,1.7663811293675824,1074.1849642478903,3625000,-1.4996484388205864,-37.28554046964473,9.149965322165796,-15.219502522538495,17.758240972303316,0,0,0,0,0,24,24,1,1
311,1965,9,11,9,23994.375,16.57866356254072,136.86046165557642,568,582,997.4830479459474,1003.4830479459474,6.0,7.771494017039103,1.4617338651436875,771.3887110172301,1869375,0.20943827878916635,5.085421965405384,0.30505857286816285,14.774442142028674,14.777591188723322,0,0,0,0,0,27,27,1,1
311,1965,9,11,12,23994.5,16.739441121383738,137.53002828680636,565,584,997.4054858494925,1005.4054858494925,8.0,9.18959474130441,2.2416374907821592,884.8967849484623,2460000,-0.07756209645493073,-1.8657258158979166,23.76580575524623,5.959216287213632,24.501546521676687,0,0,0,0,0,25,25,1,1
311,1965,9,11,15,23994.625,16.9984423988369,136.33532413839353,569,579,996.7706774107994,1006.7706774107994,10.0,9.493373807281259,2.465981870318792,1086.61434467938,3709375,-0.6348084386931441,-15.044113072461577,-42.347067607283414,9.599876015750459,43.42155863685242,0,0,0,0,0,23,23,1,1
311,1965,9,11,18,23994.75,16.98826079424708,136.60226134627098,568,580,995.7062930457639,1005.7062930457639,10.0,9.448835910909546,2.892534339915801,1109.8019264050702,3869375,-1.064384365035512,-25.239161215288288,9.46229117344377,-0.37738092516296246,9.46981365253344,0,0,0,0,0,23,23,1,1
311,1965,9,11,21,23994.875,17.588054772209333,136.47913980230607,567,578,995.6192874016544,1005.6192874016544,10.0,9.915665212766147,1.5965612369856534,1034.3689404343434,3361250,-0.08700564410944935,-1.9948719969365778,-4.350170276654465,22.231349127120232,22.65296593048684,0,0,0,0,0,20,20,1,1
311,1965,9,12,0,23995.0,17.992406685182885,136.2160013935571,567,576,996.3691219791617,1006.3691219791617,10.0,10.437987256286998,2.37162119304543,960.7802401865856,2900000,0.7498345775072812,16.81825364854125,-9.276260755473379,14.987293767227076,17.625776240174474,0,0,0,0,0,26,26,1,1
311,1965,9,12,3,23995.125,18.568430082272734,136.63269179177436,564,576,996.0924600470473,1006.0924600470473,10.0,10.081385376281654,1.669439244600362,1009.8441948445906,3203750,-0.2766619321143662,-6.019306306294312,14.640631232159132,21.350293128318434,25.88789484568405,0,0,0,0,0,21,21,1,1
311,1965,9,12,6,23995.25,18.19352346932982,136.08347895455097,567,575,993.851657673808,1005.851657673808,12.0,10.65390818217325,3.060127727574363,1313.0292917688303,5416250,-2.240802373239421,-49.72250206585008,-19.338874782365284,-13.895904441582527,23.813614553393545,0,0,0,0,0,21,21,1,1
311,1965,9,12,9,23995.375,18.7795510465364,136.22757883213455,565,574,994.5987591689327,1004.5987591689327,10.0,10.415701420578586,2.642771154139773,1005.2039320230849,3174375,0.7471014951248072,16.07835907622576,5.056722872705913,21.721097819724875,22.301940200471435,0,0,0,0,0,16,16,1,1
311,1965,9,12,12,23995.5,19.18476913849853,135.6853235295141,566,571,995.0779175459512,1005.0779175459512,10.0,11.428397294389748,2.6114480413563435,849.4520135021639,2266875,0.47915837701846614,10.102097064896853,-18.982466772941777,15.019398670258997,24.205709681850198,0,0,0,0,0,19,19,1,1
311,1965,9,12,15,23995.625,19.37789272120765,135.82434282084515,565,571,995.0753661866037,1007.0753661866037,12.0,11.55745186815066,3.490782591720418,1249.84229663064,4907500,-0.0025513593475625387,-0.053274523391388044,4.860847272349848,7.158120870891664,8.652544747495144,0,0,0,0,0,18,18,1,1
311,1965,9,12,18,23995.75,19.776097313004012,135.2761221009455,566,568,993.8988980183193,1007.8988980183193,14.0,12.13745504094589,2.278753584167207,1661.727493497169,8675000,-1.1764681682843365,-24.0902084086675,-19.12135883592097,14.759443458107507,24.15507265410571,0,0,0,0,0,16,16,1,1
311,1965,9,12,21,23995.875,20.166792329369162,135.0,566,566,992.9352384936882,1008.9352384936882,16.0,13.299838044202119,3.1173684601393323,1823.5524648954545,10446875,-0.9636595246310753,-19.365765262100812,-9.607013782029407,14.48110122837266,17.37806107120352,0,0,0,0,0,15,15,1,1
311,1965,9,13,0,23996.0,20.743758579443096,134.30130561701654,567,562,991.120501000601,1009.120501000601,18.0,16.210009011279706,5.557080213648442,1596.1430861747685,8003750,-1.8147374930871591,-35.497613366107494,-24.218261400255695,21.38523995111902,32.30870893455899,0,0,0,0,0,15,15,1,1
311,1965,9,13,3,23996.125,20.738082437092192,134.02187440575355,568,561,990.4052002771227,1008.4052002771227,18.0,16.26307204981742,5.430463780423889,1578.975042087284,7832500,-0.7153007234782853,-13.995474345196262,-9.686061010014678,-0.21038607744426788,9.688345585873211,0,0,0,0,0,14,14,1,1
311,1965,9,13,6,23996.25,21.117899232489055,133.73632744834174,568,559,989.2985463031306,1007.2985463031306,18.0,16.650480515092617,5.111212985819366,1544.3884763591434,7493125,-1.1066539739922154,-21.280526711951396,-9.872993124903838,14.077900234175223,17.194861681554443,0,0,0,0,0,14,14,1,1
311,1965,9,13,9,23996.375,21.283951734903216,133.0299145783857,570,556,989.3943940706299,1005.3943940706299,16.0,16.746440847411865,4.942094588664622,1086.156533685948,3706250,0.09584776749936282,1.8293957065816822,-24.397277844421232,6.154731941695954,25.161635310369228,0,0,0,0,0,15,15,1,1
311,1965,9,13,12,23996.5,21.097036932690873,133.1750166104506,570,557,987.5018831968075,1007.5018831968075,20.0,19.648543928941343,8.123888726195728,1336.0844398669087,5608125,-1.8925108738224663,-36.426593735575764,5.0177136995786835,-6.927992573594492,8.554211352937221,0,0,0,0,0,16,16,1,1
311,1965,9,13,15,23996.625,21.47014826441424,132.88412322430554,570,555,986.4593130554468,1008.4593130554468,22.0,20.51887043740345,7.6128794611061315,1437.7843256500105,6494375,-1.0425701413606294,-19.73446392925592,-10.03377752927819,13.829362387077742,17.08589931903406,0,0,0,0,0,18,18,1,1
311,1965,9,13,18,23996.75,21.840383516277218,132.5904604682114,570,553,985.2004907436332,1007.2004907436332,22.0,21.225348424396422,7.429961124240872,1322.7659111182613,5496875,-1.2588223118137103,-23.443164577209977,-10.103346420332834,13.722760557377766,17.040885135590088,0,0,0,0,0,21,21,1,1
311,1965,9,13,21,23996.875,22.188630046143672,132.00965502483461,571,550,985.5827544589343,1007.5827544589343,22.0,21.290103880318746,7.731316360809578,1358.5288030915617,5798125,0.3822637153012329,7.012713598620906,-19.933317207050226,12.907749114240888,23.747570866787008,0,0,0,0,0,20,20,1,1
311,1965,9,14,0,23997.0,22.32433967415627,131.29025439565171,573,547,984.4432042917709,1008.4432042917709,24.0,23.100400064569936,8.777216809143138,1347.4271829382083,5703750,-1.1395501671633974,-20.784658633871505,-24.665992454715926,5.030074043940384,25.173653462769877,0,0,0,0,0,17,17,1,1
311,1965,9,14,3,23997.125,22.47644947589375,130.853311174034,574,545,984.7588211906234,1006.7588211906234,22.0,22.71670218152576,8.566580729850102,1070.381542527141,3599375,0.3156168988524587,5.71968903622078,-14.965037682270498,5.637946082039208,15.991835068426552,0,0,0,0,0,18,18,1,1
311,1965,9,14,6,23997.25,22.830091461463297,130.54625548853062,574,543,984.0506820796695,1006.0506820796695,22.0,22.458280361276994,7.769835839483203,1134.9715065366302,4046875,-0.7081391109539255,-12.644679338909189,-10.489415492139022,13.107731547947257,16.788104827519334,0,0,0,0,0,19,19,1,1
311,1965,9,14,9,23997.375,22.7667728951871,129.97435490805867,576,541,983.6811017044055,1005.6811017044055,22.0,22.72698799192809,7.233436675306075,1097.3632434928068,3783125,-0.3695803752640495,-6.616677641503953,-19.545924919496933,-2.3469011107735294,19.68631823836954,0,0,0,0,0,20,20,1,1
311,1965,9,14,12,23997.5,22.313822358352322,129.43126292202336,579,540,981.6116927268048,1007.6116927268048,26.0,25.53994290189458,9.33831575364049,1270.053285589372,5067500,-2.0694089776006876,-37.761563576295494,-18.62233260333111,-16.788600572318735,25.072861439531582,0,0,0,0,0,14,14,1,1
311,1965,9,14,15,23997.625,22.313822358352322,129.43126292202336,579,540,980.7654905387931,1008.7654905387931,28.0,26.708098452579602,9.909656838730006,1345.0627552635306,5683750,-0.8462021880116662,-15.441083935980057,0.0,0.0,0.0,0,0,0,0,0,16,16,1,1
311,1965,9,14,18,23997.75,22.44678007209184,128.99099404250546,580,538,978.9734986338939,1006.9734986338939,28.0,27.71398987746835,11.611824921981388,1227.598618197896,4734375,-1.791991904899187,-32.5156302761355,-15.082167886199288,4.928074408698001,15.866874472471423,0,0,0,0,0,17,17,1,1
311,1965,9,14,21,23997.875,22.44678007209184,128.99099404250546,580,538,978.2063731340194,1006.2063731340194,28.0,28.674115446046365,13.431956993006752,1082.3951796064202,3680625,-0.767125499874528,-13.919465295084045,0.0,0.0,0.0,0,0,0,0,0,20,20,1,1
311,1965,9,15,0,23998.0,22.65747195950473,129.11841772720857,579,538,975.9802845950509,1007.9802845950509,32.0,32.07844941161646,17.227656810489425,1182.5291196165808,4393125,-2.22608853896847,-40.03620434128265,4.358458093183737,7.809289655159887,8.943218764417319,0,0,0,0,0,19,19,1,1
311,1965,9,15,3,23998.125,23.20868727223116,128.9305952987555,578,536,975.5770820427875,1007.5770820427875,32.0,32.05168739372699,18.3184738435303,1163.8760713198353,4255625,-0.40320255226339213,-7.088561339679294,-6.398267231887244,20.430782087990917,21.409219516311484,0,0,0,0,0,19,19,1,1
311,1965,9,15,6,23998.25,23.1673177848274,128.64388833799157,579,535,974.3009603399677,1004.3009603399677,30.0,31.878958571511635,17.35786289325166,925.0171689205571,2688125,-1.2761217028198006,-22.472892454931106,-9.769839776761083,-1.5333590390613292,9.889436748685647,0,0,0,0,0,16,16,1,1
311,1965,9,15,9,23998.375,23.378144409733434,128.77155803063656,578,535,974.4281269088384,1004.4281269088384,30.0,32.16000537746246,16.547785950425606,905.893302391394,2578125,0.1271665688707435,2.2203648112599526,4.34359925371542,7.814283697048835,8.940351457008855,0,0,0,0,0,14,14,1,1
311,1965,9,15,12,23998.5,23.588334393708784,128.89994003967834,577,535,974.8391909825721,1006.8391909825721,32.0,32.94689551635347,18.339704923896353,1124.0512908541068,3969375,0.41106407373357795,7.116948240966199,4.360877717850014,7.790686616520052,8.928160640740364,0,0,0,0,0,18,18,1,1
311,1965,9,15,15,23998.625,23.75730319145361,128.74003191982925,577,534,974.9178120609632,1006.9178120609632,32.0,32.55021673521105,16.559452137265907,1040.6965877432037,3402500,0.07862107839115197,1.3520783175167708,-5.424737891220634,6.262824356818266,8.28557482090416,0,0,0,0,0,17,17,1,1
311,1965,9,15,18,23998.75,24.176307849346077,128.99864163716282,575,534,974.7457560881791,1006.7457560881791,32.0,32.34821587119853,14.226769016822875,1150.8119178229927,4160625,-0.17205597278414644,-2.9106357685974125,8.744625056432149,15.530397399360568,17.823066816899004,0,0,0,0,0,17,17,1,1
311,1965,9,15,21,23998.875,24.384857756016757,129.1290374149721,574,534,975.3515745132245,1007.3515745132245,32.0,31.811423145623678,13.191981774422748,1266.523936878984,5039375,0.605818425045436,10.16614631448956,4.401967404837106,7.729897191325121,8.895427343399772,0,0,0,0,0,20,20,1,1
311,1965,9,16,0,23999.0,24.592772302518632,129.2601668652873,573,534,975.0456034393844,1005.0456034393844,30.0,33.068760141736604,13.216973774262296,759.0394548326597,1810000,-0.3059710738400463,-5.09371096248582,4.41942425998689,7.70634758220439,8.88364248760091,0,0,0,0,0,18,18,1,1
311,1965,9,16,3,23999.125,24.836091777552145,129.68545433005525,571,535,974.7734440842818,1002.7734440842818,28.0,33.049844652762296,12.164742971067461,635.1832654737959,1267500,-0.2721593551026308,-4.4892103812267905,14.305367398689016,9.018630392514478,16.910920453016754,0,0,0,0,0,14,14,1,1
311,1965,9,16,6,23999.25,25.482683969648676,130.384568660776,567,536,973.8903987057004,1001.8903987057004,28.0,32.84142185276701,13.056547766705407,630.6254150055114,1249375,-0.8830453785814462,-14.219835606549044,23.391725160507697,23.96592378970622,33.48937606284619,0,0,0,0,0,15,15,1,1
311,1965,9,16,9,23999.375,25.887795173410293,130.6586477584942,565,536,973.8556692307792,1003.8556692307792,30.0,33.1127756278756,12.065502620775588,786.9635774966576,1945625,-0.03472947492118692,-0.5510931319259673,9.1393124950651,15.015436861720579,17.57812211331945,0,0,0,0,0,18,18,1,1
311,1965,9,16,12,23999.5,26.515315271367207,131.37660931206668,561,537,973.3744622872003,1003.3744622872003,30.0,34.82163353798526,10.14479395221526,638.930691883487,1282500,-0.4812069435788726,-7.467793642045575,23.812096019566376,23.259017086768427,33.28660079803335,0,0,0,0,0,19,19,1,1
311,1965,9,16,15,23999.625,27.109469030961005,131.80329087649588,558,537,973.1974316857144,1003.1974316857144,30.0,34.72819774959648,8.017148947966415,652.4871437590323,1337500,-0.1770306014858943,-2.691519543764761,14.07746606164104,22.02229457120715,26.137262842495105,0,0,0,0,0,20,20,1,1
311,1965,9,16,18,23999.75,27.714711198901583,132.5437779523754,554,538,973.4329911696628,1001.4329911696628,28.0,33.86361834401136,6.026687303935833,586.3230142835039,1080000,0.23555948394845472,3.5091625190930755,24.297320165210312,22.433286155448723,33.069806394095856,0,0,0,0,0,21,21,1,1
311,1965,9,16,21,23999.875,28.67713707840889,133.28786422073077,549,538,972.1972603806431,1002.1972603806431,30.0,34.981293199510006,9.2893090188536,633.3012368467128,1260000,-1.2357307890197262,-17.84094132927323,24.196530981673998,35.67229169087998,43.1043443985213,0,0,0,0,0,19,19,1,1
311,1965,9,17,0,24000.0,29.97507712324762,133.41326506322034,545,535,978.252944419264,1002.252944419264,24.0,29.728805167185644,13.057949175670874,606.1756963648521,1154375,6.055684038620966,83.97329439494946,4.02627835142074,48.10811602495918,48.27630624679205,0,0,0,0,0,18,18,1,1
311,1965,9,17,3,24000.125,30.163883582196327,133.56790381583536,544,535,978.384882636666,1000.384882636666,22.0,28.95262551181096,8.94040491229869,541.8863995382676,922500,0.13193821740191197,1.8191844204375804,4.955563997120529,6.998106784273318,8.575028460223875,0,0,0,0,0,16,16,1,1
311,1965,9,17,6,24000.25,31.45843025340433,134.02622782750248,539,533,977.631293187531,1001.631293187531,24.0,28.64314471782195,7.055418893427122,743.4147832042396,1736250,-0.7535894491350337,-10.004259092706304,14.490879063805675,47.98234071431072,50.12275527608236,0,0,0,0,0,22,22,1,1
311,1965,9,17,9,24000.375,32.197274494825876,135.0,534,534,977.6864849001628,1001.6864849001628,24.0,28.531938730468273,4.448813191568333,740.3308957977606,1721875,0.05519171263178577,0.7176305379634307,30.54232654213056,27.385243742207972,41.02176599594749,0,0,0,0,0,20,20,1,1
311,1965,9,17,12,24000.5,33.27714892445374,136.00215632383765,528,534,977.9936982456488,1003.9936982456488,26.0,28.822604582000015,21.65965441850152,856.6815226981975,2305625,0.30721334548608864,3.8791279139388877,31.053992335418428,40.02551932926835,50.65957597084544,0,0,0,0,0,22,22,1,1
311,1965,9,17,15,24000.625,33.97138884285697,137.0273227005002,523,535,979.2038463040791,1003.2038463040791,24.0,27.23041868617844,12.588399369726833,838.1349116173678,2206875,1.2101480584302045,15.004418546470111,31.512051494413274,25.731985600190335,40.68346681779905,0,0,0,0,0,21,21,1,1
311,1965,9,17,18,24000.75,34.643347296673745,138.07562164107924,518,536,982.5204639942467,1004.5204639942467,22.0,23.833037226056252,22.915198812349992,923.618154310838,2680000,3.3166176901676225,40.421393897780156,31.96626174458046,24.90612366011599,40.52353496051422,0,0,0,0,0,16,16,1,2
311,1965,9,17,21,24000.875,39.292797513468344,140.37887473667885,499,528,982.1820011525834,1006.1820011525834,24.0,23.967525088452803,25.601220599949738,1061.7037649214346,3541250,-0.8000547876441851,-8.752701393309177,18.94360624861169,43.920848558578164,47.8320097404238,0,0,0,0,2,13,13,1,1
311,1965,9,18,0,24001.0,41.42780656798399,141.95762514877566,489,525,974.3710579441635,1006.3710579441635,32.0,32.662098392646286,30.311416520413115,1004.2138757087665,3168125,-7.810943208419921,-81.78597379666654,43.87436503044797,79.1340584007787,90.48292162503844,0,0,0,0,0,16,16,1,1
311,1965,9,18,3,24001.125,41.833261617907034,142.99270266667068,485,526,974.9769994961133,1006.9769994961133,32.0,31.834583424893108,41.923842915032,1092.9125527253652,3752500,0.6059415519497997,6.294311440135881,28.585255654356793,15.028181511286162,32.29493892796672,0,0,0,0,0,14,14,1,1
311,1965,9,18,6,24001.25,45.23479788202039,145.04415898807449,471,519,975.0648486695568,1007.0648486695568,32.0,32.5807764201996,19.1724868930137,1114.5422068420035,3902500,0.08784917344353743,0.8572368516145055,53.544177211825435,126.0778584556302,136.97665971270175,0,0,0,0,0,16,16,1,1
311,1965,9,18,9,24001.375,46.92221965419322,145.4207123967945,466,514,972.033442138414,1008.033442138414,36.0,37.01287332036908,16.022790476933586,1138.6465453170058,4073125,-3.031406531142857,-28.753311126425253,9.532451097925838,62.54424672506324,63.26650316194132,0,0,0,0,0,14,14,1,1
311,1965,9,18,12,24001.5,47.529836123944015,146.00950791895488,463,513,969.5289020538162,1009.5289020538162,40.0,40.27639373960822,14.601517641167886,1119.173535307736,3935000,-2.504540084597829,-23.523968959067087,14.73545633986127,22.52128959398854,26.913605453752464,0,0,0,0,0,15,15,1,1
311,1965,9,18,15,24001.625,48.26326848465102,146.87719888387815,459,512,966.9430565492695,1010.9430565492695,44.0,43.735838433156346,15.634060594716868,1186.559908022633,4423125,-2.585845504546596,-24.008289551717425,21.40971225860624,27.18465251585371,34.60319510397885,0,0,0,0,0,15,15,1,1
311,1965,9,18,18,24001.75,49.46111796577514,146.98291381232332,456,508,964.1505191878933,1010.1505191878933,46.0,45.994678984873296,13.43790573567785,1138.9085943125317,4075000,-2.792537361376162,-25.458099752821173,2.5467672428565566,44.398261728273,44.47124540511001,0,0,0,0,0,14,14,1,1
311,1965,9,18,21,24001.875,50.3237146884488,146.9968993079236,454,505,961.46923036995,1011.46923036995,50.0,48.98900763025187,17.004021348787063,1206.0170961396273,4569375,-2.681288817943423,-24.13587860785646,0.330954278103429,31.97212643384497,31.9738392977128,0,0,0,0,0,12,12,1,1
311,1965,9,19,0,24002.0,50.92234651719239,146.44933798850002,454,502,962.7896094641546,1010.7896094641546,48.0,48.036228846523876,22.510034690537722,1137.4228517390727,4064375,1.3203790942046907,11.78403343441119,-12.79361111918763,22.188274094747005,25.612418721640143,0,0,0,0,0,15,15,1,1
311,1965,9,19,3,24002.125,51.12078674485024,146.26323665753492,454,501,963.4380313142124,1011.4380313142124,48.0,46.513706276735114,23.55409674584429,1206.2645096402584,4571250,0.6484218500577845,5.770797903716442,-4.32964049724921,7.35518218591485,8.534898465911562,0,0,0,0,0,15,15,1,1
311,1965,9,19,6,24002.25,51.51315938358578,147.11154950897944,451,501,964.2738735146895,1010.2738735146895,46.0,45.4230684319213,23.475633932041674,1159.8522132083233,4226250,0.8358422004770546,7.398117415137915,19.567776214093296,14.543282260509875,24.380420933070383,0,0,0,0,0,13,13,1,1
311,1965,9,19,9,24002.375,52.041589075932094,147.02668965490534,450,499,964.9818620257158,1006.9818620257158,42.0,45.511506362791785,22.81592848089633,859.810857492422,2322500,0.7079885110263422,6.221119972017057,-1.9346578154016303,19.586233625751902,19.68155096798088,0,0,0,0,0,8,8,1,1
311,1965,9,19,12,24002.5,52.30813360824227,146.35803975029978,451,497,968.4943829886702,1010.4943829886702,42.0,42.55059124337998,23.06467587838568,1028.1958517169357,3321250,3.5125209629542953,30.753369399613124,-15.152938035440576,9.87946657257943,18.08909591064783,0,0,0,0,0,11,11,1,1
311,1965,9,19,15,24002.625,52.239196305716625,145.58957085806767,453,496,968.1231363270699,1010.1231363270699,42.0,42.897775625690464,22.91767248706703,961.7115799670797,2905625,-0.37124666160016206,-3.25342337313984,-17.442121257079478,-2.555159432470906,17.62828504625475,0,0,0,0,0,12,12,1,1
311,1965,9,19,18,24002.75,51.908905445914634,145.50032031825197,454,497,969.4940259584915,1009.4940259584915,40.0,41.87939114842247,23.890424598592652,909.619019369643,2599375,1.3708896314215964,12.067889273780484,-2.040792525640306,-12.242222642350534,12.411158260113735,0,0,0,0,0,10,10,1,1
311,1965,9,19,21,24002.875,52.04301789894387,145.7842978675626,453,497,971.3031963860125,1009.3031963860125,38.0,40.4750238315143,21.797966379980352,881.7436685363318,2442500,1.8091704275208758,15.896934981860557,6.473985964442978,4.970874792236211,8.16223562928038,0,0,0,0,0,12,12,1,1
311,1965,9,20,0,24003.0,51.71273176325659,145.69387256562098,454,498,975.6451138550493,1009.6451138550493,34.0,36.23868813348473,20.524246376327575,879.1451486472622,2428125,4.3419174690368525,38.32481499523541,-2.0766739372462317,-12.242047543154017,12.416936123314844,0,0,0,0,0,11,11,1,1
311,1965,9,20,3,24003.125,51.51598414183002,145.88552705465875,454,499,978.2334804504568,1008.2334804504568,30.0,33.005028245730074,19.095871949884895,816.8580653410794,2096250,2.5883665954075696,22.908976637279622,4.420585524605152,-7.292445777339851,8.527680915453535,0,0,0,0,0,11,11,1,1
311,1965,9,20,6,24003.25,51.252613670172806,146.54417393067385,453,501,980.4736408772352,1006.4736408772352,26.0,30.919276914120246,18.37869412961714,713.6496464611084,1600000,2.2401604267783113,19.900022189814436,15.27958124833115,-9.76182009208897,18.13170523240064,0,0,0,0,0,12,12,1,1
311,1965,9,20,9,24003.375,51.31304225859566,147.29526642299817,451,502,982.2453756825169,1008.2453756825169,26.0,29.84463785998058,15.469030202711364,769.4520051971083,1860000,1.7717348052817397,15.725554612719122,17.401248906367115,2.2397841523047166,17.54480255090544,0,0,0,0,0,13,13,1,1
311,1965,9,20,12,24003.5,51.239975770420926,147.7619266829967,450,503,984.3984381705291,1010.3984381705291,26.0,28.683363598972782,15.961194694071457,835.2816781057132,2191875,2.1530624880122193,19.12969152302529,10.828784217726739,-2.708207597588288,11.162300660066572,0,0,0,0,0,14,14,1,1
311,1965,9,20,15,24003.625,51.36650988932013,148.04848306828666,449,503,986.2719148697902,1010.2719148697902,24.0,27.009593515500555,14.366494156126718,810.8691994695523,2065625,1.873476699261082,16.616185175193245,6.631199859111017,4.689984023009872,8.12211559309284,0,0,0,0,0,17,17,1,1
311,1965,9,20,18,24003.75,51.2891424823425,148.51433278655801,448,504,987.4141189300225,1011.4141189300225,24.0,25.92698699722424,13.680654097997467,873.2417311884742,2395625,1.142204060232325,10.141357265358147,10.798417925075043,-2.867621047852174,11.172693505089397,0,0,0,0,0,18,18,1,1
311,1965,9,20,21,24003.875,51.209097578373914,148.978368962849,447,505,989.5227697798585,1013.5227697798585,24.0,24.576953963054205,12.449289370608021,964.6033309350498,2923125,2.108650849835976,18.74321236302498,10.77511930735037,-2.9668624083525192,11.176111516879653,0,0,0,0,0,17,17,1,1
311,1965,9,21,0,24004.0,50.920952022736564,149.61090603822544,446,507,991.3370358769279,1013.3370358769279,22.0,22.854174777093526,11.718368293571766,945.1228058317408,2806250,1.8142660970693396,16.192164045258213,14.779476589810226,-10.680107974016929,18.234517668570465,0,0,0,0,0,17,17,1,1
311,1965,9,21,3,24004.125,50.83457393662471,150.06848815949223,445,508,992.2484491117968,1012.2484491117968,20.0,21.58896963912649,11.708599353854588,881.1794247538832,2439375,0.91141323486896,8.144262280860156,10.711437614645956,-3.2016016496350677,11.179675706182099,0,0,0,0,0,18,18,1,1
311,1965,9,21,6,24004.25,50.76919902526963,151.26964699225962,442,510,992.9268688137055,1010.9268688137055,18.0,20.698644820118048,10.981426263200992,797.2609698042775,1996875,0.678419701908715,6.06790806676412,28.15676144292466,-2.4231194908409375,28.260833728336152,0,0,0,0,0,16,16,1,1
311,1965,9,21,9,24004.375,50.574998268235,152.17182242909414,440,512,994.5628220986479,1012.5628220986479,18.0,20.073273804165677,9.510167638007333,842.6327728427837,2230625,1.6359532849423704,14.672951075510612,21.235966248012627,-7.19804631092765,22.42271467019528,0,0,0,0,0,14,14,1,1
311,1965,9,21,12,24004.5,50.26453733965769,153.50868852418165,437,515,996.1392210653574,1014.1392210653574,18.0,19.472127708968124,9.40650780252079,911.6944062005773,2611250,1.5763989667095302,14.202282072308314,31.674691850836695,-11.50722672638513,33.700183542198886,0,0,0,0,0,20,20,1,1
311,1965,9,21,15,24004.625,50.26041140166157,154.24603180148756,435,516,997.221512600108,1015.221512600108,18.0,18.47304505614034,9.121176700617799,1036.19449662392,3373125,1.0822915347505477,9.75129405182674,17.471729126871615,-0.1529277909395692,17.472398392665376,0,0,0,0,0,15,15,1,1
311,1965,9,21,18,24004.75,49.915083258440305,155.55604521958347,432,519,998.5371619442135,1014.5371619442135,16.0,17.333513528028952,8.127111405467367,940.5862745713831,2779375,1.3156493441054773,11.913728865885123,31.26564191341875,-12.799579184596734,33.78416184487769,0,0,0,0,0,18,18,1,1
311,1965,9,21,21,24004.875,49.767832576658954,156.71582959553143,429,521,999.0993959612289,1013.0993959612289,14.0,17.31365024592088,7.067299656557879,805.8239062071395,2040000,0.5622340170154349,5.10230606417604,27.76468762478593,-5.457842919679452,28.29604085800408,0,0,0,0,0,19,19,1,1
311,1965,9,22,0,24005.0,49.512556328385706,157.56700907787462,427,523,1000.1779210852942,1012.1779210852942,12.0,16.822448975239965,6.567012030993939,716.8483260132209,1614375,1.078525124065345,9.824808641030295,20.484035018334133,-9.461807900280837,22.56372086722746,0,0,0,0,0,19,19,1,1
311,1965,9,22,3,24005.125,49.15897916561228,158.1091125340528,426,525,1000.5384436461624,1010.5384436461624,10.0,15.914584087356294,6.1583952550382675,642.1917519611053,1295625,0.36052256086812123,3.3016315592040946,13.140072152662203,-13.105328892594207,18.55831731489235,0,0,0,0,0,16,16,1,1
311,1965,9,22,6,24005.25,48.663857725627246,159.0536879099149,424,528,1001.0967877494858,1011.0967877494858,10.0,14.923874628151832,5.519542120038313,687.0904961839703,1483125,0.5583441033234703,5.151939145272805,23.1235353912375,-18.35166406642791,29.52086487548823,0,0,0,0,0,20,20,1,1
311,1965,9,22,9,24005.375,47.930048960534066,160.0835940061909,422,532,1002.6963431739943,1010.6963431739943,8.0,14.037750993224405,4.9608833033476545,578.4663065820774,1051250,1.599555424508435,14.928784603277206,25.57744540829394,-27.198603935223392,37.33590456436547,0,0,0,0,0,19,19,1,1
311,1965,9,22,12,24005.5,47.33475233326073,161.66249288502706,418,536,1003.9952668682538,1009.9952668682538,6.0,13.104702203530644,3.110780739937618,526.996561369576,872500,1.2989236942595743,12.238394768490553,39.66038496273825,-22.06465493380385,45.384965933009454,0,0,0,0,0,21,21,1,1
311,1965,9,22,15,24005.625,46.931238349033045,166.5933551404838,403,542,1005.488827914562,1009.488827914562,4.0,10.606588026620237,1.5373422337124794,500.07219912042757,785625,1.4935610463081685,14.164548933445744,124.7833436364997,-14.956235958750263,125.67645699636262,0,0,0,0,0,23,23,1,1
311,1965,9,22,18,24005.75,46.819255068708515,168.80955802951917,396,544,1005.3910286109314,1009.3910286109314,4.0,10.182149412011091,0.9061769960092352,502.65144201363216,793750,-0.09779930363059976,-0.9292028480350732,56.20910912807253,-4.150657547034475,56.36214959566678,0,0,0,0,0,19,19,1,1
311,1965,9,22,21,24005.875,46.122907126153976,170.8089859555798,390,548,1005.7791751265651,1009.7791751265651,4.0,9.769941958121954,1.4219172105450708,492.65737405943736,762500,0.38814651563370717,3.730649892787546,51.36443315610432,-25.810119463813805,57.484495824389455,0,0,0,0,0,21,21,1,1
311,1965,9,23,0,24006.0,46.122907126153976,170.8089859555798,390,548,,,,9.769941958121954,,0.0,0,0.0,,0.0,0.0,0.0,0,3,0,0,0,21,21,0,0
312,1965,9,17,12,24000.5,34.5200971469843,40.222204213832235,513,178,1003.7310730057559,1003.7310730057559,0.0,7.993128150221213,6.352588607600119,14.104739588693906,625,,,,,,3,0,0,0,0,2,2,1,1
312,1965,9,17,15,24000.625,34.76785167747075,41.06070113011897,515,181,1001.5874392191221,1003.5874392191221,2.0,10.299991188564201,11.195733403992417,165.69317331547472,86250,-2.1436337866338726,-26.043768998855853,25.53026172649726,9.183015614432813,27.13156905890936,0,0,0,0,0,2,2,1,1
312,1965,9,17,18,24000.75,35.37910481571873,42.232569607732614,517,186,1003.0643103833509,1003.0643103833509,0.0,10.548983158111964,3.861354827617979,14.104739588693906,625,1.4768711642287962,17.67245028421036,35.41426792449219,22.65608262291325,42.04127082337055,0,0,0,0,0,2,2,1,1
312,1965,9,17,21,24000.875,33.983095051253216,43.31034898833035,524,185,1003.1937582985478,1005.1937582985478,2.0,9.104756571219887,2.6377391202571014,1246.1758933710637,4878750,0.12944791519694263,1.6045160273677714,33.12471907948834,-51.7430677849437,61.43770892450578,0,0,0,0,0,2,2,1,1
312,1965,9,18,0,24001.0,32.72983561486728,46.159005058893406,536,190,1001.1792250337544,1005.1792250337544,4.0,8.854542955055317,12.216891933113002,769.9689363976381,1862500,-2.0145332647934264,-25.814041512394216,88.81883521337646,-46.452030365178345,100.23261252560653,0,0,0,1,0,2,2,1,2
312,1965,9,18,3,24001.125,35.75326261301705,42.56335175318987,517,188,1002.7513621632644,1006.7513621632644,4.0,11.691392389264875,4.92132028393753,931.4469300661709,2725625,1.0810835647596104,12.818790825261948,0.0,0.0,0.0,0,0,0,0,2,2,2,1,1
312,1965,9,18,6,24001.25,35.438638480683096,43.961519542179886,522,191,1003.3668260928945,1007.3668260928945,4.0,10.98419032693906,6.111677783810446,1090.9995557508316,3739375,0.6154639296300592,7.3539723084585145,42.221806058654714,-11.66153577182719,43.802652013459834,0,0,0,1,0,2,2,1,2
312,1965,9,18,9,24001.375,36.80696771213087,42.16413697991722,513,190,1002.2051246441391,1004.2051246441391,2.0,12.5432692753128,5.797141928774145,858.1896638609356,2313750,-1.1617014487553388,-13.43385413676667,-53.33903790048647,50.717089505480224,73.60214760491995,0,0,1,0,0,1,1,1,1
312,1965,9,18,12,24001.5,36.4815934270312,42.88542411992734,516,191,1000.4676985652658,1002.4676985652658,2.0,12.779179689935633,7.577751335719658,648.5113238181223,1321250,-1.7374260788733955,-20.24547498753162,21.49576077425703,-12.059989921228055,24.647740021434203,0,0,0,0,0,1,1,1,1
312,1965,9,18,15,24001.625,36.4815934270312,42.88542411992734,516,191,1000.9607739274578,1004.8422420088241,3.881468081366329,12.54461956008421,7.7793463513271845,1016.7159659324035,3247500,0.4930753621920303,5.745594033387513,0.0,0.0,0.0,0,0,0,1,0,2,1,2,0
312,1965,9,18,18,24001.75,36.32050412487897,43.41861635357498,518,192,1002.7050142436115,1006.7050142436115,4.0,11.624032554180648,8.687774650839492,1148.648979554595,4145000,1.7442403161537368,20.402531972425344,15.923156759804655,-5.970771045346651,17.005793955980494,0,0,0,0,0,1,1,1,1
312,1965,9,18,21,24001.875,37.945529142618824,40.47652784109833,505,189,1004.9678914435084,1006.9678914435084,2.0,11.632694760109162,14.941726092205718,1629.997800992482,8346875,2.262877199896902,25.495797999551385,-85.99155746917282,60.23151254771859,104.9875376402363,0,0,0,0,0,1,1,1,1
312,1965,9,19,0,24002.0,37.945529142618824,40.47652784109833,505,189,1005.0017196412832,1005.0017196412832,0.0,11.414702416853732,12.716563054073852,14.104739588693906,625,0.033828197774855656,0.3811417151562127,0.0,0.0,0.0,0,0,0,0,0,1,1,1,1
312,1965,9,19,3,24002.125,37.945529142618824,40.47652784109833,505,189,,,,11.414702416853732,,0.0,0,0.0,,0.0,0.0,0.0,0,3,0,0,0,1,1,0,0
317,1965,9,13,21,23996.875,48.99384550267334,34.53324430621763,461,212,1002.8909746670756,1006.8909746670756,4.0,7.569275150379764,7.86280035198768,301.5248932364378,285625,,,,,,3,0,0,0,0,1,1,1,1
317,1965,9,14,0,23997.0,50.08195870711038,36.37739591208068,463,219,1000.6338589300053,1006.6338589300053,6.0,9.69774259091904,8.388444101775749,418.17639068008134,549375,-2.2571157370702712,-20.389189316105238,43.86068104018204,40.330889316117606,59.58472937202546,0,0,0,0,0,1,1,1,1
317,1965,9,14,3,23997.125,50.78588189365036,38.37294056712755,466,225,1000.0053706528902,1008.0053706528902,8.0,10.353954635003621,10.742239178525633,571.1984185363134,1025000,-0.6284882771152479,-5.619976584287761,46.76063315883234,26.090895696905523,53.54709750940469,0,0,0,0,0,0,0,1,1
317,1965,9,14,6,23997.25,51.772347426485695,40.39713173371406,468,232,998.7574689014175,1006.7574689014175,8.0,11.453916502473442,9.586586294906592,532.2553886092405,890000,-1.247901751472673,-11.005824142487619,46.42403738205014,36.563320853670014,59.09371945222613,0,0,0,0,0,0,0,1,2
317,1965,9,14,9,23997.375,52.528584505546256,42.28542273099894,470,238,997.4993582107858,1005.4993582107858,8.0,12.808407876647747,8.123664632455256,491.84907593659347,760000,-1.258110690631729,-10.982637478228533,42.577962576830345,28.029908844011626,50.97605993991264,0,0,0,0,0,0,0,1,2
317,1965,9,14,12,23997.5,52.8780715525312,42.759134500786466,470,240,994.9468729427332,1002.9468729427332,8.0,14.870872208557726,11.908214615002361,387.55964385237047,471875,-2.552485268052551,-22.178553904347677,10.596535040885646,12.953728850905065,16.735759499212683,0,0,0,0,0,1,1,1,1
317,1965,9,14,15,23997.625,54.07678207778806,45.51384971635414,472,249,993.9826112972431,1001.9826112972431,8.0,16.31302803044654,10.172840660281436,369.9638510165959,430000,-0.9642616454900417,-8.249651752049825,59.90036873878041,44.430176307998735,74.57945254426123,0,0,0,0,0,2,2,1,1
317,1965,9,14,18,23997.75,55.37259054899959,47.66300076606714,472,257,992.9818799889562,1002.9818799889562,10.0,17.53811153274261,7.7944014096160394,464.8148397450838,678750,-1.0007313082869222,-8.425772187602492,45.26299377752579,48.029109300588075,65.99646919276951,0,0,0,0,0,3,3,1,1
317,1965,9,14,21,23997.875,56.48386011127782,49.12476660614239,471,263,990.9593906787181,1002.9593906787181,12.0,19.64810372317713,6.728260096596932,542.803452825119,925625,-2.0224893102380155,-16.806654116431623,29.916281611904225,41.18917915328633,50.907095623343864,0,0,0,0,0,4,4,1,1
317,1965,9,15,0,23998.0,57.11879577371315,49.76364169072618,470,266,989.7885361303445,1001.7885361303445,12.0,20.74180415864242,8.766630478579827,476.64838325927485,713750,-1.1708545483737545,-9.659368323478951,12.855740943346104,23.533874802836852,26.81628867755612,0,0,0,0,0,4,4,1,1
317,1965,9,15,3,23998.125,57.23864414431601,50.626745715140736,471,268,989.885227529378,1001.885227529378,12.0,21.15346651351584,8.309072714375798,510.700658891139,819375,0.09669139903358882,0.7966135678704692,17.31149273004348,4.442176925884902,17.872345016343335,0,0,0,0,0,5,5,1,1
317,1965,9,15,6,23998.25,57.269478412057225,52.61322176596662,474,272,990.9523607155675,1002.9523607155675,12.0,20.40523365695818,2.708070501102193,580.3547607439983,1058125,1.0671331861894577,8.788771447280984,39.80877425156976,1.1428713798742527,39.8251762381961,0,0,0,0,0,4,4,1,1
317,1965,9,15,9,23998.375,57.77623896738487,54.46232220802562,475,277,991.4310238759227,1003.4310238759227,12.0,19.65267414536713,4.676943954680101,602.5547393626459,1140625,0.47866316035520867,3.9200768364398653,36.54458112579167,18.783067592004507,41.08905009641107,0,0,0,0,0,3,3,1,1
317,1965,9,15,12,23998.5,58.502845758982446,55.56587327113151,474,281,993.4675288271133,1003.4675288271133,10.0,16.916177355484635,4.410451737062686,605.1903112164174,1150625,2.0365049511905817,16.547297867512746,21.369835092897763,26.931662963710195,34.379998863998296,0,0,0,0,0,6,6,1,1
317,1965,9,15,15,23998.625,59.40982110841131,56.486588993922396,472,285,995.8392519101658,1003.8392519101658,8.0,14.818608504373515,3.247104998172217,572.9372305296926,1031250,2.371723083052493,19.088314149688028,17.366529264022386,33.61701914938832,37.83781594078187,0,0,0,0,0,5,5,1,1
317,1965,9,15,18,23998.75,59.707683889362805,60.65392279279461,476,294,995.7465655532552,1003.7465655532552,8.0,15.928064308569228,3.275774601574012,582.5786780714402,1066250,-0.09268635691056261,-0.7436911195664606,77.89971795207991,11.040276692682161,78.6781657543221,0,0,0,0,0,6,6,1,1
317,1965,9,15,21,23998.875,59.932819735075675,61.406772146902625,476,296,995.4759584818962,1003.4759584818962,8.0,16.052677784824887,3.6014056361316036,578.810120167607,1052500,-0.27060707135897244,-2.1663245593529057,13.98042141437781,8.344654616367835,16.28144476359708,0,0,0,0,0,8,8,1,1
317,1965,9,16,0,23999.0,60.053866297566614,62.75635034065408,477,299,995.2295947328353,1011.2295947328353,16.0,16.401435848661066,3.023598192135105,1068.893609168351,3589375,-0.24636374906098354,-1.9698416478471064,24.969869498527753,4.486587878918546,25.369742875495714,0,0,0,0,0,6,6,1,1
317,1965,9,16,3,23999.125,60.35754394037573,64.90374953730785,478,304,994.7873550654826,1010.7873550654826,16.0,17.259081334507485,2.8052043454560773,1012.8931591762927,3223125,-0.4422396673525509,-3.5252849886483597,39.36399276168001,11.255804405250581,40.94162990100485,0,0,0,0,0,5,5,1,1
317,1965,9,16,6,23999.25,60.73934521959017,66.51027490097405,478,308,994.346480345154,1010.346480345154,16.0,17.72559712661677,3.373686032425103,991.6544784495496,3089375,-0.44087472032872027,-3.5012055354444356,29.10428928678429,14.15145507834959,32.36237531027927,0,0,0,0,0,5,5,1,1
317,1965,9,16,9,23999.375,61.34809309133958,66.97971527851689,476,310,994.7312822524077,1002.7312822524077,8.0,16.973560793974787,2.343448764939967,528.8807166876157,878750,0.3848019072537136,3.037991019209972,8.342959234023398,22.563224981402332,24.0562692523582,0,0,0,0,0,5,5,1,1
317,1965,9,16,12,23999.5,61.86451490128845,67.04341767548836,474,311,994.9651864273852,1002.9651864273852,8.0,16.62585117192035,3.0060756201144248,530.0079948049796,882500,0.23390417497750604,1.8376858365324198,1.1134089354856205,19.141161758305095,19.173516967818415,0,0,0,0,0,7,7,1,1
317,1965,9,16,15,23999.625,61.953914393301076,67.46902076953457,474,312,995.5654840373583,1003.5654840373583,8.0,16.312161094058627,3.329387846983664,543.1698406176479,926875,0.6002976099730586,4.7123574354695705,7.417086632353065,3.313589985468077,8.123610816848926,0,0,0,0,0,8,8,1,1
317,1965,9,16,18,23999.75,62.25569598290444,67.7214981532193,473,313,995.823149510271,1003.823149510271,8.0,16.272115287861343,4.161572016736099,561.3615477764332,990000,0.25766547291277675,2.017051231975137,4.356426263709119,11.18552723954151,12.003935580369454,0,0,0,0,0,8,8,1,1
317,1965,9,16,21,23999.875,62.342472287379316,68.15508575396557,473,314,996.0431445406383,1004.0431445406383,8.0,15.913174963744778,5.258837345866195,590.2121497329464,1094375,0.2199950303672813,1.720791415605379,7.459872686347217,3.216361603523232,8.12371112614966,0,0,0,0,0,9,9,1,1
317,1965,9,17,0,24000.0,63.834130456631364,69.53081036751783,468,319,996.1216368964266,1004.1216368964266,8.0,15.924257505444215,4.290536284728151,602.0592851968912,1138750,0.07849235578833032,0.6059032215805091,22.485219640687482,55.28827356957938,59.68566240391915,0,0,0,0,0,9,9,1,1
317,1965,9,17,3,24000.125,64.71875570006104,70.43223141871053,465,322,996.242784485265,1004.242784485265,8.0,15.68702496948429,3.4691107288052443,644.5109785487341,1305000,0.12114758883835748,0.9282396894768462,14.268508222592402,32.788613017029014,35.75868384712546,0,0,0,0,0,8,8,1,1
317,1965,9,17,6,24000.25,65.01178466913203,70.74659571538938,464,323,996.6885921934875,1004.6885921934875,8.0,14.952195780618755,3.812834592193322,677.1744086891673,1440625,0.445807708222419,3.4076174867802926,4.922130609923312,10.861111573526879,11.924391571637672,0,0,0,0,0,8,8,1,1
317,1965,9,17,9,24000.375,65.01178466913203,70.74659571538938,464,323,997.7602336773504,1003.7602336773504,6.0,13.692665114102393,4.073004845312389,547.1839148692403,940625,1.0716414838629134,8.191299057010795,0.0,0.0,0.0,0,0,0,0,0,6,6,1,1
317,1965,9,17,12,24000.5,65.22844358549773,70.57444477210011,463,323,998.7726927626729,1004.7726927626729,6.0,12.045473581902465,5.415219203641973,591.8951076677646,1100625,1.0124590853226254,7.7253673718916245,-2.6735508108378485,8.030457437390952,8.46381241473837,0,0,0,0,0,9,9,1,1
317,1965,9,17,15,24000.625,65.08658328814009,71.23671219530726,464,324,999.4711153972754,1005.4711153972754,6.0,11.468934062752117,3.324658925933836,614.8113449207418,1187500,0.6984226346024661,5.335286962026064,10.340300992525753,-5.2580484528190565,11.600383534531172,0,0,0,0,0,9,9,1,1
317,1965,9,17,18,24000.75,64.03764277156905,78.20120755026869,472,336,999.2892238603059,1005.2892238603059,6.0,12.239444921429914,1.89870585947654,642.5014658696147,1296875,-0.1818915369694878,-1.4016315899666707,112.95192290263365,-38.87895459820747,119.45589143299703,0,0,0,0,0,8,8,1,1
317,1965,9,17,21,24000.875,63.81227045948099,78.30228475331423,473,336,998.8514394794578,1004.8514394794578,6.0,12.03170749126184,2.06633132477793,668.3027450576806,1403125,-0.4377843808481703,-3.380007079654573,1.65334803790046,-8.353419236782408,8.515466674227296,0,0,0,0,0,7,7,1,1
317,1965,9,18,0,24001.0,63.9896249775515,77.71408391900334,472,335,998.1709779347158,1004.1709779347158,6.0,12.22923096488754,1.794999751991927,626.9870089858174,1235000,-0.6804615447419928,-5.245687117202688,-9.56072830850045,6.57364087564385,11.602597991436983,0,0,0,0,0,8,8,1,1
317,1965,9,18,3,24001.125,64.03764277156905,78.20120755026869,472,336,998.6544326954713,1004.6544326954713,6.0,11.319565126108424,1.8204336371126555,704.9548282013843,1561250,0.4834547607555578,3.7254370174926845,7.90420735715038,1.7797783611385567,8.1021049709077,0,0,0,0,0,7,7,1,2
317,1965,9,18,6,24001.25,63.81227045948099,78.30228475331423,473,336,998.9647919425356,1004.9647919425356,6.0,10.206786337806344,1.4915354788774857,746.2193760167105,1749375,0.3103592470643343,2.3961943326560258,1.65334803790046,-8.353419236782408,8.515466674227296,0,0,0,0,0,8,8,1,2
317,1965,9,18,9,24001.375,63.9896249775515,77.71408391900334,472,335,999.3029469245766,1004.9047656841384,5.60181875956172,8.72747241624035,1.0669937903547544,752.7227892173502,1780000,0.3381549820410146,2.6068412632826155,-9.56072830850045,6.57364087564385,11.602597991436983,0,0,0,0,0,7,10,2,0
317,1965,9,18,12,24001.5,64.08373710332806,78.69006752597979,472,337,999.4193583778874,1005.1833344388177,5.763976060930291,8.239242923127506,1.1287758746218606,747.6842499412987,1756250,0.11641145331072039,0.8966999487422007,15.810302352377812,3.488263640696341,16.19054179762393,0,0,0,0,0,8,10,2,0
317,1965,9,18,15,24001.625,64.12388093145904,88.24914581345716,474,356,999.0969509310971,1005.0969509310971,6.0,8.855473288662926,4.834686378850238,740.1965222789484,1721250,-0.08638350772060222,-0.6651728907813744,0.0,0.0,0.0,0,0,0,0,2,10,10,1,1
317,1965,9,18,18,24001.75,63.899812014484745,88.76002523368732,475,357,998.9303160349092,1004.9303160349092,6.0,8.646210811011997,5.23483348913258,716.0152655040031,1610625,-0.16663489618789754,-1.2855755355915028,8.33060428965766,-8.305108928760955,11.763239441133873,0,0,0,0,0,9,9,1,1
317,1965,9,18,21,24001.875,63.893834648574455,88.26429541107161,475,356,997.9362508874532,1003.9362508874532,6.0,8.622959357139031,4.21989437804099,708.0523079119723,1575000,-0.9940651474559854,-7.669528939464348,-8.085291515845002,-0.22155092130755857,8.088326384792307,0,0,0,0,0,8,8,1,1
317,1965,9,19,0,24002.0,63.669601185899076,88.77066551352212,476,357,997.9354674003946,1001.9354674003946,4.0,7.878488442516608,4.609477306706103,535.4230488541527,900625,-0.0007834870586520993,-0.006056513394023038,8.32472809120083,-8.311207811147813,11.76338697282856,0,0,0,1,0,10,10,1,2
317,1965,9,19,3,24002.125,63.669601185899076,88.77066551352212,476,357,997.5818414211461,1003.5818414211461,6.0,7.611447642786753,4.06509373328976,864.1959097674086,2346250,-0.3536259792484634,-2.733600327078093,0.0,0.0,0.0,0,0,0,0,0,9,9,1,2
317,1965,9,19,6,24002.25,63.669601185899076,88.77066551352212,476,357,,,,7.611447642786753,,0.0,0,0.0,,0.0,0.0,0.0,0,3,0,0,0,9,9,0,0
318,1965,9,18,6,24001.25,79.26156357509215,36.51105611949529,388,321,997.586133564987,999.586133564987,2.0,8.420326856564815,3.019844646698184,192.8794129702041,116875,,,,,,3,0,0,0,0,7,7,1,1
318,1965,9,18,9,24001.375,79.8354077416136,34.21570213243741,385,322,997.4554941733935,1001.4554941733935,4.0,9.05985230802447,3.3279485027655755,312.85825864361584,307500,-0.13063939159343135,-0.9195283860484749,-15.013159994955062,21.269520000586407,26.034351424405877,0,0,0,0,0,6,6,1,1
318,1965,9,18,12,24001.5,80.27091289890856,32.774877324264246,383,323,997.7802183381182,1001.7802183381182,4.0,9.81158261521925,3.81264010718609,300.86437789062944,284375,0.3247241647246119,2.282583567141967,-9.02452147382611,16.14198800624691,18.49339786587007,0,0,0,0,0,7,7,1,1
318,1965,9,18,15,24001.625,80.81387977067912,30.004920870824012,380,324,996.83557964959,1000.83557964959,4.0,11.138541109150548,4.0712216781686585,279.25959628100287,245000,-0.9446386885280663,-6.62967460922627,-16.38863349293074,20.125053825651086,25.95390335288634,0,0,0,0,0,8,8,1,1
318,1965,9,18,18,24001.75,81.22860314269495,28.201628218694708,378,325,997.4394261272985,1003.4394261272985,6.0,11.081582734182952,3.971884724151023,396.94255713009204,495000,0.60384647770843,4.233078529732356,-10.192033333851953,15.371711643027563,18.4436184712962,0,0,0,0,0,7,7,1,1
318,1965,9,18,21,24001.875,81.5320655399138,27.582029207797163,377,326,997.7587423562663,1003.7587423562663,6.0,11.247315293276968,3.7276659925167035,391.6447068515214,481875,0.31931622896780026,2.2366709542123266,-3.3817774714172697,11.247826332710453,11.745212474749023,0,0,0,0,0,6,6,1,1
318,1965,9,19,0,24002.0,82.69883336395529,20.658910063307495,371,329,998.8125308814266,1002.8125308814266,4.0,10.87623590500558,2.588827421616297,327.1569947736096,336250,1.0537885251603438,7.360541399957808,-32.59111222426028,43.246220868509006,54.15178866318445,0,0,0,0,0,7,7,1,1
318,1965,9,19,3,24002.125,83.76764263656138,17.783888442692525,368,333,998.9370616254178,1002.9370616254178,4.0,11.1163106588027,2.3514365666229424,356.5459448579543,399375,0.12453074399105389,0.8679037758697342,-11.567320056879886,39.615389554818876,41.269625426920804,0,0,0,0,0,7,7,1,1
318,1965,9,19,6,24002.25,85.17450547495939,3.9909130984297803,361,338,998.7708566061411,1000.7708566061411,2.0,11.704441082286644,1.7094306834162125,246.73217409298277,191250,-0.16620501927653095,-1.1555981378105131,-42.90278939319265,52.14533670487388,67.52618364591109,0,0,0,0,0,8,8,1,1
318,1965,9,19,9,24002.375,86.00460182973166,-11.309932474020213,356,342,998.1990900568968,1000.1990900568968,2.0,12.443514804599046,2.4522104993453104,218.96444142013897,150625,-0.5717665492443484,-3.9709656911821236,-39.398484206421905,30.767501092273267,49.98879555687167,0,0,0,0,0,5,5,1,1
318,1965,9,19,12,24002.5,86.73672889440275,-22.16634582208246,354,346,998.7983545657669,1000.7983545657669,2.0,12.516292574669746,2.2114371851288888,209.6820283885486,138125,0.5992645088701102,4.158569375077611,-22.871677099162753,27.136271750198837,35.48930624609342,0,0,0,0,0,5,5,1,1
318,1965,9,19,15,24002.625,86.9758998903873,-38.99099404250548,351,349,997.8767197535875,1001.8767197535875,4.0,12.611741787732644,2.588094573779308,330.48461340403304,343125,-0.9216348121793999,-6.3941776065725255,-32.78116838815257,8.864867118002769,33.95866413615619,0,0,0,0,0,8,8,1,1
318,1965,9,19,18,24002.75,87.23566486834333,-58.2405199151872,349,353,997.3087476810058,1001.3087476810058,4.0,13.2616808417016,2.568556242489285,323.1801841141507,328125,-0.5679720725817606,-3.939610270247611,-34.248658806628185,9.628182556216318,35.576291675618165,0,0,0,0,0,7,7,1,1
318,1965,9,19,21,24002.875,87.09423491173764,-74.35775354279127,347,356,996.4110557294949,1000.4110557294949,4.0,13.54471802840271,2.7507693723988633,320.7084064584796,323125,-0.8976919515107875,-6.227399085142378,-30.18399538496769,-5.2420978833714855,30.635815112684675,0,0,0,0,0,8,8,1,1
318,1965,9,20,0,24003.0,86.75212623519063,-91.97493401088198,345,360,996.4189190538895,998.4189190538895,2.0,13.8128132344888,2.5469893639162184,226.99430130732603,161875,0.007863324394420487,0.05456635538370388,-36.84998461398617,-12.680249731037414,38.970631240621344,0,0,0,0,0,6,6,1,1
318,1965,9,20,3,24003.125,85.95471307666892,-104.42077312751098,342,364,995.8045066480929,997.8045066480929,2.0,13.723034679041401,2.6045439395654104,281.74195262169036,249375,-0.6144124057964655,-4.267405817782234,-32.47908453414772,-29.55609922240909,43.91416552117556,0,0,0,0,0,6,6,1,2
318,1965,9,20,6,24003.25,84.94104766288874,-114.86369657175187,339,369,995.742023565771,996.9832134903781,1.2411899246071698,13.501827829375785,2.274719769277581,329.5804130409127,341250,-0.062483082321996335,-0.434588434125698,-34.08495164750413,-37.571483775804886,50.72869328031488,0,0,0,0,0,7,6,2,0
318,1965,9,20,9,24003.375,83.036942274948,-117.80145877993414,332,374,995.3417049142803,995.3417049142803,0.0,12.838088381520993,3.3228628547775587,14.104739588693906,625,-0.40031865149067014,-2.7940967727513346,-13.199008061921466,-70.57561964519252,71.79924722531254,0,0,0,2,0,7,7,1,1
318,1965,9,20,12,24003.5,80.7266265936,-118.11320887605596,323,379,,,,14.118745625487636,,0.0,0,-1.6090429910863167,,-1.8620319990171814,-85.63179423775482,85.65203644714201,0,2,2,0,0,9,8,0,0
319,1965,9,18,9,24001.375,39.506099538344806,-162.23028432569743,293,567,1010.7239258784319,1012.7239258784319,2.0,7.61873817494274,13.56750059083075,112.83791670955125,40000,,,,,,3,0,0,0,0,15,15,1,1
319,1965,9,18,12,24001.5,40.9991412215348,-161.9926236839114,294,561,1008.2650284276999,1010.2650284276999,2.0,10.717346635582475,14.82508842050447,117.16276644769007,43125,-2.4588974507320382,-25.96722893945814,6.648235130899667,55.33955347985999,55.737466839694214,0,0,0,0,0,16,16,1,1
319,1965,9,18,15,24001.625,42.79214676740452,-161.91927095789242,296,554,1008.6138359780595,1010.6138359780595,2.0,10.45523997413448,13.07325468632669,184.98192550829796,107500,0.34880755035963373,3.5572864877330455,1.9951303412020058,66.45770671542336,66.48764792765354,0,0,0,1,0,16,16,1,2
319,1965,9,18,18,24001.75,45.188567709828945,-161.28601549589644,297,544,1009.3784697477399,1009.3784697477399,0.0,10.958764515692295,10.750249322879608,14.104739588693906,625,0.7646337696803676,7.4673149041023805,16.542171502138824,88.82328363412284,90.35053488250088,0,0,0,2,0,15,15,1,1
319,1965,9,18,21,24001.875,48.248736143800194,-161.2666383570831,301,532,1010.1247845483606,1010.1247845483606,0.0,10.556728518705693,4.873772669033424,14.104739588693906,625,0.7463148006207484,6.9307302458720175,0.4782568045420674,113.42506817847581,113.42607645891212,0,0,0,0,0,13,13,1,1
319,1965,9,19,0,24002.0,50.52242323210734,-161.2502423696889,304,523,1010.1151483385783,1012.1151483385783,2.0,9.495717340782178,10.660074095704767,112.83791670955125,40000,-0.009636209782329389,-0.08649295934582525,0.38637191609781363,84.27415633233107,84.27504202777787,0,0,0,0,0,16,16,1,1
319,1965,9,19,3,24002.125,51.19927699466578,-160.92490150755444,304,520,1008.8687519350677,1012.8687519350677,4.0,10.017079850748404,11.321393028700259,169.2568750643269,90000,-1.2463964035105892,-11.080398480518285,7.5561718230997625,25.08756815892633,26.200797864740323,0,0,0,0,0,16,16,1,1
319,1965,9,19,6,24002.25,52.097346724480545,-160.4738349518154,304,516,1008.890157458674,1012.890157458674,4.0,10.849712284462688,9.246891714708617,195.94930472170537,120625,0.0214055236063723,0.1879484928070101,10.270687902214856,33.286932576150484,34.83542608199146,0,0,0,0,0,14,14,1,1
319,1965,9,19,9,24002.375,53.434873666357944,-159.75750024318455,304,510,1010.7689350615924,1012.7689350615924,2.0,9.305298585629926,8.312209527044105,141.04739588693906,62500,1.8787776029182714,16.20626685572863,15.817280684513737,49.575403395726276,52.037553652162394,0,0,0,0,0,9,9,1,1
319,1965,9,19,12,24002.5,52.321071183553876,-160.357847520419,304,515,1010.8954408045565,1012.8954408045565,2.0,8.560749992332676,12.630489507700258,91.40915989289316,26250,0.12650574296421838,1.1074095596121938,-13.601097568122139,-41.283061790641696,43.46586069396899,0,0,0,0,0,12,12,1,1
319,1965,9,19,15,24002.625,52.321071183553876,-160.357847520419,304,515,,,,8.560749992332676,,0.0,0,0.0,,0.0,0.0,0.0,0,3,0,0,0,12,12,0,0
328,1965,9,14,3,23997.125,43.15203981310142,-104.68613786996784,163,411,1005.5311709563364,1015.5311709563364,10.0,9.772231606619274,10.9869209286556,911.6944062005773,2611250,,,,,,3,0,0,0,0,13,13,1,1
328,1965,9,14,6,23997.25,44.519243586647946,-104.21210473123497,168,408,1004.5105394451929,1014.5105394451929,10.0,10.965425465527863,19.307667334771978,778.5765148662374,1904375,-1.0206315111435833,-10.085081419812708,12.527674998066209,50.67537443588999,52.20092159219822,0,0,0,0,0,13,13,1,1
328,1965,9,14,9,23997.375,43.95518852787875,-101.98463077987421,164,401,1002.1885313127719,1012.1885313127719,10.0,12.822547860085663,12.336543843384133,616.4271462483625,1193750,-2.322008132420888,-23.17742000401137,59.43263955414535,-20.906686961110996,63.002604740303006,0,0,0,0,0,11,11,1,1
328,1965,9,14,12,23997.5,44.434108896194175,-100.62854799368627,165,396,1003.0712434363257,1013.0712434363257,10.0,11.525953604154262,10.206042016832216,742.0755373261928,1730000,0.8827121235537925,8.735479214134592,35.89031305759429,17.751171741139867,40.04021315572091,0,0,0,0,0,8,8,1,1
328,1965,9,14,15,23997.625,45.47780456890646,-98.46491683091838,168,388,1002.9243624233642,1006.9243624233642,4.0,10.618696309650307,8.955217634440487,210.15588668414918,138750,-0.14688101296153036,-1.4272814301477517,56.22982892762869,38.68455458882845,68.2516551078905,0,0,0,0,0,8,8,1,1
328,1965,9,14,18,23997.75,45.42886987359998,-96.66665989090137,167,382,1001.6858168027596,1013.6858168027596,12.0,11.030117576996588,6.315310104323653,1067.0307746937976,3576875,-1.2385456206045637,-12.045395365878901,46.77525743726832,-1.8137632849925482,46.81040958565426,0,0,2,0,0,9,9,1,2
328,1965,9,14,21,23997.875,45.59592250567556,-94.60349479888347,167,375,1000.2476589090348,1010.2476589090348,10.0,11.356866620045313,8.095863047341336,896.6222204992114,2525625,-1.438157893724856,-13.94671190287205,53.5064823659629,6.191801723141576,53.86355041916377,0,0,0,0,0,10,10,1,2
328,1965,9,15,0,23998.0,46.16228171301992,-93.15484286479199,169,370,998.6266409720391,1010.6266409720391,12.0,12.15209112718733,12.143100518397768,1073.907121859077,3623125,-1.6210179369956312,-15.570044033052618,37.18909645918292,20.992090171708693,42.704762559081864,0,0,0,0,0,11,11,1,2
328,1965,9,15,3,23998.125,46.2194879235875,-91.35319195377969,169,364,996.59404617669,1010.59404617669,14.0,14.660343070298353,12.237939520917353,1040.1229377660886,3398750,-2.0325947953491412,-19.504592203322648,46.20265015413518,2.120346795891889,46.25127838017298,0,0,0,0,0,11,11,1,2
328,1965,9,15,6,23998.25,46.474453673957775,-89.8488241515751,170,359,995.5220063992489,1011.5220063992489,16.0,15.929430940769187,14.664570587494891,1168.0563983195643,4286250,-1.0720397774410957,-10.243612680818686,38.39965772674208,9.450299303098973,39.5454405772536,0,0,0,0,0,10,10,1,2
328,1965,9,15,9,23998.375,45.8569030586648,-85.66993971541054,168,345,994.5654370499791,1008.5654370499791,14.0,18.7066742486279,3.9727707437424398,681.2749832422586,1458125,-0.9565693492698483,-9.235343463579683,107.86142679581762,-22.88949845560162,110.26339614749091,0,0,0,0,0,6,6,1,1
328,1965,9,15,12,23998.5,46.00114865745601,-79.92267586992014,171,326,997.0611870111028,1009.0611870111028,12.0,16.829307312406996,5.9595907479192824,707.4901384641421,1572500,2.495749961123656,24.036940802745512,147.94246209159638,5.346459592129783,148.03903782412837,0,0,0,0,0,9,9,1,1
328,1965,9,15,15,23998.625,47.276365951792144,-77.1207127212308,178,318,995.7343666041866,1011.7343666041866,16.0,17.601213928025604,3.8362764414793493,894.2894324751769,2512500,-1.326820406916231,-12.512994843021932,70.45775356266806,47.265897833193044,84.84315019537821,0,0,0,0,0,7,7,1,1
328,1965,9,15,18,23998.75,48.85597800256666,-74.99666776968844,186,313,995.3883908499997,1011.3883908499997,16.0,17.596023332139687,8.174289544773274,877.6730168831521,2420000,-0.3459757541868021,-3.1830085499093066,51.79750881224702,58.54828203757805,78.1721385706352,0,0,0,0,0,8,8,1,1
328,1965,9,15,21,23998.875,49.76374859765498,-72.28636280994999,192,306,994.9641991219377,1008.9641991219377,14.0,18.672312664040835,9.850202077920912,696.2942951035045,1523125,-0.4241917280619964,-3.8497965145321063,64.88600071500301,33.64649491031105,73.09090031280883,0,0,0,0,0,9,9,1,1
328,1965,9,16,0,23999.0,50.52242323210734,-71.25024236968889,196,304,996.9813521513802,1008.9813521513802,12.0,17.608731852333847,10.963043782899767,665.0201486546135,1389375,2.0171530294424156,18.10561817466951,24.41600990843618,28.120256775005696,37.24097717489577,0,0,0,0,0,7,7,1,1
328,1965,9,16,3,23999.125,51.18384883241415,-69.85841925947858,200,301,996.0282920219449,1010.0282920219449,14.0,18.851521635702444,12.469457282696094,679.9596382741817,1452500,-0.95306012943518,-8.474489515486232,32.33601749794272,24.51572370231635,40.578796634148404,0,0,0,0,0,4,4,1,1
328,1965,9,16,6,23999.25,51.731175913752345,-68.1033621589307,204,297,995.8468217274454,1009.8468217274454,14.0,19.57740452402569,6.213733747836377,656.7418791116007,1355000,-0.18147029449944965,-1.6013775035412272,40.288583156309436,20.28666488666037,45.10785635525722,0,0,0,0,0,4,4,1,1
328,1965,9,16,9,23999.375,52.35990639969235,-65.84352790245167,209,292,994.5155712692873,1008.5155712692873,14.0,20.940685319640448,4.393134659462812,570.5014098343019,1022500,-1.3312504581581743,-11.647443627700765,51.1505336053718,23.30388008776536,56.20896650232253,0,0,0,0,0,4,4,1,1
328,1965,9,16,12,23999.5,52.5936316504459,-64.91977296680358,211,290,993.3561610287417,1011.3561610287417,18.0,22.764997110874283,6.507661810693753,706.2236210395592,1566875,-1.1594102405456943,-10.112241496053608,20.79879446429315,8.663020704174098,22.530818424745704,0,0,0,0,0,6,6,1,1
328,1965,9,16,15,23999.625,52.60665255291951,-63.356782732926234,213,286,990.7274712840939,1010.7274712840939,20.0,25.47776540815044,10.744004038849452,678.7883029715797,1447500,-2.628689744647709,-22.923143471399,35.180583068937224,0.48261943180002687,35.18389328352312,0,0,0,0,0,6,6,1,1
328,1965,9,16,18,23999.75,52.478058152989426,-61.48686381640706,215,281,988.5706519229304,1010.5706519229304,22.0,27.7707665780133,11.925430200677802,685.7863055183814,1477500,-2.156819361163507,-18.840629405578728,42.21221659508097,-4.7663482890423845,42.480457929293635,0,0,0,0,0,6,6,1,1
328,1965,9,16,21,23999.875,52.837324453493146,-59.57902935154835,219,277,985.8705573991355,1009.8705573991355,24.0,29.994027338707337,12.439010808546518,648.0510057732638,1319375,-2.700094523794978,-23.473772725929656,42.71556881951965,13.316196643457422,44.74305435061789,0,0,0,0,0,5,5,1,1
328,1965,9,17,0,24000.0,52.79806842627644,-58.795253177123755,220,275,982.6725643547456,1008.6725643547456,26.0,33.44009543324883,15.131838985403665,639.8641192502521,1286250,-3.1979930443897318,-27.816799125785625,17.564687292510467,-1.4550236889059451,17.624849889260222,0,0,0,0,0,5,5,1,1
328,1965,9,17,3,24000.125,52.70225658575247,-55.96975796680059,224,268,980.2434769691863,1006.2434769691863,26.0,34.60294629775925,5.981230778768804,636.1221917298153,1271250,-2.4290873855593964,-21.15558415713292,63.455942591694914,-3.5512635262475007,63.55523678528259,0,0,0,0,0,5,5,1,1
328,1965,9,17,6,24000.25,52.49393166991233,-54.90803710275841,225,265,979.3941549580841,1005.3941549580841,26.0,34.64512821638028,8.6276003672152,660.5175907957774,1370625,-0.8493220111021946,-7.417569808300349,23.959471014568688,-7.721557911693082,25.172975745461383,0,0,0,0,0,5,5,1,1
328,1965,9,17,9,24000.375,53.454049727323714,-52.093672927787104,233,261,979.0657229533508,1003.0657229533508,24.0,33.535619640442924,3.8453130221516045,631.7285966322306,1253750,-0.3284320047333313,-2.832339504133338,62.11174476176784,35.58675232132528,71.58411680065868,0,0,0,0,0,1,1,1,1
328,1965,9,17,12,24000.5,53.747184560328286,-50.355825042855194,237,258,977.5155661778472,1003.5155661778472,26.0,33.45105441843949,9.122065750308247,711.1362961307047,1588750,-1.5501567755035648,-13.317949062306257,38.08980243854598,10.865035417635749,39.60911567346515,0,0,0,0,0,4,4,1,1
328,1965,9,17,15,24000.625,53.41423210351356,-50.308700354772924,236,257,976.6736625818485,1002.6736625818485,26.0,33.28897232550451,9.880631778288008,755.7561127910507,1794375,-0.8419035959987378,-7.264171179711013,1.0410629601211747,-12.340874670545944,12.384708301815538,0,0,0,0,0,4,4,1,1
328,1965,9,17,18,24000.75,52.017305997375054,-47.92320293197818,236,248,976.5908863843681,1002.5908863843681,26.0,32.884600284093594,2.620783914007043,799.7524164080746,2009375,-0.08277619748041616,-0.7275979918948978,54.412315558218744,-51.7770319666469,75.11032634519935,0,0,0,0,0,4,4,1,1
328,1965,9,17,21,24000.875,52.23632621908286,-45.24485226804435,242,243,976.4711874264947,1004.4711874264947,28.0,32.228626169918904,4.24589661380618,897.1767521995098,2528750,-0.1196989578733337,-1.0490235708682878,60.791918651739515,8.11797916215821,61.33154945896076,0,0,0,0,0,4,4,1,1
328,1965,9,18,0,24001.0,52.569047058695986,-44.25914759061067,245,242,970.6142911632086,1002.6142911632086,32.0,35.78893402169203,4.043832093425663,919.0837069931306,2653750,-5.85689626328618,-51.09994146053232,22.2060528002033,12.3322897846323,25.400672280425237,0,0,0,0,0,4,4,1,1
328,1965,9,18,3,24001.125,52.8780715525312,-42.759134500786466,249,240,968.6934865659023,1004.6934865659023,36.0,35.969140747932,5.9559853179471975,1034.1765891652822,3360000,-1.920804597306269,-16.689878227418177,33.55348644516301,11.4539853077932,35.45462215363295,0,0,0,0,0,4,4,1,1
328,1965,9,18,6,24001.25,53.18049476073404,-41.73666868176461,252,239,967.2056821929106,1005.2056821929106,38.0,36.49624422403,6.479533455153505,1096.4564065116335,3776875,-1.4878043729916681,-12.876275167462603,22.71173521893426,11.209308817242237,25.327288066733146,0,0,0,0,0,4,4,1,1
328,1965,9,18,9,24001.375,53.493904362353305,-41.20275211956157,254,239,967.1345477865851,1005.1345477865851,38.0,35.83471889533777,5.6841191480618,1095.7303965618028,3771875,-0.07113440632543643,-0.6131345658099415,11.772972440527887,11.616519220584596,16.539238159227303,0,0,0,0,0,3,3,1,1
328,1965,9,18,12,24001.5,53.564848817143556,-39.415497723013054,258,236,966.3371938931795,1006.3371938931795,40.0,35.713465239439714,3.203805822071299,1178.400135131012,4362500,-0.7973538934056705,-6.866409824616604,39.3424335004778,2.6295544820800134,39.43021215405447,0,0,0,0,0,3,3,1,1
328,1965,9,18,15,24001.625,54.303480579507735,-38.003233642865666,263,236,967.1256597216623,1005.0062304181172,37.88057069645496,33.93290579627958,2.0492763764717528,1152.3667195919022,4171875,0.7884658284827311,6.726417771329662,30.542683753662395,27.37736821114201,41.01677487375966,0,0,0,0,0,4,5,2,0
328,1965,9,18,18,24001.75,55.20602880076585,-36.75747964848113,268,237,967.426801925402,1003.1464022903377,35.71960036493576,33.14634645479739,2.0177858563103657,1090.6347949396502,3736875,0.30114220373972783,2.5406123619878533,26.34769800589821,33.452927751991105,42.58285529869914,0,0,0,0,0,3,4,2,0
328,1965,9,18,21,24001.875,57.67924999872919,-38.43980359942869,271,248,967.5435702420931,1003.5435702420931,36.0,31.388640907002266,7.5825912292355495,1096.8192312755389,3779375,0.11676831669115927,0.9573127617873345,-33.33792950092263,91.66988322776709,97.54375958717678,0,0,1,0,0,3,3,1,1
328,1965,9,19,0,24002.0,56.90917737754748,-39.427802196036204,267,247,969.3949273034464,1003.3949273034464,34.0,29.73591041574257,10.063734856573937,1120.5059380994771,3944375,1.851357061353192,15.309719968194052,-19.9932444622547,-28.542722874427877,34.848484231223985,0,0,0,0,0,4,4,1,1
328,1965,9,19,3,24002.125,55.76864970788748,-39.87868348922139,263,244,971.2981021181378,1001.2981021181378,30.0,28.2089311271887,10.800773160674362,1063.4823996412829,3553125,1.903174814691447,15.948251250267363,-9.401028498920002,-42.27363018797782,43.30634071481238,0,0,0,1,0,4,4,1,2
328,1965,9,19,6,24002.25,54.893280991970805,-39.21099115482767,262,240,972.8004364887327,1000.8004364887327,28.0,26.88236253146889,10.60626462300439,1060.2974720640316,3531875,1.5023343705949082,12.723020744005524,14.232550417300837,-32.44552005109861,35.429892220655326,0,0,0,0,0,3,3,1,2
328,1965,9,19,9,24002.375,54.303480579507735,-38.003233642865666,263,236,976.2664735451955,1000.3945418974571,24.128068352261618,24.256171015589345,8.815443275597282,1019.5492739779385,3265625,3.46603705646281,29.56883153394545,26.11998826602294,-21.860937866253874,34.06103920037362,0,0,0,0,0,2,3,2,0
328,1965,9,19,12,24002.5,60.744729605681194,-29.442313982469404,296,247,976.3722274061677,1000.3722274061677,24.0,23.38122580862223,3.8965601258485547,1011.8123202642952,3216250,1.9776855087105651,15.704957907805213,73.73085827481017,49.478350810374465,88.79384359771024,0,0,0,0,2,2,2,1,1
328,1965,9,19,15,24002.625,61.46354555562582,-29.716698426852613,297,250,977.1791043232162,999.1791043232162,22.0,23.16538641535841,3.2299031720193305,941.2205915646249,2783125,0.806876917048503,6.363258237147464,-4.858411742012407,26.64289560834389,27.08224604887922,0,0,0,0,0,3,3,1,1
328,1965,9,19,18,24002.75,61.98003830481006,-29.773572220689886,298,252,978.204424005533,998.204424005533,20.0,22.689619801850533,3.7614645798013226,878.4660097674965,2424375,1.0253196823169128,8.046841948879276,-0.9903065282312647,19.14379111932926,19.169388238552823,0,0,0,0,0,2,2,1,1
328,1965,9,19,21,24002.875,62.49588331355101,-29.832534129397732,299,254,979.4444958286217,997.4444958286217,18.0,22.569516661510118,3.9575223239052866,770.3564071609353,1864375,1.240071823088656,9.686230051148149,-1.009254683944598,19.119782635637392,19.1464013081071,0,0,0,0,0,3,3,1,1
328,1965,9,20,0,24003.0,62.49588331355101,-29.832534129397732,299,254,980.2715227511026,998.2715227511026,18.0,22.048708885323972,3.596249583897007,793.5091326552649,1978125,0.8270269224808726,6.459926659481955,0.0,0.0,0.0,0,0,0,0,0,2,2,1,1
328,1965,9,20,3,24003.125,62.49588331355101,-29.832534129397732,299,254,981.2612584755174,999.2612584755174,18.0,21.26245400527157,3.8579450087947773,811.6049043232686,2069375,0.9897357244147861,7.730848921833779,0.0,0.0,0.0,0,0,0,0,0,2,2,1,1
328,1965,9,20,6,24003.25,62.52057791398241,-28.77980630439722,301,253,983.0374431250058,999.0374431250058,16.0,20.32542495088468,3.5965560801853287,799.5036211255235,2008125,1.776184649488423,13.870708527511244,18.004491057346918,0.915304761161873,18.027741983950477,0,0,0,0,0,2,2,1,1
328,1965,9,20,9,24003.375,62.8473236091996,-27.525225743744333,304,253,985.7025427960896,999.7025427960896,14.0,18.325780537031793,2.2208412735122693,806.9341118856711,2045625,2.6650996710837354,20.75127526003649,21.22100642587481,12.110821203700294,24.43364696386965,0,0,0,0,0,2,2,1,1
328,1965,9,20,12,24003.5,64.27897645181852,-24.652150737315647,312,256,988.0252173521699,998.0252173521699,10.0,16.04309513694328,1.7436311577219021,720.4471237769249,1630625,2.32267455608031,17.86174130664692,46.21182911428261,53.06417760516178,70.36575939332859,0,0,0,0,0,2,2,1,2
328,1965,9,20,15,24003.625,64.69618803909978,-25.07866787951463,312,258,990.0733814422142,996.4305479395065,6.357166497292346,12.426234550609163,1.8080150235441395,647.2830815720542,1316250,2.0481640900443017,15.696070433564786,-6.756973399335858,15.463937280999726,16.87572356226617,0,0,0,0,0,2,3,2,0
328,1965,9,20,18,24003.75,64.3902919134119,-25.322142478795396,311,257,992.4597512165519,992.4597512165519,0.0,8.499996892472899,1.4318119865307382,14.104739588693906,625,2.3863697743378,18.334443291410363,-3.900682545317204,-11.338032418906453,11.990258689933091,0,0,0,2,0,2,2,1,1
328,1965,9,20,21,24003.875,64.3902919134119,-25.322142478795396,311,257,,,,8.499996892472899,,0.0,0,0.0,,0.0,0.0,0.0,0,3,0,0,0,2,2,0,0
330,1965,9,19,6,24002.25,44.028619693715825,-47.233809260142934,213,224,999.5633745982566,1003.5633745982566,4.0,9.876844619394927,15.494576021530083,193.39444569737623,117500,,,,,,3,0,0,0,0,1,1,1,1
330,1965,9,19,9,24002.375,43.71958877549102,-45.201744868746886,217,218,998.1732079808928,1004.1732079808928,6.0,10.968587340359955,14.4670018344227,251.9187042636836,199375,-1.390166617363866,-13.935675184994784,54.43358437528663,-11.454223427636023,55.62566262321425,0,0,0,0,0,1,1,1,1
330,1965,9,19,12,24002.5,43.86230395230419,-42.97625616076584,223,213,994.0825406219552,1002.0825406219552,8.0,14.503252723493372,14.304113108412494,283.50175706934715,252500,-4.090667358937498,-40.90033976505302,59.472415797365784,5.289734538934929,59.70719832873725,0,0,0,0,0,1,1,1,1
330,1965,9,19,15,24002.625,44.48344741292233,-41.30861401354873,229,211,993.9237275219318,1001.9237275219318,8.0,14.27500134797788,10.255043406569094,322.87224675588243,327500,-0.15881310002339888,-1.5702646505856308,44.09855586050497,23.022667179727666,49.74661629749894,0,0,0,0,0,2,2,1,1
330,1965,9,19,18,24002.75,45.2485491434567,-39.78671759524475,235,210,994.1552249325678,1002.1552249325678,8.0,13.784948239126312,7.7831902137756686,382.3919507072277,459375,0.23149741063592955,2.2584263562658204,39.71322986620641,28.35847693413132,48.79901474855622,0,0,0,0,0,1,1,1,1
330,1965,9,19,21,24002.875,45.86448571594143,-38.869511268759275,239,210,995.55256799,1003.55256799,8.0,14.034785595975075,9.17613596418305,400.4355193599646,503750,1.3973430574321537,13.489127446157134,23.673409333981166,22.829673998380066,32.88805747329169,0,0,0,0,0,2,2,1,1
330,1965,9,20,0,24003.0,47.33605053236421,-38.01011495599899,245,213,988.1485356181315,1002.1485356181315,14.0,20.72725866474268,22.29867010183283,433.5917163960831,590625,-7.40403237186838,-69.75896987731994,21.586918263097537,54.543513938281585,58.659951865247656,0,0,0,0,0,1,1,1,1
330,1965,9,20,3,24003.125,47.822503727974976,-37.71104767638987,247,214,986.3148718671612,1002.3148718671612,16.0,22.753010751996666,27.288637657552677,489.21288379849284,751875,-1.8336637509704452,-17.14281123045937,7.442739439840436,18.030375800650226,19.506122676791243,0,0,0,0,0,1,1,1,1
330,1965,9,20,6,24003.25,48.26062593724962,-36.96428928946521,250,214,985.4490452083556,1001.4490452083556,16.0,24.188578711666423,28.336921909132727,434.0503011000351,591875,-0.865826658805454,-8.039100727220148,18.42675726397554,16.23898897388193,24.56115115704747,0,0,0,0,0,1,1,1,1
330,1965,9,20,9,24003.375,48.777174196282445,-35.50066501965974,255,213,987.6187092337003,1001.6187092337003,14.0,23.573637844941256,18.522738010869652,400.68385148886324,504375,2.169664025344682,19.985142068724688,35.749083299012426,19.145848590509722,40.553180824325636,0,0,0,0,0,1,1,1,1
330,1965,9,20,12,24003.5,49.660400965678456,-34.36622550788792,260,214,987.7460655981778,999.7460655981778,12.0,23.37205487109579,15.029641000979973,366.45188392718995,421875,0.1273563644774549,1.1576047181652063,27.21809795359268,32.73677861116661,42.57371877165421,0,0,0,0,0,1,1,1,1
330,1965,9,20,15,24003.625,53.352366853768984,-32.5531995528535,273,224,989.2047347052016,997.2047347052016,8.0,18.85289009584379,10.92556269518871,323.7951802633666,329375,1.4586691070238884,12.595892952736255,40.10992989201477,136.8426253668132,142.59982676435595,0,0,0,0,0,1,1,1,1
330,1965,9,20,18,24003.75,53.9303075469098,-31.83274830512222,276,225,988.797683640577,996.797683640577,8.0,19.422757363313224,12.508996988195504,334.076942998453,350625,-0.40705106462468393,-3.488961389068354,15.722126630773365,21.42135765956626,26.57178634892903,0,0,0,0,0,1,1,1,1
330,1965,9,20,21,24003.875,56.50135449093911,-27.695170354093488,291,229,988.05359422927,994.05359422927,6.0,20.597113831139627,12.693920730301613,266.8741970172897,223750,-0.7440894113070681,-6.1820477874476225,84.62881464860511,95.2957921136853,127.44930075682127,0,0,0,0,0,1,1,1,1
330,1965,9,21,0,24004.0,57.45013018327501,-26.296898160634527,296,231,987.7998608237965,995.7998608237965,8.0,20.448190239390804,11.76478918371191,520.1570947860099,850000,-0.25373340547346745,-2.085499660085611,27.884129290723358,35.16634783714335,44.87980265670442,0,0,0,0,0,1,1,1,1
330,1965,9,21,3,24004.125,57.95114302446564,-24.477539641466343,301,231,987.7580631912771,991.7580631912771,4.0,20.25594290235677,9.284748527865814,253.49321149362706,201875,-0.04179763251944678,-0.34165158960449427,35.782501245421365,18.570028708057738,40.31418313195332,0,0,0,0,0,2,2,1,1
330,1965,9,21,6,24004.25,57.95114302446564,-24.477539641466343,301,231,,,,20.25594290235677,,0.0,0,0.0,,0.0,0.0,0.0,0,3,0,0,0,2,2,0,0
331,1965,9,15,3,23998.125,42.225796974867166,-52.659340472432426,195,234,1009.3714157627572,1013.3714157627572,4.0,8.661469259691016,5.806729896917168,488.6025119029199,750000,,,,,,3,0,0,0,0,1,1,1,1
331,1965,9,15,6,23998.25,42.237693384123276,-50.88598783302827,199,229,1008.5681557699862,1012.5681557699862,4.0,9.389128903249613,4.242015826270654,459.6500701125706,663750,-0.8032599927710544,-8.278910894316889,48.66261245339034,0.4409401181893322,48.664610128682725,0,0,0,0,0,0,0,1,1
331,1965,9,15,9,23998.375,42.46295311606754,-47.36137465817562,208,220,1007.0451703009576,1013.0451703009576,6.0,11.310334113667876,6.089851359084423,489.6193756707014,753125,-1.5229854690286446,-15.629305572366134,96.36781084935618,8.34924645650498,96.72882137340841,0,0,0,0,0,0,0,1,1
331,1965,9,15,12,23998.5,42.67942918246948,-45.19757087041672,214,215,1006.2352907855998,1014.2352907855998,8.0,12.518365463251373,6.933586358970424,563.1307344752207,996250,-0.809879515357752,-8.27709821395759,58.95904451133108,8.023680107955347,59.50250727628138,0,0,0,0,0,0,0,1,1
331,1965,9,15,15,23998.625,42.77654612317549,-41.83115029002685,223,207,1005.9900853711619,1013.9900853711619,8.0,12.561514271439655,9.30163921102212,497.6794954453741,778125,-0.24520541443795082,-2.5014440332107313,91.5807139511923,3.5996370325830274,91.65142963738455,0,0,0,0,0,0,0,1,1
331,1965,9,15,18,23998.75,42.99651350647394,-39.82357165074085,229,203,1004.2244438320754,1014.2244438320754,10.0,14.28215074826689,14.682499340712965,482.4563236935515,731250,-1.7656415390865003,-17.937758278907545,54.422446042116285,8.153085683355297,55.02976866539775,0,0,0,0,0,0,0,1,1
331,1965,9,15,21,23998.875,43.304326763253016,-37.57721701438828,236,199,1003.5603820203469,1015.5603820203469,12.0,15.497196027664431,17.25643023534729,548.4549593573589,945000,-0.6640618117284611,-6.707879027183356,60.58900756857833,11.409090835924294,61.65383355353999,0,0,0,0,0,0,0,1,1
331,1965,9,16,0,23999.0,43.73421078522246,-35.47132486331295,243,196,1002.5425206872794,1014.5425206872794,12.0,16.3177751425251,25.045486788127235,447.81159910813847,630000,-1.0178613330674124,-10.200792307395815,56.39735920485234,15.933640762853404,58.60497447521675,0,0,0,0,0,0,0,1,1
331,1965,9,16,3,23999.125,44.02494600599333,-32.93360014884033,251,192,1001.1994295933702,1013.1994295933702,12.0,17.13504128769563,25.206519829496756,362.6317301749511,413125,-1.3430910939093155,-13.389337668125393,67.63048324171983,10.77609384886879,68.48362185331742,0,0,0,0,0,0,0,1,1
331,1965,9,16,6,23999.25,44.4291773046104,-30.516918090858848,259,189,1000.7887673569037,1012.7887673569037,12.0,17.366679583036866,27.420638505404053,340.8564337915358,365000,-0.41066223646645084,-4.064344769721384,63.96411545747245,14.982823199053254,65.6954568997808,0,0,0,0,0,0,0,1,1
331,1965,9,16,9,23999.375,44.74563262285525,-28.06391613868232,267,186,1000.9354341541823,1010.9354341541823,10.0,18.105082232316796,22.728198856117306,254.27680907051368,203125,0.14666679727859447,1.4434577664560877,64.57281390226359,11.72940863283898,65.6294699211603,0,0,0,0,0,0,0,1,1
331,1965,9,16,12,23999.5,44.97912159243156,-26.2376502862336,273,184,1002.4482040545693,1012.4482040545693,10.0,17.313289506781196,14.41587875473546,339.97981913709083,363125,1.5127699003869202,14.827461482878698,47.88083666921797,8.654262948116964,48.656662311748,0,0,0,0,0,0,0,1,1
331,1965,9,16,15,23999.625,45.68278245779549,-23.705964944156825,282,183,1002.2423888595974,1010.2423888595974,8.0,16.667407020040105,11.613818841013636,276.3953195770684,240000,-0.20581519497180126,-1.9929611830459515,65.5545420433846,26.08117276892971,70.55228951296081,0,0,0,0,0,0,0,1,1
331,1965,9,16,18,23999.75,46.516636317860936,-21.211331590419736,291,183,1002.0662347948901,1010.0662347948901,8.0,16.295874738611897,11.356394506459182,322.87224675588243,327500,-0.17615406470737072,-1.6820211402619476,63.62556669843472,30.90677293408664,70.73500795855017,0,0,0,0,0,0,0,1,1
331,1965,9,16,21,23999.875,47.40880008061943,-19.020575237729727,299,184,1000.8445996041374,1006.8445996041374,6.0,17.326861005917436,14.730026177893233,217.13970592909533,148125,-1.2216351907525678,-11.49650219717766,54.951557150166586,33.06802805162132,64.13398562736327,0,0,0,0,0,0,0,1,1
331,1965,9,17,0,24000.0,48.52953754113047,-16.532466833985733,308,186,995.1425146422142,1005.1425146422142,10.0,21.317997813575584,19.107875682299635,267.99005218518425,225625,-5.702084961923247,-52.72300817062267,61.069622171423255,41.54010656977819,73.85850801355873,0,0,0,0,0,1,1,1,1
331,1965,9,17,3,24000.125,49.73380980469406,-14.31265101113837,316,189,991.3061681303327,1003.3061681303327,12.0,23.52073539626502,24.84890507053191,288.0269329188686,260625,-3.836346511881566,-34.83257071098653,53.17721940066162,44.63632200234309,69.42778914154592,0,0,0,0,0,1,1,1,1
331,1965,9,17,6,24000.25,50.997710743398024,-12.692665545117885,322,193,984.8216426488757,1002.8216426488757,18.0,29.078796112512038,34.68922996374102,334.3745617149374,351250,-6.484525481456949,-57.810972818057415,37.788471955987774,46.84645738839212,60.18769959560602,0,0,0,0,0,2,2,1,1
331,1965,9,17,9,24000.375,52.08018318252686,-11.98635653037483,325,197,981.2244532276178,1003.2244532276178,22.0,32.47109043754518,42.546848407997096,367.2653186327036,423750,-3.5971894212579354,-31.592036192936366,16.088653221567885,40.121814487895804,43.22736124591683,0,0,0,0,0,0,0,1,1
331,1965,9,17,12,24000.5,52.033017087056805,-10.56675060096611,329,196,977.6508953171582,1003.6508953171582,26.0,35.750260503074074,39.23438999128899,396.6918829294488,494375,-3.5735579104596398,-31.404644849802953,32.37025209755928,-1.7482101753009769,32.417425247489454,0,0,0,0,0,3,3,1,1
331,1965,9,17,15,24000.625,52.03444563889599,-8.471144633014832,335,195,978.8527384766162,1002.8527384766162,24.0,33.98210837796286,33.48511497797401,416.7467236212311,545625,1.201843159458076,10.561665488498534,47.78217174306703,0.05294923898874944,47.78220108058924,0,0,0,0,0,3,3,1,1
331,1965,9,17,18,24000.75,52.97718702520445,-5.833507584735161,343,198,980.4006501725677,1002.4006501725677,22.0,32.5805717036254,31.83550396832201,437.4743638980508,601250,1.5479116959514796,13.432243064421124,58.86358469938858,34.94268643178619,68.4537284501891,0,0,0,0,0,3,3,1,1
331,1965,9,17,21,24000.875,53.51458434042148,-4.83795524115997,346,200,982.3726268034225,1004.3726268034225,22.0,30.912837079440525,34.955173964759595,603.2147118927437,1143125,1.9719766308547697,16.99268007850115,21.941304604306858,19.918618348180196,29.633970450134388,0,0,0,0,0,3,3,1,1
331,1965,9,18,0,24001.0,53.58260335086851,-3.4085744224852057,350,200,982.9925694393241,1002.9925694393241,20.0,29.993708785029092,20.782858003933796,530.5707357118274,884375,0.6199426359016798,5.337412805055751,31.45172998706614,2.5211229590311413,31.552612889487765,0,0,0,0,0,3,3,1,1
331,1965,9,18,3,24001.125,53.87662837116919,-1.2650009030250364,356,201,986.8006550702783,1004.8006550702783,18.0,26.43428330446742,11.503949806031669,642.6562668514705,1297500,3.8080856309541558,32.66259148084815,46.83693449744668,10.898030187999412,48.08810138793854,0,0,0,0,0,3,3,1,1
331,1965,9,18,6,24001.25,57.17543275833892,0.5947445152184994,361,215,986.7665311436373,1004.7665311436373,18.0,24.22754689789127,6.838599693500291,657.3474503597743,1357500,-0.03412392664104118,-0.2813374534513036,37.36439764169258,122.2701039486956,127.85177562611851,0,0,0,0,0,3,3,1,1
331,1965,9,18,9,24001.375,57.1721940404066,0.9911775750107854,362,215,987.5037359061255,1003.5037359061255,16.0,24.31953243487389,11.282953757536598,564.7182635796237,1001875,0.7372047624882544,6.0781655022019585,7.965724070571615,-0.12004300096865306,7.966628539762952,0,0,0,0,0,2,2,1,1
331,1965,9,18,12,24001.5,57.07031808277277,4.55028113766384,371,215,988.2906072159283,1004.2906072159283,16.0,24.359482549464275,5.083643531584385,588.8623202935189,1089375,0.7868713098028093,6.495121154869159,71.70378075804074,-3.7760298786461752,71.8031376517879,0,0,0,0,0,2,2,1,1
331,1965,9,18,15,24001.625,57.9379132223818,5.892227617319104,374,219,989.1764654301828,1003.1764654301828,14.0,22.921773864563804,8.466558750685799,559.7644988851731,984375,0.8858582142545492,7.24200426076803,26.403026857219526,32.157392635334034,41.607904637533615,0,0,0,0,0,3,3,1,1
331,1965,9,18,18,24001.75,58.840408538355774,6.478364579772878,375,223,990.8462886293415,1002.8462886293415,12.0,21.247518003379295,7.602915290857344,538.5720785419342,911250,1.6698231991587091,13.519314152347471,11.24107109342712,33.45096681892796,35.28921733969885,0,0,0,0,0,2,2,1,1
331,1965,9,18,21,24001.875,58.72189201088815,8.130102354155978,379,223,992.7653056456876,1002.7653056456876,10.0,20.498958088397377,6.348259693499495,526.0519530436449,869375,1.9190170163460425,15.55634096200257,31.785007931994425,-4.3928121926436825,32.08712402501644,0,0,0,0,0,2,2,1,1
331,1965,9,19,0,24002.0,58.84549681065296,9.428033894038064,382,224,992.7544303556948,1002.7544303556948,10.0,21.016144177288087,7.325068429697858,514.7746888183274,832500,-0.01087528999283677,-0.08804439174914055,24.88806688063479,4.58140888092148,25.306228094861083,0,0,0,0,0,3,3,1,1
331,1965,9,19,3,24002.125,58.952522544027026,10.735352228082329,385,225,995.1448436190218,1003.1448436190218,8.0,19.19513009284673,6.545296947331371,500.07219912042757,785625,2.390413263327064,19.330560632776187,24.990552528176824,3.9669061905364154,25.30343969479409,0,0,0,0,0,2,2,1,1
331,1965,9,19,6,24002.25,59.44777442280122,12.644090812157241,389,228,998.2413044720091,1004.1432423655698,5.90193789356068,16.719949355690748,2.553470129172492,515.3540640031864,834375,3.0964608529872204,24.911463842179064,35.96130914618154,18.35649877695856,40.37544802049534,0,0,0,1,0,2,4,2,0
331,1965,9,19,9,24002.375,64.09778088856193,21.755016152755644,402,253,999.0162691444775,1005.0162691444775,6.0,12.699741602312427,3.176836601026589,468.2263705827405,688750,0.8730267789078061,6.723993555701021,105.85251930232299,78.42488251762092,131.73920464520538,0,0,0,0,2,4,4,1,1
331,1965,9,19,12,24002.5,64.5591323281516,23.26536878121195,404,256,998.605517900724,1006.605517900724,8.0,13.629054185757896,4.474534518138025,500.6685883593409,787500,-0.41075124375362065,-3.1513580781021786,24.04779257649173,17.099979827511785,29.507721665748456,0,0,0,0,0,3,3,1,1
331,1965,9,19,15,24002.625,65.00141245994234,24.829346588149605,406,259,999.7725484029053,1007.7725484029053,8.0,13.079875737657542,6.38267206577606,475.18530649802983,709375,1.1670305021812966,8.921176303024463,24.49675324962894,16.393102270272436,29.47583284348073,0,0,0,0,0,4,4,1,1
331,1965,9,19,18,24002.75,65.01178466913203,25.98632561147023,408,260,1000.3124353005431,1010.3124353005431,10.0,13.800483565116602,6.191947524906645,582.2370898403304,1065000,0.5398868976379163,4.126729976496194,18.115060472445442,0.3844456799966829,18.119139449797924,0,0,0,0,0,3,3,1,1
331,1965,9,19,21,24002.875,65.01178466913203,27.143776742685752,410,261,1001.387253436457,1009.387253436457,8.0,13.43044980131175,7.585666332300243,479.56114601559284,722500,1.0748181359138107,8.215580411680987,18.122452157163934,0.0,18.122452157163934,0,0,0,0,0,4,4,1,1
331,1965,9,20,0,24003.0,64.79891969693847,28.05738923409091,412,261,1001.1489005506619,1009.1489005506619,8.0,14.27597454627714,8.718186329548407,467.58860451522037,686875,-0.23835288579502958,-1.8250690900134579,14.418627300604385,-7.889834989420137,16.436128175273286,0,0,0,0,0,3,3,1,1
331,1965,9,20,3,24003.125,65.41737315254544,35.65997382719469,423,271,1001.2635150878351,1011.2635150878351,10.0,13.96343570897314,6.148644729923399,632.0434377166314,1255000,0.11461453717318364,0.8732194134428007,117.15478480896664,22.922962209763984,119.37632009785504,0,0,0,0,0,3,3,1,1
331,1965,9,20,6,24003.25,65.46798364222457,36.39551840690734,424,272,1001.3811515008309,1011.3811515008309,10.0,13.940617288281349,6.914698904432444,637.3719418377802,1276250,0.11763641299578012,0.8958806593447032,11.319554275659726,1.8758765624382814,11.4739366338285,0,0,0,0,0,3,3,1,1
331,1965,9,20,9,24003.375,65.45110265503061,39.02998401914298,428,275,1001.8483578032783,1009.8483578032783,8.0,13.520382437134304,4.5678304806427334,514.0011726956917,830000,0.46720630244744826,3.5585699091102048,40.566162166850106,-0.6256933775729508,40.570987234105104,0,0,0,0,0,3,3,1,1
331,1965,9,20,12,24003.5,65.53350019005393,41.260496637068925,431,278,1001.2746685817655,1011.2746685817655,10.0,13.413233399121687,5.3686259777226955,658.405859820939,1361875,-0.5736892215129046,-4.366754424386436,34.23852254400919,3.05406262086983,34.374463261101546,0,0,0,0,0,5,5,1,1
331,1965,9,20,15,24003.625,65.58433544604756,45.74892178282383,437,284,1001.320926775532,1011.320926775532,10.0,13.009121322299922,2.9518458204845954,746.7523899246846,1751875,0.04625819376655272,0.3519618771166324,68.75228288764819,1.8842075203900122,68.77809709670002,0,0,0,0,0,5,5,1,1
331,1965,9,20,18,24003.75,65.70546747449936,48.38855699072351,440,288,1000.1914025411403,1010.1914025411403,10.0,13.848021128256848,3.9976658212490292,621.2493356115934,1212500,-1.1295242343917198,-8.585920772565213,40.25028119053673,4.489755672667975,40.49991409765617,0,0,0,0,0,5,5,1,1
331,1965,9,20,21,24003.875,65.98171694002224,49.953257477842065,441,291,999.4119033017664,1009.4119033017664,10.0,14.054302413140462,4.546085281089763,608.4687225877116,1163125,-0.7794992393738357,-5.912455425878884,23.60522286519586,10.239179684804927,25.730280743382636,0,0,0,0,0,4,4,1,1
331,1965,9,21,0,24004.0,66.33945841877045,52.74777203610812,443,296,997.5344091370921,1009.5344091370921,12.0,15.053873426392828,6.16571099758461,708.6140313703432,1577500,-1.8774941646742809,-14.201446218761355,41.564410559288135,13.25967916237446,43.628194056483366,0,0,0,0,0,3,3,1,1
331,1965,9,21,3,24004.125,66.74891720168694,54.07475802100869,443,299,996.4793988483818,1008.4793988483818,12.0,15.21759270592158,5.788970006064846,685.7863055183814,1477500,-1.0550102887103276,-7.95543640224497,19.415847067493864,15.1765797767899,24.643532438949943,0,0,0,0,0,6,6,1,1
331,1965,9,21,6,24004.25,67.08413227760603,56.23176638402444,444,303,995.562837094719,1007.562837094719,12.0,15.145316019233766,5.07240372207787,684.6249392226607,1472500,-0.916561753662827,-6.894235697503513,31.12908614869422,12.424738592324537,33.51707226982132,0,0,0,0,0,7,7,1,1
331,1965,9,21,9,24004.375,67.4582886695204,57.66062292025873,444,306,994.7552949268264,1006.7552949268264,12.0,15.285398140394094,5.563423287726473,663.9722828285456,1385000,-0.8075421678925341,-6.057613741062404,20.302284646365223,13.86809751750374,24.58672183551582,0,0,0,0,0,5,5,1,1
331,1965,9,21,12,24004.5,67.93381502064888,59.63827853837369,444,310,994.4695874555973,1006.4695874555973,12.0,14.705919059263671,6.046395910019346,694.4346460023743,1515000,-0.2857074712291069,-2.135892456442384,27.536637667759422,17.625372577095362,32.694344656635835,0,0,0,0,0,6,6,1,1
331,1965,9,21,15,24004.625,68.27206333039084,61.17619336160838,444,313,993.4351405266783,1003.4351405266783,10.0,15.080017672119636,6.398311325541943,526.0519530436449,869375,-1.03444692891906,-7.714991932414002,21.101866279101095,12.537165329800851,24.54524953973425,0,0,0,0,0,5,5,1,1
331,1965,9,21,18,24004.75,68.68997423272508,61.94532337737914,443,315,992.4225290335999,1004.4225290335999,12.0,15.49623153129654,7.5751878896258855,618.1996498700187,1200625,-1.012611493078439,-7.530452979141262,10.360068008109476,15.48985737633926,18.63509298801552,0,0,0,0,0,6,6,1,1
331,1965,9,21,21,24004.875,69.10353941328243,62.74467162505693,442,317,991.1797404402585,1003.1797404402585,12.0,16.113207453286602,9.220862990279565,582.9200661335965,1067500,-1.2427885933413927,-9.216492848824869,10.567585752596601,15.328783304939547,18.6184173937603,0,0,0,0,0,10,10,1,1
331,1965,9,22,0,24005.0,69.41018111523691,63.01469391820525,441,318,989.8210640802943,1001.8210640802943,12.0,16.94360448382334,9.912639127720249,571.8945777447492,1027500,-1.3586763599641563,-10.05551149602159,3.5196936670433616,11.365667184996566,11.898177762579147,0,0,0,0,0,7,7,1,1
331,1965,9,22,3,24005.125,69.81494185122658,62.434874694799305,439,318,989.5030198741231,1001.5030198741231,12.0,16.60729977983908,11.100089179856731,558.3410649247018,979375,-0.3180442061711801,-2.3476611065691233,-7.415510605437211,15.00244678232304,16.735089094348638,0,0,0,0,0,6,6,1,1
331,1965,9,22,6,24005.25,70.01641236174713,62.13627450357599,438,318,988.8945973190911,1000.8945973190911,12.0,16.75640884130856,10.19938535803165,566.301342334776,1007500,-0.6084225550320116,-4.485334624854148,-3.7823620871675727,7.467499546124798,8.370771316301544,0,0,0,0,0,9,9,1,1
331,1965,9,22,9,24005.375,69.90906107997692,61.568829179599064,438,317,989.2825368785794,1001.2825368785794,12.0,16.38042432435135,10.016744882549247,579.3254579638584,1054375,0.38793955948829534,2.861873128160364,-7.224820241527902,-3.9789726338789606,8.24804526803466,0,0,0,0,0,7,7,1,1
331,1965,9,22,12,24005.5,69.90906107997692,61.568829179599064,438,317,989.8371207739807,999.8371207739807,10.0,15.804102769672076,9.657892533613994,437.4743638980508,601250,0.5545838954013016,4.091226864445026,0.0,0.0,0.0,0,0,0,0,0,8,8,1,1
331,1965,9,22,15,24005.625,70.01641236174713,62.13627450357599,438,318,990.2948338648258,1000.2948338648258,10.0,15.375114397119704,8.730534806113864,460.29883553088166,665625,0.45771309084506356,3.3742936675126374,7.187798739337255,3.9789726338789606,8.215635942419546,0,0,0,0,0,10,10,1,1
331,1965,9,22,18,24005.75,69.91926137715441,63.00416160591339,439,319,990.8287398818479,1000.8287398818479,10.0,14.912040115603764,9.33835094036207,511.86797620581103,823125,0.533906017022091,3.938427466213625,11.04466941980322,-3.6008988684108973,11.61684962686783,0,0,0,0,0,7,7,1,1
331,1965,9,22,21,24005.875,70.22502004249579,63.289158350002786,438,320,991.4214113521505,999.4214113521505,8.0,14.370100213510534,8.017071791643684,399.4406469672623,501250,0.5926714703025937,4.363468224976733,3.573879506924946,11.332937454523838,11.883100861230092,0,0,0,0,0,7,7,1,1
331,1965,9,23,0,24006.0,70.32621539702888,63.87454975820333,438,321,991.9713154397815,999.9713154397815,8.0,13.731124582377424,7.942963018332884,422.67176818502145,561250,0.5499040876310027,4.046035906921199,7.304755044828562,3.7508033413592408,8.211453706287333,0,0,0,0,0,6,6,1,1
331,1965,9,23,3,24006.125,70.42529767861383,64.46586700835242,438,322,992.9104249357168,998.9104249357168,6.0,13.16325655906349,7.173282910305207,329.2784611561371,340625,0.9391094959354086,6.905437970453037,7.342999561915714,3.672482344204804,8.210162552275708,0,0,0,0,0,5,5,1,1
331,1965,9,23,6,24006.25,70.72812397175157,64.78107710703506,437,323,994.4609186422012,1000.4609186422012,6.0,12.11858672809476,6.434545488510703,376.88962138737196,446250,1.5504937064844126,11.37982598589268,3.856066496503742,11.224249150498256,11.868151406934421,0,0,0,0,0,6,6,1,1
331,1965,9,23,9,24006.375,70.72812397175157,64.78107710703506,437,323,995.7330786474522,999.7330786474522,4.0,10.968114479448154,5.686534865639478,294.85316288611835,273125,1.2721600052509165,9.3369998378083,0.0,0.0,0.0,0,0,0,0,0,5,5,1,1
331,1965,9,23,12,24006.5,71.03019686794352,65.10623479835934,436,324,997.1554280134206,1001.1554280134206,4.0,10.430717798358874,4.562069586204525,335.26583267409023,353125,1.4223493659684028,10.42024887557975,3.917723992154651,11.19632451112432,11.861966271959613,0,0,0,0,0,4,4,1,1
331,1965,9,23,15,24006.625,71.03019686794352,65.10623479835934,436,324,998.2088553793402,1000.2088553793402,2.0,9.635718117162485,3.762114192546215,219.87113035631398,151875,1.0534273659196334,7.717495847270515,0.0,0.0,0.0,0,0,0,0,0,6,6,1,1
331,1965,9,23,18,24006.75,71.03019686794352,65.10623479835934,436,324,999.1175160299847,1001.1175160299847,2.0,9.132560578010883,3.53523603062873,238.949442004407,179375,0.9086606506444513,6.656922940106791,0.0,0.0,0.0,0,0,0,0,0,5,5,1,1
331,1965,9,23,21,24006.875,71.12470041339651,65.72555886556054,436,325,999.742303171161,1001.742303171161,2.0,9.055947068327692,3.0772521905409667,270.5758189903005,230000,0.624787141176348,4.5746547474395065,7.426203693491233,3.5027716014320474,8.210841015938724,0,0,0,0,0,6,6,1,1
331,1965,9,24,0,24007.0,71.33149048410432,65.44179655841657,435,325,1000.894749280043,1000.894749280043,0.0,8.454982308913857,2.4492450490416378,14.104739588693906,625,1.1524461088819953,8.427798093472187,-3.3666138995746415,7.664668914392524,8.371453799434375,0,0,0,0,0,5,5,1,1
331,1965,9,24,3,24007.125,71.33149048410432,65.44179655841657,435,325,1001.5631917891914,1001.5631917891914,0.0,8.385888838640598,2.473663669229936,14.104739588693906,625,0.668442509148299,4.888296694116949,0.0,0.0,0.0,0,0,0,0,0,7,7,1,1
331,1965,9,24,6,24007.25,71.23598608391549,64.81715251961899,435,324,1002.8018944807782,1002.8018944807782,0.0,7.90310987370154,2.259720177788986,14.104739588693906,625,1.2387026915868047,9.063706573674528,-7.447429239073928,-3.5398682577431604,8.245900166336655,0,0,0,0,0,8,8,1,1
331,1965,9,24,9,24007.375,71.53774228028087,65.15174703421188,434,325,1003.9107574585624,1003.9107574585624,0.0,7.847154801211619,2.1523014680598136,14.104739588693906,625,1.1088629777843015,8.09927792151934,3.927375985298561,11.184586039796345,11.854081449505362,0,0,0,0,0,9,9,1,1
331,1965,9,24,12,24007.5,71.53774228028087,65.15174703421188,434,325,,,,7.847154801211619,,0.0,0,0.0,,0.0,0.0,0.0,0,3,0,0,0,9,9,0,0
333,1965,9,19,12,24002.5,46.500015055923505,63.50259433991314,529,275,1005.0916836658363,1009.0916836658363,4.0,9.420448125377156,7.549961781443127,493.6658856042868,765625,,,,,,3,0,0,0,0,4,4,1,1
333,1965,9,19,15,24002.625,46.888734760179645,65.96006341171899,531,283,1003.552834737195,1011.552834737195,8.0,11.077473517119234,7.835143041166302,696.2942951035045,1523125,-1.5388489286413825,-14.604178583042575,62.247228261854715,14.407886333352222,63.892915216620395,0,0,0,0,0,5,5,1,1
333,1965,9,19,18,24002.75,47.449114853505584,65.30037632522733,528,282,1002.4671251074446,1010.4671251074446,8.0,12.894017625633689,11.486490375718713,575.5355986470404,1040625,-1.0857096297503448,-10.210738899046632,-16.535003476218566,20.770474456816263,26.54842649046864,0,0,0,0,0,4,4,1,1
333,1965,9,19,21,24002.875,47.76881358993852,65.45304168198676,527,283,999.9874576555335,1007.9874576555335,8.0,15.217361194721578,15.824241426814769,496.87936712174184,775625,-2.479667451911082,-23.20196960850449,3.803236767335438,11.849625848672755,12.445008744952558,0,0,0,1,0,5,5,1,2
333,1965,9,20,0,24003.0,48.47643870284474,71.165087136344,531,301,997.1762451496131,1007.1762451496131,10.0,16.34163432042094,12.414953114510208,505.4143682786354,802500,-2.8112125059204116,-26.014544278230925,140.32041558583288,26.228107507151446,142.75059598330068,0,0,1,0,0,4,4,1,1
333,1965,9,20,3,24003.125,49.30712200759342,72.48252082282272,529,306,995.1023425291149,1007.1023425291149,12.0,18.586553092814718,11.592901147876182,545.7276676701568,935625,-2.07390262049812,-18.950312887322994,31.837382048699858,30.789256378796562,44.28992215023798,0,0,0,0,0,4,4,1,1
333,1965,9,20,6,24003.25,49.73380980469406,75.68734898886163,530,316,992.1960874941686,1006.1960874941686,14.0,19.473025923195436,15.16915222380805,642.5014658696147,1296875,-2.906255034946371,-26.387693003070236,76.77083738241876,15.815172766244551,78.38291371226225,0,0,0,0,0,4,4,1,1
333,1965,9,20,9,24003.375,50.29893391538556,77.52489028779105,529,322,989.8370490439618,1005.8370490439618,16.0,20.731795781915636,9.143810285106447,719.618229400322,1626875,-2.359038450206863,-21.242734264757225,43.505340180394285,20.946311344471162,48.285221167054324,0,0,0,0,0,5,5,1,1
333,1965,9,20,12,24003.5,51.13899592589507,80.01153510908233,527,330,989.0670646984821,1005.0670646984821,16.0,21.413934136749397,9.83924733564505,677.0275002573076,1440000,-0.7699843454796064,-6.850919558430706,57.826156379479926,31.136877878494886,65.67624780424329,0,0,0,0,0,7,7,1,1
333,1965,9,20,15,24003.625,52.46795977533697,81.08169932917099,522,334,989.4402547851976,1005.4402547851976,16.0,22.751970651362537,8.495120955848614,643.8933349199908,1302500,0.3731900867154764,3.2603972964898844,24.164266761244683,49.25801258398792,54.86586909758112,0,0,0,0,0,8,8,1,1
333,1965,9,20,18,24003.75,53.440773079778765,81.21309649317615,518,335,989.1353767381353,1007.1353767381353,18.0,23.127899826490722,6.882403612596172,632.0434377166314,1255000,-0.3048780470623751,-2.6296660623927472,2.900970333918373,36.05730134208501,36.17381109244919,0,0,0,0,0,8,8,1,1
333,1965,9,20,21,24003.875,54.37429505256898,80.98929045318236,514,335,988.216749043864,1008.216749043864,20.0,24.997798307428262,7.736497925953663,698.1489907025073,1531250,-0.918627694271272,-7.829884274214833,-4.831946264625373,34.60096909516393,34.93672519038836,0,0,0,0,0,8,8,1,1
333,1965,9,21,0,24004.0,55.07235478530553,80.81387383984648,511,335,987.7628937139318,999.7628937139318,12.0,27.016933753590312,11.44771638876795,351.48829934307025,388125,-0.4538553299321211,-3.8352178093906026,-3.7225566909176946,25.873566925053574,26.139986490859602,0,0,0,0,0,7,7,1,1
333,1965,9,21,3,24004.125,55.30464837873247,80.75388725443676,510,335,988.3842777775866,1000.3842777775866,12.0,26.40372378802482,15.254794392026088,334.96900584947593,352500,0.6213840636546957,5.2361058949373565,-1.2655885002265372,8.60995636037027,8.702474520467504,0,0,0,0,0,9,9,1,1
333,1965,9,21,6,24004.25,55.10918609012659,81.18280407744241,511,336,989.9310836661258,1001.9310836661258,12.0,24.257950825607363,16.29983224193718,340.2722749495672,363750,1.5468058885392384,13.065125537169122,9.093750986040954,-7.2448049477694925,11.626844186078445,0,0,0,0,0,9,9,1,1
333,1965,9,21,9,24004.375,54.94523801158139,81.97512393619381,512,338,992.182479565019,1006.182479565019,14.0,20.444843372409885,16.293320891178737,601.8940431778061,1138125,2.2513958988932425,19.054559526751394,16.86729526229102,-6.076731522450203,17.928533555794377,0,0,0,0,0,7,7,1,1
333,1965,9,21,12,24004.5,55.03708962489051,83.08316279781366,512,341,995.7898614547447,1003.7898614547447,8.0,17.70765351049216,14.231599781567859,304.4794810016416,291250,3.607381889725657,30.496605582299676,23.534430203202124,3.4044778013641506,23.779400204575676,0,0,0,0,0,10,10,1,1
333,1965,9,21,15,24004.625,55.13836808884345,84.56853316767248,512,345,998.603443681352,1004.603443681352,6.0,16.039479657471176,10.39790608846146,309.01936161855167,300000,2.8135822266073958,23.75654119576485,31.468777387843595,3.7538837899735853,31.69188529883135,0,0,0,0,0,8,8,1,1
333,1965,9,21,18,24004.75,55.44993822620503,86.03534527714389,511,349,1000.575685350528,1006.575685350528,6.0,13.736410472678061,8.481110452245993,441.77341360298794,613125,1.972241669176001,16.59006451035638,30.832574524606237,11.548339522851698,32.92433442835946,0,0,0,0,0,10,10,1,1
333,1965,9,21,21,24004.875,55.73744243512341,87.52696835191236,510,353,1002.090397979388,1008.090397979388,6.0,11.290286186469448,8.529018721003887,543.9018757754568,929375,1.514712628859852,12.6977178950066,31.12519561008132,10.656336473560513,32.89886485585121,0,0,0,0,0,13,13,1,1
333,1965,9,22,0,24005.0,58.80142306897788,91.45812315589724,497,363,1003.737080217005,1009.737080217005,6.0,7.583528677625696,2.7546622858587217,601.2326209525455,1135625,1.6466822376170602,13.337449468414826,75.46683194998667,113.56636727393223,136.35454704689974,0,0,0,0,0,10,10,1,1
333,1965,9,22,3,24005.125,58.80142306897788,91.45812315589724,497,363,,,,7.583528677625696,,0.0,0,0.0,,0.0,0.0,0.0,0,3,0,0,0,10,10,0,0
337,1965,9,19,12,24002.5,57.428927055163,-155.48992201811066,300,490,1008.2550323984276,1014.2550323984276,6.0,13.86165261847705,10.358050962049237,267.99005218518425,225625,,,,,,3,0,0,0,0,10,10,1,1
337,1965,9,19,15,24002.625,58.07540883571676,-154.07255438785538,298,486,1007.5917614526098,1011.5917614526098,4.0,14.141770152467759,10.409821431699747,184.44340347622256,106875,-0.6632709458177851,-5.414202101836314,27.77997710611481,23.961831388572836,36.68646196501725,0,0,0,0,0,10,10,1,1
337,1965,9,19,18,24002.75,58.79803508338376,-152.03776779562563,295,481,1008.1690908505992,1016.1690908505992,8.0,13.152454721927132,8.509098468329466,652.3346756780259,1336875,0.5773293979893788,4.676298350115913,39.06995245697373,26.784124200255015,47.36929906769652,0,0,0,0,0,9,9,1,1
337,1965,9,19,21,24002.875,59.24126662750948,-149.18111238680282,290,476,1009.4386662518045,1011.4386662518045,2.0,11.878741952772184,6.683938584312782,180.62879984608918,102500,1.2695754012053657,10.23575586334926,54.14639200831965,16.428366345204655,56.58376965429994,0,0,0,3,0,11,11,1,1
337,1965,9,20,0,24003.0,57.86358556168522,-152.43938777261386,294,485,1007.8926632428701,1013.6013108586151,5.708647615744995,11.97210658058661,6.019471778888183,672.9010425734546,1422500,-1.5460030089344945,-12.649061390574978,-64.23468913035842,-51.06371501797527,82.05850522103592,0,0,0,0,0,10,9,2,0
337,1965,9,20,3,24003.125,58.7557129330498,-150.17772688225506,291,479,1007.864028819697,1012.0346920707167,4.1706632510197235,11.19693536048381,5.533663303474604,618.1996498700187,1200625,-0.028634423173061804,-0.2320392408980366,43.47872561896981,33.06667920549568,54.6242149154459,0,0,0,0,0,10,9,2,0
337,1965,9,20,6,24003.25,59.19840037469199,-148.2405199151872,288,475,1007.0728865531656,1007.0728865531656,0.0,12.12893092407678,5.652034170585102,14.104739588693906,625,-0.7911422665313875,-6.381305638149518,36.76640235601088,16.40819919995696,40.26161128406997,0,0,0,2,0,11,11,1,1
337,1965,9,20,9,24003.375,60.053866297566614,-146.7307753322874,287,470,1006.3880087065937,1006.3880087065937,0.0,13.409092590055588,8.305370496100076,14.104739588693906,625,-0.6848778465719079,-5.4760528324775395,27.93314300373202,31.707823513654493,42.25691126951902,0,0,0,0,0,12,12,1,1
337,1965,9,20,12,24003.5,60.053866297566614,-146.7307753322874,287,470,,,,13.409092590055588,,0.0,0,0.0,,0.0,0.0,0.0,0,3,0,0,0,12,12,0,0
347,1965,9,20,9,24003.375,47.71779324560264,113.15778156078186,529,432,999.564250296948,1005.564250296948,6.0,7.769673717819673,6.712649932742933,1154.1780077956623,4185000,,,,,,3,0,0,0,0,9,9,1,1
347,1965,9,20,12,24003.5,47.449114853505584,114.69962367477267,528,437,1000.4086192019319,1004.4086192019319,4.0,8.959189679178042,7.634074936463221,387.55964385237047,471875,0.8443689049838576,7.941009443976839,38.64563090522366,-9.95855803340357,39.908115292098735,0,0,0,0,0,13,13,1,2
347,1965,9,20,15,24003.625,47.68772744919791,116.21780827999223,525,441,999.9761841245855,1003.9761841245855,4.0,10.298283739351081,5.5627622752104795,300.53357583579674,283750,-0.43243507734630837,-4.051455156404762,37.87971501606284,8.84417002482507,38.8984852291982,0,0,0,0,0,15,15,1,1
347,1965,9,20,18,24003.75,48.00625111911191,117.47443162627712,522,444,999.4236965384271,1005.4236965384271,6.0,11.556836582259391,9.631841319685044,484.10293709377135,736250,-0.5524875861585314,-5.150234763768412,31.16178303336636,11.806072036881089,33.323266027786424,0,0,0,0,0,17,17,1,1
347,1965,9,20,21,24003.875,48.3029229099616,118.74870321753559,519,447,999.1762792432154,1007.1762792432154,8.0,11.894336191125626,9.494033025493554,652.0296325583872,1335625,-0.24741729521163505,-2.295729629388673,31.41723198561334,10.996132673680423,33.285994042765616,0,0,0,0,0,16,16,1,1
347,1965,9,21,0,24004.0,48.57737358244138,120.03971117930081,516,450,1000.5018824793095,1008.5018824793095,8.0,11.923062298781359,8.93631229072198,685.0606823064848,1474375,1.3256032360941754,12.247850093508724,31.658347710770776,10.172507464646564,33.252532052376935,0,0,0,1,0,15,15,1,2
347,1965,9,21,3,24004.125,48.95365106279352,121.07341339246898,513,452,999.1882786773992,1007.1882786773992,8.0,12.595797523503546,10.20990635478658,620.4482400680349,1209375,-1.313603801910358,-12.067319151170572,25.15953132982177,13.94671560858492,28.766523825499483,0,0,0,0,0,17,17,1,1
347,1965,9,21,6,24004.25,48.2460943383997,121.98871292065365,514,456,998.4167705930004,1008.4167705930004,10.0,12.372036573475633,8.628574433483154,1218.8976141427315,4667500,-0.7715080843988108,-7.164985186026253,22.591996414098787,-26.225572688611493,34.61472179319512,0,0,0,0,0,15,15,1,1
347,1965,9,21,9,24004.375,48.777174196282445,125.50066501965973,506,464,997.7799796863798,1007.7799796863798,10.0,13.579983098352645,5.768362672964286,757.0711583528249,1800625,-0.6367909066205902,-5.865588675584336,85.77329667457074,19.68446194655805,88.00304804124355,0,0,0,0,0,13,13,1,1
347,1965,9,21,12,24004.5,49.584388760347615,125.08505432152506,504,461,998.4310510525978,1010.4310510525978,12.0,14.557041346237368,3.863983166520556,801.8640596081465,2020000,0.6510713662179478,5.924588557307694,-9.987211370007909,29.91938807921521,31.54226012802349,0,0,0,0,0,19,19,1,1
347,1965,9,21,15,24004.625,49.975201851225954,125.46153726601386,502,461,997.6386045361411,1009.6386045361411,12.0,16.21754951279327,6.029517248799457,600.5704702880486,1133125,-0.7924465164566936,-7.169591387670587,8.974287420522149,14.485477657317077,17.040155447259696,0,0,0,0,0,14,14,1,1
347,1965,9,21,18,24004.75,50.55700554450503,126.039582159586,499,461,997.6006699195148,1011.6006699195148,14.0,16.715886869412568,7.632266074315994,765.953594529394,1843125,-0.03793461662629852,-0.34032545367782907,13.611626057511266,21.564539665233273,25.501092817817412,0,0,0,0,0,17,17,1,1
347,1965,9,21,21,24004.875,50.50306808231072,125.57623483831632,500,460,997.7468216398258,1011.7468216398258,14.0,16.828516650652077,8.880434882826448,706.0827566478041,1566250,0.14615172031102702,1.3121978608572809,-10.923252737012275,-1.9991907173636105,11.104693326744282,0,0,0,0,0,18,18,1,1
347,1965,9,22,0,24005.0,50.84710287122241,127.17092348994039,496,463,999.5650273629107,1011.5650273629107,12.0,16.267160973890235,6.880044916664701,612.5420625060317,1178750,1.8182057230848294,16.244341088021844,37.31902352142065,12.751641038737532,39.43746779108875,0,0,0,0,0,17,17,1,1
347,1965,9,22,3,24005.125,49.987507986308486,127.09921057616022,499,465,1002.0448879888796,1012.0448879888796,10.0,13.047704230716088,3.425473872178118,644.5109785487341,1305000,2.479860625969013,22.432278873428313,-1.7089973386304598,-31.86086339068057,31.906665258266266,0,0,0,0,0,14,14,1,1
347,1965,9,22,6,24005.25,49.55049252524675,127.87498365109822,499,468,1002.6808476167068,1012.6808476167068,10.0,11.877596376937527,3.953846995917702,745.8193656014668,1747500,0.6359596278272511,5.789993309055757,18.654877421359004,-16.197967378432672,24.705841390219824,0,0,0,0,0,18,18,1,1
347,1965,9,22,9,24005.375,49.44218044364829,128.58405363162254,498,470,1004.7600754288842,1012.7600754288842,8.0,9.982344022306288,3.2540693554916644,690.7003271448164,1498750,2.079227812177269,18.960591216367376,17.088669545302924,-4.014584656019991,17.55390317817991,0,0,0,0,0,17,17,1,1
347,1965,9,22,12,24005.5,51.59090352683583,130.1763418024048,488,468,1007.6564379790102,1013.6564379790102,6.0,8.639025868358715,3.4829413534090423,612.3796491232202,1178125,2.8963625501260686,25.60837253977327,36.66559371445415,79.64236853816938,87.67709295365016,0,0,0,0,0,17,17,1,1
347,1965,9,22,15,24005.625,51.97733875215994,131.10502183129313,485,469,1008.4589925860838,1014.4589925860838,6.0,8.39315246887425,7.017922395229107,618.3605346222206,1201250,0.8025546070735436,7.058254639751244,21.20257546693537,14.323212177595662,25.58717673983424,0,0,0,0,0,20,20,1,1
347,1965,9,22,18,24005.75,51.97733875215994,131.10502183129313,485,469,,,,8.39315246887425,,0.0,0,0.0,,0.0,0.0,0.0,0,3,0,0,0,20,20,0,0
349,1965,9,18,12,24001.5,52.11737912248838,-99.8879888155778,196,388,1012.4122899046707,1016.4122899046707,4.0,8.139133837642161,4.450215746477625,370.5011989410557,431250,,,,,,3,0,0,0,0,11,11,1,1
349,1965,9,18,15,24001.625,53.20689216086346,-98.73266502381476,200,384,1010.8526662333259,1012.8526662333259,2.0,9.234088123131016,5.450329223290246,202.93186424272537,129375,-1.5596236713448888,-13.493186289791554,25.64701386505331,40.3827741268025,47.838663927524,0,0,0,0,0,11,11,1,1
349,1965,9,18,18,24001.75,53.47618661404833,-98.43351935636846,201,383,1010.6646149214738,1012.6646149214738,2.0,8.001261106555736,4.288385235190872,272.0423653362309,232500,-0.18805131185203208,-1.621257082110044,6.598991104858624,9.981392322559534,11.9655704543851,0,0,0,0,0,11,11,1,1
349,1965,9,18,21,24001.875,55.34941546473547,-95.8416188668189,208,375,1009.3706465227582,1009.3706465227582,0.0,8.123934575938602,3.2759137899810593,14.104739588693906,625,-1.2939683987156605,-10.897760390412001,54.61866824218975,69.4311815468757,88.33961677268925,0,0,0,0,0,10,10,1,1
349,1965,9,19,0,24002.0,57.61036362481599,-92.61168137789839,217,366,1006.8176117118742,1006.8176117118742,0.0,8.542759204084941,2.2343535592441186,14.104739588693906,625,-2.5530348108839824,-20.94673600259809,64.12353344104689,83.80198826910107,105.52061779017224,0,0,0,0,0,11,11,1,1
349,1965,9,19,3,24002.125,58.33526763772387,-91.4372269963219,220,363,1002.4291472977526,1002.4291472977526,0.0,11.218498039306084,3.4981909663164696,14.104739588693906,625,-4.388464414121554,-35.72194180270643,22.851279412287294,26.86854951321273,35.271800687268424,0,0,0,0,0,10,10,1,1
349,1965,9,19,6,24002.25,59.04452199839284,-90.20987371156755,223,360,998.2179509906332,1004.2179509906332,6.0,13.759737628750136,4.173507789011783,593.5732939323359,1106875,-4.21119630711939,-34.02184923378424,23.39938245624799,26.28849553563978,35.193978133497765,0,0,2,0,0,10,10,1,2
349,1965,9,19,9,24002.375,59.957344382392805,-88.05485323858572,227,355,993.5681339828833,1001.5681339828833,8.0,16.767532687366035,5.068601781170364,565.9499297397601,1006250,-4.649817007749952,-37.21454216220752,39.98761216531456,33.83373934279576,52.38063616070216,0,0,0,0,0,6,6,1,1
349,1965,9,19,12,24002.5,60.59073123752777,-85.8043503082194,230,350,989.0126821543408,1001.0126821543408,12.0,19.822820784982582,6.031864618081817,694.7210698734943,1516250,-4.555451828542427,-36.22988207171661,40.95841357371658,23.47646829812007,47.20949275546442,0,0,0,0,0,6,6,1,1
349,1965,9,19,15,24002.625,61.17479367778832,-83.46103791703861,233,345,984.4031780311362,998.4031780311362,14.0,21.96488535751543,6.2798057893229995,692.8571982024357,1508125,-4.609504123204679,-36.452204275443094,41.87386669191279,21.648260066871444,47.13881495811052,0,0,0,0,0,7,7,1,1
349,1965,9,19,18,24002.75,61.70683605126831,-81.02737338510362,236,340,981.6882283371929,997.6882283371929,16.0,23.049287352807866,7.056213170515402,728.4111418234938,1666875,-2.714949693943345,-21.361724965591,42.75254999613025,19.720137563634434,47.08146510783498,0,0,0,0,0,6,6,1,1
349,1965,9,19,21,24002.875,62.45603491167122,-78.87459435824128,240,336,979.3480421163783,997.3480421163783,18.0,23.993170658185427,6.813576003483394,830.1451099584378,2165000,-2.3401862208145032,-18.285875304757205,36.89676198854163,27.769037441563064,46.17889654019487,0,0,0,0,0,7,7,1,1
349,1965,9,20,0,24003.0,63.49815602601413,-75.43051234692975,246,330,977.8982730164965,997.8982730164965,20.0,23.806144459709742,6.7726082720164404,944.8070104876806,2804375,-1.4497690998818142,-11.223679155778319,56.956107632983766,38.626193621368714,68.81846431282447,0,0,0,0,0,5,5,1,1
349,1965,9,20,3,24003.125,63.75868548324847,-73.74966196620962,248,327,976.7088820232007,996.7088820232007,20.0,23.909071023943305,7.203335627474444,927.4871791090669,2702500,-1.1893909932958195,-9.187174796910336,27.545620158066523,9.656517961973115,29.189202268002976,0,0,0,0,0,5,5,1,1
349,1965,9,20,6,24003.25,63.995622713340175,-72.03725844848341,250,324,976.3574303073204,996.3574303073204,20.0,23.318211303560552,4.5444507291285845,959.7443582248058,2893750,-0.3514517158802482,-2.7092075917257303,27.827023509049187,8.782072639804031,29.17992524363232,0,0,0,0,0,5,5,1,1
349,1965,9,20,9,24003.375,64.5020581134945,-70.60218755144177,253,322,975.9940473321465,993.9940473321465,18.0,22.85201648754556,4.744950247161251,859.2322109113051,2319375,-0.3633829751740268,-2.7892632570283875,22.897046637746534,18.771015723455733,29.607866792819813,0,0,0,0,0,4,4,1,1
349,1965,9,20,12,24003.5,65.22844358549773,-70.57444477210011,256,323,977.344611191882,995.344611191882,18.0,20.888301207457953,3.815478203929233,937.7265382736706,2762500,1.3505638597355574,10.30520850364276,0.4308530130063074,26.92345975835751,26.926906983140725,0,0,0,0,0,6,6,1,1
349,1965,9,20,15,24003.625,65.73743827839151,-70.72252691633757,258,324,978.112317944265,994.112317944265,16.0,19.548947487295514,4.279166351361055,893.621803093224,2508750,0.7677067523829464,5.834147096651374,-2.2553931664255362,18.86587584626468,19.000212361493016,0,0,0,1,0,7,7,1,2
349,1965,9,20,18,24003.75,65.9537432805455,-70.54505604400183,259,324,979.5831505243543,995.003994127585,15.42084360323075,18.640340044986928,5.032986175312763,915.8310707189881,2635000,1.4708325800893363,11.158606764208692,2.680344444502281,8.017339615787652,8.453518844602662,0,0,0,0,0,7,6,2,0
349,1965,9,20,21,24003.875,66.09175574692186,-69.85523713293647,260,323,981.0434705572246,995.9002659641952,14.856795406970631,18.010817979769435,4.558981650347923,930.1645335010983,2718125,1.4603200328703678,11.066989836023392,10.362020252631284,5.1154286915849125,11.555910799873416,0,0,0,0,0,7,5,2,0
349,1965,9,21,0,24004.0,66.38535362040665,-70.18052847040482,261,324,983.262744507188,996.1232884740951,12.860543966907136,16.143311404043374,5.163561811173422,923.618154310838,2680000,2.21927394996339,16.780799028971735,-4.829793143287788,10.882198001713004,11.905844579677504,0,0,0,0,0,6,4,2,0
349,1965,9,21,3,24004.125,63.60839362074814,-59.372778684461856,259,300,982.5888753007531,994.5888753007531,12.0,16.740223335935944,2.5230395258647333,835.8769049168787,2195000,0.4655868266579637,3.6009861378178964,15.032937810715968,10.475250131447247,18.322665868733168,0,0,0,0,2,7,7,1,1
349,1965,9,21,6,24004.25,63.88387518418381,-58.441204837098624,261,299,983.4460507234511,995.4460507234511,12.0,16.849191619831803,2.702337159806484,829.1859587312052,2160000,0.8571754226979101,6.61394462430227,15.199145810208465,10.210717412719257,18.310455577139138,0,0,0,0,0,6,6,1,1
349,1965,9,21,9,24004.375,63.95765864517035,-57.757532160876686,262,298,984.5588029544476,996.5588029544476,12.0,16.869794840153467,3.6391490555195922,840.3868513787478,2218750,1.112752230996557,8.580559083338972,11.125236058488383,2.734782177326456,11.456435349379516,0,0,0,0,0,4,4,1,1
349,1965,9,21,12,24004.5,64.22046234296228,-56.79724813072376,264,297,985.7630720441173,995.7630720441173,10.0,16.057477756038892,4.162209474564224,737.9084286367428,1710625,1.2042690896696877,9.265586351249443,15.479546498221127,9.740812632631208,18.289335431737744,0,0,0,0,0,5,5,1,3
349,1965,9,21,15,24004.625,64.79480295546966,-55.95406264339834,267,297,986.8065716595307,996.8065716595307,10.0,15.386497471357119,4.478206546273868,737.6387745335905,1709375,1.0434996154134568,7.990351314118632,13.309197569988152,21.28792075891632,25.105981562067615,0,0,0,0,0,4,4,1,2
349,1965,9,21,18,24004.75,65.43212449026029,-56.236944259344774,269,299,988.3963349980181,998.3963349980181,10.0,15.114395059968375,4.348949723531186,727.5913203573946,1663125,1.5897633384873915,12.110582184529232,-4.359354697307881,23.62230710334722,24.021185779677673,0,0,0,0,0,5,5,1,2
349,1965,9,21,21,24004.875,65.94084263365905,-56.08641301165963,271,300,990.1782715261884,1000.1782715261884,10.0,15.158825420134288,5.12673211122732,757.8590903874396,1804375,1.7819365281701902,13.520184152957897,2.2746224028959032,18.85562554599361,18.992327972275614,0,0,0,0,0,8,8,1,2
349,1965,9,22,0,24005.0,66.44887070684146,-55.929488002180385,273,301,991.786325740578,999.786325740578,8.0,14.284340449299675,6.782294178769152,656.5903990313683,1354375,1.6080542143897036,12.153244572082093,2.324051111435789,18.830048110298137,18.972926116039886,0,0,0,0,0,6,6,1,2
349,1965,9,22,3,24005.125,66.76668040101129,-56.07859141821809,274,302,992.6997672252688,1000.6997672252688,8.0,14.25016672658911,7.398800462011931,637.0597341571143,1275000,0.9134414846908476,6.8870021635953576,-2.1800787582320282,11.779608543381325,11.979646106099997,0,0,0,0,0,5,5,1,2
349,1965,9,22,6,24005.25,67.08413227760603,-56.23176638402444,275,303,994.5894952526999,1002.5894952526999,8.0,13.784213447106984,7.72994232146797,661.4205544310272,1374375,1.8897280274309742,14.214241837195596,-2.2106703361198066,11.766346043709857,11.972216275833254,0,0,0,0,0,8,8,1,3
349,1965,9,22,9,24005.375,67.46285983691327,-55.594765712337136,277,303,996.4711352791684,1002.4711352791684,6.0,12.693405678795653,7.534811510231229,585.1342335963944,1075625,1.8816400264685216,14.114273571161425,9.049412430515865,14.037527725147068,16.70161818423136,0,0,0,0,0,6,6,1,3
349,1965,9,22,12,24005.5,67.33292262292564,-55.124671655397826,277,302,998.1263701487019,1004.1263701487019,6.0,11.072338978951116,8.96732883082761,601.7287557812589,1137500,1.6552348695334513,12.427725002291776,6.714782837444121,-4.816119659250845,8.263372019112813,0,0,0,0,0,7,7,1,3
349,1965,9,22,15,24005.625,67.52007347579018,-54.79620991747453,278,302,999.6046813907593,999.6046813907593,0.0,9.645958426759439,8.86822778147245,14.104739588693906,625,1.4783112420575344,11.084297131435433,4.655004896336908,6.93674178524612,8.353888745973347,0,0,0,2,0,9,9,1,1
349,1965,9,22,18,24005.75,67.52007347579018,-54.79620991747453,278,302,,,,9.645958426759439,,0.0,0,0.0,,0.0,0.0,0.0,0,3,0,0,0,9,9,0,0
360,1965,9,20,12,24003.5,35.346650088848676,-102.93966561357996,131,412,1006.0701930783193,1012.0701930783193,6.0,8.107130388478183,11.061115135340879,574.6707813310877,1037500,,,,,,3,0,0,0,0,10,10,1,1
360,1965,9,20,15,24003.625,35.4029130993843,-102.70126496413899,131,411,1005.5902780257529,1011.5902780257529,6.0,9.358486735011468,9.168082373030993,526.996561369576,872500,-0.4799150525663572,-5.739373761272874,7.202463346068287,2.0853871097701955,7.49828764779352,0,0,0,0,0,12,12,1,1
360,1965,9,20,18,24003.75,35.65006214741338,-102.75527206149269,132,411,1004.0398045622983,1010.0398045622983,6.0,10.375096979687472,5.645597555387721,502.0574081933153,791875,-1.5504734634546913,-18.430651114283805,-1.6266233256810272,9.160573421955421,9.303870638754908,0,0,0,0,0,12,12,1,2
360,1965,9,20,21,24003.875,35.86530240061562,-101.79342968491048,132,407,1001.4387314398793,1007.4387314398793,6.0,10.976255077143538,8.604966988989254,539.4947656644164,914375,-2.601073122418893,-30.75836514790814,28.891060278801884,7.97787472192625,29.972318047026558,0,0,0,0,0,12,12,1,2
360,1965,9,21,0,24004.0,36.015658388266274,-101.06756598599824,132,404,1002.1052704095905,1007.7685035574146,5.663233147824212,9.900059369681633,9.320108259780318,572.9372305296926,1031250,0.6665389697111095,7.853516588961283,21.76151760016551,5.5729410057951805,22.463777948430373,0,0,0,0,0,11,12,2,0
360,1965,9,21,3,24004.125,34.27092825148495,-100.74499650610363,125,404,1005.1407134641279,1008.2569832419596,3.1162697778316213,7.977755947951519,8.634318322299587,524.5370414662,864375,3.0354430545374633,37.34667345104426,9.880269097359978,-64.6683798579835,65.41879753475061,0,0,1,0,0,15,14,2,0
360,1965,9,21,6,24004.25,40.22143949734106,-96.81102473864743,146,385,1004.1156089333572,1010.1156089333572,6.0,9.630532752403125,9.1719795440312,619.6461088469753,1206250,-0.14137430860238964,-1.5168097264377116,27.842521699755014,22.954907846937257,36.08509122702492,0,0,0,0,2,13,13,1,1
360,1965,9,21,9,24004.375,41.830897029365346,-95.64223743202415,152,380,1002.5527170483057,1010.5527170483057,8.0,10.806767678903121,9.135206168727237,666.8126590452393,1396875,-1.5628918850515037,-16.235529332641725,32.278995580647894,59.65450407032436,67.82767437832312,0,0,0,0,0,9,9,1,1
360,1965,9,21,12,24004.5,42.633919678824185,-94.89114574378142,155,377,1004.0584435904052,1008.0584435904052,4.0,9.126694324922981,6.880790970635353,388.0726283837936,473125,1.5057265420995827,15.402038090912553,20.481123873911624,29.76401486683156,36.12994625143362,0,0,0,0,0,13,13,1,2
360,1965,9,21,15,24004.625,43.45820384554213,-93.5497798676233,158,372,1003.9582231295228,1007.9582231295228,4.0,9.52630397650055,5.327676322324915,458.1327113429437,659375,-0.1002204608824104,-1.0094827497805434,36.08850636259491,30.552072484157726,47.28434650664299,0,0,1,0,0,9,9,1,1
360,1965,9,21,18,24004.75,45.37245872880865,-94.28547273657684,166,374,1003.2258094494362,1007.2258094494362,4.0,7.946931911786848,2.2639848090340093,424.7845533095999,566875,-0.7324136800866108,-7.12996091696607,-19.15588118471319,70.95181044126991,73.4922253633454,0,0,0,0,0,11,11,1,1
360,1965,9,21,21,24004.875,46.64594223524809,-93.18824730498264,171,370,,,,9.357727176144174,,0.0,0,-2.0685535372488086,,27.918982313647415,47.20163502719606,54.84034940324851,0,2,2,0,0,14,17,0,0
362,1965,9,16,0,23999.0,31.535059459893603,142.00409683898596,513,556,1001.8846080985826,1003.8846080985826,2.0,9.322983573125006,6.606403233359015,133.06384715231013,55625,,,,,,3,0,0,0,0,20,20,1,1
362,1965,9,16,3,23999.125,32.9336365172218,142.49585763972988,508,553,1000.6605384301613,1004.6605384301613,4.0,9.598885461725308,6.8826378724454855,234.74965185398838,173125,-1.224069668421289,-15.598885375033458,15.298008178379721,51.8382244321242,54.04840947244471,0,0,0,0,0,15,15,1,1
362,1965,9,16,6,23999.25,34.11409979988487,143.15404542819607,503,551,999.3628213732799,1003.3628213732799,4.0,10.303199391872042,8.62955916466388,197.4663542417147,122500,-1.2977170568813745,-16.030959575606005,20.197721999260477,43.75384270743818,48.19073277744023,0,0,0,0,0,16,16,1,1
362,1965,9,16,9,23999.375,35.07453328323922,143.98156929931153,498,550,998.9500554246007,1002.9500554246007,4.0,11.508713792891319,9.433985387455104,184.98192550829796,107500,-0.4127659486791526,-4.976539549896778,25.10217710824915,35.59844357618837,43.558793378845735,0,0,0,0,0,19,19,1,1
362,1965,9,16,12,23999.5,36.16301893629043,145.03842928281549,492,549,998.5599442604231,1004.5599442604231,6.0,12.468728596759961,11.269969074690088,226.11617692741794,160625,-0.3901111641776515,-4.580307593009827,31.62541421118952,40.34469411489442,51.26266835869651,0,0,0,0,0,20,20,1,1
362,1965,9,16,15,23999.625,37.365247917948665,146.34501867876682,485,548,995.9215398985093,1001.9215398985093,6.0,15.037152104523669,17.93214685323488,166.29242725457107,86875,-2.6384043619137083,-30.119600921301256,38.48999722364595,44.56058780848337,58.882305254752296,0,0,0,0,0,21,21,1,1
362,1965,9,16,18,23999.75,38.26149979177052,147.27249657182907,480,547,994.0340211085478,1002.0340211085478,8.0,16.743306927037107,21.860769167884357,192.8794129702041,116875,-1.887518789961614,-21.11761145510685,26.992412112022905,33.21955378822328,42.80337680036401,0,0,0,0,0,22,22,1,1
362,1965,9,16,21,23999.875,38.92699632716444,148.36693069631687,475,547,993.8712365723285,1001.8712365723285,8.0,17.076565973151105,15.258481677687596,210.62867892778948,139375,-0.1627845362192602,-1.794924530670742,31.557373427948075,24.66661281177828,40.053833839935315,0,0,0,0,0,20,20,1,1
362,1965,9,17,0,24000.0,39.48097181283702,149.8476164738746,469,548,991.2731701641784,1001.2731701641784,10.0,20.080116229765203,11.452376866856502,236.438520044912,175625,-2.5980664081500437,-28.309706488778197,42.359092499194006,20.533087830748983,47.07335141266793,0,0,0,0,0,19,19,1,1
362,1965,9,17,3,24000.125,40.0140037766859,151.95093414725991,461,550,990.921024813639,1000.921024813639,10.0,19.885819356913846,14.386339698747836,268.3609728501569,226250,-0.35214535053950385,-3.7944480493592887,59.70674331511733,19.756816706460082,62.89059551053693,0,0,0,0,0,17,17,1,1
362,1965,9,17,6,24000.25,40.36354738605664,153.8531587644191,454,552,990.1232214131036,1000.1232214131036,10.0,20.69935845189905,14.582830377376377,268.3609728501569,226250,-0.7978034005353402,-8.534655834293648,53.72097756970982,12.955825334351395,55.26116937904487,0,0,0,0,0,24,24,1,1
362,1965,9,17,9,24000.375,40.55116525522485,155.53385475612558,448,554,990.690981447487,1000.690981447487,10.0,20.666982764889845,12.598142650938534,268.731381546606,226875,0.5677600343833911,6.050445392766416,47.3325913662108,6.954051733122777,47.84070485421009,0,0,0,0,0,22,22,1,1
362,1965,9,17,12,24000.5,40.235290748178386,157.43139266891058,442,558,993.5913103317845,1003.5913103317845,10.0,18.0645444742077,9.089411074840973,314.1274657157109,310000,2.9003288842974873,31.10883472734654,53.69045675902289,-11.707880879972839,54.952157570855576,0,0,0,0,0,23,23,1,1
362,1965,9,17,15,24000.625,39.86112976202998,159.3045492659367,436,562,994.5919522503312,1002.5919522503312,8.0,17.277771537526792,9.060342474341304,259.3124822609313,211250,1.000641918546753,10.816565114079237,53.292354207475604,-13.868267802675822,55.06726676367529,0,0,0,0,0,22,22,1,1
362,1965,9,17,18,24000.75,39.34862750260318,160.90174327773636,431,566,995.0105686929726,1005.0105686929726,10.0,16.966163855449857,8.56704883504448,364.2738445220405,416875,0.4186164426413598,4.574272342098059,45.77887140050631,-18.995883714044457,49.563582041470674,0,0,0,0,0,17,17,1,1
362,1965,9,17,21,24000.875,38.79340950370231,162.4679185218931,426,570,997.1425750308399,1005.1425750308399,8.0,15.736247740215822,7.859585468987862,326.54833007009836,335000,2.132006337867351,23.57643939210782,45.24439223557898,-20.57914155317391,49.70468887169991,0,0,0,0,0,14,14,1,1
362,1965,9,18,0,24001.0,37.737852767013045,165.1916229609576,417,577,998.8751677188937,1006.8751677188937,8.0,14.60131249217955,8.504162357962777,393.67134241106896,486875,1.7325926880538463,19.612386994051096,79.8335908226117,-39.12418463511055,88.90502824359493,0,0,0,0,0,17,17,1,1
362,1965,9,18,3,24001.125,37.25215950263566,165.3206988901872,417,579,998.9972068981602,1006.9972068981602,8.0,13.741993595306663,5.782795246987662,427.11983508037304,573125,0.12203917926643043,1.3967928762102866,3.808120281054129,-18.002208968066835,18.40057900732805,0,0,0,0,0,15,15,1,1
362,1965,9,18,6,24001.25,35.9665983685621,168.6900675259798,405,587,999.9882476817463,1009.9882476817463,10.0,12.977226535240227,5.965024274945754,674.2301581850415,1428125,0.9910407835860678,11.6907438905476,101.0722965890843,-47.649292000134885,111.74105855014055,0,0,0,0,0,17,17,1,1
362,1965,9,18,9,24001.375,35.159743460076875,169.8367857077956,401,591,1001.5039385784112,1011.5039385784112,10.0,12.692554565652914,5.4793909413339135,694.8642375349573,1516875,1.5156908966648917,18.235422324486116,34.74818923647342,-29.90605745393899,45.845489719841225,0,0,0,0,0,16,16,1,1
362,1965,9,18,12,24001.5,34.537234257112125,170.676408221862,398,594,1003.4879121216269,1011.4373790676027,7.949466945975874,10.064535203842835,2.917139784372848,759.6944204000615,1813125,1.9839735432156886,24.244772068948645,25.63575737264209,-23.07328838640924,34.49012457256976,0,0,0,1,0,17,19,2,0
362,1965,9,18,15,24001.625,33.861852748822685,171.26290209103365,396,597,1003.4970342592463,1010.6977943585796,7.200760099333275,9.283494249486784,2.9832720070436336,801.6159197106351,2018750,0.009122137619415297,0.11342585978439196,18.051167171361552,-25.032999090445422,30.86252873162992,0,0,0,0,0,18,19,2,0
362,1965,9,18,18,24001.75,33.482200563213155,-177.27368900609375,348,601,1000.0071013271751,1010.0071013271751,10.0,11.214975059503736,13.076696476592407,827.9854572203182,2153750,-2.6906930314045168,-33.79085512020074,29.291538599138036,-1.4907713088719659,29.32944991983568,0,0,0,0,2,17,17,1,2
362,1965,9,18,21,24001.875,33.645313150841666,-175.838203324656,342,600,996.8442765246643,1010.8442765246643,14.0,14.154054649092537,18.555631855068423,1036.7703202285875,3376875,-3.1628248025107313,-39.550020628795444,44.292953252475,6.045764072052201,44.70365724457959,0,0,0,0,0,15,15,1,2
362,1965,9,19,0,24002.0,33.56265989720879,-174.89150395548538,338,600,990.8075340333155,1008.8075340333155,18.0,19.650159488445063,28.766361286515753,842.2785518058283,2228750,-6.03674249134885,-75.65141348116023,29.239244500170162,-3.063540824880856,29.39929763321639,0,0,0,0,0,19,19,1,1
362,1965,9,19,3,24002.125,33.68985101175675,-173.68606662966374,333,599,987.2433436485209,1007.2433436485209,20.0,22.289310130392902,29.736666117685818,821.7145770079572,2121250,-3.564190384794638,-44.51697597509506,37.17547797836196,4.714335550666734,37.47320539537491,0,0,0,0,0,18,18,1,1
362,1965,9,19,6,24002.25,33.7556388162741,-172.24019423785177,327,598,985.3882172299134,1007.3882172299134,22.0,24.42758672277807,17.293861766340925,849.9202891791324,2269375,-1.8551264186073968,-23.13082910570626,44.55617948829261,2.4384233658045678,44.622853327682314,0,0,0,0,0,16,16,1,1
362,1965,9,19,9,24002.375,34.0341952240129,-170.75388725443676,321,596,984.3400254261718,1008.3400254261718,24.0,26.51202457346699,19.008041254112467,836.5906180723099,2198750,-1.048191803741647,-12.975249009919008,45.6528288108795,10.324686441629005,46.8057681119905,0,0,0,0,0,12,12,1,1
362,1965,9,19,12,24002.5,34.56830410128294,-169.4470280010712,316,593,977.1363631606937,1009.1363631606937,32.0,33.639697323629,21.803370738959785,967.2807874146368,2939375,-7.2036622654780516,-87.9616941210468,39.88659236126458,19.796732476083495,44.52921363468379,0,0,0,0,0,13,13,1,1
362,1965,9,19,15,24002.625,35.42023255314714,-168.5461085839078,313,589,973.644226398014,1009.644226398014,36.0,36.77028674426281,19.453375736099623,1133.3928420589484,4035625,-3.492136762679729,-41.74521777417165,27.212274108817393,31.576707237150618,41.684485148723304,0,0,0,0,0,13,13,1,1
362,1965,9,19,18,24002.75,36.35992425368155,-168.10493948196387,312,585,971.6071841322113,1009.6071841322113,38.0,39.09160776026867,18.734474480754944,1111.2350852606494,3879375,-2.037042265802738,-23.805188150088956,13.168333096436616,34.829649903141295,37.23586320892935,0,0,0,0,0,11,11,1,1
362,1965,9,19,21,24002.875,36.853245588439364,-168.00156769463163,312,583,971.6909152044982,1009.6909152044982,38.0,39.773610066721524,20.455413288830968,1020.8168248487017,3273750,0.0837310722869006,0.9672179909153329,3.0658460688159823,18.284943210197092,18.54018770988598,0,0,0,0,0,13,13,1,1
362,1965,9,20,0,24003.0,38.21659928102897,-167.1786562066011,310,577,977.0200036363833,1009.0200036363833,32.0,33.377043553181664,12.983839333590295,1064.0434560768513,3556875,5.329088431885175,59.68130726626614,23.964029257066635,50.53267127936333,55.92696634774442,0,0,0,0,0,12,12,1,1
362,1965,9,20,3,24003.125,39.597548590003434,-167.6568922473619,313,572,976.3745033743852,1008.3745033743852,32.0,34.42362861271168,10.83224963268076,1058.8893115346866,3522500,-0.6455002619980951,-7.0163476447012485,-13.658436456332703,51.18485237042302,52.975862415006304,0,0,0,0,0,12,12,1,1
362,1965,9,20,6,24003.25,40.23875399664843,-168.3241323040485,316,570,976.7690399648322,1008.7690399648322,32.0,33.81401697713515,11.30040752043511,1066.191437329086,3571250,0.3945365904469509,4.231484553512512,-18.878774189977335,23.766262718661576,30.351991014241513,0,0,0,0,0,13,13,1,1
362,1965,9,20,9,24003.375,40.580164692393055,-168.79529381632955,318,569,978.5062526980569,1010.5062526980569,32.0,32.801826981305,10.252458942239901,1131.460372039354,4021875,1.737212733224733,18.502003587625335,-13.263520564336162,12.654379089664062,18.331783544038895,0,0,0,0,0,14,14,1,1
362,1965,9,20,12,24003.5,40.38436838559828,-169.10942530377974,319,570,981.2257535589317,1009.2257535589317,28.0,29.352486901514173,11.36441441595838,1081.7516901226272,3676250,2.7195008608748323,29.07995437895976,-8.868854419556387,-7.257185323773823,11.459638630379365,0,0,0,0,0,15,15,1,1
362,1965,9,20,15,24003.625,40.140696000027546,-169.15969454566945,319,571,981.7364197144638,1007.7364197144638,26.0,28.189040805116537,11.20750319200968,1019.0613345989618,3262500,0.5106661555319443,5.488104933581013,-1.4243703218763237,-9.03171101294738,9.143338265384095,0,0,0,0,0,18,18,1,1
362,1965,9,20,18,24003.75,40.09344722201574,-168.89860447415782,318,571,983.5809199657335,1009.5809199657335,26.0,26.70706406926354,9.951295539273488,1088.7177957013887,3723750,1.8445002512697828,19.842166826829896,7.403081858131861,-1.751274801689378,7.607403264533389,0,0,0,0,0,19,19,1,1
362,1965,9,20,21,24003.875,40.28841307328224,-168.58541781675703,317,570,984.157483558895,1010.157483558895,26.0,26.32005349776789,11.231838180879276,1105.4013187924222,3838750,0.5765635931615543,6.177436209164689,8.85476263357781,7.226404509924368,11.429249469587278,0,0,0,0,0,18,18,1,1
362,1965,9,21,0,24004.0,40.23875399664843,-168.3241323040485,316,570,987.6591356992176,999.6591356992176,12.0,22.14398759497261,10.714823701286296,432.443127050225,587500,3.5016521403225487,37.555925869291976,7.39278164117203,-1.840612461177847,7.618469309926594,0,0,0,0,0,19,19,1,1
362,1965,9,21,3,24004.125,40.13608494002664,-167.80304527319828,314,570,988.4391250353442,998.4391250353442,10.0,20.72031393110882,9.809384171653365,333.7790589062273,350000,0.7799893361266004,8.383308444931059,14.765892433434832,-3.805426073241643,15.248371944397059,0,0,0,0,0,20,20,1,1
362,1965,9,21,6,24004.25,39.8404658145502,-167.60033357369025,313,571,990.5600158546152,1008.5600158546152,18.0,18.57179513996245,8.994161594358374,988.9424276972329,3072500,2.1208908192710076,22.935945267007824,5.769102053620385,-10.957115657360822,12.38309016497371,0,0,0,0,0,18,18,1,2
362,1965,9,21,9,24004.375,39.67537379536448,-166.8274465766731,310,571,992.4655810906833,1010.4655810906833,18.0,17.037069464113273,8.121051550268094,1067.3104071357316,3578750,1.9055652360680688,20.678848339137275,22.04881282157721,-6.119131654319176,22.882174700929074,0,0,0,0,0,16,16,1,2
362,1965,9,21,12,24004.5,39.98294198478948,-165.93158596863051,307,569,993.4324130310838,1009.677369547592,16.2449565165081,15.598406091546599,6.3730503728370245,1083.130128039163,3685625,0.9668319404005888,10.424572370691342,25.442791515642067,11.40000742043741,27.88002527427936,0,0,0,0,0,22,21,2,0
362,1965,9,21,15,24004.625,40.212206878597634,-164.7682482530338,303,567,994.514402467931,1009.6710193423451,15.156616874414176,14.75774313413448,5.656833689705673,1073.6292075679814,3621250,1.0819894368470704,11.610913644652614,32.9280190707675,8.497697683056774,34.00684204446888,0,0,0,0,0,17,16,2,0
362,1965,9,21,18,24004.75,40.726510801642526,-163.77745802047244,300,564,995.9394377348549,1010.5488198569481,14.60938212209323,13.643959812351897,5.78393142169567,1107.109753134918,3850625,1.425035266923951,15.132113119763153,27.83020296526793,19.062662331995153,33.732851825359724,0,0,0,1,0,21,19,2,0
362,1965,9,21,21,24004.875,41.768266742556115,-162.86700384965687,298,559,997.4391300503601,1012.0761338391438,14.637003788783767,12.912975375585924,4.4232111203608655,1171.2030847693634,4309375,1.4996923155052355,15.598062147348108,25.169140705567756,38.61265847714001,46.09146383582235,0,0,0,0,0,21,20,2,0
362,1965,9,22,0,24005.0,48.26723255887758,-170.35660821120945,329,539,989.9810400886977,1001.3686880605428,11.387647971845144,19.18246477606875,7.829621667764878,587.8479141651161,1085625,1.904906249553751,17.68501568862454,-20.924335343304058,-31.9563322753441,38.19731642473385,0,0,0,1,2,21,20,2,0
362,1965,9,22,3,24005.125,48.04570969758803,-165.92578716751038,315,537,986.8962626921128,1010.8962626921128,24.0,22.401375439676233,13.451997698956255,1197.2423339580764,4503125,-3.084777396584832,-28.7381809187415,109.77762940213385,-8.21073943706122,110.0842593618886,0,0,2,0,0,17,17,1,2
362,1965,9,22,6,24005.25,48.79185715148091,-167.31573231189347,320,535,983.7847623299439,997.7847623299439,14.0,25.14892993202884,18.173641753047267,473.08734787878007,703125,-3.111500362168881,-28.654123158350618,-33.939587480444665,27.655937133880986,43.78066304998057,0,0,0,2,0,21,21,1,1
362,1965,9,22,9,24005.375,49.363801877327255,-167.80379466866114,322,533,981.9684823539475,997.9684823539475,16.0,27.41181934585358,13.891231183288474,493.46434818596555,765000,-1.81627997599644,-16.582184589200732,-11.78117289714864,21.199117278408732,24.252806192608666,0,0,0,0,0,20,20,1,1
362,1965,9,22,12,24005.5,49.53016594273338,-170.72413480766892,331,534,991.1952363802225,997.1952363802225,6.0,18.02537382269044,10.8438033324969,274.589974853026,236875,9.226754026275012,84.02893544479711,-70.25002766353677,6.166280016375309,70.52013468484041,0,0,0,0,0,20,20,1,1
362,1965,9,22,15,24005.625,49.8046037117275,-170.99346052755868,332,533,992.113653060498,1000.113653060498,8.0,16.595228199066415,5.938354074997988,383.1715477462718,461250,0.9184166802755499,8.330162988721991,-6.442698309131093,10.17202919726556,12.040703446746942,0,0,0,0,0,22,22,1,1
362,1965,9,22,18,24005.75,50.19856467843389,-170.23996976045987,330,531,991.6329803129792,1001.6329803129792,10.0,17.74691048838603,6.842775475805612,420.54836881251686,555625,-0.48067274751883815,-4.3346862056222735,17.87751995878651,14.602153597912327,23.083080591070033,0,0,0,0,0,18,18,1,1
362,1965,9,22,21,24005.875,50.584689474191705,-169.47221388003643,328,529,992.7149042952645,1002.7149042952645,10.0,17.886879139914996,6.193043892579953,449.3638103450724,634375,1.0819239822853706,9.702484028839208,18.068227571764087,14.311706113311608,23.049637295603087,0,0,0,0,0,19,19,1,1
362,1965,9,23,0,24006.0,51.29898207552023,-174.0706575189967,342,528,996.5739466947332,1000.5739466947332,4.0,11.48775476129893,8.325124690660013,173.8949084575512,95000,3.8590423994685987,34.25880171032542,-106.55204870669097,26.475237802492067,109.79197284087553,0,0,0,0,0,17,17,1,1
362,1965,9,23,3,24006.125,51.71982478612298,-173.32011393677743,340,526,996.5821790669619,998.5821790669619,2.0,12.03051939445473,10.593006478537792,112.83791670955125,40000,0.008232372228667373,0.07265760300287899,17.233927350961697,15.598524778123487,23.244832268527087,0,0,0,0,0,17,17,1,1
362,1965,9,23,6,24006.25,52.13312511741041,-172.553702273572,338,524,998.1379803732909,998.1379803732909,0.0,11.658180995777132,7.2730234716391715,14.104739588693906,625,1.5558013063290854,13.653881184622032,17.436974531619253,15.318966673225614,23.210317118724067,0,0,0,0,0,18,18,1,1
362,1965,9,23,9,24006.375,52.80678895469014,-172.06866798289553,337,521,998.5352659440827,1000.5352659440827,2.0,12.420380092320308,6.333054919501809,158.3253092116782,78750,0.3972855707917188,3.455272175829403,10.867634947177343,24.96933365647077,27.231840051551313,0,0,0,0,0,17,17,1,1
362,1965,9,23,12,24006.5,52.80678895469014,-172.06866798289553,337,521,,,,12.420380092320308,,0.0,0,0.0,,0.0,0.0,0.0,0,3,0,0,0,17,17,0,0
364,1965,9,21,9,24004.375,70.21725630846828,108.22884978553789,443,387,1003.0002975617571,1007.0002975617571,4.0,7.929954618592659,3.2923859012489993,691.2761507772532,1501250,,,,,,3,0,0,0,0,11,11,1,1
364,1965,9,21,12,24004.5,68.6875640756966,110.73321156746682,448,393,1001.3630263669941,1007.3630263669941,6.0,9.797104201267551,4.763768241331126,640.7961869245869,1290000,-1.6372711947630159,-12.17603805395923,33.734910887694376,-56.698005203933135,65.97505594318136,0,0,0,0,0,16,16,1,1
364,1965,9,21,15,24004.625,69.4875239080029,110.22485943116808,445,391,1000.7009986066536,1006.7009986066536,6.0,10.87556418431757,3.9870122858109243,514.9678863063896,833125,-0.6620277603404248,-4.89716303460593,-6.602452175939457,29.650491623964403,30.376702063890196,0,0,0,0,0,12,12,1,1
364,1965,9,21,18,24004.75,69.85559049954524,109.2447292398329,444,389,999.9608779501872,1007.9608779501872,8.0,11.809035764092,4.827130894474249,628.5715124197327,1241250,-0.7401206564664607,-5.461818880453547,-12.510946499438617,13.642379215621329,18.510491429852213,0,0,0,0,0,13,13,1,1
364,1965,9,21,21,24004.875,70.14493488636425,108.84566422168709,443,388,998.8542889183442,1006.8542889183442,8.0,12.958699316988305,8.804905620457067,482.86850345578216,732500,-1.1065890318428864,-8.151225034037015,-5.023749868003576,10.724542622451859,11.842882976583553,0,0,0,0,0,16,16,1,1
364,1965,9,22,0,24005.0,69.92946662844413,108.63812449438839,444,388,997.0446482357365,1007.0446482357365,10.0,14.424935772367759,8.958118139059298,540.5999114432898,918125,-1.8096406826077145,-13.348181917416548,-2.6398698869796418,-7.98632571121983,8.41132043057883,0,0,0,0,0,13,13,1,1
364,1965,9,22,3,24005.125,69.92946662844413,108.63812449438839,444,388,996.7660514382942,1006.7660514382942,10.0,14.098808947909005,8.917571327648547,531.1328803890647,886250,-0.27859679744229654,-2.0549718900608727,0.0,0.0,0.0,0,0,0,0,0,11,11,1,1
364,1965,9,22,6,24005.25,70.14493488636425,108.84566422168709,443,388,996.6864244155664,1008.6864244155664,12.0,13.955547986994242,7.086251978075743,662.0218459683235,1376875,-0.07962702272780006,-0.5865391417839676,2.612679614403315,7.98632571121983,8.402826496674175,0,0,0,0,0,15,15,1,1
364,1965,9,22,9,24005.375,69.91416060977411,110.66875808306494,443,391,997.0627122358339,1009.0627122358339,12.0,14.0149147438385,5.542849445793254,648.6646905753375,1321875,0.37628782026746194,2.7758266012080606,23.205544622760375,-8.553642918964266,24.73180358211003,0,0,0,0,0,15,15,1,1
364,1965,9,22,12,24005.5,69.74905403743116,111.8605382367883,443,393,997.1871656904987,1009.1871656904987,12.0,14.804103473109238,10.44215769068338,615.6197757037828,1190625,0.12445345466476283,0.91904928727238,15.289574993149268,-6.119671066736435,16.46880315736959,0,0,0,0,0,15,15,1,1
364,1965,9,22,15,24005.625,69.87339894461908,112.69379494509236,442,394,997.8346288482039,1009.8346288482039,12.0,14.38469813044073,8.941455188713663,640.4856484101422,1288750,0.6474631577052059,4.777496058340956,10.62718774501173,4.6088409444619725,11.58354583964153,0,0,0,0,0,18,18,1,1
364,1965,9,22,18,24005.75,69.7845066056528,113.28235621348973,442,395,998.8371741736333,1008.8371741736333,10.0,13.558776066547077,7.684163336376587,537.0924821239452,906250,1.002545325429528,7.401790924599229,7.538190047466098,-3.2947923702063213,8.226783451294116,0,0,0,0,0,15,15,1,1
364,1965,9,22,21,24005.875,69.90141410368584,114.12535317354998,441,396,1000.0272800207647,1010.0272800207647,10.0,12.791566330257359,6.879216208359794,619.0036554768785,1203750,1.1901058471313446,8.779971433923077,10.73706494897834,4.333173555994038,11.57846953551916,0,0,0,0,0,14,14,1,1
364,1965,9,23,0,24006.0,69.80732893212782,114.70823233200596,441,397,1001.320864236606,1009.320864236606,8.0,12.3420999105637,6.477419092994313,494.2700048010797,767500,1.293584215841256,9.549130817476557,7.45733909891227,-3.4872645832451936,8.232431032794743,0,0,0,0,0,12,12,1,1
364,1965,9,23,3,24006.125,69.7161867820846,116.70722403543495,440,400,1002.5303877684747,1008.5303877684747,6.0,11.627069458957054,4.30539434007027,438.83650844157603,605000,1.2095235318687627,8.933839847118456,25.68457785881243,-3.3781815627606133,25.90578411197726,0,0,0,0,0,10,10,1,1
364,1965,9,23,6,24006.25,70.01641236174713,117.86372549642402,438,401,1004.5615706639865,1008.5615706639865,4.0,9.95928026830479,3.138595202472716,354.58765494951643,395000,2.031182895511738,14.974025692014264,14.649173694533886,11.12785376913139,18.396396914607905,0,0,0,0,0,10,10,1,1
364,1965,9,23,9,24006.375,70.39395673159068,119.94878000740901,435,403,1005.9137428664233,1009.9137428664233,4.0,9.693641854780566,2.022998686706851,421.96515565157495,559375,1.3521722024367773,9.944696797200088,25.930943179506436,13.993672836606937,29.465856404265296,0,0,0,0,0,9,9,1,1
364,1965,9,23,12,24006.5,70.78657728098328,120.61860540890939,433,403,1007.4173154936562,1011.4173154936562,4.0,9.410351780161648,2.6725551041396103,446.0310290381928,625000,1.503572627232934,11.03152011992411,8.170243689019165,14.552471062952025,16.689137065049636,0,0,0,0,0,9,9,1,1
364,1965,9,23,15,24006.625,71.29323246660277,120.72748661559967,431,402,1007.9015615682296,1011.9015615682296,4.0,9.197586142889426,2.775578661458203,478.5229089327537,719375,0.4842460745733115,3.5420745073361735,1.294342527588681,18.77916206634846,18.823715108684194,0,0,0,0,0,10,10,1,1
364,1965,9,23,18,24006.75,71.4880402119026,121.08312256669875,430,402,1008.7735083063777,1010.7735083063777,2.0,8.711864453203882,2.7876783034492107,280.32615495458737,246875,0.8719467381482536,6.370658642687623,4.185198247450491,7.2205443161352925,8.345786037979666,0,0,0,3,0,8,8,1,1
364,1965,9,23,21,24006.875,71.682055100124,121.44623590226836,429,402,1009.5229448485751,1011.5229448485751,2.0,8.403972810194073,2.858532566075228,345.4941494713355,375000,0.7494365421973634,5.469399041198682,4.229953042234215,7.191157087910353,8.342975668339793,0,0,2,1,0,11,11,1,3
364,1965,9,24,0,24007.0,75.38883348418669,117.94303442338295,417,390,1010.7966547138299,1012.7966547138299,2.0,7.633091822278999,4.5976143704797865,340.8564337915358,365000,1.2737098652547865,9.119443367153425,-32.749928266787904,137.3916501678287,141.24101152752615,0,0,1,0,0,9,9,1,1
364,1965,9,24,3,24007.125,75.38883348418669,117.94303442338295,417,390,,,,7.633091822278999,,0.0,0,0.0,,0.0,0.0,0.0,0,3,0,0,0,9,9,0,0
371,1965,9,21,21,24004.875,32.57885592462866,-49.1326866231652,174,199,1010.956874342325,1010.956874342325,0.0,7.965722597143065,7.4002093485295335,14.104739588693906,625,,,,,,3,0,0,0,0,3,3,1,1
371,1965,9,22,0,24005.0,32.12844412862306,-50.090497833181665,170,201,1011.6783136338081,1013.6783136338081,2.0,7.777004336951777,6.107010442809479,235.17300594335575,173750,0.7214392914831115,9.398455947696952,-30.06441804651233,-16.694502205562248,34.38859747600909,0,0,0,0,0,2,2,1,1
371,1965,9,22,3,24005.125,32.74557707638971,-51.13902641398898,169,206,1009.527359313266,1011.527359313266,2.0,9.77168083037811,10.378134393867004,124.56968712917198,48750,-2.1509543205422235,-27.550352511086768,-32.687365693172964,22.874017618950845,39.89592157089863,0,0,0,0,0,2,2,1,1
371,1965,9,22,6,24005.25,32.258847924702906,-52.084250948798626,165,208,1007.4624744336735,1011.4624744336735,4.0,10.96468933414462,14.800160545201653,162.05112036071435,82500,-2.064884879592428,-26.802947299597673,-29.626857984649998,-18.040604105860584,34.68737681847696,0,0,0,0,0,2,2,1,1
371,1965,9,22,9,24005.375,31.95971218757576,-52.87566172776365,162,210,1007.1089029421055,1011.1089029421055,4.0,11.346090306973533,11.975728206568455,182.81831978578631,105000,-0.35357149156800005,-4.62782830959961,-24.887190161367776,-11.087458782206458,27.245256034311883,0,0,0,0,0,1,1,1,1
371,1965,9,22,12,24005.5,32.277641192299726,-55.24603634878493,157,219,1010.1067927589168,1014.1067927589168,4.0,9.908916135998144,10.08868516432638,302.84160209044046,288125,2.997889816811221,38.89347647656379,-74.27971434421484,11.784030786153023,75.20863876329074,0,0,0,0,0,1,1,1,1
371,1965,9,22,15,24005.625,31.716523242014397,-56.15015659282895,153,221,1010.2171529608916,1014.2171529608916,4.0,10.160966760992432,8.745018090161611,262.363322298001,216250,0.11036020197483594,1.4543907118022423,-28.506535620490908,-20.7978231069742,35.28699504167657,0,0,0,0,0,1,1,1,1
371,1965,9,22,18,24005.75,31.27848959493852,-57.230394889156635,149,224,1008.8471842717199,1012.8471842717199,4.0,10.277851117686023,8.427233980801539,217.13970592909533,148125,-1.3699686891716556,-18.280918324670665,-34.21935249908977,-16.235706418150322,37.87561548481198,0,0,0,0,0,1,1,1,1
371,1965,9,22,21,24005.875,31.119512134842616,-57.86151173577295,147,226,1009.1315142619438,1013.1315142619438,4.0,10.03068637639426,6.310689004951782,239.78057300779642,180625,0.28432999022392325,3.8115345273568892,-20.02593957504931,-5.892495671167337,20.874859546791015,0,0,0,0,0,1,1,1,1
371,1965,9,23,0,24006.0,30.952557357992262,-58.48947007798811,145,228,1009.5893187136429,1013.5893187136429,4.0,10.175426502845388,6.790292850592741,267.99005218518425,225625,0.4578044516990485,6.16680684418139,-19.960685166257075,-6.1881747216112455,20.897905605386,0,0,0,0,0,1,1,1,1
371,1965,9,23,3,24006.125,30.6872546987087,-59.42521087667049,142,231,1009.5766408390997,1013.5766408390997,4.0,9.503413801248726,5.4919967693121725,303.8253889873249,290000,-0.01267787454315112,-0.17210661361437565,-29.826288613096928,-9.833436579213998,31.40547671010869,0,0,0,0,0,1,1,1,1
371,1965,9,23,6,24006.25,30.53231200148077,-60.54980416970159,139,235,1008.2499089810098,1012.2499089810098,4.0,10.270804034049986,4.903055761968426,281.74195262169036,249375,-1.3267318580899155,-18.093366356542905,-35.90322278142844,-5.742947284123278,36.35963214336885,0,0,0,0,0,1,1,1,1
371,1965,9,23,9,24006.375,30.20577509009543,-60.96726451799569,137,236,1007.7641940732844,1011.7641940732844,4.0,10.147572697998037,4.3928085959290915,299.8708769569344,282500,-0.4857149077253416,-6.688698833874165,-13.372268153861027,-12.103082636077872,18.036134976055582,0,0,0,0,0,1,1,1,1
371,1965,9,23,12,24006.5,30.331554674838042,-61.16449915225692,137,237,1010.9559101319194,1014.9559101319194,4.0,7.982461524569998,3.2849353782409163,427.11983508037304,573125,3.19171605863492,43.78757239073173,-6.309817446564509,4.662017232945928,7.845266145214874,0,0,0,0,0,2,2,1,1
371,1965,9,23,15,24006.625,30.456468257269577,-61.36248424623959,137,238,1010.9882407528743,1014.9882407528743,4.0,7.955856836181065,3.182863731890684,423.14218766081717,562500,0.03233062095489004,0.44190248757925865,-6.325731301672189,4.629918878461237,7.839070437372475,0,0,0,0,0,2,2,1,1
371,1965,9,23,18,24006.75,30.684173997765264,-61.25379004426429,138,238,1009.4255196828127,1013.4255196828127,4.0,8.861145059211076,3.0379461406639168,412.1867316527768,533750,-1.562721070061525,-21.216411390263616,3.4646959333241276,8.439907703654253,9.123385334216415,0,0,0,0,0,1,1,1,1
371,1965,9,23,21,24006.875,30.808505549507284,-61.45301086616537,138,239,1009.6848360583303,1013.6848360583303,4.0,8.199454117346622,2.306001038803806,480.5971401934401,725625,0.25931637551766473,3.5078103885532226,-6.342096372613781,4.608345925186102,7.839581530011678,0,0,0,0,0,1,1,1,1
371,1965,9,24,0,24007.0,30.808505549507284,-61.45301086616537,138,239,,,,8.199454117346622,,0.0,0,0.0,,0.0,0.0,0.0,0,3,0,0,0,1,1,0,0
372,1965,9,21,12,24004.5,59.03599326405203,-43.21935755400132,266,260,995.527793933059,995.527793933059,0.0,9.096721574910521,4.377157773454892,14.104739588693906,625,,,,,,3,0,0,0,0,3,3,1,1
372,1965,9,21,15,24004.625,59.1812688240343,-42.31622484053102,268,259,995.7349200707057,997.7349200707057,2.0,9.583245890412696,5.1425252018880565,212.50932944773342,141875,0.20712613764670096,1.6709648179410415,17.14969415754129,5.38463507849192,17.975157986113267,0,0,0,0,0,2,2,1,1
372,1965,9,21,18,24004.75,59.14360938839914,-41.12651027565543,270,257,996.5518717668496,998.5518717668496,2.0,9.71516301642284,3.532823688473509,252.31325220201603,200000,0.8169516961438057,6.593244727440144,22.616390291631657,-1.3958460609756258,22.659424000829144,0,0,0,0,0,2,2,1,1
372,1965,9,21,21,24004.875,59.27044626764368,-40.211533449686414,272,256,997.1816832383906,999.0528616600421,1.8711784216514207,10.689798390963,3.2687249057801093,387.302896792822,471250,0.6298114715411793,5.076219932084938,17.32924807998819,4.701205827806879,17.95561681628286,0,0,0,1,0,6,4,2,0
372,1965,9,22,0,24005.0,59.7599065088926,-30.890111611816447,291,245,995.6043763933844,999.6043763933844,4.0,13.52249723114542,5.85282108625368,490.83683144743384,756875,-1.4484852666576626,-11.616087316982739,44.616718162076886,20.176914244087538,48.96692156923349,0,0,0,0,2,3,3,1,1
372,1965,9,22,3,24005.125,60.22654943469057,-29.39337785706887,295,245,993.6800730815559,999.6800730815559,6.0,14.93319525840019,6.261372051690778,550.2656442413345,951250,-1.924303311828553,-15.359483068437537,27.547426044966524,17.296108634435818,32.527158738462006,0,0,0,0,0,3,3,1,1
372,1965,9,22,6,24005.25,60.451686534689046,-28.627986670469923,297,245,993.1422830009791,999.1422830009791,6.0,15.164593716910515,5.336821975376224,536.7219457003138,905000,-0.537790080576815,-4.282960072103657,13.990401951994519,8.34470110643312,16.29003939019419,0,0,0,0,0,3,3,1,1
372,1965,9,22,9,24005.375,61.09121959923719,-27.267416091960584,301,246,992.4702824815666,1000.4702824815666,8.0,15.482742162151396,3.81590279405631,625.398491082552,1228750,-0.672000519412395,-5.3184908993775055,24.37802282003883,23.70427739973362,34.002658185175115,0,0,0,0,0,2,2,1,2
372,1965,9,22,12,24005.5,59.739007738417754,-25.50946949202457,302,239,991.6638013489079,999.6638013489079,8.0,16.287776019218718,2.0793615073523686,638.7749880449662,1281875,-0.8064811326588096,-6.468928953648469,32.8348666423377,-50.11969955723976,59.91754960884232,0,0,0,0,0,2,2,1,2
372,1965,9,22,15,24005.625,59.725082430914355,-24.55045238920742,304,238,989.367907485232,999.367907485232,10.0,17.545964689777627,2.5215331776394305,687.6693425344728,1485625,-2.295893863675883,-18.41838630198198,17.920318376486286,-0.516141182114615,17.927749787257373,0,0,0,0,0,3,3,1,2
372,1965,9,22,18,24005.75,60.12776313585154,-23.94042668090036,306,239,987.9923137158617,997.9923137158617,10.0,18.373360551536365,1.5211834739984624,660.0656457611345,1368750,-1.3755937693703162,-10.990627870596889,11.261561723027446,14.925350482223168,18.697295511885034,0,0,0,0,0,3,3,1,2
372,1965,9,22,21,24005.875,59.744231214223305,-19.928102590464626,314,234,986.9667973778678,998.9667973778678,12.0,19.185039300698076,2.490593427816057,721.6886802965857,1636250,-1.025516337993904,-8.225411909134415,74.92110988034909,-14.215601297099713,76.25782599800131,0,0,0,0,0,3,3,1,1
372,1965,9,23,0,24006.0,61.069453725111146,-24.2584121015626,307,243,985.8146090220222,1001.8146090220222,16.0,18.88754122534655,4.097194507417226,914.0915989289315,2625000,-1.1521883558455739,-9.120810711339741,-77.62892944292719,49.119339961964094,91.8638135761518,0,0,0,0,0,2,2,1,1
372,1965,9,23,3,24006.125,60.831002207497775,-23.081779708080322,309,241,985.0731385487203,1001.0731385487203,16.0,18.317799592192507,2.3856411550146004,925.7696087849591,2692500,-0.741470473301888,-5.8831206239453095,21.255575628575514,-8.838199669767532,23.01984510601173,0,0,0,0,0,2,2,1,1
372,1965,9,23,6,24006.25,60.26013346043362,-19.81530289636646,315,236,983.8847973265817,1001.8847973265817,18.0,18.852193770599076,2.474538219203678,994.0589785932247,3104375,-1.1883412221385514,-9.48197271026684,60.05314243428112,-21.15923615115657,63.6717613289633,0,0,0,0,0,2,2,1,1
372,1965,9,23,9,24006.375,61.87753616531151,-17.56027205180069,322,241,983.7895860930012,1003.7895860930012,20.0,18.508122638708297,2.2233432644014828,1144.397762129686,4114375,-0.09521123358063051,-0.7479433785015526,39.39535383200889,59.948991707869475,71.7347580349957,0,0,0,0,0,2,2,1,1
372,1965,9,23,12,24006.5,59.97487303095363,-18.708434953588867,317,234,982.745401203818,1004.745401203818,22.0,19.07150276989393,6.815465976197448,1209.5585204413417,4596250,-1.0441848891830887,-8.355595520276063,-21.29420855389028,-70.52216255141025,73.66694461469204,0,0,0,0,0,1,1,1,1
372,1965,9,23,15,24006.625,60.48906337253249,-18.57401597583313,318,236,981.7612577810548,1003.7612577810548,22.0,19.130138325357695,4.108504859846725,1172.4763626428662,4318750,-0.9841434227631544,-7.834822271027235,2.4541976953515814,19.058452437733976,19.21581889093559,0,0,0,0,0,1,1,1,1
372,1965,9,23,18,24006.75,61.145699498347085,-17.581972942539576,321,238,981.868321896234,1005.868321896234,24.0,18.722350125659037,3.3597875843868676,1378.2286623785515,5967500,0.10706411517909147,0.8469055062663212,17.744466428755945,24.33820194737358,30.119996063618366,0,0,0,0,0,2,2,1,1
372,1965,9,23,21,24006.875,61.58679672871701,-17.857680905557583,321,240,982.6444250125688,1008.6444250125688,26.0,18.195734088911575,2.2653353243548917,1617.9310635821134,8223750,0.7761031163348525,6.113430382587103,-4.862523315235836,16.349258058034003,17.05703292015941,0,0,0,0,0,2,2,1,1
372,1965,9,24,0,24007.0,61.80320287620422,-19.452787060218704,318,242,983.1055236001926,1009.1055236001926,26.0,17.864611015014454,1.9770237882628863,1694.0960749923843,9016250,0.46109858762371003,3.6247321749006636,-27.934802474233173,8.021088565090439,29.063569138071262,0,0,0,0,0,2,2,1,1
372,1965,9,24,3,24007.125,61.80320287620422,-19.452787060218704,318,242,983.3339948334853,1007.3339948334853,24.0,17.3531760665333,2.9953865023967228,1605.4638903984248,8097500,0.22847123329280294,1.7960302906663566,0.0,0.0,0.0,0,0,0,0,0,2,2,1,2
372,1965,9,24,6,24007.25,61.80320287620422,-19.452787060218704,318,242,984.1624306296019,1006.1624306296019,22.0,16.40875719362182,2.8262527604234493,1568.9264286750436,7733125,0.828435796116537,6.512398791977233,0.0,0.0,0.0,0,0,0,0,0,2,2,1,2
372,1965,9,24,9,24007.375,61.72534486711946,-19.885165113855436,317,242,985.6464591935141,991.6464591935141,6.0,15.541777545963525,3.2218298676685664,422.2008245644752,560000,1.4840285639122885,11.674580995209235,-7.591519947561307,-2.8858052029569747,8.121517517289165,0,0,0,2,0,3,3,1,1
372,1965,9,24,12,24007.5,62.1597769147808,-20.20186754656228,317,244,987.6190229689502,993.6190229689502,6.0,14.06439239874364,2.527652932246856,465.2426491681278,680000,1.9725637754359924,15.455211839099343,-5.481994079696352,16.1022132239161,17.009806871281175,0,0,0,0,0,4,4,1,1
372,1965,9,24,15,24007.625,62.07913822516595,-20.637546984687813,316,244,988.1910599388502,992.1910599388502,4.0,13.572970163438919,3.127802811959991,349.50167213195084,383750,0.572036969900073,4.485298702907892,-7.5615217460096815,-2.9888710588121667,8.13080323963028,0,0,0,0,0,4,4,1,1
372,1965,9,24,18,24007.75,62.51107758390011,-20.969825552462545,316,246,989.1287098548753,993.1287098548753,4.0,13.02724298351033,2.9517629902398768,356.8248232305542,400000,0.9376499160251115,7.322994599331721,-5.684729866253274,16.009821769780835,16.989130252971172,0,0,0,0,0,3,3,1,1
372,1965,9,24,21,24007.875,62.7265256032199,-21.139824808657657,316,247,991.0130230581909,993.0130230581909,2.0,12.022606877692732,3.5447536354363547,230.9045385777095,167500,1.8843132033155416,14.687749689481208,-2.887365880264829,7.985575567993011,8.491542785539291,0,0,0,0,0,3,3,1,1
372,1965,9,25,0,24008.0,63.15635638085615,-21.487831337714436,316,249,992.0965615293396,994.0965615293396,2.0,10.556743289849305,6.481636546392692,200.96160531198103,126875,1.0835384711487859,8.413607260311633,-5.824564515972825,15.93166726294574,16.963006030121747,0,0,0,0,0,4,4,1,1
372,1965,9,25,3,24008.125,62.98405563485326,-22.380135051959574,314,249,993.1710878730025,993.1710878730025,0.0,9.227109338956048,3.860770998407752,14.104739588693906,625,1.0745263436628738,8.356384261854156,-15.023005017942621,-6.386322937531431,16.32408651139687,0,0,0,0,0,3,3,1,1
372,1965,9,25,6,24008.25,63.0168887953179,-23.450715528806185,312,250,993.8622625071106,993.8622625071106,0.0,8.123916235173315,2.7096033828733197,14.104739588693906,625,0.6911746341080288,5.3735627266863695,-18.00418430345197,1.2169602897914316,18.04526654775694,0,0,0,0,0,4,4,1,1
372,1965,9,25,9,24008.375,63.0168887953179,-23.450715528806185,312,250,,,,8.123916235173315,,0.0,0,0.0,,0.0,0.0,0.0,0,3,0,0,0,4,4,0,0
374,1965,9,20,12,24003.5,59.85760637030299,-124.58617452901079,250,435,1003.7001767600724,1007.7001767600724,4.0,13.023083138748115,5.059860085398614,483.6918092598697,735000,,,,,,3,0,0,0,0,12,12,1,1
374,1965,9,20,15,24003.625,59.71638203698107,-121.8462918055231,246,430,1002.6706459477952,1006.6706459477952,4.0,13.293753299661557,2.668759591173948,507.7706251929807,810000,-1.0295308122772258,-8.2599539086648,51.20792929195039,-5.234476461386002,51.47476824808631,0,0,0,0,0,13,13,1,2
374,1965,9,20,18,24003.75,59.0411102525096,-120.60386315283101,242,429,1002.7638707108403,1004.4457886627747,1.6819179519344472,12.292491188931779,3.781105819943186,403.40541557032054,511250,0.09322476304514567,0.7531807807740849,23.68913630385202,-25.02893217981515,34.461901063119925,0,0,0,1,0,15,14,2,0
374,1965,9,20,21,24003.875,55.954847883268954,-114.25391972431659,223,421,1001.519858414079,1003.519858414079,2.0,12.906915145496678,4.544507833882963,338.5137501286538,360000,-0.9259302486958041,-7.742045549006109,64.23782819748017,-24.271329899441426,68.67019751403441,0,0,0,2,2,14,14,1,1
374,1965,9,21,0,24004.0,56.32993619188139,-112.8430361623618,223,417,1000.0341926107873,1006.0341926107873,6.0,13.931083351068501,6.053755302846039,453.7694432474928,646875,-1.4856658032916312,-12.367762067009927,28.99199402750252,13.90263898713014,32.15305721851676,0,0,0,0,0,13,13,1,1
374,1965,9,21,3,24004.125,56.596919685368555,-111.76521506317329,223,414,998.3712593444271,1006.3712593444271,8.0,14.82203539219589,12.173009539847989,493.26272842343866,764375,-1.6629332663601963,-13.80077566438634,21.99294926898,9.895736657871208,24.116704201649608,0,0,0,0,0,16,16,1,1
374,1965,9,21,6,24004.25,56.11043155849279,-110.62353138332523,220,412,998.2666590736085,1006.2666590736085,8.0,14.99655019895303,12.940953475413552,427.35266139097564,573750,-0.10460027081862791,-0.8730030980522389,23.595144362905693,-18.031670527133063,29.696329394479704,0,0,0,0,0,14,14,1,1
374,1965,9,21,9,24004.375,54.573828980522826,-108.55140349896742,212,409,997.9029825822704,1007.9029825822704,10.0,15.767876379976082,6.374109910345652,581.5533114601598,1062500,-0.36367649133811936,-3.092083325911984,44.517726068462714,-56.95413697973662,72.28832307788919,0,0,0,0,0,12,12,1,1
374,1965,9,21,12,24004.5,52.075893317758826,-106.25330741937056,200,406,999.8561031161714,1005.8561031161714,6.0,13.630686482499687,5.549922532212658,390.37271678549695,478750,1.9531205339010922,17.154129730955177,52.350213295260765,-92.58592426129019,106.36116868188624,0,0,0,0,0,17,17,1,1
374,1965,9,21,15,24004.625,52.0401602981288,-105.16446089973844,199,403,999.4840661427929,1007.4840661427929,8.0,13.607759486057093,7.1120738936780254,492.4554239078655,761875,-0.37203697337856284,-3.2691655814596605,24.82437898988268,-1.3244434988498868,24.859685090824748,0,0,0,0,0,13,13,1,1
374,1965,9,21,18,24004.75,51.99018151589108,-104.07797381707572,198,400,1000.2243250457615,1006.2243250457615,6.0,12.707983865222173,8.668764069569589,438.15596550155374,603125,0.7402589029686351,6.509239775384258,24.798274582992782,-1.852462341569074,24.86736896055627,0,0,0,0,0,15,15,1,1
374,1965,9,21,21,24004.875,52.047304639282125,-103.74370738367908,198,399,1000.4701472758702,1010.4701472758702,10.0,12.267138401639532,10.99729717886381,1023.541602917244,3291250,0.24582223010875168,2.159880517310842,7.619715404076945,2.1172671717253215,7.908405851724684,0,0,2,0,0,17,17,1,2
374,1965,9,22,0,24005.0,47.39450216386974,-92.62357789278357,174,368,1000.0081654229199,1004.0081654229199,4.0,10.39493833485125,7.20014142639833,323.7951802633666,329375,-1.1490904892675462,-10.816283791591037,14.168094319775953,27.74535545071357,31.1534852904215,0,0,0,0,2,11,11,1,1
374,1965,9,22,3,24005.125,48.15107893137508,-91.41248643083591,177,364,999.7175358214557,1009.7175358214557,10.0,11.327440747458272,6.470712281670348,887.8146516377232,2476250,-0.2906296014641703,-2.703078331304773,29.948278504675947,28.04249938791116,41.02780956028037,0,0,2,0,0,9,9,1,2
374,1965,9,22,6,24005.25,50.06277992513839,-88.19471347848683,185,354,1000.227494231325,1010.227494231325,10.0,11.691350966476891,4.4225159777020595,862.1215600129434,2335000,0.5099584098692866,4.607894821250945,76.5570709253846,70.85715058928051,104.31548733676291,0,0,0,0,0,13,13,1,2
374,1965,9,22,9,24005.375,50.72335145028929,-86.49646835521554,188,349,1000.2385444427019,1010.2385444427019,10.0,12.146433825153494,3.416984251217582,857.9578146972121,2312500,0.011050211377005325,0.09889972829751688,39.847691708709334,24.484067427546538,46.76866571016313,0,0,0,0,0,12,12,1,2
374,1965,9,22,12,24005.5,48.30689002650821,-99.3328696955556,180,389,1000.5818857400509,1004.5818857400509,4.0,14.398190314597631,11.17348082011893,201.94913757502948,128125,-0.8049558159470326,-7.46854393525559,7.655425967285285,1.4699030680326888,7.795265343142448,0,0,0,0,2,14,14,1,1
374,1965,9,22,15,24005.625,48.06939918543529,-99.28206641774739,179,389,1000.46206248906,1004.46206248906,4.0,15.055805287579721,11.438099862948512,192.8794129702041,116875,-0.11982325099088484,-1.1158740804694296,1.2582919084063213,-8.802592217286138,8.892071090054742,0,0,0,0,0,17,17,1,1
374,1965,9,22,18,24005.75,47.86969155710715,-98.9239884436314,178,388,1000.7530578596075,1004.7530578596075,4.0,15.76198227194515,12.00105343082294,216.68112103298049,147500,0.2909953705474618,2.718470501885581,8.903203557528686,-7.402158360768684,11.57838425622026,0,0,0,0,0,14,14,1,1
374,1965,9,22,21,24005.875,47.70341181452808,-98.2619175652632,177,386,1001.0614791811666,1005.0614791811666,4.0,15.565755713115056,12.456243158506476,240.60883306661233,181875,0.3084213215591444,2.888858838257986,16.514354315082436,-6.163154592851996,17.626921823718245,0,0,0,0,0,13,13,1,1
374,1965,9,23,0,24006.0,47.498574640822184,-97.911417234733,176,385,1000.9872528059655,1006.9872528059655,6.0,16.51805373820266,16.717813634440827,390.8820095223359,480000,-0.07422637520125136,-0.6975219636306457,8.777016564817776,-7.5922848347686305,11.605119938688413,0,0,0,0,0,11,11,1,1
374,1965,9,23,3,24006.125,47.08349430684671,-97.22003413826845,174,383,1003.1414867279536,1006.8769106938339,3.735423965880327,14.919739689241158,8.944093311868563,388.32886652883644,473750,2.154233921988198,20.37964948464275,17.44956977280965,-15.384942429334073,23.263360436748513,0,0,0,1,0,9,7,2,0
374,1965,9,23,6,24006.25,48.59731847173714,-92.69614738547256,179,368,1001.951647427746,1007.951647427746,6.0,16.20864334876956,9.109515876829027,426.1872579085695,570625,-1.1898393002075318,-10.990090632627048,110.87696316572293,56.10985565591734,124.26591190902258,0,0,1,0,0,8,8,1,1
374,1965,9,23,9,24006.375,49.35705088841253,-88.87037045517367,182,356,1001.7727960039526,1007.7727960039526,6.0,14.718165263443812,6.903585581703011,414.5929793656026,540000,-0.17885142379338503,-1.6330341727634086,92.3520999316373,28.159463447237822,96.54980964983538,0,0,0,1,0,6,6,1,2
374,1965,9,23,12,24006.5,49.57625154131258,-87.89091026274224,183,353,1002.3855844241579,1006.3855844241579,4.0,13.88404846961954,9.655142988252337,287.33539066554385,259375,0.6127884202051791,5.576897713715251,23.54042084700976,8.12466683988686,24.903044490854704,0,0,1,0,0,5,5,1,1
374,1965,9,23,15,24006.625,50.177966709107544,-85.22269368289014,186,345,1001.8701492583756,1005.8701492583756,4.0,12.933623511138581,8.787449124730847,259.6957972998228,211875,-0.5154351657822553,-4.6495652389316,63.331011672571606,22.30255798129319,67.14328806351641,0,0,0,0,0,7,7,1,1
374,1965,9,23,18,24006.75,50.562541043428155,-83.84321281177085,188,341,1002.1704073248405,1006.1704073248405,4.0,11.377261211921473,10.236092159804976,284.2026277484726,253750,0.3002580664648849,2.6935119211659724,32.47939692850339,14.25423829805346,35.46962833604222,0,0,0,0,0,6,6,1,1
374,1965,9,23,21,24006.875,51.09278647759851,-81.72713437107875,191,335,1002.5235529848062,1004.5235529848062,2.0,9.599400981892213,11.723382793168057,183.3616146530208,105625,0.3531456599656667,3.1441503903434573,49.25863608674725,19.653534052061236,53.03465498956441,0,0,0,0,0,7,7,1,1
374,1965,9,24,0,24007.0,51.09278647759851,-81.72713437107875,191,335,,,,9.599400981892213,,0.0,0,0.0,,0.0,0.0,0.0,0,3,0,0,0,7,7,0,0
378,1965,9,22,6,24005.25,57.98092780021479,-167.0967154041257,328,497,988.0701812187399,998.0701812187399,10.0,25.19902834115561,23.815992508762427,207.2964896828013,135000,-3.891490438054607,-31.798488027388625,-13.64044957084802,12.39812373022476,18.43299586406969,2,0,0,2,0,19,19,1,1
378,1965,9,22,9,24005.375,58.260114373052595,-167.40454348859546,329,496,987.300936585929,999.300936585929,12.0,25.514718827282543,27.768172677725744,252.7071841393177,200625,-0.7692446328108781,-6.266698609894354,-6.002193617210344,10.34804349561512,11.962789490985076,0,0,0,0,0,18,18,1,1
378,1965,9,22,12,24005.5,59.39603037031302,-166.94175660512875,329,491,978.4700314479013,998.4700314479013,20.0,37.059895049865474,28.58396520686416,346.6438835958035,377500,-8.830905138027738,-71.08379829520595,8.732686653810875,42.10269866325123,42.998802901036484,0,0,0,0,0,18,18,1,1
378,1965,9,22,15,24005.625,59.56881744347143,-166.4295656148385,328,490,981.556264886751,999.556264886751,18.0,32.36565352096257,17.25118048728851,379.25753759061985,451875,3.08623343884974,24.798314438579766,9.615606606110772,6.4043486416591655,11.55316285384235,0,0,0,0,0,21,21,1,1
378,1965,9,22,18,24005.75,59.51342997140058,-166.0154208819241,327,490,983.3170907205224,1001.3170907205224,18.0,29.696552057790665,18.882108079618412,410.00903482827596,528125,1.7608258337713778,14.156525783110885,7.787735067368489,-2.0529352979819673,8.053779287838797,0,0,0,0,0,17,17,1,1
378,1965,9,22,21,24005.875,60.131286143574,-165.27855908502193,326,487,984.5142630671369,1002.5142630671369,18.0,29.09722247757742,18.359938990762313,438.3829305338697,603750,1.197172346614534,9.564750434010795,13.601578777263747,22.900823913903757,26.635515410251358,0,0,0,0,0,18,18,1,1
378,1965,9,23,0,24006.0,58.862463080688265,-168.44451568858068,332,494,974.8798666194602,1000.8798666194602,26.0,37.59296104876828,13.635093239051276,517.0882945826411,840000,-9.6343964476767,-77.98438393574446,-60.673333512670496,-47.02889580083459,76.76568530134739,0,0,0,0,0,16,16,1,1
378,1965,9,23,3,24006.125,58.765865581411205,-167.62915583571558,330,494,977.6392358644563,997.6392358644563,20.0,33.971563756392555,16.06889791955051,402.17062413500395,508125,2.759369244996051,22.358164058451585,15.670747052098125,-3.580383948720179,16.07455947735723,0,0,0,0,0,15,15,1,1
378,1965,9,23,6,24006.25,59.39603037031302,-166.94175660512875,329,491,981.0746774307981,999.0746774307981,18.0,30.553802471947613,16.223941878239348,409.2805609899154,526250,3.435441566341906,27.653364127445958,12.97104070860842,23.357042491973814,26.717023244295895,0,0,0,0,0,16,16,1,1
378,1965,9,23,9,24006.375,60.41435237823066,-165.59136580864492,327,486,984.9055424161738,998.9055424161738,14.0,27.42035955576601,14.54878499510487,355.707997883175,397500,3.830864985375665,30.52028804925305,24.711543058045898,37.74408032364728,45.11403284774699,0,0,0,0,0,15,15,1,1
378,1965,9,23,12,24006.5,58.765865581411205,-167.62915583571558,330,494,977.6277560329507,1009.6277560329507,32.0,34.670129924962225,19.549865454152897,891.3927604520286,2496250,-7.2777863832231375,-58.96925256869738,-39.163883735333364,-61.10112281562108,72.57518169845888,0,0,0,0,0,16,16,1,1
378,1965,9,23,15,24006.625,59.39603037031302,-166.94175660512875,329,491,981.6011329806823,1007.6011329806823,26.0,30.56956134008605,11.592603628478683,740.5995696936667,1723125,3.9733769477315946,31.983440099148602,12.97104070860842,23.357042491973814,26.717023244295895,0,0,0,0,0,16,16,1,1
378,1965,9,23,18,24006.75,59.906563297489825,-165.3882018515448,326,488,986.2694950947595,1006.2694950947595,20.0,26.661134081989164,12.60115103772674,662.1720835388425,1377500,4.668362114077172,37.382143020419626,28.87185749792882,18.92289046235207,34.52042784831734,0,0,0,0,0,14,14,1,1
378,1965,9,23,21,24006.875,60.74293471060053,-164.51149855709033,325,484,990.3734565211641,1006.3734565211641,16.0,23.44431515215192,8.300693940908532,607.3232916787132,1158750,4.103961426404712,32.590455972574155,15.881118567666107,31.00008597615039,34.83123967775171,0,0,0,0,0,16,16,1,1
378,1965,9,24,0,24007.0,62.380278967383596,-166.02065401040431,330,478,991.9020681382547,1002.9449607426653,11.04289260441059,22.528944042671753,7.1785767654504165,543.9018757754568,929375,1.5286116170905006,11.95260190961758,-25.931774539834336,60.688124841627605,65.99625313286943,0,0,0,1,0,14,16,2,0
378,1965,9,24,3,24007.125,62.265116149723184,-165.11373315098245,328,478,993.7130645032289,1009.7130645032289,16.0,20.924835134384757,5.081539395767831,802.1121227415696,2021250,1.8109963649742713,14.175576496761487,15.64365482943002,-4.2685070206435896,16.21555082652553,0,0,0,0,0,16,16,1,2
378,1965,9,24,6,24007.25,63.15635638085615,-164.61793369187043,328,474,995.0524516730575,1009.0524516730575,14.0,20.237073248326816,4.389454403488198,747.5511982007771,1755625,1.339387169828551,10.400256120569564,8.298155512950613,33.03379737450339,34.060110890847966,0,0,1,0,0,19,19,1,1
378,1965,9,24,9,24007.375,63.943684787006774,-165.18058224820996,330,471,997.1200866009905,1007.1200866009905,10.0,18.972407075962845,5.142760580871327,602.224481875867,1139375,2.067634927932959,15.945669042746509,-9.160424222913292,29.182308122365196,30.586279265258764,0,0,0,0,0,20,20,1,1
378,1965,9,24,12,24007.5,64.48577297062288,-163.81079374297306,328,468,996.4647161231719,1004.4647161231719,8.0,19.733629892752617,7.699148218209811,440.19443796393267,608750,-0.6553704778185057,-5.03118975257368,21.868509250100644,20.09248527069181,29.697468935495237,0,0,0,0,0,16,16,1,1
378,1965,9,24,15,24007.625,67.2240444539634,-167.13289585998095,337,458,997.668825631314,1009.668825631314,12.0,19.583871758845763,3.5949695929616428,654.9218057391721,1347500,1.2041095081419917,9.047812273851243,-47.662885398652996,101.49396557431182,112.12838932458061,0,0,0,0,0,12,12,1,1
378,1965,9,24,18,24007.75,67.81519017496626,-168.57593265799892,340,456,998.9193754556374,1010.9193754556374,12.0,18.96172267141338,5.175082929923446,651.1136457340118,1331875,1.2505498243233888,9.356735693386454,-20.195651650828875,21.910801694386176,29.798449229655276,0,0,0,0,0,10,10,1,1
378,1965,9,24,21,24007.875,68.16582750977119,-170.19750328475476,343,455,1000.0488252931395,1012.0488252931395,12.0,18.16895139574512,5.901781407977105,619.3249654676192,1205000,1.1294498375021795,8.42977491602813,-22.35313432109199,12.996364240825601,25.856683806261604,0,0,0,0,0,13,13,1,1
378,1965,9,25,0,24008.0,68.27206333039084,-171.9539089925476,346,455,1000.4550398217818,1008.4550398217818,8.0,16.87931428571905,11.736231094357718,343.47285419209976,370625,0.4062145286423038,3.029582014980243,-24.099609167041578,3.93762809360883,24.41917437195066,0,0,0,0,0,14,14,1,1
378,1965,9,25,3,24008.125,68.94937581212028,-171.69653726863694,346,452,999.758944363446,1007.758944363446,8.0,18.190263927794916,11.72795503676578,287.33539066554385,259375,-0.6960954583359126,-5.167555787834683,3.4265077017577115,25.104570573783363,25.337332510038905,0,0,0,0,0,15,15,1,1
378,1965,9,25,6,24008.25,69.43260690357653,-172.13597520450048,347,450,1000.0480565114528,1010.0480565114528,10.0,17.910667565013224,13.986514355625184,362.6317301749511,413125,0.28911214800697055,2.139393478594727,-5.7220211793080376,17.910948588948777,18.802755269704917,0,0,0,0,0,15,15,1,1
378,1965,9,25,9,24008.375,69.91416060977411,-172.59627114721198,348,448,1001.2840960612323,1009.2840960612323,8.0,17.238417873593395,15.786253712069229,214.83699284957805,145000,1.2360395497793797,9.11810395559466,-5.859155360475338,17.848776345352224,18.7858595375509,0,0,0,0,0,14,14,1,1
378,1965,9,25,12,24008.5,70.13977871290025,-172.51261180285638,348,447,1004.6790677289615,1012.6790677289615,8.0,12.835241074301884,13.472761879911923,265.379091712523,221250,3.39497166772926,25.008450911614556,1.0534350479559267,8.362529475598514,8.428619378671447,0,0,0,0,0,14,14,1,1
378,1965,9,25,15,24008.625,70.39395673159068,-173.078882361565,349,446,1004.3860275924953,1012.3860275924953,8.0,12.590445780798092,12.122129635761521,270.9431997691338,230625,-0.293040136466152,-2.1551953969429984,-7.042787431357796,9.421102047647265,11.762568537333793,0,0,0,0,0,13,13,1,1
378,1965,9,25,18,24008.75,70.64604539322029,-173.6598082540901,350,445,1004.8463229792455,1010.8463229792455,6.0,12.151623145617084,12.384746302538842,200.96160531198103,126875,0.46029538675022197,3.380027744441358,-7.135743723723743,9.34366007927628,11.756820240512482,0,0,0,0,0,14,14,1,1
378,1965,9,25,21,24008.875,70.64604539322029,-173.6598082540901,350,445,1004.7057587407056,1008.7057587407056,4.0,12.115015598333247,11.095255108754719,151.91269449366246,72500,-0.14056423853995512,-1.0321872428392147,0.0,0.0,0.0,0,0,0,0,0,12,12,1,1
378,1965,9,26,0,24009.0,70.6698402264595,-174.32258333795468,351,445,1006.9030840085413,1006.9030840085413,0.0,9.763593843305545,8.261181910122833,14.104739588693906,625,2.1973252678356947,16.13298322718998,-8.131494276531301,0.8819549121844851,8.179183555611626,0,0,0,0,0,12,12,1,1
378,1965,9,26,3,24009.125,70.6698402264595,-174.32258333795468,351,445,,,,9.763593843305545,,0.0,0,0.0,,0.0,0.0,0.0,0,3,0,0,0,12,12,0,0
379,1965,9,22,0,24005.0,22.282275053450196,134.0024131150965,564,557,1002.9822556925739,1006.9822556925739,4.0,8.536254192615178,3.7279022253381116,324.7154905426913,331250,,,,,,3,0,0,0,0,22,22,1,1
379,1965,9,22,3,24005.125,22.462092537764903,133.57147364633,565,555,1002.7609457399385,1008.7609457399385,6.0,7.993864473896731,4.089927028618913,1076.4975287421069,3640625,-0.22130995263534714,-4.013065403009046,-14.760942637305295,6.6649306592610325,16.195886151568708,0,0,0,0,0,18,18,1,1
379,1965,9,22,6,24005.25,22.834889494651765,133.2773379283772,565,553,1001.0502028307357,1007.0502028307357,6.0,8.553168915410613,3.9211866589851705,879.7106972092251,2431250,-1.710742909202818,-30.541306228810722,-10.047698737597106,13.817710091449674,17.084652823304918,0,0,0,0,0,22,22,1,1
379,1965,9,22,9,24005.375,23.006768381757905,132.84163286641623,566,551,1001.6245074565569,1007.6245074565569,6.0,8.554428502443466,3.84069872150365,1011.8123202642952,3216250,0.5743046258212416,10.180382082167567,-14.864847762151866,6.370686747838438,16.17248739777019,0,0,0,0,0,21,21,1,1
379,1965,9,22,12,24005.5,23.373327371034456,132.54184202253722,566,549,1003.0505940515054,1009.0505940515054,6.0,8.472136412253779,4.058651797820057,1011.4190015632282,3213750,1.4260865949485741,24.90472516886973,-10.199902486163843,13.586499974503303,16.989143365232678,0,0,0,0,0,22,22,1,1
379,1965,9,22,15,24005.625,23.737015645425668,132.2391443463985,566,547,1003.1737568046401,1009.1737568046401,6.0,8.34083395252351,4.1709956628410145,496.4788194007604,774375,0.12316275313467485,2.119784791550299,-10.270342438912417,13.48009699747248,16.946768095238454,0,0,0,0,0,24,24,1,1
379,1965,9,22,18,24005.75,23.717697043492322,131.9490509325819,567,546,1001.7375856306949,1007.7375856306949,6.0,8.986896208958193,4.131596287481807,491.0394472791585,757500,-1.4361711739453313,-24.73726829400332,-9.84414667349616,-0.7160435082847656,9.87015410391663,0,0,0,0,0,20,20,1,1
379,1965,9,22,21,24005.875,23.89746844257604,131.79594675044322,567,545,1001.7957757524503,1007.7957757524503,6.0,9.048969825322969,3.556566232979894,903.4743573464375,2564375,0.05819012175546959,0.9951908276167072,-5.188312200189654,6.663222511301337,8.444946282940448,0,0,0,0,0,20,20,1,1
379,1965,9,23,0,24006.0,24.277146000512314,131.77959213938942,566,544,1002.3850011246891,1008.3850011246891,6.0,9.315153190183056,3.971802926157543,459.4336113908366,663125,0.5892253722388705,9.92889531187965,-0.5525768652943582,14.072739401103052,14.083583899115196,0,0,0,0,0,18,18,1,1
379,1965,9,23,3,24006.125,24.277146000512314,131.77959213938942,566,544,1002.7725283397672,1008.7725283397672,6.0,8.689759909594523,3.782521350432508,483.2803316785781,733750,0.3875272150780074,6.530128080523237,0.0,0.0,0.0,0,0,0,0,0,18,18,1,1
379,1965,9,23,6,24006.25,24.277146000512314,131.77959213938942,566,544,1001.8165192885109,1007.8165192885109,6.0,8.788584525836363,4.3892765148748,875.289727638004,2406875,-0.9560090512562601,-16.10947904545549,0.0,0.0,0.0,0,0,0,0,0,19,19,1,1
379,1965,9,23,9,24006.375,24.277146000512314,131.77959213938942,566,544,1002.0487045753771,1008.0487045753771,6.0,8.616456964316946,4.239885611350255,1107.8283057032702,3855625,0.23218528686615172,3.912498535990038,0.0,0.0,0.0,0,0,0,0,0,18,18,1,1
379,1965,9,23,12,24006.5,24.676421768989727,132.05679308711603,564,544,1003.219823936859,1009.219823936859,6.0,8.69532345697366,3.9168514948803206,1131.020713824954,4018750,1.1711193614819786,19.434456665222942,9.336182941442113,14.799146595598575,17.497972793272126,0,0,0,0,0,17,17,1,1
379,1965,9,23,15,24006.625,25.05450384462152,132.041609666044,563,543,1003.2512216151696,1009.2512216151696,6.0,8.452105409940092,3.637295358969422,809.0270103435481,2056250,0.03139767831060453,0.5136709779734769,-0.5098191910318949,14.013602888499937,14.022873511663656,0,0,0,0,0,18,18,1,1
379,1965,9,23,18,24006.75,25.252769006154637,132.18201583710052,562,543,1002.962127066906,1008.962127066906,6.0,8.552162446077823,3.710071695677471,1023.3472165128859,3290000,-0.28909454826367437,-4.6949070107668645,4.706813913173999,7.348693364282096,8.726820232793388,0,0,0,0,0,16,16,1,1
379,1965,9,23,21,24006.875,25.826893230405084,132.30922787978508,560,542,1002.6161362257304,1008.6161362257304,6.0,9.257091811289063,4.629230268472748,1028.679458277572,3324375,-0.3459908411755168,-5.502295055917038,4.24413930107696,21.279900333464283,21.69900635073227,0,0,0,0,0,19,19,1,1
379,1965,9,24,0,24007.0,26.039201037249626,132.7513209960431,558,543,1002.7196629277565,1010.7196629277565,8.0,10.334884765404444,5.997971512341464,1283.8412594224574,5178125,0.10352670202613808,1.6338882147325688,14.722867371713342,7.8691836693819,16.69391731342671,0,0,0,0,0,18,18,1,1
379,1965,9,24,3,24007.125,26.632914377953707,133.4885886806213,554,544,1002.3807788065315,1008.3807788065315,6.0,10.245169113881166,6.294091654468721,377.4171088692805,447500,-0.3388841212251282,-5.2375667795648475,24.427314837152696,22.005970455828752,32.877902090251865,0,0,0,0,0,20,20,1,1
379,1965,9,24,6,24007.25,27.016182784992182,133.78435688420373,552,544,1001.3193120419148,1007.3193120419148,6.0,10.679881634171542,5.289563347265794,370.76958086610153,431875,-1.0614667646166345,-16.189729702757194,9.76637653467671,14.205834135273447,17.239136698105973,0,0,0,0,0,24,24,1,1
379,1965,9,24,9,24007.375,27.59001217813796,134.54041804247004,548,545,1000.9479248822719,1006.9479248822719,6.0,11.393199744851316,5.64690122356602,358.49353766379875,403750,-0.37138715964290897,-5.555635741049144,24.83665124545666,21.268972425778827,32.69905859710619,0,0,0,0,0,25,25,1,1
379,1965,9,24,12,24007.5,28.33630842004575,135.15485308109749,544,545,1004.4653518070561,1008.4653518070561,4.0,9.42168209200912,3.90292574334082,362.35732095655754,412500,3.5174269247842314,51.342357889657045,20.0451409058491,27.661451958015434,34.16084891159675,0,0,0,0,0,21,21,1,1
379,1965,9,24,15,24007.625,29.253692103125324,135.94176360881647,539,545,1003.8513083130435,1009.8513083130435,6.0,10.142192846823235,4.143714104456449,498.67785050179083,781250,-0.6140434940125852,-8.705574608922316,25.446967351294653,34.00280378164952,42.4704463408523,0,0,0,0,0,19,19,1,1
379,1965,9,24,18,24007.75,30.163883582196327,136.43209618416466,535,544,1003.1275355755656,1009.1275355755656,6.0,11.053747672488054,6.501172036631759,415.31213511748194,541875,-0.7237727374779933,-9.979489748194398,15.7132201985469,33.73622491593397,37.21610082459615,0,0,0,0,0,16,16,1,1
379,1965,9,24,21,24007.875,30.709849450980848,136.60450423756234,533,543,1001.884395759826,1009.884395759826,8.0,12.393383445633836,7.7681090318785575,1321.185769814511,5483750,-1.2431398157395597,-16.864855556503034,5.494152748086435,20.23621157664269,20.968785691926783,0,0,0,0,0,19,19,1,1
379,1965,9,25,0,24008.0,31.575469937864007,137.764977325945,527,544,1001.7316877568318,1011.7316877568318,10.0,13.87151419898967,8.21401996334789,541.7028025824511,921875,-0.15270800299418624,-2.020529466445648,36.64472527569836,32.08420218033335,48.70556354339732,0,0,0,0,0,19,19,1,1
379,1965,9,25,3,24008.125,32.09300593523456,138.27983851951234,524,544,1000.4349050517575,1010.4349050517575,10.0,14.613004334647545,8.05907621106373,440.64615120537735,610000,-1.2967827050742926,-16.910325314458195,16.16711904256191,19.182459087845558,25.086699160974458,0,0,0,0,0,19,19,1,1
379,1965,9,25,6,24008.25,32.241102230828545,138.781290680222,522,545,998.2748580808939,1010.2748580808939,12.0,15.820442191845297,9.462416082027994,514.7746888183274,832500,-2.1600469708636227,-28.051952133141295,15.720486963863848,5.489185574968216,16.65127228344586,0,0,0,0,0,21,21,1,1
379,1965,9,25,9,24008.375,32.55162230419009,139.46201558283465,519,546,998.4350259311693,1010.4350259311693,12.0,16.043936491223036,12.093409405711208,457.4808740984068,657500,0.16016785027546576,2.062366514351188,21.26739422264667,11.509418926366836,24.181992908858362,0,0,0,0,0,19,19,1,1
379,1965,9,25,12,24008.5,33.30565866029535,141.02649818089034,512,548,998.9411321144462,1010.9411321144462,12.0,16.065927373473418,5.934707627717944,504.23211082724873,798750,0.506106183276861,6.385671565862388,48.462788641642966,27.948339101484937,55.944182373649454,0,0,0,0,0,20,20,1,1
379,1965,9,25,15,24008.625,33.943725907923586,141.7690164522444,508,548,998.7744015264093,1012.7744015264093,14.0,15.873524999651064,5.5281296119008765,794.511354883132,1983125,-0.16673058803688037,-2.0687466437052624,22.831347067672308,23.649946931438876,32.872334854469706,0,0,0,0,0,21,21,1,1
379,1965,9,25,18,24008.75,34.459074290364505,141.9983027047418,506,547,996.4683604818616,1010.4683604818616,14.0,17.34775228329314,10.5589009975121,584.6240161760763,1073750,-2.3060410445477464,-28.236530377132745,7.007262643507599,19.10137519397005,20.346111767507605,0,0,0,0,0,22,22,1,1
379,1965,9,25,21,24008.875,34.723824789307194,142.71895354328996,503,548,995.3509224070093,1011.3509224070093,16.0,18.635827876638004,7.010261716075984,643.584290824953,1301250,-1.1174380748522525,-13.591200943667895,21.953840143721333,9.812970769680925,24.04715144009125,0,0,0,0,0,21,21,1,1
379,1965,9,26,0,24009.0,35.58820470390558,143.0074135063169,500,546,994.1010809628079,1012.1010809628079,18.0,19.606750568329762,15.899405905252934,720.4471237769249,1630625,-1.2498414442014474,-14.879410071796558,8.694757397270463,32.03822039893251,33.19708379553789,0,0,0,0,0,24,24,1,1
379,1965,9,26,3,24009.125,35.98730894322862,143.94538183353896,496,547,991.7473230140884,1009.7473230140884,18.0,20.929786701597124,13.126529004814511,566.4769668830622,1008125,-2.353757948719576,-27.752120150035207,28.13051844402137,14.792788871685673,31.782899026547184,0,0,0,0,0,18,18,1,1
379,1965,9,26,6,24009.25,36.43005297933444,144.54913392873593,493,547,988.6957620685248,1008.6957620685248,20.0,22.984782957592177,15.453429231979026,561.1843223425685,989375,-3.0515609455635424,-35.60184415450165,18.004961695965928,16.410296872367667,24.361372890550324,0,0,0,0,0,18,18,1,1
379,1965,9,26,9,24009.375,37.07178516378311,145.0182903608969,490,546,986.2490636351897,1008.2490636351897,22.0,25.446549167421107,25.25525532917309,538.2025607773058,910000,-2.4466984333351136,-28.120102758210507,13.87455325684498,23.785787725074076,27.53664695963022,0,0,0,0,0,19,19,1,1
379,1965,9,26,12,24009.5,38.13024239209674,146.13210629294403,484,545,982.200032174843,1008.200032174843,26.0,29.56246746979985,29.263821057112583,561.5387172767499,990625,-4.049031460346596,-45.43276426947602,32.47383431949761,39.23169128624583,50.92814071404412,0,0,0,0,0,17,17,1,1
379,1965,9,26,15,24009.625,38.753833658701076,146.63363399894044,481,544,980.1694355258156,1006.1694355258156,26.0,30.360496862930095,24.38316567281865,496.2784243090848,773750,-2.0305966490274296,-22.474334584144277,14.496563438630593,23.113395048752174,27.28331692096697,0,0,0,0,0,20,20,1,1
379,1965,9,26,18,24009.75,39.02678167685628,147.06901195202582,479,544,977.073211071597,1005.073211071597,28.0,33.3989961466715,32.85778663981917,499.87324458734105,785000,-3.096224454218609,-34.066748545717154,12.53625637958136,10.116811618848487,16.109239626557862,0,0,0,0,0,19,19,1,1
379,1965,9,26,21,24009.875,39.772776834622555,147.81254819583228,475,543,977.1709610213289,1005.1709610213289,28.0,32.97141981585798,29.605522727510543,513.8076117124788,829375,0.09774994973195135,1.0585967093298818,21.181561499291895,27.650292281672378,34.830980617981396,0,0,0,0,0,18,18,1,1
379,1965,9,27,0,24010.0,39.74182236585896,148.76448686779548,472,545,983.6018997426592,1005.6018997426592,22.0,26.633690181105994,30.394161802924064,516.8958896291585,839375,6.430938721330167,69.68999093720969,27.130587386794414,-1.1473266278299592,27.154836223837105,0,0,0,0,0,21,21,1,1
379,1965,9,27,3,24010.125,39.94499643626064,150.17291534552527,467,547,984.7550183900479,1004.7550183900479,20.0,25.094861952263603,22.714486639804672,519.7744856170725,848750,1.1531186473887647,12.442981848663665,40.021878660455165,7.53064195146372,40.724210731619365,0,0,0,0,0,18,18,1,1
379,1965,9,27,6,24010.25,40.23298201272494,151.82560523158077,461,549,986.9245857816536,1002.9245857816536,16.0,23.220751733786187,16.05981208647201,457.6982563269247,658125,2.1695673916056695,23.271818657502045,46.76434034530418,10.674178349879604,47.9670888357474,0,0,0,0,0,23,23,1,1
379,1965,9,27,9,24010.375,40.69744871966156,153.3748273554674,455,550,989.7329756426915,1003.7329756426915,14.0,21.475984056238993,13.85176502907096,453.3308066604451,645625,2.8083898610378673,29.839212817989214,43.53460237892176,17.21544713555237,46.81488250938817,0,0,0,0,0,22,22,1,1
379,1965,9,27,12,24010.5,41.001476173139864,155.30985393213504,448,552,992.68357928418,1004.68357928418,12.0,19.53246116251942,11.51730271455839,497.6794954453741,778125,2.95060364148856,31.15843990641781,54.12674408368685,11.268770129150651,55.287336753768194,0,0,0,0,0,24,24,1,1
379,1965,9,27,15,24010.625,41.37612621717104,156.90870482818192,442,553,993.9186782257598,1003.9186782257598,10.0,18.679400822690724,9.117995647021235,473.92764578407673,705625,1.2350989415797813,12.94557659143566,44.46830451645562,13.886394721142507,46.58607157638001,0,0,0,0,0,22,22,1,1
379,1965,9,27,18,24010.75,41.93857312652374,158.4286928087454,436,553,995.5721686262391,1005.5721686262391,10.0,17.817118584221742,7.421379801984148,533.0024140836824,892500,1.6534904004793498,17.14072033020649,41.907371738333914,20.847080942310992,46.8062879304712,0,0,0,0,0,22,22,1,1
379,1965,9,27,21,24010.875,42.231744903345174,160.07604664675185,430,554,998.5875417732401,1004.5875417732401,6.0,16.192998345898165,6.392253574991483,384.20854977177817,463750,3.015373147000937,31.08191723595012,45.20944917341658,10.866404739304663,46.49702191024841,0,0,0,0,0,25,25,1,1
379,1965,9,28,0,24011.0,42.32460423793891,162.0914906917231,423,556,1000.1251051335807,1006.1251051335807,6.0,15.367170709247661,4.809064358213363,446.9222008138874,627500,1.5375633603407186,15.820697684568634,55.22932048655472,3.4418289661374724,55.336462012299954,0,0,0,0,0,24,24,1,1
379,1965,9,28,3,24011.125,44.56247477535759,162.75854060106005,418,548,1000.9655667624465,1004.9655667624465,4.0,14.197574682639901,2.0793123655704404,387.55964385237047,471875,0.8404616288657416,8.298418737399857,17.615583318531396,82.9466167494303,84.79652118942731,0,0,0,0,0,21,21,1,1
379,1965,9,28,6,24011.25,45.027675579233204,162.58477128865235,418,546,1002.2550444088416,1006.2550444088416,4.0,12.573163338575366,2.547280095645692,414.83283647526247,540625,1.2894776463950983,12.62815077158148,-4.552100490837962,17.242656420645996,17.833418609989835,0,0,0,0,0,21,21,1,1
379,1965,9,28,9,24011.375,45.564484245789615,162.69019188491384,417,544,1003.9852061000977,1005.9852061000977,2.0,10.969440451627174,2.519368174268093,273.1371076480198,234375,1.730161691256071,16.787478600268038,2.7356025930121572,19.896800099967866,20.083978086150566,0,0,0,0,0,21,21,1,1
379,1965,9,28,12,24011.5,45.93910297672695,163.17193709332474,415,543,1004.7475812094079,1006.7475812094079,2.0,10.414666905927945,2.5502343645632934,284.2026277484726,253750,0.7623751093102328,7.350239076636858,12.417358456569799,13.885234102084885,18.627681474317907,0,0,0,0,0,22,22,1,1
379,1965,9,28,15,24011.625,46.473175916043765,163.28627616573007,414,541,1005.9489353526972,1005.9489353526972,0.0,9.040894956017667,2.6089979856400167,14.104739588693906,625,1.201354143289209,11.47948748920603,2.9186680611604223,19.79540043672543,20.009410328681536,0,0,0,0,0,27,27,1,1
379,1965,9,28,18,24011.75,46.93639256229878,163.11059942214723,414,539,1007.1008952064648,1007.1008952064648,0.0,7.6628626502569785,2.887432631510965,14.104739588693906,625,1.151959853767621,10.923972512639638,-4.446084196109748,17.169113666954914,17.735448367259142,0,0,0,0,0,22,22,1,1
379,1965,9,28,21,24011.875,47.14167126921235,163.99138700868036,411,539,1007.4005224669693,1007.4005224669693,0.0,8.130872575457317,3.120862023977097,14.104739588693906,625,0.2996272605044942,2.831884756116306,22.20554892788572,7.608650252315163,23.472919755556237,0,0,0,0,0,21,21,1,1
379,1965,9,29,0,24012.0,47.14167126921235,163.99138700868036,411,539,,,,8.130872575457317,,0.0,0,0.0,,0.0,0.0,0.0,0,3,0,0,0,21,21,0,0
386,1965,9,22,12,24005.5,53.09261935465429,-80.21759296819272,200,332,1002.2465791761836,1004.2465791761836,2.0,12.403247530175141,2.921202587881853,300.53357583579674,283750,,,,,,3,0,0,0,0,11,11,1,1
386,1965,9,22,15,24005.625,54.542020310497534,-78.32926763823068,207,328,1000.8888655589553,1002.8888655589553,2.0,13.562699823579747,2.8401912234291378,210.15588668414918,138750,-1.3577136172282918,-11.548238527598926,40.600805784539254,53.7220109878478,67.33854687274085,0,0,0,0,0,11,11,1,1
386,1965,9,22,18,24005.75,55.76864970788748,-76.74858113506541,213,325,1000.6489356864201,1004.6489356864201,4.0,14.058427510474761,6.022390805545801,290.4343640802591,265000,-0.23992987253514003,-2.0105677419104575,32.957195528331845,45.464988620944425,56.15373475909953,0,0,0,0,0,8,8,1,1
386,1965,9,22,21,24005.875,56.222396856700584,-74.98163936884933,216,321,1001.3051500199366,1005.3051500199366,4.0,13.989751436425598,6.416508885629664,280.32615495458737,246875,0.6562143335164001,5.469653615902826,36.41044622787427,16.818126975817044,40.10698180476347,0,0,0,0,0,8,8,1,1
386,1965,9,23,0,24006.0,56.4488953260582,-74.88105639291472,217,321,997.9591639239989,1007.9591639239989,10.0,17.21025905094262,9.03156421084219,485.94870800589615,741875,-3.3459860959376964,-27.81600794263451,2.060451222882246,8.395160228441629,8.644314576823605,0,0,0,0,0,5,5,1,1
386,1965,9,23,3,24006.125,56.61287052779382,-74.40282100558369,218,320,998.3402183936973,1008.3402183936973,10.0,15.767306235542465,9.538721460218149,556.3778970391764,972500,0.3810544696984289,3.1618118857662854,9.754357927920474,6.077736842839886,11.492884046956984,0,0,0,0,0,4,4,1,1
386,1965,9,23,6,24006.25,56.708716324293476,-73.5442473154172,219,318,999.5078139648192,1007.5078139648192,8.0,14.134986690900288,10.372645986547722,497.87932660999996,778750,1.1675955711219286,9.67750655208473,17.467399488038154,3.552522103655992,17.824995320383117,0,0,0,1,0,5,5,1,2
386,1965,9,23,9,24006.375,57.68089173338276,-67.48850305475342,228,305,1000.2511334081681,1008.2511334081681,8.0,13.319280622828222,5.598000941519277,533.7483940345794,895000,0.7433194433488824,6.093915796303799,119.96196565608851,36.03365776644219,125.25692673900969,0,0,1,0,0,4,4,1,1
386,1965,9,23,12,24006.5,58.20177101710345,-67.5531385269108,230,306,998.260635697171,1008.260635697171,10.0,13.719246102879827,7.758294515442539,625.2394173190522,1228125,-1.9904977109971513,-16.225940638698795,-1.2623714406124866,19.306377914664097,19.347604757124426,0,0,0,0,0,3,3,1,1
386,1965,9,23,15,24006.625,58.72189201088815,-67.61986494804043,232,307,997.246570854226,1001.246570854226,4.0,13.441607863969438,8.999688503150683,191.84519954901347,115625,-1.0140648429449357,-8.220426562171967,-1.2840739113964321,19.278271916728265,19.32098894739197,0,0,0,0,0,4,4,1,1
386,1965,9,23,18,24006.75,59.152164737275314,-67.29914022393073,234,307,996.8135197392426,1004.8135197392426,8.0,13.189826158478914,10.393658969121898,408.7941905733129,525000,-0.433051114983391,-3.4946464172198826,6.095505455313098,15.948048082591878,17.0732370803083,0,0,0,0,0,3,3,1,1
386,1965,9,23,21,24006.875,59.58094552158288,-66.96959622298738,236,307,996.7389658030146,1000.7389658030146,4.0,12.830781333521383,13.3855875364384,145.21718204012956,66250,-0.07455393622803967,-0.5989767694118826,6.184466767107064,15.892749285892123,17.05365383305514,0,0,0,0,0,4,4,1,1
386,1965,9,24,0,24007.0,59.79476668462191,-66.80140948635182,237,307,996.8779233089459,1004.8779233089459,8.0,11.666119966876035,15.348593181401958,616.5884934952687,1194375,0.13895750593132106,1.1139709555851018,3.136235751595239,7.925276179726422,8.52326094957342,0,0,0,0,0,4,4,1,1
386,1965,9,24,3,24007.125,60.008202881088,-66.63088683651792,238,307,997.1302886796527,1003.1302886796527,6.0,10.233904886166728,16.127637312314473,369.1563625652894,428125,0.2523653707068297,2.0187561206681623,3.159424369674962,7.911007403113591,8.51856798293082,0,0,0,1,0,6,6,1,2
386,1965,9,24,6,24007.25,60.008202881088,-66.63088683651792,238,307,997.6354061522067,1003.1016334362249,5.466227284018242,9.137369955136325,14.015933747963356,581.382241207463,1061875,0.505117472553975,4.04060583478133,0.0,0.0,0.0,0,0,0,0,0,7,5,2,0
386,1965,9,24,9,24007.375,59.88557298609284,-67.19771784642296,237,308,997.8907132805801,1002.6154528335359,4.724739552955725,8.273825512731209,11.448819812896108,588.5243791923468,1088125,0.255307128373388,2.0448188663214735,-10.54107302458834,-4.545274059472543,11.479274227294075,0,0,0,0,0,8,6,2,0
386,1965,9,24,12,24007.5,59.7599065088926,-67.76000925766047,236,309,997.9317175715302,999.9317175715302,2.0,8.451430788368143,10.14791934717774,107.41849642478903,36250,0.04100429095007712,0.3288327710409723,-10.496168941736919,-4.657824904653553,11.483244110263161,0,0,0,2,0,9,9,1,1
386,1965,9,24,15,24007.625,59.7599065088926,-67.76000925766047,236,309,,,,8.451430788368143,,0.0,0,0.0,,0.0,0.0,0.0,0,3,0,0,0,9,9,0,0
391,1965,9,21,15,24004.625,64.30929084903141,-3.7805685343010906,352,246,986.6705848408554,992.6705848408554,6.0,19.391847760683557,12.596618862949253,309.01936161855167,300000,,,,,,3,0,0,0,0,1,1,1,1
391,1965,9,21,18,24004.75,65.05331366651144,-0.7777229942636189,358,249,986.1575177172448,992.1575177172448,6.0,18.971311014049686,13.5451876768496,252.7071841393177,200625,-0.5130671236106719,-3.920404535253993,46.939281111960554,27.577187537190188,54.44076950015507,0,0,0,0,0,1,1,1,1
391,1965,9,21,21,24004.875,65.49332548106584,2.37496151576137,364,251,987.2406804639593,993.2406804639593,6.0,17.89737933837296,10.308818834443736,268.3609728501569,226250,1.0831627467145153,8.24735112323682,48.46596021774201,16.30902714737172,51.136422111069315,0,0,0,0,0,5,5,1,1
391,1965,9,22,0,24005.0,66.28710884176884,6.280007125699782,371,255,988.5187079180502,998.5187079180502,10.0,15.894614237827295,8.912510115294062,728.6842106772561,1668125,1.2780274540909158,9.670929903354244,58.1984632637521,29.421560855013425,65.21264731175664,0,0,2,0,0,4,4,1,2
391,1965,9,22,3,24005.125,66.20227122332705,7.8996916142652305,374,255,989.2924945098633,999.2924945098633,10.0,14.40227646221386,7.408349786698308,793.6344796480151,1978750,0.7737865918131138,5.859118419272838,24.223410511024962,-3.144504253111065,24.42665600902973,0,0,0,0,0,4,4,1,1
391,1965,9,22,6,24005.25,66.05934220642338,10.039254787152355,378,255,991.2715102244218,993.2715102244218,2.0,12.411072589976515,5.561805653019401,120.5109478725292,45625,1.9790157145584817,15.001673576576298,32.17876420917956,-5.297660516661072,32.611931451230625,0,0,0,0,0,4,4,1,1
391,1965,9,22,9,24005.375,66.37879203905098,11.84639413321944,381,257,993.6821478821804,1001.6821478821804,8.0,10.507057377444406,6.655449302223497,931.1264965046907,2723750,2.410637657758634,18.228687721878604,26.837792830132134,11.840400235214316,29.33363601265883,0,0,2,0,0,3,3,1,2
391,1965,9,22,12,24005.5,66.55435742059409,12.498919459638715,382,258,994.2140635945698,1000.2140635945698,6.0,10.127628283242027,6.663104860324529,800.2497749240632,2011875,0.5319157123893092,4.0168603355706605,9.622988793766645,6.507326574003068,11.616678202725808,0,0,0,0,0,4,4,1,2
391,1965,9,22,15,24005.625,66.02481302260816,17.241459398939977,391,258,994.8203295542543,1000.8203295542543,6.0,9.589822233358515,5.08668621313991,868.4442910035848,2369375,0.6062659596845333,4.596951808890609,71.41045655262387,-19.627550163027138,74.05872015135239,0,0,0,0,0,5,5,1,3
391,1965,9,22,18,24005.75,65.20544430491071,21.07495924199334,399,257,994.8269404605728,1000.8269404605728,6.0,10.280010527506581,3.475686246145996,853.4241667097822,2288125,0.006610906318528577,0.05045255354401707,59.577933324071935,-30.36988148640473,66.87196602961386,0,0,0,0,0,4,4,1,1
391,1965,9,22,21,24005.875,64.5591323281516,23.26536878121195,404,256,995.8708965999435,999.8708965999435,4.0,9.498715216648494,2.7683734507261395,696.579954313513,1524375,1.0439561393707117,8.009420940338313,34.87473131315139,-23.95553761507631,42.30974670914301,0,0,0,0,0,5,5,1,2
391,1965,9,23,0,24006.0,64.19024467892486,26.228680602167874,410,257,997.3073172692477,1000.3100516666404,3.002734397392778,7.934489264042568,1.563707300058013,722.2397981167245,1638750,1.436420669304207,11.054566408939468,47.81615908069648,-13.67281169861724,49.732593427010386,0,0,0,0,0,3,4,2,0
391,1965,9,23,3,24006.125,61.45253177814071,35.64329201247137,433,257,996.7207090296788,998.7207090296788,2.0,8.516080641059432,3.46489819569877,344.3405764696662,372500,0.41065736303833544,3.238898047875784,13.198991156762432,-9.905958840534874,16.50276910420381,0,0,0,0,2,3,3,1,1
391,1965,9,23,6,24006.25,59.53592022898994,38.95943481710274,444,255,996.9722577490269,998.9722577490269,2.0,8.540503632021773,2.1274201322734005,313.17604263477836,308125,0.2515487193480658,2.0219111912460654,62.31006743953166,-71.03916020464469,94.49395105984381,0,0,0,0,0,3,3,1,1
391,1965,9,23,9,24006.375,58.79126009713451,40.57871057856939,449,255,998.1713979663333,1000.1713979663333,2.0,7.613488020208515,2.0892861069705395,435.8798152196888,596875,1.1991402173064125,9.713586570315902,31.098234379436487,-27.600809578930456,41.58010186291929,0,0,0,0,0,3,3,1,1
391,1965,9,23,12,24006.5,58.79126009713451,40.57871057856939,449,255,,,,7.613488020208515,,0.0,0,0.0,,0.0,0.0,0.0,0,3,0,0,0,3,3,0,0
394,1965,9,22,12,24005.5,41.47717563508645,103.07643862778117,564,407,1002.8938143304013,1010.8938143304013,8.0,10.38519049281962,9.10578393817479,560.1197921604794,985625,,,,,,3,0,0,0,0,16,16,1,1
394,1965,9,22,15,24005.625,41.47717563508645,103.07643862778117,564,407,1003.2389433575867,1013.2389433575867,10.0,11.573307266419283,12.130682493705462,627.1456394776626,1235625,0.34512902718546684,3.610215779634154,0.0,0.0,0.0,0,0,0,0,0,19,19,1,1
394,1965,9,22,18,24005.75,41.48423138193786,104.20174208192314,563,411,1003.1787355698953,1013.1787355698953,10.0,11.976424945419739,14.587249589468701,573.6312795189028,1033750,-0.060207787691470005,-0.629714728660976,31.245837228663213,0.2615210845218849,31.246931647727678,0,0,0,0,0,16,16,1,1
394,1965,9,22,21,24005.875,42.37943078011413,103.59836537718671,560,408,1004.273731492623,1014.273731492623,10.0,11.63749205421139,4.524983907310744,615.781334498246,1191250,1.0949959227278305,11.255096690263366,-16.520298747054174,33.180543804154155,37.06573563051612,0,0,0,0,0,15,15,1,1
394,1965,9,23,0,24006.0,42.24959200345754,105.27941716619527,559,414,1007.5394917734841,1015.5394917734841,8.0,9.446040138248607,6.664996514126542,611.0787880702123,1173125,3.2657602808609956,33.65131659366363,46.12116770696772,-4.812471081982619,46.37156443952652,0,0,0,0,0,13,13,1,1
394,1965,9,23,3,24006.125,43.797613559822594,109.06752636303855,549,425,1007.3412416049198,1017.3412416049198,10.0,10.223449425854252,6.879380225433051,806.3175196722395,2042500,-0.19825016856426372,-1.9845274367664436,101.3347967953721,57.377381134735884,116.45129843604192,0,0,0,0,0,11,11,1,2
394,1965,9,23,6,24006.25,44.24207963229745,110.16789123764856,546,428,1005.3855380524504,1013.3855380524504,8.0,10.90095584671511,7.642073280344776,663.8224526827073,1384375,-1.9557035524693491,-19.420493082383327,29.218088004785837,16.474124108278545,33.5424124324768,0,0,0,0,0,12,12,1,3
394,1965,9,23,9,24006.375,47.25432542958216,115.9460332274561,527,441,1003.7720831225478,1007.7720831225478,4.0,12.530966426233089,5.586133670344862,360.1545204768291,407500,-1.9285849197274365,-18.194588564213326,20.157440632696538,28.479637545408995,34.89143401436168,0,0,0,2,2,12,12,1,1
394,1965,9,23,12,24006.5,48.0115105391665,116.77492488864554,523,442,1004.6218903737675,1014.6218903737675,10.0,13.037383145292248,7.548919858763985,831.2228321561497,2170625,0.8498072512197541,7.921164822646854,20.552912468199406,28.06504757219442,34.78604757880668,0,0,2,0,0,13,13,1,2
394,1965,9,23,15,24006.625,48.969724995283556,117.78088394303666,518,443,1005.5627749510405,1015.5627749510405,10.0,13.436383821344021,8.761659214145984,830.2649259524164,2165625,0.9408845772729546,8.641252517118168,24.476403879584314,35.516195385896886,43.133449683114065,0,0,0,0,0,14,14,1,2
394,1965,9,23,18,24006.75,49.46923626187035,119.24317976324181,514,446,1006.4500723345226,1010.4500723345226,4.0,12.78002556940735,7.875131078705891,217.13970592909533,148125,0.8872973834820732,8.088045231781939,35.22162911126112,18.514372882083215,39.79126990268161,0,0,0,2,0,12,12,1,1
394,1965,9,23,21,24006.875,49.975201851225954,120.00891527820134,511,447,1007.0837864238081,1017.0837864238081,10.0,12.594014936108872,10.07338258630567,784.8118435431737,1935000,0.633714089285495,5.733473467840136,18.252906166125655,18.753602197689375,26.169948011002386,0,0,2,0,0,14,14,1,2
394,1965,9,24,0,24007.0,50.34988604239584,121.07710115081187,508,449,1008.0738556461112,1018.0738556461112,10.0,12.723384250567793,8.819608617231133,759.1704931512592,1810625,0.9900692223031364,8.908828458959816,25.26352710206612,13.887660384003484,28.829028991248546,0,0,0,0,0,11,11,1,2
394,1965,9,24,3,24007.125,50.507214953745475,121.98780242326764,506,451,1008.0207921762203,1018.0207921762203,10.0,12.024905700438547,5.371187430720893,759.3015088556,1811250,-0.053063469890912526,-0.47639273845193836,21.467482284607808,5.831392252196964,22.245402474195263,0,0,0,0,0,14,14,1,2
394,1965,9,24,6,24007.25,50.453333682985,122.72527390473974,505,453,1006.5744592133897,1014.5119121583389,7.937452944949182,11.769982158865231,7.33064991164807,645.5904330315784,1309375,-1.4463329628306383,-12.994951932675075,17.40389432318178,-1.997107983242374,17.518104289825693,0,0,0,0,0,16,15,2,0
394,1965,9,24,9,24007.375,50.19307102741484,123.27918850119052,505,455,1007.4353323473995,1015.2424404295151,7.807108082115592,10.846105358393027,6.821565759134829,947.9602298791939,2823125,0.8608731340098893,7.763937270084723,13.143861283836513,-9.646628964813889,16.303942462899048,0,0,0,0,0,18,17,2,0
394,1965,9,24,12,24007.5,49.99297837918002,124.28072474062645,504,458,1008.2510634866621,1016.2510634866621,8.0,11.486870330324562,5.2559492384722395,655.5290583552475,1350000,0.8157311392626434,7.378334804656913,23.864814325645504,-7.416429114195118,24.99065392508599,0,0,0,0,0,14,14,1,1
394,1965,9,24,15,24007.625,49.584388760347615,125.08505432152506,504,461,1008.9353606839887,1014.9353606839887,6.0,11.34759224676413,2.884085939183278,549.5420862107574,948750,0.684297197326523,6.226935410520414,19.328139396477603,-15.144364231266144,24.554607317139546,0,0,0,0,0,14,14,1,2
394,1965,9,24,18,24007.75,50.51274467608139,127.23483398157467,497,464,1008.5265416057331,1014.5265416057331,6.0,11.479511353925338,2.721410924539814,530.1956414721458,883125,-0.40881907825561936,-3.6700003240883343,50.668238126922894,34.409489316686376,61.24772085491604,0,0,0,0,0,12,12,1,1
394,1965,9,24,21,24007.875,50.74557503110286,127.90424604871384,495,465,1008.2787332677691,1012.2787332677691,4.0,11.229291145749896,3.29187925904771,400.18703313103447,503125,-0.24780833796394292,-2.2171890274959787,15.699951626565205,8.629851415746554,17.915435147781096,0,0,0,0,0,15,15,1,1
394,1965,9,25,0,24008.0,52.197598012355066,129.11902909086882,488,464,1008.6716835989422,1012.6716835989422,4.0,10.96833044137276,3.412255195882172,366.18033747720784,421250,0.3929503311730514,3.4455622580995016,27.597862763928426,53.8191962955174,60.482624935034536,0,0,0,0,0,16,16,1,1
394,1965,9,25,3,24008.125,52.74723313666581,129.78311096816552,485,464,1007.8559194275956,1011.8559194275956,4.0,10.521253470715642,4.171032404555226,391.13640721247674,480625,-0.8157641713465273,-7.100468973218375,14.89970759575841,20.372212443002034,25.239420085689524,0,0,0,0,0,17,17,1,1
394,1965,9,25,6,24008.25,52.77627467553669,130.27759312008425,484,465,1007.3749671067584,1009.3749671067584,2.0,9.484985371178478,6.019285731447308,204.88317705582224,131875,-0.48095232083724115,-4.184630455363662,11.087096123128086,1.0764239281311523,11.139227482933237,0,0,0,3,0,17,17,1,1
394,1965,9,25,9,24008.375,52.95676251354419,130.50564234736802,483,465,1007.6171377459053,1011.6171377459053,4.0,8.846335789605936,6.881270575234957,492.0512749486031,760625,0.24217063914693426,2.102038420890859,5.0920157973796725,6.689777302492856,8.407243617126408,0,0,0,0,0,16,16,1,1
394,1965,9,25,12,24008.5,53.21276043687445,132.73949808885874,478,469,1008.7693922520012,1010.7693922520012,2.0,7.895521758534561,5.071040312537443,257.00058634784585,207500,1.1522545060959237,9.968041776610272,49.58106011501033,9.48855676862232,50.4808303386507,0,0,0,0,0,16,16,1,1
394,1965,9,25,15,24008.625,53.23183783431091,129.46439342864306,484,462,1008.3469152730345,1012.3469152730345,4.0,8.26936812755096,4.638324759726311,609.4488070713658,1166875,-0.4224769789667334,-3.6538977775968733,-72.65610486282232,0.7071032695053636,72.65954561426308,0,0,0,0,0,16,16,1,1
394,1965,9,25,18,24008.75,53.23183783431091,129.46439342864306,484,462,1007.6143262445735,1013.6143262445735,6.0,8.473899498291278,4.9850996228458095,797.136193065145,1996250,-0.7325890284610795,-6.33597936988791,0.0,0.0,0.0,0,0,0,0,0,17,17,1,1
394,1965,9,25,21,24008.875,53.26267296663984,129.96491532054333,483,463,1007.063210231216,1013.063210231216,6.0,8.30902841003406,5.736577613190602,761.655937789471,1822500,-0.5511160133575322,-4.764549303169184,11.096706496271244,1.1429034257968291,11.155407805413775,0,0,0,0,0,15,15,1,1
394,1965,9,26,0,24009.0,53.26267296663984,129.96491532054333,483,463,1007.3105558265053,1009.1932390444222,1.8826832179169286,8.053940156443788,6.491159952990638,419.3640567770972,552500,0.24734559528937097,2.1383706063960854,0.0,0.0,0.0,0,0,0,0,0,15,20,2,0
394,1965,9,26,3,24009.125,52.73852441189128,135.49605496039524,474,476,1005.0309796858414,1011.0309796858414,6.0,8.661691671080403,8.356882814135606,726.4967859725863,1658125,-2.2795761406638486,-19.84388578130008,124.0944060136267,-19.427553365372457,125.60593709550207,0,0,1,0,0,14,14,1,1
394,1965,9,26,6,24009.25,50.72057423584508,135.47155955407615,480,482,1003.1850155267534,1009.1850155267534,6.0,8.947685981172887,8.907682037900232,729.3664355347456,1671250,-1.8459641590880347,-16.522090396074628,-0.5748078681508498,-74.79527393261034,74.79748262301017,0,0,0,0,0,15,15,1,1
394,1965,9,26,9,24009.375,51.72691891032717,135.96692557164428,476,480,1003.7155200461365,1009.7155200461365,6.0,8.134740754477114,6.715609600246025,853.7737635702333,2290000,0.5305045193831028,4.681690761464554,11.372802239606235,37.300140752725994,38.99539884338104,0,0,0,0,0,15,15,1,1
394,1965,9,26,12,24009.5,51.72691891032717,135.96692557164428,476,480,,,,8.134740754477114,,0.0,0,0.0,,0.0,0.0,0.0,0,3,0,0,0,15,15,0,0
395,1965,9,23,3,24006.125,44.94926236947306,176.9256868501893,370,555,1003.5786444854045,1007.5786444854045,4.0,9.43656256644649,5.107680555724146,384.46736323984356,464375,,,,,,3,0,0,0,0,19,19,1,1
395,1965,9,23,6,24006.25,44.9828550738296,177.80302955450264,367,555,1003.0398938525433,1009.0398938525433,6.0,10.368323887707895,4.613782584615328,479.7685238181572,723125,-0.5387506328611926,-5.2802368666758,23.000950656443514,1.2451127655723662,23.03462691035261,0,0,0,0,0,20,20,1,1
395,1965,9,23,9,24006.375,45.005261001910654,178.68140415717144,364,555,1003.4429245310921,1007.4429245310921,4.0,10.769024310762793,4.347070787522752,336.7460422231796,356250,0.403030678548821,3.9485155093527813,23.019001539761142,0.8304751764590719,23.033977531165576,0,0,0,0,0,19,19,1,1
395,1965,9,23,12,24006.5,45.25730165666099,-179.2635909445407,357,554,1002.4651906480874,1010.4651906480874,8.0,12.496071689242537,6.795965129398028,596.582133062373,1118125,-0.9777338830046938,-9.537064104540613,-53.615546794568864,9.341880705469935,54.42331846916205,0,0,0,0,0,18,18,1,1
395,1965,9,23,15,24006.625,45.2485491434567,-178.6746271560778,355,554,1001.6415177205963,1007.6415177205963,6.0,13.488443131909825,4.758411987016225,439.96840742889447,608125,-0.8236729274911341,-8.03553112442412,15.368949486872658,-0.32441168790202507,15.372372987710479,0,0,0,0,0,19,19,1,1
395,1965,9,23,18,24006.75,46.09878803993484,-175.647296866764,345,550,1001.1495717770118,1007.1495717770118,6.0,14.704334516763884,8.27879237672234,422.67176818502145,561250,-0.49194594358443283,-4.730227739186376,77.80218985788791,31.514083908079012,83.94235064166527,0,0,0,0,0,17,17,1,1
395,1965,9,23,21,24006.875,46.520472706494544,-174.6959666740471,342,548,1002.3446817185365,1004.3446817185365,2.0,14.479721732439668,7.4068997091019995,177.8539989415875,99375,1.1951099415247155,11.410878016694655,24.262804039795956,15.629731855080381,28.861257383129608,0,0,0,0,0,20,20,1,1
395,1965,9,24,0,24007.0,44.94926236947306,-176.9256868501893,349,555,1003.0967189910309,1011.0967189910309,8.0,14.366198554793545,4.49310599097058,544.4502562297635,931250,0.7520372724943445,7.374964047583123,-58.48838756544822,-58.23687272275874,82.53741469499077,0,0,0,0,0,19,19,1,1
395,1965,9,24,3,24007.125,46.059458185590756,-175.04972776570824,343,550,1002.1808059805285,1012.1808059805285,10.0,15.210028792181973,1.7084555105341133,658.8589433886016,1363750,-0.9159130105024087,-8.812639135958223,48.24819952047925,41.149380778101,63.41261937019414,0,0,0,0,0,21,21,1,1
395,1965,9,24,6,24007.25,47.96288109982014,-174.52263127117112,342,542,1000.9483488752464,1012.9483488752464,12.0,16.537757898337343,4.866753722332359,701.2765318716695,1545000,-1.232457105282083,-11.496680785380807,13.08206102670271,70.55032377376956,71.75296861656729,0,0,0,0,0,23,23,1,1
395,1965,9,24,9,24007.375,47.94186615735399,-171.69319572491386,333,541,1000.7643428851545,1012.7643428851545,12.0,18.52704010699612,6.474872193691117,633.3012368467128,1260000,-0.18400599009197321,-1.7170236890688577,70.2488110047866,-0.7789183286541338,70.25312919257719,0,0,0,0,0,24,24,1,1
395,1965,9,24,12,24007.5,48.48572703306691,-172.22771206992545,335,539,1004.7360469807053,1014.7360469807053,10.0,14.016701830352613,5.101262647616241,732.7680323651421,1686875,3.971704095550813,36.748287124674476,-13.131388472062223,20.158190059914137,24.057971437671753,0,0,0,0,0,20,20,1,1
395,1965,9,24,15,24007.625,49.32061136428886,-173.37493413410624,339,536,1004.4116940320903,1014.4116940320903,10.0,13.789572762593602,9.156921911880126,736.8292201197154,1705625,-0.3243529486149782,-2.9631795735541107,-27.71650539314589,30.944967322305683,41.54269699702767,0,0,0,0,0,18,18,1,1
395,1965,9,24,18,24007.75,49.02468296054075,-172.77568430595468,337,537,1003.6298746417528,1015.6298746417528,12.0,15.10739070347991,3.165536733491317,833.7320996302427,2183750,-0.7818193903374777,-7.1743841302915605,14.564584663098072,-10.96857904893746,18.23285092247895,0,0,0,0,0,15,15,1,1
395,1965,9,24,21,24007.875,49.50036872783442,-172.69424046668917,337,535,1003.1528602941327,1017.1528602941327,14.0,15.58309707951338,2.7207917416425333,943.7535961669334,2798125,-0.4770143476201338,-4.346144465973722,1.9604829900510412,17.631281333360167,17.739942925792466,0,0,0,0,0,18,18,1,1
395,1965,9,25,0,24008.0,49.50036872783442,-172.69424046668917,337,535,,,,15.58309707951338,,0.0,0,0.0,,0.0,0.0,0.0,0,3,0,0,0,18,18,0,0
402,1965,9,22,18,24005.75,70.38091215678713,-104.27530652920937,275,381,1007.0842885034566,1007.0842885034566,0.0,9.440007413776758,2.6399704383613427,14.104739588693906,625,,,,,,3,0,0,0,0,13,13,1,1
402,1965,9,22,21,24005.875,69.44258140765885,-104.2645122980799,271,382,1006.6314450002011,1006.6314450002011,0.0,10.84209448721012,3.7102026405622017,14.104739588693906,625,-0.4528435032555717,-3.3507660547867544,0.14048922413529566,-34.779206272551264,34.77949002171779,0,0,0,0,0,12,12,1,1
402,1965,9,23,0,24006.0,69.91671083870736,-101.30993247402021,272,377,1004.9000296905244,1006.9000296905244,2.0,11.567140677616631,5.221268325124038,236.0174359706574,175000,-1.7314153096766676,-12.77221902512553,37.60099267543439,17.573595768488193,41.50501076270547,0,0,2,0,0,9,9,1,2
402,1965,9,23,3,24006.125,69.77690463011835,-99.93409747035656,271,375,1004.6534541031881,1008.6534541031881,4.0,11.643908094160883,5.0104163211438575,374.7722472096855,441250,-0.24657558733626503,-1.8205562264242803,17.62749909929426,-5.181913702836191,18.37337623082,0,0,0,0,0,8,8,1,1
402,1965,9,23,6,24006.25,70.07543424849891,-98.77076328273215,272,373,1003.802985711942,1009.802985711942,6.0,12.060016985736057,5.076217619038216,445.5847747703454,623750,-0.8504683912461042,-6.267369416285664,14.693968934457397,11.06499300568519,18.394205426238482,0,0,0,0,0,9,9,1,1
402,1965,9,23,9,24006.375,68.5290619994954,-97.53506372332812,265,372,1003.5449396113495,1011.5449396113495,8.0,12.583070525462958,9.535848296528057,530.3832217509572,883750,-0.2580461005924735,-1.9211147605287742,16.764287796324542,-57.31624959770895,59.717617277189376,0,0,0,0,0,8,8,1,1
402,1965,9,23,12,24006.5,67.36704836574812,-97.72661761909723,260,373,1005.3040498628169,1007.3040498628169,2.0,10.561014113400102,8.247249590732826,153.21669003752353,73750,1.759110251467355,13.204353094239117,-2.7322421002732042,-43.070006921502255,43.1565828479591,0,0,0,0,0,7,7,1,1
402,1965,9,23,15,24006.625,66.4883761317023,-96.88642733143199,256,372,1004.6009971043442,1008.6009971043442,4.0,10.305005732348784,7.862969937050293,412.4279881742546,534375,-0.7030527584727679,-5.311889962215572,12.423396948400303,-32.567964869778606,34.857038421194865,0,0,2,0,0,8,8,1,2
402,1965,9,23,18,24006.75,62.22368928730926,-93.9692634567195,237,368,1002.7272390464158,1008.7272390464158,6.0,10.329345909755526,4.650696956472021,472.0348719413148,700000,-1.8867799324996304,-14.774393022929978,40.06422205912495,3.8295793070031587,40.24683300424396,0,0,0,0,2,7,7,1,1
402,1965,9,23,21,24006.875,63.202994018529104,-91.69178856826449,241,363,1000.5998574778495,1006.5998574778495,6.0,12.034925078960313,7.197577064949874,367.53606346758164,424375,-2.127381568566343,-16.5121857530386,38.054691583975114,36.297905916886386,52.58989946275427,0,0,0,0,0,9,9,1,1
402,1965,9,24,0,24007.0,63.44319561039044,-90.73139575309754,242,361,1000.6305340452074,1004.6305340452074,4.0,11.95317930609232,10.70079138488807,249.13937425834396,195000,0.030676567357877504,0.23760257195692322,15.914701911569342,8.903066128975723,18.2357430183424,0,0,0,0,0,7,7,1,1
402,1965,9,24,3,24007.125,63.6735545738693,-90.7376731374322,243,361,998.5122679794471,1004.5122679794471,6.0,13.835140978009148,12.34848192235404,365.0921319878893,418750,-2.118266065760254,-16.374065936292062,-0.10318612406061205,8.538249348649725,8.538872836382803,0,0,0,0,0,9,9,1,1
402,1965,9,24,6,24007.25,63.9037976286623,-90.7440592028887,244,361,996.982771221422,1002.982771221422,6.0,15.046817634669711,11.729277165681124,378.99516638136106,451250,-1.5294967580250522,-11.799548942670041,-0.10411923078443097,8.53395319604218,8.534588330227631,0,0,0,0,0,10,10,1,2
402,1965,9,24,9,24007.375,64.11584755276519,-92.25064089703754,245,364,997.0538884319262,1002.0945929875429,5.040704555616685,15.330060930565887,11.20294496472583,404.14447954668094,513125,0.07111721050416236,0.5476561398961013,-24.377166029065798,7.859625251868107,25.612886067533317,0,0,0,0,0,13,12,2,0
402,1965,9,24,12,24007.5,64.29311904548163,-94.28287846524614,246,368,1000.8951018639832,1000.8951018639832,0.0,11.931775573710658,10.743760981210944,14.104739588693906,625,3.841213432056975,29.5360386733855,-32.6720598960017,6.570563542925406,33.32620295082449,0,0,0,2,0,12,12,1,1
402,1965,9,24,15,24007.625,64.29311904548163,-94.28287846524614,246,368,,,,11.931775573710658,,0.0,0,0.0,,0.0,0.0,0.0,0,3,0,0,0,12,12,0,0
412,1965,9,24,0,24007.0,47.53895752366928,49.3819178431662,500,239,1001.7119960970293,1001.7119960970293,0.0,7.557866085581809,2.4968089017447346,14.104739588693906,625,,,,,,3,0,0,0,0,1,1,1,1
412,1965,9,24,3,24007.125,46.9969913170557,51.93724995339433,507,244,1001.4313179802083,1001.4313179802083,0.0,8.052656229772866,3.0037994185762362,14.104739588693906,625,-0.28067811682107274,-2.659028403086221,64.59510418251034,-20.08796419607569,67.64653568285803,0,0,0,0,0,3,3,1,1
412,1965,9,24,6,24007.25,46.81154057651885,53.64791295128693,511,248,1000.4150473940721,1000.4150473940721,0.0,8.647520765351862,7.704196027057551,14.104739588693906,625,-1.0162705861362338,-9.656928319219755,43.39400867107384,-6.873727163391507,43.93504425469466,0,0,0,0,0,4,4,1,1
412,1965,9,24,9,24007.375,46.784548453077235,55.17007841871957,514,252,999.8009989674472,999.8009989674472,0.0,9.182977088264566,9.352857588106854,14.104739588693906,625,-0.614048426624795,-5.837466711107157,38.63196734494191,-1.0004623953568246,38.644919794782616,0,0,0,0,0,5,5,1,1
412,1965,9,24,12,24007.5,46.989251529052865,57.20046872738079,517,258,998.5104478211794,1000.5104478211794,2.0,9.561054550037829,8.001590044302866,196.456289539899,121250,-1.290551146267826,-12.227688425117554,51.333606898270915,7.587314505674986,51.89129540293086,0,0,0,0,0,6,6,1,1
412,1965,9,24,15,24007.625,47.42570256269454,58.66557354074964,518,263,998.075313761502,1002.075313761502,4.0,11.097073259010356,10.20454456972242,369.4257214939158,428750,-0.4351340596773662,-4.093827421539467,36.73864459884279,16.177046889909445,40.14255663305975,0,0,0,0,0,6,6,1,1
412,1965,9,24,18,24007.75,47.5024813205161,60.04412080364077,520,267,997.1574480878215,1003.1574480878215,6.0,12.187472277011825,8.691765076444645,489.6193756707014,753125,-0.9178656736804988,-8.624851556585362,34.51775192121972,2.8458027812760847,34.634863810397555,0,0,0,0,0,5,5,1,1
412,1965,9,24,21,24007.875,47.7648871933804,61.27780439429293,521,271,995.5925988306387,1001.5925988306387,6.0,13.80524663119935,8.608225310885027,362.35732095655754,412500,-1.5648492571827957,-14.643029512132896,30.735827477495686,9.72606726141616,32.23798187076806,0,0,0,0,0,5,5,1,1
412,1965,9,25,0,24008.0,48.32011594963028,61.955313052025204,520,274,993.220008378979,1003.220008378979,10.0,16.079115794565585,10.820954328871885,548.817574246135,946250,-2.3725904516597804,-22.00885240954139,16.698521410946686,20.579540274051332,26.50203945365612,0,0,0,0,0,6,6,1,1
412,1965,9,25,3,24008.125,49.40432707246977,62.64022857589845,517,278,991.7223070461384,1003.7223070461384,12.0,18.0816707219916,8.854735978761674,567.5295728701926,1011875,-1.4977013328405155,-13.665349293578231,16.51928726701597,40.186258757117514,43.44907645398461,0,0,0,0,0,5,5,1,1
412,1965,9,25,6,24008.25,49.94376696828073,63.36177417622765,516,281,990.4357374031181,1002.4357374031181,12.0,18.764643759776142,7.885478729878523,527.5625145250106,874375,-1.2865696430203388,-11.645495331847556,17.210789078945176,19.994326547948944,26.38151540048362,0,0,0,0,0,6,6,1,1
412,1965,9,25,9,24008.375,50.26453733965769,63.50868852418164,515,282,989.620674876541,1003.620674876541,14.0,19.678492724546636,15.38576588159427,626.0343819342452,1231250,-0.8150625265770941,-7.343158777361181,3.480923324568613,11.889345971669938,12.388437142173744,0,0,0,0,0,5,5,1,1
412,1965,9,25,12,24008.5,50.69003561436029,63.95648247651791,514,284,989.7373691306638,1003.7373691306638,14.0,19.590795254408395,16.787441166847273,644.5109785487341,1305000,0.11669425412270357,1.0449141953853458,10.514738732914632,15.771083147647143,18.954862021957716,0,0,0,0,0,6,6,1,1
412,1965,9,25,15,24008.625,50.89725193930777,64.55825153699745,514,286,990.936569792733,1004.936569792733,14.0,19.525294999084185,17.880075878214413,684.0435166640879,1470000,1.1992006620693427,10.706356849691614,14.067734807383859,7.680468017363541,16.02781181498659,0,0,0,0,0,6,6,1,1
412,1965,9,25,18,24008.75,51.31585480682757,65.02398826987697,513,288,990.5761077987705,1002.5761077987705,12.0,19.76069499771193,17.520666655151288,567.704817454536,1012500,-0.3604619939625263,-3.1992609448840126,10.789517724453347,15.515505049022012,18.898269488302905,0,0,0,0,0,6,6,1,1
412,1965,9,25,21,24008.875,51.731175913752345,65.49945681377294,512,290,990.7447695154098,1002.7447695154098,12.0,19.487507765409386,14.413227845220684,602.8848159359432,1141875,0.16866171663918067,1.488348710071929,10.91496210363139,15.393866672812411,18.870811558171898,0,0,0,0,0,7,7,1,1
412,1965,9,26,0,24009.0,51.82919679593292,65.81132175598134,512,291,989.769301728245,999.769301728245,10.0,20.252147110081527,16.258412720023333,478.3149910828633,718750,-0.9754677871648164,-8.596388275546005,7.143712052297762,3.6331416012348905,8.014508081022061,0,0,0,0,0,6,6,1,1
412,1965,9,26,3,24009.125,51.708476477918616,66.26301550246131,513,292,991.4644129050777,1011.4644129050777,20.0,19.116518315676945,15.314735317346786,1263.1422344677778,5012500,1.6951111768327245,14.963119823208658,10.374391060356189,-4.4744956353695855,11.298190167639234,0,0,0,0,0,5,5,1,1
412,1965,9,26,6,24009.25,53.22890230220482,67.96769340056092,509,299,992.5415965512263,1012.5415965512263,20.0,16.992084857994747,8.84488301661695,1350.8924332556776,5733125,1.0771836461487692,9.31664876575865,37.82219270520542,56.35454599999884,67.8701194628069,0,0,0,0,0,6,6,1,1
412,1965,9,26,9,24009.375,53.960158884121576,69.84669317542253,508,305,993.2964001729216,1011.2964001729216,18.0,15.412901222101699,6.265027232334687,1285.2351402039274,5189375,0.7548036216951732,6.467203379637466,40.97432012939557,27.10400732819482,49.12761060048646,0,0,0,0,0,6,6,1,1
412,1965,9,26,12,24009.5,54.79718281788629,71.3307139172158,506,310,994.2686390755866,1010.2686390755866,16.0,14.855755313682028,4.96323591824781,1180.0028849012274,4374375,0.9722389026651217,8.243461312104921,31.708388686109092,31.024271638235753,44.361327118926575,0,0,0,0,0,6,6,1,1
412,1965,9,26,15,24009.625,56.93330444320718,73.43273001651217,499,318,995.511866105854,1011.511866105854,16.0,13.861009755408515,4.8333513742384095,1197.7407350067758,4506875,1.2432270302672987,10.277994543136392,42.50782585015501,79.17529581047093,89.86457992547832,0,0,0,0,0,9,9,1,2
412,1965,9,26,18,24009.75,57.51381288967476,73.97208503057362,497,320,995.120710964102,1011.120710964102,16.0,14.568055349635642,4.8785142281422305,1143.0932082662641,4105000,-0.3911551417519513,-3.212726731573537,10.737160173490171,21.516531373836358,24.046782133010392,0,0,0,0,0,8,8,1,3
412,1965,9,26,21,24009.875,59.11282769428189,74.89245541880456,491,324,994.8146006688443,1012.8146006688443,18.0,14.43914568707283,4.966582760367455,1192.9141356025627,4470625,-0.30611029525782213,-2.471270229695878,17.511999958761113,59.26744463395099,61.80048653525387,0,0,0,0,0,7,7,1,2
412,1965,9,27,0,24010.0,61.875675647802176,75.79606204648597,480,329,993.9784202916379,1013.9567668771596,19.97834658552165,15.128166888675725,3.57512963647263,1266.2882972099385,5037500,-0.8361803772063285,-6.568830245917289,15.787618209133615,102.40489184058578,103.61472270676325,0,0,0,0,0,10,12,2,0
412,1965,9,27,3,24010.125,63.05169342057548,75.67232578233511,475,330,993.3992651660307,1013.3992651660307,20.0,15.637452412929308,4.194610741056676,1237.1231634350067,4808125,-0.5791551256072125,-4.501271558916731,-2.0784402704349456,43.58906999207506,43.638594577870904,0,0,1,0,0,9,9,1,2
412,1965,9,27,6,24010.25,63.275040536513664,75.55240928515973,474,330,993.2187162757868,1013.2187162757868,20.0,15.810806715080536,4.557350478926237,1260.3829877207882,4990625,-0.18054889024380827,-1.4004854677406229,-1.9988183530046248,8.278355391006528,8.516245815388078,0,0,0,0,0,11,11,1,2
412,1965,9,27,9,24010.375,66.72229630807489,74.55016401934344,459,332,993.283824315029,1013.283824315029,20.0,17.92115893646597,2.47790755747752,1301.84530580627,5324375,0.06510803924218635,0.49105335502921027,-14.68036585459942,127.77245088126094,128.6130333435501,0,0,1,0,0,8,8,1,1
412,1965,9,27,12,24010.5,68.26023505098836,69.68717372979263,450,326,992.8482043400492,1010.8482043400492,18.0,17.732579613257737,3.1856738839768513,1097.1819360577003,3781875,-0.43561997497992705,-3.2491576769237764,-66.74452663504196,57.00366190069573,87.7738532014213,0,0,0,0,0,7,7,1,1
412,1965,9,27,15,24010.625,69.06428441035916,72.14968169778317,448,331,992.7721539766635,1008.7721539766635,16.0,17.953527307509734,1.5656614255392196,951.7303031173009,2845625,-0.0760503633855842,-0.5641355178381068,32.611431092101036,29.802069844614117,44.17769578529546,0,0,0,0,0,10,10,1,1
412,1965,9,27,18,24010.75,69.42512905132928,71.16854692194488,446,330,992.1239743827042,1006.1239743827042,14.0,17.339825126569153,1.958086126001217,832.7770797295839,2178750,-0.6481795939593575,-4.796682293963198,-12.779912935327484,13.374697794251011,18.49888417505482,0,0,0,0,0,10,10,1,1
412,1965,9,27,21,24010.875,70.72016623803715,71.98789058174849,441,333,992.455474209161,1004.455474209161,12.0,16.691792078813204,3.3247610141797486,764.133298232966,1834375,0.33149982645685666,2.4331563315580578,10.027211045765581,48.00052165931928,49.03667036946027,0,0,0,0,0,9,9,1,1
412,1965,9,28,0,24011.0,70.14493488636425,71.15433577831291,443,331,992.3346171282958,999.8924114330832,7.557794304787385,14.710597788950244,3.896802859474555,598.413420602149,1125000,-0.12085708086524391,-0.8902431117076907,-10.493391957994701,-21.3209359843057,23.763282307605774,0,0,0,1,0,10,12,2,0
412,1965,9,28,3,24011.125,70.14493488636425,71.15433577831291,443,331,,,,14.710597788950244,,0.0,0,0.0,,0.0,0.0,0.0,0,3,0,0,0,10,12,0,0
413,1965,9,24,0,24007.0,54.72107529685362,63.3522709877921,498,290,997.881196837186,999.881196837186,2.0,8.067422186145096,3.902204737719148,197.9694540487982,123125,,,,,,3,0,0,0,0,3,3,1,1
413,1965,9,24,3,24007.125,55.558478255335395,64.36581753871035,496,294,997.2144898264559,1001.2144898264559,4.0,9.121809017563562,4.520308125677184,314.44396702089864,310625,-0.6667070107301697,-5.600897385234651,21.246428891144852,31.03832018010554,37.613668529262355,0,0,0,0,0,5,5,1,1
413,1965,9,24,6,24007.25,56.5953249684702,65.26569747094752,493,298,996.1726718752516,1002.1726718752516,6.0,10.183389368673508,7.689691359266654,487.37947491113516,746250,-1.0418179512042842,-8.646263822181727,18.362890301061565,38.430698069559114,42.5924206206038,0,0,0,0,0,6,6,1,1
413,1965,9,24,9,24007.375,57.311714229929706,66.01730087475627,491,301,995.7307118558354,1001.7307118558354,6.0,10.78738125408602,8.389832260014009,491.64679376643556,759375,-0.44196001941614665,-3.6382029949797072,15.045232570547295,26.55295045897971,30.51914483039929,0,0,0,0,0,7,7,1,1
413,1965,9,24,12,24007.5,58.235098416664414,66.64016475393551,488,304,995.173947582041,1001.173947582041,6.0,11.789683332073219,7.22801713143468,388.8408362521876,475000,-0.556764273794397,-4.536940077982334,12.153465404613174,34.22521230290374,36.31902915167148,0,0,0,0,0,8,8,1,1
413,1965,9,24,15,24007.625,59.06158577495507,66.9116995898096,485,306,995.168069573795,1001.168069573795,6.0,12.964340021609921,8.66911722162651,326.54833007009836,335000,-0.005878008245927049,-0.047479383021241224,5.174286316782225,30.633733725928234,31.067650070114937,0,0,0,0,0,8,8,1,1
413,1965,9,24,18,24007.75,59.671176155168595,67.36366601547347,483,308,994.2551110704364,1002.2551110704364,8.0,14.455212359543177,7.681352983006,416.50796867546956,545000,-0.9129585033586772,-7.328069746374168,8.459168439002124,22.59445253702392,24.126060932676854,0,0,0,0,0,7,7,1,1
413,1965,9,24,21,24007.875,60.18946997073198,67.43037980334157,481,309,994.1799894639113,1002.1799894639113,8.0,14.92162075978937,7.165443543825894,399.93839251484076,502500,-0.07512160652506282,-0.5998309217535095,1.2292841186590666,19.210547600632736,19.249838403492213,0,0,0,0,0,7,7,1,1
413,1965,9,25,0,24008.0,61.0096740673703,67.74156353204381,478,311,993.3033858193779,1003.3033858193779,10.0,16.394847544043103,7.267147773601973,491.2419795407212,758125,-0.8766036445334612,-6.943269035773764,5.590093927309379,30.40084478642159,30.910524321729614,0,0,0,0,0,8,8,1,1
413,1965,9,25,3,24008.125,61.61261225995066,68.24100040931752,476,313,993.4613979429126,1003.4613979429126,10.0,17.00365782888052,5.890930283049456,487.1753369022173,745625,0.15801212353471783,1.2443717673071302,8.800966309998126,22.347889365058723,24.018433901123252,0,0,0,0,0,7,7,1,1
413,1965,9,25,6,24008.25,62.04170431821353,67.89726312154657,474,313,994.177037572841,1002.177037572841,8.0,16.286872028961334,7.863165892206235,403.40541557032054,511250,0.715639629928337,5.613221000937185,-5.973159360546052,15.904286647434278,16.98896602239922,0,0,0,0,0,8,8,1,1
413,1965,9,25,9,24008.375,62.342472287379316,68.15508575396557,473,314,994.9294304348393,1002.9294304348393,8.0,15.766175919692225,6.596882087218255,417.9384524584394,548750,0.7523928619983781,5.885183751324081,4.435842578569768,11.147957422807444,11.998068764704596,0,0,0,0,0,6,6,1,1
413,1965,9,25,12,24008.5,62.556706667387715,67.97940344398434,472,314,996.2491623560549,1004.2491623560549,8.0,14.732307046169897,6.423406161183959,435.1946487255507,595000,1.3197319212155707,10.302768263575475,-3.0010312932731917,7.940592056592079,8.488768522725673,0,0,0,0,0,7,7,1,1
413,1965,9,25,15,24008.625,63.07104720465579,68.06461777376097,470,315,997.4866594336745,1003.4866594336745,6.0,14.111036001424155,5.950089373269875,364.00067324663405,416250,1.237497077619628,9.616342944991427,1.4304231801139429,19.064019437282347,19.117608312215374,0,0,0,0,0,7,7,1,1
413,1965,9,25,18,24008.75,62.98405563485326,67.61986494804043,470,314,998.5967519212036,1002.5967519212036,4.0,12.783117655071072,5.689037836293574,283.50175706934715,252500,1.1100924875290366,8.632975307397931,-7.4879932725262215,-3.2243404076292426,8.152693684523458,0,0,0,0,0,8,8,1,1
413,1965,9,25,21,24008.875,63.96764422183922,68.89109240154741,467,318,999.1393019992548,1003.1393019992548,4.0,12.764800171399147,5.049813638438136,329.2784611561371,340625,0.5425500780512812,4.1833091976443715,20.678747622145007,36.45668692610978,41.91301259571724,0,0,0,0,0,8,8,1,1
413,1965,9,26,0,24009.0,63.584735532428084,68.15308156411355,468,316,999.3545116396615,999.3545116396615,0.0,12.037473751569035,3.3559253957014152,14.104739588693906,625,0.21520964040668333,1.6648362312892875,-12.169167628785997,-14.192501210211999,18.695339830539645,0,0,0,0,0,8,8,1,1
413,1965,9,26,3,24009.125,63.584735532428084,68.15308156411355,468,316,,,,12.037473751569035,,0.0,0,0.0,,0.0,0.0,0.0,0,3,0,0,0,8,8,0,0
430,1965,9,24,12,24007.5,43.76590389001105,-11.64597424848322,319,163,993.9960693114207,993.9960693114207,0.0,10.021129645678572,5.333671944779853,14.104739588693906,625,,,,,,3,0,0,0,0,1,1,1,1
430,1965,9,24,15,24007.625,44.58101212920223,-11.252978437597115,321,166,991.867352977099,991.867352977099,0.0,10.66442406944673,2.719978915853935,14.104739588693906,625,-2.1287163343216524,-21.011285332787303,10.37502096318667,30.211966954746217,31.943763198177514,0,0,0,0,0,0,0,1,1
430,1965,9,24,18,24007.75,45.00152608028751,-10.160722927637131,325,167,989.5158451095459,991.5158451095459,2.0,13.08157678234389,4.727294222827913,168.07737027574956,88750,-2.351507867553155,-23.039363958399754,28.625831343502487,15.586339314647045,32.594051502351796,0,0,0,0,0,0,0,1,1
430,1965,9,24,21,24007.875,45.60472833320519,-9.389147561331248,328,169,987.8634849702229,991.8634849702229,4.0,15.540109812964563,8.203886893846501,242.66711549775604,185000,-1.652360139322991,-16.021552874440175,20.007504059837043,22.35767675500441,30.00276534897509,0,0,0,0,0,0,0,1,1
430,1965,9,25,0,24008.0,45.883446826843134,-9.143334011903894,329,170,990.0606720998378,990.0606720998378,0.0,11.118466301606382,6.6923747280435775,14.104739588693906,625,2.1971871296149037,21.203544162489564,6.342399950531297,10.33069415151782,12.122263764854479,0,0,0,0,0,0,0,1,1
430,1965,9,25,3,24008.125,45.91126801614406,-6.736011214119353,337,169,988.4782936686835,988.4782936686835,0.0,11.984618964427263,5.5994992903109235,14.104739588693906,625,-1.5823784311543567,-15.263263104543048,62.07950332497094,1.0311917011604117,62.08806720618399,0,0,3,0,0,0,0,1,1
430,1965,9,25,6,24008.25,46.180072903998436,-6.4728974252557805,338,170,986.802995624935,988.802995624935,2.0,12.897283290427467,7.362767291854181,218.96444142013897,150625,-1.6752980437484803,-16.08661434115001,6.752436692293452,9.963246595555665,12.035849949516756,0,0,0,0,0,1,1,1,1
430,1965,9,25,9,24008.375,46.68825686539628,-6.239555234330653,339,172,986.4566615610295,1002.4566615610295,16.0,14.101362778138421,9.68187240249892,1285.157742044199,5188750,-0.34633406390552407,-3.297645222112079,5.932809048329395,18.83582610319153,19.748077582225832,0,0,2,0,0,0,0,1,3
430,1965,9,25,12,24008.5,46.95701431661617,-0.4583564580004315,358,172,989.5975508809846,1002.0994314778786,12.501880596894043,10.486472337489587,6.111303027439862,1281.4371328124646,5158750,3.1408893199551677,29.77486861433764,146.22298271087382,9.961488357857856,146.56190474733958,0,0,0,0,0,0,3,2,0
430,1965,9,25,15,24008.625,48.1629463436609,0.47091361119490094,361,177,988.4521954398015,1004.3429018252637,15.890706385462254,11.065406972543007,8.082529500763194,1430.5710833380176,6429375,-1.145355441183201,-10.650708998171462,22.974086844846145,44.69784109518761,50.25639924353092,0,0,0,0,0,1,3,2,0
430,1965,9,25,18,24008.75,50.07510827127521,1.149044947326184,363,185,987.8062123864325,1004.1717120679806,16.365499681547952,11.33740652942276,8.55240011573711,1404.8207338801283,6200000,-0.6459830533688364,-5.835938464810779,16.131106370250947,70.87423509119733,72.6867924212553,0,0,0,0,0,2,3,2,0
430,1965,9,25,21,24008.875,51.51315938358578,0.5100379769666825,361,191,986.8899686686359,988.8899686686359,2.0,12.244747477283697,7.582501453447257,184.98192550829796,107500,-0.9162437177967513,-8.10975875742342,-14.739816384050165,53.301329314832955,55.301843493357296,0,0,0,2,0,2,2,1,1
430,1965,9,26,0,24009.0,52.93780544546919,-0.5288690977894533,358,197,,,,12.458835651085538,,0.0,0,-0.9467591691075359,,-23.20729679321711,52.804471448528425,57.67920621339131,0,2,2,0,0,2,3,0,0
431,1965,9,24,12,24007.5,65.5081195284932,-1.3199456939217793,357,251,997.2172998654936,997.2172998654936,0.0,8.009899626470792,3.7070101845955645,14.104739588693906,625,,,,,,3,0,0,0,0,5,5,1,1
431,1965,9,24,15,24007.625,66.65365779588213,-1.3836869673685084,357,256,996.6423556833068,996.6423556833068,0.0,9.652317187171585,4.289421798592157,14.104739588693906,625,-0.5749441821867367,-4.3385433710249295,-0.9362581551146938,42.45934787028249,42.46966918758235,0,0,0,0,0,5,5,1,1
431,1965,9,24,18,24007.75,67.57283175030412,-0.8636900445995871,358,260,997.2633034740644,997.2633034740644,0.0,10.706866201615881,4.528136706788573,14.104739588693906,625,0.6209477907576365,4.654061321908779,7.353053042262429,34.06916014518061,34.85362337032245,0,0,0,0,0,4,4,1,1
431,1965,9,24,21,24007.875,68.48602662700864,-0.8998597149044033,358,264,997.9662865919714,997.9662865919714,0.0,11.838062553169838,5.313372321464267,14.104739588693906,625,0.7029831179069879,5.235152638436332,-0.49164596881001543,33.847545775781974,33.85111624159982,0,0,0,0,0,4,4,1,1
431,1965,9,25,0,24008.0,69.84796291164432,-1.6000247151477376,357,270,995.6258489503409,999.6258489503409,4.0,16.028984275553764,9.509474648301403,246.73217409298277,191250,-2.3404376416305603,-17.272414685903982,-8.94059993548736,50.48013508820895,51.26576211986184,0,0,0,0,0,5,5,1,1
431,1965,9,25,3,24008.125,70.9763973249851,-2.3718421897892186,356,275,995.191679914355,999.191679914355,4.0,16.72255121729445,9.659567454242643,211.1004122822376,140000,-0.43416903598597856,-3.181786565489828,-9.324735870652114,41.825393938208165,42.85223771454329,0,0,0,0,0,4,4,1,1
431,1965,9,25,6,24008.25,71.87244088284955,-3.199539709562572,355,279,995.2821868109281,1001.2821868109281,6.0,17.201566768206497,9.256122216350123,290.4343640802591,265000,0.09050689657320618,0.6597984878699884,-9.545064335748592,33.21183256235579,34.5562450987305,0,0,0,0,0,5,5,1,1
431,1965,9,25,9,24008.375,72.53703756199823,-4.059346364799249,354,282,995.2736134740694,1003.2736134740694,8.0,17.97417799322825,9.989565641485678,336.7460422231796,356250,-0.008573336858680704,-0.06226766611758554,-9.563375721905235,24.63325966205153,26.42452718169961,0,0,0,0,0,4,4,1,1
431,1965,9,25,12,24008.5,72.95018048288159,-5.673022139925319,352,284,993.476272660369,1003.476272660369,10.0,19.589453371111652,10.532295302315543,354.86807227681413,395625,-1.7973408137004299,-13.024779224796442,-17.536198689324976,15.313132260448326,23.281114322503253,0,0,0,0,0,5,5,1,1
431,1965,9,25,15,24008.625,73.37631008082127,-6.596738297894214,351,286,993.2455129753761,1003.2455129753761,10.0,19.677661113483975,10.998063787199499,328.06787448010544,338125,-0.23075968499295413,-1.6684853934583055,-9.794728147534387,15.794483127992386,18.585004621052388,0,0,0,0,0,5,5,1,1
431,1965,9,25,18,24008.75,73.57326420167831,-7.465190856121424,350,287,993.8638167639083,1003.8638167639083,10.0,18.745397125534847,10.624183443245201,322.87224675588243,327500,0.6183037885322119,4.466028096057263,-9.102666034535277,7.300099673680578,11.668332536483243,0,0,0,0,0,5,5,1,1
431,1965,9,25,21,24008.875,74.02184071133586,-7.674479516893932,350,289,995.3836117987017,1003.3836117987017,8.0,18.355432760798884,11.11829507601913,273.1371076480198,234375,1.5197950347934965,10.952583340904921,-2.1353521798572372,16.626477361947558,16.763039056190728,0,0,0,0,0,6,6,1,1
431,1965,9,26,0,24009.0,74.21374088607632,-8.591225432227644,349,290,996.7928711299805,1002.7928711299805,6.0,16.62325944860853,10.301319692157413,227.86904174049369,163125,1.4092593312787358,10.14632115637536,-9.243922725956729,7.112775284448203,11.663690651355449,0,0,0,0,0,5,5,1,1
431,1965,9,26,3,24009.125,74.21374088607632,-8.591225432227644,349,290,997.3576451736383,1003.3576451736383,6.0,16.202861639706047,9.852818489054407,240.1950600466464,181250,0.5647740436578169,4.066234440000003,0.0,0.0,0.0,0,0,0,0,0,4,4,1,1
431,1965,9,26,6,24009.25,74.40142617685385,-9.530127832599952,348,291,998.7077552351984,1002.7077552351984,4.0,14.731033455756327,9.96768046031837,176.1681409986482,97500,1.3501100615601171,9.711519330151061,-9.357584392127198,6.9565507134231765,11.66010220727979,0,0,0,0,0,4,4,1,1
431,1965,9,26,9,24009.375,74.43727010137432,-8.714732874861157,349,291,1000.1026301309593,1004.1026301309593,4.0,14.016046793072345,8.611935526388843,183.9033045027407,106250,1.3948748957608768,10.031768564390298,8.10845421126038,1.3285541859025327,8.216573855384333,0,0,0,0,0,4,4,1,1
431,1965,9,26,12,24009.5,74.21374088607632,-8.591225432227644,349,290,1001.5434669474243,1005.5434669474243,4.0,12.510911796334593,7.001985119283489,200.96160531198103,126875,1.4408368164650165,10.373671296196658,1.2453879632117473,-8.285104899325708,8.378183238133644,0,0,0,0,0,4,4,1,1
431,1965,9,26,15,24009.625,74.46992536240957,-7.8957650942937825,350,291,1002.9548159133934,1004.9548159133934,2.0,11.164747407509571,5.7294492935137535,138.91557454041038,60625,1.411348965969082,10.148638793963759,6.90166064615849,9.495471351116791,11.73869225487288,0,0,0,0,0,7,7,1,1
431,1965,9,26,18,24009.75,74.49937235539122,-7.073537674961374,351,291,1004.2512318512158,1006.2512318512158,2.0,9.71940585417257,4.215718890347926,185.5188843315482,108125,1.2964159378224576,9.320855671595755,8.14457058376225,1.0914520748323908,8.217377782817417,0,0,0,0,0,6,6,1,1
431,1965,9,26,21,24009.875,75.01873777529913,-4.727987818842203,354,293,,,,8.775895440212693,,0.0,0,1.3384462675839313,,22.47221633631097,19.250266589460217,29.590087374511924,0,2,2,0,0,5,4,0,0
454,1965,9,25,0,24008.0,43.924618610347125,-166.55441374672017,313,554,1009.2767770225115,1015.2767770225115,6.0,8.799012730145707,2.6309287698718253,801.4918209530666,2018125,,,,,,3,0,0,0,0,20,20,1,1
454,1965,9,25,3,24008.125,46.04297324904156,-167.16254208376685,317,546,1007.6186404317881,1013.6186404317881,6.0,10.331272458332467,3.1023317748806587,690.988298942671,1500000,-1.658136590723443,-15.958516332526875,-15.645578190885693,78.51676288559602,80.06039077446492,0,0,0,0,0,20,20,1,1
454,1965,9,25,6,24008.25,48.44990987043816,-166.76852726293325,318,536,1006.7530055422634,1014.7530055422634,8.0,10.881983751782652,5.676950528773814,769.9689363976381,1862500,-0.8656348895246628,-8.013743436358826,9.686550279643274,89.21304701809905,89.73737802372882,0,0,0,0,0,20,20,1,1
454,1965,9,25,9,24008.375,50.06551928679818,-167.59578683089035,322,530,1004.9524421001988,1014.9524421001988,10.0,11.952390845201371,4.233104367863052,786.9635774966576,1945625,-1.8005634420645946,-16.268924504755677,-19.682408900393533,59.88252351280355,63.034227546498585,0,0,0,0,0,18,18,1,2
454,1965,9,25,12,24008.5,41.27054212294761,-163.88658176691072,301,562,1009.1514157202602,1011.1514157202602,2.0,7.637261477167523,7.702292380931394,273.5010479928565,235000,0.4241799784527393,4.455331724021394,20.626318561151628,21.500148617496926,29.794318383889287,0,0,0,0,2,21,21,1,1
454,1965,9,25,15,24008.625,42.00373898845188,-162.78578106470314,298,558,1008.1001914821904,1011.5928576730599,3.492666190869495,8.843776120496418,7.801393450382893,427.35266139097564,573750,-1.051224238069699,-10.88362615172936,30.31917381716317,27.175923891922434,40.715883145707565,0,0,0,0,0,22,20,2,0
454,1965,9,25,18,24008.75,43.33458712494428,-162.01266534793854,297,552,1007.017056072033,1013.6007871570625,6.5837310850295765,10.440641015933048,11.809950523973239,589.0312181373172,1090000,-1.0831354101574107,-10.934935719699444,20.84276160783717,49.327853637439965,53.55051685948354,0,0,0,0,0,23,21,2,0
454,1965,9,25,21,24008.875,47.024089298475324,-162.43603478206333,303,538,1005.110493401341,1013.091374201475,7.980880800133892,12.571365563721619,8.625731836774067,535.4230488541527,900625,-1.9065626706919283,-18.05402505174372,-10.697200335096467,136.75130784690825,137.16905734475637,0,0,0,0,0,19,20,2,0
454,1965,9,26,0,24009.0,47.792378121923726,-161.46660491740573,301,534,1004.0223482676383,1010.0223482676383,6.0,13.252584453612917,10.954496683312245,409.2805609899154,526250,-1.088145133702783,-10.177852831995729,24.139575945817032,28.476606455059777,37.33143771729426,0,0,0,0,0,22,22,1,2
454,1965,9,26,3,24009.125,48.47643870284474,-161.165087136344,301,531,1003.2593900973676,1009.2593900973676,6.0,13.405423149326849,13.261184771997142,365.3644872156122,419375,-0.7629581702707219,-7.060301937738911,7.40871203195485,25.354688705315315,26.41494375000402,0,0,1,0,0,17,17,1,1
454,1965,9,26,6,24009.25,49.304424574374195,-160.44374671151127,300,527,1001.9573590425284,1009.9573590425284,8.0,14.875491747195543,11.952678565656315,448.92086907395213,633125,-1.3020310548391718,-11.897807836153563,17.433174745015805,30.68927608248303,35.29514482414149,0,0,0,0,0,17,17,1,1
454,1965,9,26,9,24009.375,50.14091247845517,-160.73322897770825,302,524,1000.7114992227187,1008.7114992227187,8.0,16.07820511587602,13.773991440603787,400.93202980407324,505000,-1.2458598198097024,-11.244543430867397,-6.8766482716595325,31.00440371111496,31.757854791120845,0,0,0,1,0,18,18,1,2
454,1965,9,26,12,24009.5,50.51136218543917,-160.20112364547506,301,522,1004.5600822941822,1004.5600822941822,0.0,12.153615641567926,14.703822700180899,14.104739588693906,625,3.8485830714635085,34.54971328772785,12.541989330861112,13.730709331194817,18.596609236987113,0,0,0,2,0,16,16,1,1
454,1965,9,26,15,24009.625,50.34713049132379,-159.5793141156962,299,522,1005.3491503543465,1007.3491503543465,2.0,10.961450890549719,17.12081173548242,81.02556018035717,20625,0.7890680601642817,7.100465335989795,14.707274357366186,-6.087243726624087,15.917237675242689,0,0,0,0,0,19,19,1,1
454,1965,9,26,18,24009.75,49.86867870017678,-158.7748653160852,296,523,1008.179024966603,1008.179024966603,0.0,8.313360263479481,14.892491532677084,14.104739588693906,625,2.8298746122565355,25.64312974619017,19.21812664241292,-17.733803939849736,26.1500323866119,0,0,0,0,0,18,18,1,1
454,1965,9,26,21,24009.875,49.86867870017678,-158.7748653160852,296,523,,,,8.313360263479481,,0.0,0,0.0,,0.0,0.0,0.0,0,3,0,0,0,18,18,0,0
459,1965,9,25,12,24008.5,59.739007738417754,-165.91171678297474,327,489,998.6259414703279,1006.6259414703279,8.0,16.1513451614367,5.025254240175346,317.59163273689796,316875,,,,,,3,0,0,0,0,18,18,1,1
459,1965,9,25,15,24008.625,61.0313991705471,-166.66973514666302,330,484,998.1261462251839,1012.1261462251839,14.0,15.752883501779397,6.8132469656816825,1011.9106260522624,3216875,-0.49979524514405055,-3.9578710348712205,-13.607633564530733,47.90245683055945,49.7977214501844,0,0,2,0,0,18,18,1,2
459,1965,9,25,18,24008.75,62.03796344679983,-167.1443660270909,332,480,996.291380418374,1004.291380418374,8.0,17.71106478256251,8.28676797666296,308.69729862159846,299375,-1.8347658068098827,-14.391744767294762,-8.248717004208757,37.30828028698513,38.20928041965415,0,0,0,2,0,19,19,1,1
459,1965,9,25,21,24008.875,63.214665111153096,-167.0778635989121,333,475,996.0831746684529,1004.0831746684529,8.0,18.34962592337995,7.94533835950504,311.90296402073676,305625,-0.20820574992118054,-1.6158729930375322,1.1108097301264368,43.614418416763954,43.62856165505691,0,0,0,0,0,16,16,1,1
459,1965,9,26,0,24009.0,64.66339570711257,-167.38811485340094,335,469,993.6819381047067,1003.6819381047067,10.0,20.883237187155963,13.993584856041345,350.63826593583474,386250,-2.401236563746206,-18.406818963552272,-4.921018610258999,53.69716411514729,53.922183358721455,0,0,0,0,0,18,18,1,1
459,1965,9,26,3,24009.125,65.3857909336557,-167.55666579210677,336,466,992.8577925493482,1002.8577925493482,10.0,20.980616364495987,15.765918337695474,339.39415148578985,361875,-0.8241455553584092,-6.28054296672008,-2.6020539865942003,26.775561407947748,26.901698341553303,0,0,0,0,0,13,13,1,1
459,1965,9,26,6,24009.25,66.77778889047565,-167.38067770656923,337,460,992.3800531830074,1004.3800531830074,12.0,21.895699768461814,12.766631836594462,423.6120847380443,563750,-0.4777393663408293,-3.6016738293935724,2.5720039030191333,51.59437023265627,51.658438263090694,0,0,0,0,0,13,13,1,1
459,1965,9,26,9,24009.375,67.99218542122456,-167.88475819754214,339,455,992.0645761747768,1006.0645761747768,14.0,22.926882990685037,10.511766798719618,506.0044611454395,804375,-0.31547700823066405,-2.3574712679693812,-7.001392095552304,45.011577718011,45.5528442574139,0,0,0,0,0,12,12,1,1
459,1965,9,26,12,24009.5,68.21534311812597,-167.76040016306817,339,454,989.8794539041118,1005.8794539041118,16.0,24.40427513145636,15.445827393194778,508.749178086014,813125,-2.185122270665015,-16.30326490128657,1.7106095779996948,8.271334579039982,8.446369684471952,0,0,0,0,0,12,12,1,1
459,1965,9,26,15,24009.625,68.97865735824227,-168.56969841837244,341,451,988.6245363173666,1006.6245363173666,18.0,25.205044352538128,14.918175206694723,624.284123533731,1224375,-1.2549175867451412,-9.314214186817333,-10.760180100214116,28.292223645492914,30.269314405774576,0,0,0,0,0,14,14,1,1
459,1965,9,26,18,24009.75,69.47003512021428,-168.9364994666567,342,449,987.573585131993,1005.573585131993,18.0,26.35476959040442,15.420030485533498,554.2283285500282,965000,-1.0509511853735602,-7.775002285392462,-4.767886777056457,18.212904732414884,18.826647155318184,0,0,0,0,0,14,14,1,1
459,1965,9,26,21,24009.875,69.77690463011835,-170.06590252964344,344,448,987.6770760816838,1001.6770760816838,14.0,26.436981520701305,13.327925144655383,348.07571077095474,380625,0.1034909496907494,0.7641108954598657,-14.47025899632642,11.374110881078474,18.405401211487714,0,0,0,0,0,14,14,1,1
459,1965,9,27,0,24010.0,70.26388255382336,-170.48397979503184,345,446,986.8130601494277,1000.8130601494277,14.0,27.105685600227602,13.686502987929561,333.18249174678584,348750,-0.8640159322561521,-6.359657862550588,-5.232821238029345,18.049824834632766,18.793046444632033,0,0,0,0,0,16,16,1,1
459,1965,9,27,3,24010.125,70.30022043313146,-171.12944414324087,346,446,987.134762413908,1001.134762413908,14.0,26.390364526187124,12.157713009221116,342.31246961133036,368125,0.32170226448040923,2.3673768765306953,-8.064583054268196,1.3468626080275954,8.17627902680019,0,0,0,0,0,13,13,1,1
459,1965,9,27,6,24010.25,70.30022043313146,-171.12944414324087,346,446,987.2427796755123,1001.2427796755123,14.0,26.005732501425626,13.16217590228196,350.9218391855286,386875,0.1080172616042546,0.794888925637798,0.0,0.0,0.0,0,0,0,0,0,16,16,1,1
459,1965,9,27,9,24010.375,70.30022043313146,-171.12944414324087,346,446,988.4492009371945,1000.4492009371945,12.0,25.139749780963403,13.581157103232181,304.15261082582236,290625,1.2064212616822625,8.877941232009888,0.0,0.0,0.0,0,0,0,0,0,15,15,1,1
459,1965,9,27,12,24010.5,70.03948800788251,-170.59077859188983,345,447,989.2224583651656,1001.2224583651656,12.0,24.2990286668779,13.992505402315947,317.9046851862261,317500,0.7732574279711116,5.699674812029442,6.815691913560714,-9.66404096647134,11.825706915961229,0,0,0,0,0,16,16,1,1
459,1965,9,27,15,24010.625,70.03948800788251,-170.59077859188983,345,447,989.6890880323658,999.6890880323658,10.0,23.824233964000666,14.055667301199936,276.03519522924046,239375,0.46662966720017723,3.4395238435212203,0.0,0.0,0.0,0,0,0,0,0,15,15,1,1
459,1965,9,27,18,24010.75,69.77690463011835,-170.06590252964344,344,448,991.0827440524855,1001.0827440524855,10.0,23.156454714569843,13.006918052199689,292.8220032558322,269375,1.39365602011967,10.289863535689062,6.724948512610765,-9.732646476189025,11.830018593719132,0,0,0,0,0,14,14,1,1
459,1965,9,27,21,24010.875,69.73640676136392,-169.43898930880363,343,448,992.5364096537953,1000.5364096537953,8.0,22.29604347565236,12.750217776631107,238.11540999374174,178125,1.4536656013097673,10.735733937181108,8.047693523049524,-1.5010525151361755,8.186484574842238,0,0,0,0,0,15,15,1,1
459,1965,9,28,0,24011.0,69.47003512021428,-168.9364994666567,342,449,993.4657845124001,1001.4657845124001,8.0,22.146453643500422,12.699475185046394,237.27844638474429,176875,0.9293748586048605,6.875573052492106,6.531637626239033,-9.873058365942299,11.838056072590833,0,0,0,0,0,18,18,1,1
459,1965,9,28,3,24011.125,69.1551683957689,-167.8404042714735,340,450,994.8863117214315,1002.8863117214315,8.0,20.86455681121045,12.51984336049878,267.99005218518425,225625,1.4205272090314247,10.530979800045339,14.456358803988119,-11.670527442505124,18.57922282163358,0,0,0,0,0,16,16,1,1
459,1965,9,28,6,24011.25,69.10599518194881,-167.23678655213024,339,450,996.4967424783249,1002.4967424783249,6.0,20.100201580377455,12.751570901631275,191.3259964331453,115000,1.6104307568933292,11.942723619477777,7.979107130681679,-1.8226039678672794,8.184621911034178,0,0,0,0,0,16,16,1,1
459,1965,9,28,9,24011.375,69.00064400905609,-166.0382633555028,337,450,998.1731053379659,1004.1731053379659,6.0,19.27537449817882,11.427040744083133,214.83699284957805,145000,1.6763628596410853,12.440419849562126,15.919143786240795,-3.9048386472414345,16.391061702891587,0,0,0,0,0,16,16,1,1
459,1965,9,28,12,24011.5,68.66588430314107,-165.01013764031822,335,451,999.9638221133338,1003.9638221133338,4.0,17.66730540769886,9.632150259654955,157.69578262626,78125,1.790716775367764,13.319147366900602,13.863556314327141,-12.407860314258272,18.60519258859379,0,0,0,0,0,17,17,1,1
459,1965,9,28,15,24011.625,68.60577221889693,-164.42745640318975,334,451,1001.3052836066985,1005.3052836066985,4.0,16.69133529274154,8.302819248381347,212.50932944773342,141875,1.3414614933647682,9.981733446720662,7.878212678271283,-2.2280529326593554,8.187212888083852,0,0,0,0,0,22,22,1,1
459,1965,9,28,18,24011.75,68.47886200657997,-163.2720360794327,332,451,1003.6895087019377,1005.6895087019377,2.0,15.000582091416305,7.520577217230384,143.8406847937898,65000,2.384225095239235,17.756326379703232,15.710113219546317,-4.703923916343283,16.399224298170637,0,0,0,0,0,18,18,1,1
459,1965,9,28,21,24011.875,68.05539052848637,-161.75107578158554,329,452,1006.008779737123,1006.008779737123,0.0,12.889688513859168,8.591559313216349,14.104739588693906,625,2.3192710351852295,17.3235489219687,21.067132215593674,-15.69595998089394,26.271414493915795,0,0,0,0,0,17,17,1,1
459,1965,9,29,0,24012.0,68.1234700951809,-160.44540649654883,327,451,1007.3557498673622,1007.3557498673622,0.0,11.463364955470187,8.73567838858784,14.104739588693906,625,1.3469701302392059,10.056243314834445,18.03186373639125,2.5233674748641195,18.2075669220515,0,0,0,0,0,16,16,1,1
459,1965,9,29,3,24012.125,69.66320066409918,-157.55087548166696,325,443,1008.248408708153,1008.248408708153,0.0,10.893327053118691,3.111391920874448,14.104739588693906,625,0.8926588407908276,6.595656049309272,37.28237433253248,57.070075887750875,68.16868047501521,0,0,0,0,0,16,16,1,1
459,1965,9,29,6,24012.25,69.80732893212782,-155.29176766799404,322,441,1009.3371903989947,1009.3371903989947,0.0,9.931551039124408,3.2142964626696626,14.104739588693906,625,1.0887816908417154,8.037295655126275,28.901420662311647,5.342110730283562,29.390989492606494,0,0,0,0,0,15,15,1,1
459,1965,9,29,9,24012.375,69.71113479363302,-154.71429451529806,321,441,1010.4344513545977,1012.4344513545977,2.0,9.302124031710454,3.9247541668602937,251.5235374254831,198750,1.0972609556029784,8.104904858757594,7.421891447954172,-3.56543339118836,8.233880490523056,0,0,0,0,0,14,14,1,1
459,1965,9,29,12,24012.5,69.81748010047102,-153.86358755562412,320,440,1011.0792742784656,1013.0792742784656,2.0,8.509396569325569,3.5850374006175114,284.9017742606504,255000,0.6448229238679051,4.7597189847215855,10.878630276965763,3.9416861976148976,11.570716779153484,0,0,0,0,0,16,16,1,1
459,1965,9,29,15,24012.625,69.91926137715441,-153.0041616059134,319,439,1011.265315101998,1011.265315101998,0.0,7.8810344729692385,3.935517693133006,14.104739588693906,625,0.18604082353238482,1.3723544329462571,10.936995184069225,3.772520531533346,11.569346343557793,0,0,0,0,0,14,14,1,1
459,1965,9,29,18,24012.75,69.91926137715441,-153.0041616059134,319,439,,,,7.8810344729692385,,0.0,0,0.0,,0.0,0.0,0.0,0,3,0,0,0,14,14,0,0
469,1965,9,26,6,24009.25,69.30831243245858,-116.1468412355809,277,400,1010.6193771982502,1012.6193771982502,2.0,8.314586936273372,3.5553458899878025,313.4935044929087,308750,,,,,,3,0,0,0,0,8,8,1,1
469,1965,9,26,9,24009.375,69.2019854796499,-115.31667245355895,276,399,1009.7226960214797,1011.7226960214797,2.0,8.475171663599324,3.920001395312647,295.86351363515985,275000,-0.8966811767705076,-6.6454182959540935,10.925626825565626,-3.94100590596656,11.614682478758622,0,0,0,0,0,8,8,1,1
469,1965,9,26,12,24009.5,68.04835922912869,-113.27580849858616,270,398,1007.2047712488633,1011.2047712488633,4.0,10.206686162451362,3.7015633423665713,394.17637320552694,488125,-2.5179247726163885,-18.80830203344123,28.276462455428696,-42.75912876731462,51.263060988718394,0,0,0,0,0,9,9,1,1
469,1965,9,26,15,24009.625,67.03018838329922,-110.39149719548551,264,395,1006.3015708019261,1008.3015708019261,2.0,10.014963680732578,2.5200722788786516,246.32868702971868,190625,-0.9032004469371168,-6.7964420920927076,41.71627432453355,-37.73847750454517,56.25335748096107,0,0,0,0,0,12,12,1,1
469,1965,9,26,18,24009.75,65.88501450278996,-108.26543517694495,258,393,1005.0396704381428,1007.0396704381428,2.0,11.10496436711628,2.090679370453872,237.27844638474429,176875,-1.2619003637833521,-9.578656965909596,32.19470930688928,-42.44584187949789,53.274278974139484,0,0,0,0,0,12,12,1,1
469,1965,9,26,21,24009.875,65.22844358549773,-103.97293324008737,253,386,1003.6677141141888,1007.6677141141888,4.0,11.067945435005537,3.7418882798493724,317.59163273689796,316875,-1.3719563239539274,-10.468439440549503,66.65088548938893,-24.335784995086374,70.95471068115708,0,0,0,0,0,11,11,1,1
469,1965,9,27,0,24010.0,64.38826399071723,-102.9946167919165,249,385,1004.0265285338432,1006.0265285338432,2.0,10.747178497891621,3.768772081713323,183.3616146530208,105625,0.3588144196543726,2.756812592524485,15.674523430425934,-31.14123613662426,34.86355221270438,0,0,0,0,0,13,13,1,1
469,1965,9,27,3,24010.125,63.756702796731304,-99.66506651224435,245,379,1002.8724184538494,1006.8724184538494,4.0,12.048758798098827,4.348514222677623,255.83680412822147,205625,-1.154110079993843,-8.914807645492063,54.56358853419689,-23.40880021227158,59.37303361886765,0,0,0,0,0,10,10,1,1
469,1965,9,27,6,24010.25,63.179665865379285,-97.9935214936398,242,376,1001.2627054909539,1005.2627054909539,4.0,13.580096727748582,5.293132491002616,221.67338288487116,154375,-1.6097129628955735,-12.496746747001387,27.953302412702712,-21.387859750962978,35.19698368472607,0,0,0,0,0,12,12,1,1
469,1965,9,27,9,24010.375,62.62718814542623,-95.45155109871274,239,371,999.8924988958237,1005.8924988958237,6.0,15.614792986792082,5.83844135509964,275.3135333533663,238125,-1.3702065951301483,-10.689988659085923,43.31663611931587,-20.477573180977735,47.91306677802538,0,0,0,0,0,10,10,1,1
469,1965,9,27,12,24010.5,62.66726530898717,-94.50777079340136,239,369,998.1711094068122,1006.1711094068122,8.0,16.671442527442093,7.696235805614051,323.48782833813266,328750,-1.7213894890114898,-13.424965887126229,16.061722766216253,1.4854590874267957,16.130267416233632,0,0,0,0,0,9,9,1,1
469,1965,9,27,15,24010.625,62.26323188210326,-92.57073711069053,237,365,996.5416562454216,1004.5416562454216,8.0,18.20928917039067,8.399833225371985,302.18396482767736,286875,-1.6294531613905565,-12.75476738030509,33.413388353158986,-14.975489088101764,36.61584076143651,0,0,0,0,0,11,11,1,1
469,1965,9,27,18,24010.75,62.054800972156784,-91.15967520848356,236,362,997.444277138722,1005.444277138722,8.0,17.396982498280106,7.5859723340971685,323.7951802633666,329375,0.9026208933003363,7.078976407070915,24.509157555120808,-7.725486580652443,25.69789771498004,0,0,0,0,0,11,11,1,1
469,1965,9,27,21,24010.875,61.597857909913984,-90.22826883015343,234,360,998.3106747677091,1006.3106747677091,8.0,16.77720273905656,4.3218435313035295,364.2738445220405,416875,0.8663976289871789,6.82397537459874,16.420758175679303,-16.936583428942797,23.59002241011395,0,0,0,0,0,12,12,1,1
469,1965,9,28,0,24011.0,60.43923708154074,-89.78047701474036,229,359,998.0736175421421,1006.0736175421421,8.0,17.888687851175632,4.6226691514134295,395.6875980703111,491875,-0.23705722556711406,-1.8881563061249136,8.188246613921326,-42.94425267327365,43.71791646769509,0,0,0,0,0,14,14,1,1
469,1965,9,28,3,24011.125,59.957344382392805,-88.05485323858572,227,355,998.8255548613283,1004.8255548613283,6.0,17.560331829484102,3.4930877326178598,351.48829934307025,388125,0.7519373191862542,6.018086953003583,32.02042341328652,-17.861341110767707,36.66517450989902,0,0,0,0,0,12,12,1,1
469,1965,9,28,6,24011.25,60.531832231405524,-84.48659997133244,230,347,998.6256253040062,1004.6256253040062,6.0,17.094806643210877,1.95996903405583,365.0921319878893,418750,-0.19992955732202972,-1.5909789136987202,65.05463781623307,21.29337807638664,68.45081337212294,0,0,0,0,0,9,9,1,1
469,1965,9,28,9,24011.375,60.1982946393528,-82.79394299861673,229,343,999.1371627107811,1005.1371627107811,6.0,16.992002647269832,2.7760043841306468,378.7326134115871,450625,0.511537406774878,4.084162966872095,31.180062734824034,-12.362562693835391,33.54145596879439,0,0,0,0,0,10,10,1,1
469,1965,9,28,12,24011.5,60.067929207225156,-81.07247040807194,229,339,998.3666671533231,1006.3666671533231,8.0,17.811452851300675,3.6999927242699777,430.8299576177624,583125,-0.7704955574580526,-6.159752440853083,31.83673481230924,-4.831991554139593,32.20133267255533,0,0,0,0,0,11,11,1,1
469,1965,9,28,15,24011.625,59.952087583526435,-79.79177364118615,229,336,998.3907113496775,1006.3907113496775,8.0,17.073113171271256,2.7181728904384364,449.5851173323102,635000,0.024044196354516316,0.1924465507836876,23.768494967076666,-4.293666949855158,24.1531970736014,0,0,0,0,0,13,13,1,1
469,1965,9,28,18,24011.75,58.63410988576485,-78.52752674353853,224,332,999.0501349523585,1007.0501349523585,8.0,16.946205785696268,4.652283551599176,471.19119857356634,697500,0.6594236026809085,5.350545000856378,24.389960057210782,-48.85081114058793,54.60102472193839,0,0,0,0,0,11,11,1,1
469,1965,9,28,21,24011.875,58.71513174109309,-77.22335523074788,225,329,999.5416266401718,1007.5416266401718,8.0,15.951419292324795,4.803395173113022,475.18530649802983,709375,0.49149168781324987,3.9845193291409284,25.101773707839776,3.003073086609783,25.28077315358682,0,0,0,0,0,10,10,1,1
469,1965,9,29,0,24012.0,61.25129315162479,-74.70531239472936,237,326,1001.3230458827602,1007.3230458827602,6.0,12.296456103282859,2.898925462573752,427.35266139097564,573750,1.7814192425884539,14.077227202476811,44.886633407493356,94.00276066761114,104.16971187341778,0,0,0,0,0,9,9,1,1
469,1965,9,29,3,24012.125,59.88207588103731,-73.61045966596522,232,322,1002.3738040111882,1008.3738040111882,6.0,11.991052777912433,1.5604632451501674,461.59363087490163,669375,1.0507581284279877,8.416083523170563,20.362401912929204,-50.75000465447936,54.68263329516365,0,0,0,0,0,9,9,1,1
469,1965,9,29,6,24012.25,61.366390598262434,-70.84889123160758,240,318,1003.7287266869004,1007.7287266869004,4.0,8.915348849788037,2.443557513078049,394.17637320552694,488125,1.3549226757121504,10.695178292450917,49.04673586156192,55.01608869976226,73.70449317710509,0,0,0,0,0,7,7,1,1
469,1965,9,29,9,24012.375,60.75011488944674,-68.89879163615865,239,313,1004.2204584269072,1008.2204584269072,4.0,8.012548347115787,2.1582651192512277,470.1344778027556,694375,0.49173174000679865,3.9046752950156214,35.316311581066735,-22.842244078194955,42.05960030978446,0,0,0,0,0,7,7,1,1
469,1965,9,29,12,24012.5,60.75011488944674,-68.89879163615865,239,313,,,,8.012548347115787,,0.0,0,0.0,,0.0,0.0,0.0,0,3,0,0,0,7,7,0,0
472,1965,9,26,12,24009.5,53.87513825757802,-154.00061514957233,290,502,1002.7011801365865,1004.7011801365865,2.0,14.786491170749102,4.524888374969232,188.18069730433754,111250,0.24814572764007609,2.1284280777041893,57.21434590834034,57.121788350692825,80.84788236002578,2,0,0,2,0,15,15,1,1
472,1965,9,26,15,24009.625,56.08839201209706,-153.52084947747113,293,493,1001.3020592007603,1005.3020592007603,4.0,13.379519129939176,6.981028155965179,256.22531886097215,206250,-1.399120935826213,-11.68020570059388,9.921074133954393,82.03419629317936,82.6319373695141,0,0,0,0,0,18,18,1,1
472,1965,9,26,18,24009.75,56.925260368578535,-152.8188889145228,293,489,1000.0222894677308,1006.0222894677308,6.0,13.994230915506597,6.273928911779367,321.9466674599954,325625,-1.2797697330293887,-10.581067306298566,14.198890303868993,31.01850517003684,34.11387032930897,0,0,0,0,0,17,17,1,1
472,1965,9,26,21,24009.875,57.54814930203504,-152.26946776212193,293,486,999.155840259867,1005.155840259867,6.0,14.965268402560808,8.182030582025764,239.78057300779642,180625,-0.866449207863916,-7.113809691979266,10.927253542709103,23.087363087801332,25.54273290653567,0,0,0,0,0,17,17,1,1
472,1965,9,27,0,24010.0,57.86358556168522,-152.43938777261386,294,485,995.069806236249,1003.069806236249,8.0,17.764991685577506,10.488087530434422,295.86351363515985,275000,-4.086034023617977,-33.43104438350533,-3.350180581897974,11.691637250945202,12.16215817768441,0,0,0,0,0,19,19,1,1
472,1965,9,27,3,24010.125,58.699925896437996,-152.59925117712763,296,482,993.9460767126101,1001.9460767126101,8.0,18.055645955188083,14.780625436191187,278.54628835670917,243750,-1.1237295236389035,-9.111536288596513,-3.07832965008283,30.998934057573482,31.151404882290112,0,0,0,0,0,16,16,1,1
472,1965,9,27,6,24010.25,58.6881036822711,-151.67113050734258,294,481,994.9949153818275,1002.9949153818275,8.0,17.48392365813235,16.145549919555343,298.54106607209235,280000,1.0488386692173663,8.50536598230251,17.87781746569447,-0.4381900790211533,17.88318673732517,0,0,0,0,0,21,21,1,1
472,1965,9,27,9,24010.375,58.87094931244809,-150.5399123696336,292,479,996.4010825452025,1000.4010825452025,4.0,16.1811144986986,12.904882006431729,181.72685737548065,103750,1.4061671633750665,11.38102115300349,21.67544785973407,6.777168811602456,22.710241236521625,0,0,0,0,0,19,19,1,1
472,1965,9,27,12,24010.5,58.95762722992663,-149.9695508027985,291,478,997.1942101743016,1001.1942101743016,4.0,15.312034890618875,13.218722382294363,167.48450292473797,88125,0.7931276290990354,6.413443139220583,10.901495428975167,3.2127148919097204,11.365040235945711,0,0,0,3,0,21,21,1,1
472,1965,9,27,15,24010.625,58.80142306897787,-148.67904248782767,288,477,997.7818145811439,1001.7818145811439,4.0,14.478241539395645,10.417030107055544,181.17866047827877,103125,0.5876044068422925,4.75935423644224,24.777209941356347,-5.789703406090608,25.444661483473208,0,0,0,0,0,19,19,1,1
472,1965,9,27,18,24010.75,58.502845758982446,-147.0539916769089,284,476,999.8146499100212,1001.8146499100212,2.0,13.460541919947834,9.649751444568828,134.55064019432646,56875,2.032835328877409,16.517480933632058,31.468060694255595,-11.066760694223628,33.35733856470817,0,0,0,0,0,19,19,1,1
472,1965,9,27,21,24010.875,58.82684343796225,-145.67398122022252,282,473,1002.4442435387317,1004.4442435387317,2.0,11.4085650113146,5.988421963084257,160.81877456451716,81250,2.6295936287104267,21.29290894340059,26.476139937029423,12.008966049055736,29.072345133004625,0,0,0,0,0,21,21,1,1
472,1965,9,28,0,24011.0,58.80650566325943,-144.17172903016598,279,471,1004.6598011434139,1006.6598011434139,2.0,9.102732329343652,6.627902903609137,160.19904673114672,80625,2.2155576046822536,17.944142281736603,28.838218656228435,-0.7538191220647629,28.848069234061963,0,0,3,0,0,21,21,1,1
472,1965,9,28,3,24011.125,58.80650566325943,-144.17172903016598,279,471,,,,9.102732329343652,,0.0,0,0.0,,0.0,0.0,0.0,0,3,0,0,0,21,21,0,0
479,1965,9,26,21,24009.875,69.4875239080029,-147.0947570770121,310,436,1002.0757815610539,1002.0757815610539,0.0,9.15426301136828,7.755949545728799,14.104739588693906,625,,,,,,3,0,0,0,0,12,12,1,1
479,1965,9,27,0,24010.0,69.44507575481171,-142.5653210684323,304,432,1001.1842085809009,1001.1842085809009,0.0,9.363627379811858,10.438337932871072,14.104739588693906,625,-0.891572980152996,-6.596989212185711,58.931277115842306,-1.573339760097316,58.95227578732565,0,0,0,0,0,14,14,1,1
479,1965,9,27,3,24010.125,69.25384773650305,-138.96031183045838,299,429,999.7944593122437,1001.7944593122437,2.0,11.117178879986913,9.609936927396848,158.95234259311306,79375,-1.3897492686571786,-10.296073042145384,47.32500022612769,-7.087861822738446,47.85283096767859,0,0,0,0,0,11,11,1,1
479,1965,9,27,6,24010.25,69.59526866056082,-138.1302448622191,299,427,998.895890255115,1000.895890255115,2.0,10.965414580739363,4.88116054885133,366.18033747720784,421250,-0.8985690571287706,-6.642248893088033,10.726610007104552,12.65475820184034,16.589245534127247,0,0,0,1,0,13,13,1,2
479,1965,9,27,9,24010.375,69.76424073196986,-137.70487598573564,299,426,997.8965941029101,1001.8965941029101,4.0,11.945081081135397,5.303246250617085,497.0795199464242,776250,-0.9992961522049154,-7.378763807155184,5.453293199741487,6.262945695102677,8.304390134269457,0,0,0,0,0,11,11,1,3
479,1965,9,27,12,24010.5,69.93201871623349,-137.27244973278292,299,425,996.432827988813,1000.432827988813,4.0,12.648617778942041,6.378429239273682,456.17440534586456,653750,-1.4637661140970886,-10.796783368280604,5.499708654861193,6.218686884255345,8.301738483761373,0,0,0,0,0,10,10,1,3
479,1965,9,27,15,24010.625,70.23796608567645,-138.2310099003682,301,425,994.9686469801059,998.9686469801059,4.0,12.921221415891512,6.474073170064221,443.7952704527398,618750,-1.4641810087070917,-10.778970852258675,-12.012745079465814,11.33993176743485,16.519688157901413,0,0,0,0,0,12,12,1,2
479,1965,9,27,18,24010.75,70.4070096239851,-137.7927023657133,301,424,994.8466184494579,1000.8466184494579,6.0,13.223351574738343,6.1071614250426505,514.9678863063896,833125,-0.12202853064794908,-0.8973992353041496,5.447814383492813,6.2655946139898475,8.302792146251148,0,0,0,0,0,12,12,1,1
479,1965,9,27,21,24010.875,70.74139386990488,-136.89338584574628,301,422,994.7192438800071,1000.7192438800071,6.0,13.17951930868599,6.4369329487690985,508.55361814102736,812500,-0.127374569450767,-0.9347881251923331,10.994252198891278,12.393943898715134,16.567541361871527,0,0,0,1,0,13,13,1,2
479,1965,9,28,0,24011.0,71.07064288915339,-135.9628636256362,301,420,993.9948498014508,1001.9948498014508,8.0,13.968931590596485,7.020304440134569,595.7478687288161,1115000,-0.724394078556361,-5.305684716732398,11.18844912814216,12.203606847710441,16.556249997705102,0,0,0,0,0,16,16,1,2
479,1965,9,28,3,24011.125,71.2332642533841,-135.48554583000814,301,419,994.3025088996075,996.3025088996075,2.0,13.454535488416806,7.545563609041856,137.4759960580849,59375,0.3076590981567279,2.2512075064566472,5.691712281518856,6.02755688882387,8.29017676190325,0,0,0,2,0,13,13,1,1
479,1965,9,28,6,24011.25,71.22782173043788,-133.5436413656603,299,417,994.6219984863942,1002.6219984863942,8.0,13.435717402287723,7.153974301457493,635.1832654737959,1267500,0.31948958678665806,2.33784919150016,23.1615200183409,-0.20172697992208385,23.162398479743736,0,0,2,0,0,12,12,1,2
479,1965,9,28,9,24011.375,71.54880468307738,-133.51854282911293,300,416,995.1536643094947,999.1536643094947,4.0,13.326189772937262,7.41012514341819,278.1889485195882,243125,0.5316658231006295,3.883105372064129,0.2944295386515205,11.89722529096739,11.90086796739064,0,0,0,2,0,14,14,1,1
479,1965,9,28,12,24011.5,71.39176304649915,-134.0206803456605,300,417,995.660181225001,997.660181225001,2.0,13.835924451185825,7.582471922476616,123.76858758422884,48125,0.5065169155062176,3.702826470688467,-5.938898459187754,-5.82074441981927,8.315742931897297,0,0,0,0,0,16,16,1,1
479,1965,9,28,15,24011.625,71.3835330088281,-133.04193257076597,299,416,996.2468237702883,998.2468237702883,2.0,13.249160585648454,8.949215652810235,123.76858758422884,48125,0.5866425452873227,4.288782000504455,11.580725229370332,-0.30504614503802496,11.584742120080925,0,0,0,0,0,21,21,1,1
479,1965,9,28,18,24011.75,71.35064779478105,-131.08842818747135,297,414,997.15483208161,999.15483208161,2.0,12.864378679135964,9.688926232020313,106.48844864724786,35625,0.9080083113217552,6.639483341837607,23.152851702471597,-1.218889654550742,23.18491393011009,0,0,0,0,0,17,17,1,1
479,1965,9,28,21,24011.875,71.32602043840626,-130.1147974318827,296,413,998.7321827492365,1000.7321827492365,2.0,11.623343954993304,11.408600875049888,96.69722284868811,29375,1.5773506676264515,11.53548241896403,11.554503702294472,-0.912812361848072,11.5905039672259,0,0,0,0,0,16,16,1,1
479,1965,9,29,0,24012.0,71.1517850322631,-129.67425937523228,295,413,997.7858515447552,1001.7858515447552,4.0,13.837906633123437,12.991350192127793,143.8406847937898,65000,-0.9463312044812483,-6.927862590221886,5.275119860307232,-6.458031068324575,8.33864826096252,0,0,0,0,0,15,15,1,1
479,1965,9,29,3,24012.125,71.1192879697012,-128.71310663826353,294,412,999.7072405416715,1003.7072405416715,4.0,12.32014753689098,13.454694132581935,158.95234259311306,79375,1.921388996916212,14.06875181482054,11.528123418136088,-1.2045028292448434,11.590878163859568,0,0,0,0,0,15,15,1,1
479,1965,9,29,6,24012.25,70.94150583109327,-128.29016319224309,293,412,1000.5858613809407,1004.5858613809407,4.0,11.96648263537725,14.950045099509152,149.9354384784672,70625,0.8786208392692788,6.440283325424041,5.118852160147743,-6.589490620406862,8.34410175356696,0,0,0,0,0,14,14,1,1
479,1965,9,29,9,24012.375,70.90132246617678,-127.34229030628613,292,411,1002.0186356652382,1006.0186356652382,4.0,11.176983777575035,15.265187442693422,154.50968080927584,75000,1.432774284297484,10.504771168964385,11.495225594442372,-1.4893954380738157,11.591311842844972,0,0,0,0,0,13,13,1,1
479,1965,9,29,12,24012.5,70.72016623803715,-126.93675383430275,291,411,1005.4608964092243,1009.4608964092243,4.0,8.1556259606643,13.967263258771418,175.0352151573787,96250,3.442260743986117,25.265649800252955,4.963025039959616,-6.7145511663969435,8.349659568714685,0,0,0,0,0,15,15,1,1
479,1965,9,29,15,24012.625,70.53799970727404,-126.53871185742865,290,411,1005.8370263083125,1009.8370263083125,4.0,7.813215940392655,13.259538484297082,165.69317331547472,86250,0.37612989908811867,2.763821775543398,4.915558113129575,-6.751998008432469,8.35177757542848,0,0,0,0,0,13,13,1,1
479,1965,9,29,18,24012.75,70.53799970727404,-126.53871185742865,290,411,,,,7.813215940392655,,0.0,0,0.0,,0.0,0.0,0.0,0,3,0,0,0,13,13,0,0
480,1965,9,24,18,24007.75,54.57837508441853,-91.65761459510975,204,364,992.9758613844901,1000.9758613844901,8.0,15.955367241743394,7.408807986426837,573.8046605957105,1034375,,,,,,3,0,0,0,0,8,8,1,1
480,1965,9,24,21,24007.875,54.82919035115345,-89.81457741265608,205,359,990.5836043928435,1002.5836043928435,12.0,17.57559425189809,9.159303587832692,713.510248150088,1599375,-2.3922569916465726,-20.275584411199006,39.34774054981767,9.296461728641495,40.43103865902856,0,0,0,0,0,8,8,1,1
480,1965,9,25,0,24008.0,53.167302092435534,-88.75849014153484,198,356,988.8012670032922,1002.8012670032922,14.0,19.58459349644622,9.283276469002594,770.0981149802764,1863125,-1.782337389551394,-15.427985270766577,23.465760008614247,-61.597847673197386,65.91613407013725,0,0,0,0,0,9,9,1,1
480,1965,9,25,3,24008.125,53.84385801219522,-87.29086399943814,201,352,984.3125869029157,1000.3125869029157,16.0,23.36703585436581,20.018821465139407,680.982903921978,1456875,-4.488680100376514,-38.51624898911002,32.09330496405074,25.07652862287363,40.72852208574925,0,0,0,0,0,8,8,1,1
480,1965,9,25,6,24008.25,54.02291573364123,-85.82390947239544,202,348,982.6228474434486,1004.6228474434486,22.0,25.015002162211385,20.85011032249473,1035.3301607332392,3367500,-1.6897394594670914,-14.466270248248328,31.941264909809224,6.636770067109982,32.62347499826309,0,0,0,0,0,10,10,1,1
480,1965,9,25,9,24008.375,54.199737001142836,-84.70655774696947,203,345,979.4425614689098,1007.4425614689098,28.0,27.857175645484922,22.68277799021438,1319.6791143240332,5471250,-3.1802859745387106,-27.166469506148015,24.225698191594894,6.5538759563464275,25.096568349505873,0,0,0,0,0,8,8,1,1
480,1965,9,25,12,24008.5,54.91161117290718,-81.60707481260751,207,337,980.4359976073999,1006.4359976073999,26.0,26.26531360644181,11.923811166818414,1191.4122496855746,4459375,0.9934361384900694,8.411354684237295,66.03346157777014,26.38559876983087,71.10989994638824,0,0,0,0,0,8,8,1,1
480,1965,9,25,15,24008.625,55.30464837873247,-80.75388725443676,209,335,977.9065796748503,1007.9065796748503,30.0,28.76565932101992,14.309738205366376,1295.6414481876404,5273750,-2.5294179325496953,-21.31419346271424,18.000318640181536,14.567914423442033,23.15676147039558,0,0,0,0,0,8,8,1,1
480,1965,9,25,18,24008.75,55.14144110838849,-79.27694358973687,209,331,980.3329334809325,1008.3329334809325,28.0,26.47663467164463,13.805782094408714,1287.7094250407135,5209375,2.426353806082334,20.486204430256386,31.28784825858422,-6.049273484586286,31.86727409653217,0,0,0,0,0,9,9,1,2
480,1965,9,25,21,24008.875,58.08204840163245,-77.89101501677102,222,330,981.6041718419292,1009.6041718419292,28.0,26.272799863301163,7.576999764563299,1336.977544538744,5615625,1.271238360996649,10.376218952084066,27.158750402257876,108.99353742090568,112.32626105650677,0,0,0,0,0,9,9,1,2
480,1965,9,26,0,24009.0,58.539819563797735,-74.31000707091613,226,322,981.1960074586593,1011.1960074586593,30.0,25.049114910704642,10.88020296784969,1392.731441783546,6093750,-0.4081643832699047,-3.3151647934632535,69.26434689162325,16.96727693232118,71.31225867143178,0,0,0,0,0,9,9,1,2
480,1965,9,26,3,24009.125,59.44604835476086,-69.81713087242686,233,313,979.3017680317815,1013.3017680317815,34.0,24.263085262197478,9.440629344606933,1564.036916227501,7685000,-1.8942394268777571,-15.239694084671152,84.63851190773276,33.58934797811067,91.05999119014908,0,0,0,0,0,6,6,1,1
480,1965,9,26,6,24009.25,59.744231214223305,-70.07189740953538,234,314,977.3517336820139,1003.3517336820139,26.0,26.400326289295272,11.225057118193508,1053.1433946389473,3484375,-1.9500343497676658,-15.640741321758922,-4.75791342632009,11.052140394863263,12.032769734359803,0,0,0,0,0,7,7,1,2
480,1965,9,26,9,24009.375,59.744231214223305,-70.07189740953538,234,314,976.513792364819,998.513792364819,22.0,27.7786695809996,9.405599648680218,873.3556347604956,2396250,-0.8379413171949273,-6.720919242587342,0.0,0.0,0.0,0,0,0,0,0,7,7,1,2
480,1965,9,26,12,24009.5,60.53361548524159,-69.05734945001174,238,313,979.1601956815995,1011.1601956815995,32.0,25.16952880997361,7.505439276583855,1434.7369951370188,6466875,2.6464033167804883,21.058906396217502,18.49780320801635,29.25850870341581,34.61544532532203,0,0,0,0,0,7,7,1,2
480,1965,9,26,15,24009.625,62.537686101276265,-64.38451567935783,250,307,977.5673247466007,993.5673247466007,16.0,25.097441270316306,10.859852927125539,648.5113238181223,1321250,-1.5928709349987913,-12.437230950994191,79.85565709021535,74.28082838016392,109.06221817913584,0,0,1,0,0,8,8,1,1
480,1965,9,26,18,24009.75,62.73418070442631,-65.24145247429327,250,309,977.00000919236,995.00000919236,18.0,26.654057775361267,11.819994325291555,712.8128476822482,1596250,-0.5673155542406312,-4.421778181926362,-14.55083614877869,7.283067661106744,16.271751816717938,0,0,0,0,0,7,7,1,1
480,1965,9,26,21,24009.875,62.636725441794525,-64.811477141547,250,308,978.1372692339517,998.1372692339517,20.0,26.51786031197677,8.402452257574405,787.0899668940029,1946250,1.1372600415916532,8.871836915759918,7.325131189489778,-3.612176926488918,8.167335495220877,0,0,0,0,0,6,6,1,1
480,1965,9,27,0,24010.0,62.32925112619134,-64.58699386342343,249,307,982.8306373037282,1000.0574442825105,17.22680697878226,22.72684716691831,6.294394757479531,821.7145770079572,2121250,4.693368069776479,36.71575885494651,3.86393955281458,-11.396527989527517,12.033739197933826,0,0,0,1,0,9,8,2,0
480,1965,9,27,3,24010.125,66.79779677847858,-59.32271997820356,271,307,982.7546876450402,1002.7546876450402,20.0,21.057654536251512,10.609575043594742,916.5910515853525,2639375,0.6972433625298435,5.255725821689299,-0.22434008257631485,49.52417349511435,49.524681612776035,0,0,0,0,2,7,7,1,1
480,1965,9,27,6,24010.25,67.42403276793813,-59.722975061750226,273,309,983.9668837337429,1005.9668837337429,22.0,20.535199394551654,13.23677510757494,1027.9055785680512,3319375,1.2121960887026217,9.095301743085297,-5.695436805098689,23.21142163671211,23.899960142186426,0,0,0,0,0,9,9,1,2
480,1965,9,27,9,24010.375,67.85001743801499,-60.4358618874668,274,311,985.0822248753112,1005.0822248753112,20.0,20.325486302109603,11.42615224551133,977.3068106946953,3000625,1.1153411415683514,8.34302469440903,-9.96232168264895,15.789111380301195,18.669330236731422,0,0,0,0,0,6,6,1,2
480,1965,9,27,12,24010.5,66.00110120694903,-57.28095440509938,270,302,986.9357636121379,1004.9357636121379,18.0,19.173661190694812,4.726326516155896,976.4922185042327,2995625,1.8535387368265948,14.056862821037932,47.55531960096531,-68.53003489510456,83.41387237788571,0,0,0,0,0,4,4,1,1
480,1965,9,27,15,24010.625,68.04835922912869,-60.145706144430186,275,311,987.8118249612389,1005.8118249612389,18.0,18.54574537058782,6.489103202645856,1038.1126665304669,3385625,0.8760613491010736,6.543970905292543,-39.689794048233445,75.88156853291719,85.63464365901801,0,0,0,0,0,9,9,1,1
480,1965,9,27,18,24010.75,68.32655224114025,-59.03624346792648,277,310,988.6332009904779,1004.6332009904779,16.0,18.603689400659253,4.676938509188476,893.2878012863437,2506875,0.8213760292390362,6.123573290753,15.18688964404004,10.311217187885072,18.356546978012698,0,0,0,0,0,9,9,1,1
480,1965,9,27,21,24010.875,68.63941519090497,-59.24346057354783,278,311,990.463237886953,1004.463237886953,14.0,17.248632820985847,4.825732717580977,840.6235467365967,2220000,1.8300368964750668,13.614063824024377,-2.7975137142945816,11.5962575829623,11.92892589096256,0,0,0,0,0,8,8,1,2
480,1965,9,28,0,24011.0,68.9518144607945,-59.45675540005486,279,312,991.8270792324566,995.8270792324566,4.0,15.529233984713558,4.619006941753978,233.47498368984665,171250,1.363841345503606,10.124488978074353,-2.839378384334902,11.579071299726694,11.922120691117948,0,0,0,2,0,9,9,1,1
480,1965,9,28,3,24011.125,69.460047903345,-59.35933654424464,281,313,993.1686177926607,1003.1686177926607,10.0,13.77520428373324,2.8279126499775886,697.0082236157695,1526250,1.3415385602040624,9.925433812252658,1.266896371089053,18.83766012090478,18.88021359110656,0,0,0,0,0,8,8,1,1
480,1965,9,28,6,24011.25,69.96778057281824,-59.25703535965006,283,314,994.1653782808456,1006.1653782808456,12.0,12.441870967379364,3.5869286764737627,1035.3301607332392,3367500,0.9967604881849548,7.350461083693152,1.2988721777695837,18.81909897904117,18.86386904421074,0,0,0,0,0,7,7,1,1
480,1965,9,28,9,24011.375,70.59063289344587,-59.71965971749325,285,316,995.3925692939017,1005.3925692939017,10.0,11.425717757369446,4.959017486857265,916.808073265104,2640625,1.2271910130561445,9.014540000901228,-5.69825056768811,23.08600603419447,23.778850563957487,0,0,0,0,0,8,8,1,1
480,1965,9,28,12,24011.5,70.78657728098328,-59.381394591090604,286,316,997.4285323402734,1001.4285323402734,4.0,9.230652512768705,4.338722679402999,368.0769556858673,425625,2.0359630463716165,14.937600553957811,4.126028906788577,7.26267393287808,8.352876582050145,0,0,0,0,0,9,9,1,1
480,1965,9,28,15,24011.625,70.98177070235978,-59.03624346792648,287,316,998.1060796793973,1002.1060796793973,4.0,8.455927598319391,4.512015892164491,372.10858696078077,435000,0.6775473391239939,4.965212037895308,4.168841886016009,7.23483939048678,8.34997866325062,0,0,0,0,0,11,11,1,1
480,1965,9,28,18,24011.75,71.4880402119026,-58.916877433301266,289,317,999.4662332644833,1003.4662332644833,4.0,7.693060192166479,4.610118175538373,388.8408362521876,475000,1.3601535850859363,9.93761867910903,1.404726257997122,18.76486699199697,18.81737200267997,0,0,0,0,0,9,9,1,1
480,1965,9,28,21,24011.875,71.4880402119026,-58.916877433301266,289,317,,,,7.693060192166479,,0.0,0,0.0,,0.0,0.0,0.0,0,3,0,0,0,9,9,0,0
486,1965,9,27,6,24010.25,32.81907335622486,-166.3902681041878,302,597,1008.9251983375533,1012.9251983375533,4.0,7.790471120660379,14.18684250090795,629.9941581756246,1246875,,,,,,3,0,0,0,0,24,24,1,1
486,1965,9,27,9,24010.375,33.2560364906537,-166.04965718662262,301,595,1007.923133867905,1013.923133867905,6.0,10.034675836019531,20.507196805338317,362.90593190046286,413750,-1.0020644696483214,-12.659997442154655,10.55715736040389,16.196027893063548,19.333000052894597,0,0,0,0,0,23,23,1,1
486,1965,9,27,12,24010.5,33.56160074449896,-165.24435963851568,298,593,1007.5864920205371,1013.5864920205371,6.0,9.551765601387414,13.2410608580734,531.1328803890647,886250,-0.3366418473678641,-4.218854993345643,24.872313307162766,11.32573159717447,27.329547479987703,0,0,0,0,0,25,25,1,1
486,1965,9,27,15,24010.625,33.6082155343851,-164.4949558176877,295,592,1007.3159150070412,1013.3159150070412,6.0,9.410131738577936,9.47418549649432,556.9139927765607,974375,-0.27057701349593116,-3.3867667039501184,23.13349387060803,1.7277760473136965,23.197925526458835,0,0,0,0,0,23,23,1,1
486,1965,9,27,18,24010.75,33.8172271320082,-163.44910140816978,291,590,1008.6206774163138,1012.6206774163138,4.0,8.942442287875858,8.036676657165298,265.0039974024898,220625,1.304762409272662,16.242445713853538,32.20613029060939,7.7470097551874035,33.124779070096096,0,0,0,0,0,23,23,1,1
486,1965,9,27,21,24010.875,35.77065667313406,-160.5531385568778,282,579,1009.1293070722593,1013.1293070722593,4.0,10.091055458942245,17.60865895691757,276.03519522924046,239375,0.5086296559454059,6.028460379675271,87.08758768009945,72.40381817693473,113.25440748393694,0,0,0,0,0,26,26,1,1
486,1965,9,28,0,24011.0,36.786041512203745,-159.66381471246356,280,574,1010.2140048557231,1014.2140048557231,4.0,8.350889944660663,15.766094025550265,580.6974562334101,1059375,1.0846977834639255,12.549513960457375,26.39903585751943,37.6352142321167,45.97084341736527,0,0,0,0,0,25,25,1,1
486,1965,9,28,3,24011.125,37.50517717228237,-158.0337449115337,275,569,1009.9694917159123,1013.4151604056319,3.445668689719605,8.757470778134417,16.75793943769648,624.284123533731,1224375,-0.24451313981087877,-2.7824319820725663,47.92929381895945,26.654745656643243,54.84243495692443,0,0,0,1,0,22,23,2,0
486,1965,9,28,6,24011.25,38.504436410752454,-156.49628691776286,271,563,1010.5839857361769,1012.5839857361769,2.0,9.273181919792865,18.68528511417142,101.71072362820549,32500,0.614494020264683,6.838273090007924,44.59431998519992,37.03751924019275,57.969226374086176,0,0,0,2,0,22,22,1,1
486,1965,9,28,9,24011.375,39.458136175308596,-154.90374953730785,267,557,,,,8.785255950874532,,0.0,0,1.0418591441446916,,45.57379008697638,35.348858453584384,57.67592337243792,0,2,2,0,0,22,23,0,0
494,1965,9,27,15,24010.625,54.73476419211235,56.05346247922021,488,273,1008.5230651952254,1008.5230651952254,0.0,7.714310609509972,3.4551977527406414,14.104739588693906,625,,,,,,3,0,0,0,0,6,6,1,1
494,1965,9,27,18,24010.75,54.7286796729237,57.38698676237109,490,276,1007.3396017834364,1007.3396017834364,0.0,8.495783384408568,4.442365725244672,14.104739588693906,625,-1.18346341178898,-10.042879120699766,28.5411697829581,-0.22552255494999557,28.5420607700711,0,0,0,0,0,5,5,1,1
494,1965,9,27,21,24010.875,53.80516213547422,57.86079305909453,494,275,1006.4489103817342,1008.4489103817342,2.0,10.257469770375364,3.9212068900883605,186.5881662950577,109375,-0.8906914017022064,-7.646577029698973,10.370695508590668,-34.230154943885765,35.7666720958818,0,0,0,0,0,5,5,1,1
494,1965,9,28,0,24011.0,52.674712983631096,58.49573328079582,499,274,1004.2572571933802,1010.2572571933802,6.0,13.275363967066006,4.836678925600427,348.07571077095474,380625,-2.1916531883539574,-19.094699423760513,14.269572216519302,-41.900070171533436,44.26326435795134,0,0,0,0,0,6,6,1,1
494,1965,9,28,3,24011.125,51.98304619717991,59.508288643245365,503,275,1005.0986943768876,1011.0986943768876,6.0,13.621371542165546,3.5691634440376223,339.97981913709083,363125,0.8414371835073688,7.399640250749965,23.114547660715353,-25.63661252730559,34.518375040472044,0,0,0,0,0,7,7,1,1
494,1965,9,28,6,24011.25,51.394675571724626,60.78075330951538,507,277,1005.5564803587392,1011.5564803587392,6.0,13.434700921250723,4.889519678757424,330.7854642750767,343750,0.4577859818516299,4.058588029536083,29.427633132766744,-21.80794284577112,36.627475519903506,0,0,0,0,0,6,6,1,1
494,1965,9,28,9,24011.375,50.883316286575756,61.563203857633255,510,278,1005.9331126598571,1013.9331126598571,8.0,13.098598973251528,4.0640419225083315,437.01937223683166,600000,0.37663230111793383,3.3632046276747265,18.297018223005598,-18.95351940038106,26.34419809965033,0,0,0,0,0,7,7,1,1
494,1965,9,28,12,24011.5,50.78588189365038,62.015917248342056,511,279,1005.8927772697845,1013.8927772697845,8.0,12.934138708346804,7.117987559103275,410.49396584912694,529375,-0.04033539007272338,-0.36068126643076687,10.608519343643083,-3.6114033913314185,11.206378412286886,0,0,0,0,0,7,7,1,1
494,1965,9,28,15,24011.625,50.474050059748734,62.61966934353902,513,280,1008.178297683873,1016.178297683873,8.0,11.698170389924712,4.691880974627566,449.14239431273614,633750,2.2855204140885323,20.528720762550208,14.241974418514447,-11.558039298710709,18.341813099259326,0,0,0,0,0,8,8,1,1
494,1965,9,28,18,24011.75,50.26041140166157,64.24603180148756,516,284,1008.680263181121,1016.680263181121,8.0,11.323819035448373,3.764759455486492,481.21766613322467,727500,0.5019654972480203,4.52263831913372,38.53688919797477,-7.918511638147863,39.342021498907094,0,0,0,0,0,6,6,1,1
494,1965,9,28,21,24011.875,50.46576243186587,64.84297037345806,516,286,1009.3775264960842,1017.3775264960842,8.0,10.736626323870135,3.98226480401725,503.8374085273672,797500,0.697263314963202,6.263620523910629,14.083718762901166,7.611330913317149,16.008856688237035,0,0,0,0,0,6,6,1,1
494,1965,9,29,0,24012.0,50.78310100669239,65.00328109131729,515,287,1009.3095785287352,1017.3095785287352,8.0,10.596538228630623,5.5857296631022475,550.2656442413345,951250,-0.06794796734902775,-0.607618509463114,3.7568202386812724,11.762146516441288,12.347541819325704,0,0,0,0,0,7,7,1,1
494,1965,9,29,3,24012.125,50.78310100669239,65.00328109131729,515,287,1010.8964370114439,1016.8964370114439,6.0,9.804810582573321,5.014076615514568,453.55017798064495,646250,1.5868584827087762,14.190337453945956,0.0,0.0,0.0,0,0,0,0,0,6,6,1,1
494,1965,9,29,6,24012.25,50.79978878376978,67.54717766764047,518,294,1011.8607664682977,1015.8607664682977,4.0,8.151272908857496,4.688624258585478,381.3500088504252,456875,0.9643294568537385,8.621379521525945,59.59103404066786,0.6185320493268485,59.59424401678471,0,0,0,0,0,6,6,1,1
494,1965,9,29,9,24012.375,49.64546073804435,68.89250230802661,524,296,1011.5723972258635,1013.5723972258635,2.0,8.222961366820837,4.229752615671969,219.87113035631398,151875,-0.288369242434128,-2.621710722697578,32.28755541013858,-42.785140789398405,53.60088158539384,0,0,0,0,0,6,6,1,1
494,1965,9,29,12,24012.5,49.64546073804435,68.89250230802661,524,296,,,,8.222961366820837,,0.0,0,0.0,,0.0,0.0,0.0,0,3,0,0,0,6,6,0,0
501,1965,9,27,21,24010.875,41.800165203171545,-153.9876240878702,268,547,1013.5299432108413,1013.5299432108413,0.0,8.433039604207064,10.043380773142344,14.104739588693906,625,,,,,,3,0,0,0,0,24,24,1,1
501,1965,9,28,0,24011.0,42.461759167251,-152.9994843994329,266,543,1013.100475216315,1015.100475216315,2.0,8.081150095990163,12.490459427315145,135.28790949515025,57500,-0.42946799452634876,-4.407421806849303,27.019413799884482,24.521964101432566,36.48801783437044,0,0,0,0,0,23,23,1,1
501,1965,9,28,3,24011.125,43.86963175324729,-151.83492410777427,265,536,1012.4393036962222,1014.4393036962222,2.0,8.777845804270388,11.986925891709761,112.83791670955125,40000,-0.6611715200927574,-6.60981191026986,31.117757679620524,52.1827629749139,60.7565271777743,0,0,0,0,0,20,20,1,1
501,1965,9,28,6,24011.25,45.036394698045065,-150.74605751206803,264,530,1011.9540255488107,1013.9540255488107,2.0,9.749749582089855,11.807443525855561,104.60354839855006,34375,-0.48527814741144537,-4.751718010737986,28.519642716826695,43.246040019459755,51.80337824949412,0,0,0,0,0,20,20,1,1
501,1965,9,28,9,24011.375,45.760944200832164,-149.90429491767202,263,526,1011.3856261662793,1013.3856261662793,2.0,10.338023077595885,9.440042976283586,121.33355774887802,46250,-0.5683993825314974,-5.496639954327143,21.76662980527952,26.855409604254135,34.568760436156055,0,0,0,0,0,20,20,1,1
501,1965,9,28,12,24011.5,46.473175916043765,-149.03624346792648,262,522,1011.6335783544114,1013.6335783544114,2.0,9.38576944216108,7.4555492894662905,149.9354384784672,70625,0.24795218813218525,2.369296395641979,22.15814306826659,26.398851108960603,34.46567341728348,0,0,0,0,0,21,21,1,1
501,1965,9,28,15,24011.625,47.656372686092865,-147.38598512292654,260,515,1011.2308832994787,1013.2308832994787,2.0,9.550751265247255,8.2815187871315,141.04739588693906,62500,-0.4026950549327012,-3.7747038880140376,41.19967010641206,43.85515935056309,60.17215151995535,0,0,0,0,0,26,26,1,1
501,1965,9,28,18,24011.75,48.65986292326334,-145.38517698677668,257,508,1010.5486175894013,1012.5486175894013,2.0,9.772213783196703,6.152094044484475,158.95234259311306,79375,-0.6822657100774814,-6.295771723471446,48.98327443642263,37.194341103567,61.50431029320131,0,0,0,0,0,21,21,1,1
501,1965,9,28,21,24011.875,49.55455884525693,-143.74616226255523,255,502,1010.5673471357466,1014.5673471357466,4.0,9.868586223677108,6.523604599668979,260.8423626863268,213750,0.018729546345275593,0.17050986001616383,39.40921117115977,33.16188247175438,51.5053043307533,0,0,0,0,0,20,20,1,1
501,1965,9,29,0,24012.0,49.796429962648354,-143.09749235226275,254,500,1008.1924567861741,1014.1924567861741,6.0,10.782675617998468,4.884883972072784,379.78173623415614,453125,-2.3748903495723788,-21.543172293000797,15.519792675645485,8.964947051925751,17.923008685453777,0,0,0,0,0,18,18,1,1
501,1965,9,29,3,24012.125,50.07510827127521,-141.9810574068298,252,497,1007.5081140145359,1013.5081140145359,6.0,10.89961288205353,6.26393387116179,423.37720139049424,563125,-0.6843427716383303,-6.18248773445613,26.557134523755245,10.329204695064591,28.495155092495587,0,0,0,0,0,20,20,1,1
501,1965,9,29,6,24012.25,50.554238036167604,-140.1731688792066,249,492,1007.9143147226569,1011.9143147226569,4.0,10.533904870419887,4.747800961453176,379.25753759061985,451875,0.4062007081210322,3.644321365264027,42.573165340129755,17.758933020144422,46.128669058319915,0,0,0,0,0,19,19,1,1
501,1965,9,29,9,24012.375,51.50468614865966,-138.12649452483203,247,485,1007.4335686223022,1011.4335686223022,4.0,10.460425793038072,2.7956359470071037,429.905428746211,580625,-0.4807461003545905,-4.2556290698176475,47.21752609508454,35.228336049337976,58.911208028227314,0,0,0,0,0,17,17,1,1
501,1965,9,29,12,24012.5,53.224499377725174,-133.2414714395609,242,470,1004.2311096624206,1010.2311096624206,6.0,12.622602614709805,5.9649202920276005,408.0635480043464,523125,-3.2024589598816235,-27.699918229046116,108.37809348079823,63.74483528276048,125.73470154161461,0,0,0,0,0,17,17,1,1
501,1965,9,29,15,24012.625,54.16071211352389,-131.13453883014824,241,463,1003.8811622051329,1007.8811622051329,4.0,12.208848406364751,6.0395470249331265,363.4537147509613,415000,-0.3499474572877807,-2.990772412470286,45.72306468194887,34.70070216027985,57.399802911910164,0,0,0,0,0,15,15,1,1
501,1965,9,29,18,24012.75,54.82614093140913,-131.06383388731,243,461,1003.9387760519503,1005.9387760519503,2.0,11.159027377486737,4.99009629468761,249.5383166664071,195625,0.0576138468174031,0.48832472091340656,1.5096656418803727,24.664102863974808,24.710262249417838,0,0,0,0,0,12,12,1,1
501,1965,9,29,21,24012.875,55.01717074678415,-126.53440244601839,236,451,1005.128913824264,1005.128913824264,0.0,10.267792430394415,6.809077279870544,14.104739588693906,625,1.1901377723137556,10.063805480246339,96.23583992275734,7.080515435849809,96.49596149308987,0,0,0,3,0,16,16,1,1
501,1965,9,30,0,24013.0,55.01717074678415,-126.53440244601839,236,451,,,,10.267792430394415,,0.0,0,0.0,,0.0,0.0,0.0,0,3,0,0,0,16,16,0,0
503,1965,9,28,6,24011.25,35.20832010116056,-160.48558145642653,281,581,1010.4524829967248,1012.4524829967248,2.0,7.9122364747846,6.795107940682138,184.98192550829796,107500,1.0373225910929613,12.465128144535456,18.754238127229474,11.584738847235737,22.043766055088692,2,0,0,2,0,23,23,1,1
503,1965,9,28,9,24011.375,35.57410344135508,-159.31474878154114,277,578,1010.8716496279161,1014.8716496279161,4.0,8.580478646478863,5.674282571823933,549.179949706052,947500,0.41916663119118314,4.9919116900540335,35.29724639283487,13.557750560243825,37.811482424923334,0,0,2,0,0,23,23,1,2
503,1965,9,28,12,24011.5,35.988399121401926,-159.68973380572817,279,577,1008.2577036916186,1014.2577036916186,6.0,11.020880167790589,5.546731283804256,604.0386635292231,1146250,-2.6139459362973865,-30.819074286177678,-11.246021050003058,15.355859250655442,19.033533638897747,0,0,0,0,0,23,23,1,1
503,1965,9,28,15,24011.625,36.46185055500021,-159.5168315911705,279,575,1008.3368128075833,1014.3368128075833,6.0,10.978559548793092,4.693923653075981,641.8818886128071,1294375,0.07910911596467486,0.9222541385968469,5.154146542079477,17.54846580957422,18.289720578702816,0,0,0,0,0,28,28,1,1
503,1965,9,28,18,24011.75,36.28329198308688,-159.05162359388598,277,575,1007.9132434516733,1013.9132434516733,6.0,11.762816608275811,5.086992939065822,557.0925767134183,975000,-0.42356935591000366,-4.95891009920701,13.899522153140333,-6.618269101886584,15.394745921600185,0,0,0,0,0,23,23,1,1
503,1965,9,28,21,24011.875,37.81482695482684,-156.80140948635182,271,566,1007.5735922851076,1013.5735922851076,6.0,12.797690971392674,7.404732899906083,512.6447110626347,825625,-0.33965116656574534,-3.8380821035220385,65.88736940793153,56.76630627873367,86.96872412556269,0,0,0,0,0,22,22,1,1
503,1965,9,29,0,24012.0,41.22249843800426,-151.5520964881339,259,545,1009.6448044381328,1009.6448044381328,0.0,8.924792010668346,13.30129166673192,14.104739588693906,625,2.0712121530252627,21.775581759757014,146.32153015379555,126.30526020022234,193.29513429156452,0,0,0,0,0,19,19,1,1
503,1965,9,29,3,24012.125,42.489225669585004,-150.1342781300188,257,538,1009.0859912050926,1009.0859912050926,0.0,9.045096174750876,15.027666952389406,14.104739588693906,625,-0.5588132330402732,-5.731827296933765,38.75118278727723,46.95121386476231,60.877505293725854,0,0,0,0,0,21,21,1,1
503,1965,9,29,6,24012.25,43.58936429465515,-148.40181868737852,254,531,1009.5215048106419,1009.5215048106419,0.0,9.18304495162463,12.03383509139261,14.104739588693906,625,0.4355136055493494,4.376202975131432,46.50903527923477,40.7766112378401,61.85323262891805,0,0,0,0,0,20,20,1,1
503,1965,9,29,9,24012.375,45.043869271803416,-146.26926833640985,251,522,1009.0544053268453,1011.0544053268453,2.0,9.037101986577834,10.728010225614344,153.8645436249672,74375,-0.4670994837966282,-4.573121447538117,55.84736432056297,53.91119141271577,77.62309360681374,0,0,0,0,0,19,19,1,1
503,1965,9,29,12,24012.5,47.484252604249264,-142.23347959749864,246,506,1008.9839192669615,1008.9839192669615,0.0,8.1064930770148,12.009185366976745,14.104739588693906,625,-0.07048605988384224,-0.6625251594402178,101.0780660219469,90.45274854530626,135.64097887488668,0,0,0,0,0,21,21,1,1
503,1965,9,29,15,24012.625,48.73981853797835,-139.2779375553471,242,496,1007.7894146272135,1007.7894146272135,0.0,8.91495643761205,9.150846567015032,14.104739588693906,625,-1.1945046397479018,-11.00907512322808,72.23952558419265,46.53752063280453,85.93189095602361,0,0,0,0,0,19,19,1,1
503,1965,9,29,18,24012.75,49.835949067772894,-137.53968045034068,241,489,1006.1120278435637,1006.1120278435637,0.0,10.249981672001594,7.0559360386675705,14.104739588693906,625,-1.677386783649854,-15.207096954288495,41.55402809130722,40.628051284455275,58.11519424200075,0,0,0,0,0,16,16,1,1
503,1965,9,29,21,24012.875,51.05920828226392,-135.0,239,480,1005.7475862715153,1005.7475862715153,0.0,9.832972689214376,7.299174328032461,14.104739588693906,625,-0.3644415720483812,-3.2462569728381077,59.161379243648845,45.34007287420323,74.5371786576934,0,0,0,0,0,17,17,1,1
503,1965,9,30,0,24013.0,51.05920828226392,-135.0,239,480,,,,9.832972689214376,,0.0,0,0.0,,0.0,0.0,0.0,0,3,0,0,0,17,17,0,0
504,1965,9,28,6,24011.25,23.57868547105804,-90.51247094459812,80,362,1005.608691863315,1011.608691863315,6.0,8.455771606489135,1.327130885349834,939.9515295156893,2775625,,,,,,3,0,0,0,0,11,11,1,1
504,1965,9,28,9,24011.375,24.110417325252936,-90.92903931942206,82,364,1004.7921531361665,1008.7921531361665,4.0,8.316924147390978,0.884194286835409,591.0542277039478,1097500,-0.8165387271485816,-13.8487045211807,-14.093096195970597,19.7086281739257,24.229019478446478,0,0,0,0,0,12,12,1,1
504,1965,9,28,12,24011.5,24.38874093385597,-89.89639110838966,83,359,1004.025872542899,1008.025872542899,4.0,9.391050668402299,1.5283782986964798,522.4468656261615,857500,-0.7662805932674382,-12.856915172444571,34.85951658255287,10.31605774735428,36.35391235913993,0,0,0,0,0,14,14,1,1
504,1965,9,28,15,24011.625,27.051900460807563,-89.67751308924717,93,358,1005.6258800811827,1011.6258800811827,6.0,9.276504852033005,0.6058219865060528,776.5296456925637,1894375,1.6000075382836803,24.373879387474734,7.2251359937319135,98.70994274738005,98.97401369712644,0,0,0,0,0,15,15,1,1
504,1965,9,28,18,24011.75,25.99198914156276,-89.8940929496132,89,359,1004.4667594020997,1012.4667594020997,8.0,9.118557474608428,1.5469587249693724,2034.4589548043487,13003125,-1.1591206790829893,-18.32448720496839,-7.215584801144469,-39.28558713105435,39.942734261116506,0,0,0,0,0,13,13,1,1
504,1965,9,28,21,24011.875,27.317155636515192,-89.89209847122721,94,359,1003.0694497700929,1009.0694497700929,6.0,8.493102665682091,1.882757065106634,1290.6414773807442,5233125,-1.3973096320067997,-21.09504445777067,0.06568113383975764,49.11726373268743,49.117307648096045,0,0,0,0,0,12,12,1,1
504,1965,9,29,0,24012.0,27.314171803151016,-89.46050766260566,94,357,1002.254889702111,1010.254889702111,8.0,9.09767260713604,1.553434626381786,1685.324569082685,8923125,-0.8145600679819472,-12.298572299262078,14.213301197998915,-0.11059571068310661,14.213731471934416,0,0,0,0,0,12,12,1,1
504,1965,9,29,3,24012.125,27.317155636515192,-89.89209847122721,94,359,1003.4443899853103,1009.4443899853103,6.0,9.072503347272418,1.7044457010985934,669.9380116989519,1410000,1.1895002831993042,17.95776739947214,-14.212918901628068,0.11059571068310661,14.213349187136645,0,0,0,0,0,12,12,1,1
504,1965,9,29,6,24012.25,27.843547114422098,-90.326158409613,96,361,1003.0285398390092,1009.0285398390092,6.0,8.791457324331349,2.201908200403632,713.3708225995337,1598750,-0.41585014630109074,-6.168589876248632,-14.22579670246622,19.51068725739307,24.146225565824963,0,0,0,0,0,11,11,1,1
504,1965,9,29,9,24012.375,27.580042261399047,-90.32492532302147,95,361,1001.9294710384779,1007.9294710384779,6.0,8.690728236573609,2.0457541860319908,769.4520051971083,1860000,-1.0990688005312403,-16.446610371326972,0.040510709102773296,-9.766800934127808,9.766884948868388,0,0,0,0,0,11,11,1,1
504,1965,9,29,12,24012.5,27.84154851671012,-90.5435869111068,96,362,1003.3144959576566,1007.3144959576566,4.0,7.849576610292503,2.2713225113043154,562.9540660051551,995625,1.385024919178686,20.546379554565643,-7.166507541107468,9.692722958802786,12.05436471544033,0,0,0,0,0,12,12,1,1
504,1965,9,29,15,24012.625,28.37044330739417,-90.10955202617652,98,360,1004.2710093613006,1008.2710093613006,4.0,7.883427100488262,1.941731744573626,520.1570947860099,850000,0.9565134036439121,13.946406777213047,14.155277369904708,19.603472484267325,24.179909240118388,0,0,0,0,0,10,10,1,1
504,1965,9,29,18,24012.75,28.37044330739417,-90.10955202617652,98,360,,,,7.883427100488262,,0.0,0,0.0,,0.0,0.0,0.0,0,3,0,0,0,10,10,0,0
507,1965,9,28,9,24011.375,44.86847046428713,-14.922007459136411,309,170,997.1228889752217,999.1228889752217,2.0,12.248038605423805,5.2672787206167415,233.90064490684722,171875,,,,,,3,0,0,0,0,1,1,1,1
507,1965,9,28,12,24011.5,44.27404150003989,-12.951358378457572,315,166,996.2926506825638,1002.2926506825638,6.0,13.115438988166114,6.102271459615004,582.4079089990124,1065625,-0.8302382926578866,-8.239699325338197,52.29752223039076,-22.03249502495739,56.74911160946036,0,0,0,0,0,0,0,1,1
507,1965,9,28,15,24011.625,44.29371886516848,-11.479781125242072,320,165,995.3188337963765,1003.3188337963765,8.0,13.605738418157207,7.689908041053277,633.6152964925216,1261250,-0.9738168861874147,-9.661242369852403,39.04037909738181,0.7293410573438196,39.0471911722881,0,0,0,0,0,0,0,1,1
507,1965,9,28,18,24011.75,44.521713087721174,-10.058386632583002,325,165,993.5611065575242,1003.5611065575242,10.0,15.04082092120472,9.569118030134778,647.2830815720542,1316250,-1.7577272388522396,-17.36772302399568,37.56238231116478,8.450600284043222,38.50123647431049,0,0,0,0,0,0,0,1,1
507,1965,9,28,21,24011.875,44.441507053310076,-8.867248263776059,329,164,993.8245735254234,1003.8245735254234,10.0,15.764196615468427,10.023512965829433,598.0808763027245,1123750,0.2634669678991486,2.6069735696999756,31.520957730875566,-2.9728347042640615,31.66083578256457,0,0,0,0,0,0,0,1,1
507,1965,9,29,0,24012.0,44.47851170998123,-8.58091821144348,330,164,994.3945143871782,1004.3945143871782,10.0,14.626495996443923,10.239585328360263,629.6782924459793,1245625,0.5699408617548761,5.635785061269225,7.572381446308382,1.37157669468499,7.69559506456768,0,0,0,1,0,1,1,1,2
507,1965,9,29,3,24012.125,44.54888441792529,-8.006974077696624,332,164,995.4313256097038,1003.4313256097038,8.0,13.072545147262614,9.165835004539549,542.98667762454,926250,1.0368112225255754,10.23957114048995,15.160379137446299,2.6083626992064666,15.38312879624066,0,0,0,0,0,1,1,1,2
507,1965,9,29,6,24012.25,44.96170184916658,-2.782005537252134,350,164,995.6495817344908,1003.6495817344908,8.0,12.355424043788902,9.185480818977812,567.8800079593866,1013125,0.2182561247870035,2.139895401582945,137.00844109339727,15.301067994823425,137.86020315023882,0,0,1,0,0,0,0,1,1
507,1965,9,29,9,24012.375,45.20480651896317,-2.796286263845413,350,165,996.4876734633907,1004.4876734633907,8.0,12.570946565058389,6.613721949669415,550.6270667067326,952500,0.8380917288998898,8.182392355932606,-0.3729417936554253,9.01066864166058,9.01838316724568,0,0,0,0,0,0,0,1,1
507,1965,9,29,12,24012.5,45.45897857313462,-2.5152518570387725,351,166,996.8999951063261,1002.8999951063261,6.0,11.827957788580978,5.574352723349511,462.0244229713453,670625,0.41232164293542156,4.007933180430854,7.306358467659645,9.420880972897224,11.922075002424652,0,0,0,0,0,0,0,1,1
507,1965,9,29,15,24012.625,45.45897857313462,-2.5152518570387725,351,166,997.8306660608812,1001.8306660608812,4.0,10.863853211455876,5.457828444063707,373.70906138751593,438750,0.9306709545550984,9.046498195606102,0.0,0.0,0.0,0,0,0,0,0,0,0,1,1
507,1965,9,29,18,24012.75,45.72815355518607,-1.6365770416167182,354,167,999.3297791930435,1001.3297791930435,2.0,9.70931766529577,3.610389023279131,272.7726817250237,233750,1.4991131321623106,14.505084831941499,22.734461073588104,9.976964127920331,24.827314263051125,0,0,0,0,0,0,0,1,1
507,1965,9,29,21,24012.875,45.734457972688055,-1.3391379629296054,355,167,1001.264410042581,1001.264410042581,0.0,9.176806518607858,3.843278785519287,14.104739588693906,625,1.9346308495374978,18.71704959635328,7.694978691561161,0.23367308055654698,7.698525844092303,0,0,0,3,0,0,0,1,1
507,1965,9,30,0,24013.0,48.14448709612151,1.7261996488176585,365,177,,,,11.048646972021327,,0.0,0,-1.854993272946449,,75.80620641223891,89.32767053047779,117.15807122437857,0,3,3,0,0,1,1,0,0
511,1965,9,28,15,24011.625,48.2659111670477,15.448311832446844,408,184,1000.7958485511415,1002.7958485511415,2.0,8.204572117286567,10.679912643184506,162.6637921881437,83125,,,,,,3,0,0,0,0,3,3,1,1
511,1965,9,28,18,24011.75,51.028449421900675,16.52225699164047,408,196,1000.4801600476256,1002.4801600476256,2.0,8.538306160019983,7.369687404336292,160.81877456451716,81250,-0.31568850351584843,-2.8132106643225026,25.03498593311223,102.3934128670545,105.40949444539713,0,0,0,0,0,3,3,1,1
511,1965,9,28,21,24011.875,52.62112471918955,17.218425920979566,408,203,1000.6664868342441,1002.6664868342441,2.0,9.128750965481425,5.385500852209007,166.29242725457107,86875,0.18632678661844693,1.6245246602318872,15.664793284742967,59.03247095021249,61.075513711645605,0,0,0,0,0,3,3,1,1
511,1965,9,29,0,24012.0,54.64814506961229,18.20156608307011,408,212,1000.4430204755065,1000.4430204755065,0.0,9.133124745703787,3.2756342970098196,14.104739588693906,625,-0.2234663587376417,-1.8982261609392672,21.08390527967243,75.1314597240947,78.03375745224282,0,0,0,0,0,4,4,1,1
511,1965,9,29,3,24012.125,56.13563494699738,18.191656104657163,406,218,998.8909244725696,1000.8909244725696,2.0,10.236364158687913,3.4203763794907722,173.32194179790176,94375,-1.552096002936887,-12.950105170240445,-0.20467743365800314,55.13377593345289,55.13415585217604,0,0,0,0,0,4,4,1,1
511,1965,9,29,6,24012.25,57.2435110116027,17.555477425911207,403,222,998.0892414550922,1000.0892414550922,2.0,10.723588255283701,4.36515405209997,155.79194081053757,76250,-0.8016830174774805,-6.6044826249356525,-12.75834904103682,41.063399245017045,42.99974683423836,0,0,0,0,0,3,3,1,1
511,1965,9,29,9,24012.375,58.27513236240039,17.26845387492286,401,226,998.1882378504041,1002.1882378504041,4.0,10.955371771005584,5.652637767974301,241.84590462993484,183750,0.09899639531198773,0.806349498702735,-5.594164879026827,38.2370201423033,38.644073155616574,0,0,0,0,0,3,3,1,1
511,1965,9,29,12,24012.5,58.41057988213428,16.4824397735224,399,226,998.920784699955,1000.920784699955,2.0,10.421748100008484,4.522248971787994,169.8435557664936,90625,0.7325468495508539,5.958079817185746,-15.260923289425673,5.020359006998888,16.065484250556835,0,0,0,0,0,4,4,1,1
511,1965,9,29,15,24012.625,58.83532100788926,13.682258160256879,392,226,998.6015575148564,1002.6015575148564,4.0,10.440978445136933,8.5988044563296,270.9431997691338,230625,-0.3192271850985708,-2.5846834234028773,-53.70667826659011,15.743019440417806,55.96650740873862,0,0,0,0,0,4,4,1,1
511,1965,9,29,18,24012.75,59.06158577495507,13.781597235653626,392,227,,,,10.153403095460341,,0.0,0,1.1619552681226923,,1.8929767276810152,8.386498058710178,8.5974828048849,0,2,2,0,0,4,3,0,0
