sid,year,month,day,hour,time,lat,lon,x,y,p_cent,p_edge,depth,p_grad,DsqP,radius,area,Dp,DpDt,u,v,uv,Ege,Ely,Emg,Esp,Erg,id,pid,type,centers
1,1977,1,27,21,28150.875,67.07513332405003,8.767581244552986,375,259,983.5547784747569,991.5547784747569,8.0,24.267143157098065,4.181596557907614,384.98446819881906,465625,-0.08925077774518286,-0.67137512631159,1.2280314834600865,8.381553814747543,8.471039232224005,2,0,0,2,0,7,7,1,1
1,1977,1,28,0,28151.0,67.16978902639568,7.089930144155214,372,259,982.8668161760671,1000.8668161760671,18.0,25.7459373590105,2.9249071235366864,959.4333755439976,2891875,-0.6879622986898175,-5.1714833830121485,-24.126021840258726,3.508411292937838,24.379784240986524,0,0,2,0,0,8,8,1,2
1,1977,1,28,3,28151.125,67.22178137857671,5.96448710125312,370,259,983.1471272335729,993.1471272335729,10.0,26.02512733810326,2.769069976923347,437.24692724951115,600625,0.2803110575057508,2.106323280764035,-16.150185393597408,1.9270952622823518,16.26475282312886,0,0,0,2,0,8,8,1,1
1,1977,1,28,6,28151.25,67.05489783700902,4.225998177958452,367,258,982.8918296350307,992.8918296350307,10.0,26.413765002246624,4.87993921351801,436.3359951616183,598125,-0.2552975985420926,-1.92072358424958,-25.119900115170797,-6.185534387600838,25.87025739060882,0,0,0,0,0,7,7,1,1
1,1977,1,28,9,28151.375,67.07063509515186,3.664184320740717,366,258,982.950153978809,992.950153978809,10.0,26.797090116565087,4.685268893376924,439.74226071262797,607500,0.0583243437782221,0.4387503951844261,-8.112770684021262,0.5833010882597771,8.133713071597734,0,0,0,0,0,8,8,1,1
1,1977,1,28,12,28151.5,67.09538565416925,2.5385445983987927,364,258,981.5356930667847,995.5356930667847,14.0,28.896266267915742,6.30936640725733,521.303237405458,853750,-1.414460912024224,-10.638473019700129,-16.23782866696679,0.9173788647833004,16.26372232298989,0,0,0,0,0,10,10,1,1
1,1977,1,28,15,28151.625,66.88245412317008,1.3971810272963765,362,257,982.393175874889,994.393175874889,12.0,28.11949116230304,5.7976654262751985,474.55689276948857,707500,0.8574828081042506,6.4595049638351405,-16.609353113311062,-7.8923019899218225,18.38910116190511,0,0,0,0,0,11,11,1,1
1,1977,1,28,18,28151.75,66.66029193798641,0.27678905217775984,360,256,982.7286691426237,994.7286691426237,12.0,27.79980370120309,5.021509321838166,484.5137160706037,737500,0.33549326773470967,2.5315142008276568,-16.452145102061756,-8.234435961564449,18.39779916360651,0,0,0,0,0,10,10,1,1
1,1977,1,28,21,28151.875,66.43133270063538,-0.27414039373322086,359,255,983.3463511156339,995.3463511156339,12.0,27.15868064229595,4.217610433511072,500.2710745306043,786250,0.6176819730101851,4.66889863587372,-8.164941253992488,-8.486368533947473,11.77644753629558,0,0,0,0,0,9,9,1,1
1,1977,1,29,0,28152.0,65.97095423117537,-0.8069294551023746,358,253,982.9562036283035,996.9562036283035,14.0,27.43285323838902,5.255477577433921,539.1258803114296,913125,-0.39014748733039595,-2.9594932940058976,-8.041279724849467,-17.063916713446336,18.86370677297302,0,0,0,0,0,7,7,1,1
1,1977,1,29,3,28152.125,65.97095423117537,-0.8069294551023746,358,253,983.2036364225427,997.2036364225427,14.0,27.176648655347336,4.759138492362253,550.9882520959865,953750,0.2474327942391392,1.8769201879999462,0.0,0.0,0.0,0,0,0,0,0,5,5,1,1
1,1977,1,29,6,28152.25,65.5081195284932,-1.3199456939217793,357,251,983.4064496713042,997.4064496713042,14.0,26.21827840876407,3.858447867732975,571.8945777447492,1027500,0.20281324876166765,1.5440664606277232,-7.882890866650518,-17.154956937767015,18.87942043475283,0,0,0,0,0,5,5,1,1
1,1977,1,29,9,28152.375,65.27869308585437,-1.3078956016637842,357,250,984.4443174494232,1002.4443174494232,18.0,25.128665851120964,4.348972629256895,746.0860630409229,1748750,1.0378677781189618,7.916042671747329,0.18678551892476603,-8.503685486515176,8.505736633804789,0,0,0,0,0,3,3,1,1
1,1977,1,29,12,28152.5,65.50177820076043,-1.8476102659945959,356,251,986.3308718300163,1004.3308718300163,18.0,23.647893164722827,3.7087338145112154,829.7855581722981,2163125,1.886554380593152,14.363520423364246,-8.295145118391426,8.26864432915737,11.712382830887975,0,0,0,0,0,3,3,1,1
1,1977,1,29,15,28152.625,65.25355644076808,-2.8754536839852465,354,250,986.708284383383,1004.708284383383,18.0,23.211840373989883,3.962333390726781,873.3556347604956,2396250,0.3774125533665938,2.879189240898086,-15.947352393417386,-9.200333464644443,18.41097999076887,0,0,0,0,0,4,4,1,1
1,1977,1,29,18,28152.75,65.01178466913203,-3.366460663429801,353,249,987.2971775448079,1005.2971775448079,18.0,22.649970826015327,4.371270678798319,895.1788304398697,2517500,0.5888931614249304,4.5013188370348765,-7.687886072170576,-8.961264803931527,11.807110533270038,0,0,0,0,0,6,6,1,1
1,1977,1,29,21,28152.875,64.76805936329313,-3.8481794609250515,352,248,988.143629339137,1006.143629339137,18.0,22.14980420043751,4.12782925668078,922.324872713612,2672500,0.8464517943290412,6.482929231544892,-7.611231456608348,-9.033672501393076,11.812623889233496,0,0,0,0,0,6,6,1,2
1,1977,1,30,0,28153.0,64.29311904548163,-4.282878465246133,351,246,989.5243927437328,1003.5243927437328,14.0,20.792050466047208,3.5196899013183427,789.9913421038832,1960625,1.3807634045959276,10.617030799848521,-6.988891906408555,-17.60365126653132,18.940252057275075,0,0,0,0,0,6,6,1,2
1,1977,1,30,3,28153.125,64.04565373217342,-4.742934868529363,350,245,989.4276610079049,1003.4276610079049,14.0,21.0623351021543,3.0942772821600375,769.1934093218174,1858750,-0.09673173582792514,-0.7453509408322913,-7.462865106088445,-9.172295786793025,11.824777612796513,0,0,0,0,0,5,5,1,2
1,1977,1,30,6,28153.25,63.33749565782969,-5.106484572328378,349,242,988.4973397907623,1002.4973397907623,14.0,21.790216945162342,3.513115267652174,710.856486442072,1587500,-0.9303212171426276,-7.21238128342037,-6.0466684980706615,-26.247861709800762,26.93533820582888,0,0,1,0,0,3,3,1,1
1,1977,1,30,9,28153.375,63.10785470157933,-5.063616853030085,349,241,988.6089812142754,1002.3604738569117,13.751492642636295,22.277971591165254,3.7719972033462543,667.2600342442047,1398750,0.1116414235130651,0.8672604052515841,0.7186751501070193,-8.511636428281973,8.541923007065684,0,0,0,1,0,5,6,2,0
1,1977,1,30,12,28153.5,64.36596666498842,-0.25240268228915086,359,246,988.8530009186201,1004.8530009186201,16.0,21.51014428406525,7.44209177851786,760.0871288369381,1815000,0.2440197043446824,1.875181510656742,77.12987506095014,46.63188916063863,90.13074233361148,0,0,1,0,0,4,4,1,1
1,1977,1,30,15,28153.625,65.27869308585437,-1.3078956016637842,357,250,987.8198787317675,1003.8198787317675,16.0,24.07511756054568,11.726314151261104,689.2586634416049,1492500,-1.0331221868525609,-7.8798470177733835,-16.36074550805072,33.83018247158014,37.57865404241628,0,0,0,0,0,6,6,1,1
1,1977,1,30,18,28153.75,65.4827634088188,-2.901910468883643,354,251,987.2756733606506,1005.2756733606506,18.0,25.71355733620915,14.23011552308635,735.0721269351633,1697500,-0.5442053711169865,-4.144003359130495,-24.516474791167596,7.563861530786873,25.656763970596014,0,0,0,0,0,6,6,1,1
1,1977,1,30,21,28153.875,65.43844902398277,-4.479460452350279,351,251,987.657847370638,1005.657847370638,18.0,26.52157859770449,16.417501552143438,702.2687376681456,1549375,0.38217400998750234,2.9111982424523477,-24.30439131036646,-1.6425115903803669,24.359829254162488,0,0,0,0,0,4,4,1,1
1,1977,1,31,0,28154.0,65.14699023019789,-5.995386804075463,348,250,987.3354753300333,1007.3354753300333,20.0,27.375705970604585,16.67631801175303,749.6771923923359,1765625,-0.3223720406046777,-2.461412884582421,-23.614691729846545,-10.802913064940538,25.968376849243885,0,0,0,0,0,4,4,1,1
1,1977,1,31,3,28154.125,64.83805998542535,-7.475737385548222,345,249,987.9432342508513,1007.9432342508513,20.0,27.06329804276799,15.140626498655696,777.4258140758335,1898750,0.6077589208180143,4.652118282567877,-23.32863534466444,-11.450491968589231,25.987285225029826,0,0,0,0,0,3,3,1,1
1,1977,1,31,6,28154.25,64.15402670022519,-7.280289083993713,345,246,988.069440810857,1010.069440810857,22.0,26.744136435735726,11.459284092933013,889.9408888016351,2488125,0.12620656000566668,0.9715717380782187,3.1581698216810516,-25.353676990089497,25.54961787464483,0,0,0,0,0,4,4,1,1
1,1977,1,31,9,28154.375,63.46869988444592,-7.094749167611034,345,243,988.9688284641342,1010.9688284641342,22.0,25.723205429603023,9.414798958031533,917.2419625810475,2643125,0.8993876532770809,6.964576712650172,3.071877451889883,-25.401621669375128,25.58669213699765,0,0,0,0,0,5,5,1,1
1,1977,1,31,12,28154.5,63.267243100843565,-6.554180590392759,346,242,989.9269004533506,1011.9269004533506,22.0,24.861513154777395,9.506389762780527,936.452741165481,2755000,0.9580719892165507,7.432102484107146,9.012833263601227,-7.466990758237254,11.704149453124618,0,0,0,0,0,5,5,1,1
1,1977,1,31,15,28154.625,63.06330415569804,-6.021590139043345,347,241,990.1000306223972,1012.1000306223972,22.0,24.21827210726207,9.997135674432066,974.963023717487,2986250,0.17313016904648976,1.345452382959957,8.942513294524392,-7.558992015141727,11.709265745883553,0,0,0,0,0,5,5,1,1
1,1977,1,31,18,28154.75,63.316011515436664,-5.589868959827794,348,242,989.9156818848111,1009.9156818848111,20.0,24.306627283914924,9.88792611450699,843.8124357091252,2236875,-0.18434873758611503,-1.4294459158583046,7.185874744916477,9.366592109558773,11.805500565265206,0,0,0,0,0,4,4,1,1
1,1977,1,31,21,28154.875,63.316011515436664,-5.589868959827794,348,242,990.7310830842953,1008.7310830842953,18.0,22.994144568491897,9.90063040153589,773.9634468514137,1881875,0.8154011994841858,6.322646575456788,0.0,0.0,0.0,0,0,0,0,0,3,3,1,1
1,1977,2,1,0,28155.0,63.316011515436664,-5.589868959827794,348,242,992.4902114719297,1006.4902114719297,14.0,20.550454219202077,7.40634608584296,631.7285966322306,1253750,1.7591283876344095,13.640336907649143,0.0,0.0,0.0,0,0,0,0,0,4,4,1,1
1,1977,2,1,3,28155.125,63.29259243558195,-6.0724564072077,347,242,992.5731766158076,1002.5731766158076,10.0,19.15401561501505,7.858484892285123,434.96602005270546,594375,0.08296514387795469,0.6434465760557359,-8.039057179718753,-0.8680276221760138,8.085784581081057,0,0,0,0,0,4,4,1,1
1,1977,2,1,6,28155.25,63.29259243558195,-6.0724564072077,347,242,991.942611152173,1001.942611152173,10.0,18.18864648139666,7.084343972815549,452.4522577598109,643125,-0.6305654636347026,-4.890429517624908,0.0,0.0,0.0,0,0,0,0,0,4,4,1,1
1,1977,2,1,9,28155.375,63.06330415569804,-6.021590139043345,347,241,992.3156007189966,1000.3156007189966,8.0,16.757213888501145,6.390753409834652,372.37581039698836,435625,0.37298956682367135,2.8986265320826567,0.8540775897488279,-8.49856448738276,8.541372657571765,0,0,0,0,0,4,4,1,1
1,1977,2,1,12,28155.5,63.29259243558195,-6.0724564072077,347,242,991.7754397826392,999.7754397826392,8.0,15.94102971855074,6.943643357544134,376.6256006044354,445625,-0.5401609363574243,-4.18928587081736,-0.8473444437451044,8.49856448738276,8.540702017548037,0,0,0,0,0,6,6,1,1
1,1977,2,1,15,28155.625,63.545348792173684,-5.637542884459888,348,243,990.6394587041609,996.6394587041609,6.0,16.440622673068965,7.314701467991252,274.22747967867946,236250,-1.1359810784782167,-8.790818657771243,7.181300754984036,9.368408176721278,11.804158263052575,0,0,0,0,0,4,4,1,1
1,1977,2,1,18,28155.75,63.79638286990217,-5.194428907734806,349,244,990.2696361903762,994.2696361903762,4.0,16.452462954388796,6.9376690968684125,199.47114020071635,125000,-0.36982251378474756,-2.8556826235630326,7.252211741142182,9.304571952767727,11.797018028408381,0,0,0,0,0,5,5,1,1
1,1977,2,1,21,28155.875,64.00362168664412,-5.735364333324646,348,245,990.0917763630733,994.0917763630733,4.0,16.220763823929882,6.395133391033159,202.93186424272537,129375,-0.17785982730289107,-1.3709603983606404,-8.788070074447122,7.68130167517529,11.67187093222178,0,0,0,0,0,5,5,1,1
1,1977,2,2,0,28156.0,64.43697533174357,-6.34019174590991,347,247,989.0458974729597,993.0458974729597,4.0,16.965793492189103,6.692585470826816,199.96919625742038,125625,-1.0458788901135267,-8.032337537369193,-9.6733752731496,16.062242259328528,18.750195080919593,0,0,0,0,0,8,8,1,1
1,1977,2,2,3,28156.125,64.41057934128087,-6.84277341263094,346,247,988.9309825416007,990.9309825416007,2.0,16.267081088334788,5.751683618330644,133.06384715231013,55625,-0.11491493135908967,-0.8827399345095129,-8.045846837493167,-0.9783667410700018,8.105112757539572,0,0,0,0,0,7,7,1,1
1,1977,2,2,6,28156.25,64.61019212393333,-7.409438731638323,345,248,987.9864662062374,989.9864662062374,2.0,16.12174407503245,5.255059681187122,137.4759960580849,59375,-0.944516335363296,-7.243432859724162,-9.005706547399924,7.398642908119107,11.655156253767815,0,0,0,0,0,10,10,1,1
1,1977,2,2,9,28156.375,64.57954481433019,-7.914164509047649,344,248,987.9474404219006,989.9474404219006,2.0,15.475659757421882,4.316542452856229,148.60265258063356,69375,-0.03902578433669987,-0.29936218266487236,-8.03037927222294,-1.1359417810581995,8.1103239753848,0,0,0,0,0,7,7,1,1
1,1977,2,2,12,28156.5,64.77422862111649,-8.492729028118493,343,249,987.1886539442286,989.1886539442286,2.0,15.245826944296732,3.9111836545833647,157.06373285785546,77500,-0.7587864776721108,-5.811210406341665,-9.139310322021174,7.215950538162056,11.644609711424597,0,0,0,0,0,7,7,1,1
1,1977,2,2,15,28156.625,64.96617688391527,-9.080072864026718,342,250,987.2467349762351,987.2467349762351,0.0,14.327985325245104,3.4310884830615396,14.104739588693906,625,0.05808103200644837,0.4441185092193885,-9.211963439910306,7.114557667153212,11.639467394064587,0,0,0,0,0,5,5,1,1
1,1977,2,2,18,28156.75,64.8896468292201,-10.097504384075283,340,250,986.1628356174848,986.1628356174848,0.0,13.271117387172199,2.8068656089202704,14.104739588693906,625,-1.0838993587502046,-8.293252660519427,-16.003014133058706,-2.8365846059775017,16.252466691851584,0,0,0,0,0,5,5,1,1
1,1977,2,2,21,28156.875,64.8896468292201,-10.097504384075283,340,250,,,,13.271117387172199,,0.0,0,0.0,,0.0,0.0,0.0,0,3,0,0,0,5,5,0,0
3,1977,1,27,12,28150.5,48.6904977435174,-98.13010235415598,181,385,998.7625747234865,1000.7625747234865,2.0,8.824938730014546,9.120515782254007,161.43612337794121,81875,,,,,,3,0,0,0,0,10,10,1,1
3,1977,1,27,15,28150.625,47.11322135183639,-96.91583919174379,174,382,999.0157973691847,1001.0157973691847,2.0,9.341166833219065,5.535141183988889,194.93137937025432,119375,0.25322264569826075,2.3944015943561188,30.629038884800547,-58.461710890388105,65.99931562704228,0,0,0,0,0,9,9,1,1
3,1977,1,27,18,28150.75,46.542217296198665,-95.0025298852914,171,376,998.5401187256028,1000.5401187256028,2.0,8.894743623791888,7.280926265673917,243.48555665938588,186250,-0.4756786435819231,-4.540133455535654,48.77676712746061,-21.16425136012726,53.17046686875309,0,0,2,0,0,9,9,1,2
3,1977,1,27,21,28150.875,44.70598251825614,-93.05869757409583,163,370,997.2835454174015,997.2835454174015,0.0,8.98742986277053,5.241043822108695,14.104739588693906,625,-1.2565733082013322,-12.3755222788892,51.20524233056659,-68.0599971451689,85.17123959138112,0,0,0,2,0,10,10,1,1
3,1977,1,28,0,28151.0,44.51183570275275,-91.59516639581119,162,365,996.9203683064205,996.9203683064205,0.0,9.787817839928975,7.3080121796522155,14.104739588693906,625,-0.3631771109809051,-3.5891037620431088,38.68243180709713,-7.196046969391314,39.346075058338485,0,0,0,0,0,12,12,1,1
3,1977,1,28,3,28151.125,44.28633909144919,-89.85567844247734,161,359,996.5063503609714,998.5063503609714,2.0,11.340869916032437,6.246930038476421,189.234939151512,112500,-0.41401794544915904,-4.108016540839389,46.15350024540324,-8.358026384165244,46.90418094307627,0,0,0,0,0,12,12,1,1
3,1977,1,28,6,28151.25,44.00780509729395,-87.84703721089954,160,352,994.9092286985133,996.9092286985133,2.0,13.055276499580417,6.858675082385527,153.21669003752353,73750,-1.5971216624580848,-15.926710663735323,53.54665006860404,-10.323855682702895,54.53279499280052,0,0,0,0,0,11,11,1,1
3,1977,1,28,9,28151.375,43.94662738844503,-86.41472573125198,160,347,992.3042527502027,996.3042527502027,4.0,15.694555082563129,10.036242673055385,255.05799926450496,204375,-2.6049759483106025,-26.00592977447748,38.22259306324192,-2.2675502825792027,38.28979504727356,0,0,0,0,0,11,11,1,1
3,1977,1,28,12,28151.5,43.27287173021536,-83.90959753589961,158,338,989.0455824912397,993.0455824912397,4.0,18.39746816205229,9.744780891497285,211.1004122822376,140000,-3.258670258963102,-32.935953749605076,67.60314407438054,-24.972736997735016,72.06818078666545,0,0,0,0,0,13,13,1,1
3,1977,1,28,15,28151.625,43.99556458109187,-81.50470286361524,162,330,985.945952675381,991.945952675381,6.0,21.355613423583158,10.780013182784169,238.53279052439012,178750,-3.099629815858643,-30.91676126226851,64.12257427057503,26.786592846586945,69.49263333198876,0,0,0,0,0,13,13,1,1
3,1977,1,28,18,28151.75,44.56371041766576,-80.22745794390671,165,326,984.0048289472616,990.0048289472616,6.0,21.35869635189916,11.759244809111479,260.46073503106066,213125,-1.941123728119419,-19.165544550403308,33.72876495044583,21.058311540415037,39.762822711869944,0,0,0,0,0,12,12,1,1
3,1977,1,28,21,28151.875,45.2485491434567,-78.28576934060821,169,320,982.4771975827408,988.4771975827408,6.0,20.79137941481714,13.604004549307284,271.67647093347347,231875,-1.5276313645207846,-14.90315993952027,50.66705403890806,25.3835306258925,56.66986846656036,0,0,0,0,0,12,12,1,1
3,1977,1,29,0,28152.0,46.224575766788575,-76.80252724389051,174,316,984.5596950646142,988.5596950646142,4.0,17.809328863934102,10.257243642040702,172.1702882348331,93125,2.0824974818734336,19.98175345633709,38.03391596932487,36.17640292817453,52.49105535977821,0,0,0,0,0,11,11,1,1
3,1977,1,29,3,28152.125,47.459523620616885,-75.47662298960665,180,313,983.9384152420721,991.9384152420721,8.0,17.243478485607955,8.356077730334365,473.08734787878007,703125,-0.6212798225421284,-5.841956496132098,33.226802454477905,45.77331200543152,56.56161678466662,0,0,2,0,0,11,11,1,2
3,1977,1,29,6,28152.25,48.2659111670477,-74.55168816755317,184,311,982.5351627721865,990.2357317349718,7.700568962785328,17.371007624613753,8.412199594211051,501.0657868259067,788750,-1.4032524698856286,-13.027965280293376,22.820970818305,29.888734690820094,37.604962046359795,0,0,0,0,0,11,9,2,0
3,1977,1,29,9,28152.375,49.35570080056067,-73.81079374297306,189,310,980.391641278574,990.0477373778135,9.656096099239512,17.35862981510111,5.6525201723923235,588.186243927897,1086875,-2.1435214936124978,-19.57219339252113,17.887106730673917,40.39302611882489,44.176296203174275,0,0,0,0,0,8,6,2,0
3,1977,1,29,12,28152.5,47.36721677466833,-67.36827502739018,188,288,968.9161632372873,992.9161632372873,24.0,32.47585937495215,19.176907329791575,727.1810630254491,1661250,-5.131574140526209,-48.32420959707095,18.78447327337641,78.20395225769037,80.42831954530263,0,0,0,0,2,5,5,1,1
3,1977,1,29,15,28152.625,49.0126138807538,-66.80140948635182,195,289,962.6101342796325,994.6101342796325,32.0,38.14757364501622,23.052224793380883,860.9669839491538,2328750,-6.30602895765478,-57.878014077450636,13.780839356299026,60.98660350411443,62.524214032102655,0,0,0,0,0,5,5,1,1
3,1977,1,29,18,28152.75,50.44781083116946,-68.10632685827157,199,295,959.0070547650777,1007.0070547650777,48.0,38.99875638525766,21.062274527093905,1491.7720978026189,6991250,-3.6030795145548473,-32.37537512598285,-30.798609982724273,53.1955398739883,61.46803916958017,0,0,0,0,0,7,7,1,1
3,1977,1,29,21,28152.875,51.684370672663846,-68.8644218396827,203,299,957.7261415736201,1011.7261415736201,54.0,39.7000785393582,20.852116621377064,1725.8576882132609,9357500,-1.2809131914575118,-11.310660991851078,-17.420966007198576,45.83306028885838,49.03222891187076,0,0,0,0,0,7,7,1,1
3,1977,1,30,0,28153.0,52.603758687846245,-69.46441025241896,206,302,959.8524138151361,1013.8524138151361,54.0,37.33883535803799,20.355102517686973,1847.7747202185888,10726250,2.1262722415159807,18.542593549982843,-13.505963596675763,34.07709430203117,36.65596007123884,0,0,0,0,0,7,7,1,1
3,1977,1,30,3,28153.125,53.67445307875541,-70.76932762433871,209,307,960.8894414729801,1014.8894414729801,54.0,36.69236107452202,18.122482172210002,1916.7920756504614,11542500,1.0370276578440099,8.91778242466246,-28.650717442297655,39.68526141862833,48.94674232084551,0,0,0,0,0,7,7,1,1
3,1977,1,30,6,28153.25,54.34263960514264,-72.72238424520751,210,313,961.7660481115578,1013.7660481115578,52.0,36.22619004356727,16.50321965318617,1880.9081426943656,11114375,0.8766066385776503,7.47468010267716,-42.19743622168858,24.766317262170002,48.92845894174407,0,0,0,0,0,5,5,1,1
3,1977,1,30,9,28153.375,54.22076553315925,-74.68089943686738,208,318,962.9733374837299,1002.9733374837299,40.0,35.476594917115705,16.144186835261863,1327.7947439647705,5538750,1.2072893721720903,10.31011455801454,-42.44073196132519,-4.517259498022114,42.68045645006061,0,0,0,0,0,8,8,1,1
3,1977,1,30,12,28153.5,54.11423003938814,-75.47858446850947,207,320,967.2776617558382,1001.2776617558382,34.0,31.152498869665845,14.626363546745196,1248.6479132501602,4898125,4.304324272108351,36.80782858263695,-17.330747798309517,-3.948735471640103,17.774907343600947,0,0,0,0,0,7,7,1,2
3,1977,1,30,15,28153.625,54.2854196273586,-76.53979677759983,207,323,968.4498975319011,1000.4498975319011,32.0,30.372719258092133,7.886274450632555,1211.4485209806232,4610625,1.17223577606288,10.002632789360886,-22.960809570570422,6.345137892229326,23.821409509250344,0,0,0,0,0,9,9,1,2
3,1977,1,30,18,28153.75,53.93179961130613,-77.41230661835122,205,325,969.7510560299063,999.7510560299063,30.0,28.720519238903233,6.117822878274382,1254.132658495765,4941250,1.301158498005243,11.152422991773122,-19.039723030166957,-13.106917248334177,23.114980701271417,0,0,0,0,0,10,10,1,2
3,1977,1,30,21,28153.875,53.337650138144134,-78.340707346477,202,327,970.8607134297874,998.8607134297874,28.0,28.36998190083218,5.561087971141387,1218.816003375398,4666875,1.1096573998811072,9.58394032083824,-20.54668974310132,-22.02213569471725,30.118780187049488,0,0,0,0,0,8,8,1,2
3,1977,1,31,0,28154.0,52.544476104298454,-77.8686789333675,199,325,972.5978910767362,998.5978910767362,26.0,27.026913957819026,6.8294793345433575,1175.441980582843,4340625,1.7371776469488396,15.161414486263375,10.639923671074078,-29.39897616994626,31.26512075088389,0,0,0,0,0,9,9,1,3
3,1977,1,31,3,28154.125,52.15747067886532,-76.92767650231927,198,322,972.4029372113561,980.4029372113561,8.0,26.634813632354007,7.325537732956581,323.7951802633666,329375,-0.19495386538023013,-1.7103713557604905,21.397415165124542,-14.344346630694558,25.76062219765315,0,0,0,2,0,7,7,1,1
3,1977,1,31,6,28154.25,52.2779604771744,-76.17393819937126,199,320,973.2842669151801,997.2842669151801,24.0,25.080267075249157,7.962635973436555,1109.0846525047068,3864375,0.8813297038240125,7.71949691341149,17.092833787459316,4.465951428132094,17.66662641944256,0,0,2,0,0,6,6,1,2
3,1977,1,31,9,28154.375,52.45065360495357,-75.75264555113164,200,319,974.2770201171228,996.2770201171228,22.0,24.011637381256207,6.723966596428508,1037.825167055801,3383750,0.9927532019426871,8.675260546473162,9.516585075260906,6.400866558474657,11.46893561731331,0,0,0,0,0,7,7,1,2
3,1977,1,31,12,28154.5,52.850417604868895,-75.23853223301427,202,318,974.7931733842653,996.7931733842653,22.0,23.882216985533898,6.944702952091319,938.0447172812799,2764375,0.5161532671425084,4.486497160147393,11.507612195063455,14.817242881906354,18.761018763739287,0,0,0,0,0,7,7,1,1
3,1977,1,31,15,28154.625,53.07945337236034,-75.14836603200098,203,318,976.8053958895769,996.8053958895769,20.0,22.582770436998718,5.238006559896166,896.4003117665716,2524375,2.0122225053116565,17.43792612230377,2.0075673506551635,8.489205121730672,8.723355447660886,0,0,0,0,0,7,7,1,1
3,1977,1,31,18,28154.75,53.36856105554248,-75.40162729814705,204,319,978.2267166695129,996.2267166695129,18.0,21.182734550532597,5.944371714955196,865.346177692701,2352500,1.421320779936068,12.270803112522623,-5.6009674233463995,10.715769207938598,12.091259065754592,0,0,0,0,0,6,6,1,1
3,1977,1,31,21,28154.875,53.427500540026095,-75.74722022546105,204,320,981.5619793667452,996.5100655998731,14.948086233127833,18.813244449205303,6.467174770604397,842.1604450182034,2228125,3.3352626972322468,28.77260052973544,-7.632334763811758,2.184590551208109,7.938826728384821,0,0,0,1,0,7,6,2,0
3,1977,2,1,0,28155.0,49.96563256409018,-75.60640703150948,190,316,,,,20.76998177586515,,0.0,0,0.5438588252036425,,3.357258357052646,-128.3140518791136,128.3579646664431,0,1,1,0,0,7,7,0,0
4,1977,1,29,3,28152.125,42.94596074521968,6.898551996560613,384,157,997.3594035200638,997.3594035200638,0.0,10.481707886272195,4.625543261570129,14.104739588693906,625,,,,,,3,0,0,0,0,0,0,1,1
4,1977,1,29,6,28152.25,44.23839282656006,10.291950727477357,395,164,995.1223651281823,997.1223651281823,2.0,12.817098280407578,13.091607447104106,163.88226458881186,84375,-2.237038391881506,-22.21566724983055,90.10513273924698,47.90396349257277,102.0476587887006,0,0,0,0,0,0,0,1,1
4,1977,1,29,9,28152.375,44.96045778147168,11.94142351038275,400,168,994.0121230823326,1000.0121230823326,6.0,14.33256772675298,10.605719039569376,329.2784611561371,340625,-1.1102420458497364,-10.88562122844578,43.25993906192818,26.763319898001424,50.869417331089004,0,0,0,0,0,1,1,1,1
4,1977,1,29,12,28152.5,45.56951320030262,12.705695604820725,402,171,992.5176683881515,1004.5176683881515,12.0,15.903707474583893,12.533004259333103,859.9265400839298,2323125,-1.4944546941810404,-14.499204059270648,19.83056324595289,22.57462420645913,30.04771034063308,0,0,3,0,0,2,2,1,1
4,1977,1,29,15,28152.625,45.98848069963061,13.1291663203487,403,173,992.743051169323,1004.743051169323,12.0,15.38869060608392,11.745269905353052,850.2713266922121,2271250,0.22538278117150184,2.1711588449879895,10.905567283087416,15.529020118076597,18.97582313349211,0,0,0,0,0,2,2,1,1
4,1977,1,29,18,28152.75,45.961887297515744,11.896358050267425,399,172,995.2917777713362,1004.5566910319768,9.264913260640606,13.542008653951862,11.453171845092147,768.4170995435563,1855000,2.548726602013194,24.563426181746387,-31.763266274812203,-0.9856837991304721,31.778556559360755,0,0,0,1,0,2,3,2,0
4,1977,1,29,21,28152.875,47.23747702390133,16.684519027555275,413,181,994.6844272482253,1006.6844272482253,12.0,15.419572637870298,9.92889500777288,823.4075889688376,2130000,0.12773621624859516,1.2054122201701616,13.883336339759122,23.2550289262695,27.08400631894232,0,0,0,0,2,2,2,1,1
4,1977,1,30,0,28153.0,47.94317934395713,17.941031924303257,416,185,996.1201285535006,1006.1201285535006,10.0,14.388743297539097,8.705603282204612,751.7971745458301,1775625,1.4357013052752883,13.396749615746556,31.19712854234454,26.156839237166466,40.71168220752539,0,0,0,0,0,2,2,1,1
4,1977,1,30,3,28153.125,49.83594906777289,19.46719351448774,418,194,996.5213013294555,1008.5213013294555,12.0,14.44420492833116,4.349455966436217,870.6178360653723,2381250,0.4011727759547648,3.637010472975474,36.483951023212946,70.15546353157839,79.07507663982898,0,0,0,0,0,2,2,1,1
4,1977,1,30,6,28153.25,50.20543262155637,19.997173739764406,419,196,997.0797534149265,1007.0797534149265,10.0,14.47686591588033,3.725299392595407,714.3462299812252,1603125,0.5584520854710717,5.035594040407254,12.572668031075908,13.69489888644167,18.59091813035331,0,0,0,0,0,1,1,1,1
4,1977,1,30,9,28153.375,51.18384883241415,20.14158074052142,418,200,997.9242460290523,1009.9242460290523,12.0,14.259777889256817,5.797130860813995,837.5412895359422,2203750,0.8444926141257747,7.509120970736379,3.3550357242905267,36.26497293139283,36.419836990655526,0,0,0,0,0,1,1,1,1
4,1977,1,30,12,28153.5,51.5470679332838,20.695450734063282,419,202,998.849994687509,1008.849994687509,10.0,13.648413595701543,5.984237816027453,731.6812419526435,1681875,0.9257486584567232,8.19003565490394,12.766480529595588,13.462707092367879,18.553369164856168,0,0,0,0,0,2,2,1,1
4,1977,1,30,15,28153.625,51.991608714676566,20.938682698227776,419,204,999.6050562293581,1009.6050562293581,10.0,13.064115359234599,6.117456122706062,759.825345764308,1813750,0.7550615418489905,6.63927299098321,5.551464145828859,16.476893192494362,17.386971082948588,0,0,0,0,0,3,3,1,1
4,1977,1,30,18,28153.75,52.21337213584731,21.062357415673993,419,205,1000.2999050520988,1010.2999050520988,10.0,12.951354089684473,6.6188782755894495,671.8654681886755,1418125,0.6948488227407507,6.091441000343141,2.8087204014485367,8.219655783175648,8.686291008676035,0,0,0,0,0,3,3,1,1
4,1977,1,30,21,28153.875,52.43479552752878,21.187434223190696,419,206,1001.2117764225252,1011.2117764225252,10.0,12.588544984536153,6.706231779470471,693.287767191607,1510000,0.9118713704263791,7.970163607525725,2.8263824583195936,8.207052598470124,8.680100814780433,0,0,0,0,0,2,2,1,1
4,1977,1,31,0,28154.0,52.569047058695986,21.639282642570233,420,207,1002.0075850561159,1012.0075850561159,10.0,12.323305775409567,5.832579295161195,706.2236210395592,1566875,0.7958086335907865,6.943229444780826,10.179348560625407,4.976029720019047,11.330490231813421,0,0,0,0,0,1,1,1,1
4,1977,1,31,3,28154.125,52.70080649347187,22.09423034158281,421,208,1002.2265208229057,1012.2265208229057,10.0,12.310308933750026,4.744593746099563,715.5983715731704,1608750,0.21893576678980026,1.9068080313461448,10.218349554303844,4.883660228210994,11.325405283633403,0,0,0,0,0,1,1,1,1
4,1977,1,31,6,28154.25,52.61099370554426,22.418167425738474,422,208,1003.0097377730889,1013.0097377730889,10.0,12.057742795390883,5.218341829716228,727.3178411820289,1661875,0.7832169501831231,6.829544977464704,7.29075526392957,-3.328908788451077,8.014782969010673,0,0,0,0,0,2,2,1,1
4,1977,1,31,9,28154.375,52.645738280761265,23.198590513648185,424,209,1004.3369641061593,1014.3369641061593,10.0,11.336971216687182,3.1941365481985855,794.6365437840717,1983750,1.32722633307043,11.567873603056574,17.5507383139947,1.2878068308504687,17.597922087562118,0,0,0,0,0,2,2,1,1
4,1977,1,31,12,28154.5,52.576276404105705,24.29941477544835,427,210,1005.1979585941565,1013.1979585941565,8.0,10.572052497906695,2.951535544811486,685.931338047341,1478125,0.8609944879972318,7.511234218669305,24.795342200570236,-2.574602759769588,24.928649666879117,0,0,0,0,0,2,2,1,1
4,1977,1,31,15,28154.625,52.5936316504459,25.08022703319643,429,211,1005.9337084041363,1013.9337084041363,8.0,9.960446380736304,3.4944539366131355,723.7532082493317,1645625,0.7357498099797521,6.41712441291619,17.580404421367348,0.643271781231967,17.592169229613553,0,0,0,0,0,2,2,1,1
4,1977,1,31,18,28154.75,52.4997052644786,26.17528998175994,432,212,1006.8012297029013,1012.8012297029013,6.0,9.803372855865238,4.462463418807602,529.2567428401228,880000,0.8675212987650593,7.575927753170937,24.708630884984245,-3.48137919920741,24.952684050800457,0,0,0,0,0,2,2,1,1
4,1977,1,31,21,28154.875,54.19072801825506,25.831574866479915,428,218,1007.3442002009232,1013.3442002009232,6.0,9.798497943447671,1.6845376329959982,537.2776545073555,906875,0.5429704980218958,4.638659773763209,-7.4539039801410185,62.677717020151,63.11938605058899,0,0,0,0,0,2,2,1,1
4,1977,2,1,0,28155.0,54.19072801825506,25.831574866479915,428,218,1008.0261492498861,1014.0261492498861,6.0,9.1059311001581,2.2969948989435216,559.0532349398486,981875,0.6819490489628515,5.825969611064379,0.0,0.0,0.0,0,0,0,0,0,2,2,1,1
4,1977,2,1,3,28155.125,54.6147620269265,26.152858435675668,428,220,1008.1355774865459,1014.1355774865459,6.0,8.79048480381507,2.009749634438922,562.6005626321456,994375,0.10942823665987816,0.9299183539423105,6.895786002439491,15.716810163006366,17.163041289102015,0,0,0,0,0,2,2,1,1
4,1977,2,1,6,28155.25,54.510236192661715,26.482847819545473,429,220,1008.2923158982818,1014.2923158982818,6.0,8.648400824613717,2.181205712787923,568.93001811571,1016875,0.1567384117358597,1.3336893829984309,7.100820406025759,-3.874247491178208,8.08897051926464,0,0,0,0,0,2,2,1,1
4,1977,2,1,9,28155.375,56.479090305021636,24.218888341751246,420,225,1009.1074176589042,1015.1074176589042,6.0,7.7673970148252485,1.2096216977889709,581.2111206029595,1061250,0.8151017606223467,6.773775604615439,-46.33845909750932,72.97552953256644,86.44466844224704,0,0,0,0,0,2,2,1,1
4,1977,2,1,12,28155.5,56.479090305021636,24.218888341751246,420,225,,,,7.7673970148252485,,0.0,0,0.0,,0.0,0.0,0.0,0,3,0,0,0,2,2,0,0
5,1977,1,30,0,28153.0,53.53675255872278,-24.562518045251107,293,214,1004.5236203193683,1004.5236203193683,0.0,9.80904245201411,4.2864772622603775,14.104739588693906,625,,,,,,3,0,0,0,0,3,3,1,1
5,1977,1,30,3,28153.125,52.39013494287945,-25.70995378081126,288,211,1002.5264902994958,1004.5264902994958,2.0,12.863021000725816,3.7010649338093935,212.97689729449573,142500,-1.9971300198725657,-17.46628631212375,-25.954806128079497,-42.499353894352566,49.798062638857886,0,0,0,0,0,3,3,1,1
5,1977,1,30,6,28153.25,51.708476477918616,-23.736984497538682,292,206,1000.5518079684063,1002.5518079684063,2.0,13.890790242595115,6.0353276202915005,169.8435557664936,90625,-1.9746823310895707,-17.430955996688592,45.313367125905984,-25.265654335987314,51.88115774838426,0,0,0,0,0,2,2,1,1
5,1977,1,30,9,28153.375,51.23997577042092,-22.710789935550952,294,203,1000.1664743153327,1002.1664743153327,2.0,14.604539454140935,6.903135952017838,157.69578262626,78125,-0.38533365307346684,-3.4236414213603785,23.812543711085702,-17.364967267710348,29.471669891626757,0,0,0,0,0,2,2,1,1
5,1977,1,30,12,28153.5,49.82504405748333,-22.255887893373735,293,197,1000.8827586245311,1004.8827586245311,4.0,14.389471079718044,6.813040222877607,296.53516833298573,276250,0.7162843091983814,6.494837838584259,10.877372026280543,-52.444409342384674,53.56055725503344,0,0,0,0,0,1,1,1,1
5,1977,1,30,15,28153.625,48.35319559235113,-21.128061372021737,294,190,1001.6309844893618,1003.6309844893618,2.0,13.278444277666274,11.531595330678101,202.4410972262378,128750,0.748225864830747,6.937200131617188,27.77929253133219,-54.554027370760686,61.2195311637637,0,0,0,0,0,2,2,1,2
5,1977,1,30,18,28153.75,47.021507953246896,-19.499443850966557,297,183,1001.6085426139239,1005.6085426139239,4.0,13.52221257493871,14.747495897662594,322.56401542380166,326875,-0.022441875437943962,-0.21252025776611713,41.151288077634426,-49.358969781220395,64.26302520354831,0,0,0,0,0,2,2,1,2
5,1977,1,30,21,28153.875,45.87965409379271,-18.057387372029186,300,177,1002.3539753852336,1004.3539753852336,2.0,13.508514581337911,14.878482577927644,78.53186642892773,19375,0.7454327713097154,7.19412155313054,37.20951320507651,-42.32278538027145,56.35393540209309,0,0,0,2,0,0,0,1,1
5,1977,1,31,0,28154.0,44.63418489019373,-16.96379151825606,302,171,1002.8359352891862,1006.8359352891862,4.0,13.803889904006967,11.830091571203447,287.6813695875796,260000,0.4819599039525201,4.752664258748329,28.84413520861195,-46.163285577415195,54.43374937696904,0,0,3,0,0,0,0,1,1
5,1977,1,31,3,28154.125,43.130315083118475,-15.848579873580558,304,164,1004.2698391961322,1008.2698391961322,4.0,12.698156957944104,9.076009479850109,328.97623212397707,340000,1.4339039069460704,14.531166955877282,30.166300878950302,-55.74089762689991,63.38022859671535,0,0,0,0,0,0,0,1,1
5,1977,1,31,6,28154.25,41.66205113784097,-14.534455080540122,307,157,1004.5008996185815,1010.3462040000214,5.845304381439928,12.648346839179185,6.403348720119611,835.6388650701275,2193750,0.2310604224492272,2.40822570380587,36.38835556661557,-54.421167229994154,65.46583737734844,0,0,0,1,0,1,0,2,0
5,1977,1,31,9,28154.375,41.403135896489715,-10.82891577561903,320,153,1004.7304369365753,1008.7304369365753,4.0,12.249395559756305,2.3864419464531967,286.98899464971794,258750,0.22953731799381785,2.4045878408071046,103.01172177435052,-9.596687089736912,103.45777508730083,0,0,1,0,0,1,1,1,1
5,1977,1,31,12,28154.5,40.60453378746514,-9.572633545567149,324,149,1007.027701240571,1009.027701240571,2.0,10.030882435758784,2.9180208806099106,223.0155145190964,156250,2.297264303995762,24.454633183160748,35.352064483269686,-29.60016764372607,46.10789940743284,0,0,0,0,0,1,1,1,1
5,1977,1,31,15,28154.625,39.249530926314876,-8.53723605368269,327,143,1006.4000771197715,1008.4000771197715,2.0,9.215930090938699,4.227085821602959,226.11617692741794,160625,-0.6276241207995917,-6.8726322294023,29.718890026634725,-50.22314791625687,58.357321828828184,0,0,0,0,0,0,0,1,1
5,1977,1,31,18,28154.75,37.185714811023054,-6.952957468173916,332,134,1006.7136358817764,1008.7136358817764,2.0,8.754273229791213,4.173575415112573,223.0155145190964,156250,0.31355876200497734,3.59430347798797,46.78153587404664,-76.49529384924394,89.66628173297302,0,0,0,0,0,0,0,1,1
5,1977,1,31,21,28154.875,37.27210414123166,-6.2007183614379295,335,134,1007.0036434261528,1009.0036434261528,2.0,9.259248886801362,4.698559114247692,194.4204181260938,118750,0.29000754437642173,3.3177473245075926,22.187337280766904,3.2020184118059514,22.417200037472412,0,0,0,0,0,0,0,1,1
5,1977,2,1,0,28155.0,36.24281621470017,-6.340191745909911,334,130,1009.4073349955912,1009.4073349955912,0.0,7.515983516009944,3.103053205705073,14.104739588693906,625,2.403691569438379,28.168172174991046,-4.16936082363302,-38.15053182893283,38.37768425150301,0,0,0,0,0,0,0,1,1
5,1977,2,1,3,28155.125,36.24281621470017,-6.340191745909911,334,130,,,,7.515983516009944,,0.0,0,0.0,,0.0,0.0,0.0,0,3,0,0,0,0,0,0,0
6,1977,1,30,6,28153.25,37.55521439087959,177.58763534088666,369,585,982.8938712148541,984.8938712148541,2.0,9.337027678695948,5.5997685466663825,139.62979814050144,61250,,,,,,3,0,0,0,0,15,15,1,1
6,1977,1,30,9,28153.375,38.35025860009422,179.09879240282632,363,582,979.9302560064431,983.9302560064431,4.0,11.861685142677022,11.222327248283255,153.21669003752353,73750,-2.963615208411065,-33.0920458972548,43.92515112521033,29.46829417426742,52.89422712275631,0,0,0,0,0,21,21,1,1
6,1977,1,30,12,28153.5,38.85677586284989,-179.87007782015758,359,580,974.6324341335452,982.6324341335452,8.0,16.8160587237419,30.0387123317489,176.1681409986482,97500,-5.297821872897912,-58.50462894644288,-29.761458352897748,18.774049958773006,35.188199089265304,0,0,0,0,0,21,21,1,1
6,1977,1,30,15,28153.625,39.089217934748184,-178.56464300088737,354,579,971.8312411148031,979.8312411148031,8.0,19.01560138894981,36.77283552677276,151.2564810824976,71875,-2.801193018742051,-30.77925233261312,37.55513025993521,8.615459711280014,38.53068848174647,0,0,0,0,0,21,21,1,1
6,1977,1,30,18,28153.75,39.292797513468344,-177.2487723825229,349,578,969.2025510131084,977.2025510131084,8.0,21.246823176729848,39.44993415689642,138.1976597885342,60000,-2.628690101694665,-28.75820490172922,37.745836219812034,7.545672107372779,38.4926657882363,0,0,0,0,0,20,20,1,1
6,1977,1,30,21,28153.875,39.449003984248236,-175.6617332085718,343,577,969.6255522417264,975.6255522417264,6.0,21.507651030909496,26.44351974966419,130.80197392386228,53750,0.4230012286179408,4.612337323416018,45.42240943589059,5.789789019925117,45.789921771683865,0,0,0,0,0,17,17,1,1
6,1977,1,31,0,28154.0,40.25029941786613,-173.453709216706,335,573,966.3497044751796,972.3497044751796,6.0,23.32804957584537,17.29143546151543,173.32194179790176,94375,-3.2758477665467947,-35.125764858734655,62.46132636016906,29.69999565392059,69.16290214063065,0,0,0,0,0,20,20,1,1
6,1977,1,31,3,28154.125,41.04118282386669,-171.7168030749514,329,569,965.082746581056,985.082746581056,20.0,22.749481629650546,16.12435272701725,957.4614729634384,2880000,-1.266957894123625,-13.368449651754288,48.55581051721785,29.314074104877257,56.718442111981524,0,0,2,0,0,18,18,1,3
6,1977,1,31,6,28154.25,41.90423935046178,-170.74125451745414,326,565,964.6607695495348,984.6607695495348,20.0,23.106721972845968,14.218512734445394,936.3465131870138,2754375,-0.4219770315210917,-4.377297198374564,26.911393769691863,31.989169054949283,41.80346937101674,0,0,0,0,0,19,19,1,3
6,1977,1,31,9,28154.375,42.74895446712743,-169.73269170855338,323,561,963.9220308402915,985.9220308402915,22.0,23.421394786804438,12.56228883401447,998.9501955483986,3135000,-0.7387387092433346,-7.540110972264493,27.451005098992496,31.30934514439585,41.639317649498246,0,0,0,0,0,19,19,1,2
6,1977,1,31,12,28154.5,43.62219843280402,-168.96928451402607,321,557,963.2821027281336,997.2821027281336,34.0,23.467328591019484,10.893074094081458,1651.881200120198,8572500,-0.6399281121579407,-6.42636848116222,20.483293506183653,32.36676623540384,38.303692633971245,0,0,0,0,0,14,14,1,2
6,1977,1,31,15,28154.625,44.58101212920223,-168.7470215624029,321,553,962.4257225078545,992.4257225078545,30.0,23.917457068455484,9.557053180604926,1398.6469155145119,6145625,-0.8563802202790975,-8.452816785179273,5.867707067930325,35.538406212265684,36.019554443982834,0,0,0,0,0,17,17,1,1
6,1977,1,31,18,28154.75,45.2485491434567,-168.28576934060823,320,550,962.5236794883609,990.5236794883609,28.0,23.695981851814583,10.077753833146417,1321.7126934823682,5488125,0.09795698050642386,0.9556419052299716,12.036339623487242,24.742243110851298,27.514579147942598,0,0,0,0,0,13,13,1,1
6,1977,1,31,21,28154.875,46.01128508533143,-168.39654663312345,321,547,963.3048211058333,997.3048211058333,34.0,23.50265413524079,9.168713873891829,1657.7119883020807,8633125,0.7811416174723127,7.522006720164992,-2.8516558145355537,28.27078903530938,28.41424736929598,0,0,0,0,0,11,11,1,1
6,1977,2,1,0,28155.0,46.53454175361356,-168.57131996644225,322,545,964.1524246598519,996.1524246598519,32.0,21.913896096337247,7.521786652891678,1619.9586624066953,8244375,0.8476035540187149,8.091012477698545,-4.4563052612431555,19.394495615302834,19.89987730498317,0,0,0,0,0,12,12,1,2
6,1977,2,1,3,28155.125,47.102879650925104,-169.05079169697075,324,543,964.2853843670812,990.2853843670812,26.0,20.655835853741685,6.678869845518204,1393.8737273491859,6103750,0.13295970722916536,1.2574401519600213,-12.096831160392227,21.06543026695977,24.291679160881017,0,0,0,0,0,11,11,1,2
6,1977,2,1,6,28155.25,47.62242600047084,-169.23746277685754,325,541,965.5843567004766,987.5843567004766,22.0,18.558563657694364,5.855965928805963,1278.0170591508456,5131250,1.2989723333955043,12.182632021862805,-4.663469263104065,19.25697274206218,19.81360504190094,0,0,0,0,0,11,11,1,2
6,1977,2,1,9,28155.375,48.095733481013006,-169.1203925423357,325,539,966.3092597285303,982.3092597285303,16.0,17.160483887933022,4.891431262611514,1059.9221455134882,3529375,0.7249030280536681,6.747995671861725,2.8981028308456116,17.543130193069164,17.780900342477885,0,0,0,0,0,12,12,1,3
6,1977,2,1,12,28155.5,48.33202217808517,-169.06090881680785,325,538,966.0503861105904,968.0503861105904,2.0,15.363142394627241,4.87970060632797,208.25398433773478,136250,-0.25887361793997116,-2.4009442675259027,1.4657548686015465,8.7580347792926,8.879842933865888,0,0,0,2,0,14,14,1,1
6,1977,2,1,15,28155.625,48.757158822165316,-168.62765384749375,324,536,964.8892340836354,964.8892340836354,0.0,14.656942660750417,4.976119955102986,14.104739588693906,625,-1.161152026954951,-10.698842778704009,10.586637848394144,15.757679317468455,18.98371297731886,0,0,0,0,0,12,12,1,1
6,1977,2,1,18,28155.75,48.757158822165316,-168.62765384749375,324,536,,,,14.656942660750417,,0.0,0,0.0,,0.0,0.0,0.0,0,3,0,0,0,12,12,0,0
7,1977,1,30,18,28153.75,72.15311827860565,25.75812172197562,394,288,1008.891965981019,1008.891965981019,0.0,13.562170061429653,1.4395657008622949,14.104739588693906,625,,,,,,3,0,0,0,0,7,7,1,1
7,1977,1,30,21,28153.875,72.56039069751102,26.399934113966925,394,290,1009.3560152882783,1009.3560152882783,0.0,14.57468339795276,2.5400301795055564,14.104739588693906,625,0.46404930725926535,3.369932343387041,7.129467127024941,15.095542248178415,16.694451092559728,0,0,0,0,0,5,5,1,1
7,1977,1,31,0,28154.0,72.56039069751102,26.399934113966925,394,290,1009.5684728532557,1009.5684728532557,0.0,14.318530481765716,2.240572381049424,14.104739588693906,625,0.21245756497737603,1.5428697093485815,0.0,0.0,0.0,0,0,0,0,0,5,5,1,1
7,1977,1,31,3,28154.125,73.06700663617848,26.395034526197694,393,292,1009.8279119415689,1009.8279119415689,0.0,15.038504806191495,2.2812232986302114,14.104739588693906,625,0.25943908831322915,1.87890471462575,-0.05289246964277099,18.777707379030563,18.77778187182511,0,0,0,0,0,4,4,1,1
7,1977,1,31,6,28154.25,72.96212695530296,25.382120591881716,392,291,1009.8740367037796,1009.8740367037796,0.0,14.517881507197744,2.315434204329722,14.104739588693906,625,0.04612476221067482,0.33423068110537074,-11.000294131294119,-3.8873628071528885,11.666964496792618,0,0,0,0,0,5,5,1,1
7,1977,1,31,9,28154.375,73.26347151727722,25.016893478100027,391,292,1009.7960634866515,1011.7960634866515,2.0,15.114832117908724,2.4087577711511403,190.28334018879895,113750,-0.07797321712801931,-0.5641105268142665,-3.8982975144402197,11.169328821154767,11.830073111615555,0,0,0,0,0,6,6,1,1
7,1977,1,31,12,28154.5,72.96212695530296,25.382120591881716,392,291,1010.7202565849191,1010.7202565849191,0.0,14.020741581457372,1.847984534884963,14.104739588693906,625,0.9241930982675695,6.696916664761996,3.966425132068846,-11.169328821154767,11.852697357284793,0,0,0,0,0,6,6,1,1
7,1977,1,31,15,28154.625,72.75717330084855,25.062008255794463,392,290,1010.519587236147,1010.519587236147,0.0,13.749708717368922,1.8615043919230811,14.104739588693906,625,-0.20066934877206222,-1.455701532194116,-3.5170298634561097,-7.596602190864072,8.371252230501893,0,0,0,0,0,6,6,1,1
7,1977,1,31,18,28154.75,73.26955203705005,26.737110057805875,393,293,1010.3983428275178,1010.3983428275178,0.0,14.915844359354823,2.0051536541592214,14.104739588693906,625,-0.12124440862928168,-0.8771353487017162,17.87254360863687,18.9913053287191,26.078678899270592,0,0,0,0,0,5,5,1,1
7,1977,1,31,21,28154.875,73.26955203705005,26.737110057805875,393,293,1009.5650330328759,1011.5650330328759,2.0,15.540948609936212,2.1743590670571575,201.94913757502948,128125,-0.8333097946418274,-6.028529361173273,0.0,0.0,0.0,0,0,0,0,0,5,5,1,1
7,1977,2,1,0,28155.0,73.77566940047673,26.74243692461026,392,295,1008.9898106104675,1010.9898106104675,2.0,16.30485689472726,2.97083364339298,194.93137937025432,119375,-0.5752224224084057,-4.1505531002023535,0.05516456510241846,18.75922769992266,18.759308809942564,0,0,0,0,0,6,6,1,1
7,1977,2,1,3,28155.125,73.8762210322825,26.029592191513462,391,295,1008.3363749176467,1010.3363749176467,2.0,16.66391933644176,4.0969937068742,182.81831978578631,105000,-0.6534356928207853,-4.712506529165454,-7.337580377703718,3.7269437742107154,8.229835702818779,0,0,0,0,0,6,6,1,1
7,1977,2,1,6,28155.25,73.8762210322825,26.029592191513462,391,295,1007.4323657285831,1011.4323657285831,4.0,16.994927281320436,4.639669609817138,263.875515352797,218750,-0.904009189063654,-6.519615094023411,0.0,0.0,0.0,0,0,0,0,0,6,6,1,1
7,1977,2,1,9,28155.375,73.8762210322825,26.029592191513462,391,295,1007.2017147476063,1011.2017147476063,4.0,17.068687538271007,4.801695458682807,258.1591222864905,209375,-0.23065098097678857,-1.6634295704285071,0.0,0.0,0.0,0,0,0,0,0,6,6,1,1
7,1977,2,1,12,28155.5,73.67260544747761,25.683647180495857,391,294,1008.414743834252,1010.414743834252,2.0,15.385071768211752,6.039978047856712,176.1681409986482,97500,1.2130290866456925,8.757284671041992,-3.6047118373266835,-7.547006672023042,8.36368681489948,0,0,0,0,0,8,8,1,1
7,1977,2,1,15,28155.625,73.77566940047673,26.74243692461026,392,295,1008.2284964409482,1010.2284964409482,2.0,15.803480629850378,3.8267479829442888,190.28334018879895,113750,-0.18624739330378362,-1.3438796291094126,10.964589832812695,3.820062897812326,11.610990945869428,0,0,0,0,0,6,6,1,1
7,1977,2,1,18,28155.75,73.87306957667818,27.814293855775233,393,296,1008.3695018502942,1010.3695018502942,2.0,15.801173445972715,3.119407725643905,197.9694540487982,123125,0.14100540934596212,1.016931714084496,11.035045069007822,3.6101351492957785,11.6105682665068,0,0,0,0,0,8,8,1,1
7,1977,2,1,21,28155.875,74.27175485032518,28.577812501684715,393,298,1008.5964225138554,1010.5964225138554,2.0,15.908169702720983,2.3218582135935137,203.9098547955877,130625,0.2269206635611772,1.6333063529505205,7.671315453443254,14.777259919147648,16.649819563715543,0,0,0,0,0,9,9,1,1
7,1977,2,2,0,28156.0,74.55514358325522,30.106527041158394,394,300,1008.7017754626766,1010.7017754626766,2.0,16.504445013637536,2.926129267131255,207.2964896828013,135000,0.10535294882123708,0.7572531672222886,15.089225729235078,10.503796456683549,18.385169923371603,0,0,0,0,0,11,11,1,1
7,1977,2,2,3,28156.125,75.47930544134182,29.140633733394317,391,303,1008.1656733612099,1010.1656733612099,2.0,16.97751209074201,2.561755511113806,188.70855443464026,111875,-0.5361021014666767,-3.836782093149635,-8.97622617038875,34.25403667254627,35.41061514046482,0,0,0,0,0,9,9,1,1
7,1977,2,2,6,28156.25,75.78612772046523,28.790975072192023,390,304,1008.2405843829541,1010.2405843829541,2.0,16.73642101465275,3.4561606181719253,186.05429348039038,108750,0.07491102174419212,0.5353892269570071,-3.1822429794899842,11.372360273348153,11.80920185987777,0,0,0,0,0,12,12,1,1
7,1977,2,2,9,28156.375,75.98348199031633,29.23281745752432,390,305,1008.113997485276,1010.113997485276,2.0,16.93932075545035,4.00309749431246,173.8949084575512,95000,-0.1265868976782076,-0.9039335230849652,3.9664968671708962,7.314931186360858,8.321136680674774,0,0,0,0,0,9,9,1,1
7,1977,2,2,12,28156.5,76.39774088361693,28.0446869479748,388,306,1008.4802387318568,1010.4802387318568,2.0,16.274305581541416,5.96267956298776,166.88952945311365,87500,0.36624124658090296,2.610617084655546,-10.356707406758147,15.35449575080561,18.520851170254204,0,0,0,0,0,9,9,1,1
7,1977,2,2,15,28156.625,76.50231332198855,27.204011076069623,387,306,1009.0657475997392,1009.0657475997392,0.0,15.037080167629862,5.534003706594885,14.104739588693906,625,0.585508867882454,4.171750922881727,-7.272786308941916,3.875974871258352,8.241152947140295,0,0,0,0,0,8,8,1,1
7,1977,2,2,18,28156.75,76.30133826005886,26.77492488864554,387,305,1009.3707879972857,1009.3707879972857,0.0,14.139822706487472,4.142256767400031,14.104739588693906,625,0.3050403975463996,2.1752578346742006,-3.7663210153534776,-7.44913575621956,8.347143074446612,0,0,0,0,0,7,7,1,1
7,1977,2,2,21,28156.875,76.09956739979553,26.358208106300665,387,304,1010.2218402249382,1010.2218402249382,0.0,12.99166281404537,3.410135731371483,14.104739588693906,625,0.8510522276525444,6.074146181780082,-3.7105711132029615,-7.478632001996284,8.348549251661584,0,0,0,0,0,7,7,1,1
7,1977,2,3,0,28157.0,75.89703156612961,25.953375702364195,387,303,1010.579371005729,1010.579371005729,0.0,11.823075040527755,3.5422233771549507,14.104739588693906,625,0.35753078079069384,2.5540257994443314,-3.6562151997543606,-7.506985722458977,8.350014624185862,0,0,0,0,0,7,7,1,1
7,1977,2,3,3,28157.125,75.79682333678662,26.767508919296183,388,303,1010.2046991897436,1010.2046991897436,0.0,12.272884302012992,2.1223713293379842,14.104739588693906,625,-0.3746718159853481,-2.677653678840244,7.403916806425258,-3.7142155703251003,8.283319466211104,0,0,0,0,0,7,7,1,1
7,1977,2,3,6,28157.25,75.96182055696012,34.57928760320549,395,308,1010.1279245584807,1010.1279245584807,0.0,15.650544498762468,2.5371532105065127,14.104739588693906,625,-0.07677463126281509,-0.5482851661252065,70.1828847192006,6.1156179312492585,70.44883313575619,0,0,0,0,0,10,10,1,1
7,1977,2,3,9,28157.375,76.9597844841669,35.19390724010291,393,312,1010.1268842777866,1010.1268842777866,0.0,16.408844286063708,8.307008359927059,14.104739588693906,625,-0.0010402806941419839,-0.007398057671125256,5.140134144963226,36.989508559891554,37.344942395597656,0,0,0,0,0,10,10,1,1
7,1977,2,3,12,28157.5,77.40144659786492,34.11447294534126,391,313,1010.5862526877628,1012.5862526877628,2.0,15.774127370077656,10.199052737906822,151.2564810824976,71875,0.45936840997615946,3.261118023480928,-8.726629084010163,16.370195444777206,18.55093943901754,0,0,0,0,0,9,9,1,1
7,1977,2,3,15,28157.625,77.6485162611295,32.391393206633765,389,313,1010.0575041726911,1012.0575041726911,2.0,15.570736162242234,10.306749382935596,118.84864828598478,44375,-0.5287485150716384,-3.7500773635062723,-13.660952481434185,9.157631027600601,16.446392575202506,0,0,0,0,0,8,8,1,1
7,1977,2,3,18,28157.75,77.7676957595603,31.504266719204185,388,313,1010.5832147330382,1012.5832147330382,2.0,14.249865873661665,10.305909215511782,104.60354839855006,34375,0.52571056034707,3.726841612644975,-6.966691323279237,4.417385195182548,8.24912601167373,0,0,0,0,0,9,9,1,1
7,1977,2,3,21,28157.875,77.88385947881834,30.599978693208946,387,313,1010.9628194339136,1012.9628194339136,2.0,13.623321209184448,9.96507035631279,110.16153780134434,38125,0.37960470087549764,2.6898982929448403,-7.035034245262644,4.305605413885102,8.248026722319397,0,0,0,0,0,9,9,1,1
7,1977,2,4,0,28158.0,77.7676957595603,31.504266719204185,388,313,1011.3006200915582,1013.3006200915582,2.0,13.223788003384918,6.987694826217339,133.06384715231013,55625,0.33780065764454775,2.3947199136677115,7.10145992233151,-4.305605413885102,8.304755927091257,0,0,0,0,0,11,11,1,1
7,1977,2,4,3,28158.125,77.7676957595603,31.504266719204185,388,313,1012.0889758086731,1014.0889758086731,2.0,12.121879002564999,5.971210464759934,152.56608544230824,73125,0.7883557171149005,5.588772822388591,0.0,0.0,0.0,0,0,0,0,0,10,10,1,1
7,1977,2,4,6,28158.25,77.7676957595603,31.504266719204185,388,313,1013.3350234315661,1013.3350234315661,0.0,10.887900420239156,4.89975802726396,14.104739588693906,625,1.2460476228929473,8.833419913172326,0.0,0.0,0.0,0,0,0,0,0,9,9,1,1
7,1977,2,4,9,28158.375,77.7676957595603,31.504266719204185,388,313,,,,10.887900420239156,,0.0,0,0.0,,0.0,0.0,0.0,0,3,0,0,0,9,9,0,0
8,1977,1,30,9,28153.375,39.97949153266202,-54.80152899555826,183,235,997.9789085835561,1001.9789085835561,4.0,9.926650411634984,10.17991803088291,212.04073057660514,141250,,,,,,3,0,0,0,0,3,3,1,1
8,1977,1,30,12,28153.5,40.74628015645083,-53.21083848603622,189,232,997.979480247608,999.979480247608,2.0,10.665738331480314,12.990631380955092,97.72050238058398,30000,0.000571664051967673,0.006067934134783935,44.66708919965369,28.42100159135969,52.94244222762952,0,0,0,0,0,3,3,1,1
8,1977,1,30,15,28153.625,41.275231175478645,-51.74352699174934,194,229,996.0582071097962,1000.0582071097962,4.0,12.780257897569655,12.318064517901147,245.92453796829673,190000,-1.9212731378118042,-20.178017507713697,40.87317680430208,19.60555658645433,45.33204640362489,0,0,0,0,0,5,5,1,1
8,1977,1,30,18,28153.75,40.59408881888072,-49.5587896665611,197,221,992.0936204109428,998.0936204109428,6.0,16.80864744293988,16.961673822073134,281.03494535262524,248125,-3.9645866988533816,-42.21244242277216,61.48755062803584,-25.246524792136366,66.46883402253441,0,0,0,0,0,4,4,1,1
8,1977,1,30,21,28153.875,42.486836806400724,-46.57474506575318,210,218,989.5549020999249,999.5549020999249,10.0,19.23328353541578,23.594152526480755,463.31439595073437,674375,-2.538718311017874,-26.041182361189723,81.55844241783441,70.15465787630765,107.57999605579555,0,0,0,0,0,3,3,1,1
8,1977,1,31,0,28154.0,44.39589978801797,-43.56790381583536,223,216,990.2389839836203,998.2389839836203,8.0,18.63801398926677,27.769213248858073,483.48611424344057,734375,0.6840818836953259,6.774407667749176,79.62801329202115,70.75937273359096,106.52468883073799,0,0,0,0,0,2,2,1,2
8,1977,1,31,3,28154.125,51.306011634262504,-41.1700140915524,248,232,988.3846872320333,998.3846872320333,10.0,19.475454649403066,6.554857301779266,539.3103545273711,913750,-4.6995061153599815,-41.715951433094816,-14.426244538549172,32.52547105583281,35.581214128945035,0,0,0,0,2,2,2,1,1
8,1977,1,31,6,28154.25,51.99874538410547,-41.590663979509856,249,235,982.6598899958627,998.6598899958627,16.0,23.766204114235677,8.414314052594637,628.7297431365046,1241875,-5.724797236170562,-50.33337056503773,-9.599266309299066,25.676159499332925,27.411878452817284,0,0,0,0,0,3,3,1,1
8,1977,1,31,9,28154.375,52.6689165213655,-41.53177074108285,251,237,976.7521402265111,996.7521402265111,20.0,28.923963286528117,8.387690011747255,607.159482291599,1158125,-5.907749769351649,-51.47502798908841,1.3237395953969873,24.839876815643613,24.875123451608655,0,0,0,0,0,4,4,1,1
8,1977,1,31,12,28154.5,53.29059040527167,-40.46620885401544,255,237,976.735552086328,996.735552086328,20.0,29.205326411675625,6.225546836757203,605.5189511055405,1151875,-0.01658814018315752,-0.14335690891936725,23.608201795297422,23.042327305927913,32.98933221029179,0,0,0,0,0,4,4,1,1
8,1977,1,31,15,28154.625,54.13671491199328,-40.62103139224761,257,240,971.9543599684362,995.9543599684362,24.0,32.60620142793722,11.037553225603114,680.1059133405773,1453125,-4.781192117891769,-40.87409532987074,-3.3619139617438516,31.361584152357647,31.541265447530453,0,0,0,0,0,4,4,1,1
8,1977,1,31,18,28154.75,54.801753784376764,-40.54100447485428,259,242,966.9190179935016,996.9190179935016,30.0,35.84966788915058,16.494446097676917,805.8239062071395,2040000,-5.035341974934563,-42.69147291620662,1.7097367937223436,24.64964954348702,24.708873355953276,0,0,0,0,0,3,3,1,1
8,1977,1,31,21,28154.875,55.49021848035163,-40.990498458560744,260,245,966.4233947758933,996.4233947758933,30.0,35.84448725360871,16.329745065764218,777.553753814061,1899375,-0.4956232176083722,-4.167057685442274,-9.438929239434385,25.51792712209823,27.20768255099588,0,0,0,0,0,4,4,1,1
8,1977,2,1,0,28155.0,56.15297178376407,-40.91438322002512,262,247,973.9114408635619,997.9114408635619,24.0,27.252394788440792,12.128010058366272,877.7863454415534,2420625,7.488046087668627,62.46475869419417,1.5713501033253814,24.56493498546179,24.615141112477605,0,0,0,0,0,5,5,1,2
8,1977,2,1,3,28155.125,56.573005936361504,-45.275458356135246,255,256,974.2793209352417,996.2793209352417,22.0,25.42195706729117,12.28209136998077,834.089950179504,2185625,0.36788007167982867,3.0538979942173468,-89.03003171209059,15.568555595426824,90.38100724147608,0,0,0,0,0,5,5,1,2
8,1977,2,1,6,28155.25,56.71351496996199,-47.2132281763958,252,260,973.0917883706621,995.0917883706621,22.0,25.804232910589867,14.718879065083968,826.783212565235,2147500,-1.1875325645795964,-9.842211201203385,-39.41720656746955,5.20796389470108,39.75976686942561,0,0,0,0,0,5,5,1,2
8,1977,2,1,9,28155.375,56.856152189008846,-48.05658044814944,251,262,971.2494412491972,985.2494412491972,14.0,26.856192622801597,17.434327691355136,375.5676614342511,443125,-1.8423471214649907,-15.24441294550453,-17.09043585613915,5.2868450362334025,17.889486526727154,0,0,0,2,0,5,5,1,1
8,1977,2,1,12,28155.5,57.269478412057225,-50.067161725853204,249,267,970.5142749889876,990.5142749889876,20.0,27.123413456732187,18.13201578803855,512.8387109602365,826250,-0.7351662602095166,-6.0547346107804625,-40.29180562925028,15.31992635071205,43.106029094043514,0,0,0,0,0,7,7,1,1
8,1977,2,1,15,28155.625,57.59725709691706,-52.68844776990287,246,273,970.1867640055358,990.1867640055358,20.0,28.23094846280751,16.209480095549296,491.84907593659347,760000,-0.3275109834517934,-2.687500348975113,-52.06049808420004,12.149108939546466,53.4592958127954,0,0,0,0,0,5,5,1,1
8,1977,2,1,18,28155.75,57.72031552800487,-55.02448679594663,243,278,969.4741108194787,991.4741108194787,22.0,28.90638965788628,18.31818521600966,518.816728242419,845625,-0.7126531860571412,-5.83996549025016,-46.2387782371426,4.561157739267914,46.4631980473378,0,0,0,0,0,6,6,1,1
8,1977,2,1,21,28155.875,57.590705590445,-57.59038294553515,239,283,969.5318123029615,991.5318123029615,22.0,30.127206285503576,15.706570834097146,487.7874946350957,747500,0.05770148348281509,0.47352309030269957,-50.96973132235796,-4.8039891664586785,51.195623084252134,0,0,0,0,0,7,7,1,1
8,1977,2,2,0,28156.0,57.394701567471074,-60.131369911651326,235,288,970.8163883481495,992.8163883481495,22.0,30.132578461852844,11.241827514878096,520.7304814323977,851875,1.284576045188005,10.564787213602315,-50.74669083164272,-7.264884318874613,51.26407294128083,0,0,0,0,0,10,10,1,1
8,1977,2,2,3,28156.125,56.80480492121389,-61.59299348974691,231,290,972.3758730482167,992.3758730482167,20.0,29.150678196844712,11.33770724722046,483.07446145339907,733125,1.5594847000672598,12.91144222187761,-29.659895842677418,-21.86450476947956,36.84787633247088,0,0,0,0,0,8,8,1,1
8,1977,2,2,6,28156.25,56.19240256586544,-63.00416160591339,227,292,975.0952069841147,993.0952069841147,18.0,27.413310937486436,15.094518332370644,498.8772817637132,781875,2.71933393589803,22.674034918646015,-29.10224834886739,-22.698678326641797,36.907598902333284,0,0,0,0,0,11,11,1,1
8,1977,2,2,9,28156.375,55.45768126135501,-63.181802696148644,224,291,979.09317060051,991.09317060051,12.0,23.776983381485913,11.097420630427587,377.94386014985884,448750,3.997963616395282,33.626864583305014,-3.733373252618515,-27.23242718641058,27.487145473957845,0,0,0,0,0,8,8,1,1
8,1977,2,2,12,28156.5,54.72107529685362,-63.3522709877921,221,290,984.6257931994547,992.6257931994547,8.0,19.023358833225785,8.965350664568614,325.6331998352982,333125,5.532622598944727,46.95428373721611,-3.649239438045661,-27.302282062892196,27.54508221657566,0,0,0,0,0,8,8,1,1
8,1977,2,2,15,28156.625,54.19072801825506,-64.16842513352009,218,291,988.0766848326624,992.0766848326624,4.0,16.569831720125713,8.758302974966574,202.93186424272537,129375,3.450891633207648,29.48136641105466,-17.69927052324727,-19.657308913302963,26.45135101971372,0,0,0,0,0,7,7,1,1
8,1977,2,2,18,28156.75,53.454049727323714,-63.5148592027864,216,288,991.2684144762117,993.2684144762117,2.0,12.464741721545481,6.418270020672426,151.2564810824976,71875,3.191729643549188,27.524911779769504,14.424790111836353,-27.304962840249768,30.880990357790544,0,0,0,0,0,6,6,1,1
8,1977,2,2,21,28156.875,53.02975115478996,-63.039811780414524,215,286,994.4949236545185,994.4949236545185,0.0,9.045181050900032,7.464632133234991,14.104739588693906,625,3.2265091783068782,27.979185328912354,10.589208298297867,-15.726616216094026,18.959372088575403,0,0,0,0,0,6,6,1,1
8,1977,2,3,0,28157.0,53.02975115478996,-63.039811780414524,215,286,,,,9.045181050900032,,0.0,0,0.0,,0.0,0.0,0.0,0,3,0,0,0,6,6,0,0
13,1977,1,31,18,28154.75,36.35992425368155,168.10493948196387,407,585,994.6119488286707,998.6119488286707,4.0,8.396413306220202,10.960050513032984,286.6421800279766,258125,,,,,,3,0,0,0,0,15,15,1,1
13,1977,1,31,21,28154.875,36.536460700488206,170.3531839696515,398,586,993.492786333955,997.492786333955,4.0,9.494118025671062,11.04918944409852,215.76102719068473,146250,-1.1191624947157106,-13.024256134305583,66.95321941182567,6.543319084252405,67.27219792935571,0,0,0,0,0,12,12,1,1
13,1977,2,1,0,28155.0,36.340211738710636,172.39714453751137,390,588,991.8564685289614,995.8564685289614,4.0,10.821640303821663,9.95921982986918,199.96919625742038,125625,-1.636317804993596,-19.13120258304916,61.023972838791856,-7.273962969642426,61.45596633617712,0,0,0,0,0,13,13,1,1
13,1977,2,1,3,28155.125,36.68259435444145,175.620469938637,377,588,987.0278973566108,991.0278973566108,4.0,12.833570687459167,18.17876265666775,135.28790949515025,57500,-4.828571172350639,-55.999925540857,95.80729837704786,12.690403280186478,96.6441139321089,0,0,0,0,0,12,12,1,1
13,1977,2,1,6,28155.25,37.343060530940136,178.86182299251183,364,586,984.3017258445423,988.3017258445423,4.0,13.735010840245268,20.00237400009144,120.5109478725292,45625,-2.7261715120685404,-31.13732963393396,95.50928834737068,24.48016268232792,98.59666589481837,0,0,0,0,0,12,12,1,1
13,1977,2,1,9,28155.375,37.83268731019246,-178.3415654647158,353,584,980.345683613127,982.345683613127,2.0,16.479092330620677,27.507716490860474,52.7751030705594,8750,-3.9560422314151946,-44.685609811672954,-81.86525933992665,18.148004600724885,83.8526729316447,0,0,0,0,0,13,13,1,1
13,1977,2,1,12,28155.5,38.68378079589556,-175.46222749209338,342,580,973.5706852324146,977.5706852324146,4.0,21.097211893542006,33.951498116404984,82.24405803099427,21250,-6.774998380712495,-75.09909663934575,83.30501631439914,31.545759236805676,89.07783489156445,0,0,0,0,0,15,15,1,1
13,1977,2,1,15,28155.625,40.12801632598635,-172.39656758722023,331,573,966.4541820203897,974.4541820203897,8.0,24.381080810357478,39.43447973777213,153.8645436249672,74375,-7.116503212024836,-76.50079989895379,86.87685052202785,53.53055460863728,102.04463451517218,0,0,0,0,0,14,14,1,1
13,1977,2,1,18,28155.75,41.53717363075836,-169.97619263555987,323,566,959.6675820777908,973.6675820777908,14.0,28.444670455408318,49.534279865182036,221.67338288487116,154375,-6.7865999425988415,-70.90714832190399,67.1488928568608,52.23038104492258,85.07047969771875,0,0,0,0,0,15,15,1,1
13,1977,2,1,21,28155.875,42.80535034015204,-168.58020039407555,319,560,956.4736334013907,970.4736334013907,14.0,30.156626431645225,40.66690501818091,191.84519954901347,115625,-3.1939486764001774,-32.56512997845532,37.96124093210956,47.00493872445588,60.419533907466736,0,0,0,0,0,15,15,1,1
13,1977,2,2,0,28156.0,43.21000968409561,-166.75139545392062,313,557,955.8936905810906,969.8936905810906,14.0,29.751113581574092,33.71973537944388,232.19331810450433,169375,-0.5799428203000571,-5.868426570274137,49.40376397728456,14.998688688613674,51.63034531650149,0,0,0,0,0,21,21,1,1
13,1977,2,2,3,28156.125,44.03474300560667,-164.74488129694222,307,552,954.7021241272894,966.7021241272894,12.0,29.38617591720578,28.52085000666957,211.57109383040859,140625,-1.191566453801206,-11.876680531817716,53.46564948860897,30.56872039558155,61.587517743955516,0,0,0,0,0,17,17,1,1
13,1977,2,2,6,28156.25,44.86722838609049,-162.95096902789018,302,547,,,,29.132462359600268,,0.0,0,0.008722121253085788,,47.12432627378314,30.856050271855263,56.327595059058105,0,2,2,0,0,20,15,0,0
14,1977,2,1,9,28155.375,57.47950851357834,-30.414831727257017,287,236,981.9379205451571,985.9379205451571,4.0,18.143094604874207,11.087074569608667,199.96919625742038,125625,0.18702373591077048,1.5366931150497622,27.11144196025649,17.917250728329655,32.497048463301795,2,0,0,2,0,3,3,1,1
14,1977,2,1,12,28155.5,57.713741937319114,-29.719894041869964,289,236,979.6919605524647,987.6919605524647,8.0,20.49055214377207,14.231232474326971,245.92453796829673,190000,-2.2459599926923692,-18.40625965021042,13.758484222821643,8.68185612351985,16.268697362085607,0,0,0,0,0,5,5,1,1
14,1977,2,1,15,28155.625,58.0007979760269,-30.475848062580813,288,238,977.9284158625206,985.9284158625206,8.0,21.69058389069786,14.972701016286665,210.62867892778948,139375,-1.7635446899441012,-14.407307490228453,-14.847620602785554,10.639725055663465,18.26624172686804,0,0,0,0,0,3,3,1,1
14,1977,2,1,18,28155.75,58.0007979760269,-30.475848062580813,288,238,976.629525877182,986.629525877182,10.0,22.47185910690173,14.040386477419817,255.83680412822147,205625,-1.2988899853386102,-10.61130320170386,0.0,0.0,0.0,0,0,0,0,0,4,4,1,1
14,1977,2,1,21,28155.875,58.08204840163245,-31.033629399280223,287,239,975.7966451192935,983.7966451192935,8.0,22.686903454595186,12.404331445382413,214.37348207692287,144375,-0.832880757888488,-6.798216109568337,-10.930481836147276,3.011545038349227,11.337761537814746,0,0,0,0,0,4,4,1,1
14,1977,2,2,0,28156.0,58.03725508854668,-31.94069097417468,285,240,975.7339819994788,981.7339819994788,6.0,22.47634853336621,11.07985561144611,181.17866047827877,103125,-0.0626631198146788,-0.5117240402146058,-17.797323208450432,-1.6602630542462444,17.874596129572925,0,0,0,0,0,7,7,1,1
14,1977,2,2,3,28156.125,57.98423873657716,-32.84505830277777,283,241,975.5384583548127,981.5384583548127,6.0,22.294586225896083,11.403598422123686,176.73188049071527,98125,-0.19552364466610014,-1.597622227676195,-17.77076728903374,-1.965049789404317,17.879082490883853,0,0,0,0,0,6,6,1,1
14,1977,2,2,6,28156.25,57.792703397228486,-34.08211463956856,280,242,975.2070240461716,981.2070240461716,6.0,21.643478732655783,12.057809076433404,178.96908195899073,100625,-0.33143430864118273,-2.7138347644724177,-24.4377578273381,-7.099252669572115,25.448052893965215,0,0,0,0,0,8,8,1,1
14,1977,2,2,9,28156.375,57.72031552800487,-34.97551320405338,278,243,975.6397300552202,981.6397300552202,6.0,20.337524396308265,12.128883023273593,185.5188843315482,108125,0.4327060090485611,3.5458876908253285,-17.684381058663245,-2.6830546027586726,17.88675810283663,0,0,0,0,0,5,5,1,1
14,1977,2,2,12,28156.5,57.50237454312399,-36.189267014015094,275,244,977.3011778846314,983.3011778846314,6.0,18.187350032296905,14.38777476617106,192.36300129927707,116250,1.661447829411336,13.647926332131032,-24.17000931717693,-8.077977275557336,25.484172877628193,0,0,0,0,0,5,5,1,1
14,1977,2,2,15,28156.625,57.410995461211414,-37.0695337003684,273,245,978.1654210363292,984.1654210363292,6.0,16.939963535703416,16.387521851338462,191.3259964331453,115000,0.8642431516977376,7.106535104625415,-17.573110538842453,-3.3869634367054724,17.89652858327434,0,0,0,0,0,4,4,1,1
14,1977,2,2,18,28156.75,57.3117142299297,-37.944813938903316,271,246,978.4429106005467,984.4429106005467,6.0,15.203074083764616,16.588190267100583,185.5188843315482,108125,0.27748956421753973,2.2842866305996528,-17.520903796719452,-3.6798564098507196,17.903167682033747,0,0,0,0,0,4,4,1,1
14,1977,2,2,21,28156.875,57.05740130710208,-39.12260739335686,268,247,978.5518534924116,984.5518534924116,6.0,14.869198446841889,16.800973315346273,175.60259173501603,96875,0.10894289186486276,0.8993854800082572,-23.739168958864,-9.42610226619312,25.542113201343053,0,0,0,0,0,4,4,1,1
14,1977,2,3,0,28157.0,56.96710836590084,-40.53718152795947,265,249,979.1129672451203,985.1129672451203,6.0,13.913041983153624,16.374875854651183,176.1681409986482,97500,0.5611137527087703,4.637053835219943,-28.58078229914985,-3.3467056577980094,28.776058722336085,0,0,0,0,0,6,6,1,1
14,1977,2,3,3,28157.125,56.699120853675545,-42.2342381657505,261,251,980.478497757358,984.478497757358,4.0,12.323528353394382,15.422642946571505,135.28790949515025,57500,1.3655305122376011,11.31931674757558,-34.53420825571743,-9.932950587849925,35.934315733431326,0,0,0,0,0,6,6,1,1
14,1977,2,3,6,28157.25,56.4060275615546,-44.451731763695804,256,254,980.3116712944039,982.3116712944039,2.0,12.457462675721086,13.130350485897216,91.40915989289316,26250,-0.16682646295404993,-1.3875584024438254,-45.47482467363319,-10.863495705800188,46.75441388839792,0,0,0,0,0,7,7,1,1
14,1977,2,3,9,28157.375,56.4060275615546,-44.451731763695804,256,254,,,,12.457462675721086,,0.0,0,0.0,,0.0,0.0,0.0,0,3,0,0,0,7,7,0,0
15,1977,2,1,0,28155.0,57.267854917391496,-122.53217766378683,238,437,1009.1509285421344,1011.1509285421344,2.0,11.0601584835612,24.980727818376618,67.64395474757512,14375,,,,,,3,0,0,0,0,9,9,1,1
15,1977,2,1,3,28155.125,57.754846337607226,-115.2118592232983,231,420,1011.830980755185,1013.830980755185,2.0,10.401956951076318,9.480833050585133,243.89374731754785,186875,2.680052213050658,21.953819056397084,144.69438684548405,18.050325082472742,145.81591072367078,0,0,0,0,0,8,8,1,1
15,1977,2,1,6,28155.25,57.985894318645734,-112.29174980851185,229,413,1010.5069127170167,1016.5069127170167,6.0,11.160892282653194,10.025040926506627,429.6739856991561,580000,-1.324068038168334,-10.818754508994054,57.37329775568253,8.563787767650075,58.008911007633635,0,0,0,0,0,8,8,1,1
15,1977,2,1,9,28155.375,58.723582282012956,-108.82917961644561,229,404,1010.686551047563,1016.686551047563,6.0,9.702733878547123,5.544451972408351,434.27941185819066,592500,0.17963833054629505,1.4561960715854099,66.62257621445335,27.34238632439737,72.01509391345148,0,0,0,0,0,8,8,1,1
15,1977,2,1,12,28155.5,58.72020182124707,-107.51514148038702,228,401,1010.5370019448875,1016.5370019448875,6.0,8.880596975498815,5.914202569401096,443.7952704527398,618750,-0.14954910267551896,-1.2123282412594856,25.28799018011636,-0.12529669562900136,25.288300587655094,0,0,0,0,0,11,11,1,1
15,1977,2,1,15,28155.625,58.251773774334325,-105.97352342910662,225,398,1010.7772745010728,1016.7772745010728,6.0,8.093280733200574,3.773403622115584,478.7307364817192,720000,0.2402725561853731,1.95757141769207,30.06572212439825,-17.362274104905744,34.71881635302982,0,0,0,0,0,9,9,1,1
15,1977,2,1,18,28155.75,54.68763282185392,-103.99144615139951,209,397,1010.6792617172384,1014.6792617172384,4.0,9.60869353892369,5.005657599908372,380.8279688947355,455625,-0.09801278383441968,-0.8321590677185238,42.46421438224194,-132.10479725397536,138.76197952110275,0,0,0,0,0,10,10,1,1
15,1977,2,1,21,28155.875,53.2891206160232,-102.00777591273486,202,393,1009.8292386836806,1013.8292386836806,4.0,9.240608674887204,4.862391278897703,385.7588259404082,467500,-0.850023033557809,-7.346152380486459,43.949985002808454,-51.83582071295558,67.95994033791351,0,0,0,0,0,10,10,1,1
15,1977,2,2,0,28156.0,51.799342031392726,-100.5039488840356,195,390,1009.571731277884,1015.571731277884,6.0,9.57214109806878,6.1578161481187275,505.61114242207606,803125,-0.2575074057964957,-2.270234922711837,34.46955050041778,-55.21860681154029,65.09411993343436,0,0,0,0,0,14,14,1,1
15,1977,2,2,3,28156.125,51.21892023465778,-99.32359177813801,192,387,1009.7508590212299,1015.7508590212299,6.0,10.339428913063353,4.283759010787471,491.64679376643556,759375,0.17912774334574352,1.5919974666404042,27.40230348807109,-21.51331970361488,34.83832890829147,0,0,0,0,0,10,10,1,1
15,1977,2,2,6,28156.25,50.38434378714331,-98.13010235415598,188,384,1009.3190135672673,1015.3190135672673,6.0,11.353233505639942,3.3981770735164174,501.46267067967744,790000,-0.43184545396245083,-3.883891284218229,28.206516075756053,-30.933555620216023,41.86278075380186,0,0,0,0,0,13,13,1,1
15,1977,2,2,9,28156.375,50.536253147564075,-96.48682169966321,188,379,1008.9674616228815,1014.9674616228815,6.0,11.554167586517472,2.709445666208121,493.06102621569084,763750,-0.3515519443858648,-3.1548425578071506,38.71181616457162,5.6305167295361835,39.11914402694895,0,0,0,0,0,11,11,1,1
15,1977,2,2,12,28156.5,50.13542537699484,-95.43253986737707,186,376,1008.9780877722729,1012.9780877722729,4.0,11.339439314696651,2.502988511568692,396.44105022467926,493750,0.010626149391464423,0.09591428479002513,25.047134225182962,-14.856671515182747,29.121806630159025,0,0,0,0,0,10,10,1,1
15,1977,2,2,15,28156.625,50.23153972500358,-93.79215602146785,186,371,1008.9965043069001,1010.9965043069001,2.0,11.311557110950554,2.4079776930926164,237.69729657196956,177500,0.018416534627031068,0.16599994396348816,38.89266909498532,3.5624759587737955,39.05548545708871,0,0,0,0,0,9,9,1,1
15,1977,2,2,18,28156.75,50.0833289104515,-90.16417083871703,185,360,1006.752461294918,1010.752461294918,4.0,12.443260912853251,2.575814121954754,420.31177336829836,555000,-2.244043011981994,-20.270693971372864,86.27802209990308,-5.493430217349452,86.45273201596495,0,0,0,0,0,8,8,1,1
15,1977,2,2,21,28156.875,49.600667225345084,-89.18849931628813,183,357,1004.6105652439418,1008.6105652439418,4.0,12.920088382021026,4.268979748501806,420.54836881251686,555625,-2.141896050976211,-19.486011303750196,23.43763131467947,-17.889843556515697,29.485065102852495,0,0,0,0,0,8,8,1,1
15,1977,2,3,0,28157.0,50.52242323210735,-87.51044707800085,187,352,1002.9261484312505,1008.9261484312505,6.0,13.261285928517225,3.426518362307397,511.2846506873036,821250,-1.6844168126913428,-15.11903520082133,39.542507461259625,34.16486385203732,52.25751446779706,0,0,0,0,0,8,8,1,1
15,1977,2,3,3,28157.125,50.72335145028929,-86.49646835521554,188,349,1000.4120752813852,1010.4120752813852,10.0,14.696660386848237,4.568355941399859,769.4520051971083,1860000,-2.5140731498652893,-22.50103124354376,23.792373283182286,7.447399493854514,24.930719718198084,0,0,0,0,0,8,8,1,1
15,1977,2,3,6,28157.25,50.41606679639302,-85.19512844386956,187,345,998.5552283934122,1010.5552283934122,12.0,15.291713303896723,3.7317297933375086,846.8718688844573,2253125,-1.8568468879729334,-16.69228863045974,30.73477748434437,-11.389498182998429,32.77723624518526,0,0,0,0,0,11,11,1,1
15,1977,2,3,9,28157.375,50.29893391538557,-83.55046529615772,187,340,997.5692230130201,1009.5692230130201,12.0,15.315589508142551,3.618703360756772,774.7341990226779,1885625,-0.9860053803921619,-8.878808345601515,38.93898377469071,-4.341527370429807,39.18026693775602,0,0,0,0,0,11,11,1,1
15,1977,2,3,12,28157.5,50.21230154221778,-82.5685920288275,187,337,996.2970814678982,1010.2970814678982,14.0,15.349841743902646,4.385046715645949,906.8810111736651,2583750,-1.272141545121849,-11.46982690756394,23.28940989858104,-3.2110267931453484,23.509727911875583,0,0,0,0,0,10,10,1,1
15,1977,2,3,15,28157.625,49.130747146151066,-81.4612975872888,183,333,995.5002412210436,1007.5002412210436,12.0,15.934936748074954,1.671709047264303,761.0026604261211,1819375,-0.7968402468546992,-7.300498169667966,26.854878367318804,-40.087787244246186,48.25158213223101,0,0,0,0,0,9,9,1,1
15,1977,2,3,18,28157.75,49.450295638912195,-80.0857018997602,185,329,993.5145038643309,1005.5145038643309,12.0,15.703116937382758,2.3295688468022853,764.5237265807946,1836250,-1.9857373567126342,-18.105852130640173,33.14619268027434,11.844057070651013,35.19874681136689,0,0,0,0,0,10,10,1,1
15,1977,2,3,21,28157.875,48.14053239642887,-79.42853292065196,180,326,994.0199982419555,1004.0199982419555,10.0,14.254384398147456,1.323735131913636,740.7338700972903,1723750,0.5054943776245636,4.7022609477470425,16.254154407058937,-48.54634255655759,51.1951649192299,0,0,0,0,0,10,10,1,1
15,1977,2,4,0,28158.0,48.14053239642887,-79.42853292065196,180,326,,,,14.254384398147456,,0.0,0,0.0,,0.0,0.0,0.0,0,3,0,0,0,10,10,0,0
16,1977,2,1,12,28155.5,51.51033479866866,-158.23015843305066,297,516,956.3336025179018,968.3336025179018,12.0,32.13432931128686,12.073581211612545,288.0269329188686,260625,-12.622526922379038,-111.72754451777993,-19.902614521488974,37.89778223030665,42.80602717803569,2,0,0,2,0,13,13,1,1
16,1977,2,1,15,28155.625,52.603758687846245,-159.46441025241896,302,513,954.9256078292772,964.9256078292772,10.0,32.682152403287205,10.20652866603188,240.60883306661233,181875,-1.4079946886246035,-12.278706706478186,-27.783211184614977,40.52772971617032,49.13658209191874,0,0,0,0,0,10,10,1,1
16,1977,2,1,18,28155.75,53.227434610893745,-161.00334584451144,307,512,952.7563881707579,964.7563881707579,12.0,34.50325941252991,10.881942700824148,354.02615395598616,393750,-2.169219658519287,-18.762116023503154,-34.14613907387934,23.116532837747712,41.2350931136499,0,0,0,0,0,11,11,1,1
16,1977,2,1,21,28155.875,53.821529147439456,-162.59215631183,312,511,951.9021061781226,963.9021061781226,12.0,35.115997820358885,11.031318078189289,351.7711873561401,388750,-0.854281992635224,-7.332470194333131,-34.76172328386115,22.02009947037793,41.14926714230853,0,0,0,0,0,12,12,1,1
16,1977,2,2,0,28156.0,54.34263960514264,-162.7223842452075,313,509,949.9141991892009,963.9141991892009,14.0,36.49137122116859,18.7227752374571,351.20518347003207,387500,-1.9879069889217498,-16.95055474388819,-2.813773920526403,19.31494637267269,19.5188236596127,0,0,0,0,0,16,16,1,1
16,1977,2,2,3,28156.125,54.99879279189869,-163.5684077252495,316,507,950.7180278214722,962.7180278214722,12.0,35.578758275163196,17.178913413097472,350.0704303147574,385000,0.8038286322713247,6.798701571763621,-17.986549459300196,24.3203018229776,30.248851915611276,0,0,0,0,0,12,12,1,1
16,1977,2,2,6,28156.25,55.144514362499606,-165.82766229986805,322,508,951.529887692261,995.529887692261,44.0,34.17497040957931,7.325728610576043,1572.1565654276085,7765000,0.8118598707887577,6.854443857841579,-47.85558617822547,5.40116645116626,48.15941992481604,0,0,2,0,0,15,15,1,3
16,1977,2,2,9,28156.375,55.133758999199635,-167.36978393742336,326,509,952.8774347193089,994.8774347193089,42.0,32.71004946899965,10.408912151170226,1529.0474531615891,7345000,1.3475470270479855,11.378679578113891,-32.67482386635298,-0.39864727772535796,32.677255612263835,0,0,0,0,0,13,13,1,2
16,1977,2,2,12,28156.5,54.82004277652525,-168.61735718491917,329,511,955.5186554919871,997.5186554919871,42.0,31.601888966735117,11.627600390687657,1603.4799985187121,8077500,2.6412207726782073,22.388197023854232,-26.641392285508143,-11.627884122495669,29.0683930081544,0,0,0,0,0,12,12,1,3
16,1977,2,2,15,28156.625,54.48906038779996,-169.84303448063773,332,513,957.6602432376661,997.6602432376661,40.0,30.431931876036735,12.436704899699981,1597.015329621987,8012500,2.1415877456789896,18.22760536773219,-26.387888237393277,-12.267854144982868,29.10018712915317,0,0,0,0,0,11,11,1,2
16,1977,2,2,18,28156.75,53.831947816871086,-170.38932033090654,333,516,959.7025916964215,993.7025916964215,34.0,29.056198751534023,11.345296728748362,1371.6451330519376,5910625,2.0423484587552956,17.52754755020394,-11.949483781807032,-24.355861373884505,27.12928576124975,0,0,0,0,0,14,14,1,2
16,1977,2,2,21,28156.875,53.47618661404833,-171.56648064363154,336,518,962.6567305412661,990.6567305412661,28.0,27.825781399989975,12.74419498091076,1174.5107361148312,4333750,2.9541388448447106,25.46867914173031,-25.967241863821414,-13.186280283618714,29.123455113230488,0,0,0,0,0,13,13,1,2
16,1977,2,3,0,28157.0,52.83877905506095,-172.4169761363219,338,521,965.7728952965243,985.7728952965243,20.0,25.633570466785166,9.364988706739242,976.7977701837328,2997500,3.1161647552582146,27.090435157729715,-19.042027361246717,-23.625495588096435,30.34407434425431,0,0,0,0,0,14,14,1,2
16,1977,2,3,3,28157.125,51.955942239534295,-173.28012011092383,340,525,967.323608684777,985.323608684777,18.0,24.7361420272226,8.900247372252124,923.8335252253453,2681250,1.550713388252625,13.64209689229401,-19.71575866149512,-32.722324980534154,38.20290161401368,0,0,0,0,0,13,13,1,2
16,1977,2,3,6,28157.25,51.010283221128965,-173.43730149106256,340,529,969.3231143116295,983.3231143116295,14.0,23.265845865940864,8.79254836647975,792.8821004493585,1975000,1.9995056268524787,17.8228662269119,-3.6655594290289057,-35.050828394115186,35.24197634982258,0,0,0,0,0,17,17,1,2
16,1977,2,3,9,28157.375,50.27141468865958,-173.22272242019554,339,532,971.7331050175864,983.7331050175864,12.0,21.562784201461664,7.673584479345082,768.6759565829163,1856250,2.4099907059568797,21.710210395139107,5.083406114543274,-27.38614408930214,27.85393878440524,0,0,0,0,0,19,19,1,2
16,1977,2,3,12,28157.5,49.50036872783442,-172.69424046668917,337,535,974.0590746215394,982.0590746215394,8.0,18.82029680489407,7.233017543844617,671.2729941156048,1415625,2.3259696039529807,21.192234515959573,12.721377288615617,-28.5787996845122,31.28228302932476,0,0,0,0,0,18,18,1,1
16,1977,2,3,15,28157.625,48.893419342116914,-171.50869972305355,333,537,974.8793200649492,982.8793200649492,8.0,17.855514137565514,6.686515095768482,696.1514215419095,1522500,0.8202454434098035,7.54202853601326,28.88991885366432,-22.496564140605958,36.61588192989085,0,0,0,0,0,16,16,1,1
16,1977,2,3,18,28157.75,48.54414936854653,-170.6157728542617,330,538,975.4988715539836,981.4988715539836,6.0,16.6841978640289,5.252071793229698,597.7481469994743,1122500,0.619551489034493,5.72724868229544,21.911048976051077,-12.945683030102195,25.449651792250222,0,0,0,0,0,17,17,1,1
16,1977,2,3,21,28157.875,48.14053239642887,-169.42853292065197,326,539,977.2869111041998,981.2869111041998,4.0,14.795774049738217,4.481645252207745,524.3473697762288,863750,1.7880395502161992,16.63288242595135,29.364515031629498,-14.960053202373931,32.95569654643417,0,0,0,0,0,16,16,1,1
16,1977,2,4,0,28158.0,49.036754934309634,-165.92491194174497,316,533,977.2548068130508,987.2548068130508,10.0,11.864878878275402,1.4411653735007712,973.329234511379,2976250,-0.03210429114900762,-0.29455189201085397,85.12643864492904,33.21846645228391,91.37820894398389,0,0,2,0,0,18,18,1,2
16,1977,2,4,3,28158.125,49.50172275746063,-165.7674043894626,316,531,977.0389895849086,987.0389895849086,10.0,11.09116251391742,0.6728204246165842,976.8995995058948,2998125,-0.2158172281422594,-1.966301276682037,3.791352350972739,17.2340209957849,17.646127969965004,0,0,0,0,0,17,17,1,3
16,1977,2,4,6,28158.25,51.99018151589108,-165.9220261829243,319,521,976.5647581793158,988.0769524568814,11.512194277565577,12.046021380578845,0.7493030907337379,1031.9619726344788,3345625,-0.47423140559272725,-4.170008514104094,-3.5291617310391294,92.2346630338946,92.30215624512742,0,0,0,0,0,16,15,2,0
16,1977,2,4,9,28158.375,52.5083670640827,-166.09061044918218,320,519,976.7999388709289,987.6470863749296,10.84714750400075,11.501632231314124,1.1797484489699854,1017.9870447147662,3255625,0.23518069161305902,2.053557982821074,-3.8031646050006174,19.206534673145825,19.579454414346745,0,0,1,0,0,14,13,2,0
16,1977,2,4,12,28158.5,52.560373401348556,-164.98986443045135,317,518,975.4688776298419,985.0245592705261,9.555681640684197,11.796517473225375,1.7438778300471314,898.3955171052303,2535625,-1.331061241087009,-11.614519256349263,24.802572178411545,1.9276136191096687,24.877364830903844,0,0,0,0,0,16,15,2,0
16,1977,2,4,15,28158.625,52.91011374413325,-165.57922687248902,319,517,975.247214559868,982.0886223696522,6.841407809784141,11.258688304197632,1.5152044800739533,766.0834501876177,1843750,-0.22166306997387436,-1.9252166126704418,-13.17378761164803,12.963117253528958,18.48218301406929,0,0,0,0,0,18,16,2,0
16,1977,2,4,18,28158.75,53.198091238773515,-165.83461524923177,320,516,975.1814856231084,983.0266419529743,7.845156329865858,11.28778711812705,2.0409786840568267,833.7320996302427,2183750,-0.06572893675955128,-0.5687235422346264,-5.670585280657474,10.673878797269513,12.086654872379242,0,0,0,0,0,17,15,2,0
16,1977,2,4,21,28158.875,53.5974044402765,-165.31121322668162,319,514,976.004604941148,981.4350581191691,5.430453178021126,10.612934915690172,2.49817081935711,690.1240230585346,1496250,0.8231193180395349,7.085317856632002,11.512938494038885,14.80053404977592,18.751094926059615,0,0,0,0,0,20,18,2,0
16,1977,2,5,0,28159.0,53.36856105554248,-165.40162729814705,319,515,975.1432278749278,979.1432278749278,4.0,11.238909595725568,2.825893963915878,439.74226071262797,607500,-0.8613770662201569,-7.436595970759917,-1.9995418496322972,-8.482074459530615,8.714571403428428,0,0,0,2,0,18,18,1,1
16,1977,2,5,3,28159.125,53.88557015765245,-165.56922411778737,320,513,975.7707174571443,979.7707174571443,4.0,10.912809736984475,2.7665306138000596,446.6995745481115,626875,0.6274895822165126,5.381470883650838,-3.6613343987937035,19.162929727895754,19.509568045860494,0,0,0,0,0,21,21,1,1
16,1977,2,5,6,28159.25,54.1727158857304,-165.83122990755416,321,512,976.6111177875599,980.6111177875599,4.0,10.579538253697912,2.4378252671016525,454.2076562354155,648125,0.8404003304155776,7.181266367444531,-5.684410152653379,10.64304938997537,12.065944600446494,0,0,0,0,0,20,20,1,1
16,1977,2,5,9,28159.375,54.45882807631516,-166.09731288577944,322,511,977.8910135568267,981.8910135568267,4.0,10.288945103616989,2.025740226935668,477.27404318721887,715625,1.2798957692667319,10.897627557157216,-5.732865774495338,10.604741348062184,12.05513538072799,0,0,0,0,0,21,21,1,1
16,1977,2,5,12,28159.5,54.74389266923175,-166.36755721966153,323,510,979.516048871001,983.516048871001,4.0,9.626911414626056,2.265405791552039,553.1504118177702,961250,1.6250353141743108,13.787472736765094,-5.781900616815719,10.565912166106942,12.044454103221975,0,0,0,0,0,19,19,1,1
16,1977,2,5,15,28159.625,54.972771629162416,-166.27980569578293,323,509,980.7663800321984,982.7663800321984,2.0,9.123336813376431,1.6457575300326426,327.46090286958605,336875,1.2503311611973913,10.578540214730353,1.86682780520217,8.48339305332466,8.686368847307433,0,0,0,0,0,20,20,1,1
16,1977,2,5,18,28159.75,56.279292088370276,-166.94747945870805,326,504,981.9442615345652,983.9442615345652,2.0,9.449633209711237,2.3140682632374228,318.8419983313807,319375,1.1778815023667994,9.811322806403307,-13.738294482778864,48.42614887374445,50.33718933390712,0,0,0,0,0,20,20,1,1
16,1977,2,5,21,28159.875,56.681535456500086,-166.3902681041878,325,502,984.3437590167434,984.3437590167434,0.0,8.216012267098847,1.7657956298419593,14.104739588693906,625,2.3994974821782673,19.894209791541755,11.344513264059582,14.909140604151537,18.734472363874673,0,0,0,0,0,24,24,1,1
16,1977,2,6,0,28160.0,56.681535456500086,-166.3902681041878,325,502,,,,8.216012267098847,,0.0,0,0.0,,0.0,0.0,0.0,0,3,0,0,0,24,24,0,0
20,1977,2,1,12,28155.5,50.835965876141685,-35.49880684847185,260,220,985.9966094968242,989.9966094968242,4.0,12.850267061703617,15.351512206362314,149.27053303604617,70000,,,,,,3,0,0,0,0,3,3,1,1
20,1977,2,1,15,28155.625,52.04301789894387,-34.21570213243741,266,222,982.3481997541841,990.3481997541841,8.0,16.21261786590119,22.889013185025544,240.60883306661233,181875,-3.648409742640215,-32.05808119769792,29.251253536050964,44.73935371055191,53.453209481454046,0,0,0,0,0,2,2,1,1
20,1977,2,1,18,28155.75,52.76756020010526,-33.25196050326034,270,223,979.2808024438215,987.2808024438215,8.0,18.908456234016302,28.604408226565354,165.69317331547472,86250,-3.067397310362576,-26.691643049809436,21.61286572804249,26.855142676173177,34.47194008372623,0,0,0,0,0,3,3,1,1
20,1977,2,1,21,28155.875,53.27883349307287,-32.06194368281355,274,223,978.2550861191095,984.2550861191095,6.0,20.216557781649165,25.255419523971867,133.80930871145785,56250,-1.0257163247119752,-8.865733260228657,26.372774964081813,18.950332102285397,32.47519585919397,0,0,0,0,0,3,3,1,1
20,1977,2,2,0,28156.0,53.16143997342888,-30.29472794386999,278,220,978.7688847575806,982.7688847575806,4.0,19.222316114435834,19.93334020605209,141.75087853467357,63125,0.5137986384711986,4.447802872384291,39.27142118025206,-4.351187935120397,39.51173696464745,0,0,0,0,0,5,5,1,1
20,1977,2,2,3,28156.125,53.64924875916123,-28.252096941600033,284,219,979.6362417369113,981.6362417369113,2.0,17.562150442185033,12.652034513669713,90.31439992304459,25625,0.8673569793306524,7.461135774659824,44.87384622518658,18.080620715360197,48.379447294222,0,0,0,0,0,4,4,1,1
20,1977,2,2,6,28156.25,53.87513825757802,-25.999384850427663,290,217,979.8741821748097,981.8741821748097,2.0,16.304560425399615,9.965145934072206,194.93137937025432,119375,0.23794043789835995,2.04089392817863,49.22316325225031,8.372588735410538,49.930151638964695,0,0,0,1,0,5,5,1,2
20,1977,2,2,9,28156.375,56.72631432796311,-22.27371656453851,304,224,978.390891953166,982.390891953166,4.0,17.046970193061398,10.021218973420982,255.05799926450496,204375,-1.4832902216436923,-12.291633599327122,75.75320422953229,105.67877133239689,130.02519241041813,0,0,1,0,0,4,4,1,1
20,1977,2,2,12,28156.5,57.204593901259834,-21.322420559307236,307,225,976.8114901085676,982.8114901085676,6.0,17.941232590870822,8.967605882058997,377.68057634211374,448125,-1.5794018445984692,-13.017233337388259,19.09797178216785,17.727420689440166,26.057512745710603,0,0,0,0,0,4,4,1,2
20,1977,2,2,15,28156.625,57.288965890050676,-20.95182447986153,308,225,975.5807098538538,983.5807098538538,8.0,18.530359505674564,7.245747670734853,421.49342251846366,558125,-1.2307802547137543,-10.134332746263734,7.423030542673636,3.1272457014843247,8.054877287390406,0,0,0,0,0,3,3,1,2
20,1977,2,2,18,28156.75,57.37190218336476,-20.579383621353017,309,225,974.0228705757598,984.4124056980384,10.389535122278467,19.230632528550885,8.403751754964324,493.46434818596555,765000,-1.5578392780938883,-12.815459323940752,7.4431603783324265,3.0740316837438466,8.052968844484544,0,0,0,0,0,2,1,2,0
20,1977,2,2,21,28156.875,56.93330444320718,-20.302627662356183,309,223,972.9636455010747,983.7239477489908,10.760302247916115,19.923447470951864,6.644496877305283,509.1400726331846,814375,-1.059225074685237,-8.756815346290708,5.596888367493549,-16.25661451443033,17.193099629472616,0,0,0,0,0,2,1,2,0
20,1977,2,3,0,28157.0,56.79678821248751,-17.318938431514738,316,220,973.8487944387313,983.8487944387313,10.0,19.627588566962206,4.8314384457200505,504.0347983130112,798125,0.8851489376566315,7.329084906753434,60.55561470337671,-5.059970753555334,60.766650196720974,0,0,1,0,0,2,2,1,1
20,1977,2,3,3,28157.125,57.90155619545909,-11.627797615186243,331,221,974.2156827350644,984.2156827350644,10.0,20.406817274584316,5.817738269592519,555.4832544005374,969375,0.36688829633319986,3.0005519974054864,112.0563484158356,40.94819827526055,119.30373071401075,0,0,0,0,0,2,2,1,1
20,1977,2,3,6,28157.25,59.37879978021298,-8.730036234409928,339,226,972.9847293759442,982.9847293759442,10.0,22.718451641293044,3.3572570642348727,551.5295866808824,955625,-1.2309533591203217,-9.910242525501328,54.70371003767331,54.753997347618125,77.39829531345515,0,0,0,1,0,4,4,1,2
20,1977,2,3,9,28157.375,60.13657135779482,-8.068626219471518,341,229,972.9443781173212,982.9443781173212,10.0,23.321988091566975,4.6925827818742984,536.3511532928785,903750,-0.040351258622977185,-0.32236734854428606,12.206881256570174,28.086784994181464,30.62475210220291,0,0,0,0,0,5,5,1,1
20,1977,2,3,12,28157.5,60.628268046200795,-7.755217107340554,342,231,973.4749441168271,983.4749441168271,10.0,23.581991214712946,4.772425294492568,513.8076117124788,829375,0.530565999505925,4.218078116306672,5.697584760294106,18.22472573289139,19.094583005131305,0,0,0,0,0,4,4,1,1
20,1977,2,3,15,28157.625,61.1184478835797,-7.431407971172509,343,233,973.9069023050328,983.9069023050328,10.0,23.272419723877118,3.1824248838466156,512.8387109602365,826250,0.43195818820560816,3.4177997501127466,5.7969550744639395,18.168503686663122,19.070899673262524,0,0,0,0,0,2,2,1,1
20,1977,2,3,18,28157.75,61.634756896785916,-6.643074102581218,345,235,975.0435027344324,985.0435027344324,10.0,22.76687935411486,3.241176333996845,526.8077752050482,871875,1.1366004293996956,8.949049018296492,13.881858188487662,19.136980949796495,23.641701009829134,0,0,0,0,0,4,4,1,1
20,1977,2,3,21,28157.875,64.48373800623408,-5.332158881659557,349,247,976.3758357547553,986.3758357547553,10.0,24.803849478058968,2.1295591589468676,533.189006917714,893125,1.3323330203228396,10.228312231684905,20.930195875088604,105.59741515894049,107.65169384463587,0,0,0,0,0,3,3,1,1
20,1977,2,4,0,28158.0,65.3227396784443,-7.092517328273074,346,251,977.8842300640838,987.8842300640838,10.0,23.95070046301336,4.830413653448704,531.3201297798244,886875,1.5083943093285779,11.500783450910255,-27.24042832729149,31.097576465359335,41.341265068611236,0,0,0,0,0,5,5,1,2
20,1977,2,4,3,28158.125,65.68204719926108,-8.806792694435309,343,253,979.4438906566763,989.4438906566763,10.0,22.43828622011788,6.961667214785631,538.5720785419342,911250,1.5596605925925542,11.857731175043236,-26.164780819589428,13.317724473353424,29.359113414497237,0,0,0,0,0,4,4,1,1
20,1977,2,4,6,28158.25,66.01834398585711,-10.569991220827086,340,255,980.8615337298229,992.8615337298229,12.0,20.13426386175952,8.66558073946282,692.1389879977901,1505000,1.4176430731464642,10.74967851380985,-26.561432352936198,12.46483217211605,29.340786112826375,0,0,0,0,0,4,4,1,1
20,1977,2,4,9,28158.375,66.10689616655745,-12.264773727892404,337,256,982.2413444367421,992.2413444367421,10.0,18.453274989645482,8.863464931190029,619.3249654676192,1205000,1.3798107069192338,10.455627959597084,-25.442120314485127,3.282184412395941,25.652957346351155,0,0,0,0,0,6,6,1,1
20,1977,2,4,12,28158.5,66.10689616655745,-12.264773727892404,337,256,984.7110366409573,990.7110366409573,6.0,16.109490697886113,8.434168037825803,325.9385287348523,333750,2.4696922042152436,18.71429373065688,0.0,0.0,0.0,0,0,0,0,0,6,6,1,1
20,1977,2,4,15,28158.625,66.22834486001612,-13.442867656830373,335,257,985.9711656001532,989.9711656001532,4.0,13.862682322377639,8.947021818985887,215.29950574842135,145625,1.260128959195863,9.539793273908048,-17.601191198084933,4.50149285340528,18.167701271784534,0,0,0,0,0,7,7,1,1
20,1977,2,4,18,28158.75,66.1740549785111,-13.97046189004088,334,257,986.5963254900893,990.5963254900893,4.0,12.040869046788904,9.384790263470858,214.37348207692287,144375,0.6251598899360397,4.734744680778101,-7.899514086097118,-2.012253130497741,8.151778054979461,0,0,0,0,0,7,7,1,1
20,1977,2,4,21,28158.875,66.50155846680694,-15.303347462300946,332,259,989.1410026241823,991.1410026241823,2.0,7.974848986028486,10.29374740385152,135.28790949515025,57500,2.544677134093072,19.224293293637913,-19.697942337476267,12.13890878563119,23.137891840796865,0,0,0,0,0,8,8,1,1
20,1977,2,5,0,28159.0,66.50155846680694,-15.303347462300946,332,259,,,,7.974848986028486,,0.0,0,0.0,,0.0,0.0,0.0,0,3,0,0,0,8,8,0,0
31,1977,2,1,21,28155.875,48.21968369531443,154.48935332644385,438,524,994.314913379688,994.314913379688,0.0,9.55958714154015,10.95745669808901,14.104739588693906,625,,,,,,3,0,0,0,0,13,13,1,1
31,1977,2,2,0,28156.0,48.33466837968388,153.36447434491677,441,522,995.02385847389,995.02385847389,0.0,10.805576352453079,12.187926734721769,14.104739588693906,625,0.7089450942019175,6.574898265798266,-27.716766674944875,4.261904514569955,28.042521017281,0,0,0,0,0,18,18,1,1
31,1977,2,2,3,28156.125,48.54414936854652,152.51432949989427,443,520,992.5756267786205,994.5756267786205,2.0,13.463453034288245,12.977691405780426,110.16153780134434,38125,-2.4482316952694965,-22.63190711160653,-20.861255149325178,7.764407730003432,22.259334981148545,0,0,0,0,0,14,14,1,1
31,1977,2,2,6,28156.25,48.513602116220376,151.0990859279985,447,518,991.5599338077067,995.5599338077067,4.0,15.775581940263836,17.01239416855482,163.88226458881186,84375,-1.0156929709138058,-9.393679268706034,-34.74855273523601,-1.1322331605329783,34.766993961562,0,0,0,0,0,18,18,1,1
31,1977,2,2,9,28156.375,48.33466837968388,149.4146063231528,452,516,991.0652635657134,995.0652635657134,4.0,18.225345300441653,19.479995488267885,139.62979814050144,61250,-0.494670241993299,-4.587670530233501,-41.50473873832075,-6.632174569470454,42.031286885559346,0,0,0,0,0,15,15,1,1
31,1977,2,2,12,28156.5,47.98916166178837,147.480841391757,458,514,991.4276847767245,997.4276847767245,6.0,19.39432003819689,18.537245206903464,212.04073057660514,141250,0.3624212110110966,3.379362285036793,-47.96872065199783,-12.806198050531176,49.648734822740764,0,0,0,0,0,13,13,1,1
31,1977,2,2,15,28156.625,47.463427433041716,146.4384942167794,462,514,991.2051678932423,997.2051678932423,6.0,19.814121898780776,18.509561524073362,202.4410972262378,128750,-0.22251688348216703,-2.092217772218641,-26.119119932459764,-19.486326333339647,32.58719595202421,0,0,0,0,0,12,12,1,1
31,1977,2,2,18,28156.75,46.3863577167909,145.51479009100427,467,516,990.5242999770594,996.5242999770594,6.0,19.95762124395866,18.30813556349254,197.4663542417147,122500,-0.6808679161829059,-6.515388832655196,-23.616321840643227,-39.9215626965284,46.38385306778308,0,0,0,0,0,15,15,1,1
31,1977,2,2,21,28156.875,44.29494891637395,145.46917425771142,472,523,991.2360894664843,995.2360894664843,4.0,18.10101068643599,21.836759872201146,122.15062797572998,46875,0.7117894894248457,7.061511827511644,-1.2101613881765556,-77.51801604871584,77.52746160370788,0,0,0,0,0,15,15,1,1
31,1977,2,3,0,28157.0,42.942351399795946,146.1930819640058,473,529,994.5261086816841,996.5261086816841,2.0,13.202982058571527,14.316041204291615,84.62843753216345,22500,3.2900192151998637,33.45837061013407,19.641746890098364,-50.13399387850105,53.84436426502099,0,0,0,0,0,17,17,1,1
31,1977,2,3,3,28157.125,41.4795274666363,148.2405199151872,470,538,994.1680530036409,994.1680530036409,0.0,9.91900809910635,10.766966667882151,14.104739588693906,625,-0.35805567804316524,-3.7452608715210336,56.85356636579503,-54.219533313864126,78.56262343686775,0,0,0,0,0,16,16,1,1
31,1977,2,3,6,28157.25,41.4795274666363,148.2405199151872,470,538,,,,9.91900809910635,,0.0,0,0.0,,0.0,0.0,0.0,0,3,0,0,0,16,16,0,0
49,1977,2,2,18,28156.75,59.10770008050255,-114.96607683553711,236,417,1007.7066948341962,1009.7066948341962,2.0,10.402586155594808,28.66157076013144,54.62742152960396,9375,,,,,,3,0,0,0,0,10,10,1,1
49,1977,2,2,21,28156.875,59.10770008050255,-114.96607683553711,236,417,1006.5791162978982,1008.5791162978982,2.0,10.242000145286514,32.67363301239944,44.60310290381928,6250,-1.1275785362980968,-9.103582940818631,0.0,0.0,0.0,0,0,0,0,0,9,9,1,1
49,1977,2,3,0,28157.0,60.19652951706121,-120.36616902843384,246,426,1002.0378715611675,1006.0378715611675,4.0,13.693492160646102,22.717111979747642,180.62879984608918,102500,-4.541244736730587,-36.25836665125535,-99.45425981087976,40.357436442192046,107.33066882636828,0,0,0,0,0,10,10,1,1
49,1977,2,3,3,28157.125,60.19652951706121,-120.36616902843384,246,426,1001.9868824765058,1007.9868824765058,6.0,13.767155562538253,24.045115618917336,298.54106607209235,280000,-0.05098908466170542,-0.40710885099908145,0.0,0.0,0.0,0,0,0,0,0,11,11,1,1
49,1977,2,3,6,28157.25,59.20525538421019,-114.58361514857606,236,416,1002.1780295075552,1010.2190162231316,8.040986715576437,14.209198808143796,31.027892475031184,460.29883553088166,665625,0.19114703104933142,1.5416704335303533,109.69500246024268,-36.741551495672574,115.68463671145709,0,0,0,0,0,13,14,2,0
49,1977,2,3,9,28157.375,58.99338106175146,-114.40927210940264,235,416,1003.7090993991769,1009.7090993991769,6.0,13.621837189372549,24.62712092567046,362.90593190046286,413750,1.5310698916217371,12.375996824173011,3.3288255060376497,-7.853116581221539,8.529508736609834,0,0,0,2,0,13,13,1,1
49,1977,2,3,12,28157.5,57.553057124999384,-111.98755496369621,227,413,1004.2644068488715,1010.2644068488715,6.0,14.165978237672828,17.348877999073956,381.6107610236958,457500,0.5553074496946647,4.558993576404932,48.155812537138225,-53.38557149718284,71.89576847904763,0,0,0,0,0,13,13,1,1
49,1977,2,3,15,28157.625,55.24144229660559,-107.72323661688631,214,406,1005.2658049828794,1011.2658049828794,6.0,13.839286811292565,6.6458037801790475,412.1867316527768,533750,1.0013981340079043,8.444757092481284,90.09725195392532,-85.67994709124085,124.33249029600803,0,0,0,0,0,12,12,1,1
49,1977,2,3,18,28157.75,54.09325505475951,-106.02029230207123,208,403,1006.953762315471,1010.953762315471,4.0,11.473030078334212,7.254467487777001,306.7578199542485,295625,1.687957332591468,14.438156741025116,37.01670724082413,-42.557532043764425,56.40372459872591,0,0,0,0,0,13,13,1,1
49,1977,2,3,21,28157.875,52.22054402519995,-104.16216805531275,199,400,1007.0415173843506,1009.0415173843506,2.0,9.67791870876212,4.938445550202378,197.4663542417147,122500,0.08775506887963275,0.7692363275675355,42.191053503322685,-69.41198851944351,81.22874581048013,0,0,0,0,0,13,13,1,1
49,1977,2,4,0,28158.0,49.509847713281644,-101.24641168018536,186,394,1007.5385314953071,1007.5385314953071,0.0,8.43569352471528,4.828408442283326,14.104739588693906,625,0.49701411095651565,4.527725416786638,70.16892886591579,-100.47189251981051,122.54909124388602,0,0,0,0,0,13,13,1,1
49,1977,2,4,3,28158.125,48.6998250408931,-100.06321350494179,182,391,1007.4602256041087,1007.4602256041087,0.0,8.824140938358125,9.492929963626157,14.104739588693906,625,-0.07830589119839715,-0.7221435971172022,28.944323022794833,-30.0234705455579,41.70350847168466,0,0,0,0,0,12,12,1,1
49,1977,2,4,6,28158.25,46.50768578407601,-98.0445224633356,172,386,1006.8378812908417,1006.8378812908417,0.0,9.15745914120988,7.3616863149502025,14.104739588693906,625,-0.6223443132670945,-5.9433849550577085,51.49588849159437,-81.25158795214503,96.19587868658346,0,0,0,0,0,11,11,1,1
49,1977,2,4,9,28158.375,46.50768578407601,-98.0445224633356,172,386,,,,9.15745914120988,,0.0,0,0.0,,0.0,0.0,0.0,0,3,0,0,0,11,11,0,0
52,1977,2,2,21,28156.875,27.76862433563411,19.60268669351217,448,111,1005.0443376164243,1007.0443376164243,2.0,7.558051760468432,3.946168080017451,305.7834676147298,293750,,,,,,3,0,0,0,0,0,0,1,1
52,1977,2,3,0,28157.0,29.329657182306068,21.73951273746018,455,120,1003.6993483592797,1007.6993483592797,4.0,8.366605332843566,1.416162774694967,456.39240985309783,654375,-1.3449892571446254,-19.02351214780319,69.04807953921866,57.85964429181159,90.08538019917123,0,0,0,0,0,0,0,1,1
52,1977,2,3,3,28157.125,29.716421897254676,22.11268374831727,456,122,1002.8902817965802,1008.8902817965802,6.0,9.106818759025515,2.8530656258310048,1305.4315582045922,5353750,-0.8090665626994451,-11.307830338676597,12.012571527972232,14.335424702471425,18.703108728627896,0,0,0,0,0,0,0,1,1
52,1977,2,3,6,28157.25,29.79679951713567,23.110443230095303,460,124,1004.4258593468778,1010.4258593468778,6.0,8.631786028893544,2.429870374955353,740.7338700972903,1723750,1.535577550297603,21.40923258330231,32.092568391173124,2.9791945155105064,32.23055298786188,0,0,0,0,0,0,0,1,1
52,1977,2,3,9,28157.375,30.47798559504075,25.098842093752143,467,130,1005.772593449214,1011.772593449214,6.0,7.760349559281092,1.891054739894389,1391.874112406038,6086250,1.3467341023361952,18.395729250321335,63.51557793721931,25.248145321316535,68.34981699218585,0,0,0,0,0,0,0,1,2
52,1977,2,3,12,28157.5,31.309489776435274,26.20663721362415,470,135,1003.4621408959792,1007.4621408959792,4.0,8.496615337464947,2.3092406351717365,490.0255303449986,754375,-2.3104525532347906,-30.803343592494606,35.080739356766976,30.819682151602702,46.69594288311606,0,0,0,2,0,0,0,1,1
52,1977,2,3,15,28157.625,31.417034655308814,27.53954968832419,475,138,1002.4951495589755,1008.4951495589755,6.0,8.657660243681285,3.256142789896694,1489.837113611869,6973125,-0.9669913370037102,-12.852451905210842,42.16122490618912,3.9861483057805027,42.34924159776582,0,0,0,0,0,0,0,1,1
52,1977,2,3,18,28157.75,31.68850330265606,29.502043496033355,482,143,1003.0406859562203,1007.0406859562203,4.0,8.83160585886887,2.5891839865869404,448.25563649943973,631250,0.545536397244723,7.195089290620039,61.894650539966456,10.061978776024773,62.70718605035425,0,0,0,0,0,0,0,1,1
52,1977,2,3,21,28157.875,32.71094945967721,29.759397582294934,481,147,1003.1553273682377,1007.1553273682377,4.0,9.12364092666442,2.3626611970092197,431.52205438136946,585000,0.11464141201751772,1.4697582253001542,8.026035404113518,37.89694180932593,38.73751983294128,0,0,0,0,0,0,0,1,1
52,1977,2,4,0,28158.0,32.94415418338127,31.24580098847438,486,151,1002.523889719081,1006.523889719081,4.0,9.606706445808321,3.1469850836239495,390.37271678549695,478750,-0.6314376491567236,-8.044422167675956,46.234143200112605,8.64372738181263,47.03519980290948,0,0,0,0,0,0,0,1,2
52,1977,2,4,3,28158.125,33.29615439926648,31.166357453962984,485,152,1002.2054397445801,1008.2054397445801,6.0,9.809695971416248,3.877111930312458,525.1056454721361,866250,-0.3184499745009816,-4.018979779302514,-2.4612039499203986,13.046879394741385,13.276994645778506,0,0,1,0,0,0,0,1,1
52,1977,2,4,6,28158.25,33.465271104788776,31.81703484145915,487,154,1003.5722270107406,1009.5722270107406,6.0,9.352180612924348,2.0171879055162574,587.6786762418839,1085000,1.366787266160536,17.1723614288186,20.1191409339609,6.268306554973805,21.07300403330547,0,0,0,0,0,0,0,1,1
52,1977,2,4,9,28158.375,33.682426462778714,31.94237929735169,487,155,1004.2373662524489,1008.2373662524489,4.0,8.85553115800503,3.2156949018371233,477.27404318721887,715625,0.6651392417082388,8.309248743581854,3.865956882024387,8.048858034054865,8.929151038370962,0,0,0,0,0,0,0,1,1
52,1977,2,4,12,28158.5,34.760333260136825,32.5825542099237,487,160,1003.8099708385579,1007.8099708385579,4.0,7.608204981366048,5.9431337818881005,581.7243314054713,1063125,-0.42739541389091756,-5.19356061178392,19.49362149878798,39.95258908730191,44.45459092058777,0,0,0,0,0,0,0,1,2
52,1977,2,4,15,28158.625,37.49739656889618,29.57187782199101,471,163,1003.6124843340293,1007.6124843340293,4.0,9.052684749093642,10.498838757538978,431.0607800064717,583750,-0.1974865045286424,-2.2476911336007332,-88.53012414287768,101.44918461300317,134.6459057654429,0,0,1,0,0,0,0,1,1
52,1977,2,4,18,28158.75,37.49739656889618,29.57187782199101,471,163,,,,9.052684749093642,,0.0,0,0.0,,0.0,0.0,0.0,0,3,0,0,0,0,0,0,0
56,1977,2,2,21,28156.875,43.79639365039716,-149.91840132658655,259,533,990.3780323119813,990.3780323119813,0.0,7.751115700311781,3.5189220749735983,14.104739588693906,625,,,,,,3,0,0,0,0,17,17,1,1
56,1977,2,3,0,28157.0,44.76298798102764,-149.58618606823643,260,529,985.7178184015961,985.7178184015961,0.0,10.945180086571012,5.546923803857935,14.104739588693906,625,-4.66021391038521,-45.850644055209656,8.742932040687773,35.82679522983421,36.87815230063128,0,0,0,0,0,16,16,1,1
56,1977,2,3,3,28157.125,44.469875220565335,-148.439951593748,256,528,982.7050655097673,984.7050655097673,2.0,15.272486535398418,4.809628654608096,173.8949084575512,95000,-3.012752891828859,-29.79578384170798,30.317958686738358,-10.864217299396797,32.205742290145814,0,0,0,0,0,14,14,1,1
56,1977,2,3,6,28157.25,46.22203178700938,-148.52054380732523,260,522,980.3734019606974,984.3734019606974,4.0,16.280112990544225,6.09790533216903,233.90064490684722,171875,-2.3316635490699262,-22.373476459781774,-2.066705107883634,64.9436402918426,64.97651640676956,0,0,0,0,0,16,16,1,1
56,1977,2,3,9,28157.375,47.75703527845111,-148.76950526688913,264,517,978.0234650511001,984.0234650511001,6.0,17.66388783495908,8.146279324023999,262.363322298001,216250,-2.349936909597309,-21.992199799125505,-6.203591647719301,56.894866876668566,57.232075152360935,0,0,0,0,0,17,17,1,1
56,1977,2,3,12,28157.5,49.19933824123344,-149.47739570879415,269,513,979.1228675780745,983.1228675780745,4.0,14.93312016870637,9.30589093669798,192.8794129702041,116875,1.0994025269744452,10.062100168670879,-17.144578772947312,53.45892404860359,56.1408331051131,0,0,0,0,0,16,16,1,1
56,1977,2,3,15,28157.625,50.26728816138626,-149.37560245812276,271,509,978.2500884385616,982.2500884385616,4.0,15.258233124110841,7.698753583187863,210.62867892778948,139375,-0.8727791395128588,-7.8628323944853005,2.4117049814875253,39.583537677151455,39.65693856005782,0,0,0,0,0,14,14,1,1
56,1977,2,3,18,28157.75,51.69145929643026,-150.14921165267097,276,505,978.4687359603763,980.4687359603763,2.0,14.752602178403004,9.53835086313069,119.6826841204298,45000,0.21864752181470976,1.9305026154852507,-17.774694616668825,52.78686829683838,55.6991313514277,0,0,0,0,0,15,15,1,1
56,1977,2,3,21,28157.875,53.97807985478496,-154.32632467329776,291,502,978.5810030153411,980.5810030153411,2.0,12.683596260188391,4.690022209607778,194.4204181260938,118750,0.11226705496475915,0.9616921459988818,-91.03833314569118,84.75353508339711,124.38303666930824,0,0,0,0,0,15,15,1,1
56,1977,2,4,0,28158.0,55.40505829306634,-156.55401992047885,299,499,,,,13.342231153542073,,0.0,0,-0.6127360247964679,,-46.87855545829721,52.89092092268835,70.67565689759607,0,2,2,0,0,16,18,0,0
57,1977,2,5,0,28159.0,61.18389108099732,-167.98383790731677,333,484,976.6755773098322,978.6755773098322,2.0,19.41346574382037,4.009420221619293,146.58075357087597,67500,3.240519190663035,25.6239597472885,-22.093487045061842,49.482464776994505,54.19074173894298,2,0,0,2,0,16,16,1,1
57,1977,2,5,3,28159.125,62.04544564712345,-169.5085229876684,337,481,976.9725863729728,980.9725863729728,4.0,20.99519376161844,6.573935407975295,195.94930472170537,120625,0.297009063140722,2.3295520035589967,-26.490776155473732,31.93349892689342,41.49107825826317,0,0,0,0,0,18,18,1,1
57,1977,2,5,6,28159.25,62.61956050292643,-170.7321637371789,340,479,977.9497060713367,981.9497060713367,4.0,21.325448616575585,8.950861166243266,180.62879984608918,102500,0.977119698363822,7.623754431808197,-20.85793928363073,21.279553092187847,29.797198038789947,0,0,0,0,0,17,17,1,1
57,1977,2,5,9,28159.375,62.722698792264936,-172.13857459563891,343,479,980.5563860798467,982.5563860798467,2.0,19.526527522154762,7.3933505850416985,126.94265629824517,50625,2.6066800085100112,20.319117807573942,-23.889924714904243,3.822818172413423,24.19385131935647,0,0,0,0,0,19,19,1,1
57,1977,2,5,12,28159.5,63.01109203872237,-173.0238035229552,345,478,984.4526666859966,986.4526666859966,2.0,16.533114554396843,8.137361458730812,146.58075357087597,67500,3.8962806061499577,30.293338148948134,-14.89009956668458,10.689288628206727,18.329646927393064,0,0,0,0,0,17,17,1,1
57,1977,2,5,15,28159.625,62.62718814542623,-174.54844890128726,348,480,986.1433016188513,986.1433016188513,0.0,14.582867570240113,4.823662155770217,14.104739588693906,625,1.690634932854591,13.189885615134868,-25.981909235723826,-14.22938841787482,29.623218972288296,0,0,0,0,0,18,18,1,1
57,1977,2,5,18,28159.75,62.89732090717491,-175.45466469125117,350,479,987.5065926248066,987.5065926248066,0.0,13.718452744949893,4.668745659254127,14.104739588693906,625,1.3632910059552523,10.61025309876213,-15.302508626735342,10.012464208978917,18.287050330969,0,0,0,0,0,18,18,1,1
57,1977,2,5,21,28159.875,63.17383674597543,-176.86033985217975,353,478,988.232619772439,988.232619772439,0.0,14.660999313963268,5.277103833116416,14.104739588693906,625,0.7260271476324124,5.636684525853587,-23.51207670846092,10.249052803827382,25.648797915695628,0,0,0,0,0,21,21,1,1
57,1977,2,6,0,28160.0,63.43339228796369,-178.293821705553,356,477,988.6579419496248,988.6579419496248,0.0,15.712946990824463,8.199361093368061,14.104739588693906,625,0.4253221771858807,3.294576170558175,-23.76213449729735,9.620419817191285,25.635746786989756,0,0,0,0,0,16,16,1,1
57,1977,2,6,3,28160.125,63.6735545738693,-179.26232686256782,358,476,989.7344378551768,989.7344378551768,0.0,15.180006300632277,8.94152091246171,14.104739588693906,625,1.0764959055520011,8.321246902159404,-15.919901062434679,8.901609254687928,18.23956954428625,0,0,0,3,0,22,22,1,1
57,1977,2,6,6,28160.25,63.90579064691938,-179.7519678718435,359,475,991.1998222356887,991.1998222356887,0.0,14.57695428728825,9.352479765077442,14.104739588693906,625,1.4653843805118232,11.30475108261852,-7.9825833265026755,8.607824369007798,11.7395177470049,0,0,0,0,0,18,18,1,1
57,1977,2,6,9,28160.375,64.1359353330163,179.74980167980246,360,474,993.0145167869312,993.0145167869312,0.0,13.513280494402185,9.731579460757276,14.104739588693906,625,1.8146945512425736,13.972140137534655,8.05593363465262,8.530307162727462,11.733039121063511,0,0,0,0,0,14,14,1,1
57,1977,2,6,12,28160.5,64.36596666498842,179.74759731771084,360,473,994.5328951026256,994.5328951026256,0.0,12.897812663421405,9.610094881113474,14.104739588693906,625,1.5183783156944264,11.668053411582457,-0.03534716648619454,8.526105694863299,8.526178964938454,0,0,0,0,0,16,16,1,1
57,1977,2,6,15,28160.625,64.5958857719216,179.74535376772715,360,472,996.3216832433271,996.3216832433271,0.0,11.033846811059457,10.124742535427067,14.104739588693906,625,1.7887881407015085,13.719723427711884,-0.03567440657462696,8.521946076539262,8.522020745969078,0,0,0,0,0,12,12,1,1
57,1977,2,6,18,28160.75,64.82569377884691,179.7430699754965,360,471,997.5782099113104,997.5782099113104,0.0,9.578408826084889,10.631904344217618,14.104739588693906,625,1.2565266679832712,9.619115970594441,-0.036007314058277826,8.517828157463814,8.51790426376988,0,0,0,0,0,12,12,1,1
57,1977,2,6,21,28160.875,65.05539180678974,-179.74074484849862,359,470,999.0047525383984,999.0047525383984,0.0,8.202527549318194,8.953076311240293,14.104739588693906,625,1.4265426270880561,10.900191366038396,-8.068907964258214,8.513751789167953,11.729929465398765,0,0,0,0,0,11,11,1,1
57,1977,2,7,0,28161.0,67.78041455022512,177.38424512457814,364,458,1002.2894726708669,1002.2894726708669,0.0,10.477710973605316,19.657301403143503,14.104739588693906,625,3.2847201324683555,24.582685069030525,40.29363705518734,101.00290135368314,108.74356656371454,0,0,0,0,0,8,8,1,1
57,1977,2,7,3,28161.125,67.78041455022512,177.38424512457814,364,458,1003.0181437802125,1003.0181437802125,0.0,9.213775469708786,17.212837869662106,14.104739588693906,625,0.7286711093457415,5.4533389992305645,0.0,0.0,0.0,0,0,0,0,0,12,12,1,1
57,1977,2,7,6,28161.25,67.78041455022512,177.38424512457814,364,458,1003.8373441516322,1003.8373441516322,0.0,7.53965038532978,14.58668265198023,14.104739588693906,625,0.8192003714197199,6.130855575787114,0.0,0.0,0.0,0,0,0,0,0,11,11,1,1
57,1977,2,7,9,28161.375,67.78041455022512,177.38424512457814,364,458,,,,7.53965038532978,,0.0,0,0.0,,0.0,0.0,0.0,0,3,0,0,0,11,11,0,0
71,1977,2,3,9,28157.375,57.448498740441416,40.18941380563435,452,250,1016.8632935296195,1016.8632935296195,0.0,7.826731689057426,2.200291055374837,14.104739588693906,625,,,,,,3,0,0,0,0,8,8,1,1
71,1977,2,3,12,28157.5,58.002454318039284,41.549156806248845,453,254,1017.1141817919134,1017.1141817919134,0.0,8.392364441217552,2.4571276337693417,14.104739588693906,625,0.2508882622940291,2.049598783010858,26.705035177717185,20.532349938446487,33.68584714443049,0,0,0,0,0,7,7,1,1
71,1977,2,3,15,28157.625,58.69485874562477,42.650721352519874,453,258,1017.7770535177249,1017.7770535177249,0.0,8.67714729201345,2.3720646401413976,14.104739588693906,625,0.6628717258114193,5.375051973790752,21.21457821031261,25.663953177911946,33.29709929347491,0,0,0,0,0,5,5,1,1
71,1977,2,3,18,28157.75,59.21211176039665,44.10482628978893,454,262,1017.4988941488632,1017.4988941488632,0.0,9.991787257647102,2.4845131677640167,14.104739588693906,625,-0.27815936886167036,-2.2432966563563776,27.586915323206068,19.171970344745308,33.59467731575249,0,0,0,0,0,7,7,1,1
71,1977,2,3,21,28157.875,59.87333471684159,45.30476191042108,454,266,1017.1194140892914,1017.1194140892914,0.0,10.621746548661235,2.5495932549555436,14.104739588693906,625,-0.37948005957179703,-3.039727698605372,22.322583135188122,24.508212712530955,33.15041791878421,0,0,0,0,0,6,6,1,1
71,1977,2,4,0,28158.0,60.51935218580875,46.55656747133987,454,270,1016.6216781503072,1018.6216781503072,2.0,11.842667553446836,2.804264204742358,284.55241573039183,254375,-0.49773593898426044,-3.961319611896081,22.83355335446407,23.944621690969086,33.08649372047127,0,0,0,0,0,8,8,1,1
71,1977,2,4,3,28158.125,60.494406414514195,47.800279168037946,456,272,1016.2818386008621,1018.2818386008621,2.0,12.466042523159967,3.0884582138348198,230.4733439183804,166875,-0.3398395494450233,-2.7053393707830224,22.70339121889533,-0.9246144030634408,22.722211261947326,0,0,0,0,0,6,6,1,1
71,1977,2,4,6,28158.25,60.47659967413386,48.421219276429305,457,273,1015.8581987577339,1017.8581987577339,2.0,13.268120488605234,3.1857461041486386,212.50932944773342,141875,-0.42363984312818503,-3.373036502712417,11.341330306831859,-0.6600063967899382,11.360518543291342,0,0,0,0,0,5,5,1,1
71,1977,2,4,9,28158.375,60.279592496661536,49.32764820310818,459,274,1015.9977953655771,1019.9977953655771,4.0,13.295789445481732,2.9105107828553445,405.12780090178586,515625,0.13959660784312292,1.1136485862556587,16.65607130897651,-7.3020662158290275,18.186392783343877,0,0,0,0,0,8,8,1,1
71,1977,2,4,12,28158.5,60.25306029579853,49.94301071861353,460,275,1015.7684699842132,1019.7684699842132,4.0,13.433155338697016,3.484732559895493,406.5983240702134,519375,-0.22932538136388758,-1.8299545248444746,11.316804112180396,-0.9834153762269431,11.35945250070014,0,0,0,0,0,8,8,1,1
71,1977,2,4,15,28158.625,60.04332301965208,50.83256374519134,462,276,1015.626635271796,1019.626635271796,4.0,13.788557368074427,5.298963768407848,347.7898169151024,380000,-0.14183471241718507,-1.1341828943932517,16.463911273089153,-7.7739070119112474,18.206976812145253,0,0,0,0,0,9,9,1,1
71,1977,2,4,18,28158.75,60.008202881088,51.441600099335034,463,277,1015.7030540640434,1019.7030540640434,4.0,13.603004488815627,6.558397510290816,331.38634663094945,345000,0.07641879224742297,0.6112998156263237,11.284119959930306,-1.3017270771262515,11.358954910264464,0,0,0,0,0,9,9,1,1
71,1977,2,4,21,28158.875,59.60174662142866,52.57467968315785,466,278,1015.5842892342765,1019.5842892342765,4.0,13.454174759410478,4.999641633362844,311.58388162107514,305000,-0.1187648297668784,-0.9539699960382212,21.250825061101487,-15.0652913256809,26.04919516041091,0,0,0,0,0,10,10,1,1
71,1977,2,5,0,28159.0,59.131635465434485,54.26660724075921,470,280,1016.0158750683472,1020.0158750683472,4.0,13.167061581914513,5.081970478067306,289.4050600838035,263125,0.43158583407072,3.483567555441402,32.17423845107057,-17.424658501853646,36.589620711515565,0,0,0,0,0,9,9,1,1
71,1977,2,5,3,28159.125,58.94231542176144,54.510960379290616,471,280,1015.8331500089723,1019.8331500089723,4.0,12.490781640312324,7.5271051176288895,267.99005218518425,225625,-0.18272505937493405,-1.4778016805068848,4.672481573204534,-7.017142789522974,8.430443462860667,0,0,0,0,0,9,9,1,1
71,1977,2,5,6,28159.25,58.502845758982446,55.56587327113151,474,281,1016.1286804661454,1018.1286804661454,2.0,12.157976695041471,10.926707005198477,132.3141857100307,55000,0.295530457173154,2.40128584067889,20.427995703726722,-16.288932305073082,26.127233380339582,0,0,0,0,0,8,8,1,1
71,1977,2,5,9,28159.375,58.11692625767292,56.02713230506072,476,281,1016.1814652131758,1020.1814652131758,4.0,11.385565790646282,12.477178447397746,251.9187042636836,199375,0.05278474703038228,0.4306813080044638,9.03016912352988,-14.304096879605664,16.916002540219036,0,0,0,0,0,10,10,1,1
71,1977,2,5,12,28159.5,57.728534182859974,56.47762695960777,478,281,1016.7549715885928,1018.7549715885928,2.0,9.960584207807802,12.575662359202907,150.59740831300877,71250,0.5735063754169096,4.69927602079846,8.915341126460053,-14.395742756051234,16.932829559750243,0,0,0,0,0,9,9,1,1
71,1977,2,5,15,28159.625,57.267854917391496,57.46782233621318,481,282,1016.605314807118,1018.605314807118,2.0,9.902751900501533,13.401686464535667,158.95234259311306,79375,-0.14965678147476866,-1.2325764211082808,19.844816175410983,-17.075065710145832,26.17966000622719,0,0,0,0,0,8,8,1,1
71,1977,2,5,18,28159.75,56.79678821248751,58.431028870681665,484,283,1016.5569437223887,1016.5569437223887,0.0,9.598560668723392,14.665480888675955,14.104739588693906,625,-0.048371084729296854,-0.40051540699053007,19.55019213179681,-17.460075898830702,26.211910704546106,0,0,0,0,0,11,11,1,1
71,1977,2,5,21,28159.875,56.474321093221334,58.30343043562412,485,282,1015.5998748219109,1015.5998748219109,0.0,9.913645536866989,10.973813966338348,14.104739588693906,625,-0.9570689004777523,-7.954009896092678,-2.6121158273600096,-11.952235890694714,12.234340680329101,0,0,0,0,0,10,10,1,1
71,1977,2,6,0,28160.0,56.19555876436684,59.03624346792648,487,283,1014.2087553030048,1014.2087553030048,0.0,10.710213404858662,15.824870780701094,14.104739588693906,625,-1.3911195189061982,-11.598843638301528,15.11161142382582,-10.332318902747463,18.306217898101604,0,0,0,0,0,7,7,1,1
71,1977,2,6,3,28160.125,54.478476560059676,61.05242400715664,496,284,1012.4752745122986,1012.4752745122986,0.0,11.562908956825325,6.2868855960724614,14.104739588693906,625,-1.7334807907060894,-14.756047185266555,43.41711470443818,-63.643609916870716,77.0425527387894,0,0,0,0,0,10,10,1,1
71,1977,2,6,6,28160.25,53.448148487654926,59.03624346792648,497,277,1010.9989953570704,1010.9989953570704,0.0,11.43616569591258,2.9962167124799453,14.104739588693906,625,-1.476279155228258,-12.732142309910397,-44.50378177896288,-38.189084810291824,58.64292618276488,0,0,0,0,0,9,9,1,1
71,1977,2,6,9,28160.375,53.000541036616454,58.61228666370248,498,275,1010.1151986733213,1010.1151986733213,0.0,10.69088743240334,3.1630388185862826,14.104739588693906,625,-0.8837966837490967,-7.666926141426366,-9.45675806345739,-16.590559227927013,19.09651613688006,0,0,0,0,0,8,8,1,1
71,1977,2,6,12,28160.5,53.000541036616454,58.61228666370248,498,275,,,,10.69088743240334,,0.0,0,0.0,,0.0,0.0,0.0,0,3,0,0,0,8,8,0,0
74,1977,2,3,9,28157.375,43.44849942137877,154.0059841960368,448,541,987.3614790392302,991.3614790392302,4.0,15.214050176002784,22.910844427537448,131.56025258885612,54375,-1.9918674152430322,-20.066913299133954,10.288778181050304,16.172572794257963,19.167969825843052,2,0,0,2,0,20,20,1,1
74,1977,2,3,12,28157.5,43.32248119737176,155.01730274554063,445,543,985.5596939581025,997.5596939581025,12.0,16.50810320196954,19.606294945769115,796.7617456039148,1994375,-1.8017850811277458,-18.194232683816132,27.269940333755464,-4.6708623914456995,27.667067088623703,0,0,2,0,0,20,20,1,3
74,1977,2,3,15,28157.625,42.95679003324693,156.13735420456655,442,546,984.4953290002288,990.4953290002288,6.0,16.856532263525267,13.621604410748406,370.76958086610153,431875,-1.0643649578736223,-10.821297835502616,30.38303393241319,-13.55433405647448,33.26933607171438,0,0,0,2,0,18,18,1,2
74,1977,2,3,18,28157.75,42.75974975997331,157.75686309705782,437,549,983.6102976533068,989.6102976533068,6.0,16.693420580542554,13.547832717372222,407.33159486258967,521250,-0.8850313469220419,-9.031440566934254,44.07160893339211,-7.303292910894725,44.672640411332,0,0,0,0,0,18,18,1,2
74,1977,2,3,21,28157.875,46.034098755547234,161.565051177078,420,541,983.0786041761498,989.0786041761498,6.0,18.16830353158825,7.671747274842346,391.89860944341075,482500,-1.0033743026475712,-9.658285866038575,61.39191471428944,-12.725500791038057,62.69693423660601,0,0,0,0,2,17,17,1,1
74,1977,2,4,0,28158.0,46.42847302821268,158.5070816954365,429,536,982.3838808667774,988.3838808667774,6.0,21.564476385209936,11.07075047078135,349.2169456715478,383125,-0.694723309372348,-6.643323809458521,-78.11826985978557,14.61747277317833,79.47411274220615,0,0,0,0,0,19,19,1,1
74,1977,2,4,3,28158.125,46.38125501052719,157.55421527237246,432,535,981.8910017980136,983.8910017980136,2.0,21.877200708032458,11.832851680434324,101.71072362820549,32500,-0.49287906876386844,-4.716878588883839,-24.364181941638385,-1.7501346709464605,24.42695914459487,0,0,0,0,0,18,18,1,1
74,1977,2,4,6,28158.25,46.098788039934824,156.72265245071276,435,535,983.3037385957082,985.3037385957082,2.0,20.806337261884806,10.972902080418425,95.66299821657265,28750,1.4127367976945242,13.583945300845928,-21.372303441817408,-10.469631358176327,23.79891878185287,0,0,0,0,0,18,18,1,1
74,1977,2,4,9,28158.375,45.46023344652296,156.41296947487177,437,537,984.7139928908399,986.7139928908399,2.0,20.070297568731128,11.309259323186925,93.56025796273887,27500,1.4102542951317445,13.707946837122057,-8.050986549056342,-23.668010390992674,24.999862005243614,0,0,0,0,0,16,16,1,1
74,1977,2,4,12,28158.5,44.790271083456076,156.76311017419982,437,540,984.6612315380163,988.6612315380163,4.0,19.966489322449842,15.096501436288234,166.29242725457107,86875,-0.05276135282358155,-0.5188562948318367,9.210323664084214,-24.832138605279237,26.48518774162247,0,0,0,0,0,18,18,1,1
74,1977,2,4,15,28158.625,44.53035715468852,157.5251873484312,435,542,984.8713885761722,988.8713885761722,4.0,18.761268850225033,12.23967840489895,160.19904673114672,80625,0.21015703815588493,2.076197801043375,20.1361718717768,-9.633703414402614,22.322044241655103,0,0,0,0,0,19,19,1,1
74,1977,2,4,18,28158.75,44.488383527771596,158.17167845385507,433,543,984.7330705808345,990.7330705808345,6.0,18.51668737507942,10.98651820409359,246.32868702971868,190625,-0.1383179953377112,-1.367499336341748,17.09439381237573,-1.5557514553443184,17.16504187013232,0,0,0,0,0,18,18,1,1
74,1977,2,4,21,28158.875,44.21259156184979,158.92110524792633,431,545,985.9210672790823,989.9210672790823,4.0,17.256666827303007,10.568974703307903,160.81877456451716,81250,1.18799669824788,11.803263112284885,19.909648884577198,-10.222222473277895,22.38052615557404,0,0,0,0,0,21,21,1,1
74,1977,2,5,0,28159.0,43.92828618232857,159.66193591591673,429,547,988.2455192112348,992.2455192112348,4.0,15.009543783348537,6.908670571874973,200.96160531198103,126875,2.324451932152442,23.21311995909441,19.776051201233916,-10.537771940171657,22.408409996626144,0,0,0,0,0,20,20,1,1
74,1977,2,5,3,28159.125,43.94785033391868,160.56791518974325,426,548,987.3754786681707,989.3754786681707,2.0,14.143710776221104,6.408599696689343,128.50029317392293,51875,-0.8700405430640967,-8.685574336668674,24.17660241536409,0.7251448003083398,24.18747484405933,0,0,0,0,0,23,23,1,1
74,1977,2,5,6,28159.25,43.876960442635415,161.20299735779673,424,549,988.3391563261966,990.3391563261966,2.0,12.813916066935398,5.362347157220211,143.8406847937898,65000,0.9636776580259903,9.632720834786136,16.967792725781116,-2.6275320870277192,17.170029553073892,0,0,0,0,0,22,22,1,1
74,1977,2,5,9,28159.375,43.87573893268757,162.10812287080176,421,550,988.8135896146324,990.8135896146324,2.0,11.831543614885351,4.533174284462075,154.50968080927584,75000,0.4744332884356845,4.742441328876921,24.18310377703304,-0.04527523634885441,24.183146158797786,0,0,0,0,0,23,23,1,1
74,1977,2,5,12,28159.5,44.02372149330859,162.65453847524466,419,550,988.2174744822801,992.2174744822801,4.0,11.740986618373235,5.411354898770441,260.46073503106066,213125,-0.5961151323522791,-5.942830926146858,14.562850733228803,5.484969990976294,15.561539682184831,0,0,0,0,0,22,22,1,1
74,1977,2,5,15,28159.625,44.09601048801861,162.92897870868092,418,550,987.327003513964,993.327003513964,6.0,11.7393594211211,5.072295131968786,361.8078781523198,411250,-0.8904709683160763,-8.86577628933474,7.305356770964115,2.6793898213293703,7.781218886891351,0,0,0,0,0,23,23,1,1
74,1977,2,5,18,28159.75,44.23716394194166,163.48027919241872,416,550,986.0798478396694,992.0798478396694,6.0,11.510679038566378,5.116066448674465,351.48829934307025,388125,-1.2471556742946268,-12.385574539200274,14.640036704650997,5.231849318200263,15.546797805396485,0,0,0,0,0,23,23,1,1
74,1977,2,5,21,28159.875,44.608210799240545,163.95482053657804,414,549,985.2261454940905,991.2261454940905,6.0,12.188213647051215,3.9211474508374518,346.6438835958035,377500,-0.8537023455789313,-8.422328996037905,12.521941189384735,13.752842693014383,18.5994541126671,0,0,0,0,0,26,26,1,1
74,1977,2,6,0,28160.0,44.505663175553295,164.592296359358,412,550,,,,12.056118026219645,,0.0,0,-1.063251856740535,,16.851020295556346,-3.800925164492369,17.274371684878243,0,2,2,0,0,19,22,0,0
79,1977,2,3,18,28157.75,39.99559511028281,168.37783203643045,403,571,987.9545351132828,989.9545351132828,2.0,9.857229718157297,10.553585115351307,123.76858758422884,48125,,,,,,3,0,0,0,0,19,19,1,1
79,1977,2,3,21,28157.875,40.430659975745726,169.37212791915246,399,570,986.4482787817484,988.4482787817484,2.0,11.50655469790896,11.98343667941008,119.6826841204298,45000,-1.5062563315343869,-16.09130355494714,28.05245842955813,16.125668600258052,32.35703342006858,0,0,0,0,0,18,18,1,1
79,1977,2,4,0,28158.0,40.84870833311536,170.38252518993914,395,569,985.9080287059031,989.9080287059031,4.0,11.402237733117525,18.60007732671933,226.55566456642887,161250,-0.5402500758452515,-5.7226247952964755,28.328759443654857,15.4949521438649,32.28950531607952,0,0,0,0,0,20,20,1,1
79,1977,2,4,3,28158.125,41.5654269547276,171.9085587597559,389,567,981.8946497087396,985.8946497087396,4.0,13.310653188204476,22.69874797532495,164.48811606198853,85000,-4.013378997163527,-41.90890566237347,42.31935421740729,26.56515818498732,49.966342379363596,0,0,0,0,0,20,20,1,1
79,1977,2,4,6,28158.25,41.93975737456853,172.96037223097085,385,566,981.6373233162692,985.6373233162692,4.0,13.593741619524973,18.799005459076653,193.90811046849038,118125,-0.25732639247042244,-2.667483439958015,28.99905855919366,13.874547858346714,32.147293441176295,0,0,0,0,0,21,21,1,1
79,1977,2,4,9,28158.375,42.269824733428315,173.75162833496177,382,565,982.6902709509204,986.5447289497123,3.854457998791913,12.967069503696308,19.97257024522776,230.9045385777095,167500,1.0529476346512092,10.845654134981915,21.702132180049343,12.233938585392163,24.912884105849336,0,0,0,1,0,18,19,2,0
79,1977,2,4,12,28158.5,42.65427513656654,175.3871058128097,376,564,979.6408173186562,983.6408173186562,4.0,15.319498568079675,16.55827297951175,142.4508871303252,63750,-3.0494536322641945,-31.18075230778387,44.581836571162,14.249644791808763,46.80376618126495,0,0,0,2,0,19,19,1,1
79,1977,2,4,15,28158.625,42.96882477897493,176.48501950343206,372,563,977.886350830754,981.886350830754,4.0,16.609781964825853,20.430467366889424,115.45226928885475,41875,-1.7544664879021001,-17.833472190552403,29.77669773565325,11.658774804557371,31.977785382728417,0,0,3,0,0,20,20,1,1
79,1977,2,4,18,28158.75,43.26440580570376,177.5964029622064,368,562,976.6758845704098,982.6758845704098,6.0,17.389011203864722,21.892222410829927,172.1702882348331,93125,-1.2104662603442558,-12.236316079558229,29.996758806170167,10.955703528212098,31.9348239179994,0,0,0,0,0,20,20,1,1
79,1977,2,4,21,28158.875,43.295856522834015,178.7269699799433,364,562,976.8687496441779,982.8687496441779,6.0,17.84256657453683,21.886679920485623,182.27340554900803,104375,0.19286507376804365,1.948491134839946,30.498754576889308,1.165720061405837,30.521024458607062,0,0,0,0,0,23,23,1,1
79,1977,2,5,0,28159.0,43.30674704562817,-179.57559458063852,358,562,977.3739952045438,981.3739952045438,4.0,17.09867652447413,18.041454668273655,120.5109478725292,45625,0.5052455603658745,5.103401746509476,-45.782247238269036,0.4036569610722804,45.78402670286019,0,0,0,0,0,21,21,1,1
79,1977,2,5,3,28159.125,43.01939608130234,-177.60820049906306,351,563,977.792932430024,981.792932430024,4.0,16.6420781668131,18.018172590183603,150.59740831300877,71250,0.41893722548033113,4.254305121893973,53.31328780119581,-10.650656466484762,54.36674663192757,0,0,0,0,0,25,25,1,1
79,1977,2,5,6,28159.25,42.91829442390954,-175.64435798113698,344,563,978.4933482820957,982.4933482820957,4.0,16.289661163211452,16.087234535816243,190.8053805118479,114375,0.700415852071601,7.126205500593251,53.30459891689517,-3.7473304591447585,53.436155842847604,0,0,0,0,0,24,24,1,1
79,1977,2,5,9,28159.375,43.00253442219696,-173.6598082540901,337,562,979.1167072635249,981.1167072635249,2.0,15.97277273249766,14.701483788423648,82.24405803099427,21250,0.6233589814291918,6.332204173185312,53.792924176121744,3.122353476702328,53.88346483524847,0,0,0,0,0,25,25,1,1
79,1977,2,5,12,28159.5,43.026623903857434,-171.6709547664834,330,561,981.7446253011701,981.7446253011701,0.0,13.721906129456729,12.840941497257518,14.104739588693906,625,2.6279180376452858,26.68288563844321,53.888431898820116,0.8928760487137564,53.895828411409916,0,0,0,0,0,23,23,1,1
79,1977,2,5,15,28159.625,43.27529077901853,-169.91012234193798,324,559,982.429743213653,984.429743213653,2.0,13.377936830764083,11.003689694223722,106.48844864724786,35625,0.6851179124828195,6.92429678594233,47.51666233951751,9.216831647489965,48.4023055804772,0,0,0,0,0,24,24,1,1
79,1977,2,5,18,28159.75,42.94596074521968,-167.97390758050938,317,559,983.6838924378411,985.6838924378411,2.0,13.646159591177055,12.263599396395438,110.16153780134434,38125,1.2541492241881498,12.753405579263628,52.531127537326576,-12.206609650037846,53.93070256812225,0,0,0,0,0,24,24,1,1
79,1977,2,5,21,28159.875,42.79814804716488,-165.99771964576786,310,558,986.4335630119303,986.4335630119303,0.0,12.876429145686293,10.177828355346355,14.104739588693906,625,2.7496705740892504,28.039127770339086,53.744152448073955,-5.478674039112562,54.02267849328335,0,0,0,0,0,27,27,1,1
79,1977,2,6,0,28160.0,42.421178244262826,-164.37916852198958,304,558,989.4181176432764,989.4181176432764,0.0,10.870041023308929,7.038384297603042,14.104739588693906,625,2.984554631346109,30.652769431395132,44.285460696785044,-13.972376526969057,46.43737002606725,0,0,0,0,0,20,20,1,1
79,1977,2,6,3,28160.125,42.16515960090975,-162.4397279481993,297,557,992.3041997151141,992.3041997151141,0.0,9.544343265326464,5.187430261547488,14.104739588693906,625,2.8860820718375906,29.78736309383421,53.28117967123054,-9.489324755761498,54.11960265447501,0,0,0,0,0,26,26,1,1
79,1977,2,6,6,28160.25,42.16515960090975,-162.4397279481993,297,557,,,,9.544343265326464,,0.0,0,0.0,,0.0,0.0,0.0,0,3,0,0,0,26,26,0,0
85,1977,2,4,3,28158.125,36.11714433000028,-174.91765189514018,339,590,986.8134672176014,988.8134672176014,2.0,13.711905587695501,13.266245460421198,127.72384924875728,51250,,,,,,3,0,0,0,0,21,21,1,1
85,1977,2,4,6,28158.25,36.61883343176286,-170.8456062828659,323,586,984.7220696758891,988.7220696758891,4.0,15.12871597893339,15.406534036696176,164.48811606198853,85000,-2.0913975417123583,-24.291535444291963,121.13079906524712,18.59509428962149,122.54977769798354,0,0,0,0,0,22,22,1,1
85,1977,2,4,9,28158.375,37.237758268683976,-167.40273858445477,310,581,984.115352806856,988.115352806856,4.0,15.009189496602989,15.421953632682053,160.19904673114672,80625,-0.6067168690331164,-6.94644148188701,101.58856492444177,22.940433946646298,104.14653154602875,0,0,0,0,0,20,20,1,1
85,1977,2,4,12,28158.5,37.886293909104666,-163.8266147503062,297,575,983.5216657524903,987.5216657524903,4.0,15.073724412667554,17.079691916455996,151.91269449366246,72500,-0.5936870543655823,-6.697945842786706,104.60533064893161,24.037957654320174,107.33172228359705,0,0,0,0,0,21,21,1,1
85,1977,2,4,15,28158.625,38.713149580652974,-160.58152925793888,286,568,982.3350279666425,986.3350279666425,4.0,15.825349664440193,19.216521185900348,135.28790949515025,57500,-1.1866377858478518,-13.145158004492478,93.84723072920794,30.647385247817134,98.72469264611215,0,0,0,0,0,21,21,1,1
85,1977,2,4,18,28158.75,39.546093904620456,-157.73437047536166,277,561,982.1250895628173,988.1250895628173,6.0,17.136127047493915,21.449506155413545,180.62879984608918,102500,-0.2099384038252174,-2.284433354735775,81.37201993223839,30.87306100085525,87.0318994588486,0,0,0,0,0,19,19,1,1
85,1977,2,4,21,28158.875,40.222593661762126,-155.4016689739917,270,555,982.2139708165387,988.2139708165387,6.0,17.936461445552055,17.840616154384698,183.9033045027407,106250,0.088881253721338,0.9535872563172667,66.01505542451221,25.074446956810018,70.61667956574635,0,0,0,0,0,22,22,1,1
85,1977,2,5,0,28159.0,41.35969095012158,-153.00873940867714,264,547,980.9991006408432,984.9991006408432,4.0,18.161636052867994,19.805111068154,119.6826841204298,45000,-1.2148701756955416,-12.737699064713112,66.56939365531784,42.14648318895221,78.78965805759854,0,0,0,0,0,19,19,1,1
85,1977,2,5,3,28159.125,42.20676731264119,-151.26803413973536,260,541,981.1362103290962,987.1362103290962,6.0,18.799797630757077,16.95387613141327,192.8794129702041,116875,0.13710968825311284,1.4139808821145385,47.79016986319059,31.396864664235924,57.180971015688044,0,0,0,0,0,22,22,1,1
85,1977,2,5,6,28159.25,43.42424507306903,-149.1821577013235,256,533,981.645146550482,987.645146550482,6.0,18.434769810128984,12.873820359390956,208.25398433773478,136250,0.5089362213858112,5.129531151101759,56.14968918900033,45.12578342071837,72.0355740266913,0,0,0,0,0,21,21,1,1
85,1977,2,5,9,28159.375,44.62552558618331,-147.64027795666857,254,526,981.9397817393598,987.9397817393598,6.0,17.683591499456888,11.213790319376203,228.30515513802078,163750,0.29463518887772805,2.905877690368971,40.67361297791783,44.52543284509319,60.306359222890826,0,0,0,0,0,22,22,1,1
85,1977,2,5,12,28159.5,46.45784513040119,-146.1841921209906,254,517,979.1835799007699,985.1835799007699,6.0,19.795468400326893,13.639845966141365,230.04134101951155,166250,-2.756201838589768,-26.343463576669304,37.17861632285786,67.91487910289962,77.4253208920941,0,0,0,0,0,20,20,1,1
85,1977,2,5,15,28159.625,48.12735223741853,-145.4833992202643,256,510,977.0747150667792,985.0747150667792,8.0,20.694903245161843,15.277048400572312,265.0039974024898,220625,-2.1088648339908103,-19.62134045780152,17.337573560955907,61.88024009912062,64.26317430462312,0,0,0,0,0,21,21,1,1
85,1977,2,5,18,28159.75,49.19126382267927,-145.28451439740053,258,506,976.0057093722216,984.0057093722216,8.0,21.763521140139304,18.65596739730332,210.62867892778948,139375,-1.0690056945575634,-9.785088593067494,4.8176446625878535,39.43385689312144,39.72705337124995,0,0,0,0,0,21,21,1,1
85,1977,2,5,21,28159.875,50.58330489541861,-145.15771896507877,261,501,974.7021056022968,984.7021056022968,10.0,23.12849185055544,21.91501276996605,264.6283714200614,220000,-1.3036037699248118,-11.690697473656673,2.984081396061827,51.59596832315447,51.682189282017475,0,0,0,0,0,23,23,1,1
85,1977,2,6,0,28160.0,50.71918568967736,-145.43137356418563,262,501,975.4263205302793,985.4263205302793,10.0,21.98296728588806,16.832646556848193,396.1900587147307,493125,0.724214927982539,6.482131101417873,-6.421750537172055,5.036418316668885,8.161151231422403,0,0,0,0,0,17,17,1,1
85,1977,2,6,3,28160.125,51.442596657518436,-145.1331099144698,263,498,975.6748076642456,985.6748076642456,10.0,22.468844899652083,13.213630361959877,371.3057627526865,433125,0.2484871339662641,2.2015401672712436,6.890643143027196,26.81320983431946,27.684457454387534,0,0,0,0,0,23,23,1,1
85,1977,2,6,6,28160.25,52.02587500541466,-144.5424001146739,263,495,976.9481967101899,986.9481967101899,10.0,22.13124798152151,13.741703716849294,411.7037944844188,532500,1.27338904594435,11.191709340676471,13.471858930636246,21.619197702559877,25.473136680615795,0,0,0,0,0,19,19,1,1
85,1977,2,6,9,28160.375,53.126283893906944,-143.80330564072938,264,490,978.6735916813528,992.6735916813528,14.0,21.215325964420312,8.300407866084134,797.0113967914933,1995625,1.7253949711628958,14.943105708213578,16.438098750972248,40.78662854497321,43.97453989085434,0,0,0,0,0,15,15,1,1
85,1977,2,6,12,28160.5,55.45148671270283,-145.73437779349146,274,485,978.2948537761371,994.2948537761371,16.0,21.31158983359218,7.843271238480011,747.0187542598633,1753125,-0.37873790521582124,-3.185800936415486,-40.589234255754114,86.18358562324337,95.2633002175938,0,0,0,0,0,17,17,1,1
85,1977,2,6,15,28160.625,55.90939019547977,-146.15092516850515,276,484,979.5460513824903,995.5460513824903,16.0,19.79194984158701,8.681839608858645,787.2163359992395,1946875,1.2511976063532346,10.46734070101855,-8.653775404253484,16.97218139255669,19.051056925249842,0,0,0,0,0,13,13,1,1
85,1977,2,6,18,28160.75,56.49340150818597,-146.90281213506958,279,483,981.0396848173808,995.0396848173808,14.0,19.048735849636646,7.780902503023899,644.0478013573622,1303125,1.4936334348905076,12.41055387711419,-15.384350335611778,21.646365025319163,26.556418321343692,0,0,0,0,0,13,13,1,1
85,1977,2,6,21,28160.875,56.99610739261884,-148.22455119221354,283,483,983.7946776586246,995.7946776586246,12.0,16.894440361738496,5.995098834542078,548.2735619787054,944375,2.7549928412438023,22.759821600512613,-26.684364492857892,18.632781314433796,32.54590370383358,0,0,0,0,0,12,12,1,1
85,1977,2,7,0,28161.0,57.240266362587825,-148.89998741203564,285,483,985.6299803136546,995.6299803136546,10.0,14.288811932075,5.130622054669147,500.6685883593409,787500,1.8353026550301001,15.120273100074069,-13.54683179419889,9.049746251770785,16.291548695006174,0,0,0,0,0,10,10,1,1
85,1977,2,7,3,28161.125,58.160155357681866,-148.40587524113656,286,479,985.6809591175763,995.6809591175763,10.0,13.770529654778418,2.3320367864924627,502.25549753153933,792500,0.05097880392160732,0.4157512551497238,9.66160347237917,34.09566311020641,35.43812670813991,0,0,0,0,0,14,14,1,1
85,1977,2,7,6,28161.25,58.72189201088815,-149.2500326978036,289,478,986.1841192273844,994.1841192273844,8.0,12.753541940221211,4.527652179133147,425.95379458899146,570000,0.5031601098080865,4.078822730585834,-16.244741323573734,20.82075531561057,26.40824629888077,0,0,0,0,0,13,13,1,1
85,1977,2,7,9,28161.375,58.840408538355774,-149.60846693392887,290,478,987.4271478438535,991.4271478438535,4.0,11.271780468047908,5.337703921874345,278.54628835670917,243750,1.2430286164690916,10.06387644803961,-6.874148950174016,4.3928121926436825,8.15786263362025,0,0,0,0,0,15,15,1,1
85,1977,2,7,12,28161.5,58.95762722992663,-149.9695508027985,291,478,989.3607570247448,991.3607570247448,2.0,9.178578447158484,4.615481142177523,236.85885552348068,176250,1.9336091808913625,15.635683438753532,-6.901519183928651,4.3447079368639665,8.155210242708886,0,0,0,0,0,23,23,1,1
85,1977,2,7,15,28161.625,58.95762722992663,-149.9695508027985,291,478,,,,9.178578447158484,,0.0,0,0.0,,0.0,0.0,0.0,0,3,0,0,0,23,23,0,0
88,1977,2,4,6,28158.25,39.99559511028281,-145.75796708839,238,538,992.7949019757498,992.7949019757498,0.0,12.277280340383518,3.3828087001358655,14.104739588693906,625,,,,,,3,0,0,0,0,19,19,1,1
88,1977,2,4,9,28158.375,41.24007136088649,-143.48327243488967,234,529,992.2231727630835,994.2231727630835,2.0,13.441061518637133,7.9117978054864215,120.5109478725292,45625,-0.5717292126662505,-6.008742289940459,63.3965658915958,46.12648179892404,78.40138321479996,0,0,0,0,0,15,15,1,1
88,1977,2,4,12,28158.5,42.960400213344165,-142.37144828957872,235,521,990.5371294148857,992.5371294148857,2.0,15.448544033274079,9.855631377877799,105.5502061411188,35000,-1.6860433481978543,-17.140683312758057,30.158089754402226,63.76394685118295,70.53617012338468,0,0,0,0,0,17,17,1,1
88,1977,2,4,15,28158.625,44.07639808847874,-141.72170911996022,236,516,990.4830699910345,992.4830699910345,2.0,15.492995287259564,10.285415486986386,103.64824484140065,33750,-0.054059423851140306,-0.538420881822256,17.301181652233147,41.36443395369083,44.83689644559288,0,0,0,0,0,17,17,1,1
88,1977,2,4,18,28158.75,45.36995285581035,-140.85601358542894,237,510,992.9134183181582,994.9134183181582,2.0,14.163670584461316,5.4879356308945715,145.90056078898738,66875,2.4303483271236472,23.660176185607483,22.541843294836514,47.94557582138595,52.98030709587511,0,0,0,0,0,16,16,1,1
88,1977,2,4,21,28158.875,46.80125628622713,-140.1749339171591,239,504,994.1728100176157,994.1728100176157,0.0,12.86538271030346,2.794103869785831,14.104739588693906,625,1.259391699457483,11.969159799025162,17.280387343163483,53.051226650433065,55.794663148417555,0,0,0,0,0,19,19,1,1
88,1977,2,5,0,28159.0,49.17511889230642,-140.46187584631397,246,497,991.1190289894862,993.1190289894862,2.0,14.027075222560576,6.919257123278803,123.76858758422884,48125,-3.0537810281294515,-27.95943115254463,-6.952943347499486,87.98715944908253,88.26145052689657,0,0,0,0,0,17,17,1,1
88,1977,2,5,3,28159.125,50.52242323210735,-140.64054943215683,250,493,991.0104708250205,993.0104708250205,2.0,13.485205270648581,6.656023873664379,124.56968712917198,48750,-0.10855816446564859,-0.9743993870912803,-4.210447198637347,49.93780241068681,50.1149875308905,0,0,0,0,0,19,19,1,1
88,1977,2,5,6,28159.25,51.82777469643294,-141.31343052435616,255,490,990.8876402163795,992.8876402163795,2.0,11.465048832606222,5.623636827855153,145.21718204012956,66250,-0.12283060864108847,-1.0824757316255842,-15.413746410560622,48.382820107016975,50.778744174280604,0,0,0,0,0,18,18,1,1
88,1977,2,5,9,28159.375,52.975727814521,-141.753574035531,259,487,990.2563271469626,992.2563271469626,2.0,10.907805393034762,5.109769479634488,158.3253092116782,78750,-0.6313130694169377,-5.4784219954952595,-9.823458344679755,42.548854252397966,43.66812718724565,0,0,0,0,0,20,20,1,1
88,1977,2,5,12,28159.5,53.785827459493696,-142.1566365330609,262,485,990.3122427154289,990.3122427154289,0.0,10.156047800462089,3.984437264855151,14.104739588693906,625,0.055915568466298284,0.4801532045990986,-8.8263242475355,30.026323532507377,31.296710763296506,0,0,0,0,0,18,18,1,1
88,1977,2,5,15,28159.625,55.01717074678415,-143.4655975539816,268,483,989.0383772760642,989.0383772760642,0.0,9.504684584206178,2.5897644600943024,14.104739588693906,625,-1.2738654393645994,-10.771806666425295,-27.815665660014115,45.63970883484407,53.448052150092735,0,0,0,0,0,19,19,1,1
88,1977,2,5,18,28159.75,56.223976148412554,-144.86580694308435,274,481,988.6468799266281,988.6468799266281,0.0,8.694823321971683,3.155040793113949,14.104739588693906,625,-0.3914973494361038,-3.263134170401242,-28.8524884835667,44.73021270277591,53.228357293175264,0,0,0,0,0,19,19,1,1
88,1977,2,5,21,28159.875,56.75512869839178,-146.1470065259219,278,481,988.4534569580154,988.4534569580154,0.0,8.76706453557628,2.2702851178158014,14.104739588693906,625,-0.1934229686127219,-1.6023163740742772,-26.033212353282934,19.687156277336506,32.63912173633649,0,0,0,0,0,22,22,1,1
88,1977,2,6,0,28160.0,56.75512869839178,-146.1470065259219,278,481,,,,8.76706453557628,,0.0,0,0.0,,0.0,0.0,0.0,0,3,0,0,0,22,22,0,0
89,1977,2,3,0,28157.0,42.12832955855688,-46.95472861163268,208,218,985.0895492833633,985.0895492833633,0.0,12.673971418907925,4.685823234120107,14.104739588693906,625,,,,,,3,0,0,0,0,1,1,1,1
89,1977,2,3,3,28157.125,42.85338676768222,-45.0,215,215,980.962281862243,982.962281862243,2.0,15.394873112613007,7.262635231063613,141.75087853467357,63125,-4.127267421120341,-42.04309637461126,53.11308978821462,26.874227727266653,59.524989901619776,0,0,0,0,0,1,1,1,1
89,1977,2,3,6,28157.25,44.028619693715825,-42.76619073985707,224,213,977.2276617514669,981.2276617514669,4.0,17.618300608161615,11.384415798420669,192.8794129702041,116875,-3.7346201107760133,-37.228132247339566,59.52796172412507,43.55997966685904,73.76347372247373,0,0,0,0,0,2,2,1,1
89,1977,2,3,9,28157.375,44.82749583135124,-41.28203589669685,230,212,971.3962017401974,977.3962017401974,6.0,22.89296791343769,24.461246367402126,162.05112036071435,82500,-5.8314600112695185,-57.30921002180019,39.014453620584845,29.610324507486148,48.97855560090967,0,0,0,0,0,3,3,1,1
89,1977,2,3,12,28157.5,45.932775638654704,-39.709918794628734,237,212,969.9487028316149,989.9487028316149,20.0,24.291127813795146,17.78276960798277,944.7017219142787,2803750,-1.4474989085824927,-13.957171668233102,40.52657358000328,40.96716903160684,57.62562021010851,0,0,2,0,0,2,2,1,3
89,1977,2,3,15,28157.625,46.886159854188435,-38.7312790438558,242,213,966.5883098010388,992.5883098010388,26.0,26.702187392623316,26.944569977174833,1097.8163810780825,3786250,-3.3603930305760876,-31.89256841875702,24.79080255753208,35.33716263678444,43.16594670182844,0,0,0,0,0,1,1,1,3
89,1977,2,3,18,28157.75,47.29322658835314,-37.577977086812865,246,212,964.2637176338534,978.2637176338534,14.0,28.48105491153534,19.429086270331826,490.2284814948658,755000,-2.324592167185474,-21.916838056281822,28.992814591824178,15.087918548295,32.683766369191254,0,0,0,2,0,2,2,1,1
89,1977,2,3,21,28157.875,48.49634432641378,-36.01574444685998,253,213,962.8739845977096,978.8739845977096,16.0,29.954133578632803,8.734607541445948,540.9677916569734,919375,-1.3897330361437343,-12.85642955961706,38.370527461020124,44.59352954280646,58.829246593187406,0,0,0,0,0,2,2,1,1
89,1977,2,4,0,28158.0,49.55455884525693,-36.25383773744478,255,217,959.2288443310329,983.2288443310329,24.0,33.29873539303866,13.733198097236818,731.2732791431453,1680000,-3.6451402666767536,-33.18459214935085,-5.724933410778647,39.22269526565704,39.63829822861275,0,0,0,0,0,3,3,1,1
89,1977,2,4,3,28158.125,49.660400965678456,-34.36622550788792,260,214,958.5419636170461,992.5419636170461,34.0,33.96217056176236,18.834236096835884,1108.007871034817,3856875,-0.6868807139867568,-6.243397089656348,45.28787268870166,3.9230356053921,45.45747046448167,0,0,0,0,0,3,3,1,1
89,1977,2,4,6,28158.25,50.79005353092544,-33.82902225641121,264,217,958.162583882029,992.162583882029,34.0,33.593198269943095,12.750904896260106,1092.366324010167,3748750,-0.3793797350171371,-3.392232833972146,12.58725509841795,41.87054470882541,43.72163657877409,0,0,0,0,0,3,3,1,1
89,1977,2,4,9,28158.375,51.31866752568727,-33.92469266623727,265,219,958.1173931964762,992.1173931964762,34.0,33.50848936267173,11.592954889568354,1091.3641946499674,3741875,-0.04519068555280683,-0.4010717226103428,-2.216221912087459,19.593064790276113,19.718007694480043,0,0,0,0,0,5,5,1,2
89,1977,2,4,12,28158.5,51.648944014606464,-33.83200558288968,266,220,965.053970028216,991.053970028216,26.0,27.397324466430923,5.343883270047955,1028.5827551555462,3323750,6.936576831739803,61.28099583552976,2.1316179055270537,12.241689985930703,12.425891058865743,0,0,0,0,0,5,5,1,2
89,1977,2,4,15,28158.625,51.71273176325659,-34.306127434379015,265,221,965.4126355507709,989.4126355507709,24.0,27.33404428520911,6.327350287536174,980.1525520236394,3018125,0.35866552255494755,3.1658339650884613,-10.888488101886388,2.364291343991045,11.14221911040132,0,0,0,0,0,5,5,1,2
89,1977,2,4,18,28158.75,51.51598414183002,-34.11447294534126,265,220,967.2805966611693,986.9334160869647,19.65281942579546,25.47573453695704,5.968482746182053,915.9396780209673,2635625,1.867961110398319,16.532850297708197,4.420585524604565,-7.292445777339851,8.52768091545323,0,0,0,0,0,3,4,2,0
89,1977,2,4,21,28158.875,51.51315938358578,-32.88845049102056,268,218,971.058733921813,986.3450522355358,15.286318313722877,22.815219525197456,4.889483291858196,871.074733413047,2383750,3.778137260643707,33.44064591234643,28.280117178059196,-0.10469959525223455,28.280310988565965,0,0,0,0,0,3,4,2,0
89,1977,2,5,0,28159.0,51.572515765641775,-30.146135264367626,275,214,972.2794973751096,981.5256867201235,9.246189345013844,21.863537573198034,4.483283716602745,581.2111206029595,1061250,1.2207634532966767,10.796204838779092,63.17035263861414,2.2000428495342907,63.208651631138686,0,0,0,0,0,2,3,2,0
89,1977,2,5,3,28159.125,55.14144110838849,-26.14684123558089,292,222,965.4103491129079,983.4103491129079,18.0,27.804015142692712,17.532609003411125,628.5715124197327,1241250,-0.1153376072156243,-0.9738191495373841,-7.133730895461655,-3.8207355218138392,8.092474060292947,0,0,0,0,2,3,3,1,1
89,1977,2,5,6,28159.25,54.718033942253086,-25.82099197418928,292,220,966.179321467769,986.179321467769,20.0,27.334375689904277,18.473178486882826,726.0859102006478,1656250,0.7689723548611801,6.526362779876998,6.976021189481718,-15.693576259735435,17.174201799682848,0,0,0,0,0,2,2,1,1
89,1977,2,5,9,28159.375,53.96613169279097,-24.863696571751863,293,216,968.988849861535,986.988849861535,18.0,25.380143448554772,17.256135799201,714.9030081093861,1605625,2.8095283937659405,24.070384716351008,20.872679017964618,-27.86923849093963,34.81900606639787,0,0,0,0,0,3,3,1,2
89,1977,2,5,12,28159.5,54.042359490077764,-23.722913293422327,296,215,975.0294392650318,989.0294392650318,14.0,20.22098327182255,12.066603409939198,715.3203073032693,1607500,6.040589403496852,51.70222032301662,24.827819422153592,2.8253814425272528,24.98806510226121,0,0,0,0,0,2,2,1,2
89,1977,2,5,15,28159.625,53.62405935398611,-21.501434324047903,301,211,979.5020525213351,988.2437892056123,8.74173668427713,17.182326677358176,8.537054924982222,634.3997654031962,1264375,4.472613256303302,38.48655083994796,48.83173871063685,-15.50428431604017,51.23398811000875,0,0,0,0,0,2,5,2,0
89,1977,2,5,18,28159.75,53.67445307875541,-19.230672375661285,307,209,984.5060474866503,984.5060474866503,0.0,13.107187851005246,4.9855409087100995,14.104739588693906,625,5.003994965315214,43.031194025781616,49.855346517849746,1.8678421763562747,49.89032381946071,0,0,0,2,0,2,2,1,1
89,1977,2,5,21,28159.875,53.80069950336642,-16.26741807595773,315,207,989.0672428860021,989.0672428860021,0.0,10.87030616349824,3.61696507872497,14.104739588693906,625,4.561195399351709,39.160050207369444,64.86217148920342,4.679320641252818,65.03074143786527,0,0,0,0,0,1,1,1,1
89,1977,2,6,0,28160.0,53.80069950336642,-16.26741807595773,315,207,,,,10.87030616349824,,0.0,0,0.0,,0.0,0.0,0.0,0,3,0,0,0,1,1,0,0
91,1977,2,4,9,28158.375,43.54561289209046,-90.9951119815908,158,363,1005.0265442054396,1005.0265442054396,0.0,8.920051447273687,1.6080654606326426,14.104739588693906,625,,,,,,3,0,0,0,0,10,10,1,1
91,1977,2,4,12,28158.5,42.07846441597073,-90.41417914340934,152,361,1003.6766703725152,1003.6766703725152,0.0,10.56407513868112,1.3743730626018804,14.104739588693906,625,-1.3498738329243496,-13.955431652379326,15.98181185785815,-54.37982239293669,56.67965590710051,0,0,0,0,0,11,11,1,1
91,1977,2,4,15,28158.625,41.56895947573966,-88.49616028587688,150,354,1003.2818518248721,1003.2818518248721,0.0,11.135157444134574,1.9416196690012293,14.104739588693906,625,-0.39481854764308083,-4.122526919293301,53.18642435852069,-18.88478815134445,56.439622248610085,0,0,0,0,0,12,12,1,1
91,1977,2,4,18,28158.75,40.75442216088433,-86.63353933657021,147,347,1002.2325568931625,1002.2325568931625,0.0,10.643435982062252,2.720095623237503,14.104739588693906,625,-1.0492949317095919,-11.135915495051407,52.29631152355584,-30.190805658198293,60.38533717103762,0,0,0,0,0,12,12,1,1
91,1977,2,4,21,28158.875,40.77070911585206,-83.6598082540901,148,336,1000.369940693838,1000.369940693838,0.0,9.716929198998077,2.3199785393435013,14.104739588693906,625,-1.8626161993245478,-19.760981724176826,83.46976804560265,0.6036755876334658,83.47195098835185,0,0,0,0,0,12,12,1,1
91,1977,2,5,0,28159.0,40.889490152732535,-80.6485870214548,150,325,1000.1456566093161,1000.1456566093161,0.0,8.448113930242958,2.82640754325912,14.104739588693906,625,-0.22428408452193252,-2.3737864381183726,84.37068309994866,4.402616227562916,84.4854732862352,0,0,0,0,0,11,11,1,1
91,1977,2,5,3,28159.125,41.113649876635435,-78.95581598910094,152,319,998.4781091313878,1000.4781091313878,2.0,9.904859609072437,4.199536314509605,260.07854739300495,212500,-1.6675474779283104,-17.569803546792112,47.269893061317326,8.308474685349289,47.994515745296,0,0,0,0,0,11,11,1,1
91,1977,2,5,6,28159.25,41.1042948658047,-77.57405713457253,153,314,996.2573290006922,1000.2573290006922,4.0,10.800415802306807,3.6831933722980468,455.0828163074594,650625,-2.2207801306956387,-23.403214898650685,38.590714236236934,-0.3467432476942602,38.59227197435675,0,0,0,0,0,11,11,1,1
91,1977,2,5,9,28159.375,41.304545274122304,-76.12868347871886,155,309,994.7124981102104,998.7124981102104,4.0,11.102310947856108,4.315662327703394,468.2263705827405,688750,-1.5448308904816803,-16.215013597685083,40.24400748384737,7.422276487806257,40.922736059816486,0,0,0,0,0,11,11,1,1
91,1977,2,5,12,28159.5,41.304545274122304,-76.12868347871886,155,309,,,,11.102310947856108,,0.0,0,0.0,,0.0,0.0,0.0,0,3,0,0,0,11,11,0,0
98,1977,2,4,15,28158.625,40.521018950257535,-176.91678999008795,348,573,983.1421200644762,983.1421200644762,0.0,10.11930489324758,6.686329361989774,14.104739588693906,625,,,,,,3,0,0,0,0,22,22,1,1
98,1977,2,4,18,28158.75,40.46771584458407,-173.15722658736905,334,572,982.1562626222989,982.1562626222989,0.0,10.888531213466807,8.411791459970773,14.104739588693906,625,-0.9858574421773665,-10.523907050126883,106.0041095194219,-1.9756783084292766,106.02251902206433,0,0,0,0,0,21,21,1,1
98,1977,2,4,21,28158.875,41.13353363516012,-170.6045339804331,325,568,981.5294028609085,983.5294028609085,2.0,11.639088448887975,8.856402629669391,135.28790949515025,57500,-0.6268597613903694,-6.602166383417175,71.2598033217167,24.67852012724877,75.4121271754137,0,0,0,0,0,24,24,1,1
98,1977,2,5,0,28159.0,41.39843776692827,-167.78153523718078,315,565,980.6551013104757,982.6551013104757,2.0,11.533942642217193,12.022820383031576,96.69722284868811,29375,-0.8743015504327195,-9.159863128044915,78.48582064174948,9.818665166599839,79.09759937863267,0,0,0,0,0,22,22,1,1
98,1977,2,5,3,28159.125,41.72339906033413,-165.73098331674754,308,562,980.6666091385258,982.6666091385258,2.0,11.779736348086946,13.964363885528726,93.56025796273887,27500,0.011507828050089302,0.11979617181420889,56.72523817594759,12.044682394195227,57.98988722264442,0,0,0,0,0,24,24,1,1
98,1977,2,5,6,28159.25,41.98121971817699,-163.65711745655813,301,559,981.2849511480952,983.2849511480952,2.0,11.844193977350585,10.905968841348512,102.68405416537693,33125,0.6183420095693145,6.404668068135307,57.13935882014016,9.5561163787627,57.93294129095454,0,0,0,0,0,23,23,1,1
98,1977,2,5,9,28159.375,42.5585418683454,-161.12432310431697,293,554,981.1283188959164,983.1283188959164,2.0,12.337781259893488,7.632610331839169,118.84864828598478,44375,-0.15663225217867877,-1.6044814657301947,69.1466786154241,21.398431379418724,72.38201454121348,0,0,0,0,0,24,24,1,1
98,1977,2,5,12,28159.5,43.21121796706623,-159.06386144401827,287,549,981.0432013976906,983.0432013976906,2.0,12.460887402003697,7.634351726458408,119.6826841204298,45000,-0.08511749822588172,-0.8612824533614174,55.66039156791601,24.191423639973145,60.690231233884646,0,0,0,0,0,21,21,1,1
98,1977,2,5,15,28159.625,43.796393650397164,-156.95149631925744,281,544,981.148850143766,983.148850143766,2.0,12.442948600556074,9.11530493236678,108.34056051649024,36875,0.10564874607545789,1.0575904794641755,56.51192270025674,21.68952239405423,60.5312546455298,0,0,0,0,0,22,22,1,1
98,1977,2,5,18,28159.75,44.19416891038605,-155.174555862431,276,540,982.1550349601994,984.1550349601994,2.0,12.471628752243996,9.880481524712376,106.48844864724786,35625,1.0061848164333786,10.000188662620674,47.221102075392494,14.743530285161144,49.46922443786744,0,0,0,0,0,22,22,1,1
98,1977,2,5,21,28159.875,44.87095470000789,-153.5002803561964,272,535,982.5218155760938,984.5218155760938,2.0,12.815729487927738,8.055656525080703,117.16276644769007,43125,0.3667806158943858,3.6018228153522354,43.978853062748804,25.085048743693847,50.63002258727865,0,0,0,0,0,25,25,1,1
98,1977,2,6,0,28160.0,45.40379139191108,-152.17953291703495,269,531,983.3418429158166,985.3418429158166,2.0,11.518584821227755,8.248746590620867,116.31066229203195,42500,0.8200273397228739,7.978563986368624,34.370137051305555,19.74957895656809,39.640284937008765,0,0,0,0,0,18,18,1,1
98,1977,2,6,3,28160.125,45.79122937905483,-150.56921689533849,265,527,985.0529811302503,985.0529811302503,0.0,10.899622181466016,8.85406501147627,14.104739588693906,625,1.711138214433595,16.538852031660088,41.61706797861751,14.360379519921851,44.02500252235157,0,0,0,0,0,24,24,1,1
98,1977,2,6,6,28160.25,46.473175916043765,-149.03624346792648,262,522,986.8293021344409,986.8293021344409,0.0,10.033582688719036,6.733200142649366,14.104739588693906,625,1.7763210041906858,16.973558428484118,39.13072511786059,25.276331718664753,46.584402898411646,0,0,0,0,0,20,20,1,1
98,1977,2,6,9,28160.375,46.473175916043765,-149.03624346792648,262,522,,,,10.033582688719036,,0.0,0,0.0,,0.0,0.0,0.0,0,3,0,0,0,20,20,0,0
116,1977,2,3,0,28157.0,81.05817395928354,-127.87498365109822,328,384,1015.6375765420864,1015.6375765420864,0.0,7.709558264211145,1.6652079992234212,14.104739588693906,625,,,,,,3,0,0,0,0,9,9,1,1
116,1977,2,3,3,28157.125,80.74292450542187,-128.11827636936306,327,385,1014.3527696855152,1014.3527696855152,0.0,8.004292859007329,1.7550319996324104,14.104739588693906,625,-1.284806856571231,-9.018860058343808,-1.45061641371141,-11.68471329896169,11.77441348257573,0,0,0,0,0,10,10,1,1
116,1977,2,3,6,28157.25,80.25023016140298,-127.52844082340764,325,386,1014.1441649299278,1016.1441649299278,2.0,7.602779257130102,2.0709710610823096,258.1591222864905,209375,-0.2086047555874393,-1.4664362626956111,3.7022570787130946,-18.26170381378998,18.633210503278082,0,0,0,0,0,12,12,1,1
116,1977,2,3,9,28157.375,80.25023016140298,-127.52844082340764,325,386,1014.0694245988848,1016.0694245988848,2.0,7.69471693904414,1.8741129801538046,275.3135333533663,238125,-0.07474033104299452,-0.5254047608774701,0.0,0.0,0.0,0,0,0,0,0,12,12,1,1
116,1977,2,3,12,28157.5,80.25023016140298,-127.52844082340764,325,386,1013.4038633864931,1015.4038633864931,2.0,8.29492027191165,1.7248825296311407,290.09166854606434,264375,-0.6655612123917671,-4.67871930410445,0.0,0.0,0.0,0,0,0,0,0,12,12,1,1
116,1977,2,3,15,28157.625,80.20385199811894,-125.69005982501398,324,385,1013.0429562729602,1015.0429562729602,2.0,8.393604558086144,1.8402100953740592,299.5389777108415,281875,-0.36090711353288496,-2.53743531277194,11.593001011422961,-1.7190054880928098,11.719754789198749,0,0,0,0,0,11,11,1,1
116,1977,2,3,18,28157.75,80.20385199811894,-125.69005982501398,324,385,1013.741699652464,1015.741699652464,2.0,7.797332160478532,1.8082214484780708,463.5290424278275,675000,0.6987433795038669,4.912666055159824,0.0,0.0,0.0,0,0,2,0,0,12,12,1,2
116,1977,2,3,21,28157.875,80.51727839178743,-125.38027220030115,325,384,1014.1206764605266,1016.0807377873858,1.9600613268592861,7.941834223915648,1.5274809332209407,492.8592414615001,763125,0.37897680806257994,2.6620037506276235,1.8917038060397975,11.617141617479252,11.770153892381947,0,0,0,0,0,12,11,2,0
116,1977,2,4,0,28158.0,86.11919153005839,-146.76828893202065,350,374,1012.5213556144491,1016.5213556144491,4.0,12.880792761769804,3.762480731523611,513.0326374980659,826875,-1.5593821729367483,-10.828546411032912,-29.47028303921803,-44.106282865636885,53.04584593194076,0,0,0,0,2,12,12,1,1
116,1977,2,4,3,28158.125,85.737420444268,-150.06848815949223,350,376,1012.7003899747261,1016.7003899747261,4.0,13.138802922362318,3.4460058297873917,507.7706251929807,810000,0.17903436027700081,1.2438269952437715,-9.090616603896722,-14.150335959824975,16.818778731375193,0,0,0,0,0,11,11,1,1
116,1977,2,4,6,28158.25,84.73690258899707,-150.70863782901574,348,380,1012.8721650850571,1016.8721650850571,4.0,13.152529218522595,3.1245682135885726,494.2700048010797,767500,0.1717751103309274,1.1951315669695854,-2.176460789983866,-37.08416984114139,37.14798291128278,0,0,0,0,0,10,10,1,1
116,1977,2,4,9,28158.375,84.54036322818268,-151.8583987677383,348,381,1012.8049105646596,1016.8049105646596,4.0,13.434857650723,3.1764738089287126,467.58860451522037,686875,-0.06725452039740049,-0.46807642731503185,-4.054597413266712,-7.284726602841117,8.337085933454818,0,0,0,0,0,11,11,1,1
116,1977,2,4,12,28158.5,83.73550304810881,-151.14433878028348,346,384,1012.8897248799757,1016.8897248799757,4.0,13.737595934452635,2.782473025115178,437.7016823669622,601875,0.08481431531603448,0.5911406555084641,2.887975978270884,-29.832122894147087,29.971585904362225,0,0,0,0,0,12,12,1,1
116,1977,2,4,15,28158.625,84.23630368911435,-155.92450174492117,349,383,1013.0816277003402,1017.0816277003402,4.0,13.836953544304501,2.35633160237805,437.4743638980508,601250,0.1919028203644848,1.3362973372892837,-17.788014243300506,18.56216351338653,25.709285579680348,0,0,0,0,0,13,13,1,1
116,1977,2,4,18,28158.75,83.82428764932945,-157.61986494804043,349,385,1013.1293636385265,1017.1293636385265,4.0,13.48873771165379,1.940914956247143,441.548191353528,612500,0.047735938186233395,0.33265479149057176,-6.759802034885621,-15.271364440088004,16.70058368479462,0,0,0,0,0,13,13,1,1
116,1977,2,4,21,28158.875,83.036942274948,-152.19854122006586,345,387,1013.4060988398071,1017.4060988398071,4.0,12.871844887333324,2.4087328102613537,435.65154612038873,596250,0.27673520128068047,1.9315236248068275,24.35102403465992,-29.182937049425522,38.008106850609096,0,0,0,0,0,14,14,1,1
116,1977,2,5,0,28159.0,82.92955588909835,-150.59281093926637,344,387,1014.955951778526,1018.955951778526,4.0,11.545031925954174,2.4246892384767853,478.1069828142386,718125,1.5498529387189774,10.81997593612474,7.325606161441186,-3.9802737657254923,8.337090912462672,0,0,0,0,0,13,13,1,1
116,1977,2,5,3,28159.125,82.73332309196788,-151.46001481204004,344,388,1014.3178664088839,1018.3178664088839,4.0,11.553645479876952,2.0800941840528684,488.6025119029199,750000,-0.6380853696422127,-4.45657958509414,-4.065642200756861,-7.2733638273931716,8.332542701373125,0,0,0,0,0,13,13,1,1
116,1977,2,5,6,28159.25,82.50860762502774,-148.44861505168652,342,388,1014.8029319295946,1018.8029319295946,4.0,10.52961664992647,2.502473123114687,515.7399525364794,835625,0.48506552071077746,3.3895642712155323,14.550730208710334,-8.329073287435925,16.76595393749351,0,0,0,0,0,14,14,1,2
116,1977,2,5,9,28159.375,82.38881472274034,-147.01147838636544,341,388,1014.9914998219715,1018.9914998219715,4.0,9.774246326273822,2.383919347646879,537.6478079474099,908125,0.18856789237688645,1.3180490859455083,7.055084396766062,-4.44012099412854,8.335999657389205,0,0,0,0,0,15,15,1,2
116,1977,2,5,12,28159.5,82.07816283299637,-146.5346206536447,340,389,1014.3331836487399,1020.3331836487399,6.0,10.040427135237783,2.310424187597091,639.3975759003987,1284375,-0.6583161732315784,-4.604892696718628,2.4359592635147127,-11.514304697357787,11.769159281660638,0,0,0,0,0,14,14,1,2
116,1977,2,5,15,28159.625,82.0401781227755,-140.71059313749967,337,387,1014.2682836243903,1022.2682836243903,8.0,9.642021108101398,2.3959752233982,771.775468981373,1871250,-0.06490002434962662,-0.4540148006817863,29.880410149710908,-1.4079023555418058,29.9135604660777,0,0,0,0,0,15,15,1,2
116,1977,2,5,18,28159.75,82.07816283299637,-136.1457628381751,335,385,1014.8049463564769,1022.8049463564769,8.0,8.749285506808675,2.2836753463045896,785.5719520443841,1938750,0.5366627320865518,3.7539322229549703,23.31279639861391,1.4079023555418058,23.355270603569675,0,0,0,0,0,16,16,1,2
116,1977,2,5,21,28159.875,82.54896389086154,-132.56335175318986,335,382,1015.6207442126697,1023.486079483268,7.8653352705982975,7.794238453356837,2.0355196975801664,824.494118039212,2135625,0.815797856192803,5.700145113938776,17.21626011660119,17.450229697832473,24.513468316612958,0,0,0,0,0,17,16,2,0
116,1977,2,6,0,28160.0,82.69883336395529,-131.26860300083956,335,381,1015.5850806788641,1023.5850806788641,8.0,8.239922807887844,2.0296194648494565,802.3601091821032,2022500,-0.03566353380563669,-0.24910398128053388,6.098650634990589,5.554908355639888,8.249275508020627,0,0,0,0,0,13,13,1,2
116,1977,2,6,3,28160.125,82.8448008194914,-129.92039213998544,335,380,1015.4315420600943,1023.3721699211595,7.94062786106515,8.091633710918291,2.165829681225878,787.0899668940029,1946250,-0.15353861876967131,-1.072095809138895,6.224168570484287,5.410280170276031,8.246902807399056,0,0,0,0,0,17,18,2,0
116,1977,2,6,6,28160.25,84.48549150215422,174.17365797044425,362,384,1016.1441639776688,1022.1441639776688,6.0,9.638014333208101,2.457812065756152,689.8356904689457,1495000,0.7719940565092839,5.3734003702400965,10.739471249407853,-15.420623180307151,18.791803053083655,0,0,0,0,2,15,15,1,1
116,1977,2,6,9,28160.375,84.03937460453062,174.6106882400266,362,386,1016.8168185271497,1022.8168185271497,6.0,8.872772002873017,1.7190850560017135,724.8518854787642,1650625,0.6726545494809397,4.6856202556308855,1.6821306728051386,-16.535311902051188,16.620652914326428,0,0,0,0,0,13,13,1,1
116,1977,2,6,12,28160.5,83.83242208349927,-176.8778695378843,358,387,1017.5566278185087,1021.5566278185087,4.0,7.999550300853815,3.173079251643285,585.4741315243309,1076875,0.739809291358979,5.155388932855007,-33.86296929707687,-7.670690131663033,34.72088963017456,0,0,0,0,0,13,13,1,1
116,1977,2,6,15,28160.625,83.83242208349927,-176.8778695378843,358,387,,,,7.999550300853815,,0.0,0,0.0,,0.0,0.0,0.0,0,3,0,0,0,13,13,0,0
123,1977,2,5,15,28159.625,72.15311827860565,25.75812172197562,394,288,1004.5049402548325,1004.5049402548325,0.0,16.221946383050653,1.2486910159813123,14.104739588693906,625,,,,,,3,0,0,0,0,9,9,1,1
123,1977,2,5,18,28159.75,72.35417547107238,27.707550600122314,396,290,1004.4425900160239,1004.4425900160239,0.0,16.932176679736415,1.6763684289823868,14.104739588693906,625,-0.06235023880857625,-0.45330373249629796,21.902015540791012,7.452179922566378,23.13510904118138,0,0,0,0,0,12,12,1,1
123,1977,2,5,21,28159.875,72.44682779932828,28.698291655692618,397,291,1004.1647634559007,1004.1647634559007,0.0,17.466502814282194,1.7600893575698138,14.104739588693906,625,-0.2778265601232124,-2.018841213549863,11.074827584656822,3.4341562812869397,11.595052194543076,0,0,0,0,0,11,11,1,1
123,1977,2,6,0,28160.0,73.54542935249614,29.890424877659537,396,296,1002.7960068286744,1002.7960068286744,0.0,18.85528365004542,1.6517289757114486,14.104739588693906,625,-1.3687566272262484,-9.887990423385384,12.515808558143377,40.719639705366504,42.59970095668461,0,0,0,0,0,8,8,1,1
123,1977,2,6,3,28160.125,73.74124427073573,30.284928349402225,396,297,1002.1926273709589,1002.1926273709589,0.0,19.220053032856764,1.415651180360801,14.104739588693906,625,-0.6033794577154913,-4.354484036515674,4.093870777731784,7.257875156520754,8.332858437079523,0,0,0,0,0,12,12,1,1
123,1977,2,6,6,28160.25,73.93621280316775,30.68895873739359,396,298,1001.49761630089,1001.49761630089,0.0,19.516208352309405,1.4266210721856623,14.104739588693906,625,-0.695011070069013,-5.010829620759347,4.1437888673009775,7.226503887258487,8.33026677900111,0,0,0,0,0,10,10,1,1
123,1977,2,6,9,28160.375,74.2459452108763,30.403424474505826,395,299,1000.5509065802537,1000.5509065802537,0.0,20.145085558338394,2.4002780921462543,14.104739588693906,625,-0.9467097206362814,-6.814995676212515,-2.8734593638854933,11.480224118197844,11.834370051673755,0,0,0,0,0,9,9,1,1
123,1977,2,6,12,28160.5,74.55514358325522,30.106527041158394,394,300,999.6675839226908,1001.6675839226908,2.0,20.869461251418223,3.4311570376861353,199.47114020071635,125000,-0.8833226575628214,-6.349123471177286,-2.930613322161411,11.460430111763847,11.829199161002128,0,0,0,0,0,8,8,1,1
123,1977,2,6,15,28160.625,74.46992536240957,28.97413255155024,393,299,999.0641764955816,1005.0641764955816,6.0,20.851042361673382,4.001924976907175,494.2700048010797,767500,-0.6034074271091958,-4.338943925977549,-11.237634289645122,-3.158611271903878,11.673099399679849,0,0,2,0,0,6,6,1,2
123,1977,2,6,18,28160.75,74.07279428042499,28.191308373793145,393,297,998.2023316214845,1002.2023316214845,4.0,21.141229406696038,4.965257229120543,267.6186174229157,225000,-0.8618448740971507,-6.209408703382881,-7.962217161435267,-14.719653843183114,16.735145992461185,0,0,0,2,0,5,5,1,1
123,1977,2,6,21,28160.875,73.76627369870057,28.515546810464333,394,296,997.640350005354,1001.640350005354,4.0,21.42516885355565,4.568656059205823,263.498280684788,218125,-0.5619816161305061,-4.055206800716788,3.359672895371724,-11.361177866631342,11.847521448857112,0,0,0,0,0,4,4,1,1
123,1977,2,7,0,28161.0,73.96470606621087,28.898697600841576,394,297,996.8338504537649,1000.8338504537649,4.0,21.49101052121081,4.129568450012084,255.83680412822147,205625,-0.8064995515890768,-5.813797652412911,3.9228585916610714,7.3548908497376315,8.33566067817803,0,0,0,0,0,4,4,1,1
123,1977,2,7,3,28161.125,74.16234645171033,29.291362170984254,394,298,996.5556619588275,1000.5556619588275,4.0,21.295608543506503,3.8931793670642945,267.24666641978536,224375,-0.2781884949373489,-2.0033977121875166,3.9719898960383047,7.325536055871881,8.333077597149167,0,0,0,0,0,6,6,1,1
123,1977,2,7,6,28161.25,74.78688726284561,26.754145472421747,390,299,996.3817269593161,1000.3817269593161,4.0,20.0302377623512,5.3418024017671994,279.9710868514077,246250,-0.17393499951140257,-1.248820096909008,-24.675653359006454,23.148589893573654,33.83408167447,0,0,0,0,0,7,7,1,1
123,1977,2,7,9,28161.375,74.57487442397846,24.512985806669295,388,297,996.7740754548581,1002.7740754548581,6.0,18.39053821248008,6.503079599031918,460.514887566027,666250,0.39234849554195533,2.8198441173189996,-22.093164449296083,-7.858250688512595,23.449094209950818,0,0,0,0,0,9,9,1,1
123,1977,2,7,12,28161.5,74.548572088809,22.65189165209059,386,296,997.2221695432485,999.2221695432485,2.0,16.915520068204923,6.791019059709652,199.96919625742038,125625,0.44809408839035314,3.22090104396285,-18.377370938081068,-0.9748954099164997,18.40321123217638,0,0,0,1,0,14,14,1,2
123,1977,2,7,15,28161.625,74.00277379464607,20.97975320273511,385,293,997.3451441473293,999.3451441473293,2.0,15.495894745952821,6.39369384738784,149.27053303604617,70000,0.12297460408080951,0.8863155857936548,-17.07994447809782,-20.230000427390745,26.475978181497542,0,0,0,2,0,12,12,1,1
123,1977,2,7,18,28161.75,73.57945594107763,20.418425517431324,385,291,997.287736232799,1001.287736232799,4.0,14.286469331252949,4.680397824120082,481.8373929400896,729375,-0.05740791453019483,-0.4146459995772942,-5.881417092594667,-15.690265891625199,16.75635732392222,0,0,2,0,0,9,9,1,3
123,1977,2,7,21,28161.875,72.37151195209448,18.203918706026535,384,285,996.7715082476569,1000.7715082476569,4.0,13.017536988655127,4.192629954210788,465.456406426899,680625,-0.5162279851421772,-3.7527612812671562,-24.856206981209247,-44.77241441523882,51.20937529459425,0,0,0,0,0,9,9,1,2
123,1977,2,8,0,28162.0,71.8696271363882,18.43494882292201,385,283,996.0009618874607,1000.0009618874607,4.0,12.940384064586993,3.3514628378313502,416.26907678964227,544375,-0.7705463601961674,-5.617400630967386,2.664674034947754,-18.60234842215906,18.79222856746715,0,0,0,0,0,5,5,1,2
123,1977,2,8,3,28162.125,71.22238072387962,17.783888442692525,385,280,995.2277813237087,997.2277813237087,2.0,12.542589369838877,4.4327221461031145,162.05112036071435,82500,-0.7731805637521029,-5.657893037682166,-7.767805216071238,-23.990172453281684,25.216406806145457,0,0,0,2,0,5,5,1,1
123,1977,2,8,6,28162.25,71.00596896400525,17.576649292890494,385,279,995.3489845004427,997.3489845004427,2.0,12.018880319079425,4.068636326794876,161.43612337794121,81875,0.121203176734125,0.8880736412220271,-2.500033370164321,-8.021296588083311,8.401866804819756,0,0,0,0,0,5,5,1,1
123,1977,2,8,9,28162.375,70.5721957318765,17.175903615746744,385,277,995.607330258496,997.607330258496,2.0,11.3209202764963,3.727059860485824,164.48811606198853,85000,0.2583457580531831,1.8979379253260702,-4.940587444501372,-16.07779424230963,16.819776217144188,0,0,0,0,0,4,4,1,1
123,1977,2,8,12,28162.5,70.1372011063441,16.792509120984704,385,275,995.8116463116977,997.8116463116977,2.0,10.746742744195165,6.614264916773537,147.93175681757992,68750,0.2043160532017646,1.5050820816998216,-4.828281504366625,-16.123065158951267,16.830494122431375,0,0,0,0,0,4,4,1,1
123,1977,2,8,15,28162.625,69.76424073196986,15.814084183889943,384,273,996.6397451698598,998.6397451698598,2.0,9.607600049960315,7.339988368781052,142.4508871303252,63750,0.8280988581621205,6.1146496660383445,-12.543446554679305,-13.823767156623548,18.666402703001992,0,0,0,0,0,3,3,1,1
123,1977,2,8,18,28162.75,69.38529085297887,14.870957355858042,383,271,998.1468623549441,998.1468623549441,0.0,7.9832249677689475,6.3060012449572245,14.104739588693906,625,1.507117185084353,11.15593802018231,-12.307597250590266,-14.045767998789493,18.67513182707303,0,0,0,0,0,3,3,1,1
123,1977,2,8,21,28162.875,69.38529085297887,14.870957355858042,383,271,,,,7.9832249677689475,,0.0,0,0.0,,0.0,0.0,0.0,0,3,0,0,0,3,3,0,0
135,1977,2,5,15,28159.625,34.76462941628151,156.73785346193364,453,577,993.4894136242028,993.4894136242028,0.0,7.841902638368741,5.445418683746247,14.104739588693906,625,,,,,,3,0,0,0,0,26,26,1,1
135,1977,2,5,18,28159.75,35.05297495141132,160.79602649449996,437,582,989.6367914486187,991.6367914486187,2.0,9.244564062840627,3.989113524973218,263.498280684788,218125,-3.8526221755841106,-46.474297965030644,123.12532861530525,10.687520209015323,123.58830703122774,0,0,0,0,0,25,25,1,1
135,1977,2,5,21,28159.875,34.93880889394698,163.63785425126147,426,586,988.552620762361,990.552620762361,2.0,10.374991825658386,2.848029707419846,272.4077682750553,233125,-1.084170686257712,-13.115659582237578,86.34472039135673,-4.231562128348968,86.4483479165892,0,0,0,0,0,29,29,1,1
135,1977,2,6,0,28160.0,34.987256516035664,165.63972215920856,418,588,983.6916871635381,997.6916871635381,14.0,15.138880103692681,7.184237965878055,1096.2749490993008,3775625,-4.86093359882303,-58.733649744852094,60.78886170954286,1.795709928085153,60.815378664345666,0,0,2,0,0,22,22,1,4
135,1977,2,6,3,28160.125,35.42023255314714,168.5461085839078,406,589,979.2533883780131,998.5052628679705,19.251874489957263,17.657154336075333,7.752346347554777,1269.8966339346796,5066250,-4.438298785524821,-53.05569682396984,87.78455377309751,16.04824622848733,89.23942003482546,0,0,1,0,0,28,27,2,0
135,1977,2,6,6,28160.25,39.85998160430861,174.56594145845955,380,575,971.9845231717977,997.9845231717977,26.0,24.118567939697822,9.971997986705755,1260.5408216689018,4991875,-6.520739696172678,-70.48845046671339,66.48448197995504,84.23028660660812,107.30763032503472,0,0,0,0,2,22,22,1,2
135,1977,2,6,9,28160.375,41.691538138004326,175.74842214869173,375,568,964.1871318267451,998.1871318267451,34.0,30.41541861586824,14.83467054187393,1276.3815206373108,5118125,-7.797391345052602,-81.22129170393,32.72816825224159,67.88659813655248,75.36393835051884,0,0,0,0,0,18,18,1,2
135,1977,2,6,12,28160.5,42.72377265260424,176.5021648932275,372,564,955.6592755707045,999.6592755707045,44.0,37.38618798134338,28.817444842069673,1392.3742853622907,6090625,-8.527856256040685,-87.08299130361605,20.523713636581608,38.25974704363977,43.41694444890967,0,0,0,0,0,19,19,1,1
135,1977,2,6,15,28160.625,43.51889133034694,177.86838675699687,367,561,949.0326595093305,977.0326595093305,28.0,42.79288066759436,38.78811861635972,474.9759276350346,708750,-6.626616061373934,-66.67290510938925,36.720310643876786,29.471054348439438,47.0842251522894,0,0,0,0,0,16,16,1,1
135,1977,2,6,18,28160.75,44.774147713307066,-179.8542095270808,359,556,943.1794634586622,997.1794634586622,54.0,48.12032349590028,17.16407951668654,1338.6876630546578,5630000,-5.853196050668339,-57.576781447650575,-59.92109786755358,46.52604714112171,75.8631071880846,0,0,0,0,0,15,15,1,1
135,1977,2,6,21,28160.875,45.98594745146183,-179.25205581071143,357,551,938.7411111093132,998.7411111093132,60.0,52.03798834230297,29.30208005323453,1406.3776360830434,6213750,-4.438352349349007,-42.75739052531971,15.507850387600067,44.915327664004714,47.517155668338305,0,0,0,0,0,14,14,1,1
135,1977,2,7,0,28161.0,46.697236903578464,-178.3287140245627,354,548,939.7663210263252,995.7663210263252,56.0,49.597769423938686,25.292638745727526,1282.6009825871815,5168125,1.0252099170119617,9.760169499328871,23.472267512962063,26.363926150385765,35.29878105916759,0,0,0,0,0,11,11,1,1
135,1977,2,7,3,28161.125,47.39450216386974,-177.37642210721646,351,545,938.2735188845174,994.2735188845174,56.0,50.41557876313189,24.546707325874085,1258.8035597974304,4978125,-1.4928021418077697,-14.051610174565031,23.893816207508223,25.844119823295934,35.19705928623953,0,0,0,0,0,15,15,1,1
135,1977,2,7,6,28161.25,48.091782487339394,-176.70716059963513,349,542,938.13847816124,994.13847816124,56.0,50.476247416048594,22.134151876215693,1279.8836868142873,5146250,-0.13504072327748873,-1.2571483032444253,16.568957912648145,25.844678139634077,30.699800560465942,0,0,0,0,0,15,15,1,1
135,1977,2,7,9,28161.375,48.57205625859666,-176.67075646645316,349,540,939.5051780196108,987.5051780196108,48.0,49.33667176695635,21.543566800969348,999.2488800207775,3136875,1.3666998583708483,12.628594572895647,0.8928137218413364,17.801335588085745,17.82371075454144,0,0,0,0,0,18,18,1,1
135,1977,2,7,12,28161.5,48.5414923626254,-176.0384731174898,347,540,941.0231489923331,987.0231489923331,46.0,47.68501178242808,20.68548092574674,991.6544784495496,3089375,1.5179709727222508,14.032979607196587,15.516117233027199,-1.1328500568320212,15.557417627624064,0,0,0,0,0,26,26,1,1
135,1977,2,7,15,28161.625,48.44195389117011,-174.4623154115672,342,540,943.3390261006691,987.3390261006691,44.0,44.88262005126344,18.40447845407565,1032.0583591263187,3346250,2.315877108336135,21.442215022910155,38.754049821980665,-3.6893910105942487,38.92926898406408,0,0,0,0,0,25,25,1,1
135,1977,2,7,18,28161.75,48.78651740378573,-172.81573260757315,337,538,945.0449223969429,987.0449223969429,42.0,43.08812526343371,16.744532366609274,1028.9695131143749,3326250,1.7058962962737132,15.711054673221035,40.21020250833756,12.771238169895163,42.189630362847495,0,0,0,0,0,19,19,1,1
135,1977,2,7,21,28161.875,49.367852910535774,-171.41336723174499,333,535,947.9922346797778,987.9922346797778,40.0,41.02591672797607,14.046397699744048,1040.505406224599,3401250,2.9473122828349005,26.90659576283086,33.8480089773859,21.547186342982815,40.12441838871215,0,0,0,0,0,20,20,1,1
135,1977,2,8,0,28162.0,50.31407620322496,-171.21618443759934,333,531,952.0809600992573,1002.0809600992573,50.0,36.75460106650682,10.03999672645601,1789.3017140695808,10058125,4.088725419479451,36.810191408715184,4.667099790940749,35.07174320664885,35.38091282049855,0,0,0,0,0,16,16,1,1
135,1977,2,8,3,28162.125,50.51274467608139,-170.8376529542783,332,530,951.9404988674698,1001.9404988674698,50.0,36.80441974335692,11.354490461306195,1807.8292940408037,10267500,-0.1404612317873398,-1.2609312862328435,8.92192491693273,7.363642088619082,11.568231024347131,0,0,0,0,0,17,17,1,1
135,1977,2,8,6,28162.25,50.983745275279226,-170.73077790659883,332,528,952.0148345080286,986.0148345080286,34.0,37.11826153673639,11.57526672521395,955.3813890965324,2867500,0.07433564055871102,0.662849470534537,2.4938131531397647,17.457625692448953,17.634846153579755,0,0,0,0,0,20,20,1,1
135,1977,2,8,9,28162.375,51.21892023465778,-170.676408221862,332,527,952.6338132280902,984.6338132280902,32.0,36.87054234764095,10.366985565253417,884.4470279766142,2457500,0.6189787200615683,5.501172157013903,1.2622201966419695,8.716754118911894,8.807667239080866,0,0,0,0,0,18,18,1,1
135,1977,2,8,12,28162.5,51.41440176324862,-170.28674897505974,331,526,953.3588442312187,987.3588442312187,34.0,35.9393670297064,8.406523595069448,1007.0823575324429,3186250,0.7250310031285335,6.426133089722132,9.00766433391015,7.245518077341622,11.560084297334567,0,0,0,0,0,18,18,1,1
135,1977,2,8,15,28162.625,51.607883384837955,-169.89330255069865,330,525,953.7078834731395,987.7078834731395,34.0,35.3764032799189,7.792917594199171,1038.3042886209832,3386875,0.3490392419208365,3.0853277108587958,9.056665576217618,7.171391573232207,11.552144755675075,0,0,0,0,0,17,17,1,1
135,1977,2,8,18,28162.75,52.033017087056805,-169.4332493990339,329,523,954.9907106084476,986.9907106084476,32.0,33.90258351081385,7.4373868669017975,1017.2050303533622,3250625,1.2828271353080345,11.273563098032225,10.490410107524927,15.75757027745138,18.930127449990405,0,0,0,0,0,14,14,1,1
135,1977,2,8,21,28162.875,52.4997052644786,-169.3053923359159,329,521,956.8760501457904,988.8760501457904,32.0,32.33826643193299,7.037468119573386,1104.3209458493704,3831250,1.8853395373428066,16.46437516339754,2.884950892283282,17.29778588476647,17.536714007079897,0,0,0,0,0,15,15,1,1
135,1977,2,9,0,28163.0,53.00930201646138,-169.5213868804727,330,519,957.4319233244458,987.4319233244458,30.0,31.238418451836864,6.846755908079212,1049.2637031929514,3458750,0.5558731786554563,4.821637975503032,-4.8169903664149905,18.888191151677077,19.492746373264776,0,0,0,0,0,16,16,1,1
135,1977,2,9,3,28163.125,53.284711548710106,-169.80653091290827,331,518,957.3941577384202,985.3941577384202,28.0,30.601488616780006,7.093672551025011,990.4500393672919,3081875,-0.03776558602563455,-0.3264001796718901,-6.318471168186673,10.208047578536378,12.005303547552169,0,0,0,0,0,13,13,1,1
135,1977,2,9,6,28163.25,53.598884831717825,-170.44921294279825,333,517,958.7044216160274,986.7044216160274,28.0,29.417294399218687,5.886123942199919,1055.6905270963632,3501250,1.3102638776072126,11.27838818664364,-14.136152738137747,11.64482505257431,18.314823633904357,0,0,0,0,0,14,14,1,1
135,1977,2,9,9,28163.375,53.94373802967001,-171.46028332317997,336,516,959.6975076658804,985.6975076658804,26.0,28.56575530156265,5.016767282972506,987.2310179279184,3061875,0.9930860498530092,8.510596796067508,-22.057001472614477,12.781975349811548,25.49294427495787,0,0,0,0,0,13,13,1,1
135,1977,2,9,12,28163.5,53.86619868036454,-173.30071684464042,341,517,961.3856012650034,987.3856012650034,26.0,26.67230071470901,4.1764743925576475,1070.288607294274,3598750,1.6880935991229489,14.480987059105447,-40.22377809266503,-2.8739940860293025,40.326321008176414,0,0,0,0,0,12,12,1,1
135,1977,2,9,15,28163.625,53.91837293357172,-174.01940047523655,343,517,961.6661139633477,987.6661139633477,26.0,26.490251829309233,4.15391753962962,1089.8136367394513,3731250,0.2805126983443915,2.404726569904777,-15.688037583418163,1.9338374193686183,15.806778621315955,0,0,0,0,0,14,14,1,1
135,1977,2,9,18,28163.75,53.75015584076305,-175.13166762531483,346,518,961.877808732085,985.877808732085,24.0,26.24104701626416,4.900983996502691,988.3387391104872,3068750,0.2116947687372158,1.8186760105065545,-24.377083677765718,-6.234962431740041,25.161815617280116,0,0,0,0,0,17,17,1,1
135,1977,2,9,21,28163.875,53.56780739337317,-176.23361202903322,349,519,962.829334521409,984.829334521409,22.0,26.116758335313563,5.187510388985466,889.7173136470451,2486875,0.9515257893240778,8.193748156140105,-24.25555484175276,-6.758740743755596,25.179605182023362,0,0,0,0,0,14,14,1,1
135,1977,2,10,0,28164.0,53.35972709897063,-176.96847613954762,351,520,963.732348090861,983.732348090861,20.0,25.500483897507472,5.047145837962234,804.4649074679512,2033125,0.903013569452014,7.796953655752754,-16.255100765895794,-7.71249102408972,17.9919653930884,0,0,0,0,0,16,16,1,1
135,1977,2,10,3,28164.125,53.38181539340517,-177.68087750412263,353,520,964.0838184479917,984.0838184479917,20.0,25.455362669318014,4.959509621121397,812.462384651521,2073750,0.35147035713060176,3.0338555896745887,-15.750062649690008,0.8187020931174548,15.77132672245538,0,0,0,0,0,15,15,1,1
135,1977,2,10,6,28164.25,53.16143997342888,-178.40393614202426,355,521,965.3303285951869,985.3303285951869,20.0,25.228277138461124,5.2814716719467105,828.8259908571841,2158125,1.246510147195222,10.79066972549376,-16.068293179939108,-8.168209552842761,18.025251538206877,0,0,0,0,0,17,17,1,1
135,1977,2,10,9,28164.375,52.93051645490796,-178.76612783299996,356,522,966.4226527048116,984.4226527048116,18.0,24.926556727535257,5.488640536442618,749.4117729496419,1764375,1.0923241096247511,9.484641095742868,-8.092129186794773,-8.559174567478635,11.778880424401503,0,0,0,0,0,20,20,1,1
135,1977,2,10,12,28164.5,52.93488970336797,-179.11859600341788,357,522,969.2008739772782,987.2008739772782,18.0,23.17428599894667,3.837862920158513,842.6327728427837,2230625,2.778221272466617,24.12188119051785,-7.874089931050499,0.16209434723639818,7.875758174276101,0,0,0,0,0,18,18,1,1
135,1977,2,10,15,28164.625,52.93780544546919,-179.47113090221058,358,522,970.1659288574774,986.1659288574774,16.0,23.179384798039568,4.008656448734037,754.834217738561,1790000,0.9650548801991681,8.378758253801223,-7.875050018761011,0.10807190968638321,7.875791537086991,0,0,0,0,0,17,17,1,1
135,1977,2,10,18,28164.75,53.17463085660271,179.46785635869244,361,521,971.3329278166165,987.3329278166165,16.0,22.925295489093788,3.52201563403396,793.2583792495237,1976875,1.1669989591390186,10.100623080789463,23.571173197513467,8.777928072852974,25.15257893654958,0,0,0,0,0,15,15,1,1
135,1977,2,10,21,28164.875,52.93488970336797,179.11859600341788,362,522,973.1711468113572,987.1711468113572,14.0,22.19482404029072,3.1674600617180833,719.479987495406,1626250,1.838218994740746,15.960319875429304,-7.802427928600315,-8.88599998253936,11.82534892807361,0,0,0,0,0,16,16,1,1
135,1977,2,11,0,28165.0,52.91739933383577,178.061498230613,365,522,975.6282651526501,989.6282651526501,14.0,20.687920145406206,2.3088081514089573,851.2067189736307,2276250,2.457118341292953,21.338829132784266,-23.62477067580265,-0.6482801190400634,23.63366363044476,0,0,0,0,0,19,19,1,1
135,1977,2,11,3,28165.125,53.123355506245396,176.98721249581666,368,521,975.9248635438084,989.9248635438084,14.0,20.82060624561079,2.094274007632557,846.4019066568754,2250625,0.29659839115833164,2.568844302593829,-23.894551598533354,7.633760494360847,25.084335657542084,0,0,0,0,0,18,18,1,1
135,1977,2,11,6,28165.25,52.84314314925079,175.9519706492578,371,522,977.0540975765254,989.0540975765254,12.0,20.288347919368324,1.5432928816224012,710.7165402872673,1586875,1.1292340327169221,9.81644995993542,-23.17598078102416,-10.386064160304432,25.396779597113515,0,0,0,0,0,17,17,1,1
135,1977,2,11,9,28165.375,52.97718702520445,174.16649241526486,376,521,977.2731525048091,989.2731525048091,12.0,20.722353127972536,2.312982861907731,715.5983715731704,1608750,0.219054928283731,1.900883008289282,-39.84735306921871,4.968332984606393,40.15589470138727,0,0,0,0,0,19,19,1,1
135,1977,2,11,12,28165.5,53.07360310444575,172.37028474463625,381,520,977.0629870519103,985.0629870519103,8.0,21.107371246807887,3.564030747020879,521.8753647816745,855625,-0.21016545289880015,-1.821434181795678,-39.997290519124235,3.57365961953106,40.156622018634636,0,0,0,0,0,19,19,1,1
135,1977,2,11,15,28165.625,52.773369658467914,171.7209488145402,383,521,977.1212067331189,983.1212067331189,6.0,20.399419781875608,3.6217750879335653,435.4231573518114,595625,0.05821968120857491,0.5065725338830667,-14.56012123795619,-11.128145333916379,18.325740067913976,0,0,0,0,0,16,16,1,1
135,1977,2,11,18,28165.75,52.391574908463774,170.39479584498707,387,522,977.1169485257161,981.1169485257161,4.0,20.177453533774393,3.7280132030118693,301.8546089098361,286250,-0.004258207402745029,-0.03724025425980208,-29.99627607442312,-14.151213073329343,33.16675157111073,0,0,0,0,0,19,19,1,1
135,1977,2,11,21,28165.875,52.033017087056805,169.4332493990339,390,523,978.0485024083371,982.0485024083371,4.0,19.771074772349717,4.609649087350408,278.90317035875347,244375,0.9315538826209376,8.186552331091987,-21.925640090658902,-13.289936883060282,25.63895699401274,0,0,0,0,0,23,23,1,1
135,1977,2,12,0,28166.0,51.52163417845609,169.2236565651939,391,525,979.1915136083808,983.1915136083808,4.0,18.89671021131475,5.15203343185487,250.73133533983872,197500,1.143011200043693,10.115709435388988,-4.833740482188346,-18.954395003045903,19.561036193940186,0,0,0,0,0,22,22,1,1
135,1977,2,12,3,28166.125,51.00888611266655,169.01934998982648,392,527,980.2701244757596,984.2701244757596,4.0,17.51633483567414,5.752380074991743,261.22343281308076,214375,1.078610867378884,9.614534917870008,-4.764688756848038,-19.004994520868824,19.593164004006297,0,0,0,0,0,24,24,1,1
135,1977,2,12,6,28166.25,51.00888611266655,169.01934998982648,392,527,981.8811572644018,983.8811572644018,2.0,16.628957372140636,5.400397882781835,149.9354384784672,70625,1.6110327886421874,14.360444038427124,0.0,0.0,0.0,0,0,0,0,0,22,22,1,1
135,1977,2,12,9,28166.375,50.7747593273079,169.08294671350964,392,528,984.1490326546733,986.1490326546733,2.0,15.337597962029427,5.715448396149222,162.6637921881437,83125,2.2678753902715107,20.282679157590238,1.4906309640021582,-8.677903574494119,8.80499807603953,0,0,0,0,0,22,22,1,1
135,1977,2,12,12,28166.5,50.7747593273079,169.08294671350964,392,528,987.7071425222066,989.7071425222066,2.0,12.814075852358489,4.778667180252014,213.90896694369758,143750,3.558109867533203,31.82185456935175,0.0,0.0,0.0,0,0,0,0,0,21,21,1,1
135,1977,2,12,15,28166.625,50.72890636773673,168.7554736385653,393,528,988.5642927086571,988.5642927086571,0.0,12.906437650023284,5.224014148716087,14.104739588693906,625,0.857150186450599,7.670912093282327,-7.683092677454539,-1.6995388253172596,7.868821087629095,0,0,0,0,0,20,20,1,1
135,1977,2,12,18,28166.75,50.49477541975256,168.8201371765756,393,529,990.319731461695,990.319731461695,0.0,11.569127612345081,4.443590484347733,14.104739588693906,625,1.755438753037888,15.762782857066165,1.5246906206431232,-8.678057862107122,8.81098006732261,0,0,0,0,0,16,16,1,1
135,1977,2,12,21,28166.875,50.72890636773673,168.7554736385653,393,528,991.6984434891085,991.6984434891085,0.0,11.474695016054788,4.219693522081361,14.104739588693906,625,1.3787120274134212,12.33853638652734,-1.517121201321889,8.678057862107122,8.809673376327844,0,0,0,0,0,16,16,1,1
135,1977,2,13,0,28167.0,50.915374458333154,168.36154028056959,394,527,993.0279241900552,993.0279241900552,0.0,11.190812076460649,4.727916341351738,14.104739588693906,625,1.329480700946733,11.866435499127888,-9.205527829323183,6.911435218473474,11.511284871620502,0,0,0,0,0,18,18,1,1
135,1977,2,13,3,28167.125,50.915374458333154,168.36154028056959,394,527,992.963838355634,992.963838355634,0.0,10.917288703898462,5.451399842926767,14.104739588693906,625,-0.06408583442113013,-0.5720056109310905,0.0,0.0,0.0,0,0,0,0,0,21,21,1,1
135,1977,2,13,6,28167.25,50.915374458333154,168.36154028056959,394,527,993.5209875282223,993.5209875282223,0.0,10.670515825390732,5.54441233241254,14.104739588693906,625,0.5571491725882516,4.972900106938709,0.0,0.0,0.0,0,0,0,0,0,21,21,1,1
135,1977,2,13,9,28167.375,51.049419180022895,167.6352586625334,396,526,994.3245005371762,994.3245005371762,0.0,10.47664661126108,5.0365230612207235,14.104739588693906,625,0.803513008953887,7.158266553857251,-16.922940452939496,4.968364331793491,17.637192455353368,0,0,0,0,0,19,19,1,1
135,1977,2,13,12,28167.5,50.997710743398024,167.3073344548821,397,526,994.3091291010451,994.3091291010451,0.0,10.572957521104415,5.026191837947845,14.104739588693906,625,-0.015371436131099472,-0.13703973851141954,-7.649447513417653,-1.9165719391356901,7.885892166293796,0,0,0,0,0,18,18,1,1
135,1977,2,13,15,28167.625,50.712243569205654,167.05535770872328,398,527,995.1828703790441,995.1828703790441,0.0,10.536355172455375,3.8700625179186323,14.104739588693906,625,0.8737412779989245,7.821251234687207,-5.913920825513394,-10.580833831249926,12.121406852959108,0,0,0,0,0,17,17,1,1
135,1977,2,13,18,28167.75,50.48786596738511,165.76271953423893,402,527,995.2015548423792,995.2015548423792,0.0,10.993630038713953,4.087209461480233,14.104739588693906,625,0.018684463335230248,0.16779191308992425,-30.48297067781205,-8.316550325038989,31.59709655416547,0,0,0,0,0,18,18,1,1
135,1977,2,13,21,28167.875,50.48786596738511,165.76271953423893,402,527,,,,10.993630038713953,,0.0,0,0.0,,0.0,0.0,0.0,0,3,0,0,0,18,18,0,0
142,1977,2,4,0,28158.0,45.70672378594786,-73.25802961470689,175,304,993.7355557639414,1001.7355557639414,8.0,13.510191669957397,5.25517523241615,641.2617127302117,1291875,,,,,,3,0,0,0,0,10,10,1,1
142,1977,2,4,3,28158.125,46.110211571584806,-71.84963052322861,178,300,993.0463528797752,1001.0463528797752,8.0,12.672925709166337,6.642846362191484,656.7418791116007,1355000,-0.6892028841661522,-6.625649223746451,36.189977267339806,14.955264908625416,39.15832482496838,0,0,0,0,0,9,9,1,2
142,1977,2,4,6,28158.25,46.02776069274729,-70.61809973030452,179,296,993.3493470969504,998.339299272447,4.989952175496582,10.568451360183321,5.8683131817478715,552.4306321871637,958750,0.30299421717514635,2.9168746384242494,31.692604564204576,-3.0560398080388484,31.839606834434356,0,0,0,0,0,7,6,2,0
142,1977,2,4,9,28158.375,45.306090053293495,-63.23715060002937,186,272,989.0114776419846,995.0114776419846,6.0,12.811669631221708,6.871286959427525,366.99437405976187,423125,-1.327821630462422,-12.94099245696821,68.70952744996103,1.576587883888892,68.7276130223695,0,0,0,0,2,7,7,1,1
142,1977,2,4,12,28158.5,45.1748307484606,-61.65941401481844,188,267,989.2401614791887,993.2401614791887,4.0,12.007663138976577,7.187027168160638,293.16150714175194,270000,0.22868383720415295,2.2338290205450253,41.22370935779721,-4.865122924103099,41.509801665182295,0,0,0,0,0,7,7,1,1
142,1977,2,4,15,28158.625,44.50319434517607,-56.350140031990605,195,250,986.9186534844059,990.9186534844059,4.0,13.631401809566063,8.89683509182134,252.7071841393177,200625,-2.3215079947827326,-22.945861311828658,140.32683655039426,-24.894186865012752,142.51786412906714,0,0,0,0,0,6,6,1,1
142,1977,2,4,18,28158.75,45.063806180899384,-53.74616226255521,202,244,983.9654660996035,987.9654660996035,4.0,13.937402386048449,10.580971834916273,203.9098547955877,130625,-2.953187384802441,-28.903039526949875,68.16839656758624,20.779063983108415,71.2649969522894,0,0,0,0,0,5,5,1,1
142,1977,2,4,21,28158.875,45.89988495756027,-50.71059313749964,211,238,983.1300483282055,987.1300483282055,4.0,13.879497781709816,11.031480342872529,180.62879984608918,102500,-0.8354177713980607,-8.059801433878702,78.29488110569164,30.98923941329303,84.20463981734488,0,0,0,0,0,5,5,1,1
142,1977,2,5,0,28159.0,46.722902285079265,-48.656787089984654,218,235,980.3844325596339,984.3844325596339,4.0,16.37508666628205,18.618892153470586,116.31066229203195,42500,-2.745615768571588,-26.12769278303846,52.18379197888294,30.505117120225112,60.44592886054427,0,0,0,0,0,4,4,1,1
142,1977,2,5,3,28159.125,47.6485369013202,-46.75564280161845,225,233,979.5010956475585,983.5010956475585,4.0,16.525365947098816,20.38371982673292,101.71072362820549,32500,-0.8833369120753196,-8.281082387032038,47.47001448070072,34.30862441752507,58.5703336529743,0,0,0,0,0,5,5,1,1
142,1977,2,5,6,28159.25,48.520241274545455,-45.223810500368536,231,232,979.4201228078527,983.4201228078527,4.0,15.955041424281294,16.086751492711848,118.84864828598478,44375,-0.08097283970579155,-0.7488039983637543,37.606141349707485,32.30970127884102,49.579619441279696,0,0,0,0,0,4,4,1,1
142,1977,2,5,9,28159.375,49.19126382267927,-43.863328122401214,236,231,980.0355284705043,988.0355284705043,8.0,15.1357205042192,9.724056618824688,595.7478687288161,1115000,0.6154056626516103,5.633084052198334,32.954924581569685,24.87143433886148,41.286987057052784,0,0,2,0,0,5,5,1,3
142,1977,2,5,12,28159.5,50.3347324679164,-42.19591700487772,243,231,978.9285747241483,984.9285747241483,6.0,16.27808873277635,6.098300544269805,357.66015365163463,401875,-1.1069537463560117,-9.96276136975977,39.447824138437376,42.38263737583203,57.90007582195689,0,0,0,2,0,4,4,1,2
142,1977,2,5,15,28159.625,50.946059253357085,-40.728577982616095,248,230,978.3086097911145,986.3086097911145,8.0,16.952570074163148,6.964138249530006,395.1844985686082,490625,-0.6199649330339162,-5.531164306888744,34.265987411732226,22.658812354310243,41.0801615212116,0,0,0,0,0,4,4,1,1
142,1977,2,5,18,28159.75,51.743949305624135,-39.91503939527818,252,231,976.6906866497238,984.6906866497238,8.0,18.250443380426212,7.125375846256138,349.2169456715478,383125,-1.617923141390638,-14.274789234165615,18.67043153474493,29.5737752774193,34.97417901613839,0,0,0,0,0,6,6,1,1
142,1977,2,5,21,28159.875,52.16176832269613,-38.63282013573132,256,230,976.8829412811414,984.8829412811414,8.0,18.957150439473054,7.109185797846221,357.66015365163463,401875,0.19225463141759974,1.6865921318488515,29.153340166267242,15.486451651340799,33.01132271811306,0,0,0,0,0,4,4,1,1
142,1977,2,6,0,28160.0,53.4909508952034,-33.5412476541228,271,226,979.0702101346506,993.0702101346506,14.0,17.231819126901833,6.542163602072761,922.0012688654966,2670625,2.1872688535091585,18.8536233985684,112.25445301707215,49.266119549057,122.58961113236325,0,0,2,0,0,1,1,1,3
142,1977,2,6,3,28160.125,53.97509249607045,-31.02589943559455,278,224,977.4660604569003,995.4660604569003,18.0,19.30104018023754,8.206186157322882,982.4839590814424,3032500,-1.604149677750247,-13.741846505735671,54.82989847617067,17.944696597997293,57.69167966788069,0,0,0,0,0,3,3,1,3
142,1977,2,6,6,28160.25,54.538992194907266,-30.269678619155105,281,225,976.7393463335748,994.7393463335748,18.0,20.425325529599434,8.725827357657035,924.4793369261846,2685000,-0.7267141233255097,-6.181409566411122,16.261089453503086,20.90092854901603,26.48153780326782,0,0,0,0,0,2,2,1,3
142,1977,2,6,9,28160.375,54.77433566458251,-29.63006024922199,283,225,976.2169743684868,994.2169743684868,18.0,21.508130349065986,7.033767364229061,883.6594024535764,2453125,-0.5223719650879503,-4.43035674966553,13.674362788568502,8.722999948938249,16.21970794381217,0,0,0,0,0,2,2,1,3
142,1977,2,6,12,28160.5,55.30002015951374,-29.67498001460829,284,227,975.6886941016365,983.6886941016365,8.0,23.697858721736782,8.643464618584039,312.5401515368078,306875,-0.5282802668503428,-4.451813766104118,-0.9478214477362357,19.48448295068662,19.507522686194328,0,0,0,2,0,2,2,1,1
142,1977,2,6,15,28160.625,55.004917849531466,-28.982215281607562,285,225,978.1913536509511,990.1913536509511,12.0,21.01108143769465,5.845767119739685,596.582133062373,1118125,2.502659549314558,21.165657999005816,14.72603312990934,-10.93795990370633,18.343800549457434,0,0,2,0,0,2,2,1,2
142,1977,2,6,18,28160.75,55.34169342396808,-27.995045303808308,288,225,981.5144037855945,990.2304994746294,8.716095689034846,17.656305392028003,2.984339053970398,575.1898277545226,1039375,3.3230501346434176,27.989229224108747,20.807544106147017,12.48257843171956,24.264555549881475,0,0,0,0,0,1,0,2,0
142,1977,2,6,21,28160.875,57.616918647680706,-18.180867209030772,315,224,975.6286752100361,991.6286752100361,16.0,26.626315916682625,19.598961771024115,574.4976616460837,1036875,-0.6018242645931605,-4.9373941858903025,-4.911182857397467,16.483706694291275,17.199776261399965,0,0,0,0,2,0,0,1,1
142,1977,2,7,0,28161.0,58.052180000021906,-19.72227776444705,312,227,975.2435993663994,993.2435993663994,18.0,27.00194804983232,13.817399382241568,625.2394173190522,1228125,-0.3850758436367323,-3.144122903777158,-30.230736096676882,16.132951381597007,34.26615714123624,0,0,0,0,0,0,0,1,1
142,1977,2,7,3,28161.125,58.110280245682,-20.627635077596473,310,228,976.4728419908985,988.4728419908985,12.0,24.941905423973566,13.36415171070032,405.86372848545074,517500,1.2292426244990202,10.030360209301637,-17.727585006037344,2.1534841847349275,17.857904812160452,0,0,0,0,0,2,2,1,1
142,1977,2,7,6,28161.25,57.72524649863816,-21.240071018173182,308,227,979.3605259918896,987.3605259918896,8.0,20.426814676108656,13.39956560302322,323.48782833813266,328750,2.8876840009911393,23.662362807865644,-12.121260222502306,-14.2712664194065,18.72415537735404,0,0,0,0,0,3,3,1,1
142,1977,2,7,9,28161.375,56.986438560604064,-21.17905169479271,307,224,983.4867669738834,987.4867669738834,4.0,14.630304848993136,9.268162912780827,187.12051592547775,110000,4.12624098199376,34.0918506362519,1.2322479476409685,-27.38389815803951,27.41160909786846,0,0,0,0,0,5,5,1,1
142,1977,2,7,12,28161.5,56.986438560604064,-21.17905169479271,307,224,,,,14.630304848993136,,0.0,0,0.0,,0.0,0.0,0.0,0,3,0,0,0,5,5,0,0
143,1977,2,6,12,28160.5,55.723407231470645,68.79870920290108,500,305,1010.9319438425944,1010.9319438425944,0.0,13.93862378189688,7.439214343783679,14.104739588693906,625,,,,,,3,0,0,0,0,9,9,1,1
143,1977,2,6,15,28160.625,56.72631432796311,72.30750352073856,499,315,1009.9873657311165,1009.9873657311165,0.0,16.12606282687949,6.950539930638916,14.104739588693906,625,-0.9445781114778947,-7.827468881554885,71.34454630737041,37.172727008595416,80.44784596905053,0,0,0,0,0,8,8,1,1
143,1977,2,6,18,28160.75,57.224047365024866,73.70008928313572,498,319,1009.1622902196085,1009.1622902196085,0.0,17.201351404485564,7.185304863567361,14.104739588693906,625,-0.8250755115078937,-6.798682660749893,27.94219777114128,18.448462848218725,33.48301357022213,0,0,0,0,0,7,7,1,1
143,1977,2,6,21,28160.875,57.700598308035595,75.13344104581552,497,323,1008.2724487154663,1010.2724487154663,2.0,18.26761818677405,6.441012240975325,165.09174420450913,85625,-0.8898415041422413,-7.293553126186679,28.3876185281239,17.663349050157752,33.4342756070173,0,0,0,0,0,5,5,1,1
143,1977,2,7,0,28161.0,58.38210983192845,76.5122633387633,495,327,1007.3995501132476,1009.3995501132476,2.0,19.443976589954467,5.2050438884938925,166.88952945311365,87500,-0.8728986022186291,-7.101784498140064,26.791952616058175,25.26020796889578,36.82236863121345,0,0,0,0,0,5,5,1,1
143,1977,2,7,3,28161.125,59.04281608341737,77.94921511659045,493,331,1007.3536660240657,1007.3536660240657,0.0,20.042534218994366,5.173515916440883,14.104739588693906,625,-0.04588408918207278,-0.3706997560460627,27.396576378737116,24.489061055970485,36.74624482418614,0,0,0,0,0,8,8,1,1
143,1977,2,7,6,28161.25,60.63721178118391,79.55680593650305,487,336,1007.3025114114871,1007.3025114114871,0.0,20.65194515438917,4.208061965971792,14.104739588693906,625,-0.05115461257853895,-0.4066510095085446,29.216205503421005,59.09623755185007,65.9238345122826,0,0,0,0,0,9,9,1,1
143,1977,2,7,9,28161.375,61.17479367778832,80.27875737464943,485,338,1007.9824411303214,1007.9824411303214,0.0,19.27006733863043,3.785559772195702,14.104739588693906,625,0.679929718834319,5.3769204542248845,12.9015500370536,19.92545985279022,23.737606107266853,0,0,0,0,0,11,11,1,1
143,1977,2,7,12,28161.5,62.99563961668956,79.63080038025701,477,338,1007.6358994838581,1007.6358994838581,0.0,19.579150333562286,2.6923719686679397,14.104739588693906,625,-0.3465416464633017,-2.694709857459477,-10.90484980366854,67.48961020238868,68.36492693268191,0,0,0,0,0,17,17,1,1
143,1977,2,7,15,28161.625,64.08373710332806,78.69006752597979,472,337,1007.4676822616053,1007.4676822616053,0.0,19.12427201186222,3.6186732230405325,14.104739588693906,625,-0.16821722225271515,-1.295752009632149,-15.239273560773722,40.330306736299185,43.11344454000488,0,0,0,0,0,16,16,1,1
143,1977,2,7,18,28161.75,64.93719398460563,77.77908066806957,468,336,1006.3799350205273,1006.3799350205273,0.0,18.952775000606067,3.853466142657271,14.104739588693906,625,-1.087747241078032,-8.319461311501533,-14.303416785828944,31.6333584359839,34.716812896470884,0,0,0,0,0,13,13,1,1
143,1977,2,7,21,28161.875,65.55890547020591,76.92608114174962,465,335,1006.1819256889738,1008.1819256889738,2.0,18.09580617586056,3.829531959005399,167.48450292473797,88125,-0.19800933155347594,-1.506885191709973,-13.081425143815173,23.043721011801356,26.497863345239274,0,0,0,0,0,13,13,1,1
143,1977,2,8,0,28162.0,66.1740549785111,76.02953810995912,462,334,1005.4860358381503,1007.4860358381503,2.0,17.218205428225517,3.5561904846052492,176.1681409986482,97500,-0.695889850823587,-5.270428929679962,-13.423601582818478,22.800501483810464,26.45857039538399,0,0,0,0,0,9,9,1,1
143,1977,2,8,3,28162.125,66.56096514564292,75.22837850783249,460,333,1004.2498572258951,1006.2498572258951,2.0,17.39689328756056,3.6198046135012554,171.01087916602197,91875,-1.2361786122551712,-9.334765660935162,-11.811774302701238,14.340815884085643,18.57894002356422,0,0,0,0,0,9,9,1,1
143,1977,2,8,6,28162.25,66.94278313806109,74.40091419716077,458,332,,,,16.69808777809616,,0.0,0,-0.5461348511479446,,-12.011800592902764,14.152074552836575,18.562450474888916,0,2,2,0,0,10,12,0,0
150,1977,2,7,3,28161.125,37.67543876971031,25.370376903342972,456,156,1010.176644500631,1014.176644500631,4.0,7.7470852303906845,2.899814699475755,1009.1544441309592,3199375,,,,,,3,0,0,0,0,0,0,1,1
150,1977,2,7,6,28161.25,37.237758268683976,26.28280824080713,460,156,1010.1400724650447,1014.1400724650447,4.0,8.661598666722686,3.194860844443829,678.934830399724,1448125,-0.03657203558643232,-0.4187216773443213,26.924455833122597,-16.22261706845916,31.434052021011098,0,0,0,0,0,0,0,1,1
150,1977,2,7,9,28161.375,36.784940288859666,27.18111108547722,464,156,1010.3075869928114,1014.3075869928114,4.0,8.783978864851079,1.8001208020508783,671.7173986622078,1417500,0.1675145277667616,1.9381250484394024,26.66595326805753,-16.78368734996698,31.508177109373843,0,0,0,0,0,0,0,1,1
150,1977,2,7,12,28161.5,37.02979535028619,29.8852736148306,473,162,1008.0667183206524,1014.0667183206524,6.0,9.666449612453858,10.738628648886515,705.2369794346954,1562500,-2.2408686721589763,-25.779497918214293,80.01293945516309,9.075546864623838,80.52599599599857,0,0,0,0,0,1,1,1,1
150,1977,2,7,15,28161.625,36.122604211218,29.944517351466605,475,159,1007.6244519606851,1013.6244519606851,6.0,10.10430406605908,7.395641450158073,591.7270272703197,1100000,-0.4422663599673251,-5.197680836768516,1.7737282557165233,-33.62501738709389,33.671767197572116,0,0,0,0,0,0,0,1,1
150,1977,2,7,18,28161.75,36.213292836863616,31.729356123596325,481,163,1006.6349382120826,1014.6349382120826,8.0,11.741295326410167,7.66912414282684,619.6461088469753,1206250,-0.989513748602476,-11.60398627457488,53.37464434947942,3.3613716920532353,53.4803840588823,0,0,0,0,0,0,0,1,1
150,1977,2,7,21,28161.875,35.94589312939205,32.14930927544977,483,163,1006.6424421257009,1018.6424421257009,12.0,12.604688603295779,6.349162967754745,917.4588302900908,2644375,0.007503913618274964,0.08856350710360937,12.601421799849348,-9.911163619025652,16.03206149129974,0,0,0,0,0,0,0,1,1
150,1977,2,8,0,28162.0,36.017839529678426,35.16413988785546,493,170,1005.0880049953956,1017.0880049953956,12.0,14.49813695279945,8.66795795203121,733.4464586120832,1690000,-1.5544371303053048,-18.314245844750985,90.37923789343112,2.666691567394725,90.4185704715189,0,0,0,0,0,0,0,1,1
150,1977,2,8,3,28162.125,36.017839529678426,35.16413988785546,493,170,1005.5119735740969,1017.5119735740969,12.0,14.297821425912812,6.394935099450596,725.400600080796,1653125,0.423968578701315,4.995161675828274,0.0,0.0,0.0,0,0,0,0,0,0,0,1,1
150,1977,2,8,6,28162.25,36.488175482850146,35.798374686355196,494,173,1006.2685950008894,1018.2685950008894,12.0,14.4273702580041,5.8135838064557905,708.4736422592339,1576875,0.7566214267924078,8.81521297150243,18.899835770076503,17.432990603742503,25.712116862017364,0,0,0,0,0,0,0,1,1
150,1977,2,8,9,28162.375,36.09421690018245,36.746148854437564,498,174,1007.2598782974889,1017.2598782974889,10.0,13.138329392088231,5.195345680868413,652.4871437590323,1337500,0.9912832965995767,11.657850270770526,28.386036201038102,-14.602065233576068,31.921581419037757,0,0,0,0,0,0,0,1,1
150,1977,2,8,12,28162.5,36.238441689796055,37.78794113619449,501,177,1006.6231819734782,1014.6231819734782,8.0,12.682276002247882,4.886258687165974,569.8035485213009,1020000,-0.6366963240106998,-7.462038864031443,31.14451186076738,5.345688300470503,31.59995257039585,0,0,0,0,0,0,0,1,1
150,1977,2,8,15,28162.625,36.913889245509935,38.95383122656365,503,182,1008.061253270254,1014.061253270254,6.0,11.424471036544588,4.713828677476122,497.6794954453741,778125,1.4380712967758882,16.58843979715165,34.55081728751206,25.035447136616956,42.66769959308076,0,0,0,0,0,0,0,1,1
150,1977,2,8,18,28162.75,36.95029819324702,39.30707983526285,504,183,1009.7778263898167,1015.7778263898167,6.0,10.14061651077408,5.11448899158444,574.4976616460837,1036875,1.7165731195626721,19.784282039843482,10.463480725469859,1.3494967576104446,10.550145515161406,0,0,0,0,0,0,0,1,1
150,1977,2,8,21,28162.875,36.98451612580103,39.660763196262415,505,184,1011.1349809380818,1017.1349809380818,6.0,8.777602812347101,4.169535642176925,660.3669768180365,1370000,1.3571545482649525,15.629413948078737,10.471650296438819,1.2682868334237594,10.548175739090777,0,0,0,0,0,0,0,1,1
150,1977,2,9,0,28163.0,36.98451612580103,39.660763196262415,505,184,,,,8.777602812347101,,0.0,0,0.0,,0.0,0.0,0.0,0,3,0,0,0,0,0,0,0
155,1977,2,7,3,28161.125,57.533429767342064,-8.24344697289432,339,218,,,,14.656959649142035,,0.0,0,,,,,,0,0,0,0,0,1,1,0,0
155,1977,2,7,6,28161.25,56.223976148412554,-1.7357045889283889,355,211,989.5032140861211,989.5032140861211,0.0,15.459849640795808,6.598149605302242,14.104739588693906,625,,,134.04997598017505,-48.53486636710632,142.56587710093314,3,0,0,3,0,1,1,1,1
155,1977,2,7,9,28161.375,56.70391828561985,-0.9776487850298482,357,213,987.9899841836813,989.9899841836813,2.0,16.91537346013255,10.109883669315241,115.45226928885475,41875,-1.5132299024399254,-12.54295411760865,15.424385084442498,17.789043580132535,23.544887486013323,0,0,0,0,0,1,1,1,1
155,1977,2,7,12,28161.5,56.942959604727776,-0.19689193807191233,359,214,986.2876526249071,990.2876526249071,4.0,18.410689504699363,14.858180289461012,157.69578262626,78125,-1.7023315587741672,-14.07195539890908,15.785232134071117,8.860060647741607,18.101774172941468,0,0,0,0,0,2,2,1,1
155,1977,2,7,15,28161.625,57.17543275833892,0.5947445152184994,361,215,984.3059559636223,990.3059559636223,6.0,19.651221485299978,17.716660064753597,222.56903656473068,155625,-1.9816966612848046,-16.338257260472368,15.9052791699488,8.616611754206685,18.089331209216663,0,0,0,0,0,1,1,1,1
155,1977,2,7,18,28161.75,57.401218262245486,1.3971810272963765,363,216,983.4914656232414,991.4914656232414,8.0,20.176396812033232,19.313024872158714,297.87393436440806,278750,-0.8144903403808712,-6.698156354481982,16.023651051222664,8.368734181431837,18.077419749809838,0,0,0,0,0,1,1,1,1
155,1977,2,7,21,28161.875,57.16086074392261,1.7837211538558555,364,215,983.5388550492929,989.5388550492929,6.0,20.19076975345975,17.312017773470654,175.60259173501603,96875,0.047389426051522604,0.3907700504460447,7.7693222705700125,-8.908845539460117,11.820740137145965,0,0,0,0,0,1,1,1,1
155,1977,2,8,0,28162.0,56.684732195566056,2.1500263510386053,365,213,984.6275873801351,996.6275873801351,12.0,18.899932552779273,17.68875452157692,602.0592851968912,1138750,1.0887323308421764,9.026337911457711,7.457148719327834,-17.6476930026291,19.158552537632293,0,0,2,0,0,1,1,1,2
155,1977,2,8,3,28162.125,56.182935514798416,3.275981813234144,368,211,986.1910966286027,998.1910966286027,12.0,17.53175114985539,14.205395676268672,718.7883791576386,1623125,1.5635092484675988,13.038114299444894,23.226239319221577,-18.599081702813766,29.7554034269693,0,0,0,0,0,1,1,1,2
155,1977,2,8,6,28162.25,55.66731635100437,4.369591648399039,371,209,987.9905250111614,998.7410236333931,10.75049862223168,15.56141697712149,12.29553901509149,767.1215041193168,1848750,1.7994283825586899,15.09706616178519,22.861176328339177,-19.111411698202392,29.797305922072933,0,0,0,0,0,1,2,2,0
155,1977,2,8,9,28162.375,54.88106546323246,5.766022768236496,375,206,991.1245424752555,993.1245424752555,2.0,12.867326424074724,10.24899473843514,108.34056051649024,36875,3.1340174640940677,26.545453554141027,29.775015393762942,-29.14236993000572,41.66328439808991,0,0,0,2,0,1,1,1,1
155,1977,2,8,12,28162.5,54.276392093063556,7.510154182603681,380,204,994.4064892671079,994.4064892671079,0.0,10.49858275921748,6.467602214333528,14.104739588693906,625,3.2819467918523877,28.007870803339465,37.74438232823108,-22.412203679949645,43.896984761270694,0,0,0,0,0,1,1,1,1
155,1977,2,8,15,28162.625,54.276392093063556,7.510154182603681,380,204,,,,10.49858275921748,,0.0,0,0.0,,0.0,0.0,0.0,0,3,0,0,0,1,1,0,0
156,1977,2,7,6,28161.25,38.18518513005743,-138.63295073948822,212,527,1005.8898114197095,1007.8898114197095,2.0,11.00271511087863,3.986858677719428,348.07571077095474,380625,,,,,,3,0,0,0,0,14,14,1,1
156,1977,2,7,9,28161.375,39.70744455242576,-135.37325712687135,207,514,1004.8067569907709,1008.8067569907709,4.0,12.541716701276647,1.2870654089220626,432.6730888463505,588125,-1.0830544289387762,-11.745186418804446,92.94406553856844,56.42250826807857,108.72947511185318,0,0,0,0,0,16,16,1,1
156,1977,2,7,12,28161.5,41.283437815748286,-135.57678366493022,212,510,997.3332904977907,1007.3332904977907,10.0,19.02770916331569,6.6259331388539415,482.6624575733665,731875,-7.473466492980078,-78.47667919317527,-5.668753546919728,58.41415176915556,58.68856697590813,0,0,0,0,0,24,24,1,1
156,1977,2,7,15,28161.625,41.46071516690347,-135.0,211,508,998.022157721553,1008.022157721553,10.0,17.90316494273076,5.729851945654518,513.4202708268847,828125,0.6888672237622085,7.208225644917496,16.021208591802008,6.57078068581399,17.316301093567777,0,0,0,0,0,23,23,1,1
156,1977,2,7,18,28161.75,41.10663349546464,-134.23354699898908,208,507,999.9462036753615,1009.9462036753615,10.0,17.078636330153195,4.3861972628080546,553.5099506349444,962500,1.924045953808527,20.27519694618188,21.405420889831284,-13.12402849394109,25.108408300420063,0,0,0,0,0,17,17,1,1
156,1977,2,7,21,28161.875,40.53724991660183,-132.5351470820088,202,504,1001.424219281753,1009.424219281753,8.0,15.902567516228798,1.4160569469071924,515.1610113408578,833750,1.4780156063915637,15.755233760886453,47.84110125702885,-21.104188428088786,52.28917420167931,0,0,0,0,0,18,18,1,1
156,1977,2,8,0,28162.0,40.10842504385485,-131.0483455186177,197,501,1001.1397957732569,1007.1397957732569,6.0,15.765697497401453,3.288161465689409,449.3638103450724,634375,-0.28442350849611103,-3.0587293522815107,42.14777931971109,-15.894383422820773,45.04516318068684,0,0,0,0,0,15,15,1,2
156,1977,2,8,3,28162.125,40.91397112719083,-130.0302592718897,197,496,1002.6017855245108,1004.6017855245108,2.0,14.095487432099416,5.052892726564896,233.47498368984665,171250,1.461989751253859,15.465832761290642,28.51620270115663,29.857545881784866,41.28736928621562,0,0,0,0,0,16,16,1,2
156,1977,2,8,6,28162.25,41.38786819811547,-129.4044199823844,197,493,1003.7695072377265,1003.7695072377265,0.0,12.942826975207321,5.160609148547155,14.104739588693906,625,1.1677217132157238,12.236521766579738,17.403324859805597,17.564983346179243,24.726592084787615,0,0,0,0,0,18,18,1,1
156,1977,2,8,9,28162.375,41.815529300498234,-128.38094668452294,196,489,1005.2079166881844,1007.2079166881844,2.0,11.095321399489228,5.048167881953632,151.2564810824976,71875,1.4384094504578389,14.946868710262684,28.272620261640025,15.851248302727397,32.413008641803316,0,0,0,0,0,16,16,1,1
156,1977,2,8,12,28162.5,41.53481973590134,-127.44365594356054,193,487,1005.9473823862467,1007.9473823862467,2.0,10.689561891005104,4.524583120637981,146.58075357087597,67500,0.7394656980622676,7.726377885160693,26.005092947810933,-10.404493147925944,28.009254486500062,0,0,0,0,0,16,16,1,1
156,1977,2,8,15,28162.625,41.833261617907034,-127.00729733332932,193,485,1008.0583633911142,1010.0583633911142,2.0,8.427675212043031,4.182747733207725,158.95234259311306,79375,2.1109810048676447,21.928141164923364,12.050773261280888,11.061741059095718,16.357972106996833,0,0,0,0,0,14,14,1,1
156,1977,2,8,18,28162.75,41.833261617907034,-127.00729733332932,193,485,,,,8.427675212043031,,0.0,0,0.0,,0.0,0.0,0.0,0,3,0,0,0,14,14,0,0
168,1977,2,6,9,28160.375,41.23304163349748,-142.12501634890182,230,526,997.9123668268211,997.9123668268211,0.0,9.36603528920473,4.76255327126506,14.104739588693906,625,,,,,,3,0,0,0,0,16,16,1,1
168,1977,2,6,12,28160.5,43.264405805703774,-138.80077806508996,226,512,996.6346891497265,996.6346891497265,0.0,11.973339425050867,5.975244981073847,14.104739588693906,625,-1.2776776770946163,-12.915740336520525,89.71749296882166,75.29246337228781,117.12464977654305,0,0,0,0,0,18,18,1,1
168,1977,2,6,15,28160.625,46.789688779356354,-136.93783976544114,231,497,994.1901164973732,996.1901164973732,2.0,13.15669169168437,6.303262962674125,191.3259964331453,115000,-2.444572652353236,-23.237432317540378,47.275766566898035,130.66452721887018,138.9540095780568,0,0,0,0,0,14,14,1,1
168,1977,2,6,18,28160.75,47.823813928657614,-136.54220612742847,233,493,991.6348466740602,995.6348466740602,4.0,16.79168310588874,9.004596107796024,197.4663542417147,122500,-2.555269823312992,-23.888567720910373,9.845685521195634,38.329823372615905,39.57414412414012,0,0,0,0,0,14,14,1,1
168,1977,2,6,21,28160.875,49.19126382267927,-136.1366718775988,236,488,989.4782516572772,995.4782516572772,6.0,18.92134784840778,12.609445119439988,201.4559765517849,127500,-2.156595016783103,-19.74028146531471,9.82336465728645,50.68449688528235,51.627673952098796,0,0,0,0,0,13,13,1,1
168,1977,2,7,0,28161.0,50.71640871942858,-135.943055232471,240,483,981.0969198272785,995.0969198272785,14.0,26.822210719866423,30.469766937312887,258.1591222864905,209375,-8.381331829998672,-75.0206099485329,4.543800204439663,56.52945830545449,56.71177811183479,0,0,0,0,0,9,9,1,1
168,1977,2,7,3,28161.125,52.06874444975364,-135.0,242,477,979.6511290944004,995.6511290944004,16.0,28.563627987066447,35.31460298667982,289.4050600838035,263125,-1.4457907328780857,-12.699520012868147,21.48681309512301,50.12429077743675,54.535563286040976,0,0,0,0,0,13,13,1,1
168,1977,2,7,6,28161.25,53.907932918540915,-134.23269168491032,246,470,981.5217988503985,995.5217988503985,14.0,26.011611890896564,26.13099172967908,278.1889485195882,243125,1.8706697559980967,16.038656219844093,16.7536363697846,68.16947562410665,70.1980180523399,0,0,0,0,0,12,12,1,1
168,1977,2,7,9,28161.375,55.74212194844575,-134.46202726988776,252,465,985.1943343627415,995.1943343627415,10.0,21.54631918383242,17.08891713690311,233.04854500749258,170625,3.67253551234302,30.78486630076824,-4.784984643809322,67.98417154417412,68.15235622184449,0,0,0,0,0,14,14,1,1
168,1977,2,7,12,28161.5,56.73271562790179,-133.89297295431925,254,461,996.4778968817553,997.8290034194209,1.3511065376656188,9.498100959047669,20.060684847606755,227.4320920733615,162500,11.283562519013794,93.4970428631494,11.569879537005171,36.71633050722611,38.49611718623937,0,0,0,1,0,22,20,2,0
168,1977,2,7,15,28161.625,62.33113950931781,-135.0,273,446,996.3840599948022,998.3840599948022,2.0,9.172284220455278,14.480205554460698,151.2564810824976,71875,0.5550565753813135,4.342078202340347,-16.618735854605585,30.454863320795873,34.69410729927362,0,0,1,0,2,22,22,1,1
168,1977,2,7,18,28161.75,62.33113950931781,-135.0,273,446,,,,9.172284220455278,,0.0,0,0.0,,0.0,0.0,0.0,0,3,0,0,0,22,22,0,0
170,1977,2,6,18,28160.75,42.5178990443629,60.756033768582874,539,259,1005.2763715978388,1009.2763715978388,4.0,8.080941496078811,4.368734291088986,669.9380116989519,1410000,,,,,,3,0,0,0,0,3,3,1,1
170,1977,2,6,21,28160.875,44.46370707120075,60.12935206384667,531,261,1004.6963393804608,1008.6963393804608,4.0,9.424515235004838,1.04409082899896,645.8985172452641,1310625,-0.5800322173778841,-5.737081928427283,-16.577608929635645,72.12132693620954,74.00204670726046,0,0,0,0,0,2,2,1,1
170,1977,2,7,0,28161.0,45.036394698045065,60.74605751206801,530,264,1003.7948333952551,1007.7948333952551,4.0,11.0124301233117,1.1819688000987663,586.153336081634,1079375,-0.9015059852057311,-8.827313262590017,16.152859420655258,21.226652885733454,26.673688537487045,0,0,0,0,0,2,2,1,1
170,1977,2,7,3,28161.125,45.93151025654004,61.496858005748535,528,268,1003.4494748219029,1007.4494748219029,4.0,12.01811483059856,1.0678191685120693,503.0470748509662,795000,-0.34535857335227776,-3.330110934371177,19.355076074522486,33.17743628841706,38.410431506591095,0,0,0,0,0,4,4,1,1
170,1977,2,7,6,28161.25,46.60109876381947,62.41797079220284,527,272,1004.400294553002,1008.400294553002,4.0,11.901623651670102,0.9588676566386858,534.1209933079043,896250,0.9508197310991818,9.066312295591695,23.45726137408324,24.81828164965879,34.14952730586249,0,0,0,0,0,5,5,1,1
170,1977,2,7,9,28161.375,46.60109876381947,64.45192685364118,530,278,1004.0977418472842,1008.0977418472842,4.0,10.578269759188172,1.5346472310103854,604.0386635292231,1146250,-0.30255270571782605,-2.8849183774752043,51.79603220637821,0.0,51.79603220637821,0,0,0,0,0,8,8,1,1
170,1977,2,7,12,28161.5,46.95701431661617,66.92177859395913,532,286,1004.6894136022235,1008.2606400589979,3.5712264567743115,9.204647967496596,2.168041286691077,644.0478013573622,1303125,0.591671754939307,5.608904667288279,62.48116423119117,13.192001261628738,63.858631217493986,0,0,0,1,0,10,11,2,0
170,1977,2,7,15,28161.625,47.71779324560264,66.84221843921816,529,287,1005.800678154595,1007.5547212890539,1.754043134458916,9.855947900074277,1.5329227969953354,391.89860944341075,482500,1.1112645523714308,10.406393270416912,-1.983965840526513,28.198252400459044,28.267959935169895,0,0,0,0,0,9,13,2,0
170,1977,2,7,18,28161.75,51.12078674485024,70.6066609883091,520,303,1005.0768922259033,1007.0768922259033,2.0,12.11902627102011,8.271374722054752,334.076942998453,350625,-0.47782906315056606,-4.252563289960611,32.079960796757476,3.8368682964593352,32.30859704545945,0,0,0,2,2,10,10,1,2
170,1977,2,7,21,28161.875,54.67395967833353,77.53127173004489,511,326,1004.8099985406157,1006.8099985406157,2.0,12.736580560098613,2.970239322255584,279.25959628100287,245000,-0.6301899218134349,-5.351413534404408,21.249139348954,14.401227488876664,25.669461939387084,0,0,0,0,2,12,12,1,1
170,1977,2,8,0,28162.0,55.72964448215281,80.25635871296284,508,334,1004.505651064185,1006.505651064185,2.0,14.773071065561657,1.787106398317046,289.7485676944319,263750,-0.30434747643055743,-2.551557751509624,56.87226738270624,39.12893144015321,69.03280432445318,0,0,0,0,0,10,10,1,1
170,1977,2,8,3,28162.125,56.80480492121389,81.53710886440908,504,338,1003.9042302669154,1005.9042302669154,2.0,16.481142353294217,2.727386448945108,251.12774876576967,198125,-0.6014207972696749,-4.979343416865882,25.989648865382716,39.85079538417622,47.576756309119794,0,0,0,0,0,10,10,1,1
170,1977,2,8,6,28162.25,57.42240546730382,83.39516450324602,502,343,1003.2568440651532,1009.2568440651532,6.0,18.195595027474003,3.0159551117627417,554.7665015156851,966875,-0.6473862017621286,-5.3226771271940185,37.08064552470769,22.89134913936971,43.577381035917554,0,0,2,0,0,12,12,1,2
170,1977,2,8,9,28162.375,59.39603037031302,85.11299016507849,494,348,1002.8698676465262,1006.8698676465262,4.0,18.866026102917804,3.6899168986854054,316.9646002738459,315625,-0.3869764186270186,-3.1149415894221293,32.41415807926888,73.1523587713275,80.01215681255472,0,0,0,2,0,10,10,1,1
170,1977,2,8,12,28162.5,60.375286006157765,86.27335507676074,490,351,1001.5957754405447,1005.5957754405447,4.0,20.766656465821725,8.848914632217566,241.0218957450584,182500,-1.2740922059815785,-10.15455497153199,21.25974879613285,36.29608619800905,42.06403204838993,0,0,0,0,0,13,13,1,1
170,1977,2,8,15,28162.625,60.63363399139053,87.12656150240647,489,353,1001.8973682278313,1005.8973682278313,4.0,20.762921874436493,11.026242724784606,229.60852531905326,165625,0.301592787286645,2.3975808695346883,15.50809247725579,9.575661755575604,18.226196266371954,0,0,0,0,0,9,9,1,1
170,1977,2,8,18,28162.75,61.8106281551097,87.9299693469589,484,355,1004.2853938297793,1006.2853938297793,2.0,17.86138744718533,6.815155796545513,158.3253092116782,78750,2.3880256019480295,18.771152573217766,14.066796834696524,43.62525989860883,45.837081870575005,0,0,0,0,0,9,9,1,1
170,1977,2,8,21,28162.875,62.054800972156784,88.84032479151642,483,357,1006.228133413682,1008.228133413682,2.0,16.847923501683404,13.053136676439971,130.03927369650248,53125,1.9427395839027304,15.236305498364061,15.812418912823652,9.050259493382052,18.219214823152374,0,0,0,1,0,9,9,1,2
170,1977,2,9,0,28163.0,62.29150821082997,90.23385902587327,482,360,1009.6910143692035,1009.6910143692035,0.0,14.607533008947053,10.57409171097548,14.104739588693906,625,3.4628809555213955,27.099145011504152,24.016015330481586,8.773548013500072,25.5684207001355,0,0,0,0,0,10,10,1,1
170,1977,2,9,3,28163.125,64.13392590471025,90.75055679636426,474,361,1013.4417878547921,1013.4417878547921,0.0,11.254268219117602,14.25213601398107,14.104739588693906,625,3.7507734855885793,28.879363644240158,8.355136219900972,68.28916677321881,68.79839096834746,0,0,0,0,0,8,8,1,1
170,1977,2,9,6,28163.25,63.88586679600007,92.23117460803125,475,364,1016.2045247785358,1016.2045247785358,0.0,9.168198818362962,12.8637175143067,14.104739588693906,625,2.7627369237436508,21.316847374534774,24.155063433557704,-9.194304798847789,25.845741045930797,0,0,0,0,0,10,10,1,1
170,1977,2,9,9,28163.375,63.88586679600007,92.23117460803125,475,364,,,,9.168198818362962,,0.0,0,0.0,,0.0,0.0,0.0,0,3,0,0,0,10,10,0,0
178,1977,2,8,9,28162.375,57.972651787439915,20.10453245473108,408,227,986.8426874086931,992.8426874086931,6.0,18.195242959431095,5.227136203890841,414.83283647526247,540625,-0.146289332065935,-1.195480217189344,20.3047153441153,10.509783962262736,22.863442963363728,2,0,1,2,0,2,2,1,1
178,1977,2,8,12,28162.5,58.37708807301815,21.68689442328589,411,230,986.2766483628723,994.2766483628723,8.0,18.423737065027705,5.687106494403852,497.87932660999996,778750,-0.566039045820944,-4.605465334879222,30.751147132956735,14.990421035756572,34.21031676003609,0,0,0,0,0,2,2,1,1
178,1977,2,8,15,28162.625,58.72189201088815,22.380135051959574,412,232,985.8738980012729,999.8738980012729,14.0,18.42948872997175,6.487318434806948,788.226559496054,1951875,-0.40275036159931915,-3.2648600268998633,13.340566766669042,12.780149526069657,18.474386148520686,0,0,0,0,0,1,1,1,1
178,1977,2,8,18,28162.75,58.96954108233586,23.47352016705057,414,234,985.9351748520596,999.9351748520596,14.0,18.89217726824681,6.5749946016797916,752.458444068121,1778750,0.06127685078667128,0.49543908841075257,20.89081490497628,9.179106777740564,22.81846069810893,0,0,0,0,0,1,1,1,1
178,1977,2,8,21,28162.875,59.088905341514526,24.026506578679196,415,235,986.0703975975995,1000.0703975975995,14.0,19.043931126815778,6.007619639341792,743.4147832042396,1736250,0.13522274553994065,1.0919445115582966,10.529136497393907,4.424233347784588,11.420882456990864,0,0,0,0,0,1,1,1,1
178,1977,2,9,0,28163.0,59.41671856874475,24.760308630381683,416,237,986.5647640845365,1000.5647640845365,14.0,18.76538167117028,5.85405391551445,748.6149499992213,1760625,0.49436648693692403,3.9785215306538935,13.838187381762415,12.150389251660178,18.415411724412454,0,0,0,0,0,0,0,1,1
178,1977,2,9,3,28163.125,59.52899856273219,25.32590142774936,417,238,985.9733763993198,1001.9733763993198,16.0,19.294132182350918,7.5170991201984725,821.7145770079572,2121250,-0.591387685216614,-4.753824084373155,10.630698016553142,4.161655231695044,11.41626535197223,0,0,0,0,0,0,0,1,1
178,1977,2,9,6,28163.25,59.428792482722045,25.709953780811265,418,238,986.1256617131111,1002.1256617131111,16.0,19.149284293501523,7.935989636488229,820.5031439785696,2115000,0.15228531379121704,1.2253965068122017,7.239980938360856,-3.7141359053555134,8.137083599870383,0,0,0,0,0,0,0,1,1
178,1977,2,9,9,28163.375,59.32716008479261,26.09154311834306,419,238,986.8946904825347,1004.8946904825347,18.0,18.97880885287502,8.780712033004384,1021.4987007560209,3278125,0.7690287694236031,6.194655971260563,7.21513895844779,-3.76700234415801,8.139320417000611,0,0,0,0,0,2,2,1,1
178,1977,2,9,12,28163.5,59.01382837975952,27.221438919403987,422,238,987.9392004067163,1005.9392004067163,18.0,18.144188400211284,4.854167818695205,1091.6375938930312,3743750,1.0445099241816207,8.441208562902013,21.560646724623503,-11.613631985523172,24.489547465790075,0,0,0,0,0,2,2,1,1
178,1977,2,9,15,28163.625,58.78110007849037,28.892866266119142,426,239,988.5245498011899,1006.5245498011899,18.0,17.935502961658308,3.869963166243033,1125.0243041544913,3976250,0.5853493944735965,4.742108484057774,32.10915105813846,-8.626068795912284,33.24765622635926,0,0,0,0,0,2,2,1,1
178,1977,2,9,18,28163.75,58.72189201088815,30.7499673021964,430,241,988.7056446668213,1006.7056446668213,18.0,18.553685508363632,3.359107579783158,1089.5397798091974,3729375,0.18109486563145766,1.4680294401949145,35.73665124929771,-2.1945455779313976,35.80397007047612,0,0,0,0,0,2,2,1,1
178,1977,2,9,21,28163.875,58.92191016493037,30.963756532073518,430,242,989.0064418828805,1007.0064418828805,18.0,18.387522892537024,4.16724243141558,1085.3319872550014,3700625,0.3007972160591453,2.4332405259151155,4.090461209597341,7.413667988768325,8.467251381346177,0,0,0,0,0,2,2,1,1
178,1977,2,10,0,28164.0,58.877739785846174,31.89473100978128,432,243,989.9104027727936,1003.9104027727936,14.0,17.42129408470221,4.86906767084518,848.749115563422,2263125,0.9039608899131417,7.315817090680182,17.835115426291537,-1.6371740207096495,17.91009997301045,0,0,0,0,0,2,2,1,1
178,1977,2,10,3,28164.125,59.020646833794764,33.05024277850615,434,245,990.0597678827951,1004.0597678827951,14.0,17.17404858915807,5.029699780556766,868.2151802514106,2368125,0.14936511000152677,1.207008115283852,22.045068389584312,5.296846237877948,22.67248597682158,0,0,0,0,0,2,2,1,1
178,1977,2,10,6,28164.25,59.21554046127828,33.280400905005834,434,246,990.7544604735687,1004.7544604735687,14.0,16.402538685338623,4.635056860480981,906.6616133208902,2582500,0.694692590773484,5.602349512747157,4.366148187513586,7.223727537173754,8.440704326455853,0,0,0,0,0,3,3,1,1
178,1977,2,10,9,28164.375,59.34264380602439,34.45396598690978,436,248,991.9511123055923,1003.9511123055923,12.0,15.43846674277201,3.397447814923289,849.3349042421462,2266250,1.1966518320237811,9.637687179836043,22.179547651095206,4.711082365107268,22.67436065378752,0,0,0,0,0,5,5,1,1
178,1977,2,10,12,28164.5,58.99508454444232,36.07359207326067,440,249,992.8936628980073,1002.8936628980073,10.0,14.515936931998775,3.8418095776069827,792.8821004493585,1975000,0.9425505924149183,7.618721240652687,30.922115388091566,-12.882275532085053,33.498212533790614,0,0,0,0,0,3,3,1,1
178,1977,2,10,15,28164.625,59.55669370388732,36.8272351224455,440,252,994.0521187250737,1002.0521187250737,8.0,13.31955746340135,2.7742961817036846,722.6528606601386,1640625,1.1584558270663547,9.309510884400236,14.153557024388771,20.816029762466414,25.172013656330957,0,0,0,0,0,2,2,1,1
178,1977,2,10,18,28164.75,59.96961346890029,37.950821832504715,441,255,994.7777975934587,1000.7777975934587,6.0,12.877774797269222,2.7148933817184298,594.4106103225342,1110000,0.7256788683850027,5.807209901374889,20.84173127317059,15.304860993568465,25.85762039506943,0,0,0,0,0,3,3,1,1
178,1977,2,10,21,28164.875,60.51578733586441,38.76291992354152,441,258,995.5533220467655,1001.5533220467655,6.0,12.248986490427137,2.632446983382033,609.9382587420675,1168750,0.7755244533068617,6.172365812300009,14.814830933494076,20.243921024083352,25.085763971171716,0,0,0,0,0,4,4,1,1
178,1977,2,11,0,28165.0,60.69630238737346,39.040160889286945,441,259,996.1365090259742,1000.1365090259742,4.0,11.616354919286724,2.6847178340722166,447.14471623758845,628125,0.5831869792086946,4.633329463272844,5.029434211515201,6.690785970262414,8.370294223491783,0,0,0,0,0,5,5,1,1
178,1977,2,11,3,28165.125,61.054951397352475,39.604735431786914,441,261,997.3301379668671,1001.3301379668671,4.0,10.534160590522442,2.382222136089331,486.5624089972368,743750,1.1936289408929588,9.450179940081501,10.127508403221768,13.29331678525359,16.711633600891098,0,0,0,0,0,5,5,1,1
178,1977,2,11,6,28165.25,61.26041255719694,40.52786993571559,442,263,998.1515048954509,1002.1515048954509,4.0,10.032753546907431,2.198011197856031,494.8733865168483,769375,0.8213669285837386,6.4900834329213275,16.45190270096841,7.615412865737111,18.128971719261024,0,0,0,0,0,5,5,1,1
178,1977,2,11,9,28165.375,61.43601835985491,40.82289303109779,442,264,999.0341813328571,1001.0341813328571,2.0,9.314012182465722,2.3906600681625423,316.6506184233564,315000,0.8826764374061895,6.96285444205885,5.228465963029968,6.508824781637447,8.34875178482512,0,0,0,0,0,7,7,1,1
178,1977,2,11,12,28165.5,61.829199165269685,43.37271667760641,445,269,999.7105617948046,1001.7105617948046,2.0,9.181417619175017,2.153336822246347,328.06787448010544,338125,0.6763804619474104,5.315787360086867,44.61505747621345,14.57323693871455,46.93487603560644,0,0,0,0,0,7,7,1,1
178,1977,2,11,15,28165.625,62.163532750029624,44.012239600360196,445,271,1000.9155113988849,1002.9155113988849,2.0,8.284090456556461,3.794820031202616,312.22172032673495,306250,1.2049496040803205,9.440560024029985,11.068481402456195,12.392066144064641,16.61549228507515,0,0,0,0,0,6,6,1,1
178,1977,2,11,18,28165.75,62.32925112619134,44.33765055262781,445,272,1001.6582627852882,1003.6582627852882,2.0,7.784317698699986,3.5618069905838636,324.40901053995987,330625,0.7427513864033972,5.810471368733516,5.6011635485264,6.142347560319022,8.312729193778532,0,0,0,0,0,8,8,1,1
178,1977,2,11,21,28165.875,63.63601949678302,45.0,442,277,1002.5141270661506,1004.5141270661506,2.0,7.705536418483722,2.851029087267161,289.7485676944319,263750,0.8558642808624427,6.617924696696017,10.90190365864273,48.43533770312382,49.64708895592949,0,0,0,0,0,10,10,1,1
178,1977,2,12,0,28166.0,65.58433544604756,45.74892178282383,437,284,1002.7821091206443,1004.7821091206443,2.0,7.677040480711244,2.292007196386476,272.0423653362309,232500,0.26798205449362283,2.038978594995325,11.474113046262945,72.21428301963158,73.12016098339686,0,0,0,0,0,9,9,1,1
178,1977,2,12,3,28166.125,66.06798179500991,46.1457628381751,436,286,1002.7158951472919,1004.7158951472919,2.0,7.518383221668955,1.5734287918685732,270.5758189903005,230000,-0.06621397335242364,-0.5018928962550347,5.96669268754672,17.92634009825917,18.89325517072371,0,0,0,0,0,11,11,1,1
178,1977,2,12,6,28166.25,66.06798179500991,46.1457628381751,436,286,,,,7.518383221668955,,0.0,0,0.0,,0.0,0.0,0.0,0,3,0,0,0,11,11,0,0
184,1977,2,8,6,28162.25,50.26041140166157,-146.264205604628,263,504,983.9771950772733,985.9771950772733,2.0,16.219511756576164,13.002889040125302,100.72798827589244,31875,,,,,,3,0,0,0,0,19,19,1,1
184,1977,2,8,9,28162.375,51.24699640160808,-145.3262095473857,263,499,982.441344507856,984.441344507856,2.0,17.790571497155014,15.896479824479684,77.25484040463792,18750,-1.53585056941738,-13.644498426185613,21.762630311183454,36.56774889922461,42.55364070932103,0,0,0,0,0,17,17,1,1
184,1977,2,8,12,28162.5,52.27221551973793,-143.85795876362835,262,493,985.6791380710964,987.6791380710964,2.0,14.943556736953074,10.735991360916524,106.48844864724786,35625,3.2377935632404116,28.361776617023366,33.30002367241297,37.99972154501585,50.52593803267789,0,0,0,0,0,17,17,1,1
184,1977,2,8,15,28162.625,53.22303183585553,-142.81041440350072,262,488,985.1549281292223,987.1549281292223,2.0,15.566539964619333,10.7322398106967,93.56025796273887,27500,-0.5242099418741418,-4.534281532360932,23.245705452101777,35.24198350771561,42.21800828466418,0,0,0,0,0,15,15,1,1
184,1977,2,8,18,28162.75,53.972105349535724,-141.93434890126957,262,484,986.0987443274255,988.0987443274255,2.0,14.85994717228344,8.508680572369704,115.45226928885475,41875,0.9438161982032761,8.0854481778869,19.09884417810783,27.76439146835034,33.69906946115053,0,0,0,0,0,13,13,1,1
184,1977,2,8,21,28162.875,55.04168768309553,-141.0780369837473,263,479,987.1512700447483,987.1512700447483,0.0,14.371774483677402,6.674186315406623,14.104739588693906,625,1.0525257173228602,8.897494538160007,18.18581071592704,39.64404304016617,43.616210976723714,0,0,0,0,0,14,14,1,1
184,1977,2,9,0,28163.0,56.216080335136446,-141.00900595749454,266,475,986.2831468256187,986.2831468256187,0.0,12.932647487046108,8.317501470006537,14.104739588693906,625,-0.8681232191296294,-7.23648243706673,1.4227596471579154,43.52883493186606,43.55208049610516,0,0,0,0,0,15,15,1,1
184,1977,2,9,3,28163.125,57.38655731538083,-140.9351712309518,269,471,986.6409608201845,986.6409608201845,0.0,12.10231548848012,5.807663870602045,14.104739588693906,625,0.35781399456580404,2.9430507516774838,1.4749852964793932,43.38370065247303,43.40876713209233,0,0,0,0,0,12,12,1,1
184,1977,2,9,6,28163.25,58.99508454444232,-143.92640792673933,279,470,986.5336800343181,986.5336800343181,0.0,10.156012858592744,5.027223876184362,14.104739588693906,625,-0.10728078586646006,-0.867160244311757,-57.105718395503715,59.620022413755954,82.5567086679413,0,0,0,0,0,13,13,1,1
184,1977,2,9,9,28163.375,59.665963988056774,-145.6568482469213,284,470,987.2937246476772,987.2937246476772,0.0,8.883685336993869,4.6998172625921875,14.104739588693906,625,0.7600446133590595,6.100996234660276,-32.39173351037456,24.8661301733505,40.835631862445005,0,0,0,0,0,12,12,1,1
184,1977,2,9,12,28163.5,59.665963988056774,-145.6568482469213,284,470,,,,8.883685336993869,,0.0,0,0.0,,0.0,0.0,0.0,0,3,0,0,0,12,12,0,0
194,1977,2,8,18,28162.75,86.48526728118168,-37.23483398157467,350,347,1010.5601957919284,1010.5601957919284,0.0,7.520529427514475,4.012837396022296,14.104739588693906,625,,,,,,3,0,0,0,0,8,8,1,1
194,1977,2,8,21,28162.875,86.67585182484667,-45.0,349,349,1009.7292554261153,1009.7292554261153,0.0,8.366109639428139,3.697380897414114,14.104739588693906,625,-0.8309403658131487,-5.766626267238567,-16.676205072949635,7.064011450805166,18.110661871179023,0,0,0,0,0,7,7,1,1
194,1977,2,9,0,28163.0,86.61606845552463,-55.7842978675626,347,351,1008.58793923439,1010.58793923439,2.0,8.95212818280046,3.430660568296371,242.66711549775604,185000,-1.1413161917253456,-7.9210815578267875,-23.559332209094077,-2.2158691221102065,23.66330936502287,0,0,0,0,0,8,8,1,2
194,1977,2,9,3,28163.125,86.52832077266692,-69.22774531795417,345,354,1007.2129394434654,1009.2129394434654,2.0,9.71098385422017,3.44188264394601,200.46601490203662,126250,-1.3749997909244849,-9.543792262351554,-30.104576676130968,-3.2523657195307556,30.279752634766147,0,0,0,0,0,7,7,1,1
194,1977,2,9,6,28163.25,86.22396224878928,-78.02386755579664,343,356,1005.7313804980132,1007.7313804980132,2.0,10.876313070463578,3.8188842204885445,187.12051592547775,110000,-1.4815589454522706,-10.286873264345845,-21.45010934749682,-11.281041245407046,24.235698516860317,0,0,0,0,0,8,8,1,1
194,1977,2,9,9,28163.375,86.04243035194676,-81.86989764584403,342,357,1005.3415380792026,1009.3415380792026,4.0,10.907172928406693,4.0801149590303245,344.0515788724086,371875,-0.3898424188105855,-2.7073633897509826,-9.836844019778797,-6.728475317683728,11.91788069961002,0,0,0,0,0,7,7,1,1
194,1977,2,9,12,28163.5,85.39796650894654,-85.8150838748816,339,358,1005.5458268920404,1007.5458268920404,2.0,10.905779824390503,4.03425382690919,163.88226458881186,84375,0.20428881283776718,1.4199322298222625,-11.730217202301292,-23.887036582493156,26.611811518694694,0,0,0,0,0,5,5,1,1
194,1977,2,9,15,28163.625,84.96092010762905,-91.27303002005671,337,360,1005.4271869774675,1007.4271869774675,2.0,10.380822669055762,4.361567336201261,168.66815371514653,89375,-0.1186399145728501,-0.8251506302236571,-17.76227565603146,-16.19911417825551,24.03975325665816,0,0,0,3,0,7,7,1,1
194,1977,2,9,18,28163.75,84.72737796876136,-93.65222278030635,336,361,1005.3926945950598,1009.3926945950598,4.0,9.775944527490113,4.364115201292589,301.19481662601754,285000,-0.03449238240777049,-0.23998568123757621,-8.10313865117038,-8.656233666602251,11.85711757936597,0,0,0,0,0,7,7,1,1
194,1977,2,9,21,28163.875,84.50372141073923,-93.50353164478446,335,361,1005.6432152048579,1009.6432152048579,4.0,9.05908159095423,4.520681536521588,312.85825864361584,307500,0.2505206097982591,1.7436743778285324,0.5278718438687041,-8.289824854281584,8.30661452086312,0,0,0,0,0,7,7,1,1
194,1977,2,10,0,28164.0,84.48549150215422,-95.82634202955579,335,362,1004.4730469378247,1008.4730469378247,4.0,10.442770642048709,4.236589807800483,284.55241573039183,254375,-1.1701682670332958,-8.144858818928366,-8.272970521656388,-0.6756911159493014,8.300518040241126,0,0,0,0,0,9,9,1,1
194,1977,2,10,3,28164.125,84.26248650653525,-95.59933933652057,334,362,1004.6804184969416,1006.6804184969416,2.0,9.234238935719823,3.959128489723298,187.12051592547775,110000,0.20737155911687297,1.4439460006180551,0.8411422743367363,-8.26567470974022,8.308363180128529,0,0,0,0,0,7,7,1,1
194,1977,2,10,6,28164.25,84.23630368911435,-97.81529354676688,334,363,1004.6147846764366,1004.6147846764366,0.0,8.867851015714946,3.3124308741043205,14.104739588693906,625,-0.06563382050502696,-0.45703496910784325,-8.24790110408019,-0.9704654874883425,8.30479836510756,0,0,0,0,0,8,8,1,1
194,1977,2,10,9,28164.375,84.48549150215422,-95.82634202955579,335,362,1004.7126943220931,1004.7126943220931,0.0,8.924807599685861,3.3144348536238244,14.104739588693906,625,0.097909645656473,0.6814919386808025,7.084019966921394,9.236140197228561,11.640001058187334,0,0,0,0,0,11,11,1,1
194,1977,2,10,12,28164.5,82.19965950428518,-74.1676133795778,326,350,,,,10.712891728439851,,0.0,0,-2.6559863785152267,,108.31869040329472,-84.72430710827746,137.51780577678852,0,3,3,0,0,9,9,0,0
203,1977,2,8,3,28162.125,60.26013346043362,-117.44345256494718,243,420,1001.5638486721256,1003.5638486721256,2.0,10.372423235911565,8.866158783708597,260.07854739300495,212500,,,,,,3,0,0,0,0,14,14,1,4
203,1977,2,8,6,28162.25,58.4961274015975,-104.38651897883413,225,394,1002.7321323358312,1004.7321323358312,2.0,10.556211808316414,7.696220570668374,160.81877456451716,81250,0.5166536763896875,4.198289140083898,42.87020596136228,-5.114317401741013,43.174191383920245,0,0,0,0,2,14,14,1,1
203,1977,2,8,9,28162.375,57.753201271147525,-102.81320595903743,221,391,1002.8083425479675,1004.8083425479675,2.0,10.192313065822724,7.044605958961402,149.9354384784672,70625,0.07621021213621133,0.6242921330263349,31.114173499156113,-27.536538859237005,41.54940149847959,0,0,0,0,0,11,11,1,1
203,1977,2,8,12,28162.5,56.569818569674766,-100.77518739228351,215,387,1003.7735697375902,1005.7735697375902,2.0,9.372806615132907,4.489583171421836,204.39709528665645,131250,0.965227189622674,8.012974472474934,41.61451017011128,-43.86205089423435,60.46194642373581,0,0,0,0,0,14,14,1,1
203,1977,2,8,15,28162.625,55.210646181124645,-97.70608952491196,208,380,1005.3560586541705,1007.3560586541705,2.0,8.17359168607607,2.5108126725040347,306.43338007504707,295000,1.5824889165803324,13.350057683452242,64.89952218161254,-50.37769134737993,82.15753017766232,0,0,0,0,0,11,11,1,1
203,1977,2,8,18,28162.75,53.38181539340517,-92.3191224958774,199,366,1005.3389178499455,1007.3389178499455,2.0,10.747447828948596,1.2961715840816759,335.5623969361227,353750,-0.017140804225055036,-0.14795764039462792,119.06951262883933,-67.78556842859265,137.01252543054866,0,0,0,0,0,11,11,1,1
203,1977,2,8,21,28162.875,52.227717061247965,-90.17309850512017,194,360,1004.9347954564967,1006.9347954564967,2.0,11.161961690393884,1.8345611985138384,302.84160209044046,288125,-0.40412239344877887,-3.5420798983595727,48.71986359191411,-42.776626461609204,64.83413360145073,0,0,0,0,0,10,10,1,1
203,1977,2,9,0,28163.0,51.7510471790645,-89.48691718248955,192,358,1005.641109126816,1009.641109126816,4.0,10.408946926242892,2.187414127826778,582.7493971016457,1066875,0.7063136703193595,6.231132878165702,15.745175312164802,-17.66775752768723,23.66559109060986,0,0,0,0,0,9,9,1,1
203,1977,2,9,3,28163.125,51.641861970797294,-85.73210669970919,192,347,1006.0581753678989,1009.5727077019867,3.5145323340877077,10.599919609746705,1.9136807018370745,601.8940431778061,1138125,0.4170662410829391,3.684920551374852,86.35713754141095,-4.046947074647658,86.45191140149052,0,0,0,0,0,6,5,2,0
203,1977,2,9,6,28163.25,51.32288692398721,-84.40726460299757,191,343,1006.0775530229305,1010.8389516326107,4.761398609680182,9.877492529541403,1.1501366399253312,747.8172780092389,1756875,0.019377655031566975,0.17196843143814378,30.686963240570215,-11.822802310496906,32.885686360500344,0,0,0,0,0,7,5,2,0
203,1977,2,9,9,28163.375,52.15747067886532,-80.4524585496403,196,332,1006.4888111223343,1010.4789677664577,3.9901566441233443,9.48487335346043,1.1892242238160542,706.3644573399004,1567500,0.4112580994037853,3.608053996122847,89.91766606432331,30.933826467470475,95.08989583743762,0,0,0,0,0,4,5,2,0
203,1977,2,9,12,28163.5,59.773846240407316,-78.10027886348054,229,332,1003.6832321281821,1009.6832321281821,6.0,10.34163119608766,1.9343418904684222,642.0368389804505,1295000,-0.7957356382755097,-6.3804750784541024,17.2657894263466,5.028490259745303,17.98313651194628,0,0,0,0,2,4,4,1,1
203,1977,2,9,15,28163.625,59.84887159035541,-76.74715045739109,230,329,1002.8394408492506,1008.8394408492506,6.0,11.09715956917633,2.0176153849733964,575.881161931641,1041875,-0.8437912789314578,-6.760649328313021,25.190876828307292,2.7808127613201075,25.343898575248247,0,0,0,0,0,4,4,1,1
203,1977,2,9,18,28163.75,59.906563297489825,-75.38820185154479,231,326,1001.9234826574717,1007.9234826574717,6.0,11.367395989493064,2.2612693118493916,531.8814824242746,888750,-0.9159581917789182,-7.334581013446732,25.255358208118967,2.1383417142702292,25.34572199617502,0,0,0,0,0,4,4,1,1
203,1977,2,9,21,28163.875,59.946831612666315,-74.02493254320397,232,323,1002.1856261996863,1008.1856261996863,6.0,11.524855988609005,2.6612802156426185,509.3354074083103,815000,0.2621435422146169,2.098273411797274,25.30492124537657,1.4925441173834406,25.34889992045111,0,0,0,0,0,4,4,1,1
203,1977,2,10,0,28164.0,61.58495357992125,-70.69918592160462,241,318,1001.4914743598542,1007.4914743598542,6.0,10.296842215116637,3.1546865930921193,466.52372359631073,683750,-0.6941518398321932,-5.467988358028588,58.65168933369757,60.7169506612504,84.41900709731955,0,0,0,0,0,5,5,1,1
203,1977,2,10,3,28164.125,61.507639419007425,-70.26963874526896,241,317,1000.8551263781819,1004.8551263781819,4.0,11.176673638554423,3.636903109842388,336.7460422231796,356250,-0.6363479816722974,-5.016321341962366,7.595039488818302,-2.865647483799028,8.117669637162692,0,0,0,0,0,4,4,1,1
203,1977,2,10,6,28164.25,60.9662681164608,-68.73792659891672,240,313,1000.1792660418197,1004.1792660418197,4.0,11.337885712503631,2.4531795696635528,331.08604176942123,344375,-0.6758603363622387,-5.355501508966771,27.552636431726114,-20.065914091380158,34.085021382735405,0,0,0,0,0,5,5,1,1
203,1977,2,10,9,28164.375,61.09666339285807,-68.1569208631672,241,312,1000.5421483507013,1002.5421483507013,2.0,11.44545394272391,2.490631922769826,224.7925586661551,158750,0.3628823088816716,2.8718504705069727,10.408532140318776,4.833097731263588,11.475904103642302,0,0,0,1,0,8,8,1,2
203,1977,2,10,12,28164.5,61.13479604853376,-67.15544687233508,242,310,1000.8435285168433,1000.8435285168433,0.0,11.233331374385525,3.324350178635068,14.104739588693906,625,0.3013801661420439,2.3842469734211416,17.919339285127446,1.4133859502068147,17.974993192203268,0,0,0,2,0,8,8,1,1
203,1977,2,10,15,28164.625,61.526030209846425,-67.81803373677971,243,312,1000.9898348508339,1000.9898348508339,0.0,11.248254761908981,4.620866137086268,14.104739588693906,625,0.14630633399050566,1.1531297365756854,-11.708573399918368,14.501084622669085,18.63792226336095,0,0,0,0,0,6,6,1,1
203,1977,2,10,18,28164.75,61.526030209846425,-67.81803373677971,243,312,,,,11.248254761908981,,0.0,0,0.0,,0.0,0.0,0.0,0,3,0,0,0,6,6,0,0
205,1977,2,9,6,28163.25,72.06761708584436,-147.80426606528675,317,427,1000.0541226472325,1000.0541226472325,0.0,8.773423233558264,1.364766707877643,14.104739588693906,625,,,-35.67028293052133,107.58482721689505,113.34400792116274,3,0,0,3,0,11,11,1,1
205,1977,2,9,9,28163.375,72.49915295600309,-148.65764250581216,319,426,999.5288304124156,999.5288304124156,0.0,9.137514184012838,2.10460221764406,14.104739588693906,625,-0.5252922348168795,-3.815962712708917,-9.511803775532877,15.994866475598648,18.609410647209412,0,0,3,0,0,10,10,1,1
205,1977,2,9,12,28163.5,72.88461917844928,-147.87500155961249,319,424,999.3250471027226,999.3250471027226,0.0,9.502650030208667,2.5594524031529,14.104739588693906,625,-0.20378330969295347,-1.477274703435286,8.537070685088166,14.28729610962012,16.643569509157523,0,0,0,0,0,9,9,1,1
205,1977,2,9,15,28163.625,73.0040036258205,-148.51656810879132,320,424,998.5290656222734,998.5290656222734,0.0,9.938889804459707,2.9332085447353893,14.104739588693906,625,-0.7959814804492634,-5.766575594878422,-6.9508740977252375,4.424981622647645,8.239849093472346,0,0,0,0,0,9,9,1,1
205,1977,2,9,18,28163.75,73.31522439590972,-148.77159971708244,321,423,998.1704282993159,1000.1704282993159,2.0,10.451299442848457,3.7119932326507112,200.96160531198103,126875,-0.35863732295751105,-2.5939193311556017,-2.71393641852572,11.535390233444929,11.85034508871606,0,0,0,0,0,8,8,1,1
205,1977,2,9,21,28163.875,73.62596640599432,-149.03624346792648,322,422,998.3557871533351,1000.3557871533351,2.0,10.794361603264486,3.613205129905181,200.46601490203662,126250,0.1853588540192868,1.3384905338235837,-2.765224228492429,11.517645005579892,11.844940333678382,0,0,0,0,0,9,9,1,1
205,1977,2,10,0,28164.0,73.70065104842803,-147.9527645133755,321,421,999.7230648331434,999.7230648331434,0.0,9.876423007083622,3.5810426420799195,14.104739588693906,625,1.3672776798083215,9.869445649155509,11.270735620318604,2.768184445630355,11.605702328947974,0,0,0,0,0,11,11,1,1
205,1977,2,10,3,28164.125,73.93621280316775,-149.3110412626064,323,421,999.1529095293522,1001.1529095293522,2.0,10.918140904176838,3.0152660304118033,224.7925586661551,158750,-0.5701553037912527,-4.1106555099713225,-13.93039063988648,8.731090679515766,16.440429673027523,0,0,0,0,0,10,10,1,1
205,1977,2,10,6,28164.25,74.20409204202426,-147.77873318840602,322,419,999.2609215990905,1001.2609215990905,2.0,10.886829365887301,2.8766079542327496,253.88531259649034,202500,0.1080120697383245,0.7776974180397801,15.45981644060758,9.928937438083198,18.373614860082665,0,0,0,0,0,11,11,1,1
205,1977,2,10,9,28164.375,74.55514358325522,-149.8934729588416,325,419,999.704092143765,1001.704092143765,2.0,11.572408233311819,2.3135417151744333,256.22531886097215,206250,0.4431705446745036,3.1854096380712402,-20.873080934037603,13.011716791878493,24.596550196133947,0,0,0,0,0,15,15,1,1
205,1977,2,10,12,28164.5,74.46012177016358,-146.1951114263,321,417,1001.1357580826169,1003.1357580826169,2.0,9.523112690425542,2.104172638904056,374.5067337174764,440625,1.4316659388519475,10.295222467779803,36.718962611375524,-3.5219811787855937,36.887485231163616,0,0,0,0,0,13,13,1,1
205,1977,2,10,15,28164.625,74.75024319356007,-149.47029410006587,325,418,1000.7025234142217,1002.7025234142217,2.0,10.973805229280709,1.8420409828182165,345.2061176167894,374375,-0.4332346683953074,-3.111083947299087,-31.926016502533216,10.753343464195698,33.68834999490156,0,0,0,0,0,12,12,1,1
205,1977,2,10,18,28164.75,74.98829841374378,-152.86009407067908,329,419,1000.1193936863492,1004.1193936863492,4.0,12.016684948498956,2.9126244742094425,460.0826820390231,665000,-0.5831297278724378,-4.182787473186036,-32.539120596685464,8.823510915227338,33.714221243813064,0,0,0,0,0,10,10,1,1
205,1977,2,10,21,28164.875,74.78021830972504,-155.13630342824814,331,421,1000.1699090735393,1004.1699090735393,4.0,12.845917689848575,3.65844058904353,416.50796867546956,545000,0.05051538719009841,0.362702320860606,-22.147035293339435,-7.712483967518883,23.451515542362255,0,0,0,0,0,11,11,1,1
205,1977,2,11,0,28165.0,75.25414203477668,-149.3354354195201,326,416,1001.3437914461864,1005.3437914461864,4.0,11.406741506136077,3.485574288610951,405.3732585437549,516250,1.1738823726470582,8.409880596373116,54.704828474666144,17.56597128074423,57.455910100515986,0,0,0,0,0,13,13,1,1
205,1977,2,11,3,28165.125,75.44792605577237,-148.88466768525817,326,415,1001.0767506478641,1007.0767506478641,6.0,11.617219731559512,3.981375713422531,475.18530649802983,709375,-0.2670407983222685,-1.911432281303415,4.197962189009532,7.182599999834658,8.319412797666583,0,0,0,0,0,13,13,1,1
205,1977,2,11,6,28165.25,75.775439967977,-145.9338167857558,324,412,1000.7516671705899,1008.7516671705899,8.0,12.15504024498298,4.775655720398354,538.7567423836514,911875,-0.3250834772741655,-2.3234821054947123,26.87271517107429,12.139295147555314,29.487375389226255,0,0,0,0,0,10,10,1,1
205,1977,2,11,9,28165.375,76.0160356943539,-144.1416402235249,323,410,1000.6663988820654,1008.6663988820654,8.0,12.315827463829795,4.204931449403302,506.7901828316588,806875,-0.08526828852453036,-0.6087987595506309,16.05148517378135,8.917674715158165,18.362328245881397,0,0,0,0,0,14,14,1,1
205,1977,2,11,12,28165.5,76.37915001277153,-143.0357107105348,323,408,1000.3398691090857,1006.3398691090857,6.0,12.978900112220305,5.145532692985435,372.37581039698836,435625,-0.3265297729797021,-2.3277312121595206,9.653125547800933,13.458823333345853,16.562691760695838,0,0,0,0,0,14,14,1,1
205,1977,2,11,15,28165.625,76.96754242280022,-138.4893249057964,321,403,999.8822519174162,1005.8822519174162,6.0,14.164122112456583,4.424084383610971,359.87822237672265,406875,-0.4576171916695603,-3.25428728993428,37.99042570147995,21.80875029045137,43.80518273230841,0,0,0,0,0,11,11,1,1
205,1977,2,11,18,28165.75,77.46578862207878,-136.45021629093344,321,400,999.8426416066801,1003.8426416066801,4.0,14.343295810282282,4.321381720995487,265.379091712523,221250,-0.03961031073602499,-0.2811285324765018,16.401631286290005,18.46748319323664,24.699421943516914,0,0,0,0,0,15,15,1,1
205,1977,2,11,21,28165.875,77.9381667245051,-132.73949808885874,320,396,999.7226098589202,1003.7226098589202,4.0,15.134121264036269,4.549334598758578,265.379091712523,221250,-0.12003174775993103,-0.8503784415902593,28.736057661000633,17.508682815929905,33.64988831846537,0,0,0,0,0,17,17,1,1
205,1977,2,12,0,28166.0,78.23912087252222,-131.13453883014824,320,394,1001.0909061000384,1003.0909061000384,2.0,14.240741581704759,4.445819932871455,169.8435557664936,90625,1.3682962411182233,9.683114104579014,12.12487328621601,11.15485813738043,16.475539817313333,0,0,0,0,0,18,18,1,1
205,1977,2,12,3,28166.125,78.53024678219435,-129.4470289669632,320,392,1001.5982718283179,1003.5982718283179,2.0,13.33203425242598,3.9173332759821644,195.44100476116796,120000,0.5073657282795466,3.5867611593950324,12.437178398870266,10.790574723440852,16.465719218651998,0,0,0,0,0,20,20,1,1
205,1977,2,12,6,28166.25,79.2100414839642,-124.84573341979976,320,387,1001.5483560266123,1001.5483560266123,0.0,12.85810118983497,3.530383763703212,14.104739588693906,625,-0.04991580170564703,-0.35205105467795156,31.919664427856024,25.196573998885857,40.66610773688905,0,0,0,0,0,18,18,1,1
205,1977,2,12,9,28166.375,79.89007688074452,-121.39945748334125,321,383,1002.0025926200044,1002.0025926200044,0.0,12.682439685165125,2.68672382598721,14.104739588693906,625,0.45423659339212463,3.196678928272722,22.419171278224507,25.2054953535638,33.73331049305557,0,0,0,0,0,19,19,1,1
205,1977,2,12,12,28166.5,80.00534042479413,-120.30268072048811,321,382,1001.2356144889923,1003.2356144889923,2.0,13.919638370802318,2.929874700136352,318.8419983313807,319375,-0.7669781310121471,-5.395665337385583,7.055310361140441,4.272240441795904,8.247996283009112,0,0,2,0,0,17,17,1,2
205,1977,2,12,15,28166.625,80.92411473939465,-118.77980630439721,324,379,1001.6211632328987,1001.6211632328987,0.0,12.95442422939391,1.652657686055172,14.104739588693906,625,0.3855487439064018,2.705026209868895,8.903565890033125,34.054347504970096,35.19903506557281,0,0,0,2,0,16,16,1,1
205,1977,2,12,18,28166.75,82.23194599899121,-118.4126614430726,329,376,1001.7326286168363,1001.7326286168363,0.0,12.09027480133361,1.495471662710188,14.104739588693906,625,0.11146538393761148,0.7794071748997018,1.8393261188790697,48.474733658100156,48.50961681765111,0,0,3,0,0,13,13,1,1
205,1977,2,12,21,28166.875,83.036942274948,-117.80145877993414,332,374,,,,11.785261634255376,,0.0,0,0.2942598461615853,,2.7463427576926156,29.83716728471947,29.963293379050718,0,2,2,0,0,12,11,0,0
208,1977,2,9,6,28163.25,37.415193140313576,-175.3099626836477,341,585,992.9603571957435,992.9603571957435,0.0,8.302868226684913,5.740575863653503,14.104739588693906,625,,,,,,3,0,0,0,0,16,16,1,1
208,1977,2,9,9,28163.375,38.18182011843709,-172.92274338956122,332,581,989.815334721342,989.815334721342,0.0,10.35074152553237,9.483368530761435,14.104739588693906,625,-3.1450224744016304,-35.24878617899969,69.54980219842736,28.415010198727963,75.13047178365237,0,0,0,0,0,16,16,1,1
208,1977,2,9,12,28163.5,38.96553336355128,-171.24394038402568,326,577,988.8832935792869,988.8832935792869,0.0,9.544560336408992,10.8132850058817,14.104739588693906,625,-0.9320411420549499,-10.268493127068574,48.38060942229075,29.04831226694706,56.4312662770411,0,0,0,0,0,14,14,1,1
208,1977,2,9,15,28163.625,39.84964903542709,-168.94955750683624,318,572,984.7763250584198,986.7763250584198,2.0,12.188144600294805,15.61954028211112,77.25484040463792,18750,-4.106968520867086,-44.4054518185732,65.28680106186887,32.769725759845414,73.0494443460559,0,0,0,0,0,16,16,1,1
208,1977,2,9,18,28163.75,40.75442216088433,-167.10625595511783,312,567,982.2309686447292,986.2309686447292,4.0,14.498870545422948,21.574311003673866,117.16276644769007,43125,-2.545356413690752,-27.013257255961083,51.75390599655962,33.53539377172843,61.66919345447621,0,0,0,0,0,19,19,1,1
208,1977,2,9,21,28163.875,41.90068861876872,-165.3964901222156,307,561,980.2957180721418,984.2957180721418,4.0,16.173878183157466,23.099568359081385,106.48844864724786,35625,-1.9352505725873925,-20.07633435064474,47.167541192975484,42.48633823319108,63.48122461528411,0,0,0,0,0,17,17,1,1
208,1977,2,10,0,28164.0,42.99410530299098,-163.61045966596524,302,555,975.861918507264,983.861918507264,8.0,18.91611144269957,20.919977862389423,201.4559765517849,127500,-4.4337995648777,-45.046521907586374,48.418744783356814,40.527462664677046,63.14150834777892,0,0,0,0,0,18,18,1,1
208,1977,2,10,3,28164.125,44.25682913450887,-162.56853705443825,300,549,972.3798901682163,984.3798901682163,12.0,21.339611223835252,22.305427485781983,241.84590462993484,183750,-3.4820283390476834,-34.568040467995864,27.65934961107721,46.802827939322576,54.36491813684291,0,0,0,0,0,17,17,1,1
208,1977,2,10,6,28164.25,45.417583196769506,-162.12584024629922,300,544,971.9351717017241,985.9351717017241,14.0,21.553659170255433,16.925195179161527,282.79914940409105,251250,-0.44471846649219515,-4.325920279402078,11.517710422360436,43.023320935148185,44.538340760092424,0,0,0,0,0,18,18,1,1
208,1977,2,10,9,28164.375,46.41570742205308,-161.0875973997684,298,539,971.7657064790378,985.7657064790378,14.0,21.557023041630625,13.384581623617123,308.3748992661489,298750,-0.16946522268641273,-1.6208626364462493,26.530415320689205,36.995450004188015,45.5250069533288,0,0,0,0,0,21,21,1,1
208,1977,2,10,12,28164.5,46.51152154893168,-157.15900679567028,286,534,978.169494073693,988.169494073693,10.0,18.80267471034869,5.829730517918724,370.76958086610153,431875,6.403787594655296,61.15225439817372,100.201876904897,3.551348269926307,100.26479047900335,0,0,0,0,0,19,19,1,1
208,1977,2,10,15,28164.625,47.62242600047084,-156.55707928503773,286,529,977.8905918213597,985.8905918213597,8.0,18.455380682706124,6.87130126827331,357.93816391798146,402500,-0.27890225233335514,-2.6157320082131874,15.037487752382066,41.1756463326701,43.835600700984685,0,0,0,0,0,18,18,1,1
208,1977,2,10,18,28164.75,48.697159924507865,-156.6344885324846,288,525,978.251133356,986.251133356,8.0,17.93029067170998,5.479872718240367,369.1563625652894,428125,0.3605415346402151,3.325080618074019,-1.8937649777368877,39.83498661523862,39.87997623403433,0,0,0,0,0,16,16,1,1
208,1977,2,10,21,28164.875,50.20680632746891,-156.45547690791653,290,519,978.3264293497964,988.3264293497964,10.0,18.25938917834246,5.426940248044412,493.46434818596555,765000,0.07529599379646243,0.678934675310287,4.246560605832969,55.955007012158426,56.11591651848619,0,0,0,0,0,15,15,1,1
208,1977,2,11,0,28165.0,51.09978497132838,-155.16609454970907,288,514,978.5192013063046,988.5192013063046,10.0,19.237927103991975,5.644819003123266,446.0310290381928,625000,0.19277195650822251,1.7161311844055547,30.010691786713185,33.09823159970376,44.67812167655129,0,0,0,0,0,18,18,1,1
208,1977,2,11,3,28165.125,51.92600408912887,-156.1247191460725,292,512,978.9868529311707,988.9868529311707,10.0,18.33894276062854,6.65558603845253,463.31439595073437,674375,0.467651624866121,4.115756879378985,-21.911295892999803,30.623791398718993,37.65529826389436,0,0,0,0,0,17,17,1,1
208,1977,2,11,6,28165.25,52.73852441189128,-157.12380998764516,296,510,979.4408173793726,989.4408173793726,10.0,17.91366920801783,6.342233168071834,462.2396684630923,671250,0.45396444820187754,3.951795466794797,-22.42053317774475,30.11604589559321,37.54539290458724,0,0,0,0,0,16,16,1,1
208,1977,2,11,9,28165.375,53.22890230220482,-157.96769340056093,299,509,980.1128550162975,988.1128550162975,8.0,17.298363061691866,5.476348801887725,378.7326134115871,450625,0.6720376369249424,5.812508055599838,-18.72382541288279,18.175844513842563,26.094883825828695,0,0,0,0,0,18,18,1,1
208,1977,2,11,12,28165.5,53.930307546909816,-158.70264595096626,302,507,981.3261983505122,991.3261983505122,10.0,16.111687286677785,4.661427205344589,475.18530649802983,709375,1.2133433342145872,10.399943428870328,-16.038580097011312,25.997568244360323,30.54684281801345,0,0,0,0,0,18,18,1,1
208,1977,2,11,15,28165.625,54.32004335227096,-159.2513286792538,304,506,980.9750699622589,988.9750699622589,8.0,16.185643194724083,5.356885300420909,372.37581039698836,435625,-0.3511283882532734,-2.994861419393411,-11.861618165000362,14.445548095963382,18.691491253644205,0,0,0,0,0,15,15,1,1
208,1977,2,11,18,28165.75,54.786519220998485,-160.15930191603167,307,505,981.4362703594727,989.4362703594727,8.0,16.19145427699317,5.589947432707122,378.7326134115871,450625,0.46120039721383366,3.9109594904861256,-19.405590799539187,17.28991666820478,25.990732438171598,0,0,0,0,0,18,18,1,1
208,1977,2,11,21,28165.875,55.020234551038584,-161.21137801783155,310,505,982.3350968437517,990.3350968437517,8.0,15.943429927898459,6.939123895289084,401.6756447177361,506875,0.8988264842789795,7.600192733639171,-22.35522029546827,8.662652993172468,23.97493339592493,0,0,0,0,0,21,21,1,1
208,1977,2,12,0,28166.0,55.46542580377403,-162.16186062830718,313,504,982.9724798635923,988.9724798635923,6.0,14.79763943939689,3.348616818719675,346.06949399889504,376250,0.6373830198406358,5.3605286780283485,-19.97163433345235,16.501002896905934,25.906548873843285,0,0,0,0,0,20,20,1,1
208,1977,2,12,3,28166.125,55.8311386890164,-162.77109995629795,315,503,983.7389069829721,987.7389069829721,4.0,13.744804770555834,3.716104441452116,293.16150714175194,270000,0.7664271193798049,6.4177582163013565,-12.682459483255538,13.555139149164937,18.563043282221862,0,0,0,0,0,22,22,1,1
208,1977,2,12,6,28166.25,55.93446375903399,-164.71133576241863,320,504,984.7266628315458,986.7266628315458,2.0,12.344636962198367,2.8966668601201673,231.33492951703124,168125,0.9877558485737246,8.260978555776692,-40.2810893700256,3.8297411937165418,40.46273691245859,0,0,0,0,0,20,20,1,1
208,1977,2,12,9,28166.375,55.93446375903399,-164.71133576241863,320,504,,,,12.344636962198367,,0.0,0,0.0,,0.0,0.0,0.0,0,3,0,0,0,20,20,0,0
209,1977,2,5,12,28159.5,38.00257344828739,-72.45516822472354,146,292,993.7805989093202,997.7805989093202,4.0,11.521474695931035,2.1719704391846606,463.9580374686793,676250,,,,,,3,0,0,0,0,10,10,1,1
209,1977,2,5,15,28159.625,39.193778535871104,-71.23434327961131,152,289,991.6569278998796,997.6569278998796,6.0,13.526796968312887,4.451629062523789,508.1622724746498,811250,-2.1236710094405864,-23.282438849625315,35.06895964764942,44.15198744416514,56.38466037884931,0,0,0,0,0,10,10,1,1
209,1977,2,5,18,28159.75,39.39537613647837,-69.49002481566059,155,283,986.3544522190359,996.3544522190359,10.0,17.109654277497857,6.9933204308402495,592.9025894312015,1104375,-5.302475680843782,-57.88320892586173,49.9621717633711,7.472210137081396,50.517843695523055,0,0,0,0,0,10,10,1,1
209,1977,2,5,21,28159.875,39.25863749775601,-67.00763215736399,158,274,982.1960213206321,994.1960213206321,12.0,20.757916588996242,10.945682311424388,553.8692560610566,963750,-4.158430898403749,-45.52694360392795,71.24072166352326,-5.068214300736406,71.42077582425006,0,0,0,0,0,8,8,1,1
209,1977,2,6,0,28160.0,40.34388892011674,-65.0476469389987,165,269,977.4935380030382,993.4935380030382,16.0,24.791885433877724,17.90334588860198,616.9110613925599,1195625,-4.702483317593869,-50.32604068162666,55.36827656389445,40.22481743343483,68.43743118505446,0,0,0,0,0,5,5,1,1
209,1977,2,6,3,28160.125,41.24827365077031,-63.981763626297045,170,267,971.0767314027114,991.0767314027114,20.0,30.006222300977857,30.997904933931647,589.200067565506,1090625,-6.416806600326818,-67.4281487620739,29.703488001936098,33.52099792782751,44.78788342351732,0,0,0,0,0,9,9,1,1
209,1977,2,6,6,28160.25,41.90423935046178,-62.38884783670185,175,263,967.2678158259398,995.2678158259398,28.0,32.01221198318025,33.4384691293694,895.2899430612174,2518125,-3.8089155767716876,-39.511049743508586,43.941635554171555,24.31335261951313,50.219582343707515,0,0,0,0,0,8,8,1,1
209,1977,2,6,9,28160.375,42.5178990443629,-60.756033768582874,180,259,963.7559779099711,993.7559779099711,30.0,34.25619913877012,31.030441231366567,861.6599152355247,2332500,-3.511837915968645,-36.00175914068028,44.606717266756526,22.745281549352523,50.0710201421508,0,0,0,0,0,6,6,1,1
209,1977,2,6,12,28160.5,43.634363711650586,-59.03624346792648,187,256,961.8902381523012,993.8902381523012,32.0,35.80620201545815,16.632378208627124,872.7859682497101,2393125,-1.8657397576699442,-18.732199101888906,46.13440265838722,41.38173559343181,61.974439484120445,0,0,0,0,0,6,6,1,1
209,1977,2,6,15,28160.625,44.28879891441502,-57.5509467264087,192,253,959.8095264281044,993.8095264281044,34.0,37.61150401303269,12.989528806788876,893.621803093224,2508750,-2.0807117241967354,-20.644568852869252,39.40764312195165,24.256624788336076,46.2746818741007,0,0,0,0,0,4,4,1,1
209,1977,2,6,18,28160.75,44.972899656334285,-55.61965527615513,198,249,958.5188392298726,990.5188392298726,32.0,37.83759430269142,8.147860541442206,822.1986504384603,2123750,-1.290687198231899,-12.652085940860793,50.63975396911626,25.356177271733998,56.63320940833414,0,0,0,0,0,2,2,1,1
209,1977,2,6,21,28160.875,45.68908182673805,-54.28953690698514,203,247,959.0531692431855,993.0531692431855,34.0,37.58345474615508,11.062711043825985,952.4616399749669,2850000,0.5343300133130106,5.173498837145421,34.43876276165488,26.545274634062167,43.481950116701654,0,0,0,0,0,1,1,1,1
209,1977,2,7,0,28161.0,46.37742828977273,-52.918902438377216,208,245,961.4685452999914,993.4685452999914,32.0,34.916285121621435,8.713553667719825,963.9844002772056,2919375,2.415376056805835,23.116747082466645,35.04847235142701,25.51354482106091,43.35131351533685,0,0,0,0,0,1,1,1,1
209,1977,2,7,3,28161.125,46.886159854188435,-51.2687209561442,213,242,962.5112442525524,992.5112442525524,30.0,32.86665336379806,6.382743849737673,954.7564802392444,2863750,1.0426989525610406,9.89596972203526,41.80173018501716,18.856122995658726,45.85780218118161,0,0,0,0,0,3,3,1,1
209,1977,2,7,6,28161.25,47.53895752366928,-49.3819178431662,219,239,962.5999835630089,992.5999835630089,30.0,31.802765016241132,5.028379844316659,983.9003716619144,3041250,0.08873931045643985,0.8333652413635093,47.210705615624555,24.19592965722055,53.04991740523569,0,0,0,0,0,4,4,1,1
209,1977,2,7,9,28161.375,51.036836198433704,-46.901236464614435,235,243,961.5995978882019,991.5995978882019,30.0,31.45915114818667,9.416381059300548,967.8976101709669,2943125,-1.0003856748070392,-8.913731215670401,57.81505881119306,129.64878755066556,141.95558861383134,0,0,0,0,0,7,7,1,1
209,1977,2,7,12,28161.5,53.29059040527167,-40.46620885401544,255,237,960.7254024461107,992.8503176023809,32.12491515627014,30.42664706276623,22.97155566391739,1011.7140049241939,3215625,-0.8741954420911497,-7.554913027370629,142.5252764948655,83.53534456807094,165.2017198216901,0,0,0,0,0,7,8,2,0
209,1977,2,7,15,28161.625,49.97930355039362,-48.24406302962854,229,243,958.2970461335419,993.9741255621568,35.67707942861496,35.21423127731426,6.231097666489295,1087.4379187672198,3715000,-0.5532714688389387,-5.0053748874630255,0.6298416097762625,-12.510404372479027,12.52624915991806,0,0,0,0,2,5,6,2,0
209,1977,2,7,18,28161.75,53.40981020238823,-45.0,246,246,952.0987441294584,996.0987441294584,44.0,39.73986143635613,21.374805130680542,1188.0679280016975,4434375,-3.875381432698487,-33.43975144939426,-50.83214570454733,-17.46830878257157,53.74987301056251,0,0,0,0,2,4,4,1,1
209,1977,2,7,21,28161.875,52.55459190628314,-46.72822765049855,240,247,950.832931054417,996.832931054417,46.0,42.22411585258535,24.288396417251715,1198.404947305163,4511875,-1.2658130750413692,-11.04603296517497,-38.94588800922554,-31.698645233496794,50.215399057124166,0,0,0,0,0,5,5,1,1
209,1977,2,8,0,28162.0,51.37354970233898,-46.917134569962435,236,244,951.9108286580137,997.9108286580137,46.0,41.05992705626859,21.76979368009568,1236.3188442787684,4801875,1.0778976035966479,9.559119495947042,-4.370823575959036,-43.77530041056621,43.99296562823967,0,0,0,0,0,3,3,1,1
209,1977,2,8,3,28162.125,50.37882888449587,-45.935358195757146,235,239,954.2260720835766,998.2260720835766,44.0,37.89993737964954,17.768576615503697,1263.3784609264342,5014375,2.3152434255629486,20.824279147810763,23.2057416965053,-36.86930279062702,43.5643424827216,0,0,0,0,0,3,3,1,1
209,1977,2,8,6,28162.25,50.040870598009654,-44.072214225538325,238,234,955.7777942114574,1001.7777942114574,46.0,34.9721705106173,13.10039960931055,1471.5644547365573,6803125,1.5517221278807847,14.025580521084551,44.35033676954779,-12.526415624918428,46.08539313036727,0,0,0,0,0,4,4,1,1
209,1977,2,8,9,28162.375,50.316829858922134,-41.729512076816434,244,230,956.288054874226,1004.288054874226,48.0,33.29631095342291,9.238581998093723,1605.1540689226442,8094375,0.51026066276856,4.593618235911922,55.44369934733605,10.22842325801687,56.37929087584316,0,0,0,0,0,3,3,1,1
209,1977,2,8,12,28162.5,52.64718656442063,-41.03778932353207,252,236,958.5238556698043,1002.5238556698043,44.0,31.399279689281766,1.9822211596104173,1463.8382304932147,6731875,2.2358007955783976,19.486474437950918,15.555479952873418,86.37461430785349,87.76415528787761,0,0,0,0,0,3,3,1,1
209,1977,2,8,15,28162.625,53.110180205948886,-40.23635830927382,255,236,958.4588752123484,1006.4588752123484,48.0,30.84533724905073,2.63699814241234,1703.4064565581864,9115625,-0.06498045745596755,-0.5628940947847234,17.83118142231553,17.160848002210432,24.747641000113532,0,0,0,0,0,2,2,1,1
209,1977,2,8,18,28162.75,53.564848817143556,-39.415497723013054,258,236,958.0677602135854,1004.0677602135854,46.0,30.841188841093985,2.7893977381449804,1570.6373285785544,7750000,-0.3911149987629324,-3.36808522824178,18.069795682875338,16.85228095645822,24.70863997585186,0,0,0,0,0,2,2,1,1
209,1977,2,8,21,28162.875,54.48906038779996,-38.22945245521525,263,237,959.3790235662382,1005.3790235662382,46.0,29.517611272383668,4.541523611220036,1614.9156901335655,8193125,1.3112633526527497,11.160500415427014,25.53466172489841,34.25587926773061,42.72568564470707,0,0,0,0,0,2,2,1,1
209,1977,2,9,0,28163.0,55.04168768309553,-38.92196301625272,263,240,961.2214213876453,1005.2214213876453,44.0,28.074154049151716,5.203156338136832,1577.2101193329709,7815000,1.8423978214070666,15.574654645762767,-14.707132954278697,20.483117187390548,25.21622195030819,0,0,0,0,0,1,1,1,1
209,1977,2,9,3,28163.125,54.925364239729504,-39.73415968822089,261,241,961.4114559013449,1003.4114559013449,42.0,28.218571910922773,4.672639246427789,1509.536650008277,7158750,0.1900345136996475,1.6087377779170027,-17.298984753121356,-4.311525584042696,17.828183484319986,0,0,0,0,0,1,1,1,1
209,1977,2,9,6,28163.25,54.954413806577534,-40.25821024548094,260,242,962.9397725138531,1000.9397725138531,38.0,27.462890677207252,5.839296614322084,1440.4799792293488,6518750,1.5283166125082062,12.93336653869162,-11.15373322348476,1.0767214849077247,11.205583160939446,0,0,0,0,0,1,1,1,1
209,1977,2,9,9,28163.375,53.930307546909816,-37.55755875734572,263,234,963.8731134398591,999.8731134398591,36.0,25.901105866664572,2.9955037009666556,1409.3451279891856,6240000,0.933340926006058,7.999955623933698,58.93195319285927,-37.95847347332846,70.09865059721717,0,0,0,0,0,1,1,1,2
209,1977,2,9,12,28163.5,54.39239474145697,-35.36728192403195,269,232,966.7241779794673,1000.7241779794673,34.0,22.548938013595876,1.3653896387397981,1435.3608390661161,6472500,2.8510645396081964,24.295429251083778,47.26509036197927,17.12725056702007,50.272571835062855,0,0,0,0,0,1,1,1,2
209,1977,2,9,15,28163.625,54.663328164782406,-34.76519723657679,271,232,966.8570137268823,1000.8570137268823,34.0,22.646165226669794,1.5931853678276824,1460.6409593554663,6702500,0.13283574741493795,1.1281559722383094,12.907232696667636,10.042140710743956,16.35363097114238,0,0,0,0,0,1,1,1,2
209,1977,2,9,18,28163.75,54.92994963093417,-34.15419960183733,273,232,966.8523631860786,998.8523631860786,32.0,22.770384936983586,1.3100733799512818,1411.0380356601345,6255000,-0.0046505408037046435,-0.0393669558800778,13.012192869562044,9.882318123536663,16.339442302889733,0,0,0,0,0,1,1,1,2
209,1977,2,9,21,28163.875,55.19217984340219,-33.53423170123886,275,232,968.1039659592707,1000.0552692847772,31.95130332550645,22.36802056705043,1.1271959883595992,1450.3211770632952,6608125,1.2516027731921349,10.561029609089124,13.11701348944874,9.719556413122682,16.325618510496145,0,0,0,0,0,0,1,2,0
209,1977,2,10,0,28164.0,58.7557129330498,-29.822273117744945,291,240,964.8478475347,984.8478475347,20.0,25.256927556221644,14.498881843140044,849.3349042421462,2266250,-3.207421750077192,-25.991363738310753,-53.80472168405704,17.44148265392417,56.56105897758612,0,0,0,0,2,1,1,1,1
209,1977,2,10,3,28164.125,59.00019549463004,-31.538851692577026,288,243,964.2512269770814,982.2512269770814,18.0,25.90511873492568,17.336840926206932,745.4191405307349,1745625,-0.5966205576185893,-4.822279147698729,-32.7681815446486,9.061740166929736,33.99807136582893,0,0,0,0,0,1,1,1,1
209,1977,2,10,6,28164.25,58.89302319175358,-33.400404778883654,284,245,964.8812107103023,980.8812107103023,16.0,26.79165791048356,16.786827214358638,675.4093985407259,1433125,0.6299837332208699,5.097680475043842,-35.64602788301036,-3.9723387855591175,35.866680627897665,0,0,0,0,0,2,2,1,1
209,1977,2,10,9,28164.375,58.82684343796225,-34.326018779777485,282,246,966.9135059253283,980.9135059253283,14.0,25.883338248605025,13.792799155399264,660.0656457611345,1368750,2.0322952150260973,16.456336251803688,-17.758506296615817,-2.452950956060297,17.927116730801433,0,0,0,0,0,4,4,1,1
209,1977,2,10,12,28164.5,59.96961346890029,-37.950821832504715,278,255,969.9816804964884,979.9816804964884,10.0,25.411804835900117,11.953451258316273,526.4299997708744,870625,3.0681745711600525,24.5529179986186,-67.22991094168425,42.35674325391833,79.46039657782455,0,0,0,0,0,4,4,1,2
209,1977,2,10,15,28164.625,59.56881744347143,-39.559667968994496,274,256,971.0539193316101,977.0539193316101,6.0,26.05428755299477,15.248036082077524,196.9619693713725,121875,1.0722388351216796,8.615588001831144,-30.202975594848883,-14.855494882330866,33.658661039649154,0,0,0,2,0,3,3,1,1
209,1977,2,10,18,28164.75,59.27044626764368,-40.211533449686414,272,256,972.1311815222513,978.1311815222513,6.0,25.4895150793832,17.725067713501048,145.90056078898738,66875,1.077262190641195,8.682629725420576,-12.346085697653196,-11.059120336339424,16.574980382113065,0,0,0,0,0,4,4,1,1
209,1977,2,10,21,28164.875,58.764173268850364,-39.99202810795973,271,254,974.4485104659486,982.4485104659486,8.0,24.461028078956062,17.479755608426203,206.33455182562614,133750,2.3173289436973574,18.776808821076905,4.2189959356201445,-18.76499632098105,19.233434785061448,0,0,0,0,0,3,3,1,1
209,1977,2,11,0,28165.0,58.764173268850364,-39.99202810795973,271,254,978.227346225043,984.227346225043,6.0,21.331112354861613,11.96108349995644,188.70855443464026,111875,3.7788357590943633,30.619078403929226,0.0,0.0,0.0,0,0,0,0,0,4,4,1,1
209,1977,2,11,3,28165.125,58.764173268850364,-39.99202810795973,271,254,980.713543471276,984.713543471276,4.0,18.89454544755323,9.478025201672427,151.91269449366246,72500,2.4861972462330595,20.145111686009646,0.0,0.0,0.0,0,0,0,0,0,4,4,1,1
209,1977,2,11,6,28165.25,58.613883565221784,-40.309315544265154,270,254,981.8350823786902,983.8350823786902,2.0,17.947303183588215,10.477721957167814,99.73557010035817,31250,1.121538907414215,9.102095169759325,-6.1247658560240295,-5.570484190137442,8.279073070319464,0,0,0,0,0,4,4,1,1
209,1977,2,11,9,28165.375,58.435719490958306,-40.04287393031932,270,253,983.4644481646898,985.4644481646898,2.0,16.65849136382443,10.51201757812145,104.60354839855006,34375,1.6293657859995436,13.248672982588976,5.169454191918175,-6.603647056141026,8.386382479020405,0,0,0,0,0,6,6,1,1
209,1977,2,11,12,28165.5,58.79126009713451,-40.57871057856939,270,255,986.3015879035801,988.3015879035801,2.0,13.959752930358974,8.018883256178452,118.0087179853287,43750,2.8371397388902553,22.98213508983823,-10.290980287310827,13.178103874308377,16.72024811406462,0,0,0,0,0,6,6,1,1
209,1977,2,11,15,28165.625,58.967838853126246,-40.85109630226565,270,256,987.659630762211,989.659630762211,2.0,12.727361102411447,9.067925282791911,122.96226898414837,47500,1.3580428586309425,10.9803218192665,-5.204662241060671,6.544887273162857,8.362060658828769,0,0,0,0,0,5,5,1,1
209,1977,2,11,18,28165.75,59.2962136385248,-40.8078063721247,271,257,988.6359386620356,988.6359386620356,0.0,11.863311149396399,7.279492937563337,14.104739588693906,625,0.9763078998246055,7.866845506734787,0.8192777951242901,12.171203391438267,12.198746169231578,0,0,0,0,0,7,7,1,1
209,1977,2,11,21,28165.875,59.492682942745994,-41.68657460020726,270,259,990.2377245601242,990.2377245601242,0.0,11.543217911297806,8.095792180743665,14.104739588693906,625,1.6017858980885649,12.880637872662112,-16.534761004033516,7.282129956927767,18.0673113154695,0,0,0,3,0,8,8,1,1
209,1977,2,12,0,28166.0,59.83315472137396,-36.13813559360244,281,252,988.8564128374637,990.8564128374637,2.0,11.907407864271901,8.461979365987062,146.58075357087597,67500,-1.3813117226604663,-11.069150626117345,103.31438199513141,12.6195781496929,104.08225247232181,0,0,0,0,0,7,7,1,1
209,1977,2,12,3,28166.125,60.04332301965208,-39.16743625480867,276,257,988.2721606556303,992.2721606556303,4.0,13.224036596664494,8.46851481419937,175.0352151573787,96250,-0.5842521818334353,-4.671979230996275,-56.06203456705684,7.789882836682429,56.60065365706579,0,0,0,0,0,7,7,1,1
209,1977,2,12,6,28166.25,59.9941651954796,-41.93897020058235,271,261,986.400847519068,994.400847519068,8.0,16.911149643421158,17.523310954017216,270.5758189903005,230000,-1.871313136562385,-14.9713854181188,-51.3687223623121,-1.8220335509548307,51.401025703745525,0,0,3,0,0,9,9,1,1
209,1977,2,12,9,28166.375,60.009958007966596,-42.550337379872964,270,262,988.6577732519637,994.6577732519637,6.0,15.45401775363416,22.505780018501174,265.7536566014258,221875,2.256925732895761,18.053594575124006,-11.32670357370623,0.5853602086675276,11.341819096622057,0,0,0,0,0,9,9,1,1
209,1977,2,12,12,28166.5,61.80320287620422,-47.927347991740874,267,276,988.9088207279833,992.9088207279833,4.0,19.65753512172581,29.322418590150413,141.04739588693906,62500,0.2510474760195939,1.973503906063652,-94.14212132649054,66.46657719313781,115.2412464858959,0,0,0,0,0,10,10,1,1
209,1977,2,12,15,28166.625,62.58906940633962,-49.01417569541102,268,280,989.3023007103822,993.3023007103822,4.0,20.036045736608525,24.2294924707061,149.27053303604617,70000,0.39347998239885784,3.070884991754967,-18.544942861942214,29.12812372360677,34.530602331995965,0,0,0,0,0,11,11,1,1
209,1977,2,12,18,28166.75,62.98212541529234,-53.84925847070106,263,289,991.1653707601567,995.1653707601567,4.0,20.645356962484666,10.540339932735224,213.90896694369758,143750,1.8630700497746875,14.488985560362332,-81.39128582876857,14.568611360899975,82.68485862505449,0,0,0,0,0,9,9,1,1
209,1977,2,12,21,28166.875,62.87423470813307,-55.1840331960241,261,291,993.647283583673,997.647283583673,4.0,19.065047248985838,11.077511174743776,227.86904174049369,163125,2.481912823516177,19.320274791653507,-22.556750836367627,-3.9989664227343784,22.908486216774094,0,0,0,0,0,9,9,1,1
209,1977,2,13,0,28167.0,62.94354761721718,-56.2435411022132,260,293,996.1182264737555,998.1182264737555,2.0,16.510775924661157,13.6601165226382,115.45226928885475,41875,2.470942890082515,19.222980919059772,-17.862759863953332,2.5690812803758476,18.04656112899185,0,0,0,0,0,10,10,1,1
209,1977,2,13,3,28167.125,62.87808115380062,-56.90605202194519,259,294,997.692844071109,997.692844071109,0.0,14.984506859334921,15.99495738219506,14.104739588693906,625,1.574617597353499,12.257077774050618,-11.194650899472123,-2.426512865760881,11.454613631578983,0,0,0,0,0,10,10,1,1
209,1977,2,13,6,28167.25,63.00336481084438,-57.30801581742793,259,295,998.8540980179653,998.8540980179653,0.0,13.186625517272187,14.757280601114035,14.104739588693906,625,1.1612539468563046,9.029297099998342,-6.763113164349131,4.643635684914364,8.203843736200891,0,0,0,0,0,12,12,1,1
209,1977,2,13,9,28167.375,63.00336481084438,-57.30801581742793,259,295,,,,13.186625517272187,,0.0,0,0.0,,0.0,0.0,0.0,0,3,0,0,0,12,12,0,0
211,1977,2,9,9,28163.375,58.84549681065296,-128.4969440551183,252,445,996.3269640121028,998.3269640121028,2.0,8.924041497169085,18.729982734194053,59.8413420602149,11250,,,,,,3,0,0,0,0,11,11,1,1
211,1977,2,9,12,28163.5,58.24677034981292,-123.6332828275123,243,437,996.0763923787995,998.0763923787995,2.0,12.524277348878172,18.927390659529628,86.9474542287756,23750,-0.25057163330333426,-2.04159136408057,94.84940792369167,-22.191781631088443,97.41090983784507,0,0,0,0,0,10,10,1,1
211,1977,2,9,15,28163.625,58.052180000021906,-123.40782458970894,242,437,997.2256950251666,999.2256950251666,2.0,11.767675544084014,21.87814246261194,107.41849642478903,36250,1.1493026463671412,9.383992357680919,4.4218675498767075,-7.212486556916886,8.460075352049735,0,0,0,0,0,11,11,1,1
211,1977,2,9,18,28163.75,58.260114373052595,-118.85566121971651,237,427,999.1635487235727,1001.1635487235727,2.0,12.247957737738101,7.246193029944989,190.28334018879895,113750,1.9378536984061066,15.786844080543386,88.74366210495349,7.707082452010059,89.07770026061651,0,0,0,0,0,10,10,1,1
211,1977,2,9,21,28163.875,59.52899856273219,-115.32590142774937,238,417,999.507113687992,999.507113687992,0.0,13.094154659658196,12.897934656234284,14.104739588693906,625,0.34356496441934725,2.761720345605897,66.33662149916522,47.03116146395416,81.31714149287367,0,0,0,0,0,8,8,1,1
211,1977,2,10,0,28164.0,59.41671856874475,-114.7603086303817,237,416,999.8578692150593,1001.8578692150593,2.0,12.344693834289052,12.628322680004203,175.0352151573787,96250,0.350755527067231,2.822781182193854,10.66608520086447,-4.161655231695044,11.449224767624871,0,0,0,0,0,10,10,1,1
211,1977,2,10,3,28164.125,59.301369438112786,-114.19880318562221,236,415,1001.4129205872055,1001.4129205872055,0.0,11.523349201809033,9.32252332082171,14.104739588693906,625,1.5550513721461174,12.529546534652786,10.625054792209106,-4.275412706378026,11.452988393747038,0,0,0,0,0,9,9,1,1
211,1977,2,10,6,28164.25,59.08719723584733,-109.49832146067692,231,405,1001.6160953865372,1001.6160953865372,0.0,11.937410705292649,3.904137955827827,14.104739588693906,625,0.20317479933175492,1.6406971062623708,89.48574573534772,-7.938287440070535,89.83715877793823,0,0,0,0,0,10,10,1,1
211,1977,2,10,9,28164.375,59.08719723584733,-109.49832146067692,231,405,,,,11.937410705292649,,0.0,0,0.0,,0.0,0.0,0.0,0,3,0,0,0,10,10,0,0
212,1977,2,9,9,28163.375,28.422670421383206,127.06724168582794,568,517,1010.4803624248332,1012.4803624248332,2.0,7.805118915613593,5.127793521348212,176.73188049071527,98125,,,,,,3,0,0,0,0,14,14,1,1
212,1977,2,9,12,28163.5,28.858549461099457,128.74596725608353,562,522,1010.5409015143156,1014.5409015143156,4.0,8.761592721565103,9.542433681661569,396.44105022467926,493750,0.06053908948248136,0.8690108116179427,54.494371988010776,16.155845949049773,56.83878901504783,0,0,0,0,0,13,13,1,1
212,1977,2,9,15,28163.625,29.460447030531473,130.90316634868975,554,528,1009.1134299194545,1013.1134299194545,4.0,9.297048297743487,10.175710319362116,278.1889485195882,243125,-1.4274715948611265,-20.10849664532168,69.61679139357925,22.309318693510367,73.10405833129745,0,0,0,0,0,15,15,1,1
212,1977,2,9,18,28163.75,29.96386188765605,133.09613218048366,546,534,1007.2588303867944,1013.2588303867944,6.0,9.32403729517324,7.179977776705855,452.01234296667235,641875,-1.8545995326600677,-25.726194765162305,70.41701886709812,18.659059369916168,72.8472171239184,0,0,0,0,0,18,18,1,1
212,1977,2,9,21,28163.875,30.73553160470163,135.0,538,538,1005.8803094947243,1013.8803094947243,8.0,9.899504206785823,4.61295081198441,641.4168129169592,1292500,-1.3785208920700824,-18.687381006231092,60.6539527231409,28.601919193570293,67.0594643767495,0,0,0,0,0,16,16,1,1
212,1977,2,10,0,28164.0,31.430486258735037,136.94698212534797,530,542,1005.5975962741682,1013.5975962741682,8.0,10.650531141038824,8.305681804087799,620.127512085855,1208125,-0.2827132205561793,-3.75614749832656,61.57554080895564,25.758477258846348,66.74613379522341,0,0,0,0,0,17,17,1,1
212,1977,2,10,3,28164.125,32.655362980729834,140.29922901468893,516,548,1003.0749263532311,1009.0749263532311,6.0,11.270158113248977,10.47650045527771,461.37808398905344,668750,-2.522669920937042,-32.39078908677859,104.6064311815583,45.4000257502795,114.03362566659071,0,0,0,0,0,16,16,1,1
212,1977,2,10,6,28164.25,33.24442678575232,142.87041992353792,506,553,999.8288608949789,1007.8288608949789,8.0,12.956411888521433,10.923326853180916,521.4940162727432,854375,-3.246065458252269,-41.023191926217784,79.70208620142036,21.833635529480173,82.63855144720786,0,0,0,0,0,19,19,1,1
212,1977,2,10,9,28164.375,34.5575890750322,145.8082309403198,493,556,996.746052292936,1006.746052292936,10.0,16.260992264719864,12.23398152367903,512.0622703772439,823750,-3.082808602042787,-37.65344352907213,89.673814628673,48.67232814295882,102.03131164948077,0,0,0,0,0,22,22,1,1
212,1977,2,10,12,28164.5,35.43430730246383,148.44861505168652,482,559,993.8260194404938,1005.8260194404938,12.0,19.652695964372906,17.35579976476889,487.9913765644311,748125,-2.9200328524422368,-34.89420081766812,79.73677947145272,32.49553966240266,86.10408874397237,0,0,0,0,0,20,20,1,1
212,1977,2,10,15,28164.625,35.93281888217247,150.72963875523115,473,562,989.41229442917,1003.41229442917,14.0,21.975913719984383,19.711509297155935,489.4161719368318,752500,-4.413725011323841,-52.108546227271454,68.45588666002617,18.477319512388565,70.90571031146393,0,0,0,0,0,19,19,1,1
212,1977,2,10,18,28164.75,36.220945994562896,152.82485225541643,465,565,986.5968427819938,1002.5968427819938,16.0,22.856497150179926,17.89343719023338,534.6794053718705,898125,-2.8154516471762325,-33.01066215973324,62.64977022002178,10.679424375520687,63.55347208149995,0,0,0,0,0,17,17,1,1
212,1977,2,10,21,28164.875,36.28657470585682,155.8232043786863,454,570,985.7945375350686,1001.7945375350686,16.0,22.927295374031836,15.6496298196385,546.092093532253,936875,-0.8023052469252434,-9.392202392261433,89.57774429106014,2.4325265793682287,89.61076641695401,0,0,0,0,0,18,18,1,1
212,1977,2,11,0,28165.0,36.28657470585682,155.8232043786863,454,570,,,,22.927295374031836,,0.0,0,0.0,,0.0,0.0,0.0,0,3,0,0,0,18,18,0,0
213,1977,2,9,12,28163.5,82.48851030031587,-2.5637702114650045,358,326,1006.4116448667045,1006.4116448667045,0.0,7.699381384900405,9.670803649477456,14.104739588693906,625,,,,,,3,0,0,0,0,3,3,1,1
213,1977,2,9,15,28163.625,83.38463723767217,-2.9108378261677537,358,330,1005.7584704426362,1005.7584704426362,0.0,8.885503137378036,9.295272820202953,14.104739588693906,625,-0.6531744240682746,-4.555657122130572,-1.4819816563409889,33.21492302118238,33.24796807224168,0,0,0,0,0,5,5,1,1
213,1977,2,9,18,28163.75,84.03937460453062,-5.389311759973408,357,333,1004.3428672653864,1008.3428672653864,4.0,10.53848288218931,10.839298182726125,318.8419983313807,319375,-1.4156031772497226,-9.860899515769484,-9.538939909815937,24.267824493092185,26.075250338790696,0,0,0,0,0,5,5,1,1
213,1977,2,9,21,28163.875,84.95097413561984,-3.8140748342903543,358,337,1003.4156589787631,1009.4156589787631,6.0,12.159289418078988,10.874563632376011,261.98391020896656,215625,-0.9272082866233541,-6.448910784278633,5.138291762897865,33.78841432956039,34.17687793153005,0,0,0,0,0,5,5,1,1
213,1977,2,10,0,28164.0,86.04243035194676,-8.130102354155978,357,342,1003.5329485258607,1007.5329485258607,4.0,12.324877412150636,11.314497416599771,171.01087916602197,91875,0.11728954709760728,0.8145481622584093,-11.038403505825311,40.454797970072605,41.93372188056776,0,0,0,0,0,6,6,1,1
213,1977,2,10,3,28164.125,86.92657798003735,-10.491477012331599,357,346,1001.0865012842307,1007.0865012842307,6.0,14.621380893452873,11.003495197396768,249.5383166664071,195625,-2.4464472416299397,-16.97389811212217,-4.692337492034388,32.77091021616504,33.10514442703886,0,0,0,0,0,5,5,1,1
213,1977,2,10,6,28164.25,87.73377630974781,-20.224859431168078,356,350,1000.3732887574904,1004.3732887574904,4.0,15.384414864010886,11.343349061418266,171.01087916602197,91875,-0.7132125267403899,-4.945149034077611,-14.248622158427313,29.918786353254525,33.13845214045634,0,0,0,0,0,7,7,1,1
213,1977,2,10,9,28164.375,88.54079135059384,-32.47119229084849,356,354,999.5215395213803,1003.5215395213803,4.0,16.351781437422925,8.363108540798713,182.81831978578631,105000,-0.8517492361100448,-5.9030061058670436,-11.536953045440118,29.911992755976375,32.05976600361071,0,0,0,0,0,10,10,1,1
213,1977,2,10,12,28164.5,88.72396782385758,-74.74488129694222,354,358,997.1966194179631,1007.1966194179631,10.0,18.746207641831013,9.82619002915082,444.9145541230864,621875,-2.3249201034172438,-16.11151442710734,-34.10718091407066,6.789431502524,34.77637373322025,0,0,0,0,0,10,10,1,1
213,1977,2,10,15,28164.625,88.50684967629154,-102.9946167919165,353,361,997.1310717628477,1009.1310717628477,12.0,18.445695855309683,8.424383755480157,523.3979803141439,860625,-0.06554765511536971,-0.4542817285081495,-27.0087695420242,-8.04747883060307,28.18218493486938,0,0,0,0,0,8,8,1,1
213,1977,2,10,18,28164.75,87.94238639407625,-112.38013505195958,351,363,995.8469994694378,1007.8469994694378,12.0,19.086538497432507,9.06134605597239,494.47121384861646,768125,-1.284072293409845,-8.902053599939952,-12.476270081531215,-20.921817753158212,24.359387784664808,0,0,0,0,0,7,7,1,1
213,1977,2,10,21,28164.875,87.54280433689534,-120.06858282186246,350,365,995.6342352966275,1009.6342352966275,14.0,18.93911172350961,7.146341116564072,577.0890038978312,1046250,-0.21276417281042087,-1.475430043298896,-12.208465130955267,-14.810499178904644,19.19368403361079,0,0,0,0,0,8,8,1,1
213,1977,2,11,0,28165.0,86.84608660932368,-117.47443162627712,347,366,995.1409645360181,1011.1409645360181,16.0,19.548001195688393,7.9739723235632844,671.7173986622078,1417500,-0.4932707606093027,-3.42266424303988,5.289684904611054,-25.823825536431812,26.36002146672377,0,0,0,0,0,11,11,1,1
213,1977,2,11,3,28165.125,86.44273412898558,-114.14554196042165,345,366,994.9708354742107,1008.9708354742107,14.0,18.409183582210563,7.6674363825768515,565.9499297397601,1006250,-0.17012906180738355,-1.180964098931355,7.654501550899041,-14.950249821031601,16.795873412953885,0,0,0,0,0,11,11,1,1
213,1977,2,11,6,28165.25,86.31807747955949,-109.5366549381284,344,365,995.8236233295905,1009.8236233295905,14.0,16.9865225905827,7.147583383777309,616.4271462483625,1193750,0.85278785537972,5.920507921372097,10.967211798894578,-4.6203956628969545,11.900747485915723,0,0,0,0,0,8,8,1,1
213,1977,2,11,9,28165.375,86.22396224878928,-101.97613244420336,343,363,996.4105805386456,1008.4105805386456,12.0,15.520750895257944,6.638808288641522,565.070442138071,1003125,0.5869572090551083,4.075406138701328,18.441703044246236,-3.488378727209906,18.76872924085729,0,0,0,0,0,10,10,1,1
213,1977,2,11,12,28165.5,86.52832077266692,-91.8476102659946,344,360,996.6605632008599,1006.6605632008599,10.0,14.808126311200745,6.110751348593549,506.59386665817544,806250,0.2499826622143155,1.7351148800967735,22.703740721405644,11.281041245407046,25.351957208968855,0,0,0,0,0,10,10,1,1
213,1977,2,11,15,28165.625,87.18179749750493,-83.15722658736907,347,358,997.8693911478875,1005.8693911478875,8.0,13.00661147516572,3.8553887867060257,481.6309059398467,728750,1.2088279470276029,8.385146955195658,15.822012570569939,24.221098827430033,28.93091270927009,0,0,0,0,0,9,9,1,1
213,1977,2,11,18,28165.75,87.73377630974781,-69.77514056883192,350,356,998.9560089105807,1004.9560089105807,6.0,11.827866448530854,4.075919849700877,446.4768372744536,626250,1.086617762693204,7.534201346900666,19.5689889759027,20.459081178898757,28.3111167604489,0,0,0,0,0,13,13,1,1
213,1977,2,11,21,28165.875,88.0422204049127,-59.03624346792648,352,355,999.8783409517534,1003.8783409517534,4.0,11.068159942127881,3.930325126323587,370.5011989410557,431250,0.9223320411727763,6.3938360843489885,13.578284705038076,11.432472845269615,17.75024650220098,0,0,0,0,0,15,15,1,1
213,1977,2,12,0,28166.0,88.72396782385758,-52.1250163489018,355,356,1001.6366001150936,1003.6366001150936,2.0,9.92314638945709,2.18801067180415,335.26583267409023,353125,1.758259163340117,12.184598444957413,5.701101597567921,25.268951413230752,25.904101315235934,0,0,0,0,0,14,14,1,2
213,1977,2,12,3,28166.125,88.93828434981299,-18.43494882292201,358,355,1001.2410642193053,1003.2410642193053,2.0,10.187328891277794,2.301699128758264,348.93198687609583,382500,-0.39553589578834364,-2.74082362529171,22.806245269056934,7.9436367941093655,24.150076372324577,0,0,0,0,0,17,17,1,2
213,1977,2,12,6,28166.25,88.76385542349766,5.194428907734807,360,354,1001.8795016523832,1001.8795016523832,0.0,9.679706260337245,2.5386967932429254,14.104739588693906,625,0.6384374330779247,4.424253928712006,18.760665522393033,-6.465203888774273,19.84342289441337,0,0,0,2,0,15,15,1,1
213,1977,2,12,9,28166.375,88.84776492591511,29.054604099077146,362,355,1001.6734225762515,1001.6734225762515,0.0,9.73691246095591,2.097218473983667,14.104739588693906,625,-0.20607907613171847,-1.4280464793486813,17.655705426446186,3.110103655363592,17.927539676501826,0,0,0,0,0,16,16,1,1
213,1977,2,12,12,28166.5,88.57554135656615,45.0,364,355,1002.4916978210392,1002.4916978210392,0.0,9.006552485720391,1.5862099090660196,14.104739588693906,625,0.818275244787801,5.670929687314838,14.64468162590698,-10.089959941559316,17.784093779173826,0,0,0,0,0,14,14,1,1
213,1977,2,12,15,28166.625,88.57554135656615,45.0,364,355,,,,9.006552485720391,,0.0,0,0.0,,0.0,0.0,0.0,0,3,0,0,0,14,14,0,0
223,1977,2,9,15,28163.625,45.016467208570624,-142.69050141887467,241,515,,,,10.73845032767941,,0.0,0,,,,,,0,0,0,0,0,13,13,0,0
223,1977,2,9,18,28163.75,47.264696311047956,-138.04708950338576,235,498,997.0191974116862,997.0191974116862,0.0,13.843302426995963,10.672493153263277,14.104739588693906,625,,,116.77733553044779,83.33055671004306,143.46054431514082,3,0,0,3,0,14,14,1,1
223,1977,2,9,21,28163.875,48.153715899737456,-136.9978798564767,235,493,994.6988414352453,996.6988414352453,2.0,15.863119942271828,10.886768190363219,122.96226898414837,47500,-2.3203559764409145,-21.58020176043038,25.943943919056807,32.95148931663487,41.93910912572496,0,0,0,0,0,12,12,1,1
223,1977,2,10,0,28164.0,48.6785080124673,-136.34788728019862,235,490,989.3152860693649,995.3152860693649,6.0,20.445469325472796,9.769569318306967,418.6518614313685,550625,-5.383555365880311,-49.66384250455517,15.90747305880329,19.45140682621255,25.12777201893118,0,0,0,0,0,14,14,1,1
223,1977,2,10,3,28164.125,49.363801877327255,-135.91300286681542,236,487,987.4379712911841,997.4379712911841,10.0,22.24714194752296,9.183391639325782,406.1087413230311,518125,-1.8773147781808803,-17.139417157727227,10.49753219291827,25.400400344356306,27.48415033787531,0,0,0,0,0,13,13,1,1
223,1977,2,10,6,28164.25,49.70796826285736,-135.0,235,484,985.8995453635262,999.8995453635262,14.0,24.741807604545244,8.526119799560984,473.2975622183604,703750,-1.5384259276579542,-13.973663557179691,21.883919325710128,12.756518664181174,25.33050914379322,0,0,0,0,0,15,15,1,1
223,1977,2,10,9,28164.375,51.5357623059808,-132.83438474709715,236,474,984.8139863798855,1002.8139863798855,18.0,25.058795167243805,15.176952233017145,552.9705547452811,960625,-1.085558983640658,-9.605372038318382,49.92725988764094,67.74714151549084,84.15703454499797,0,0,0,0,0,17,17,1,1
223,1977,2,10,12,28164.5,50.84849518054298,-132.3974377975002,233,475,985.6066020719097,1003.6066020719097,18.0,25.303076721395755,8.453696109605444,552.2505406967425,958125,0.7926156920242647,7.081302598281764,10.225343701286183,-25.473539199425144,27.449204963970857,0,0,0,0,0,15,15,1,1
223,1977,2,10,15,28164.625,52.44200304399568,-130.31812176360103,234,466,988.758505078991,1002.758505078991,14.0,21.560062081925924,17.629474074891185,491.2419795407212,758125,3.1519030070812732,27.546376965604296,46.97736795712971,59.06332999471706,75.4675430250939,0,0,0,0,0,14,14,1,1
223,1977,2,10,18,28164.75,51.743949305624135,-129.91503939527817,231,467,994.3419554385426,1002.3419554385426,8.0,16.780801485767192,6.97757574891759,400.4355193599646,503750,5.583450359551644,49.26227645988173,9.250638249504359,-25.873344744061537,27.477341142626045,0,0,0,0,0,12,12,1,1
223,1977,2,10,21,28164.875,52.047304639282125,-129.3863949704769,231,465,1001.3620037405171,1001.3620037405171,0.0,9.763473810568458,9.394563888171252,14.104739588693906,625,7.020048301974457,61.68061184420879,12.05061092754499,11.243858024445428,16.481552323763456,0,0,0,0,0,13,13,1,1
223,1977,2,11,0,28165.0,52.047304639282125,-129.3863949704769,231,465,,,,9.763473810568458,,0.0,0,0.0,,0.0,0.0,0.0,0,3,0,0,0,13,13,0,0
224,1977,2,9,18,28163.75,41.62079166627225,133.64528474896937,511,504,1012.0127589469296,1016.0127589469296,4.0,8.545473031320283,7.370061359656829,339.39415148578985,361875,,,,,,3,0,0,0,0,15,15,1,1
224,1977,2,9,21,28163.875,41.9835897981295,134.80511714776142,507,506,1008.8678079019592,1014.8678079019592,6.0,11.216022640926901,12.887162575512193,367.53606346758164,424375,-3.144951044970367,-32.573302970968626,31.955164734568655,13.4471038862167,34.66925375805087,0,0,0,0,0,13,13,1,1
224,1977,2,10,0,28164.0,42.153276635208805,135.78214635405666,504,508,1006.7402685998328,1012.7402685998328,6.0,13.249740548480874,17.155823470692265,227.4320920733615,162500,-2.127539302126388,-21.963444494155596,26.846855755156362,6.289438467193457,27.573732068234523,0,0,0,0,0,15,15,1,1
224,1977,2,10,3,28164.125,42.486836806400724,136.57474506575318,501,509,1002.6056023392724,1010.6056023392724,8.0,15.986447662418811,18.87711154964927,298.87407349973716,280625,-4.134666260560334,-42.41179402481254,21.663957286105155,12.363399589077178,24.943550162183858,0,0,0,0,0,14,14,1,1
224,1977,2,10,6,28164.25,42.976046740500685,137.5845134459656,497,510,998.7271643920187,1006.7271643920187,8.0,18.10634258769057,26.384050911178637,190.28334018879895,113750,-3.8784379472536967,-39.41748575482761,27.382908542851958,18.132554245344966,32.842247239288795,0,0,0,0,0,16,16,1,1
224,1977,2,10,9,28164.375,42.93994528537287,138.3781227392942,495,512,996.8002830111333,1006.8002830111333,10.0,19.816471200961463,24.835619577749604,228.7404370492034,164375,-1.926881380885461,-19.596609179172344,21.533784227507358,-1.3380995515661462,21.575318620283365,0,0,0,0,0,19,19,1,1
224,1977,2,10,12,28164.5,43.05433833229106,139.38343869414896,492,514,997.1816988398656,1005.1816988398656,8.0,19.68009317933733,22.612327969715988,173.32194179790176,94375,0.3814158287322789,3.870746553616743,27.227433944453914,4.239975486905049,27.555590201067314,0,0,0,0,0,17,17,1,1
224,1977,2,10,15,28164.625,42.99651350647394,140.17642834925917,490,516,996.7827494196441,1004.7827494196441,8.0,19.164073713834394,20.96718264619427,216.2215635251125,146875,-0.39894942022147006,-4.053064060299302,21.497191922578484,-2.1432757549900274,21.60377030793703,0,0,0,0,0,16,16,1,1
224,1977,2,10,18,28164.75,42.6997993336975,141.53663364879708,487,520,997.9452606899441,1001.9452606899441,4.0,17.2147127065495,20.406457991987335,136.02118266811544,58125,1.1625112703000196,11.876472849504808,37.051156299966486,-10.997703558758895,38.64890252944945,0,0,0,0,0,14,14,1,1
224,1977,2,10,21,28164.875,42.99290123612899,144.78916281287644,477,526,999.0007191999184,1001.0007191999184,2.0,13.732265643944434,14.161436062973443,102.68405416537693,33125,1.055458509974269,10.723490295073764,88.17296207457156,10.86381484675019,88.8397079803187,0,0,0,0,0,17,17,1,1
224,1977,2,11,0,28165.0,42.87020821755858,145.57092402742248,475,528,999.9763098490814,1001.9763098490814,2.0,13.17872033081608,10.6716194442509,135.28790949515025,57500,0.9755906491630594,9.934872966552627,21.23631090160302,-4.547613733245691,21.717773628444238,0,0,0,0,0,20,20,1,1
224,1977,2,11,3,28165.125,42.914686676005516,148.21778800623787,467,533,997.4972483343898,1001.4972483343898,4.0,12.374909562400582,12.544260802453719,172.1702882348331,93125,-2.479061514691566,-25.224298079345626,71.84673270302196,1.6485929747568429,71.86564449649013,0,0,0,0,0,19,19,1,1
224,1977,2,11,6,28165.25,42.9616036531064,148.8434913624148,465,534,996.351935975711,1000.351935975711,4.0,13.532284088753674,18.20993153041876,151.91269449366246,72500,-1.1453123586789298,-11.643231876343004,16.971877177750866,1.738976609039355,17.060734292035814,0,0,0,0,0,18,18,1,1
224,1977,2,11,9,28165.375,42.70219625502208,149.995079129176,462,537,997.1687001534965,1001.1687001534965,4.0,13.109320232881998,14.020407276487385,178.96908195899073,100625,0.8167641777855169,8.343865638560782,31.367427909256904,-9.614928867014058,32.80796230734498,0,0,0,0,0,20,20,1,1
224,1977,2,11,12,28165.5,42.30316318732656,150.89152118289078,460,540,998.2000595059627,1002.2000595059627,4.0,13.017474950581342,11.08309517779271,220.32307560268868,152500,1.0313593524662428,10.616494575257125,24.574080471405594,-14.790150897052103,28.681596792589648,0,0,0,0,0,20,20,1,1
224,1977,2,11,15,28165.625,42.46295311606754,153.62157936648757,451,544,997.3420332017799,1001.3420332017799,4.0,11.517496005864098,4.686113726646072,211.57109383040859,140625,-0.858026304182713,-8.805307450341385,74.64572251762486,5.922609801630689,74.88031247958718,0,0,0,0,0,18,18,1,1
224,1977,2,11,18,28165.75,42.328178446324316,155.23454922974187,446,547,995.8517817108021,999.8517817108021,4.0,11.597218893914075,5.409787378295732,210.15588668414918,138750,-1.4902514909778255,-15.332833836043072,44.19815922722877,-4.995419838547446,44.47956270512134,0,0,0,0,0,21,21,1,1
224,1977,2,11,21,28165.875,42.05591905509156,156.58396924176958,442,550,995.8286591523377,999.8286591523377,4.0,11.749009016738638,7.114606769796082,201.94913757502948,128125,-0.023122558464528993,-0.23915272191083442,37.136228847240076,-10.091287678806236,38.48289983890263,0,0,0,0,0,24,24,1,1
224,1977,2,12,0,28166.0,41.9267318373545,156.94600420654703,441,551,995.9992811636791,999.9992811636791,4.0,13.021676575150856,9.254884334363886,180.07726023841454,101875,0.17062201134147473,1.769140675374064,9.983590939573695,-4.788321066562378,11.072493246113227,0,0,0,0,0,23,23,1,1
224,1977,2,12,3,28166.125,41.28226537634256,159.58715415334697,433,557,996.0906622386133,1000.0906622386133,4.0,10.373642404616925,4.642212392668735,223.4611004069437,156875,0.0913810749341792,0.9595882243302113,73.56152959145548,-23.8871336190337,77.3427035237853,0,0,0,0,0,25,25,1,1
224,1977,2,12,6,28166.25,40.91863518192125,160.88197439670057,429,560,996.5567194853074,1000.5567194853074,4.0,10.283522534248851,4.648837771878243,240.1950600466464,181250,0.4660572466941085,4.929779080886366,36.26472994206851,-13.477944264807999,38.688313731363785,0,0,0,0,0,23,23,1,1
224,1977,2,12,9,28166.375,40.27686124771225,163.083582167998,422,565,997.9162470650081,999.9162470650081,2.0,8.900468704421154,4.582262760863086,153.21669003752353,73750,1.3595275797006616,14.569759674537808,62.25538050316874,-23.78733517891993,66.64510271961927,0,0,0,0,0,24,24,1,1
224,1977,2,12,12,28166.5,39.732653299390215,164.90699503433913,416,569,999.112033039011,1001.112033039011,2.0,7.901139267488905,5.294788833383718,164.48811606198853,85000,1.195785974002938,12.96083836891927,51.974170997693705,-20.171054297684712,55.75110655742763,0,0,0,0,0,23,23,1,1
224,1977,2,12,15,28166.625,39.732653299390215,164.90699503433913,416,569,,,,7.901139267488905,,0.0,0,0.0,,0.0,0.0,0.0,0,3,0,0,0,23,23,0,0
227,1977,2,10,0,28164.0,53.440773079778765,-8.786903506823855,335,201,981.8930280529951,983.8930280529951,2.0,15.261099017077067,4.438655788148535,195.94930472170537,120625,,,,,,3,0,0,0,0,0,0,1,1
227,1977,2,10,3,28164.125,53.510152075185715,-8.079487721109253,337,201,979.699195336429,981.699195336429,2.0,16.581261534703888,3.56215400428664,226.55566456642887,161250,-2.1938327165659577,-18.905513345896384,15.59266203653636,2.571530768316336,15.803286996003074,0,0,0,0,0,0,0,1,1
227,1977,2,10,6,28164.25,52.76465575871977,-5.448651441359858,344,197,978.0976665306645,982.0976665306645,4.0,18.67999154863034,3.051608324895642,330.7854642750767,343750,-1.601528805764683,-13.936597627879774,59.000214074991725,-27.631802741073273,65.15014799381838,0,0,0,0,0,0,0,1,1
227,1977,2,10,9,28164.375,53.061904929269886,-4.425834036449799,347,198,977.1274820544018,979.1274820544018,2.0,19.18245123390928,2.869435552137802,228.30515513802078,163750,-0.970184476262657,-8.409557213580799,22.782311042693003,11.017533238159107,25.306515664941948,0,0,0,0,0,0,0,1,2
227,1977,2,10,12,28164.5,53.35972709897063,-3.0315238604523884,351,199,976.0715187696799,980.0715187696799,4.0,20.71414765531968,5.155187460216694,294.85316288611835,273125,-1.0559632847219473,-9.117578153504134,30.84161006812006,11.038771437665542,32.7575851742308,0,0,1,0,0,0,0,1,1
227,1977,2,10,15,28164.625,53.38181539340517,-2.319122495877381,353,199,975.1803815518806,979.1803815518806,4.0,20.92963871229718,7.004018432330632,256.22531886097215,206250,-0.8911372177992598,-7.692203836076935,15.75006264968999,0.8187020931174548,15.771326722455361,0,0,0,0,0,0,0,1,1
227,1977,2,10,18,28164.75,53.64035667945857,-1.257072415814512,356,200,974.9877321137599,976.9877321137599,2.0,20.972752892859404,7.189038988807369,146.58075357087597,67500,-0.19264943812071578,-1.6573888898026792,23.33731184682544,9.582826445765837,25.228172484856056,0,0,0,0,0,0,0,1,1
227,1977,2,10,21,28164.875,53.8840797283321,-0.5422151649463538,358,201,975.553828490607,977.553828490607,2.0,20.5664898021895,5.813089778895082,145.90056078898738,66875,0.5660963768471265,4.855043136863654,15.617326720865053,9.033588847026955,18.041802054212194,0,0,0,0,0,0,0,1,1
227,1977,2,11,0,28165.0,54.12172365391057,0.18189075249718362,360,202,975.8795854245155,979.8795854245155,4.0,20.523333097580387,7.588906906310148,208.7310845835051,136875,0.3257569339085603,2.785401433044055,15.729316171556516,8.808266290740958,18.027671571043022,0,0,0,0,0,1,1,1,1
227,1977,2,11,3,28165.125,54.120224823615274,0.5456575934157206,361,202,976.0004553124427,980.0004553124427,4.0,19.8298710104489,7.73665298819833,195.44100476116796,120000,0.12086988792711054,1.0335237548780007,7.902199311896786,-0.05555410824622664,7.9023945879641495,0,0,0,0,0,0,0,1,1
227,1977,2,11,6,28165.25,54.348667351345355,1.2811616946420628,363,203,976.0834983143337,980.0834983143337,4.0,19.60130359876464,7.689469599361328,184.44340347622256,106875,0.08304300189105561,0.7080405312954602,15.889292217686426,8.4672167044814,18.00453736977652,0,0,0,0,0,0,0,1,1
227,1977,2,11,9,28165.375,54.57837508441853,1.6576145951097472,364,204,976.9856069188909,982.9856069188909,6.0,19.01617114376874,7.339019837287124,261.98391020896656,215625,0.9021086045571428,7.669556927854398,8.087118698034203,8.514111509586622,11.742724710805827,0,0,0,0,0,2,2,1,1
227,1977,2,11,12,28165.5,54.57837508441853,1.6576145951097472,364,204,977.6821597563145,983.6821597563145,6.0,18.07534307813663,6.6717473851788975,253.1005029518667,201250,0.6965528374236601,5.921960629675905,0.0,0.0,0.0,0,0,0,0,0,2,2,1,1
227,1977,2,11,15,28165.625,54.806325263283064,2.0387946392671656,365,205,978.2204250171782,984.2204250171782,6.0,17.532784074480926,6.052400834265281,256.22531886097215,206250,0.5382652608637,4.563353151796987,8.142798456648832,8.448967805818572,11.734147761527518,0,0,0,0,0,1,1,1,1
227,1977,2,11,18,28165.75,54.786519220998485,2.7791668640720806,367,205,979.5780760566271,985.5780760566271,6.0,17.153050947202672,5.351090140519736,257.00058634784585,207500,1.3576510394488286,11.51282229932452,15.82358761293946,-0.7341104729842616,15.840607410415686,0,0,0,0,0,2,2,1,1
227,1977,2,11,21,28165.875,55.230660967826175,3.564638972115678,369,207,980.655984326981,986.655984326981,6.0,17.307897127240977,4.172941114589194,254.66770370415514,203750,1.0779082703539462,9.091151802405667,16.60258868165112,16.462102986097072,23.380478730277446,0,0,0,0,0,2,2,1,1
227,1977,2,12,0,28166.0,55.70002633259302,3.611885009222986,369,209,981.2237300023522,987.2237300023522,6.0,17.88040587730463,6.464720021040048,249.93662229367052,196250,0.5677456753712613,4.761486877660607,0.9868310361677916,17.3970157682485,17.42498186899002,0,0,0,0,0,2,2,1,1
227,1977,2,12,3,28166.125,55.93446375903399,3.635980178469843,369,210,982.0486575475733,988.0486575475733,6.0,17.585198063064553,7.999961538705029,248.7397920055702,194375,0.8249275452209985,6.899183407499245,0.5002543939215618,8.689417478614315,8.703805522659946,0,0,0,0,0,2,2,1,1
227,1977,2,12,6,28166.25,55.96112206288272,2.8719624869927616,367,210,982.6080541322633,990.6080541322633,8.0,17.581322451573204,10.491816260948472,315.07601583359167,311875,0.5593965846901119,4.676975898374462,-15.851236686040092,0.9880893803094496,15.882003182859007,0,0,0,0,0,4,4,1,1
227,1977,2,12,9,28166.375,56.19555876436684,2.891269596220564,367,211,984.1697338257827,992.1697338257827,8.0,17.50450615074121,13.130229325059117,297.87393436440806,278750,1.5616796935193997,13.020936254624976,0.39814098774747597,8.68939060810617,8.698507078020242,0,0,0,0,0,4,4,1,1
227,1977,2,12,12,28166.5,56.42983706901898,2.9108378261677537,367,212,985.033882429279,993.033882429279,8.0,17.376060236066927,14.794215609387756,261.22343281308076,214375,0.8641486034961418,7.185465980613757,0.40105800604150676,8.683519633402312,8.69277635441597,0,0,0,0,0,3,3,1,1
227,1977,2,12,15,28166.625,56.675142785613275,2.540467404610336,366,213,986.3982631140103,994.3982631140103,8.0,16.62814482135596,17.464976439701424,236.438520044912,175625,1.3643806847314408,11.312896478758597,-7.541827216682739,9.092250387397607,11.813051039990832,0,0,0,0,0,4,4,1,1
227,1977,2,12,18,28166.75,56.675142785613275,2.540467404610336,366,213,988.3659539153017,996.3659539153017,8.0,15.708510423260643,14.387939514254686,234.32553289538015,172500,1.967690801291319,16.315301576990493,0.0,0.0,0.0,0,0,0,0,0,3,3,1,1
227,1977,2,12,21,28166.875,56.90917737754748,2.5579045501921835,366,214,990.7109148852306,998.7109148852306,8.0,14.508873606984606,11.510554029473424,250.33429417967045,196875,2.344960969928943,19.391556893793535,0.35286299641470464,8.67448642747101,8.681660386966167,0,0,0,0,0,3,3,1,1
227,1977,2,13,0,28167.0,57.13173379081087,2.9711632619506085,367,215,993.2347230341471,999.2347230341471,6.0,12.737949958581536,10.136897468352108,194.93137937025432,119375,2.523808148916578,20.81798711765437,8.312896314171416,8.249048015699653,11.71115016962395,0,0,0,0,0,3,3,1,1
227,1977,2,13,3,28167.125,57.59889515654016,3.01278750418334,367,217,995.7313999871112,999.7313999871112,4.0,10.681697450675655,10.728413062280232,154.50968080927584,75000,2.496676952964044,20.486941733376725,0.8266994997667217,17.315324597813433,17.335048254635968,0,0,0,0,0,3,3,1,1
227,1977,2,13,6,28167.25,57.843790569574765,2.6301126633575898,366,218,998.0522799681677,1000.0522799681677,2.0,8.836124141506009,9.219192188398956,103.64824484140065,33750,2.320879981056496,18.99305995624405,-7.549042970462351,9.077042495990655,11.805962486976965,0,0,0,0,0,4,4,1,1
227,1977,2,13,9,28167.375,57.843790569574765,2.6301126633575898,366,218,,,,8.836124141506009,,0.0,0,0.0,,0.0,0.0,0.0,0,3,0,0,0,4,4,0,0
230,1977,2,10,3,28164.125,51.239975770420926,-104.15910771029307,195,401,1006.432591559926,1006.432591559926,0.0,8.989725893350549,3.228202558523044,14.104739588693906,625,,,,,,3,0,0,0,0,8,8,1,1
230,1977,2,10,6,28164.25,51.408764849259704,-103.17255342332689,195,398,1006.1015428884248,1006.1015428884248,0.0,9.313623053303022,3.488509473846352,14.104739588693906,625,-0.3310486715011939,-2.9343984311400066,22.80861815563242,6.256163079960223,23.651059990040665,0,0,0,0,0,9,9,1,1
230,1977,2,10,9,28164.375,51.52163417845609,-100.77634343480612,194,391,1006.6200789260598,1006.6200789260598,0.0,9.77165319631328,5.39454359471536,14.104739588693906,625,0.5185360376350582,4.589071295446333,55.26020919971333,4.183498926804023,55.41833978085822,0,0,0,0,0,12,12,1,1
230,1977,2,10,12,28164.5,50.38434378714331,-98.13010235415598,188,384,1005.0712784183531,1009.0712784183531,4.0,12.855291363919141,3.233663837827189,298.54106607209235,280000,-1.5488005077066191,-13.929457257636306,62.53771819386381,-42.15364054519533,75.41813845560404,0,0,0,0,0,11,11,1,1
230,1977,2,10,15,28164.625,50.242536419475385,-97.10457547231164,187,381,1005.5029262093185,1009.5029262093185,4.0,12.941890163806256,3.984837134005429,277.472888262447,241875,0.4316477909653622,3.8900948795093173,24.30941318679263,-5.256086615164181,24.871148264451232,0,0,0,0,0,9,9,1,1
230,1977,2,10,18,28164.75,50.13542537699484,-95.43253986737707,186,376,1005.2925292093564,1009.2925292093564,4.0,13.170548657009652,4.637341541904243,285.9472888723746,256875,-0.210396999962104,-1.8990959970449908,39.72293886451267,-3.9700681704823824,39.92083808378888,0,0,0,0,0,8,8,1,1
230,1977,2,10,21,28164.875,50.19719120706834,-94.44920845298981,186,373,1004.8439829131735,1008.8439829131735,4.0,11.860955248111777,5.244686008716599,317.9046851862261,317500,-0.4485462961829035,-4.045052041013355,23.331381013489178,2.2893489813881116,23.44343103633054,0,0,0,0,0,9,9,1,1
230,1977,2,11,0,28165.0,49.584388760347615,-91.78484332431898,183,365,1006.1412434418994,1010.1412434418994,4.0,11.65341653074183,2.5162160589352425,352.6184897173477,390625,1.297260528725892,11.804750267213455,64.02198437496828,-22.713507703572745,67.93171509323861,0,0,0,0,0,10,10,1,1
230,1977,2,11,3,28165.125,48.88539386573495,-89.84040214115332,180,359,1006.5863151581377,1010.5863151581377,4.0,11.556179018395312,4.750655108740538,364.54681109801606,417500,0.445071716238308,4.0928650757469205,47.39002354517313,-25.908228677125525,54.009727316459326,0,0,0,0,0,10,10,1,1
230,1977,2,11,6,28165.25,48.6412246473758,-89.20648038538762,179,357,1007.1558403226819,1011.1558403226819,4.0,10.621807562460667,3.625296873426996,382.9118584262031,460625,0.5695251645441749,5.256935835159704,15.525648459543818,-9.050126108101644,17.970824762983984,0,0,0,0,0,7,7,1,1
230,1977,2,11,9,28165.375,48.70382297697484,-84.74801633561884,180,343,1007.367642934316,1013.367642934316,6.0,12.313716194626721,1.4008149599281023,511.4791664450302,821875,0.21180261163404793,1.9531419964827064,109.04334515700222,2.32020555594615,109.06802683119817,0,0,0,0,0,9,9,1,1
230,1977,2,11,12,28165.5,49.02468296054075,-82.77568430595467,182,337,1007.4424849115073,1013.4424849115073,6.0,12.709102412628065,1.3835151144096745,526.0519530436449,869375,0.07484197719139046,0.686789174172028,47.93570494468942,11.892667445261708,49.38893952605086,0,0,0,0,0,9,9,1,1
230,1977,2,11,15,28165.625,47.70994834267458,-79.84801602923692,178,327,1008.2569810631577,1014.2569810631577,6.0,13.228976376911731,1.0015751657525833,528.6926033198698,878125,0.8144961516503827,7.628267095614729,73.01296417133167,-48.73060646356369,87.78134735461103,0,0,0,0,0,8,8,1,1
230,1977,2,11,18,28165.75,47.32955985201884,-77.42106476250694,178,319,1007.6947170651125,1015.6947170651125,8.0,13.049500728596731,2.4385667572760577,624.1247657459315,1223750,-0.5622639980452369,-5.298066110376071,60.96719881042624,-14.099090104966429,62.576222901178696,0,0,0,0,0,11,11,1,1
230,1977,2,11,21,28165.875,46.90933840433343,-74.07556852533259,179,308,1008.5419953345519,1014.5419953345519,6.0,12.11896330015035,4.629552151120006,561.5387172767499,990625,0.8472782694394119,8.038241824395817,84.70527443286679,-15.575497683283034,86.12537166729227,0,0,0,0,0,12,12,1,1
230,1977,2,12,0,28166.0,46.48467680379622,-70.41737605736321,181,296,1010.1747762211013,1016.1747762211013,6.0,10.501371395677914,4.362591746462349,605.5189511055405,1151875,1.6327808865494444,15.598993217498476,93.35251701189289,-15.74007184016552,94.67017637032966,0,0,0,1,0,10,10,1,2
230,1977,2,12,3,28166.125,46.23602511628338,-69.56717132060132,181,293,1009.8110321402451,1015.8110321402451,6.0,10.919848320571493,2.786702094752109,563.4839052433807,997500,-0.3637440808562678,-3.4894896194260445,21.796972214482366,-9.216268717678707,23.665324988163153,0,0,1,0,0,13,13,1,1
230,1977,2,12,6,28166.25,46.04677703415273,-65.10978681345122,186,279,1008.6957829920392,1014.6957829920392,6.0,10.426257924008016,3.5174316139095754,499.4750977741993,783750,-1.1152491482059121,-10.73288090086859,114.65443300570794,-7.014475536713354,114.86880287926536,0,0,0,0,0,11,11,1,1
230,1977,2,12,9,28166.375,45.95555739210497,-62.83326497230995,189,272,1007.5481798614184,1013.5481798614184,6.0,10.48306913022201,2.9106387681979684,456.8281067636358,655625,-1.147603130620846,-11.061240021236632,58.65980551945134,-3.381053802014711,58.757163889963,0,0,0,0,0,11,11,1,1
230,1977,2,12,12,28166.5,46.21312877395739,-60.27376360298965,194,265,1007.4370982506548,1013.4370982506548,6.0,9.844054942140072,3.858602474446816,411.7037944844188,532500,-0.1110816107635037,-1.0660422847881972,65.64360236414146,9.546876970272423,66.33419473564925,0,0,0,0,0,8,8,1,1
230,1977,2,12,15,28166.625,46.83983239347981,-58.04307670100942,200,260,1005.3716142631982,1013.3716142631982,8.0,10.524396645995653,7.9926674681859735,447.36712098460976,628750,-2.065483987456537,-19.617799191638166,56.554782623563504,23.228754333558275,61.13933648222986,0,0,0,0,0,9,9,1,1
230,1977,2,12,18,28166.75,46.79354434219128,-56.26771009440225,203,255,1003.4832633183618,1011.4832633183618,8.0,11.102281873976981,7.976840329068145,412.66910365125227,535000,-1.8883509448365658,-17.949007826920393,45.05032983327567,-1.7156654891823844,45.08298710331536,0,0,0,0,0,6,6,1,1
230,1977,2,12,21,28166.875,46.954436168226735,-53.894000815085974,208,249,1003.8008411288735,1009.8008411288735,6.0,10.397322088408878,9.292453138406053,289.0611442640554,262500,0.3175778105117206,3.0106871064675578,60.05207979939643,5.963451597907054,60.34745266532513,0,0,0,0,0,4,4,1,1
230,1977,2,13,0,28167.0,47.22581584190445,-51.31618848819682,214,243,1003.3139265309417,1009.3139265309417,6.0,9.169383429382174,10.09982724941532,307.4056724603709,296875,-0.48691459793175457,-4.595746838559362,64.88373010240686,10.05868096913937,65.65878079008858,0,0,0,0,0,4,4,1,1
230,1977,2,13,3,28167.125,47.53895752366928,-49.3819178431662,219,239,1002.6099716711385,1006.6099716711385,4.0,9.024195780150023,9.522759599436759,194.4204181260938,118750,-0.7039548598031979,-6.610954137815636,48.39835536995072,11.606588777731362,49.77061086194741,0,0,0,0,0,4,4,1,1
230,1977,2,13,6,28167.25,47.97733377344169,-47.21109397717108,225,235,1001.2757166087748,1003.2757166087748,2.0,9.064945422908743,9.191461426127571,115.45226928885475,41875,-1.3342550623636635,-12.443449141131705,53.86114719529197,16.248404978720135,56.25863348451867,0,0,0,0,0,5,5,1,1
230,1977,2,13,9,28167.375,48.520241274545455,-44.77618949963146,232,231,1000.6914087620861,1002.6914087620861,2.0,9.06775940482578,11.015695707893974,109.25484305920791,37500,-0.5843078466887528,-5.4034421105347406,59.77483619639985,20.122853253337546,63.07107312676543,0,0,0,0,0,5,5,1,1
230,1977,2,13,12,28167.5,49.335453876870034,-42.71850623087453,239,229,999.773478457199,999.773478457199,0.0,10.225178220536705,8.353843935333208,14.104739588693906,625,-0.9179303048871225,-8.38403641028678,49.6969026214831,30.215835171733957,58.16166112908544,0,0,0,0,0,5,5,1,1
230,1977,2,13,15,28167.625,50.091550944060955,-40.583484331772375,246,227,997.5656059100587,997.5656059100587,0.0,11.895085292245245,6.217245896471067,14.104739588693906,625,-2.207872547140287,-19.941568160048035,50.768041457952904,28.024719307486755,57.98947254234898,0,0,0,0,0,4,4,1,1
230,1977,2,13,18,28167.75,51.26806466122595,-38.052828231040294,255,226,993.8917617362941,995.8917617362941,2.0,14.308286642605845,7.63196515836913,124.56968712917198,48750,-3.673844173764519,-32.628808140840114,58.68484203960111,43.60745215882618,73.11306701949555,0,0,0,0,0,4,4,1,1
230,1977,2,13,21,28167.875,52.27221551973793,-36.142041236371654,262,226,991.0904474359501,995.0904474359501,4.0,16.721078004215855,8.177694524554463,176.73188049071527,98125,-2.801314300344093,-24.53839284951749,43.33625926912215,37.21882701743671,57.125059754843605,0,0,0,0,0,4,4,1,1
230,1977,2,14,0,28168.0,53.4909508952034,-33.5412476541228,271,226,988.6416700055835,994.6416700055835,6.0,17.942082505831124,8.64908259930722,225.23462902169737,159375,-2.4487774303666083,-21.10775151622337,57.34899221434931,45.172396891337264,73.00309821445933,0,0,0,0,0,3,3,1,1
230,1977,2,14,3,28168.125,54.27488769453017,-33.031524348416184,274,228,985.4234640135878,993.4234640135878,8.0,21.500393249274445,14.25345608336189,237.27844638474429,176875,-3.2182059919956374,-27.464430568960633,11.03147467724564,29.05659829837049,31.080208143247344,0,0,0,0,0,3,3,1,1
230,1977,2,14,6,28168.25,54.7286796729237,-32.613013237628905,276,229,980.7951349222033,992.7951349222033,12.0,26.083660009328163,23.046392916477416,278.54628835670917,243750,-4.628329091384512,-39.27603433495995,8.95743619313635,16.819788583118758,19.056257532236522,0,0,0,0,0,4,4,1,1
230,1977,2,14,9,28168.375,54.70283055953441,-31.280654735978374,279,227,979.0395948869592,993.0395948869592,14.0,27.825256376302754,11.475124758632738,327.76452917762373,337500,-1.7555400352440484,-14.902282262752212,28.534406307693896,-0.9580967557160963,28.550486733607098,0,0,0,0,0,2,2,1,1
230,1977,2,14,12,28168.5,55.004917849531466,-28.982215281607562,285,225,977.0738210005422,995.0738210005422,18.0,29.754123225882,15.542150883713477,460.29883553088166,665625,-1.9657738864170096,-16.62507303267616,48.855706997966955,11.196858017158716,50.12234766775803,0,0,0,0,0,2,2,1,1
230,1977,2,14,15,28168.625,55.65953225523443,-27.8380811971347,289,226,975.2898431667586,995.2898431667586,20.0,30.507721950571778,13.776132656950649,523.2078956954491,860000,-1.783977833783574,-14.968826333518233,23.922085678876684,24.263266940870885,34.073043683702146,0,0,0,0,0,2,2,1,1
230,1977,2,14,18,28168.75,56.19240256586544,-26.995838394086615,292,227,973.2759147979641,995.2759147979641,22.0,32.22868284177467,11.70871562201006,560.297354311765,986250,-2.0139283687945864,-16.79230401051141,17.36960630011801,19.75082503389299,26.302059093168985,0,0,0,0,0,2,2,1,1
230,1977,2,14,21,28168.875,56.29827582660876,-26.651470085169525,293,227,973.0160127968758,1007.0160127968758,34.0,32.8790297158409,8.887635867573554,1145.2666391526832,4120625,-0.2599020010883396,-2.1644102418959674,7.082348081355646,3.924189820657457,8.096846305447178,0,0,0,0,0,2,2,1,1
230,1977,2,15,0,28169.0,56.716714404424884,-27.002415044598717,293,229,976.2851807822108,1008.2851807822108,32.0,29.36919245314699,5.412633170099362,1226.8691349494452,4728750,3.2691679853350797,27.093709426441173,-7.1383808385836955,15.509415655172809,17.073325831881093,0,0,0,0,0,2,2,1,1
230,1977,2,15,3,28169.125,56.61287052779382,-26.47784305642732,294,228,977.0663870157649,1007.0663870157649,30.0,27.950525306261444,4.618398983322622,1183.4540545406394,4400000,0.7812062335541122,6.482084192427697,10.699460899778618,-3.848970748159246,11.370709712505944,0,0,0,0,0,2,2,1,1
230,1977,2,15,6,28169.25,55.97210430473147,-25.109417870039586,296,224,977.7215834127741,1005.7215834127741,28.0,26.375516914266523,3.9922210256790276,1159.1659100634931,4221250,0.655196397009131,5.477225261944602,28.382631251669267,-23.74998438990964,37.008587047997175,0,0,0,0,0,3,3,1,2
230,1977,2,15,9,28169.375,56.545921805265976,-22.994146137752164,302,224,977.4261800420222,1003.4261800420222,26.0,25.82041931410909,6.873157308405134,1063.0146264057032,3550000,-0.2954033707518829,-2.453009815180635,43.219114017007605,21.268531626432853,48.16889301156586,0,0,0,0,0,4,4,1,1
230,1977,2,15,12,28169.5,56.636809330288195,-22.63487563135251,303,224,977.2148481432581,1003.2148481432581,26.0,25.882280824804965,7.137095829603786,1061.7974515543035,3541875,-0.21133189876403777,-1.753050751393697,7.323243584804296,3.368743892583654,8.060913844980416,0,0,0,0,0,4,4,1,1
230,1977,2,15,15,28169.625,56.942959604727776,-22.422973009968512,304,225,977.1877637386345,1001.1877637386345,24.0,24.641514897216304,7.220777020026144,997.0564493988046,3123125,-0.027084404623601586,-0.2238873690057047,4.284238968856269,11.34745243617352,12.129277815825926,0,0,0,0,0,3,3,1,1
230,1977,2,15,18,28169.75,57.03158112022153,-22.058010750027723,305,225,977.0646738583024,999.0646738583024,22.0,23.829587022155966,7.042867003418578,903.8045947101358,2566250,-0.1230898803321179,-1.0164738350108795,7.361241848399788,3.2847543048192636,8.060861764951747,0,0,0,1,0,4,4,1,2
230,1977,2,15,21,28169.875,57.204593901259834,-21.322420559307236,307,225,977.2183296000046,999.2183296000046,22.0,23.650496702452244,5.552988761286688,904.7945836094161,2571875,0.15365574170224136,1.2664114900258574,14.767566010330151,6.412714498708358,16.099810965082874,0,0,0,0,0,2,2,1,2
230,1977,2,16,0,28170.0,56.986438560604064,-21.17905169479271,307,224,975.9246519423181,999.9246519423181,24.0,24.51198952461704,4.224063401504827,971.7950625371246,2966875,-1.2936776576866396,-10.688630564664345,2.895246173321389,-8.085922367112392,8.588631493497704,0,0,0,0,0,2,2,1,2
230,1977,2,16,3,28170.125,57.3133396456817,-19.69399403009728,311,224,975.9617987858702,997.9617987858702,22.0,23.549918211700845,5.28735715703624,895.4010418943138,2518750,0.037146843552181966,0.3057862506974063,29.725411733770247,12.116580725078267,32.10002540823767,0,0,0,0,0,1,1,1,2
230,1977,2,16,6,28170.25,58.13022197317495,-19.338185831044612,313,227,975.445386396999,995.445386396999,20.0,23.357377848177716,5.695284189885715,808.7810680942587,2055000,-0.5164123888712493,-4.212903962033009,6.963141726794064,30.27772349428247,31.068084632040726,0,0,0,0,0,1,1,1,2
230,1977,2,16,9,28170.375,59.00871541949551,-19.89355395413416,313,231,975.490651453491,1001.490651453491,26.0,23.56268661646627,7.659439709708531,1232.3700923238973,4771250,0.045265056492062285,0.365829230188498,-10.599192726366566,32.56133810711355,34.24300842181403,0,0,0,0,0,3,3,1,2
230,1977,2,16,12,28170.5,58.487731248658804,-25.36579778347859,300,234,974.2612059931389,998.2612059931389,24.0,24.306625076952884,6.453620887630604,1019.0613345989618,3262500,-1.2294454603521445,-9.99127933721984,-105.98538234259973,-19.310265553054542,107.73016117149615,0,0,1,0,0,3,3,1,1
230,1977,2,16,15,28170.625,58.87604204344288,-23.856503561772673,304,234,973.3774939535615,999.3774939535615,26.0,25.097081813873135,4.7473773269414234,1089.631073100221,3730000,-0.8837120395773672,-7.152069721288408,28.915297899533588,14.392730113768497,32.29930545300549,0,0,0,0,0,2,2,1,1
230,1977,2,16,18,28170.75,60.22124981818614,-23.54201764662456,307,239,972.5217780233972,1000.5217780233972,28.0,25.761667854763022,4.005473257687627,1197.906822608629,4508125,-0.8557159301642969,-6.830549968724399,5.789176289377557,49.86009327808891,50.19505417677342,0,0,0,0,0,0,0,1,1
230,1977,2,16,21,28170.875,60.2442209738505,-24.51616114359317,305,240,972.2340301754839,1002.2340301754839,30.0,26.115822056019155,4.745751311395652,1258.9615917558458,4979375,-0.2877478479132696,-2.296352492659143,-17.919692302540426,0.8514253230132538,17.939907951224132,0,0,0,0,0,0,0,1,1
230,1977,2,17,0,28171.0,60.45524439208586,-24.69843943725655,305,241,973.7203718036784,987.7203718036784,14.0,23.946513510875548,4.14177250715431,573.6312795189028,1033750,1.4863416281944957,11.836807717377521,-3.331473929669027,7.82157783698819,8.501517417739567,0,0,0,0,0,2,2,1,1
230,1977,2,17,3,28171.125,60.76268404532864,-24.480682839176286,306,242,973.1780716798042,987.1780716798042,14.0,24.100811495446134,3.1020845530832593,564.1895835477562,1000000,-0.5423001238741563,-4.305692844551481,3.942171046372245,11.39524322998667,12.057872151810727,0,0,0,0,0,2,2,1,1
230,1977,2,17,6,28171.25,61.503962557825126,-25.64921086212877,305,246,972.9921163648795,986.9921163648795,14.0,24.37050505496052,4.680605043016985,571.0242461222821,1024375,-0.18595531492479495,-1.465933949204698,-20.66353472640646,27.475469940078092,34.378526958227,0,0,0,0,0,4,4,1,1
230,1977,2,17,9,28171.375,61.503962557825126,-25.64921086212877,305,246,973.1274072909442,985.1274072909442,12.0,24.166408840388375,3.518163587442541,499.674210836832,784375,0.13529092606477205,1.0665334390571244,0.0,0.0,0.0,0,0,0,0,0,5,5,1,1
230,1977,2,17,12,28171.5,61.403017560293506,-26.058022116163215,304,246,976.0237788011212,988.0237788011212,12.0,21.97728133112472,3.2086826014825056,571.1984185363134,1025000,2.896371510176978,22.85474189402721,-7.2527037305795,-3.7415238652214056,8.160925942415059,0,0,0,0,0,2,2,1,1
230,1977,2,17,15,28171.625,61.81248475370169,-25.433683746395523,306,247,976.354079659495,988.354079659495,12.0,21.86755008090843,2.816082557102709,576.7441643068972,1045000,0.33030085837381196,2.5962955045451044,10.930851885807765,15.17689151145886,18.703517286865036,0,0,0,0,0,4,4,1,1
230,1977,2,17,18,28171.75,62.537686101276265,-25.615484320642164,307,250,976.5419642889248,988.5419642889248,12.0,21.710145464864347,3.413032285434092,585.8138322384505,1078125,0.18788462942975456,1.4670143556618986,-3.107529388335154,26.879570215363405,27.058603693871902,0,0,0,0,0,5,5,1,1
230,1977,2,17,21,28171.875,62.85116655117894,-26.458355249175725,306,252,977.8184272111824,987.8184272111824,10.0,20.931179672767602,3.334896820678332,493.6658856042868,765625,1.2764629222576331,9.938586024977768,-14.255270653883738,11.619145210477214,18.390684512481705,0,0,0,0,0,3,3,1,1
230,1977,2,18,0,28172.0,63.26334516868888,-26.889976500099465,306,254,979.1999441500335,989.1999441500335,10.0,20.32039470256643,3.9645202163439537,527.9394795709843,875625,1.3815169388511277,10.717281628630422,-7.197347661704749,15.277390379490832,16.887879386435877,0,0,0,0,0,5,5,1,1
230,1977,2,18,3,28172.125,63.3629065983131,-27.54344186633312,305,255,980.0472435463773,990.0472435463773,10.0,20.138703875070554,4.529876247696447,507.57468822825047,809375,0.847299396343733,6.567286860838666,-10.859000108737055,3.6902419545643896,11.468904439604447,0,0,0,0,0,5,5,1,1
230,1977,2,18,6,28172.25,63.56700479535821,-27.769947286060248,305,256,980.9033989421093,988.9033989421093,8.0,19.838427861379362,5.366067248908076,389.0965684970319,475625,0.8561553957320576,6.624135088424963,-3.73722605410724,7.564894682905656,8.43768274723293,0,0,0,0,0,5,5,1,1
230,1977,2,18,9,28172.375,63.97363726956881,-28.2333886253713,305,258,982.1782827803912,990.1782827803912,8.0,19.199704736458145,5.5655351685321515,367.53606346758164,424375,1.2748838382818213,9.829435244505325,-7.53718125038595,15.071822713714532,16.851378018275263,0,0,0,0,0,4,4,1,1
230,1977,2,18,12,28172.5,64.06569115679406,-28.90918365114783,304,259,982.9304568179863,992.9304568179863,10.0,19.228871386617495,6.527675595062974,423.14218766081717,562500,0.7521740375951049,5.794770854669424,-10.954592784308312,3.411975079119479,11.473651424483494,0,0,0,0,0,4,4,1,1
230,1977,2,18,15,28172.625,64.26685996475366,-29.152295018073136,304,260,983.9036660747057,993.9036660747057,10.0,18.26361048763469,6.074236290716799,430.3679414445194,581875,0.9732092567194195,7.4848985366524206,-3.912359284226645,7.456316948080393,8.420404835820266,0,0,0,0,0,5,5,1,1
230,1977,2,18,18,28172.75,64.66749259099403,-29.64986350757558,304,262,984.7599121036999,994.7599121036999,10.0,17.208843638964524,5.710168364430938,492.253390904939,761250,0.8562460289942101,6.5633816958299045,-7.890927558607661,14.849438495404506,16.815842570742483,0,0,0,0,0,5,5,1,1
230,1977,2,18,21,28172.875,64.75161486240074,-30.348641428177825,303,263,986.1806722269371,994.1806722269371,8.0,15.96321988009295,4.5637622057790574,376.88962138737196,446250,1.4207601232371234,10.882998549612344,-11.047493678931351,3.1179899327477476,11.479066939727481,0,0,0,0,0,5,5,1,1
230,1977,2,19,0,28173.0,65.77585532809397,-30.50613224172385,305,267,986.5633558889954,992.5633558889954,6.0,15.58066381748937,7.1946329362878165,276.3953195770684,240000,0.3826836620584072,2.907306383799731,-2.395124796594487,37.96344781638232,38.03892733632805,0,0,0,0,0,5,5,1,1
230,1977,2,19,3,28173.125,66.05070553805464,-31.519110185067213,304,269,988.1567291946548,994.1567291946548,6.0,13.314917839975928,7.777595349084004,310.9447345242019,303750,1.5933733056593338,12.079169544071803,-15.240808584884988,10.18731631160643,18.332039165183627,0,0,0,0,0,4,4,1,1
230,1977,2,19,6,28173.25,66.31763290008443,-32.554896803268115,303,271,989.8730923830949,993.8730923830949,4.0,10.655935738093627,10.305638230266995,274.589974853026,236875,1.7163631884401547,12.98481275835449,-15.420344730216136,9.893656146775902,18.32133902173477,0,0,0,0,0,3,3,1,1
230,1977,2,19,9,28173.375,66.5103505503596,-32.85090839255865,303,272,992.6544389121975,994.6544389121975,2.0,8.522016392827407,9.803688614471248,228.30515513802078,163750,2.7813465291025934,21.01085997901859,-4.373118318806464,7.143074995153232,8.375421435167548,0,0,0,0,0,3,3,1,1
230,1977,2,19,12,28173.5,66.5103505503596,-32.85090839255865,303,272,,,,8.522016392827407,,0.0,0,0.0,,0.0,0.0,0.0,0,3,0,0,0,3,3,0,0
243,1977,2,10,18,28164.75,55.22604128502035,-9.98626040160485,333,209,977.8468522212324,977.8468522212324,0.0,14.661472012220102,6.797046148913141,14.104739588693906,625,,,,,,3,0,0,0,0,1,1,1,1
243,1977,2,10,21,28164.875,55.22604128502035,-9.98626040160485,333,209,978.7370297586838,978.7370297586838,0.0,14.147888714355064,6.10939253267672,14.104739588693906,625,0.8901775374513818,7.508238302575213,0.0,0.0,0.0,0,0,0,0,0,1,1,1,1
243,1977,2,11,0,28165.0,55.37259054899959,-10.793103120223122,331,210,978.7548799674015,978.7548799674015,0.0,14.171171685817205,6.666037999576802,14.104739588693906,625,0.017850208717718488,0.1502918824575536,-16.993390201712682,5.431844885995503,17.840410572999154,0,0,0,0,0,2,2,1,1
243,1977,2,11,3,28165.125,55.32779750967852,-11.162453315780672,330,210,979.3171439213164,979.3171439213164,0.0,13.313029800869465,5.824882706875069,14.104739588693906,625,0.5622639539149532,4.736604536867742,-7.787941060771058,-1.6602529071643901,7.962943280081282,0,0,0,0,0,1,1,1,1
243,1977,2,11,6,28165.25,55.511924768620204,-11.606415103357117,329,211,979.949111210423,979.949111210423,0.0,12.515373744347329,7.014674198885841,14.104739588693906,625,0.631967289106542,5.312016250233748,-9.31762125497017,6.82467235042801,11.5496414897506,0,0,0,0,0,1,1,1,1
243,1977,2,11,9,28165.375,55.46387677465935,-11.976132444203355,328,211,981.1369937857623,981.1369937857623,0.0,11.902084099812319,5.675105310993676,14.104739588693906,625,1.1878825753393176,9.990534559277483,-7.768893723157933,-1.7808977212986485,7.970401895478637,0,0,0,0,0,3,3,1,1
243,1977,2,11,12,28165.5,55.82801187649894,-14.452428251092979,322,214,982.0210002017094,984.0210002017094,2.0,12.63801528624775,3.9168801999079004,361.25759969217836,410000,0.8840064159470785,7.402595078231647,-51.55030632915095,13.496658645920983,53.287839862709895,0,0,2,0,0,3,3,1,2
243,1977,2,11,15,28165.625,55.00798072600356,-19.967186605801448,307,215,982.4544445644461,984.4544445644461,2.0,15.733768307431385,0.7220427914265747,362.6317301749511,413125,0.4334443627367727,3.6656171774096147,-117.18784016887676,-30.394434541862385,121.06531928907536,0,0,1,0,0,3,3,1,1
243,1977,2,11,18,28165.75,55.75148264463373,-19.999360643311626,308,218,983.760851679279,985.760851679279,2.0,15.406479015178357,1.277514928935998,351.20518347003207,387500,1.3064071148328367,10.949681553065307,-0.671136197705785,27.557880434056752,27.56605154558119,0,0,0,0,0,5,5,1,2
243,1977,2,11,21,28165.875,55.75148264463373,-19.999360643311626,308,218,984.3619142678457,986.3619142678457,2.0,15.946626884390684,1.3334130551372072,339.97981913709083,363125,0.6010625885667105,5.037820035991407,0.0,0.0,0.0,0,0,0,0,0,5,5,1,2
243,1977,2,12,0,28166.0,55.76864970788748,-22.048829574925655,303,220,987.5743188284418,988.307722026647,0.7334031982050511,13.587678519325664,1.8890512979317282,316.9646002738459,315625,3.2124045605961875,26.91935320623648,-42.73064320753076,0.636296779734209,42.73538045368492,0,0,0,0,0,4,1,2,0
243,1977,2,12,3,28166.125,56.02234826289067,-23.047547508059587,301,222,987.7793884886066,989.0042002791619,1.2248117905552498,13.065917517583241,3.132005388201142,367.2653186327036,423750,0.205069660164736,1.71330075117418,-20.687746678225306,9.403330737803524,22.724557016297208,0,0,0,0,0,5,1,2,0
243,1977,2,12,6,28166.25,55.74056204885668,-24.097665824070667,298,222,988.3684981590677,989.1119892720468,0.7434911129790999,11.805547674208885,3.130748058919562,314.44396702089864,310625,0.589109670461039,4.938277295255597,-21.910926398658912,-10.44439913298567,24.27291018597811,0,0,0,0,0,6,3,2,0
243,1977,2,12,9,28166.375,55.525885079652255,-23.943294409295223,298,221,989.4123904301956,989.4123904301956,0.0,10.850558224149859,3.0455939227182536,14.104739588693906,625,1.0438922711279883,8.77299339973701,3.2387164039329965,-7.956996614320797,8.59087184547746,0,0,0,2,0,6,6,1,1
243,1977,2,12,12,28166.5,55.54605864852767,-24.788351493087795,296,222,,,,10.18384959331763,,0.0,0,0.5341805538063636,,-17.72012196086807,0.7477328370867945,17.735890919367336,0,2,2,0,0,5,2,0,0
249,1977,2,11,0,28165.0,52.2779604771744,-115.24724807562804,210,430,998.9690158205731,1002.9690158205731,4.0,13.497726780607806,11.27834977964936,264.25221149797227,219375,,,,,,3,0,0,0,0,14,14,1,1
249,1977,2,11,3,28165.125,51.731175913752345,-111.89663784106932,204,422,1000.2991781614178,1002.2991781614178,2.0,13.183643000020615,6.704772760596316,177.8539989415875,99375,1.3301623408446903,11.737965459095483,76.9107364672222,-20.26655647336434,79.5361219523467,0,0,0,3,0,15,15,1,1
249,1977,2,11,6,28165.25,51.8036057996077,-108.65156699503301,201,413,1002.649637537805,1008.649637537805,6.0,11.288217731149402,4.216280586371286,660.3669768180365,1370000,2.3504593763871524,20.720889509411123,74.36912756113233,2.6846119481866637,74.4175669819722,0,0,2,0,0,11,11,1,3
249,1977,2,11,9,28165.375,51.684370672663846,-105.73431948552673,198,405,1003.8624687813037,1009.8624687813037,6.0,11.123532778198596,4.789620134020806,595.9148150313025,1115625,1.2128312434988038,10.709486893433388,67.03397261550141,-4.419447064658777,67.17949833820668,0,0,0,0,0,12,12,1,3
249,1977,2,11,12,28165.5,51.52869769989953,-103.91249467652003,196,400,1004.8369771293436,1012.8369771293436,8.0,11.237774624281577,6.553397149072988,712.8128476822482,1596250,0.9745083480398171,8.623605370263917,42.00829694679796,-5.770014929022891,42.40271317559175,0,0,0,0,0,12,12,1,2
249,1977,2,11,15,28165.625,51.28211547859504,-102.4371345401583,194,396,1005.8118552742343,1013.8118552742343,8.0,11.705532133452968,5.426105180803861,657.0447345019714,1356250,0.9748781448906811,8.656561355365039,34.203631054054384,-9.139564003268347,35.403672231164265,0,0,0,0,0,10,10,1,1
249,1977,2,11,18,28165.75,50.90422131299916,-99.93036958204321,191,389,1006.5292388663397,1014.5292388663397,8.0,11.830037726696268,6.081946362541057,640.4856484101422,1288750,0.7173835921054706,6.404103824450077,58.58996851330526,-14.006638007613764,60.240935572635586,0,0,0,0,0,14,14,1,1
249,1977,2,11,21,28165.875,50.74835371239394,-99.21547738983382,190,387,1005.6707224073142,1013.6707224073142,8.0,12.84883889497903,9.19475730809667,572.9372305296926,1031250,-0.8585164590255591,-7.6810080652349555,16.765609528405943,-5.777228805186608,17.733077440942225,0,0,0,0,0,16,16,1,1
249,1977,2,12,0,28166.0,50.18071259747119,-97.75775484533084,187,383,1006.53531770253,1012.53531770253,6.0,13.66198157194503,7.115021457702315,362.6317301749511,413125,0.8645952952158404,7.798908314203086,34.59883662937043,-21.039604044757052,40.49375796917375,0,0,0,0,0,17,17,1,1
249,1977,2,12,3,28166.125,50.08743975289676,-96.08635134558284,186,378,1006.4402261729992,1014.4402261729992,8.0,14.894752751907316,5.058956126539633,509.1400726331846,814375,-0.0950915295307641,-0.8589209706782599,39.74773299580329,-3.4571557034608733,39.89779698007951,0,0,0,0,0,19,19,1,1
249,1977,2,12,6,28166.25,49.68078131605837,-95.04721499861142,184,375,1005.871046689806,1015.871046689806,10.0,14.761682000711021,4.913518686550305,678.3485307822539,1445625,-0.569179483193293,-5.171990598490989,24.921125830875827,-15.072785017878743,29.124755121263014,0,0,0,0,0,16,16,1,1
249,1977,2,12,9,28166.375,49.515265091789374,-93.72788342956204,183,371,1005.4618627666922,1013.4618627666922,8.0,14.914974904553159,4.3553904625718864,520.1570947860099,850000,-0.4091839231137419,-3.727304455153626,31.748340198819985,-6.134854805358698,32.33563898955519,0,0,0,0,0,17,17,1,1
249,1977,2,12,12,28166.5,49.344901416287335,-91.77479431816155,182,365,1004.810470286333,1014.810470286333,10.0,14.464964220300356,2.903717191421238,808.0427922050296,2051250,-0.651392480359209,-5.948735791249769,47.161847318472134,-6.31452546678186,47.58269721612588,0,0,0,0,0,15,15,1,1
249,1977,2,12,15,28166.625,48.8813816048873,-90.79793976669838,180,362,1003.8754958331614,1015.8754958331614,12.0,15.08184813464962,3.4085724491150904,914.4180019384161,2626875,-0.9349744531715988,-8.59852032754131,23.810345911448497,-17.180350475642065,29.361488635434117,0,0,0,0,0,14,14,1,1
249,1977,2,12,18,28166.75,48.16426511247518,-90.15697434563782,177,360,1002.2783225194081,1014.2783225194081,12.0,14.967490121437786,3.992169892577658,889.6055049989573,2486250,-1.597173313753301,-14.85187658876539,15.846053919560507,-26.57990525645665,30.944931544015912,0,0,0,0,0,12,12,1,1
249,1977,2,12,21,28166.875,45.95429149666103,-87.757186216984,168,352,999.2488542553526,1013.2488542553526,14.0,15.263201790158424,4.8670827589474355,973.5336081061797,2977500,-3.0294682640554673,-29.200331374899015,61.83722292408471,-81.91261803228812,102.6329339533197,0,0,0,0,0,10,10,1,1
249,1977,2,13,0,28167.0,45.8569030586648,-85.66993971541054,168,345,997.9706697387275,1013.9706697387275,16.0,16.44733786398752,2.6009391025597868,1070.660299824074,3601250,-1.2781845166251877,-12.340425741085648,53.87865650727013,-3.6097000730065467,53.999440382706425,0,0,0,0,0,11,11,1,1
249,1977,2,13,3,28167.125,45.531806862201414,-84.51051116568703,167,341,994.9548734921244,1014.9548734921244,20.0,18.5166087790638,2.724711787423148,1216.9374451754231,4652500,-3.015796246602986,-29.278159503737335,30.103726632128954,-12.049682572723572,32.42574913930822,0,0,0,0,0,13,13,1,1
249,1977,2,13,6,28167.25,45.74959144137153,-84.18574441252063,168,340,991.5207764380651,1013.5207764380651,22.0,20.796453316200218,3.857310871134905,1183.2859383306088,4398750,-3.4340970540593845,-33.21544467817959,8.39968867266615,8.07218010171219,11.649672158142229,0,0,0,0,0,15,15,1,1
249,1977,2,13,9,28167.375,45.96568558340752,-83.85794848847655,169,339,989.1286978282201,1011.1286978282201,22.0,22.330238940048098,4.622012897234672,1070.0097531645786,3596875,-2.392078609845048,-23.052248962109058,8.445150878153417,8.009524090670459,11.639289046750486,0,0,0,0,0,12,12,1,1
249,1977,2,13,12,28167.5,45.82026792297319,-82.37580749554817,169,334,988.2397594103468,1012.2397594103468,24.0,22.585436208270195,4.582286293564757,1166.7782970523149,4276875,-0.8889384178732871,-8.587721346830568,38.28464406787569,-5.389902028272841,38.662191030492686,0,0,0,0,0,10,10,1,1
249,1977,2,13,15,28167.625,46.26784124620024,-81.99759976613659,171,333,987.3062041791319,1011.3062041791319,24.0,23.65160313371551,5.40204489605072,1108.007871034817,3856875,-0.9335552312148502,-8.951073965497793,9.69064711235638,16.58929428143107,19.212322249331095,0,0,0,0,0,11,11,1,1
249,1977,2,13,18,28167.75,46.50768578407601,-81.95547753666442,172,333,987.0847866942277,1009.0847866942277,22.0,22.935293306814025,5.7296091345905005,1082.57896349086,3681875,-0.22141748490423196,-2.114535829303463,1.0745481174053577,8.889831931731173,8.954538817328707,0,0,0,0,0,11,11,1,1
249,1977,2,13,21,28167.875,46.473175916043765,-81.65610841596691,172,332,987.8618090228313,1009.8618090228313,22.0,21.501557706292406,4.546719188002316,1262.2756925603603,5005625,0.7770223286036344,7.424803210498303,7.641820301783306,-1.2791074147861536,7.748130955482646,0,0,0,0,0,11,11,1,1
249,1977,2,14,0,28168.0,46.9969913170557,-80.00973688924728,175,327,989.6389120213422,995.6389120213422,6.0,21.28592010798622,3.020024128851728,344.91784523447285,373750,1.7771029985109634,16.83553887908789,41.61897289413514,19.415205030270837,45.924819990177525,0,0,0,0,0,11,11,1,1
249,1977,2,14,3,28168.125,47.2348854311163,-79.95639957553638,176,327,990.7939485959301,994.7939485959301,4.0,21.24242266593729,4.528637354302118,279.9710868514077,246250,1.1550365745878661,10.900224591755945,1.3423354622115007,8.817539520713483,8.91912931246401,0,0,0,0,0,12,12,1,1
249,1977,2,14,6,28168.25,47.62242600047084,-79.23746277685754,178,325,992.4791075774936,996.4791075774936,4.0,19.978825248943682,4.553632003435923,295.86351363515985,275000,1.685158981563436,15.80454890602636,17.960620740422446,14.364181727056266,22.998121968308414,0,0,0,0,0,13,13,1,1
249,1977,2,14,9,28168.375,47.29322658835315,-78.69006752597979,177,323,,,,18.316499820523795,,0.0,0,1.7108176622909377,,13.76104584598099,-12.201768160619618,18.39156135353117,0,2,2,0,0,8,5,0,0
250,1977,2,14,0,28168.0,41.63257743200309,-66.19037352342477,168,275,994.6065896465585,994.6065896465585,0.0,16.16721813210678,4.9996088393341775,14.104739588693906,625,,,,,,3,0,0,0,0,7,7,1,1
250,1977,2,14,3,28168.125,42.77414636787144,-65.00001790851428,174,273,992.6303572825562,994.6303572825562,2.0,18.69753716269742,7.891939867434558,188.70855443464026,111875,-1.9762323640023534,-20.16129397966579,32.38578454172467,42.31222469452923,53.2838005305866,0,0,2,0,0,6,6,1,2
250,1977,2,14,6,28168.25,43.77565894550204,-64.13753743409993,179,272,991.5420530954517,995.5420530954517,4.0,19.361546951017132,10.705217574829076,254.66770370415514,203750,-1.0883041871045134,-10.89851829023848,23.08239294950231,37.12103920107914,43.71233711028602,0,0,0,0,0,7,7,1,2
250,1977,2,14,9,28168.375,44.24576666590309,-66.72567155358114,177,281,990.63491811635,1008.63491811635,18.0,17.78708384402536,12.32371186975157,1063.0146264057032,3550000,-0.9071349791016837,-9.007420685477976,-68.71632172583173,17.424531161678658,70.89109364181319,0,0,2,0,0,5,5,1,2
250,1977,2,14,12,28168.5,48.087831793568064,-77.5221822917862,181,320,996.1127298669738,998.1127298669738,2.0,17.544415011992253,3.261691839652412,207.77578856468483,135625,1.9228046271893253,17.901268029560185,28.915458418809912,29.4520225017523,41.2737854456512,0,0,0,0,2,10,10,1,1
250,1977,2,14,15,28168.625,48.26987544381691,-77.146912223268,182,319,997.3619198988547,1001.3619198988547,4.0,17.313611716121084,3.380578831633102,311.90296402073676,305625,1.249190031880862,11.596915283330464,9.258388867979903,6.747443445176293,11.456254076991602,0,0,0,0,0,9,9,1,1
250,1977,2,14,18,28168.75,48.33731471699617,-76.15486916391036,183,316,997.4661974077104,1001.4661974077104,4.0,16.55800214772579,4.703978363594143,276.7549753174722,240625,0.10427750885573914,0.9670506785671882,24.442499195995715,2.4996350113765926,24.569980507447514,0,0,0,0,0,9,9,1,1
250,1977,2,14,21,28168.875,48.21968369531443,-75.5444336297562,183,314,998.8451341537627,1002.8451341537627,4.0,15.72063331128402,6.7553639524577,234.32553289538015,172500,1.3789367460523498,12.811439898975589,15.07498069260681,-4.3599909423419065,15.692818864046432,0,0,0,0,0,8,8,1,1
250,1977,2,15,0,28169.0,48.2659111670477,-74.55168816755317,184,311,1000.9087298307221,1002.9087298307221,2.0,14.186420431598565,10.693812766275586,118.84864828598478,44375,2.063595676959376,19.158671307509945,24.494044184426272,1.7134201094483266,24.553900076771683,0,0,0,0,0,8,8,1,1
250,1977,2,15,3,28169.125,48.068082820179015,-73.64581651399993,184,308,1002.2002071312447,1004.2002071312447,2.0,13.347556455791526,10.16241193201393,127.72384924875728,51250,1.2914773005225288,12.027346728184293,22.437008518711572,-7.332502839425923,23.60476539088929,0,0,0,0,0,8,8,1,1
250,1977,2,15,6,28169.25,48.0207157997087,-71.36713908161772,186,301,1003.5910964289812,1005.5910964289812,2.0,11.441217924754456,8.396451007215292,172.1702882348331,93125,1.3908892977365759,12.962787247032843,56.48942978885101,-1.7556574555227082,56.51670559198104,0,0,0,0,0,7,7,1,1
250,1977,2,15,9,28169.375,47.94317934395713,-71.07113427845924,186,300,1004.0164082832308,1004.0164082832308,0.0,11.181167089486742,8.769266058738067,14.104739588693906,625,0.42531185424959406,3.9686503028554267,7.34938437405413,-2.873886836525181,7.891303835662629,0,0,0,0,0,7,7,1,1
250,1977,2,15,12,28169.5,47.70341181452808,-70.18943062941025,186,297,1005.6548900014631,1005.6548900014631,0.0,9.836174830944117,7.447989296612068,14.104739588693906,625,1.638481718232215,15.347001203130425,21.99270901782376,-8.886977615536525,23.720405162680375,0,0,0,0,0,8,8,1,1
250,1977,2,15,15,28169.625,47.55720502726944,-70.5857315227385,185,298,1007.1803585027359,1007.1803585027359,0.0,9.62462021488524,8.935683226703112,14.104739588693906,625,1.5254685012728442,14.321748720258164,-9.912837130054568,-5.419150994720507,11.297412866252554,0,0,0,0,0,8,8,1,1
250,1977,2,15,18,28169.75,47.55720502726944,-70.5857315227385,185,298,1007.3261464759734,1007.3261464759734,0.0,9.266802792093007,10.265960051660295,14.104739588693906,625,0.14578797323745676,1.3687196539295374,0.0,0.0,0.0,0,0,0,0,0,11,11,1,1
250,1977,2,15,21,28169.875,47.55720502726944,-70.5857315227385,185,298,,,,9.266802792093007,,0.0,0,0.0,,0.0,0.0,0.0,0,3,0,0,0,11,11,0,0
253,1977,2,11,0,28165.0,36.97347643108041,160.92934046005482,434,575,984.0270930091214,1000.0270930091214,16.0,22.441133045384092,17.19595767888866,530.3832217509572,883750,,,,,,3,0,0,0,0,21,21,1,1
253,1977,2,11,3,28165.125,37.737852767013045,165.1916229609576,417,577,977.7468548993133,995.7468548993133,18.0,25.331790217994982,28.343613433211793,517.0882945826411,840000,-6.2802381098079785,-71.09025743534367,124.92395067342854,28.331590200955677,128.0963405221714,0,0,0,0,0,20,20,1,1
253,1977,2,11,6,28165.25,38.23567866641059,168.48850009188854,404,578,973.4035665879222,993.4035665879222,20.0,27.860277438928733,34.03469549183734,500.6685883593409,787500,-4.343288311391079,-48.62061564440909,95.97851833422537,18.451904788423647,97.73611805240827,0,0,0,0,0,20,20,1,1
253,1977,2,11,9,28165.375,38.756094553902685,171.53977196769392,392,578,969.4622426353166,989.4622426353166,20.0,30.33800084525826,26.130535720745613,437.24692724951115,600625,-3.941323952605744,-43.619829206806465,88.18966808626043,19.28920214478228,90.27453060828981,0,0,0,0,0,23,23,1,1
253,1977,2,11,12,28165.5,39.26205276211454,173.57308413336773,384,577,962.5923275789601,986.5923275789601,24.0,35.66501688347465,28.533380112944506,457.04579946446574,656250,-6.869915056356404,-75.20707546165872,58.3505842208664,18.7533286157765,61.2901135019974,0,0,0,0,0,23,23,1,1
253,1977,2,11,15,28165.625,39.449003984248236,175.6617332085718,376,577,955.3924696410461,983.3924696410461,28.0,41.25353988338031,39.05489908048061,449.14239431273614,633750,-7.199857937914057,-78.50609228449326,59.77834610402787,6.929342477088809,60.17862120469138,0,0,0,0,0,20,20,1,1
253,1977,2,11,18,28165.75,39.58039285189181,178.28822182094743,366,577,951.4025992479978,981.4025992479978,30.0,44.259786691018114,32.922763356501385,502.65144201363216,793750,-3.9898703930481862,-43.384112290665854,75.02859501777415,4.869925166512848,75.18647645333967,0,0,0,0,0,22,22,1,1
253,1977,2,11,21,28165.875,40.833567094158084,-178.78685893013312,355,572,950.7326499811871,980.7326499811871,30.0,44.80601364587127,15.87971779423795,514.5814187950639,831875,-0.6699492668107269,-7.0986394740639085,-82.02206984598214,46.44887264721639,94.2609023509562,0,0,0,0,0,25,25,1,1
253,1977,2,12,0,28166.0,41.9373889001437,-175.72800828916445,344,567,949.5780358113864,983.5780358113864,34.0,44.65897225180423,12.081202866101158,662.322287030292,1378125,-1.1546141698007704,-11.969451931037122,84.33333123141577,40.91312824841192,93.73363761029809,0,0,0,0,0,24,24,1,1
253,1977,2,12,3,28166.125,42.54060799719591,-173.99828636517364,338,564,947.6073135341741,983.6073135341741,36.0,45.460670414241,6.832598384398153,698.7186758162321,1533750,-1.970722277212335,-20.194217481793686,47.23686886968741,22.35830108243888,52.26103144700678,0,0,0,0,0,26,26,1,1
253,1977,2,12,6,28166.25,43.026623903857434,-171.6709547664834,330,561,946.4127041572518,984.4127041572518,38.0,46.9926991181042,8.626605448032569,735.3427222422987,1698750,-1.1946093769221624,-12.129611704171614,63.059027838583084,18.01416769643904,65.58163790073121,0,0,0,0,0,24,24,1,1
253,1977,2,12,9,28166.375,43.67939637522496,-170.98291210625274,328,558,946.9655802101156,986.9655802101156,40.0,45.52838765793068,10.05193067882632,826.6628919340855,2146875,0.5528760528637213,5.5463560543350425,18.443595541327213,24.19499568976627,30.423083882471108,0,0,0,0,0,23,23,1,1
253,1977,2,12,12,28166.5,43.66843941862862,-169.24903300681197,322,557,946.5186729057094,986.5186729057094,40.0,45.672739819386045,8.856095413189687,823.7699245590777,2131875,-0.4469073044061952,-4.484194154435848,46.48594591754692,-0.4061193283257466,46.487719892009515,0,0,0,0,0,22,22,1,1
253,1977,2,12,15,28166.625,44.432875959818865,-167.89513249790966,318,553,946.8387098005176,986.8387098005176,40.0,44.029418616597816,9.369212372332258,869.9320401054109,2377500,0.320036894808145,3.1672126501665088,35.833313862017505,28.333821707356527,45.681854547272096,0,0,0,0,0,21,21,1,1
253,1977,2,12,18,28166.75,45.223549291541,-166.78476135079075,315,549,947.9153836707088,985.9153836707088,38.0,42.7226171814708,12.527948635935243,838.1349116173678,2206875,1.0766738701912981,10.508286614358106,28.987606737818002,29.306287706883975,41.220624007225446,0,0,0,0,0,17,17,1,1
253,1977,2,12,21,28166.875,45.696641993788106,-166.64882131085034,315,547,949.5852666712501,985.5852666712501,36.0,41.20608508525906,13.753249382371651,805.7004555888424,2039375,1.6698830005413037,16.166086364259513,3.5192561325060407,17.535169440814354,17.884835225526988,0,0,0,0,0,17,17,1,1
253,1977,2,13,0,28167.0,46.16863505769762,-166.5101078629818,315,545,949.8789437038968,985.8789437038968,36.0,39.962272050004856,14.758399469526996,839.2023731982869,2212500,0.2936770326466649,2.8204978077671687,3.560622640504802,17.4944113727194,17.853079926612363,0,0,0,0,0,19,19,1,1
253,1977,2,13,3,28167.125,46.16863505769762,-166.5101078629818,315,545,949.7628632634459,983.7628632634459,34.0,39.398070037690125,14.208891375731401,803.2274587928196,2026875,-0.11608044045089627,-1.1148458729161654,0.0,0.0,0.0,0,0,0,0,0,22,22,1,1
253,1977,2,13,6,28167.25,46.228391954673576,-165.56258321877763,312,544,952.1174355243447,994.1174355243447,42.0,37.637138575837085,12.872277389253941,1287.323131519185,5206250,2.354572260898858,22.590894163916772,24.29534465951112,2.214887925249388,24.396096012392047,0,0,0,0,0,22,22,1,1
253,1977,2,13,9,28167.375,46.80639818869169,-164.74488129694222,310,541,953.1171164937484,995.1171164937484,42.0,36.3570216611996,13.155976826736296,1326.8204905996995,5530625,0.9996809694037074,9.500088877356832,20.744762441187532,21.4237869305806,29.82153274377796,0,0,0,0,0,20,20,1,1
253,1977,2,13,12,28167.5,47.505085933183395,-164.50072462349917,310,538,952.7206765628864,994.7206765628864,42.0,36.27544606625232,15.359205456295458,1307.3351311458325,5369375,-0.3964399308621068,-3.725047405634281,6.11326764522878,25.89684416540234,26.608618510349878,0,0,0,0,0,19,19,1,2
253,1977,2,13,15,28167.625,47.7374106099448,-164.417636233689,310,537,953.1879591878708,995.1879591878708,42.0,35.60044389175345,14.486710795713515,1320.055939412186,5474375,0.4672826249843638,4.374488035498259,2.071168049981367,8.611108463401957,8.856688210597483,0,0,0,0,0,19,19,1,2
253,1977,2,13,18,28167.75,47.605460821242964,-163.82039746053533,308,537,954.5230822964223,994.5230822964223,40.0,34.64672854009177,12.883263017327845,1272.322567167399,5085625,1.3351231085516337,12.525062538997581,14.925194622329093,-4.890715691822029,15.706066805302832,0,0,0,0,0,19,19,1,2
253,1977,2,13,21,28167.875,47.85920170663993,-162.7482725403253,305,535,956.7739763012345,1012.7739763012345,56.0,33.090676291837106,12.228210529914868,2313.564280468409,16815625,2.250894004812144,21.031271187873248,26.66237783507746,9.404899712813757,28.27250484885473,0,0,0,0,0,16,16,1,2
253,1977,2,14,0,28168.0,50.74835371239396,-161.14299045398087,304,522,960.3267657849445,1010.3267657849445,50.0,29.23178862583286,8.253281554381246,2045.9166657801209,13150000,3.5527894837100757,31.78623355623587,37.646388852945336,107.08634844826629,113.51095373421313,0,0,0,0,0,15,15,1,1
253,1977,2,14,3,28168.125,51.050817497862184,-161.35245185775037,305,521,959.805648649542,1009.805648649542,50.0,29.479340406362535,7.809570447215737,2033.5297659206199,12991250,-0.521117135402601,-4.642391262062937,-4.880488386667764,11.21081281259188,12.227080224296119,0,0,0,0,0,16,16,1,1
253,1977,2,14,6,28168.25,51.27649464139791,-161.24436919257727,305,520,960.4904868542917,1008.4904868542917,48.0,29.264268521581524,6.944111922110678,1936.3090073351734,11778750,0.6848382047496853,6.0815910872841155,2.5060551232283417,8.364717806935998,8.732056817859764,0,0,0,0,0,17,17,1,1
253,1977,2,14,9,28168.375,51.79365762777739,-160.26555881794286,303,517,960.8085677335196,1010.8085677335196,50.0,29.08493794395076,4.328860281371017,2079.6241571119026,13586875,0.31808087922792766,2.8044813095800745,22.43858582574468,19.168633444582674,29.511466279940812,0,0,0,0,0,14,14,1,1
253,1977,2,14,12,28168.5,52.017305997375054,-160.14928400387478,303,516,959.6598248044995,1009.6598248044995,50.0,30.52233773509622,5.9532575734025155,1999.4929783493642,12560000,-1.1487429290200817,-10.097383955770862,2.6523043199859115,8.289521350528878,8.703498286705756,0,0,0,0,0,17,17,1,1
253,1977,2,14,15,28168.625,52.908656771800814,-159.67074509459812,303,512,959.8485680211415,1009.8485680211415,50.0,30.144199227476673,4.174706797432882,2030.200763156777,12948750,0.18874321664203308,1.6393283834756083,10.696962637900112,33.03789465894752,34.72646675336183,0,0,0,0,0,14,14,1,1
253,1977,2,14,18,28168.75,53.6566602447126,-159.63318785955533,304,509,961.0265262734991,1009.0265262734991,48.0,29.741501206249072,3.639018695727573,1979.9959938623897,12316250,1.177958252357639,10.132010397117739,0.824965063719099,27.72473043343398,27.737001369343034,0,0,0,0,0,13,13,1,1
253,1977,2,14,21,28168.875,54.62386380070975,-159.46553511066276,305,505,963.125952398119,1009.125952398119,46.0,29.086954083833664,4.704888031518131,1929.361338692306,11694375,2.099426124619786,17.83885690617037,3.5975684469411373,35.84937615315301,36.02943615019089,0,0,0,0,0,15,15,1,1
253,1977,2,15,0,28169.0,55.08769707588501,-160.38386226375135,308,504,964.5401223157102,994.5401223157102,30.0,28.1720906997957,5.414241715507814,1172.0520903790589,4315625,1.4141699175912072,11.947939117416535,-19.48042530533628,17.191969002805994,25.98173913097867,0,0,0,0,0,15,15,1,1
253,1977,2,15,3,28169.125,56.13563494699738,-161.80834389534283,313,501,966.225928642782,1006.225928642782,40.0,27.425976165772553,2.896555537656459,1754.5525032768285,9671250,1.685806327071914,14.065733814743789,-29.420252520036605,38.84179156879844,48.726132933126365,0,0,0,0,0,15,15,1,1
253,1977,2,15,6,28169.25,56.573005936361504,-162.79702857971773,316,500,967.9362951953402,993.9362951953402,26.0,26.836035317837162,3.8663413730678444,1052.2929803822992,3478750,1.7103665525581164,14.198336322984,-20.186919478691937,16.211145026267385,25.890402490148077,0,0,0,0,0,15,15,1,1
253,1977,2,15,9,28169.375,56.708716324293476,-163.54424731541718,318,500,969.3336753676897,993.3336753676897,24.0,26.405754931510266,4.262119456472719,966.869353628514,2936875,1.3973801723495125,11.582054701245106,-15.20194365223881,5.030102210333275,16.01252694149938,0,0,0,0,0,14,14,1,1
253,1977,2,15,12,28169.5,57.06385913753276,-164.19031151823907,320,499,971.3250369359713,991.3250369359713,20.0,26.325276395317122,4.875222352267592,815.0294128004205,2086875,1.9913615682815726,16.438620870216024,-13.019678721800025,13.163359688828065,18.51448277204513,0,0,0,0,0,17,17,1,1
253,1977,2,15,15,28169.625,57.188390446778975,-164.9536081678015,322,499,972.7840097981499,990.7840097981499,18.0,25.294392235503505,5.15534417975985,754.1750313253953,1786875,1.4589728621786344,12.026864705215651,-15.330514864870088,4.615749932194905,16.010303977706357,0,0,0,0,0,19,19,1,1
253,1977,2,15,18,28169.75,57.306838410375676,-165.72241095228682,324,499,974.1378026460753,990.1378026460753,16.0,24.930996778403035,4.9391774903772605,684.9154654140623,1473750,1.3537928479253605,11.144994966171524,-15.391558652635936,4.390270874443954,16.00545394884266,0,0,0,0,0,21,21,1,1
253,1977,2,15,21,28169.875,57.363762953029465,-166.10880882854514,325,499,976.4526865793546,992.4526865793546,16.0,23.654911453581434,5.0267408908279325,711.2761596970353,1589375,2.314883933279343,19.044968187909014,-7.723801370951387,2.109906781554545,8.006798001995579,0,0,0,0,0,16,16,1,1
253,1977,2,16,0,28170.0,57.64643078391145,-166.40260923973355,326,498,979.9669482918031,991.9669482918031,12.0,20.27412733711063,4.135129101466592,637.8399668244829,1278125,3.514261712448497,28.82175477156392,-5.827538354585516,10.477076239899416,11.988716770815389,0,0,0,0,0,15,15,1,1
253,1977,2,16,3,28170.125,57.87348711016264,-166.30742889419773,326,497,980.8715204779292,990.8715204779292,10.0,19.12141596638196,4.0465558743976,564.5420919130127,1001250,0.9045721861260244,7.400210230635944,1.8760808405229112,8.415837180561594,8.622412352114695,0,0,0,0,0,15,15,1,1
253,1977,2,16,6,28170.25,58.38210983192845,-166.51226333876332,327,495,981.4550207749256,991.4550207749256,10.0,18.73452165271562,3.7210844978093514,564.8943803041859,1002500,0.583500296996499,4.747279183787679,-3.9802146173131114,18.85208874550163,19.267676519708914,0,0,0,0,0,17,17,1,1
253,1977,2,16,9,28170.375,58.88962629974235,-166.72360295768402,328,493,982.5491628838422,992.5491628838422,10.0,17.786948502008528,3.9021219372593627,587.0012366204636,1082500,1.094142108916567,8.853857839607143,-4.047372053285343,18.811085469824118,19.24157366461338,0,0,0,0,0,16,16,1,1
253,1977,2,16,12,28170.5,59.67465138045828,-167.26216929612593,330,490,985.6743482076719,993.6743482076719,8.0,15.224869811612638,2.332609826293992,609.6120012922773,1167500,3.1251853238296463,25.08412305978381,-10.078950722723874,29.09693542144869,30.79313070460767,0,0,0,0,0,16,16,1,1
253,1977,2,16,15,28170.625,60.45524439208586,-167.82854179141253,332,487,986.0533719646224,994.0533719646224,8.0,14.697371763813294,3.0669341673055897,634.8699814766996,1266250,0.379023756950628,3.018438861052705,-10.351479337166142,28.932660889061303,30.728683515393158,0,0,0,0,0,17,17,1,1
253,1977,2,16,18,28170.75,61.004245099587784,-168.5145832982414,334,485,986.0814803127911,994.0814803127911,8.0,14.462006866791596,3.205481608933842,671.7173986622078,1417500,0.028108348168607335,0.22264802634159483,-12.326089022635415,20.3486977994959,23.790795966699864,0,0,0,0,0,13,13,1,1
253,1977,2,16,21,28170.875,61.970705783298385,-171.412064403524,341,482,986.8865165195607,992.8865165195607,6.0,14.769534861929172,3.823599391982352,531.1328803890647,886250,0.8050362067695823,6.318576414878268,-50.463214524034065,35.82184161001662,61.88489602828626,0,0,0,0,0,10,10,1,1
253,1977,2,17,0,28171.0,62.265116149723184,-172.26640190097714,343,481,987.9931989701108,989.9931989701108,2.0,13.517862467315156,3.9820791628795997,172.1702882348331,93125,1.1066824505501427,8.662558378807065,-14.736647731758394,10.912313032667733,18.337048892689083,0,0,0,0,0,13,13,1,1
253,1977,2,17,3,28171.125,62.55290158720133,-173.13847796908763,345,480,988.1094060634476,990.1094060634476,2.0,12.755457179886802,4.968262182903127,147.93175681757992,68750,0.11620709333685227,0.9072267094103679,-14.898729201555662,10.666760203251664,18.323534185712127,0,0,0,0,0,13,13,1,1
253,1977,2,17,6,28171.25,62.8338772457949,-174.02843410220356,347,479,989.2105191934041,991.2105191934041,2.0,11.915824470351847,5.562397549376837,150.59740831300877,71250,1.1011131299565022,8.574633497430257,-15.060455284385311,10.414355915406318,18.310546756056414,0,0,0,0,0,18,18,1,1
253,1977,2,17,9,28171.375,62.87808115380062,-174.97853895779818,349,479,990.1327859922249,992.1327859922249,2.0,11.161583628443084,6.125244334111849,147.2578045343293,68125,0.9222667988206377,7.179073764048284,-16.054139278678765,1.638416769366199,16.137527613899124,0,0,0,0,0,19,19,1,1
253,1977,2,17,12,28171.5,63.357040552216354,-175.37762975831575,350,477,991.7721015664978,991.7721015664978,0.0,10.138198492499464,6.431455240591605,14.104739588693906,625,1.6393155742729142,12.706734609265707,-6.633287125787717,17.75261839085314,18.951410444196448,0,0,0,0,0,18,18,1,1
253,1977,2,17,15,28171.625,63.620230010720775,-176.31651361083954,352,476,992.6793556252039,992.6793556252039,0.0,9.151065196655221,6.194271970866393,14.104739588693906,625,0.9072540587061667,7.0162519641552095,-15.4620284735915,9.755110844006808,18.28213642047924,0,0,0,0,0,15,15,1,1
253,1977,2,17,18,28171.75,63.87591014125964,-177.27368900609375,354,475,993.5726103434522,993.5726103434522,0.0,8.213177918207133,6.348279950007927,14.104739588693906,625,0.893254718248354,6.892801411376513,-15.621269850552482,9.476777786579843,18.271108038649245,0,0,0,0,0,16,16,1,1
253,1977,2,17,21,28171.875,64.12388093145904,-178.24914581345718,356,474,994.5903622515775,994.5903622515775,0.0,7.77194713397616,7.283893111174256,14.104739588693906,625,1.0177519081252102,7.836923930150245,-15.778980573743262,9.191031275405448,18.260648505791035,0,0,0,0,0,15,15,1,1
253,1977,2,18,0,28172.0,64.12388093145904,-178.24914581345718,356,474,,,,7.77194713397616,,0.0,0,0.0,,0.0,0.0,0.0,0,3,0,0,0,15,15,0,0
256,1977,2,11,6,28165.25,45.50417139554748,-52.982051573811646,205,243,1007.5661281808186,1007.5661281808186,0.0,9.700540762692668,6.110525043335656,14.104739588693906,625,,,,,,3,0,0,0,0,3,3,1,1
256,1977,2,11,9,28165.375,46.01635398692819,-51.36356823564223,210,240,1005.6774385895769,1005.6774385895769,0.0,10.074202436478448,7.307758229510364,14.104739588693906,625,-1.8886895912417094,-18.18559194086555,41.658856605825186,18.984035225732736,45.780497235794265,0,0,0,0,0,5,5,1,1
256,1977,2,11,12,28165.5,46.401668661841256,-48.20351095319781,218,233,1001.4607483496216,1005.4607483496216,4.0,12.853516634976797,9.532511845497138,177.29382747475822,98750,-4.216690239955351,-40.34025389063092,80.76553579190748,14.281679004010266,82.01852307209315,0,0,0,0,0,5,5,1,1
256,1977,2,11,15,28165.625,47.32306995938004,-45.87135151767837,226,230,1000.0511151399161,1002.0511151399161,2.0,12.266895977703069,9.472953487472042,108.34056051649024,36875,-1.4096332097054982,-13.283990959541335,58.59332307814048,34.15171656334234,67.81974088392127,0,0,0,0,0,4,4,1,1
256,1977,2,11,18,28165.75,47.83167581893144,-43.898293884793624,232,227,997.548427227053,1001.548427227053,4.0,12.688843148510676,10.155839352828043,177.29382747475822,98750,-2.502687912863039,-23.3940847769723,49.0925308289888,18.851463747936293,52.587586640147045,0,0,0,0,0,6,6,1,1
256,1977,2,11,21,28165.875,48.46449903260077,-42.09294582168471,238,225,996.0436240499856,1000.0436240499856,4.0,13.394664910284405,10.884578694562224,189.234939151512,112500,-1.5048031770673698,-13.927796013823938,44.36935660102571,23.455576940978833,50.187686685313174,0,0,0,0,0,6,6,1,1
256,1977,2,12,0,28166.0,48.73981853797835,-40.72206244465289,242,223,997.691523990466,1001.691523990466,4.0,10.757506795581254,8.775932790109364,261.98391020896656,215625,1.6478999404802743,15.187763727848917,33.50885689304575,10.204710734758715,35.02826874766607,0,0,0,0,0,5,5,1,1
256,1977,2,12,3,28166.125,48.21176312749452,-36.5241785422863,251,213,996.0202783924817,1000.0202783924817,4.0,11.273982147587715,5.630255720297064,267.99005218518425,225625,-1.6712455979842344,-15.529144265099358,103.67205125240807,-19.572360877670608,105.50341947637382,0,0,0,0,0,3,3,1,1
256,1977,2,12,6,28166.25,48.522897178657345,-34.87532834460218,256,211,994.9279695168935,998.9279695168935,4.0,10.707646644961564,6.699922555880039,265.379091712523,221250,-1.0923088755882053,-10.10081576512373,40.47667480574253,11.532175998558344,42.087436208345565,0,0,0,0,0,5,5,1,1
256,1977,2,12,9,28166.375,47.46733153182529,-30.645744370271732,265,200,994.1385548520958,1000.1385548520958,6.0,11.975299273348368,8.00367784009417,354.02615395598616,393750,-0.7894146647976595,-7.4220172368532875,105.96470487441543,-39.12451488933584,112.95683398735919,0,0,0,0,0,2,2,1,1
256,1977,2,12,12,28166.5,47.668128541709955,-28.30075576600638,272,197,993.2112260210554,997.2112260210554,4.0,12.19201581253612,9.348569172731878,234.74965185398838,173125,-0.9273288310405041,-8.690788180201356,58.52971014122918,7.442536261523994,59.001002662839596,0,0,0,0,0,1,1,1,1
256,1977,2,12,15,28166.625,47.79368757206749,-25.93851234167558,279,194,992.2922026655366,996.2922026655366,4.0,12.507308551387492,8.218451323865956,224.7925586661551,158750,-0.9190233555187297,-8.595811616252302,58.818359975332996,4.653842390056092,59.00218402041858,0,0,0,0,0,2,2,1,1
256,1977,2,12,18,28166.75,47.74656787897754,-23.851970936778624,285,191,992.1882979893194,996.1882979893194,4.0,12.593507344309508,7.63925703455585,210.15588668414918,138750,-0.10390467621720745,-0.9725672191417236,52.00109402282542,-1.7464902722169693,52.03041425783268,0,0,0,0,0,1,1,1,1
256,1977,2,12,21,28166.875,47.55720502726944,-19.414268477261498,298,185,992.4860104839069,996.4860104839069,4.0,12.9451893037744,10.136604098222524,188.70855443464026,111875,0.2977124945874675,2.7950518380453366,110.98708317100018,-7.018729468295627,111.2087909931388,0,0,0,0,0,0,0,1,1
256,1977,2,13,0,28167.0,47.768813589938524,-16.565132121153685,307,183,991.3689524051562,995.3689524051562,4.0,14.003899688236745,17.186485016469234,136.75052399642826,58750,-1.117058078750706,-10.452186874547758,70.97438465694185,7.843266201116593,71.40644300154658,0,0,0,0,0,0,0,1,1
256,1977,2,13,3,28167.125,48.09705054556434,-15.062667192376907,312,183,989.908493113123,993.908493113123,4.0,15.533615119130225,16.639917533692714,129.27207364566027,52500,-1.4604592920331925,-13.594880021245661,37.192354241234504,12.16609473428198,39.13163777672739,0,0,0,0,0,0,0,1,1
256,1977,2,13,6,28167.25,48.44990987043816,-13.231472737066742,318,183,990.4397157089703,994.4397157089703,4.0,15.791659684988621,13.188052755125609,156.42912932180792,76875,0.5312225958473573,4.917872006123625,45.01747894749436,13.078722248397593,46.87884796407467,0,0,0,0,0,0,0,1,1
256,1977,2,13,9,28167.375,48.42472015887745,-11.92932217723833,322,182,992.4539293726452,994.4539293726452,2.0,15.1540843936658,8.401978844411206,134.55064019432646,56875,2.014213663674891,18.654152250074702,32.02789284280443,-0.9336560430636229,32.041498615965395,0,0,0,0,0,1,1,1,1
256,1977,2,13,12,28167.5,47.70994834267458,-10.15198397076308,327,178,992.1994833373068,996.1994833373068,4.0,17.152734007503174,5.204210521184504,217.13970592909533,148125,-0.25444603533847837,-2.3830466418401097,44.326610029274384,-26.492999890092097,51.64036599273662,0,0,0,0,0,1,1,1,1
256,1977,2,13,15,28167.625,47.80154495758852,-7.337436533269555,336,177,991.9250251395085,995.9250251395085,4.0,17.285165226944827,6.389589477936097,208.25398433773478,136250,-0.27445819779823066,-2.5667439054588335,70.06870131206381,3.3950262920818144,70.15090239678418,0,0,0,0,0,1,1,1,1
256,1977,2,13,18,28167.75,48.39291919776878,-6.165935046231527,340,179,991.9576518731387,997.9576518731387,6.0,17.944041941166045,9.968151456356718,239.3653682408596,180000,0.03262673363016802,0.30231348650234324,28.83251935739889,21.919271752108425,36.21834682364119,0,0,0,0,0,1,1,1,1
256,1977,2,13,21,28167.875,48.92018013228623,-5.599339336520571,342,181,992.4079775008008,998.4079775008008,6.0,17.821260619163667,11.686020057301358,243.89374731754785,186875,0.45032562766209594,4.138987346524932,13.79983626437113,19.54291364540314,23.924066432676884,0,0,0,0,0,1,1,1,1
256,1977,2,14,0,28168.0,48.2460943383997,-4.881184725190358,344,178,992.5012786564034,998.5012786564034,6.0,18.39202520285259,10.452979156090295,246.73217409298277,191250,0.09330115560267586,0.866486575125425,17.72598238216053,-24.984973467783647,30.63428390869482,0,0,0,0,0,1,1,1,1
256,1977,2,14,3,28168.125,47.83691773284804,-3.586053760741796,348,176,993.3744058950575,999.3744058950575,6.0,17.723341312749763,11.1736253348631,263.875515352797,218750,0.8731272386541241,8.160953735735255,32.22197628918518,-15.166120879662007,35.61273618408633,0,0,0,0,0,1,1,1,1
256,1977,2,14,6,28168.25,47.895925365353456,-2.028702556953294,353,176,994.6290299130752,1000.6290299130752,6.0,16.47337198667113,6.615193891677264,288.716818776427,261875,1.2546240180176391,11.715811084162974,38.70154918767661,2.187116455969607,38.76329949730963,0,0,0,0,0,1,1,1,1
256,1977,2,14,9,28168.375,47.91560934167377,-1.0927025356597608,356,176,996.8467824072328,1000.8467824072328,4.0,15.164378809542898,5.138340665360374,220.32307560268868,152500,2.217752494157612,20.703179721408745,23.25183253388354,0.7295861010033101,23.263276038910387,0,0,0,0,0,1,1,1,1
256,1977,2,14,12,28168.5,47.92348500377109,-0.156118903858293,359,176,997.8543370297488,1001.8543370297488,4.0,14.423522965119462,5.6314856540731855,224.3496172334865,158125,1.0075546225158905,9.40456414084382,23.26278862977967,0.29191122306299216,23.264620069882003,0,0,0,0,0,1,1,1,1
256,1977,2,14,15,28168.625,47.91954702466726,0.7805481602835221,362,176,998.1844533755155,1004.1844533755155,6.0,13.245863003099549,5.4628515646496085,337.92554160411566,358750,0.33011634576687354,3.0815133429511308,23.266631971366635,-0.1459610991927624,23.267089803701225,0,0,0,0,0,1,1,1,1
256,1977,2,14,18,28168.75,47.90379806849572,1.716798211289875,365,176,999.5107413365721,1005.5107413365721,6.0,12.50531267884385,6.24004371232033,344.91784523447285,373750,1.3262879610565141,12.383478955825826,23.2633523133277,-0.5837346754077989,23.270674829606527,0,0,0,0,0,1,1,1,1
256,1977,2,14,21,28168.875,48.11681051591188,2.666643450245151,368,177,1001.0651771597712,1007.0651771597712,6.0,11.620331486808634,6.462732429505704,367.2653186327036,423750,1.5544358231991646,14.46519737583546,23.503868151728593,7.895301154939268,24.794507424448405,0,0,0,0,0,1,1,1,1
256,1977,2,15,0,28169.0,48.091782487339394,3.2928394003648846,370,177,1001.9024871551848,1007.9024871551848,6.0,10.835973719166347,6.610466803291856,376.6256006044354,445625,0.837309995413525,7.7948548739681005,15.502786719747832,-0.9276632670583591,15.530516901089902,0,0,0,0,0,0,0,1,1
256,1977,2,15,3,28169.125,48.30160060548062,3.9397692129325845,372,178,1002.6630792494653,1008.6630792494653,6.0,9.573093322390516,7.42271141139674,413.63216004535656,537500,0.7605920942805824,7.057508678909058,15.950637220290043,7.776903418470972,17.74550800945207,0,0,0,0,0,0,0,1,1
256,1977,2,15,6,28169.25,48.50563626085728,4.592845330393966,374,179,1003.8379561241646,1007.8379561241646,4.0,7.696365609114051,6.079276469851902,316.6506184233564,315000,1.1748768746992573,10.867234490822387,16.03771455746585,7.5625765774939655,17.731352252922292,0,0,0,0,0,0,0,1,1
256,1977,2,15,9,28169.375,48.50563626085728,4.592845330393966,374,179,,,,7.696365609114051,,0.0,0,0.0,,0.0,0.0,0.0,0,3,0,0,0,0,0,0,0
258,1977,2,11,6,28165.25,40.07386573360755,-156.34779829783247,273,557,992.3450859419745,992.3450859419745,0.0,8.972943739699437,4.689894547016738,14.104739588693906,625,,,,,,3,0,0,0,0,19,19,1,1
258,1977,2,11,9,28165.375,41.345606831166926,-154.83509823585004,270,550,989.9257007709873,991.9257007709873,2.0,11.513527556635028,9.396898388116169,153.8645436249672,74375,-2.419385170987225,-25.37391149434336,42.09201826406378,47.1370526846619,63.19525090810915,0,0,0,0,0,21,21,1,1
258,1977,2,11,12,28165.5,42.57169660252199,-153.87136090168718,269,544,988.8666676609646,990.8666676609646,2.0,12.636175377896047,10.55879864126473,111.95289977703462,39375,-1.0590331100227195,-10.845622467279052,26.305849770312104,45.444987395156836,52.50947163592672,0,0,0,0,0,21,21,1,1
258,1977,2,11,15,28165.625,43.994340666417926,-152.72921343589658,268,537,986.0431253004684,990.0431253004684,4.0,14.877708072838313,11.87514890744933,376.3613946086751,445000,-2.8235423604962127,-28.163594238503187,30.45495346824408,52.73026744207538,60.89322864872339,0,0,0,0,0,17,17,1,1
258,1977,2,11,18,28165.75,45.67144535726073,-150.3104057037624,264,527,984.4367799017216,990.4367799017216,6.0,17.580741872329767,12.707691221683563,301.8546089098361,286250,-1.6063453987467802,-15.557659605553225,62.6446492055971,62.161844357836905,88.25217826241037,0,0,0,0,0,20,20,1,1
258,1977,2,11,21,28165.875,46.75371666567905,-150.2362527901693,266,523,980.0782182177106,990.0782182177106,10.0,22.331020275149594,17.725444049434156,293.5006183102318,270625,-4.358561684010929,-41.45574149510686,1.883079022275933,40.11435958302849,40.15853373021287,0,0,0,0,0,22,22,1,1
258,1977,2,12,0,28166.0,48.040446828819725,-150.00271602076862,268,518,971.3855621747832,991.3855621747832,20.0,29.73452682637426,31.10368290169361,493.6658856042868,765625,-8.69265604292741,-80.98858375669793,5.787473025001183,47.69262203392276,48.04249203034467,0,0,0,0,0,21,21,1,1
258,1977,2,12,3,28166.125,48.57737358244138,-149.9602888206992,269,516,969.8004720962689,991.8004720962689,22.0,31.45105001142135,30.262536573939798,521.8753647816745,855625,-1.5850900785143311,-14.645366832049788,1.040420393785385,19.901176994153925,19.92835468242288,0,0,0,0,0,23,23,1,1
258,1977,2,12,6,28166.25,49.23838298496028,-148.31870378230215,266,511,968.5599723285579,992.5599723285579,24.0,34.02330021726295,23.04845615087819,565.070442138071,1003125,-1.2404997677110077,-11.34679744307669,39.72593451140067,24.500297341484227,46.67348757726633,0,0,0,0,0,21,21,1,1
258,1977,2,12,9,28166.375,50.19307102741484,-146.7208114988095,264,505,969.3169362401958,991.3169362401958,22.0,33.9322369426015,22.820518545797384,500.07219912042757,785625,0.7569639116378676,6.826813491436993,37.915810932297646,35.38548894972373,51.86271827493003,0,0,0,0,0,21,21,1,1
258,1977,2,12,12,28166.5,51.51598414183002,-145.88552705465875,265,499,973.9717288335733,991.9717288335733,18.0,29.86815327226147,12.301078019997512,521.4940162727432,854375,4.654792593377497,41.198389348042134,19.266062381853935,49.03374223817355,52.68291029908212,0,0,0,0,0,19,19,1,1
258,1977,2,12,15,28166.625,52.55025627989287,-144.42174446727927,264,493,974.4073709124069,992.4073709124069,18.0,29.9225729817361,11.631165634800782,565.070442138071,1003125,0.43564207883362543,3.801821730490168,32.99005820235204,38.335271507470054,50.576051464561964,0,0,0,0,0,18,18,1,1
258,1977,2,12,18,28166.75,53.50719748674857,-143.38061322292768,264,488,976.8841401604769,992.8841401604769,16.0,28.94667448382608,9.197708921219965,574.4976616460837,1036875,2.47676924807005,21.34455371733684,22.949815342880814,35.46900243315794,42.24623246960244,0,0,0,0,0,14,14,1,1
258,1977,2,12,21,28166.875,55.25684922385135,-145.9456590383672,274,486,980.7422539698601,992.7422539698601,12.0,22.382724586473103,3.6591322421237424,520.3482938716019,850625,3.8581138093832124,32.52927629253048,-54.17911377643538,64.85079885355626,84.50445243621394,0,0,0,0,0,14,14,1,1
258,1977,2,13,0,28167.0,56.16873927843924,-146.7905009020314,278,484,986.8534703316681,992.2390706956759,5.385600364007842,15.240176928432525,3.7818316962068637,421.7293550432469,558750,6.111216361807892,50.96993627942067,-17.433950644164415,33.79918257593442,38.03061106351711,0,0,0,0,0,16,15,2,0
258,1977,2,13,3,28167.125,56.94456903942305,-147.34758813575834,281,482,988.7744603215478,990.7744603215478,2.0,13.18300166993609,5.559731005805661,159.57691216057307,80000,1.920989989879745,15.879157705745161,-11.262655268823462,28.756111120420147,30.883026575682443,0,0,0,2,0,19,19,1,1
258,1977,2,13,6,28167.25,56.94456903942305,-147.34758813575834,281,482,,,,13.18300166993609,,0.0,0,0.0,,0.0,0.0,0.0,0,3,0,0,0,19,19,0,0
260,1977,2,11,9,28165.375,51.569687532637175,19.619467208575497,416,201,991.4095403112922,991.4095403112922,0.0,9.404427325674769,3.6314159794025183,14.104739588693906,625,,,,,,3,0,0,0,0,1,1,1,1
260,1977,2,11,12,28165.5,51.23997577042092,22.710789935550952,425,203,991.8463352770767,991.8463352770767,0.0,9.867611253797664,3.7816633053708215,14.104739588693906,625,0.436794965784502,3.880868762885849,71.72852888166764,-12.22075840449507,72.76213844788556,0,0,0,0,0,1,1,1,1
260,1977,2,11,15,28165.625,51.21471027093366,25.28196102962032,432,206,991.3379631234317,993.3379631234317,2.0,11.195271311730934,4.368263439115908,218.96444142013897,150625,-0.5083721536450321,-4.518423284938581,59.693475601077644,-0.9364651207080569,59.700820733543985,0,0,0,0,0,2,2,1,1
260,1977,2,11,18,28165.75,51.540001590510045,27.4019817856334,437,210,991.5529093573679,993.5529093573679,2.0,11.991909456201858,5.4966372145591595,157.06373285785546,77500,0.21494623393620713,1.9018010377064396,48.871621632589694,12.056914806136076,50.33691086709068,0,0,0,0,0,4,4,1,1
260,1977,2,11,21,28165.875,52.041589075932094,28.954202719052383,440,214,991.893109059275,995.893109059275,4.0,12.899642317657763,6.286061890031341,258.1591222864905,209375,0.3401997019071132,2.9893467578174375,35.38728025852857,18.59132788244466,39.97370481364231,0,0,0,0,0,4,4,1,1
260,1977,2,12,0,28166.0,52.187562818518686,30.6671971746479,444,217,992.3744850143925,998.3744850143925,6.0,13.715529763476347,7.260408193485782,378.7326134115871,450625,0.4813759551174007,4.221490866809413,38.92473878673308,5.410513199649209,39.29896872309731,0,0,0,0,0,3,3,1,1
260,1977,2,12,3,28166.125,52.2406314179367,33.1617894749722,450,221,992.6416588328786,1000.6416588328786,8.0,14.675280927579239,6.367107087215336,495.07435033691536,770000,0.2671738184861897,2.3413346759272735,56.61599388264464,1.9669863398051317,56.650152679234985,0,0,0,0,0,4,4,1,1
260,1977,2,12,6,28166.25,52.49393166991233,35.09196289724159,454,225,992.9883947859971,1000.9883947859971,8.0,15.524083741125107,7.087195086880238,469.0753764850008,691250,0.3467359531184775,3.028224988501323,43.556621989051685,9.388567645826019,44.556980615133604,0,0,0,0,0,7,7,1,1
260,1977,2,12,9,28166.375,52.53147346363074,39.068473075080234,463,232,993.6328305540032,1003.6328305540032,10.0,17.238357480153994,4.210185337353614,549.7230650024941,949375,0.6444357680062239,5.625364238858311,89.64930870831644,1.3914856662080486,89.66010698319674,0,0,0,0,0,7,7,1,1
260,1977,2,12,12,28166.5,53.00346116760109,41.50155543497782,467,238,993.1383820028547,1005.1383820028547,12.0,18.108190480577072,4.704168278547149,598.7457802060022,1126250,-0.494448551148671,-4.289170817010372,54.266013529217645,17.494212706705394,57.01620561367342,0,0,0,0,0,6,6,1,1
260,1977,2,12,15,28166.625,53.742728029913096,44.490717595022474,471,246,993.6829579768842,1005.6829579768842,12.0,19.171274739908146,5.504846558884019,569.2795911244947,1018125,0.5445759740295761,4.678913071243446,65.51960873244175,27.40090817517917,71.01851094803986,0,0,0,0,0,7,7,1,1
260,1977,2,12,18,28166.75,54.226775634230066,46.80602529760124,474,252,994.326468381764,1004.326468381764,10.0,19.74291686601835,5.381357411137942,490.0255303449986,754375,0.6435104048797803,5.495090629535875,50.16442998608639,17.941212618166475,53.276234345524266,0,0,0,0,0,5,5,1,1
260,1977,2,12,21,28166.875,55.437552502520404,50.073704730062964,476,262,994.3125451973988,1004.3125451973988,10.0,20.367889810632242,5.8501247659147335,497.4795840111404,777500,-0.013923184365266935,-0.11713621258171714,68.70355111667062,44.87741501749087,82.06192975243202,0,0,0,0,0,6,6,1,1
260,1977,2,13,0,28167.0,55.995648096446004,51.78897457443879,477,267,994.5818389602704,1002.5818389602704,8.0,20.00643466420442,6.579870752967981,456.17440534586456,653750,0.26929376287167545,2.25058257326261,35.55458198045933,20.68579954240288,41.13429958700742,0,0,0,0,0,7,7,1,1
260,1977,2,13,3,28167.125,56.986438560604064,53.95813236286228,477,274,994.3162212222974,1000.3162212222974,6.0,19.686549830176027,7.994385052109718,373.1763325901154,437500,-0.2656177379730798,-2.19458831629893,43.802977908913704,36.723624327394596,57.1605235930217,0,0,0,0,0,7,7,1,1
260,1977,2,13,6,28167.25,56.87703199292023,55.056276316706445,479,276,994.7480896174151,1000.7480896174151,6.0,19.6127406731186,5.792327889724038,413.3916062826175,536875,0.4318683951177809,3.572624426632249,22.241240675925987,-4.055151756012222,22.60789779189462,0,0,0,0,0,9,9,1,1
260,1977,2,13,9,28167.375,57.66119578437942,57.035156773079464,479,282,994.2382315022519,1002.2382315022519,8.0,19.64659497826762,7.369410512569957,591.2224993736073,1098125,-0.5098581151632243,-4.18085183339511,39.23381240868704,29.06501175620785,48.82690799660107,0,0,0,0,0,9,9,1,1
260,1977,2,13,12,28167.5,58.72189201088815,59.2500326978036,478,289,993.5795092747686,1001.5795092747686,8.0,19.62571707645971,8.105437345635801,539.6791137872286,915000,-0.6587222274832311,-5.339873217742817,42.620825573088055,39.3146796995993,57.9842979815543,0,0,0,0,0,7,7,1,1
260,1977,2,13,15,28167.625,59.20868340141234,61.64209135567977,479,295,993.5535251492304,1001.5535251492304,8.0,20.13149180842875,7.445093950340888,538.941342951818,912500,-0.025984125538234367,-0.20956396520169665,45.384562554047456,18.042910986846813,48.83958594318265,0,0,0,0,0,8,8,1,1
260,1977,2,13,18,28167.75,60.15772065485021,64.11585132794106,478,302,993.3914247220955,1003.3914247220955,10.0,20.042762488861708,5.865047060299548,662.7726932618989,1380000,-0.16210042713486472,-1.2947505808380009,45.623502901660714,35.17604259299248,57.60953037060678,0,0,0,0,0,8,8,1,1
260,1977,2,13,21,28167.875,61.469053895645814,66.38363516476174,475,309,993.2717484469373,1003.2717484469373,10.0,20.01794268513627,5.070513643593149,638.4634664521666,1280625,-0.1196762751582719,-0.9437514219078225,40.14561674025571,48.60453450561303,63.04023570675182,0,0,0,0,0,9,9,1,1
260,1977,2,14,0,28168.0,62.556706667387715,67.97940344398434,472,314,992.5370753785268,1002.5370753785268,10.0,19.98195418183565,4.113684501828902,620.4482400680349,1209375,-0.7346730684104841,-5.7353817480988,27.25846508283638,40.31382338953046,48.664445696570546,0,0,0,0,0,10,10,1,1
260,1977,2,14,3,28168.125,63.537477937640254,69.24352058724527,469,318,991.8374109637501,1001.8374109637501,10.0,20.343359508957654,3.269821031299871,594.2432414299238,1109375,-0.6996644147766347,-5.414741164722723,20.87859056873078,36.352263150273615,41.92138571521026,0,0,0,0,0,11,11,1,1
260,1977,2,14,6,28168.25,63.99162408057655,70.46334506187162,468,321,991.1443143325753,1001.1443143325753,10.0,21.027770125414662,2.9948620388055134,578.1222885281107,1050000,-0.6930966311748489,-5.3430002041634586,19.825609311101513,16.832915683237328,26.00772644725817,0,0,0,0,0,12,12,1,1
260,1977,2,14,9,28168.375,63.995622713340175,72.03725844848341,469,324,990.7530624891955,1000.7530624891955,10.0,21.999450738284985,2.8231905577045837,560.8297034620743,988125,-0.3912518433798687,-3.0160116353581823,25.576640512405962,0.14820922560996957,25.57706992357416,0,0,0,0,0,9,9,1,1
260,1977,2,14,12,28168.5,64.7927448192328,72.53882334957554,466,326,990.6992902859936,1000.6992902859936,10.0,20.848785596081097,4.225867813302539,552.0703904584809,957500,-0.0537722032018064,-0.4117548803218966,7.9175552537303275,29.545311363828194,30.587793395101716,0,0,0,0,0,11,11,1,1
260,1977,2,14,15,28168.625,65.49543840569898,74.23580456870002,464,330,989.7760325492077,1003.7760325492077,14.0,21.347476387734662,3.7642943370744617,803.8464212479241,2030000,-0.9232577367858903,-7.0296940649039,26.08737805311073,26.045320600236515,36.863396735176586,0,0,0,0,0,10,10,1,1
260,1977,2,14,18,28168.75,66.1740549785111,76.02953810995912,462,334,989.6032836113241,1003.6032836113241,14.0,20.63888328660172,3.8903003065169464,808.4120144277268,2053125,-0.17274893788373447,-1.308340678796204,26.856209082952684,25.152906677875514,36.795715520331775,0,0,0,0,0,10,10,1,1
260,1977,2,14,21,28168.875,66.77778889047565,77.38067770656923,460,337,989.6695557444456,999.6695557444456,10.0,20.002344246504013,5.337761934631853,510.700658891139,819375,0.0662721331215289,0.49962516028375753,19.746049600677246,22.37738268457664,29.84382231960907,0,0,0,0,0,10,10,1,1
260,1977,2,15,0,28169.0,67.85931346045115,79.14750913974659,456,341,990.4910184640046,998.4910184640046,8.0,18.067022134385635,4.702900985272427,466.9499673796933,685000,0.8214627195590584,6.144336447723519,24.680252191580763,40.08668174090473,47.0750135553524,0,0,0,0,0,9,9,1,1
260,1977,2,15,3,28169.125,68.12582124611649,79.61597931237986,455,342,990.4929546517309,998.4929546517309,8.0,17.824104519272236,7.086698771559022,487.37947491113516,746250,0.0019361877262417692,0.0144550006352946,6.469221737297453,9.878104559087024,11.807954080473793,0,0,0,0,0,9,9,1,1
260,1977,2,15,6,28169.25,68.39068372287169,80.09581678702612,454,343,991.396153575064,995.396153575064,4.0,16.675806579636216,8.689997645902258,294.5156090686586,272500,0.9031989233331115,6.730594663083236,6.549827793769529,9.817121224563374,11.801530123920733,0,0,0,0,0,10,10,1,1
260,1977,2,15,9,28169.375,68.4287729008368,80.68522024571024,454,344,992.5015566086242,996.5015566086242,4.0,16.117993079863435,9.448098281973653,309.98354293693046,301875,1.1054030335602874,8.235243133738352,8.031899713759888,1.411774449927835,8.155030356127757,0,0,0,0,0,9,9,1,1
260,1977,2,15,12,28169.5,68.4645395524262,81.27661935831702,454,345,994.5798390797354,1009.6777516999176,15.097912620182179,14.564191155477365,10.212308358340742,1365.9768534179516,5861875,2.0782824711111605,15.479369415110934,8.046367872155074,1.325690066601495,8.154844577717913,0,0,2,0,0,10,11,2,0
260,1977,2,15,15,28169.625,68.49797269607609,81.86989764584403,454,346,995.7148017041912,1009.7127764960502,13.997974791859015,14.016663077441189,9.37267921092338,1355.7435779056916,5774375,1.1349626244558022,8.451432554968617,8.059998002988793,1.2391986518816904,8.154703005444695,0,0,0,0,0,10,12,2,0
260,1977,2,15,18,28169.75,68.30284546707733,82.5429448597647,455,347,997.4221351119857,997.4221351119857,0.0,12.822062096305412,8.478757171887773,14.104739588693906,625,1.7073334077945037,12.730711890249083,9.222682637495163,-7.2323859716239225,11.720293591651075,0,0,0,2,0,14,14,1,1
260,1977,2,15,21,28169.875,67.87791659226777,83.27311595099869,457,348,999.4927619571563,999.4927619571563,0.0,11.231129991462938,8.775727998257352,14.104739588693906,625,2.0706268451706276,15.485727834651598,10.191653104207798,-15.749978354535177,18.75984038217903,0,0,0,0,0,7,7,1,1
260,1977,2,16,0,28170.0,67.87791659226777,83.27311595099869,457,348,,,,11.231129991462938,,0.0,0,0.0,,0.0,0.0,0.0,0,3,0,0,0,7,7,0,0
262,1977,2,11,9,28165.375,36.3325470846073,154.15735974742788,460,567,999.4209505582327,1001.4209505582327,2.0,8.56917293195154,17.499280358938194,126.94265629824517,50625,,,,,,3,0,0,0,0,22,22,1,1
262,1977,2,11,12,28165.5,36.05601911192856,155.92450174492117,454,571,998.6510100159276,1000.6510100159276,2.0,10.51948794168948,26.245218366047414,56.418958354775626,10000,-0.7699405423051212,-9.063069000089449,52.9514707549279,-10.249502545726664,53.93431706756693,0,0,0,0,0,22,22,1,1
262,1977,2,11,15,28165.625,35.91430066712041,158.12986310217303,446,575,996.2057704111597,1000.2057704111597,4.0,11.71168259828838,25.485093253942615,97.72050238058398,30000,-2.4452396047678486,-28.88144022158292,66.2007806343564,-5.252790691541357,66.40884855685515,0,0,0,0,0,19,19,1,1
262,1977,2,11,18,28165.75,35.924103897371616,160.2382744131739,438,578,993.5462482211516,999.5462482211516,6.0,13.190531188391851,33.79460738868533,157.69578262626,78125,-2.659522190008138,-31.404975883720972,63.28279458759818,0.36335648955427535,63.28383773725047,0,0,0,0,0,23,23,1,1
262,1977,2,11,21,28165.875,35.7641334627677,162.88822385282717,428,582,994.8048265282927,998.8048265282927,4.0,11.942660241180153,29.246291967623687,97.72050238058398,30000,1.2585783071409968,14.91947751182696,79.69646437964428,-5.9293002470266405,79.91672563384526,0,0,0,0,0,26,26,1,1
262,1977,2,12,0,28166.0,35.41481983110632,165.28134295614146,419,586,996.0781755142478,998.0781755142478,2.0,10.343385122864525,26.775117109161293,67.64395474757512,14375,1.2733489859552356,15.223714415882583,72.28751236205757,-12.947301216177495,73.43784482320446,0,0,0,0,0,25,25,1,1
262,1977,2,12,3,28166.125,35.3174517802663,168.06731183877346,408,589,993.678530340228,997.678530340228,4.0,10.18849880178416,19.661450693887602,169.2568750643269,90000,-2.3996451740198244,-28.758089526932086,84.25493895743071,-3.6089444235597186,84.33219562286232,0,0,0,0,0,27,27,1,1
262,1977,2,12,6,28166.25,35.038965032326246,170.59763149821936,398,592,994.115691105123,998.115691105123,4.0,9.481744068171906,16.90980360589543,208.7310845835051,136875,0.437160764894943,5.275322275209032,76.78652897065494,-10.322104502892016,77.4772022773787,0,0,0,0,0,25,25,1,1
262,1977,2,12,9,28166.375,34.731339944510545,173.8200757508169,385,595,994.405907523076,996.405907523076,2.0,9.127656978425382,10.074721289009904,151.2564810824976,71875,0.29021641795305186,3.5291828820227678,98.15532719921602,-11.40211635789773,98.8153657839923,0,0,0,0,0,25,25,1,1
262,1977,2,12,12,28166.5,34.731339944510545,173.8200757508169,385,595,,,,9.127656978425382,,0.0,0,0.0,,0.0,0.0,0.0,0,3,0,0,0,25,25,0,0
268,1977,2,11,18,28165.75,79.92501904188202,25.709953780811265,379,319,1003.6310465074923,1007.6310465074923,4.0,8.252735243547383,8.73993299204747,425.2526356040208,568125,,,,,,3,0,0,0,0,12,12,1,1
268,1977,2,11,21,28165.875,77.48192490595716,22.65935204000586,381,308,1003.1605935928844,1005.1605935928844,2.0,9.124749639782424,3.3211062722206406,283.50175706934715,252500,-0.47045291460788574,-3.338763564016601,-24.504995648927114,-90.55322440997195,93.8103473119926,0,0,0,1,0,13,13,1,2
268,1977,2,12,0,28166.0,76.70245996852346,25.484126990417302,385,306,1001.9918787877027,1003.9918787877027,2.0,10.313520642752142,2.851886490485049,283.852408727268,253125,-1.168714805181662,-8.32016779598591,24.079572233413177,-28.890848846648787,37.60993148124668,0,0,0,2,0,11,11,1,1
268,1977,2,12,3,28166.125,75.78612772046523,28.790975072192023,390,304,1000.34895276207,1002.34895276207,2.0,11.124805652994977,2.7103926291754035,247.13500240053986,191875,-1.642926025632769,-11.741995694769338,30.091738393305874,-33.963832368292515,45.376807167016864,0,0,0,0,0,14,14,1,1
268,1977,2,12,6,28166.25,75.56330951132227,30.352624727637004,392,304,999.1032341472351,1001.1032341472351,2.0,12.202615033579495,4.110519459373536,220.774095676764,153125,-1.2457186148349138,-8.911999624462448,14.430273796775177,-8.258751473574742,16.626478212543066,0,0,0,0,0,13,13,1,1
268,1977,2,12,9,28166.375,75.44792605577237,31.115332314741835,393,304,997.8427692297815,999.8427692297815,2.0,12.93893876242518,4.978917734791467,218.96444142013897,150625,-1.2604649174535008,-9.022191919017171,7.1029999635764,-4.276684958622236,8.291118303212903,0,0,0,0,0,13,13,1,1
268,1977,2,12,12,28166.5,73.23613563166163,30.173520029644333,397,295,997.674363593766,1003.674363593766,6.0,13.599971514695024,5.129496998393661,534.4933328395707,897500,-0.16840563601552275,-1.218534232309671,-10.06841162358122,-81.97995798737705,82.59592256421604,0,0,2,0,0,12,12,1,2
268,1977,2,12,15,28166.625,72.61597591926096,30.709674918182284,399,293,996.7065860855271,1002.7065860855271,6.0,14.589575676855873,5.495748860662643,491.64679376643556,759375,-0.9677775082389417,-7.025875437958673,5.937400912842206,-22.986204576100945,23.740647219782854,0,0,0,0,0,12,12,1,1
268,1977,2,12,18,28166.75,71.9938329045004,31.20913310263902,401,291,997.0181173454343,1003.0181173454343,6.0,14.179652316504955,6.083258599043111,527.9394795709843,875625,0.3115312599072058,2.26950485447505,5.7225265314842755,-23.059715629575027,23.759162334148236,0,0,0,0,0,10,10,1,2
268,1977,2,12,21,28166.875,70.1165917616633,32.52092819807237,407,285,997.9269976293576,1003.9269976293576,6.0,13.764050457243814,8.029362403288106,589.8749819535121,1093125,0.908880283923354,6.696083239373812,16.53625716868469,-69.57989705730628,71.51789898797513,0,0,0,0,0,8,8,1,2
268,1977,2,13,0,28167.0,69.99336216392868,33.06439745673256,408,285,997.1511638571699,1003.1511638571699,6.0,14.036014254323533,8.759577548443412,579.1537296488467,1053750,-0.7758337721877615,-5.720339422804531,6.891712627000566,-4.5675020268464275,8.26787625079169,0,0,0,0,0,9,9,1,2
268,1977,2,13,3,28167.125,69.67832609687511,33.250016428223326,409,284,998.8550530059033,1000.8550530059033,2.0,11.721251063659023,9.443176619930819,157.69578262626,78125,1.7038891487334331,12.588423647364428,2.3893441427097843,-11.676804122137295,11.91875496597963,0,0,0,2,0,8,8,1,1
268,1977,2,13,6,28167.25,67.968819694187,34.58397169242929,415,279,1000.3954025869984,1000.3954025869984,0.0,10.622910060824767,6.600827130117032,14.104739588693906,625,1.5403495810950698,11.512499290881383,18.546265912884042,-63.36281301510305,66.02128484434635,0,0,0,0,0,10,10,1,1
268,1977,2,13,9,28167.375,67.968819694187,34.58397169242929,415,279,,,,10.622910060824767,,0.0,0,0.0,,0.0,0.0,0.0,0,3,0,0,0,10,10,0,0
271,1977,2,12,0,28166.0,82.87294114062269,45.0,382,337,1003.5601734691139,1003.5601734691139,0.0,8.871378565184832,3.872464621855033,14.104739588693906,625,-0.8578882578511547,-5.989905476905906,17.933616886115452,-5.277774086210416,18.69410372077355,2,0,0,2,0,13,13,1,1
271,1977,2,12,3,28166.125,83.0153336286293,48.9004937423819,383,339,1002.4573922432593,1002.4573922432593,0.0,9.37746569406023,4.090480102178772,14.104739588693906,625,-1.1027812258547056,-7.697417053414314,17.577111515691772,5.277774086210416,18.352377190438805,0,0,0,0,0,16,16,1,1
271,1977,2,12,6,28166.25,84.53117983348751,67.10944834375168,382,350,1002.3543678853572,1002.3543678853572,0.0,10.750264232826996,3.8938669204027976,14.104739588693906,625,-0.10302435790203163,-0.7170374937760076,64.05416184144605,56.184802517880485,85.20368350713126,0,0,0,0,0,14,14,1,1
271,1977,2,12,9,28166.375,84.40418935928017,70.11483488614456,383,351,1001.7353416279159,1001.7353416279159,0.0,11.435406431490511,4.393521713605369,14.104739588693906,625,-0.6190262574412918,-4.309275428870427,10.860866514746364,-4.706898821347274,11.836947155645293,0,0,0,0,0,15,15,1,1
271,1977,2,12,12,28166.5,83.43798968533946,64.74683660542613,386,347,1001.7133287969099,1001.7133287969099,0.0,11.244823251657188,4.785567229378066,14.104739588693906,625,-0.022012831005995395,-0.15351508167929537,-22.72917872895864,-35.81216728927829,42.41611594250704,0,0,0,0,0,13,13,1,1
271,1977,2,12,15,28166.625,84.26248650653525,72.97947438848014,384,352,1001.5364929847248,1001.5364929847248,0.0,11.979852063470746,6.421761073659874,14.104739588693906,625,-0.17683581218516337,-1.231322968579813,30.479497598281927,30.55995451717919,43.16144800554929,0,0,0,0,0,13,13,1,1
271,1977,2,12,18,28166.75,84.90153449023765,81.15818543980834,382,356,1001.3498417109665,1001.3498417109665,0.0,12.464096862038836,5.866337193519066,14.104739588693906,625,-0.18665127375817975,-1.2982947312421669,26.916975595622862,23.686297890047367,35.85476653042687,0,0,0,0,0,11,11,1,1
271,1977,2,12,21,28166.875,86.44273412898558,114.14554196042165,374,366,1001.6980259886044,1003.6980259886044,2.0,12.282802852278303,3.6144989025688847,459.2170506381065,662500,0.3481842776377744,2.4169482117529273,74.82271446485802,57.12452692506523,94.13633823504172,0,0,2,0,0,11,11,1,2
271,1977,2,13,0,28167.0,86.5427909206394,119.05460409907714,373,367,1000.4098929849392,1002.4098929849392,2.0,13.138375849096569,3.8993808661992806,278.90317035875347,244375,-1.2881330036651344,-8.940718327884603,10.969057883035472,3.7086025360789736,11.579031203515864,0,0,0,2,0,12,12,1,1
271,1977,2,13,3,28167.125,86.67585182484667,135.0,370,370,999.8272938331631,1001.8272938331631,2.0,13.683290900889734,3.423523741721074,261.60394784772456,215000,-0.5825991517760849,-4.043168090185609,34.159803074468144,4.931899160862176,34.51399390710029,0,0,0,0,0,16,16,1,1
271,1977,2,13,6,28167.25,86.73672889440275,149.03624346792648,367,372,999.6649621517591,1001.6649621517591,2.0,13.752101301770523,3.1309643718064764,246.32868702971868,190625,-0.16233168140402995,-1.1264934747503539,29.541141238120982,2.2564070945406973,29.62719019122309,0,0,0,0,0,18,18,1,1
271,1977,2,13,9,28167.375,86.73672889440275,157.83365417791757,365,373,999.5569362382694,1005.5569362382694,6.0,14.21821876858888,3.1044430696581546,609.7751518374953,1168125,-0.10802591348969144,-0.7496410164520271,18.543382849545722,0.0,18.543382849545722,0,0,2,0,0,15,15,1,2
271,1977,2,13,12,28167.5,86.70614988253416,170.21759296819272,362,374,999.6616130031986,1005.6616130031986,6.0,14.022469270063251,2.4274156468098225,612.05469306472,1176875,0.10467676492917236,0.7264219575907367,26.32216176321283,-1.1334103271961729,26.346552314459256,0,0,0,0,0,14,14,1,2
271,1977,2,13,15,28167.625,86.51391060811133,174.47245984834385,361,375,999.6857007827133,1005.6857007827133,6.0,14.291390875329823,2.740830200689743,582.066220551298,1064375,0.02408777951466618,0.16719440992977233,9.587340752538683,-7.125344005883995,11.94519275304823,0,0,0,0,0,14,14,1,2
271,1977,2,13,18,28167.75,86.29094409167236,-174.8055710922652,358,376,999.7126572628475,1005.7126572628475,6.0,14.733745121324656,2.571524376064772,553.1504118177702,961250,0.026956480134249432,0.18715198013394704,-25.671096078584064,-8.264248479874421,26.968555334185048,0,0,0,0,0,14,14,1,2
271,1977,2,13,21,28167.875,86.22396224878928,-168.02386755579664,356,376,1000.4444670255201,1006.4444670255201,6.0,14.672023048503908,2.56959592190673,551.5295866808824,955625,0.7318097626726376,5.081157456024388,16.54433581456736,-2.482680368634117,16.7295770824602,0,0,0,0,0,14,14,1,2
271,1977,2,14,0,28168.0,85.82058303725081,-159.62356478616363,353,377,1000.0111385632841,1006.0111385632841,6.0,16.066818838901835,2.6599567074781225,508.749178086014,813125,-0.4333284622359497,-3.0101925874776687,22.671462592571057,-14.951240612319406,27.157592160090665,0,0,0,0,0,14,14,1,2
271,1977,2,14,3,28168.125,85.64431750952207,-154.09349200048564,351,377,999.9494902244322,1005.9494902244322,6.0,16.1757032322825,2.7869957682231323,490.0255303449986,754375,-0.06164833885195549,-0.42834938116054616,15.56116614046367,-6.533277475254006,16.87701413816361,0,0,0,0,0,15,15,1,2
271,1977,2,14,6,28168.25,85.31158552806839,-146.6893691754392,348,377,1001.3095595431279,1007.3095595431279,6.0,15.177127044740681,2.675198172915989,523.7779426003491,861875,1.360069318695605,9.454471926026702,22.415875938424666,-12.332702756680312,25.584508034579756,0,0,0,0,0,16,16,1,2
271,1977,2,14,9,28168.375,85.0818360087625,-138.69138598645128,345,376,1002.0847962873167,1008.0847962873167,6.0,14.322081191786225,2.0410696161005033,552.4306321871637,958750,0.7752367441888782,5.39084590900041,25.394580611436773,-8.51566031528086,26.784346081919,0,0,0,0,0,13,13,1,2
271,1977,2,14,12,28168.5,84.44921069660681,-131.72951207681643,341,376,1001.5806891736149,1007.5806891736149,6.0,15.350732573613296,1.9985377747939495,529.4446557673433,880625,-0.5041071137017571,-3.5090108266360818,24.944667047070514,-23.448241726213823,34.235310048839345,0,0,0,0,0,15,15,1,2
271,1977,2,14,15,28168.625,84.37734900044414,-125.27242144859841,339,374,1002.0464894774638,1006.0464894774638,4.0,13.657976522003883,2.247074091571849,447.58941521993484,629375,0.46580030384880955,3.242760921684993,23.436576024845408,-2.663552011120619,23.587445921173902,0,0,0,0,0,11,11,1,1
271,1977,2,14,18,28168.75,84.43115863338078,-120.17352002964435,338,372,1002.6187307484099,1006.6187307484099,4.0,12.281844337482486,2.353057395996802,477.48241431401436,716250,0.572241270946106,3.983404213392646,18.333972618639972,1.994452729053273,18.442136364029746,0,0,0,0,0,11,11,1,1
271,1977,2,14,21,28168.875,84.44017736324285,-115.01689347810002,337,370,1003.2749860429504,1005.2749860429504,2.0,10.905346765249561,2.6909002100450015,228.7404370492034,164375,0.6562552945406059,4.568160583461442,18.511461619142107,0.33427900181378356,18.514479569461976,0,0,0,0,0,11,11,1,1
271,1977,2,15,0,28169.0,84.40418935928017,-109.88516511385544,336,368,1003.1561880294112,1005.1561880294112,2.0,11.157960665551744,2.4961601154019446,217.59732436277534,148750,-0.11879801353934454,-0.8269978124349033,18.541007168195712,-1.3338944869046594,18.588927384690045,0,0,0,0,0,11,11,1,1
271,1977,2,15,3,28169.125,84.32404772193402,-104.85861444792467,335,366,1004.050610318892,1004.050610318892,0.0,9.447838385115398,2.3822172130757826,14.104739588693906,625,0.8944222894808627,6.227270657062804,18.420499123115363,-2.9704478286273055,18.65846585995994,0,0,0,0,0,11,11,1,1
271,1977,2,15,6,28169.25,84.32404772193402,-104.85861444792467,335,366,,,,9.447838385115398,,0.0,0,0.0,,0.0,0.0,0.0,0,3,0,0,0,11,11,0,0
282,1977,2,12,6,28166.25,47.4725374424582,10.097504384075286,392,177,992.3951757120244,992.3951757120244,0.0,8.222040800249895,14.888055300794148,14.104739588693906,625,,,,,,3,0,0,0,0,1,1,1,1
282,1977,2,12,9,28166.375,45.51547519496705,12.994616791916505,403,171,993.0367606807092,995.0367606807092,2.0,11.55515739037516,10.50534254124599,183.3616146530208,105625,0.6415849686849106,6.230422615054521,75.23984888674313,-72.5384643495377,104.51250485319493,0,0,3,0,0,0,0,1,1
282,1977,2,12,12,28166.5,47.578067006387705,13.923530604445,404,180,993.006072780975,995.006072780975,2.0,10.933967161000725,8.83744866084162,228.7404370492034,164375,-0.03068789973418461,-0.28801520397808206,23.225936817189965,76.44991505619561,79.90014801698194,0,0,0,0,0,0,0,1,1
282,1977,2,12,15,28166.625,47.768813589938524,16.565132121153685,412,183,993.1353427547297,997.1353427547297,4.0,12.246340171527615,6.969330934781684,358.7709021444888,404375,0.12926997375456267,1.2095646132040645,65.80503904786711,7.0700174552111665,66.1837465765448,0,0,0,0,0,1,1,1,1
282,1977,2,12,18,28166.75,48.08914865817478,17.344676328379993,414,185,994.5425126369,998.5425126369,4.0,12.452823183183238,5.088966907872455,314.44396702089864,310625,1.4071698821704195,13.100449828154346,19.30020185949305,11.873211471403199,22.659897229728106,0,0,0,0,0,0,0,1,1
282,1977,2,12,21,28166.875,48.777174196282445,17.629437334496238,414,188,996.2459898255511,1000.2459898255511,4.0,11.610379760431494,6.8304257666378545,313.4935044929087,308750,1.7034771886510134,15.691016317889963,6.955402288098107,25.50164974648844,26.433156466488338,0,0,0,0,0,1,1,1,1
282,1977,2,13,0,28167.0,49.00859149680993,18.738633856337767,417,190,997.5979108550289,1001.5979108550289,4.0,11.532903582835425,6.573656722326559,313.17604263477836,308125,1.3519210294778168,12.40896266619744,26.96723028804659,8.577476585478287,28.29849137291537,0,0,0,0,0,1,1,1,1
282,1977,2,13,3,28167.125,49.22356931992845,19.859417096483845,420,192,999.3718871832169,1003.3718871832169,4.0,10.567223259032588,5.093426438428869,386.53163237633834,469375,1.7739763281880006,16.23010209195702,27.131083821946994,7.968147757290582,28.276970984098153,0,0,0,0,0,1,1,1,1
282,1977,2,13,6,28167.25,48.97374427872301,20.76194226683806,423,192,1001.4416063428425,1003.4416063428425,2.0,9.808464350488022,5.1859731159894,244.30125595145995,187500,2.0697191596256745,19.007511278972252,21.957972488996663,-9.259759043604232,23.830562170732453,0,0,0,0,0,1,1,1,1
282,1977,2,13,9,28167.375,49.547781831157955,23.156023077562473,429,197,,,,9.597828324810028,,0.0,0,2.826097595389874,,57.571060204355,21.276687844741843,61.376904603409685,0,2,2,0,0,2,3,0,0
295,1977,2,13,3,28167.125,70.38091215678713,67.40540888336535,440,326,1002.1983442768178,1002.1983442768178,0.0,9.426732923881472,3.0569966524228223,14.104739588693906,625,,,,,,3,0,0,0,0,12,12,1,1
295,1977,2,13,6,28167.25,70.76264396966474,68.38522105721376,439,328,1001.3108594346007,1001.3108594346007,0.0,9.988893662608557,2.471691589554466,14.104739588693906,625,-0.8874848422170908,-6.512311402154594,11.965584449904417,14.148880310272766,18.5301382958201,0,0,0,0,0,14,14,1,1
295,1977,2,13,9,28167.375,71.50735351701792,70.46334506187162,437,332,1000.8425803280542,1000.8425803280542,0.0,10.511292115163561,1.8378706793174202,14.104739588693906,625,-0.4682791065465426,-3.420977123336288,24.430006956691876,27.602641163146476,36.86096904702102,0,0,0,0,0,11,11,1,1
295,1977,2,13,12,28167.5,72.22467238731753,72.71081401525309,435,336,1000.1945568304373,1002.1945568304373,2.0,11.115319282896603,2.6476001441852715,230.9045385777095,167500,-0.6480234976169595,-4.714714523041184,25.429512177449936,26.58740638790787,36.79062744801777,0,0,0,0,0,11,11,1,1
295,1977,2,13,15,28167.625,73.07001244278257,74.21129225772813,432,339,1000.0298583533306,1002.0298583533306,2.0,10.68928604991135,2.07526649043386,246.73217409298277,191250,-0.1646984771065763,-1.192757055548965,16.19488267662926,31.33250848571405,35.27038861307215,0,0,0,0,0,12,12,1,1
295,1977,2,13,18,28167.75,73.90145425214521,75.86680945113709,429,342,999.8761879002736,1001.8761879002736,2.0,10.225688308998047,2.6302682369801915,260.46073503106066,213125,-0.15367045305698412,-1.1081134778692077,17.01445699955036,30.81737033376655,35.20230193152236,0,0,0,0,0,12,12,1,1
295,1977,2,13,21,28167.875,75.55278290570003,80.61085243866876,423,349,1000.0707420329579,1002.0707420329579,2.0,10.85897262855403,1.6848819834556341,290.09166854606434,264375,0.19455413268427946,1.3919262165880775,43.85768037537844,61.2064561660284,75.29758564730221,0,0,0,0,0,12,12,1,1
295,1977,2,14,0,28168.0,75.55278290570003,80.61085243866876,423,349,999.6644125765795,1001.6644125765795,2.0,9.506776403077733,2.070878660501112,274.589974853026,236875,-0.40632945637844387,-2.907060441748397,0.0,0.0,0.0,0,0,0,0,0,12,12,1,1
295,1977,2,14,3,28168.125,77.52640546567544,86.39153114743367,415,356,999.1967747271419,1001.1967747271419,2.0,11.02463381846261,1.844828650882846,269.8395568936143,228750,-0.46763784943759673,-3.318214344201162,46.259386499430946,73.15227192683712,86.5516361911296,0,0,0,0,0,13,13,1,1
295,1977,2,14,6,28168.25,77.9969218262942,88.39399701071775,413,358,1000.3246817893969,1002.3246817893969,2.0,9.769608818884922,1.7788885869897058,274.9519921161698,237500,1.1279070622549625,7.989038253902351,15.434634741500611,17.43967740135587,23.288844914827788,0,0,0,0,0,14,14,1,1
295,1977,2,14,9,28168.375,78.67634720534315,90.56726640985794,410,360,1000.6498662178022,1000.6498662178022,0.0,9.24568363459786,1.5594396784260607,14.104739588693906,625,0.3251844284053368,2.297670995431687,15.815584432856715,25.182885061266578,29.737357161687772,0,0,0,0,0,10,10,1,1
295,1977,2,14,12,28168.5,78.90132320656895,90.57872556560777,409,360,1000.869509720919,1000.869509720919,0.0,8.059669275778905,2.5708652908189107,14.104739588693906,625,0.2196435031168221,1.5507381123024517,0.08176086991432294,8.338729984363148,8.339130805543595,0,0,0,0,0,13,13,1,1
295,1977,2,14,15,28168.625,78.90132320656895,90.57872556560777,409,360,,,,8.059669275778905,,0.0,0,0.0,,0.0,0.0,0.0,0,3,0,0,0,13,13,0,0
297,1977,2,13,6,28167.25,47.98916166178837,32.51915860824302,458,205,1003.4705510638302,1003.4705510638302,0.0,11.974245260669774,2.325805844811839,14.104739588693906,625,,,,,,3,0,0,0,0,2,2,1,1
297,1977,2,13,9,28167.375,47.99047603691498,34.774263980806374,464,209,1004.0750895746576,1008.0750895746576,4.0,12.594568737832864,2.7759092609362415,496.67913363905046,775000,0.6045385108274058,5.636845660608185,55.93789727007779,0.048717281928647174,55.93791848443536,0,0,2,0,0,3,3,1,2
297,1977,2,13,12,28167.5,48.26062593724962,36.96428928946521,469,214,1004.0731413911255,1010.0731413911255,6.0,12.615535194451267,5.3708723426682266,568.93001811571,1016875,-0.001948183532076655,-0.0180886595373299,54.03870463287274,10.013099450248562,54.958564018717134,0,0,0,0,0,3,3,1,2
297,1977,2,13,15,28167.625,48.24345266782243,40.99360852837276,479,222,1004.7061449939606,1010.7061449939606,6.0,12.622001454337404,7.442703683557483,488.1951733478254,748750,0.6330036028350878,5.878937895558899,99.44849972371404,-0.6365268114011682,99.45053676918583,0,0,0,0,0,3,3,1,1
297,1977,2,13,18,28167.75,48.17745464375991,44.33380002981686,487,229,1006.0253030217671,1012.0253030217671,6.0,12.242184070582251,8.042277005266223,313.8106451956502,309375,1.3191580278064066,12.264126795084856,82.54928045024143,-2.446215148106014,82.58551732236975,0,0,0,0,0,5,5,1,1
297,1977,2,13,21,28167.875,48.50430873858829,46.56629118698306,491,235,1006.7641660624827,1012.7641660624827,6.0,11.978005213376564,11.99579049170694,279.25959628100287,245000,0.7388630407156598,6.834386358765199,54.82336712713678,12.114839032638663,56.14597855540116,0,0,0,0,0,5,5,1,1
297,1977,2,14,0,28168.0,48.42472015887745,48.79921982308235,496,240,1005.8416379509774,1013.8416379509774,8.0,13.760312125922294,11.601287001629972,316.0217188583157,313750,-0.9225281115052348,-8.543770781295922,54.9201679845171,-2.949948760897449,54.99933680636065,0,0,0,0,0,5,5,1,1
297,1977,2,14,3,28168.125,48.46582552555054,50.82180374999987,500,245,1007.0418083854368,1015.0418083854368,8.0,13.029840699642543,11.13748205207492,339.97981913709083,363125,1.2001704344592872,11.10802159741142,49.70668705160741,1.523569410637651,49.73003118232952,0,0,0,0,0,4,4,1,1
297,1977,2,14,6,28168.25,48.40484225557079,53.28794156785787,505,251,1008.5101273894288,1016.5101273894288,8.0,12.803226461834313,8.106394574464503,373.97514120861433,439375,1.4683190039920737,13.60266812429032,60.67933061262858,-2.2603434106481877,60.72141562851401,0,0,0,0,0,6,6,1,1
297,1977,2,14,9,28168.375,48.461846149471924,55.564734823756176,509,257,1009.2114414494222,1015.2114414494222,6.0,12.409430899451134,5.429836137890233,316.6506184233564,315000,0.7013140599933103,6.491320574507513,55.958045703527915,2.112847933596799,55.99791965197121,0,0,0,0,0,4,4,1,1
297,1977,2,14,12,28168.5,48.524225182323036,57.40741852740074,512,262,1009.4246973899068,1015.4246973899068,6.0,12.426707807182348,4.063468704431507,341.4395932149834,366250,0.21325594048466884,1.9719832725721127,45.23357781295884,2.3120773273459263,45.29262923841615,0,0,0,0,0,5,5,1,1
297,1977,2,14,15,28168.625,48.87068379752584,59.36458244969721,514,268,1009.8578951398572,1015.8578951398572,6.0,12.750557932232056,7.7584148636581824,365.90858950844125,420625,0.43319774995034094,3.9845654717234544,47.714115954529106,12.841480100950813,49.41194665771998,0,0,0,0,0,5,5,1,1
297,1977,2,14,18,28168.75,48.743819617180804,61.65614850724816,518,274,1009.7242240974587,1013.7242240974587,4.0,13.14736408193293,5.928172459174311,283.852408727268,253125,-0.1336710423984914,-1.2318950914384856,56.00752802287475,-4.702217742429668,56.204573185198385,0,0,0,0,0,6,6,1,1
297,1977,2,14,21,28168.875,48.549463793963646,63.2224808987549,521,278,1009.8801163054211,1013.8801163054211,4.0,13.541190041220421,5.068095722389772,314.44396702089864,310625,0.1558922079624608,1.4409783758906436,38.430892642988816,-7.203793835191703,39.10023215988465,0,0,0,0,0,5,5,1,1
297,1977,2,15,0,28169.0,49.95469853891813,67.31718651706605,521,292,1009.1560135798745,1013.1560135798745,4.0,13.730675903817884,4.006262261527372,321.9466674599954,325625,-0.7241027255465451,-6.553226745216113,97.6356940978488,52.08499146119991,110.65972662844408,0,0,0,0,0,5,5,1,1
297,1977,2,15,3,28169.125,50.570845497954274,69.46339684940669,521,299,1008.9141041134334,1012.9141041134334,4.0,14.103051423831001,4.59314972520915,312.5401515368078,306875,-0.24190946644113864,-2.169828032809869,50.52183558892643,22.837471970763882,55.4437191870273,0,0,0,0,0,5,5,1,1
297,1977,2,15,6,28169.25,51.25682706723675,73.3816591004229,522,311,1009.0221896931008,1011.0221896931008,2.0,13.119674230161609,4.832507424213618,193.39444569737623,117500,0.1080855796673859,0.960100217091043,90.87877789158682,25.425890091961428,94.36857611534082,0,0,0,0,0,9,9,1,1
297,1977,2,15,9,28169.375,51.931705069680426,75.58873496724294,521,318,1008.7136274742397,1010.7136274742397,2.0,13.672849620750961,6.139682171866662,169.2568750643269,90000,-0.30856221886104324,-2.7154147081401914,50.43918784332641,25.014336658583343,56.301231858311176,0,0,0,0,0,8,8,1,1
297,1977,2,15,12,28169.5,52.72546455407871,77.45217610186432,519,324,1009.4642360942183,1009.4642360942183,0.0,13.528460504842903,6.969883456109528,14.104739588693906,625,0.7506086199785932,6.53523919592722,41.82905926064357,29.42067588036363,51.139479542598416,0,0,0,0,0,9,9,1,1
297,1977,2,15,15,28169.625,52.92031390957785,78.82829591766254,519,328,1009.5819682378041,1009.5819682378041,0.0,14.687867154071592,7.501368274272463,14.104739588693906,625,0.11773214358574478,1.0224047696654959,30.752238737329044,7.222086597155281,31.588901883010923,0,0,0,0,0,9,9,1,1
297,1977,2,15,18,28169.75,53.870668232368075,80.74559313470414,516,334,1009.7489633476076,1009.7489633476076,0.0,14.48133652482466,7.097251053836808,14.104739588693906,625,0.16699510980353807,1.4324539280608306,41.89910262509619,35.224859736332775,54.73870243468199,0,0,0,0,0,12,12,1,1
297,1977,2,15,21,28169.875,54.51023619266171,82.44179659650577,514,339,1010.3163176523889,1010.3163176523889,0.0,13.572120970826525,7.1370270725117,14.104739588693906,625,0.5673543047811836,4.827625878717535,36.498615364773734,23.705570809687067,43.52129376476284,0,0,0,0,0,6,6,1,1
297,1977,2,16,0,28170.0,54.59656452830392,83.5377293631609,514,342,1010.546790289968,1010.546790289968,0.0,13.516615863414179,8.953527188868392,14.104739588693906,625,0.23047263757922337,1.9589925982109622,23.53256596141356,3.199757649694106,23.749107556812657,0,0,0,0,0,6,6,1,1
297,1977,2,16,3,28170.125,55.21526409245954,86.06126091614881,512,349,1011.5761622746005,1011.5761622746005,0.0,12.721398300302166,10.28913999713397,14.104739588693906,625,1.029371984632453,8.683413720890824,53.35811232182226,22.932084217101572,58.077264373319444,0,0,3,0,0,7,7,1,1
297,1977,2,16,6,28170.25,55.530539608143,89.05461089553557,511,357,1011.9872223693806,1011.9872223693806,0.0,11.385548118808158,8.61440980946565,14.104739588693906,625,0.411060094780114,3.4544047036551713,62.7882909095697,11.685679279749111,63.86645892464926,0,0,0,0,0,10,10,1,1
297,1977,2,16,9,28170.375,55.530539608143,89.05461089553557,511,357,,,,11.385548118808158,,0.0,0,0.0,,0.0,0.0,0.0,0,3,0,0,0,10,10,0,0
300,1977,2,13,9,28167.375,35.25368406295418,16.196765066945236,425,134,1007.7244999152152,1009.7244999152152,2.0,8.743954214610962,3.1033400188882663,248.33956681952523,193750,,,,,,3,0,0,0,0,0,0,1,1
300,1977,2,13,12,28167.5,32.50450633313493,14.743562836470735,422,122,1004.6808594624221,1010.6808594624221,6.0,11.513324224931235,7.876433379485097,435.8798152196888,596875,-3.043640452793188,-39.241340133910555,-45.42488551609348,-101.8982053333688,111.56462017284686,0,0,0,0,0,0,0,1,1
300,1977,2,13,15,28167.625,32.65955700311549,15.993584097729949,427,124,1003.1140871897802,1009.1140871897802,6.0,11.721426336836444,7.320693588606372,420.54836881251686,555625,-1.5667722726418287,-20.114876814505703,39.0063168965523,5.7469492915592975,39.4274039722883,0,0,0,0,0,0,0,1,1
300,1977,2,13,18,28167.75,33.76200800627329,17.531542284608648,432,130,1003.2186194783136,1009.2186194783136,6.0,12.367984301105537,4.85466261789974,406.5983240702134,519375,0.1045322885333735,1.303154535367268,47.39033405221146,40.86231947511723,62.57453886739189,0,0,0,0,0,0,0,1,1
300,1977,2,13,21,28167.875,35.371530899784105,17.50716304846033,430,136,1002.5328403084907,1010.5328403084907,8.0,13.711604500606954,5.18211309638944,554.4077775845346,965625,-0.6857791698229266,-8.207658978177824,-0.7368223460999996,59.65692669222439,59.66147676290914,0,0,0,0,0,0,0,1,1
300,1977,2,14,0,28168.0,35.779355104665,18.66849010907537,434,139,999.8619855464044,1009.8619855464044,10.0,15.59204008379263,5.6347767004661,567.5295728701926,1011875,-2.6708547620862375,-31.649255796655833,34.92075050361554,15.115994181868931,38.05196572901406,0,0,0,0,0,0,0,1,1
300,1977,2,14,3,28168.125,36.24719098017348,19.612093708904077,437,142,997.8543295683631,1009.8543295683631,12.0,17.12368506240912,8.45415944760549,635.026642794686,1266875,-2.0076559780412935,-23.52469436246606,28.206015663621525,17.34032528628587,33.10991091275644,0,0,0,0,0,0,0,1,1
300,1977,2,14,6,28168.25,37.16911261804111,20.74786658213687,440,147,997.0978051826075,1009.0978051826075,12.0,18.31369822861056,10.791841808552636,588.6933739924393,1088750,-0.7565243857556198,-8.675303169791286,33.54534910616076,34.17100296490765,47.88473546216923,0,0,0,0,0,0,0,1,1
300,1977,2,14,9,28168.375,38.24914943236587,21.443464666820038,441,152,998.1981555174649,1010.1981555174649,12.0,17.167896317659952,7.3445975913550505,691.9952565066759,1504375,1.1003503348573576,12.314115352033395,20.24748641995615,40.031538114088235,44.86072614332059,0,0,0,0,0,0,0,1,1
300,1977,2,14,12,28168.5,39.48782394268676,23.095044036896848,445,159,996.2014618055641,1008.2014618055641,12.0,18.270079622616407,6.652783019750204,607.4870568944925,1159375,-1.9966937119007344,-21.753719691314263,47.243189070612225,45.91144043720548,65.87700112012296,0,0,0,0,0,0,0,1,1
300,1977,2,14,15,28168.625,40.30112232660751,23.759265260083282,446,163,996.1018603881628,1006.1018603881628,10.0,17.355313708043223,6.76016702740344,543.9018757754568,929375,-0.09960141740142717,-1.0668735736890442,18.776037600532426,30.144884713401936,35.51413327621697,0,0,0,0,0,0,0,1,1
300,1977,2,14,18,28168.75,41.56895947573966,25.281155793379074,449,170,998.2106182764082,1008.2106182764082,10.0,16.585466535009576,9.043717745401882,665.7676144954247,1392500,2.1087578882454547,22.018750670302587,42.20215657530338,46.99235293166534,63.160931386899435,0,0,0,0,0,0,0,1,1
300,1977,2,14,21,28168.875,43.113423328202444,25.493637847202265,447,176,998.4547242454879,1008.4547242454879,10.0,16.933370923600876,7.849190424878325,611.2415471057446,1173750,0.24410596907968285,2.4745461788328957,5.749234371346155,57.24551492659051,57.53349176842272,0,0,0,0,0,0,0,1,1
300,1977,2,15,0,28169.0,43.77565894550204,25.862462565900078,447,179,998.5904112038509,1008.5904112038509,10.0,17.20969526504316,8.655152528066319,562.0698907052505,992500,0.13568695836293046,1.358799143647154,9.870818849308534,24.54574696234752,26.45612894388476,0,0,0,0,0,1,1,1,1
300,1977,2,15,3,28169.125,44.32570846074793,26.50045618808319,448,182,999.1033947993789,1009.1033947993789,10.0,16.906007039106267,10.297005116866275,619.0036554768785,1203750,0.5129835955280577,5.086402949529387,16.916687230716136,20.387571832880592,26.492025066097543,0,0,0,0,0,1,1,1,1
300,1977,2,15,6,28169.25,44.76174814204616,26.760599153348846,448,184,1000.654431172526,1008.654431172526,8.0,15.8496939724493,9.554980897413843,485.7439687054641,741250,1.5510363731470715,15.260580257363609,6.8463492593362245,16.16180012535788,17.552101910393286,0,0,0,0,0,1,1,1,1
300,1977,2,15,9,28169.375,45.73193612140828,27.696179757911313,449,189,1001.701544792365,1009.701544792365,8.0,16.153723568813,10.204026604625906,599.077955421683,1127500,1.047113619839074,10.130986185372272,24.20516185942117,35.959993732201234,43.34756059873184,0,0,0,0,0,0,0,1,2
300,1977,2,15,12,28169.5,46.48851096648942,27.850101080424686,448,192,1002.073030964016,1008.073030964016,6.0,15.271114852127186,13.185536560021283,424.55031863322336,566250,0.371486171650904,3.5488179510111717,3.9279539673083823,28.04242813330523,28.31618967977299,0,0,0,0,0,0,0,1,2
300,1977,2,15,15,28169.625,47.4556200944691,28.15427308420884,447,196,1002.6465689428064,1008.6465689428064,6.0,14.53701365231089,9.642375762804441,523.9678204179331,862500,0.5735379787905549,5.393372343662115,7.623121646759737,35.84587618099447,36.64749408656046,0,0,0,0,0,1,1,1,2
300,1977,2,15,18,28169.75,48.32011594963028,28.0446869479748,445,199,1003.3400192951219,1009.3400192951219,6.0,14.637122771638365,8.989097576798086,424.315954652552,565625,0.6934503523154126,6.432651048889457,-2.700972471472808,32.0425177330575,32.15615329862946,0,0,0,0,0,1,1,1,2
300,1977,2,15,21,28169.875,49.181845313871996,27.930689387912274,443,202,1004.2882235024736,1010.2882235024736,6.0,14.476950857297833,6.133737139675577,490.0255303449986,754375,0.9482042073516641,8.680570603218966,-2.7619221280502146,31.93997781477355,32.05917024268781,0,0,1,0,0,0,0,1,1
300,1977,2,16,0,28170.0,49.717487248908824,27.948035145998485,442,204,1005.7256796503946,1009.7256796503946,4.0,12.897436022913604,5.2126896311264135,398.69286350903053,499375,1.4374561479210388,13.05470715925279,0.41568447388062446,19.853555224722882,19.857906451661684,0,0,0,0,0,0,0,1,1
300,1977,2,16,3,28170.125,50.78588189365038,27.984082751657944,440,208,1005.8817643615617,1009.8817643615617,4.0,12.813073786644342,4.134825171895354,438.3829305338697,603750,0.15608471116720465,1.3957180330416168,0.8447117384883708,39.60002138315896,39.60902967086908,0,0,0,0,0,0,0,1,1
300,1977,2,16,6,28170.25,51.850533624289206,28.02205940133538,438,212,1006.614467746151,1008.614467746151,2.0,12.606977337586422,3.9556720981097895,274.9519921161698,237500,0.7327033845892583,6.4551182354033925,0.8694979080177259,39.461290363462254,39.47086854582157,0,0,0,0,0,0,0,1,1
300,1977,2,16,9,28170.375,52.59073863681991,28.20609120197849,437,215,1007.2475901289577,1009.2475901289577,2.0,12.58085461402167,3.709082727296409,304.80600064613867,291875,0.633122382806614,5.5222331487348955,4.143866832247777,27.43568069009551,27.746859412414278,0,0,0,1,0,1,1,1,2
300,1977,2,16,12,28170.5,53.23183783431091,27.915741623316514,435,217,1007.9652722395296,1009.9652722395296,2.0,11.410270166943857,3.745279291796324,360.98214589711955,409375,0.7176821105719137,6.207053163590805,-6.441778339931375,23.76232607896556,24.62000505409972,0,0,0,0,0,1,1,1,1
300,1977,2,16,15,28170.625,53.96911841512711,28.104454077512578,434,220,1008.9818045420908,1008.9818045420908,0.0,10.632966277705645,2.9850387186747684,14.104739588693906,625,1.0165323025612452,8.708719895170809,4.11438413072881,27.32728670010541,27.635280985815058,0,0,0,0,0,1,1,1,1
300,1977,2,16,18,28170.75,53.96911841512711,28.104454077512578,434,220,,,,10.632966277705645,,0.0,0,0.0,,0.0,0.0,0.0,0,3,0,0,0,1,1,0,0
312,1977,2,13,15,28167.625,74.46012177016358,33.804888573700026,398,302,999.1543895374369,1001.1543895374369,2.0,9.933806845379312,7.969767826009119,138.91557454041038,60625,,,,,,3,0,0,0,0,9,9,1,1
312,1977,2,13,18,28167.75,74.3884118825382,35.63349004298788,400,303,997.4787940225282,999.4787940225282,2.0,11.642249194293315,13.593524559794169,108.34056051649024,36875,-1.6755955149087822,-12.053543690206942,18.239081754537477,-2.657925231398416,18.431729972642454,0,0,0,0,0,9,9,1,1
312,1977,2,13,21,28167.875,74.12070759103013,36.9509382983255,402,303,995.7433707328942,1001.7433707328942,6.0,13.77486502991967,15.2417980278904,331.38634663094945,345000,-1.7354232896340545,-12.500376354184962,13.360507614481222,-9.922453018891003,16.64206230095026,0,0,2,0,0,8,8,1,2
312,1977,2,14,0,28168.0,74.02184071133586,38.722701510402445,404,304,991.2605087216007,1001.2605087216007,10.0,18.208467737744847,22.279538675964723,417.4621691670102,547500,-4.482862011293474,-32.30627726793421,18.07647413505168,-3.664498478393856,18.444171606590068,0,0,1,0,0,9,9,1,1
312,1977,2,14,3,28168.125,73.73499275744264,39.95754893082909,406,304,989.7608316917,1001.7608316917,12.0,19.77629883185221,23.369531540673925,416.0300477278488,543750,-1.4996770299006312,-10.823251350951487,12.818939312447581,-10.632012397098825,16.65427550835752,0,0,0,1,0,10,10,1,2
312,1977,2,14,6,28168.25,73.09708799781706,40.14690361300764,408,302,989.6150523168809,1003.6150523168809,14.0,20.967289609220753,21.24827127413133,483.8974168395105,735625,-0.14577937481910339,-1.0555919665756923,2.040612474201874,-23.643924317594294,23.731819492107956,0,0,0,0,0,11,11,1,2
312,1977,2,14,9,28168.375,72.31090606246609,40.87770218821636,411,300,990.7337164625029,1004.7337164625029,14.0,20.677415073716908,16.334665000789172,513.8076117124788,829375,1.118664145622024,8.134958803712644,8.230390401858894,-29.139814210209,30.27982989338793,0,0,1,0,0,6,6,1,1
312,1977,2,14,12,28168.5,73.30608023442646,47.18164140355147,414,309,997.8526000081486,1004.5631804631994,6.7105804550508035,11.531536042745326,8.808067384355526,482.0437914901168,730000,7.118883545645658,51.49127558340022,67.08851385434477,36.88610634989754,76.56013017779269,0,0,0,1,0,9,7,2,0
312,1977,2,14,15,28168.625,68.81081416151133,46.72266207162281,428,295,995.6699607980933,1003.6699607980933,8.0,16.76012200055434,10.00742155959466,403.65192058297936,511875,1.106780334893847,8.224007470941133,34.794174628450556,-12.216270551829663,36.87644036875865,0,0,0,0,2,7,7,1,1
312,1977,2,14,18,28168.75,68.45976740946075,48.39133941979635,431,296,996.6306615633506,1004.6306615633506,8.0,15.613517272017514,11.977340472087453,435.1946487255507,595000,0.960700765257352,7.155683167085418,22.70762039103405,-13.011539281024527,26.171285377011,0,0,0,0,0,7,7,1,1
312,1977,2,14,21,28168.875,68.23659677614744,50.46021259214836,434,298,998.5154464485906,1004.5154464485906,6.0,13.711827420147305,11.64904553178254,325.3275843762874,332500,1.8847848852400784,14.060354853257438,28.430685571656806,-8.271814066831055,29.609572608037396,0,0,0,0,0,6,6,1,1
312,1977,2,15,0,28169.0,67.98517323800824,52.485038950373344,437,300,1000.6430323328887,1004.6430323328887,4.0,11.407296197791482,8.759641051432554,241.43425172789108,183125,2.127585884298023,15.89963966092061,28.13102487333392,-9.319007293368072,29.63441339655602,0,0,0,0,0,6,6,1,1
312,1977,2,15,3,28169.125,67.7572593684668,53.65254179111473,439,301,1003.5629097330285,1005.5629097330285,2.0,8.76474569112486,7.41064652593457,136.75052399642826,58750,2.9198774001398125,21.85582973686984,16.380119988567234,-8.447622001645513,18.430155949490636,0,0,0,0,0,6,6,1,1
312,1977,2,15,6,28169.25,64.98068005465512,60.54367922670144,456,305,,,,7.584713919558411,,0.0,0,2.7943065608115285,,107.96967087383631,-102.91384437403019,149.1600120422583,0,3,3,0,0,8,8,0,0
329,1977,2,15,18,28169.75,74.20409204202426,122.22126681159396,419,397,993.5969761478226,997.5969761478226,4.0,15.370279918125405,5.674350658962721,374.5067337174764,440625,-0.6025587756242021,-4.338481848884366,26.479719222573703,12.96972622137059,29.485408736587782,2,0,0,2,0,18,18,1,1
329,1977,2,15,21,28169.875,74.75357092598281,126.61675151907066,414,400,993.3242948672041,995.3242948672041,2.0,15.12239904942448,6.042083985699646,169.2568750643269,90000,-0.27268128061841707,-1.9581095091263132,42.83308414714195,20.366421398168278,47.428516929416105,0,0,0,0,0,12,12,1,1
329,1977,2,16,0,28170.0,75.32651820367748,129.41275603579567,410,401,993.5679902945569,995.5679902945569,2.0,14.88971009293064,4.904799598277678,194.4204181260938,118750,0.24369542735279537,1.7452940447945762,26.249074696597635,21.23627683815305,33.76378794469362,0,0,0,0,0,14,14,1,1
329,1977,2,16,3,28170.125,75.70793234726958,133.09084756700364,406,403,993.4108568644069,995.4108568644069,2.0,14.552776421162974,5.84898363681772,204.88317705582224,131875,-0.15713343014998826,-1.1234223522253532,33.64925741540535,14.137105905973216,36.4983600728158,0,0,0,0,0,13,13,1,1
329,1977,2,16,6,28170.25,76.50981317497545,136.34788728019862,401,403,993.2091535555472,997.2091535555472,4.0,14.267126308886679,3.894870201819431,373.1763325901154,437500,-0.20170330885972362,-1.4370910169028368,28.158323039508385,29.721693271477164,40.942278970778844,0,0,0,0,0,15,15,1,1
329,1977,2,16,9,28170.375,77.2856421776443,138.57633437499737,397,402,993.1963524848054,1013.1963524848054,20.0,14.412913951266628,2.643055454847927,1571.7136063752457,7760625,-0.012801070741843432,-0.09091777610554788,18.177811954341514,28.756083013495207,34.019775979956556,0,0,2,0,0,14,14,1,3
329,1977,2,16,12,28170.5,78.03906365170646,141.0885281541952,393,401,994.3301896041471,1010.9193874102763,16.589197806129086,13.63935611909283,2.369600924396145,1381.112592425529,5992500,1.1338371193417698,8.029787707142642,19.29599156212109,27.925548513592144,33.9436525752671,0,0,0,0,0,14,13,2,0
329,1977,2,16,15,28170.625,78.3166316802355,142.8001878841817,391,401,994.3190121515471,1009.3344996460054,15.015487494458357,13.26226068201829,2.9139062747134448,1294.4893228909973,5264375,-0.01117745260009542,-0.07907803079712741,12.84686651782583,10.288052190387067,16.458614680432934,0,0,0,0,0,11,10,2,0
329,1977,2,16,18,28170.75,79.07997724183848,144.18883607735876,388,399,994.7417881904389,1007.7746113660339,13.032823175594967,13.337012326740767,2.950758143836574,1158.6509159277168,4217500,0.42277603889189774,2.9830944904192958,9.750214166825478,28.293384575630988,29.926280875570182,0,0,0,0,0,7,8,2,0
329,1977,2,16,21,28170.875,79.46057132300946,147.15494169722226,385,399,995.0514285374412,1008.6794591297792,13.628030592337891,13.403835925771785,3.617312581483566,1215.9561757414235,4645000,0.3096403470022778,2.18206427497333,20.106937908572093,14.106710312386927,24.561926388147512,0,0,0,0,0,6,7,2,0
329,1977,2,17,0,28171.0,80.1987122733612,149.03624346792648,382,397,996.6586076328682,998.6586076328682,2.0,12.83724573714029,2.553191003078027,233.90064490684722,171875,1.6071790954269818,11.299794377075191,11.869803705216752,27.359176275901728,29.823091162658528,0,0,0,2,0,7,7,1,1
329,1977,2,17,3,28171.125,81.12028811565193,150.52411099675425,379,394,998.2079076951277,1000.2079076951277,2.0,11.9231359800524,1.25057147803127,264.25221149797227,219375,1.5493000622594264,10.864076147280391,8.512406928438002,34.15818606030531,35.202879806143066,0,0,0,0,0,8,8,1,1
329,1977,2,17,6,28171.25,82.23194599899121,155.2825590889166,374,391,998.946199351993,1000.946199351993,2.0,12.683690929050087,1.4326375766596176,253.49321149362706,201875,0.7382916568653308,5.162408222193022,23.832236976472426,41.2035722639192,47.5994735959417,0,0,0,0,0,11,11,1,1
329,1977,2,17,9,28171.375,83.11675123221642,158.02549200852803,371,388,1000.8662900856638,1002.8662900856638,2.0,12.053774127022628,1.0676477730298939,261.22343281308076,214375,1.9200907336708042,13.399355708706542,12.183265204290098,32.795284334399376,34.98517722710815,0,0,0,0,0,11,11,1,1
329,1977,2,17,12,28171.5,84.26248650653525,162.97947438848016,367,384,1002.993722629314,1006.993722629314,4.0,11.636262944050351,0.8491914895080117,403.40541557032054,511250,2.1274325436502113,14.813495766105136,18.35097956197062,42.46664992732196,46.262023376994414,0,0,0,0,0,9,9,1,1
329,1977,2,17,15,28171.625,85.34379104144372,170.3112134396332,363,380,1003.8159587943569,1005.8159587943569,2.0,11.640081929381225,1.4697875397912867,261.98391020896656,215625,0.8222361650428502,5.715481938888497,22.044894099587964,40.07852614652543,45.74129003362029,0,0,0,0,0,10,10,1,1
329,1977,2,17,18,28171.75,86.04243035194676,-171.86989764584405,357,377,1004.7944418784666,1008.7944418784666,4.0,11.505941566530653,1.6198638093416955,385.2427603903705,466250,0.9784830841097574,6.795333579890706,-45.40059360297522,25.895048960796586,52.26631286196269,0,0,0,0,0,10,10,1,1
329,1977,2,17,21,28171.875,86.17121908110678,-164.74488129694222,355,376,1005.4819023870309,1009.4819023870309,4.0,11.057528891106678,1.3051438766445063,394.6807577665683,489375,0.6874605085642542,4.773520367351391,17.6232323993735,4.773551097198544,18.258288810288143,0,0,0,0,0,10,10,1,1
329,1977,2,18,0,28172.0,86.5427909206394,-150.94539590092285,352,373,1005.914746463421,1009.914746463421,4.0,11.272245294923344,1.7526817872707035,378.99516638136106,451250,0.43284407639017447,3.004299211251288,30.769445730075976,13.772301146671019,33.71105262982286,0,0,0,0,0,12,12,1,1
329,1977,2,18,3,28172.125,86.51391060811133,-137.6025622024998,349,371,1007.6995423455304,1011.6995423455304,4.0,9.5564781463712,1.6347334212477294,393.67134241106896,486875,1.7847958821093197,12.388352117415614,30.00416231749197,-1.0704480776772967,30.023251247348416,0,0,0,0,0,10,10,1,1
329,1977,2,18,6,28172.25,86.51391060811133,-132.3974377975002,348,370,1008.4901565614388,1012.4901565614388,4.0,8.748767239735875,1.5147162789855793,409.7663541116445,527500,0.7906142159084265,5.487690437817879,11.727189028164702,0.0,11.727189028164702,0,0,0,0,0,9,9,1,1
329,1977,2,18,9,28172.375,86.04243035194676,-118.73979529168805,344,368,1010.0557897458021,1014.0557897458021,4.0,7.845116124183819,1.6330173126381125,437.4743638980508,601250,1.5656331843633962,10.872952148350494,34.85589052900643,-17.475404166192266,38.99131769178685,0,0,0,0,0,9,9,1,1
329,1977,2,18,12,28172.5,86.04243035194676,-118.73979529168805,344,368,,,,7.845116124183819,,0.0,0,0.0,,0.0,0.0,0.0,0,3,0,0,0,9,9,0,0
330,1977,2,15,6,28169.25,37.68769458514949,-162.28925701124388,291,574,994.6771859411358,994.6771859411358,0.0,14.747143363362722,19.100451987071065,14.104739588693906,625,,,,,,3,0,0,0,0,18,18,1,1
330,1977,2,15,9,28169.375,39.5403790355402,-159.15139623438853,282,563,989.1665668240744,993.1665668240744,4.0,19.319306625589732,25.017384491613267,111.06083058226194,38750,-5.510619117061433,-59.97074781445148,89.68688886350216,68.66970385223655,112.9569221480829,0,0,0,0,0,18,18,1,1
330,1977,2,15,12,28169.5,43.068802935530336,-159.42747627080098,288,550,989.2138669169101,991.2138669169101,2.0,15.201352122153597,3.6305569230413677,178.96908195899073,100625,0.047300092835648684,0.4798888897244794,-7.475479948357511,130.7809455767703,130.99442173776887,0,0,0,0,0,20,20,1,1
330,1977,2,15,15,28169.625,43.796393650397164,-156.95149631925744,281,544,987.3115575013276,991.3115575013276,4.0,17.337544329749644,5.83729178039539,245.51972363957924,189375,-1.9023094155824218,-19.042955090807116,66.23900691933758,26.96813205562646,71.51843247883555,0,0,0,0,0,21,21,1,1
330,1977,2,15,18,28169.75,45.48533670520671,-155.75201120879333,280,536,984.8389586001254,990.8389586001254,6.0,19.105479194587453,14.004828674741002,218.50968611841583,150000,-2.472598901202291,-24.023788040219685,31.16947022564898,62.60063302879485,69.93121713336225,0,0,0,0,0,23,23,1,1
330,1977,2,15,21,28169.875,46.24874938205387,-155.6556466481767,281,533,983.6585381232295,991.6585381232295,8.0,20.773244616583845,14.368320078315664,250.73133533983872,197500,-1.1804204768958153,-11.32166647435267,2.4699679788267557,28.295872200515593,28.40347030565703,0,0,0,0,0,18,18,1,1
330,1977,2,16,0,28170.0,46.04677703415273,-155.10978681345122,279,533,979.186344575271,991.186344575271,12.0,26.256705028200624,15.362559848913007,311.58388162107514,305000,-4.47219354795845,-43.0392803196373,14.042609455329881,-7.486100136365642,15.913408672142303,0,0,0,0,0,17,17,1,1
330,1977,2,16,3,28170.125,46.49618009247966,-154.17900802581073,277,530,979.3658666764542,991.3658666764542,12.0,26.186046610400606,16.42284792252118,324.7154905426913,331250,0.17952210118310177,1.7147618507485936,23.749277161898018,16.65711336816753,29.008405531373768,0,0,0,0,0,17,17,1,1
330,1977,2,16,6,28170.25,47.36331999998889,-152.9523243093603,275,525,979.4818399874327,991.4818399874327,12.0,26.179747226722835,11.398696976561332,334.3745617149374,351250,0.11597331097858841,1.0921930317404611,30.796622248161285,32.14051946868619,44.51342419554958,0,0,0,0,0,19,19,1,1
330,1977,2,16,9,28170.375,48.107588262325045,-152.10272896905238,274,521,979.6735169110084,991.6735169110084,12.0,26.17909466654201,11.872192171654824,346.6438835958035,377500,0.19167692357557825,1.7839558077470212,21.026989979140225,27.58628494478068,34.68627141445873,0,0,0,0,0,17,17,1,1
330,1977,2,16,12,28170.5,48.85731471656117,-151.93689504859128,275,518,979.4462260198429,993.4462260198429,14.0,26.08269181699071,11.17767460032628,411.4621133397383,531875,-0.22729089116546675,-2.0910543431715265,4.044091362319382,27.788592694090013,28.081320461559834,0,0,0,0,0,17,17,1,1
330,1977,2,16,15,28170.625,49.49089155737008,-151.47997328184607,275,515,979.4079342465817,993.4079342465817,14.0,25.552307074380376,13.067625072128722,414.83283647526247,540625,-0.03829177326115314,-0.34893100222695855,11.000948700615227,23.4835101124795,25.93253014105054,0,0,0,0,0,18,18,1,1
330,1977,2,16,18,28170.75,49.910986962947774,-151.16771765464165,275,513,980.4955321252876,992.4955321252876,12.0,24.56893543168748,12.245538165002799,369.69488416823555,429375,1.0875978787058558,9.84922467356672,7.453220871529157,15.570825935642523,17.262708990128857,0,0,0,0,0,15,15,1,1
330,1977,2,16,21,28170.875,50.32922326235445,-150.84915448049753,275,511,982.1539626629706,994.1539626629706,12.0,22.92322891855097,11.323273805180724,410.73621666150774,530000,1.6584305376830162,14.92733122195012,7.537633847437354,15.501918210872597,17.237325553420888,0,0,0,0,0,12,12,1,1
330,1977,2,17,0,28171.0,50.74557503110286,-150.52411099675425,275,509,983.5856085467447,993.5856085467447,10.0,19.834990177871454,8.81236356326699,400.93202980407324,505000,1.4316458837740356,12.80921203396085,7.623376575025786,15.432068128103927,17.212338513842123,0,0,0,0,0,16,16,1,1
330,1977,2,17,3,28171.125,51.24699640160808,-149.7314058709173,274,506,984.9512210884873,992.9512210884873,8.0,17.130728372951424,7.002772492793229,401.6756447177361,506875,1.3656125417425937,12.132103570241577,18.391742643212595,18.585170837113846,26.14698400387455,0,0,0,0,0,15,15,1,1
330,1977,2,17,6,28171.25,51.65744391277193,-149.3873878734446,274,504,986.6209298651993,988.6209298651993,2.0,13.861612010229894,5.158804353976011,154.50968080927584,75000,1.6697087767120684,14.749264886621296,7.9102369257695235,15.213226965101988,17.14684002705787,0,0,0,0,0,19,19,1,1
330,1977,2,17,9,28171.375,52.26934331740422,-148.8579376757614,274,501,987.9710097331076,987.9710097331076,0.0,11.169173031301899,3.8361154109203928,14.104739588693906,625,1.3500798679083528,11.826618350582132,12.008921933072498,22.680036470645693,25.663169334757708,0,0,0,0,0,20,20,1,1
330,1977,2,17,12,28171.5,52.26934331740422,-148.8579376757614,274,501,,,,11.169173031301899,,0.0,0,0.0,,0.0,0.0,0.0,0,3,0,0,0,20,20,0,0
337,1977,2,15,12,28169.5,59.41671856874475,-114.7603086303817,237,416,1002.5798128712439,1002.5798128712439,0.0,15.45855655908981,7.489618065704708,14.104739588693906,625,,,,,,3,0,0,0,0,14,14,1,1
337,1977,2,15,15,28169.625,59.301369438112786,-114.19880318562221,236,415,1001.935750705229,1001.935750705229,0.0,16.477582810764094,7.217236656543974,14.104739588693906,625,-0.6440621660149191,-5.18941497679019,10.625054792209106,-4.275412706378026,11.452988393747038,0,0,0,0,0,15,15,1,1
337,1977,2,15,18,28169.75,58.867554571827654,-109.35899417569473,230,405,1001.3362845195353,1007.3362845195353,6.0,17.51813039914822,7.067324293897399,448.0336728133869,630625,-0.5994661856937455,-4.852041539452231,92.72633421230579,-16.079337411298308,94.11013839134766,0,0,0,0,0,19,19,1,1
337,1977,2,15,21,28169.875,58.64928726008258,-107.91051697439426,228,402,1000.1284694915962,1010.1284694915962,10.0,18.239139142774544,7.448962673988208,572.9372305296926,1031250,-1.2078150279390685,-9.798596066272443,27.93187349485397,-8.090072572799496,29.07986986156727,0,0,0,0,0,13,13,1,1
337,1977,2,16,0,28170.0,58.47597998007653,-106.08700653573769,226,398,1000.5349957745775,1010.5349957745775,10.0,18.03641921913138,7.3944078284363055,549.7230650024941,949375,0.40652628298135823,3.3041144742753388,35.33789889597687,-6.423630095746791,35.9169893224539,0,0,0,0,0,13,13,1,1
337,1977,2,16,3,28170.125,57.985894318645734,-104.57814783733217,223,395,1000.5312662122341,1010.5312662122341,10.0,18.571517871786895,7.424345312861915,510.8953969950291,820000,-0.0037295623435056767,-0.03047367526233324,29.647223912748107,-18.16501305744921,34.76960720384864,0,0,0,0,0,12,12,1,1
337,1977,2,16,6,28170.25,57.47297797044863,-103.11454498833196,220,392,1000.630837864358,1010.630837864358,10.0,18.86481326108027,4.984043070339976,509.1400726331846,814375,0.09957165212399559,0.8181966459186013,29.168657102720786,-19.011231904190442,34.81720114671787,0,0,0,0,0,14,14,1,1
337,1977,2,16,9,28170.375,56.984827330794566,-101.30993247402021,217,388,1001.7441869873452,1011.7441869873452,10.0,17.94168325616355,4.630549213002159,524.5370414662,864375,1.1133491229871288,9.198887248832829,36.4435662017759,-18.09329152260956,40.6878448142115,0,0,0,0,0,12,12,1,1
337,1977,2,16,12,28170.5,56.38223281753771,-100.3221720743804,214,386,1000.847171924279,1010.847171924279,10.0,18.31865458640831,4.591126650450242,486.3579280430509,743125,-0.8970150630662101,-7.462870814354085,20.26967348306382,-22.335150899336572,30.16154221531379,0,0,0,0,0,12,12,1,1
337,1977,2,16,15,28170.625,55.574008238971224,-98.93326160596624,210,383,1001.3601709551566,1011.3601709551566,10.0,17.629957597505808,5.735320704211772,510.700658891139,819375,0.5129990308776905,4.308820829108154,29.103244636471025,-29.956824242009635,41.766136606549274,0,0,0,0,0,9,9,1,1
337,1977,2,16,18,28170.75,54.74389266923175,-97.6068677719718,206,380,1002.4252042459425,1010.4252042459425,8.0,15.330837845737339,3.488326136346732,468.6510657907603,690000,1.0650332907857956,9.036183603134463,28.37790441371273,-30.76821329456274,41.85676060391587,0,0,0,0,0,6,6,1,1
337,1977,2,16,21,28170.875,54.15321150746251,-96.01853460858132,203,376,1002.2339900346238,1008.2339900346238,6.0,14.250647557205633,4.228539039195239,405.6185676485321,516875,-0.19121421131858368,-1.6343375509919924,34.47560849658632,-21.893582817751202,40.83988919925745,0,0,0,0,0,5,5,1,1
337,1977,2,17,0,28171.0,53.75015584076305,-94.86833237468518,201,373,1002.2299740610578,1006.2299740610578,4.0,13.814715935791567,5.768488091247637,283.852408727268,253125,-0.004015973566129105,-0.034501347516120585,25.20847283416885,-14.939248430773036,29.302700324498826,0,0,0,0,0,6,6,1,1
337,1977,2,17,3,28171.125,53.31558449008716,-94.09830125608225,199,371,1002.6006768844736,1006.6006768844736,4.0,13.086306362854879,6.075920594437121,290.7766557300799,265625,0.3707028234159225,3.202621595881043,17.05062211319228,-16.107376486744233,23.45573046683054,0,0,0,0,0,7,7,1,1
337,1977,2,17,6,28171.25,52.873703979157206,-93.34579119119763,197,369,1003.2617612101551,1007.2617612101551,4.0,12.41367558873367,4.62337934142648,338.80747144215917,360625,0.6610843256814405,5.744495600281863,16.834667910738,-16.37829033283881,23.487325047599455,0,0,0,0,0,10,10,1,1
337,1977,2,17,9,28171.375,52.424706964616995,-92.6104617997906,195,367,,,,11.779619707590237,,0.0,0,1.1771638382406673,,16.62010080595012,-16.642063365141343,23.519906969401973,0,2,2,0,0,10,12,0,0
338,1977,2,18,3,28172.125,50.7372399658369,-86.82942158028354,188,350,1005.7795368294447,1009.7795368294447,4.0,9.707278497991087,2.913281438956401,466.7368941459757,684375,-0.05358822311114636,-0.4795211836132624,46.9475250645164,-2.009077076598863,46.99049372355126,2,0,0,2,0,8,8,1,1
338,1977,2,18,6,28172.25,50.65396984966602,-85.16724401286507,188,345,1005.4728488522165,1011.4728488522165,6.0,9.921187126012335,2.5317697179844254,660.5175907957774,1370625,-0.30668797722813906,-2.747589732977317,39.05915981135487,-3.08640481976799,39.180911932731306,0,0,0,0,0,8,8,1,1
338,1977,2,18,9,28172.375,50.98234895707538,-83.10391580534649,190,339,1005.8301853594199,1009.8301853594199,4.0,9.82594595475589,1.6117007081527845,503.8374085273672,797500,0.35733650720343574,3.186425650859222,48.14540432625616,12.171363586662988,49.660064934486655,0,0,0,0,0,6,6,1,1
338,1977,2,18,12,28172.5,50.89028359735497,-82.10665571775112,190,336,1005.6332994760563,1013.6332994760563,8.0,10.398987371017679,1.461525902922367,928.987448201429,2711250,-0.19688588336372048,-1.7579534380974045,23.316622239341523,-3.412400306871664,23.56500262054926,0,0,0,0,0,6,6,1,1
338,1977,2,18,15,28172.625,51.02146158819441,-81.06229918358974,191,333,1006.4294643068363,1012.4294643068363,6.0,10.151399823045807,1.4342749266890313,692.7136157331284,1507500,0.7961648307800351,7.095603375649166,24.348920500968582,4.862109022923899,24.829620087977304,0,0,0,1,0,7,7,1,2
338,1977,2,18,18,28172.75,47.668128541709955,-81.43085812016236,177,332,1006.5615276160054,1012.5615276160054,6.0,9.198342175277064,2.7755902711930687,755.3611526842275,1792500,0.13206330916902517,1.237677734096364,-9.1993838500381,-124.29120737287145,124.63118748301517,0,0,1,0,0,7,7,1,1
338,1977,2,18,21,28172.875,46.74729556888209,-81.91291248724689,173,333,1006.739656812105,1012.739656812105,6.0,9.07957325649607,7.218078231350955,828.1055856877215,2154375,0.17812919609961683,1.6944251273647537,-12.242987989377381,-34.130651621828456,36.260062534952425,0,0,0,0,0,8,8,1,1
338,1977,2,19,0,28173.0,46.71263468637926,-81.61200390580879,173,332,1008.6164385754175,1010.6164385754175,2.0,8.245729450915434,6.718779312703773,443.7952704527398,618750,1.8767817633126105,17.86275206053884,7.647253367471397,-1.2847047624459136,7.75441489687996,0,0,0,0,0,9,9,1,1
338,1977,2,19,3,28173.125,46.19786977944444,-81.40236086113724,171,331,1009.7360451823636,1010.939073672289,1.203028489925491,8.045476170765015,5.154572573474143,455.3013434827462,651250,1.1196066069460358,10.74752859073946,5.378446182195663,-19.079748688603445,19.82333204471539,0,0,0,0,0,7,6,2,0
338,1977,2,19,6,28173.25,46.19786977944444,-81.40236086113724,171,331,,,,8.045476170765015,,0.0,0,0.0,,0.0,0.0,0.0,0,3,0,0,0,7,6,0,0
345,1977,2,15,18,28169.75,41.768266742556115,-70.26309850449911,163,289,1007.3556397815918,1007.3556397815918,0.0,8.214570066802693,4.285654930380988,14.104739588693906,625,,,,,,3,0,0,0,0,9,9,1,1
345,1977,2,15,21,28169.875,42.43549796603114,-69.10223450116113,167,286,1005.863075750852,1007.863075750852,2.0,9.51008990998092,5.8290038146646115,198.47127856504602,123750,-1.4925640307397408,-15.325138449392494,31.755581406087455,24.73090898308834,40.24965601801395,0,0,0,0,0,5,5,1,1
345,1977,2,16,0,28170.0,42.75615112310043,-65.62552268696024,173,275,1004.0233727299393,1010.0233727299393,6.0,11.554765002696572,6.865382144368631,420.31177336829836,555000,-1.8397030209127114,-18.774811988293088,94.61182803590732,11.885001426221844,95.35539451545148,0,0,0,0,0,5,5,1,1
345,1977,2,16,3,28170.125,43.56019321235487,-63.625722078566916,179,270,1002.5625089333828,1008.5625089333828,6.0,12.81128516407469,8.232359508800146,333.18249174678584,348750,-1.4608637965565139,-14.687160902310051,53.711678536403106,29.801800377928192,61.42549728706953,0,0,0,0,0,4,4,1,1
345,1977,2,16,6,28170.25,44.200309162969795,-61.95293642271211,184,266,1000.4947341970187,1008.4947341970187,8.0,13.809278282555818,9.908942158925639,406.84289451282194,520000,-2.067774736364081,-20.548768231421132,44.44871845539378,23.725882057546084,50.38458148814428,0,0,0,0,0,4,4,1,1
345,1977,2,16,9,28170.375,44.675024505776875,-59.984431994849885,189,261,999.2764191635357,1007.2764191635357,8.0,14.089632807078997,9.91268745124784,402.6649950950149,509375,-1.2183150334829407,-12.005286144366647,51.88286013032553,17.595312573493516,54.78527356746393,0,0,0,0,0,5,5,1,1
345,1977,2,16,12,28170.5,45.648777952047375,-56.84539145958475,198,254,998.3480225395411,1006.3480225395411,8.0,14.456778558962512,9.084710986974533,357.93816391798146,402500,-0.9283966239946312,-8.995116362922369,81.32875163156898,36.092147675978154,88.97757563461734,0,0,0,0,0,4,4,1,1
345,1977,2,16,15,28170.625,46.04931303453082,-55.437475351118174,202,251,997.7567276837165,1005.7567276837165,8.0,14.312806359332036,12.725240349879169,377.4171088692805,447500,-0.5912948558246717,-5.690232067523948,36.217519693801044,14.84582303843972,39.1421409028624,0,0,0,0,0,3,3,1,1
345,1977,2,16,18,28170.75,46.42081331042642,-54.00593165639602,206,248,996.4498404997024,1002.4498404997024,6.0,13.690456939304093,13.380132616548874,278.1889485195882,243125,-1.306887184014049,-12.498758931743943,36.57684416638418,13.769648642214808,39.08284473911796,0,0,0,0,0,1,1,1,1
345,1977,2,16,21,28170.875,47.036997874066415,-51.50751311280776,213,243,996.5703962598532,1000.5703962598532,4.0,13.008843601721125,9.031625217463079,218.96444142013897,150625,0.1205557601507462,1.141352452163507,63.10923069725431,22.838865784486185,67.11474345865474,0,0,0,0,0,1,1,1,1
345,1977,2,17,0,28171.0,47.58589236553573,-48.50799497573384,221,237,997.1375128066383,1001.1375128066383,4.0,11.3829646042523,4.910518445396956,317.59163273689796,316875,0.5671165467851097,5.32189583857124,74.98250590360115,20.344760904844097,77.69353568900603,0,0,0,0,0,1,1,1,1
345,1977,2,17,3,28171.125,48.01019563447299,-45.0,230,230,996.3820662264039,1000.3820662264039,4.0,10.982842750462098,5.3257452988773,339.1009383412178,361250,-0.7554465802342747,-7.041762087279307,86.97816669855321,15.726790288175371,88.38853667195514,0,0,0,0,0,1,1,1,1
345,1977,2,17,6,28171.25,48.42472015887745,-41.20078017691765,240,223,994.8371610277541,998.8371610277541,4.0,10.783249337100765,6.861491901288609,298.87407349973716,280625,-1.5449051986499398,-14.307765510322476,93.4377306707629,15.364341361174683,94.69251553509775,0,0,0,0,0,2,2,1,1
345,1977,2,17,9,28171.375,48.7678327071537,-38.68466542368593,247,219,993.793608827332,997.793608827332,4.0,10.146007045117127,6.799483681002602,263.498280684788,218125,-1.043552200421982,-9.613709107034802,61.46579424757137,12.71745821213527,62.76764776429163,0,0,0,0,0,3,3,1,1
345,1977,2,17,12,28171.5,49.026024147998626,-36.13332395585572,254,215,993.2607500774465,997.2607500774465,4.0,10.429659028706665,8.748283975371377,251.5235374254831,198750,-0.5328587498856359,-4.889691514288032,62.00514705587025,9.569859441668035,62.73930563174395,0,0,0,0,0,1,1,1,1
345,1977,2,17,15,28171.625,48.99384550267334,-34.53324430621763,258,212,993.5466917092141,995.5466917092141,2.0,9.347298839356137,8.519843912935393,162.6637921881437,83125,0.2859416317676369,2.6251776844579173,38.91292334186293,-1.1927007021555005,38.931197489604955,0,0,0,0,0,1,1,1,1
345,1977,2,17,18,28171.75,49.18722710189336,-32.39723048230131,264,209,993.2993307700762,995.2993307700762,2.0,8.260327097341577,7.595549067957036,183.9033045027407,106250,-0.24736093913787044,-2.2643433749158657,51.74380154856496,7.1676842465593555,52.237885640171626,0,0,0,0,0,2,2,1,1
345,1977,2,17,21,28171.875,49.18722710189336,-32.39723048230131,264,209,,,,8.260327097341577,,0.0,0,0.0,,0.0,0.0,0.0,0,3,0,0,0,2,2,0,0
356,1977,2,16,3,28170.125,72.12742648277538,-0.36034606338723113,359,280,1002.5002007670489,1002.5002007670489,0.0,9.088413509676494,4.725248736850189,14.104739588693906,625,,,,,,3,0,0,0,0,5,5,1,1
356,1977,2,16,6,28170.25,73.01598675032922,2.654195513406621,363,284,1001.4055823867395,1001.4055823867395,0.0,11.083850924106514,6.266057073208723,14.104739588693906,625,-1.0946183803094027,-7.9295768085411495,32.63457523082112,32.93446458997266,46.36479761979218,0,0,0,0,0,5,5,1,1
356,1977,2,16,9,28170.375,73.87306957667818,5.194428907734807,366,288,1000.453926664182,1002.453926664182,2.0,13.550446730620871,7.370069327492603,249.93662229367052,196250,-0.9516557225576253,-6.863345808134126,26.150736817018508,31.76775400139488,41.146703760642936,0,0,0,1,0,7,7,1,2
356,1977,2,16,12,28170.5,74.75024319356007,6.34019174590991,367,292,1000.6044657580438,1004.3178024744896,3.7133367164457742,14.38500485287411,9.894305153047025,329.2784611561371,340625,0.15053909386188025,1.0810301956890185,11.169976080238552,32.512418661241306,34.37769237219004,0,0,0,0,0,6,5,2,0
356,1977,2,16,15,28170.625,75.775439967977,9.536635758459411,370,297,999.0882722158489,1005.0882722158489,6.0,16.436636779729167,12.274356762620227,401.1800545910516,505625,-1.5161935421949602,-10.83675058878975,29.10875057289766,37.998893375842655,47.86684925607522,0,0,0,0,0,5,5,1,2
356,1977,2,16,18,28170.75,76.17992963420461,10.762537223142465,371,299,998.1040093605396,1004.1040093605396,6.0,17.626054994158704,9.654270148395735,371.3057627526865,433125,-0.9842628553092072,-7.022468909113132,10.853746437733205,14.992399588220422,18.508804854648993,0,0,0,0,0,4,4,1,2
356,1977,2,16,21,28170.875,76.35687372674545,11.864390451281128,372,300,996.787719684913,1006.787719684913,10.0,19.299563346557715,8.103214924521307,505.4143682786354,802500,-1.3162896756266127,-9.38431263614094,9.632977591867146,6.558428463422636,11.653636393643264,0,0,1,0,0,3,3,1,1
356,1977,2,17,0,28171.0,76.74818760717633,13.212746878335242,373,302,995.3803871783358,1007.3803871783358,12.0,21.43926002223863,9.812497721547116,511.4791664450302,821875,-1.4073325065772224,-10.01701871375835,11.455989958374145,14.504039409836054,18.482609802959285,0,0,0,0,0,4,4,1,1
356,1977,2,17,3,28171.125,78.21339549910375,25.346175941946694,382,312,995.3844113998371,1007.3844113998371,12.0,22.041260360914663,10.605847025226904,529.2567428401228,880000,0.0040242215013131495,0.028481144428325344,91.69967898454938,54.3078946872997,106.57475569400215,0,0,0,0,0,4,4,1,1
356,1977,2,17,6,28171.25,78.41206055539622,28.300755766006375,384,314,993.926545742693,1007.926545742693,14.0,23.987764334236335,8.594039944583564,555.3041529113096,968750,-1.4578656571441388,-10.310543653600927,21.99541011945324,7.363515453759567,23.195245766335436,0,0,0,0,0,7,7,1,1
356,1977,2,17,9,28171.375,78.46006651931015,32.30041551040264,387,316,992.6256765934318,1008.6256765934318,16.0,26.11917109959853,6.475842393577841,570.5014098343019,1022500,-1.3008691492612707,-9.198631458000133,29.651218235933104,1.7793398786362007,29.704558459580525,0,0,0,0,0,8,8,1,1
356,1977,2,17,12,28171.5,78.26920402518324,35.665001536861766,390,317,991.708103821745,1009.708103821745,18.0,27.396975176554,8.490565778321688,639.8641192502521,1286250,-0.9175727716866823,-6.492740135699048,25.351399494895954,-7.074313677879534,26.31994244603974,0,0,0,0,0,6,6,1,1
356,1977,2,17,15,28171.625,78.53024678219435,39.4470289669632,392,320,990.4907038326934,1010.4907038326934,20.0,28.53100049860658,11.616601283771743,665.4687289070755,1391250,-1.2173999890516278,-8.60626319989131,27.870166493440557,9.675543405648172,29.50190367699479,0,0,0,0,0,7,7,1,1
356,1977,2,17,18,28171.75,78.40770609005725,48.136358368332594,398,325,990.4889325679245,1010.4889325679245,20.0,28.620737657682415,12.469173474989729,644.2022307568618,1303750,-0.001771264768904075,-0.012527208726378225,64.65918235378183,-4.5419677577196005,64.81851073398536,0,0,0,0,0,7,7,1,1
356,1977,2,17,21,28171.875,78.21339549910375,55.85641334806225,403,330,990.828802342021,1012.828802342021,22.0,28.581206567642393,13.614363095318401,751.0028825390114,1771875,0.3398697740965872,2.4054044042328564,58.40739566696609,-7.2021173024448055,58.84976093609645,0,0,0,0,0,6,6,1,1
356,1977,2,18,0,28172.0,78.21339549910375,62.21607358779072,406,335,987.6060939140021,1013.6060939140021,26.0,32.05556969458607,18.0334212112012,742.4775647348224,1731875,-3.2227084280189593,-22.80849206705902,48.12631134550928,0.0,48.12631134550928,0,0,0,0,0,8,8,1,1
356,1977,2,18,3,28172.125,78.06865009639107,68.49856567595211,409,340,986.8100487138279,1012.8100487138279,26.0,33.299723337252786,17.880056460759878,672.7532009716322,1421875,-0.7960452001742669,-5.636943383669211,48.11837434454009,-5.364984812258114,48.41653655102825,0,0,0,0,0,7,7,1,1
356,1977,2,18,6,28172.25,77.9381667245051,73.24973549497429,411,344,985.7030054896634,1013.7030054896634,28.0,34.606256248149016,24.219746554029626,705.0959179312472,1561875,-1.1070432241645176,-7.8429724577612,36.78945442774403,-4.836362988398761,37.10598825050491,0,0,0,0,0,7,7,1,1
356,1977,2,18,9,28172.375,77.84224709610439,75.57922687248902,412,346,984.4450110832908,1012.4450110832908,28.0,35.8858779513802,29.7096968414884,626.0343819342452,1231250,-1.2579944063725998,-8.915605010662158,18.182891120399418,-3.555258681263102,18.527206853354787,0,0,0,0,0,7,7,1,1
356,1977,2,18,12,28172.5,77.4577281310585,77.08218715606606,414,347,985.7185164887109,1013.7185164887109,28.0,35.46495493559998,28.479982161087246,667.5581178124546,1400000,1.2735054054201465,9.038805820505695,12.097033700222575,-14.252186037239799,18.69393033004065,0,0,0,0,0,7,7,1,1
356,1977,2,18,15,28172.625,76.88630869533294,79.65131591200455,417,349,985.1971180742822,1013.1971180742822,28.0,36.16906395332099,19.988378544740552,648.9713153575649,1323125,-0.5213984144286951,-3.7090803964615007,21.603246696197818,-21.17964741292634,30.253557350378802,0,0,0,0,0,9,9,1,1
356,1977,2,18,18,28172.75,76.29025760815081,82.00252652819617,420,351,985.6109610962634,1013.6109610962634,28.0,35.89275106751102,16.79438052001191,678.3485307822539,1445625,0.4138430219811562,2.9512737909973805,20.65289608519824,-22.09261897187548,30.242783101799166,0,0,0,0,0,8,8,1,1
356,1977,2,18,21,28172.875,76.14334478820999,84.88958243896877,421,354,986.7614386163864,1014.7614386163864,28.0,34.83712001426755,13.127836969610945,707.9118074030165,1574375,1.150477520123095,8.209660104297024,25.625334652899724,-5.445320078821606,26.197505355165426,0,0,0,0,0,10,10,1,1
356,1977,2,19,0,28173.0,75.96182055696012,87.70938995736148,422,357,987.6680419117365,1015.6680419117365,28.0,34.25596965513915,12.217029339251312,739.7932552796458,1719375,0.9066032953500689,6.474497242442972,25.34989489187733,-6.728191192679784,26.227575712491653,0,0,0,0,0,12,12,1,1
356,1977,2,19,3,28173.125,75.97264718272558,89.54164354199956,422,359,988.1377378909862,1016.1377378909862,28.0,33.77870259572941,14.238322852115159,764.6538250632442,1836875,0.46969597924966366,3.3541701417774665,16.460300901762842,0.40128861926634274,16.465191718669033,0,0,0,0,0,10,10,1,1
356,1977,2,19,6,28173.25,75.97264718272558,90.45835645800044,422,360,989.9591415027026,1015.9591415027026,26.0,31.80352000475981,16.722977056166346,738.0432187426504,1711250,1.8214036117163779,13.006919114581898,8.23566359851381,0.0,8.23566359851381,0,0,0,0,0,7,7,1,1
356,1977,2,19,9,28173.375,75.96182055696012,92.29061004263853,422,362,991.8586524488059,1017.8586524488059,26.0,29.994560965895865,13.539590695735605,820.3819022868876,2114375,1.8995109461032553,13.56533606883368,16.472750251497104,-0.40128861926634274,16.477637373244704,0,0,0,0,0,7,7,1,1
356,1977,2,19,12,28173.5,75.95100209409819,93.2052159310135,422,363,994.2171150947742,1010.2171150947742,16.0,27.836506785729465,11.341616731023024,476.23081998748347,712500,2.3584626459683933,16.84372998768783,8.229158667747152,-0.40098606144627674,8.238922393155082,0,0,0,0,0,7,7,1,1
356,1977,2,19,15,28173.625,75.93659014223012,94.11818970398878,422,364,996.1408957756257,1008.1408957756257,12.0,25.66426083295289,10.222915281710593,389.35213277318815,476250,1.923780680851487,13.740172290379062,8.222730898198265,-0.5341786435916642,8.2400637283612,0,0,0,0,0,5,5,1,1
356,1977,2,19,18,28173.75,75.93659014223012,94.11818970398878,422,364,998.1399215890108,1010.1399215890108,12.0,23.540099512759728,9.434149666072917,441.548191353528,612500,1.9990258133850876,14.277593783023676,0.0,0.0,0.0,0,0,0,0,0,6,6,1,1
356,1977,2,19,21,28173.875,75.95100209409819,93.2052159310135,422,363,1000.7649165419247,1020.7649165419247,20.0,20.66966075927643,8.553687609475018,982.6864287299763,3033750,2.6249949529138394,18.747257363395434,-8.214474016049119,0.5341786435916642,8.231824231822225,0,0,2,0,0,6,6,1,2
356,1977,2,20,0,28174.0,75.96182055696012,92.29061004263853,422,362,1003.4019977583832,1021.4019977583832,18.0,18.145602777808577,7.780258888928001,1031.3834645225097,3341875,2.6370812164586095,18.832685863409182,-8.222949141773933,0.40098606144627674,8.232720231471179,0,0,0,0,0,8,8,1,2
356,1977,2,20,3,28174.125,75.7434237166556,91.35319195377969,423,361,1005.9871147660218,1011.9871147660218,6.0,15.241247480627456,6.525269074965545,289.4050600838035,263125,2.585117007638619,18.47933040191125,-8.55646493285319,-8.094873545687847,11.778797471211705,0,0,0,2,0,7,7,1,1
356,1977,2,20,6,28174.25,75.74697760554217,89.54886145321272,423,359,1008.8170221362924,1012.8170221362924,4.0,12.678700417753419,6.180209091501383,242.25685803530186,184375,2.829907370270521,20.22885968868833,-16.464888587372105,0.13172480468154218,16.465415500944534,0,0,0,0,0,7,7,1,1
356,1977,2,20,9,28174.375,75.51075120793703,87.78034444680212,424,357,1011.5954320123404,1015.5954320123404,4.0,10.474380864337038,5.07021170585831,309.98354293693046,301875,2.7784098760480993,19.881734690802787,-16.39990030922295,-8.755725651070415,18.590843494292116,0,0,0,0,0,7,7,1,1
356,1977,2,20,12,28174.5,75.50026188341823,86.89397290438357,424,356,1014.1514994164265,1016.1514994164265,2.0,8.626096000757773,5.004014783410094,181.72685737548065,103750,2.556067404086061,18.2915629540242,-8.22559702513836,-0.38878655680629937,8.234779985325554,0,0,0,0,0,7,7,1,1
356,1977,2,20,15,28174.625,75.50026188341823,86.89397290438357,424,356,,,,8.626096000757773,,0.0,0,0.0,,0.0,0.0,0.0,0,3,0,0,0,7,7,0,0
358,1977,2,16,3,28170.125,50.15737751895675,-131.97498809243632,230,476,1005.1731308079892,1005.1731308079892,0.0,8.764584882116157,2.463172496611369,14.104739588693906,625,,,,,,3,0,0,0,0,14,14,1,1
358,1977,2,16,6,28170.25,51.255422559097376,-130.21651905123255,230,469,1002.9073314835966,1004.9073314835966,2.0,10.518870543029779,7.6519117861914125,143.1474726395179,64375,-2.265799324392574,-20.126988444524876,40.79041240012641,40.699012563619625,57.62176123155256,0,0,0,0,0,16,16,1,1
358,1977,2,16,9,28170.375,52.56471001775136,-129.5596679689945,233,464,1002.4388928572231,1004.4388928572231,2.0,10.058204759672906,9.569497242254874,110.16153780134434,38125,-0.46843862637353595,-4.087245589365926,14.799133723540768,48.528707640556696,50.73509460156616,0,0,0,0,0,15,15,1,1
358,1977,2,16,12,28170.5,53.21129329324809,-125.41383984465571,228,453,1002.3229770534125,1004.3229770534125,2.0,12.066773848401382,9.453947460269118,111.95289977703462,39375,-0.11591580381063978,-1.0027955571895542,92.01183998805858,23.965593296152274,95.08169308560231,0,0,0,0,0,15,15,1,1
358,1977,2,16,15,28170.625,53.80516213547422,-122.13920694090548,225,444,1002.3564408988557,1002.3564408988557,0.0,11.907392830117583,12.278691420336036,14.104739588693906,625,0.03346384544318425,0.2872867879966372,71.66910506566362,22.011734115941444,74.97317560103767,0,0,0,0,0,16,16,1,1
358,1977,2,16,18,28170.75,53.85726099526233,-118.42307791046316,220,435,1001.0128804992238,1001.0128804992238,0.0,13.745161614753336,29.36240172727681,14.104739588693906,625,-1.3435603996318242,-11.52678806353031,81.22857093543416,1.9310429641344753,81.25152098971559,0,0,0,0,0,10,10,1,1
358,1977,2,16,21,28170.875,52.063026170919926,-115.10020244085621,209,430,1000.9960142394423,1000.9960142394423,0.0,13.836383205831586,16.696726550975292,14.104739588693906,625,-0.016866259781527334,-0.148161183692939,75.7128749870024,-66.50326989195548,100.77263688680438,0,0,0,0,0,8,8,1,1
358,1977,2,17,0,28171.0,50.59161297221469,-109.48612957246576,197,417,1000.3275205957677,1004.3275205957677,4.0,12.427379490157941,6.9769679200723465,226.11617692741794,160625,-0.6684936436745921,-5.994325830642772,132.07017802608073,-54.537894231287844,142.8877665548167,0,0,0,0,0,10,10,1,1
358,1977,2,17,3,28171.125,49.35570080056067,-106.18920625702695,189,409,1001.8825970103238,1005.8825970103238,4.0,11.614110514000796,7.51283462882675,233.04854500749258,170625,1.555076414556097,14.199184107338143,79.59024813315723,-45.80905442206224,91.83178678943908,0,0,0,0,0,11,11,1,1
358,1977,2,17,6,28171.25,47.81202329825201,-103.99847433726465,181,404,1003.2867238721105,1007.2867238721105,4.0,11.027277356340411,8.17676934576797,267.99005218518425,225625,1.40412686178679,13.129273018473013,54.52887785600021,-57.216368877355535,79.03867020480676,0,0,0,0,0,12,12,1,1
358,1977,2,17,9,28171.375,46.722902285079265,-101.78688944414064,175,398,1004.1380388340514,1012.1380388340514,8.0,10.597850025108036,6.222619775503335,733.5820685713843,1690625,0.8513149619408068,8.101241274107844,56.19243528150371,-40.36824372226383,69.18948535786399,0,0,2,0,0,12,12,1,2
358,1977,2,17,12,28171.5,46.00114865745601,-100.07732413007986,171,393,1004.4947757266502,1014.3169630436837,9.822187317033386,10.257107855299491,4.033697287162504,866.6097089895087,2359375,0.35673689259885577,3.43578631799054,44.01526650410533,-26.751780559670657,51.507295100210705,0,0,0,0,0,10,8,2,0
358,1977,2,17,15,28171.625,44.272811880494466,-98.25252904713608,163,388,1005.6649344696692,1013.2339803753367,7.569045905667444,10.405086401885532,3.5962548888452877,750.2077495658885,1768125,1.170158743018983,11.613495221208392,48.42799565129455,-64.06076037711067,80.30598846222738,0,0,0,0,0,11,9,2,0
358,1977,2,17,18,28171.75,42.81015232795004,-95.75240469381862,156,380,1004.9243974334947,1014.5450805373875,9.620683103892807,11.420006017813103,2.708356502613824,867.4128160610351,2363750,-0.7405370361745008,-7.549746514457917,67.97893226009938,-54.213440550380064,86.94959670713128,0,0,0,0,0,11,9,2,0
358,1977,2,17,21,28171.875,41.42663156478131,-94.50325958111902,150,376,1004.3565764507797,1012.1963975205099,7.839821069730242,10.641297573432093,4.807299182163551,789.2354899052027,1956875,-0.5678209827150568,-5.945616298449527,34.71525580280433,-51.28016325725696,61.925795345276484,0,0,0,0,0,9,7,2,0
358,1977,2,18,0,28172.0,41.26233707898895,-93.12706464910946,149,371,1007.0418608675325,1011.8331250525558,4.791264185023319,8.20701392775578,4.831404529058927,715.0421349002545,1606250,2.6852844167528382,28.20921804280247,38.34267609293099,-6.089571098595404,38.82323642011663,0,0,0,0,0,11,9,2,0
358,1977,2,18,3,28172.125,40.55580433406575,-92.27989253817823,146,368,1008.5175985443652,1010.5175985443652,2.0,7.529225163147792,3.12321588804989,190.28334018879895,113750,1.4757376768326502,15.724998000416527,23.857096514589053,-26.1876189145717,35.42530788181312,0,0,0,2,0,9,9,1,1
358,1977,2,18,6,28172.25,40.55580433406575,-92.27989253817823,146,368,,,,7.529225163147792,,0.0,0,0.0,,0.0,0.0,0.0,0,3,0,0,0,9,9,0,0
361,1977,2,16,6,28170.25,36.9624383100548,151.018601712254,470,559,991.4701780358813,991.4701780358813,0.0,11.755647465571261,11.670280107029248,14.104739588693906,625,,,,,,3,0,0,0,0,20,20,1,1
361,1977,2,16,9,28170.375,36.998870083401535,152.14193684124876,466,561,993.3449660838893,993.3449660838893,0.0,11.130350603290474,12.421772099625887,14.104739588693906,625,1.8747880480080494,21.583463433542967,33.25260009377883,1.3503427882736847,33.28000659018298,0,0,0,0,0,19,19,1,1
361,1977,2,16,12,28170.5,37.12375156843225,152.92791976200724,463,562,994.196658061303,996.196658061303,2.0,11.080367518364127,15.278783962561866,111.95289977703462,39375,0.8516919774137205,9.776831861578977,23.22821107615894,4.628729189084593,23.684909197724963,0,0,0,0,0,20,20,1,1
361,1977,2,16,15,28170.625,37.348606773366804,153.94397986778094,459,563,994.1860746652233,998.1860746652233,4.0,11.427376985494188,21.738000266627786,158.95234259311306,79375,-0.010583396079746309,-0.12086432897975138,29.93820868622518,8.334252672781657,31.076616723088392,0,0,0,0,0,22,22,1,1
361,1977,2,16,18,28170.75,37.74342796031048,155.99871903438702,451,565,993.1727539637328,997.1727539637328,4.0,11.160847204802495,13.605100543048538,149.9354384784672,70625,-1.0133207014904473,-11.46901960429106,60.22215259910007,14.634037639973057,61.974694201080524,0,0,0,0,0,19,19,1,1
361,1977,2,16,21,28170.875,38.20201248178278,157.74557464774256,444,566,994.9409203492872,998.9409203492872,4.0,10.058498873220197,12.761887837867034,172.74707473566775,93750,1.7681663855543592,19.80838131763143,50.87984230586444,16.997424075147876,53.64392582818721,0,0,0,0,0,17,17,1,1
361,1977,2,17,0,28171.0,38.805852090497666,158.60835561473604,440,565,994.8183824433535,1000.8183824433535,6.0,11.170956390174343,10.788119163567025,319.4653459417435,320625,-0.12253790593371378,-1.3546992061127299,24.920274797146075,22.381300332043427,33.49541312655214,0,0,2,0,0,21,21,1,2
361,1977,2,17,3,28171.125,39.41819153500394,160.31968691030963,433,565,992.5917941721124,996.5917941721124,4.0,11.661835194269944,13.506733550343053,196.9619693713725,121875,-2.226588271241053,-24.294241491555713,49.0013203738386,22.696346537815028,54.00234758363897,0,0,0,0,0,17,17,1,1
361,1977,2,17,6,28171.25,39.74296858358419,162.14968169778317,426,566,991.7680206154234,997.7680206154234,6.0,12.222164077558386,12.185978852905318,289.4050600838035,263125,-0.8237735566889751,-8.926751277914974,52.15396734192221,12.037853364238885,53.52519241554584,0,0,0,0,0,21,21,1,1
361,1977,2,17,9,28171.375,39.94269737192327,163.74509702013717,420,567,991.3392225390713,997.3392225390713,6.0,13.289066093244106,10.457716053436597,279.9710868514077,246250,-0.42879807635210454,-4.627262212331767,45.336683758736484,7.40294265605722,45.937114125819356,0,0,0,0,0,22,22,1,1
361,1977,2,17,12,28171.5,40.011702426167695,163.99991517564777,419,567,989.1583378786667,997.1583378786667,8.0,16.36390130093485,14.456951956107368,299.2067103010745,281250,-2.180884660404699,-23.500663811048152,7.233915948431507,2.557670648270555,7.672758245507051,0,0,0,0,0,20,20,1,1
361,1977,2,17,15,28171.625,40.28379210987443,166.1255171963378,411,568,988.4260173215065,994.4260173215065,6.0,16.374700467657348,10.597044071095443,257.3873444091637,208125,-0.7323205571601283,-7.846999071064609,60.10009098799436,10.08499747350406,60.94036520079105,0,0,0,0,0,18,18,1,1
361,1977,2,17,18,28171.75,41.493640221714166,169.70736230571637,397,566,985.4195621524772,993.4195621524772,8.0,17.395228499253317,12.04695451490792,284.9017742606504,255000,-3.0064551690293593,-31.438750167641064,99.43476608830444,44.84299068235894,109.07871708254525,0,0,0,0,0,19,19,1,1
361,1977,2,17,21,28171.875,42.26149283462658,171.51719210414106,390,564,982.7663172200222,992.7663172200222,10.0,19.9233515316685,19.656461909527863,301.5248932364378,285625,-2.6532449324549816,-27.333535548846463,49.6448105366305,28.460438322209676,57.224153665303255,0,0,0,0,0,18,18,1,1
361,1977,2,18,0,28172.0,42.672241288548484,172.85765804548382,385,563,978.2260232033736,992.2260232033736,14.0,24.005877538910504,25.727589513095882,316.6506184233564,315000,-4.5402940166485495,-46.40884548357166,36.52968167462289,15.224381401070767,39.575237615136935,0,0,0,0,0,19,19,1,1
361,1977,2,18,3,28172.125,42.589639283957624,174.55305717180298,379,564,976.4780403402309,990.4780403402309,14.0,24.234624959993905,16.97696783552601,350.0704303147574,385000,-1.747982863142679,-17.895099294099296,46.2632050676595,-3.0616412803914286,46.36440219028077,0,0,0,0,0,19,19,1,1
361,1977,2,18,6,28172.25,42.73816102685218,176.78137788910098,371,564,975.2609836448819,989.2609836448819,14.0,25.27859994121591,11.90531040801412,349.2169456715478,383125,-1.2170566953490196,-12.424708714878115,60.65946639632462,5.504954768760724,60.90874642030435,0,0,0,0,0,17,17,1,1
361,1977,2,18,9,28172.375,42.322221543498976,179.30638038121273,362,566,974.9670063940566,990.9670063940566,16.0,25.476747143472704,12.263969516821088,472.877040089824,702500,-0.2939772508252645,-3.025005485743695,69.1944770516567,-15.416786780011774,70.89113462960367,0,0,0,0,0,18,18,1,1
361,1977,2,18,12,28172.5,42.81015232795004,179.019483366959,363,564,974.9487178197631,988.9487178197631,14.0,24.3288457680131,14.61873022091655,478.93847384731384,720625,-0.018288574293546845,-0.1864513093637818,-7.80107513886403,18.085142594885948,19.695917241894588,0,0,0,0,0,13,13,1,1
361,1977,2,18,15,28172.625,42.55375900618676,-178.4669023031757,354,565,976.032106382501,982.032106382501,6.0,22.155095545146644,10.064057183002296,223.4611004069437,156875,1.0833885627378186,11.098831152894531,-68.62835216396017,-9.503212201874401,69.28319971605232,0,0,0,0,0,15,15,1,1
361,1977,2,18,18,28172.75,42.260302651927,-177.08916217383225,349,566,975.6655980244518,979.6655980244518,4.0,21.805769783755448,11.03477469206955,154.50968080927584,75000,-0.3665083580491773,-3.7758286563471284,37.7933216124797,-10.876952595097512,39.32738557621551,0,0,0,0,0,15,15,1,1
361,1977,2,18,21,28172.875,41.918444223074395,-175.45351661728202,343,567,977.7928789595485,981.7928789595485,4.0,20.26649782398626,10.61002419915625,152.56608544230824,73125,2.1272809350967874,22.060843607867984,45.110289027196366,-12.67097430636348,46.8560750169038,0,0,0,0,0,17,17,1,1
361,1977,2,19,0,28173.0,41.36321244888126,-174.6823015330787,340,569,982.1893665982951,986.1893665982951,4.0,15.93733674931341,10.0486507564778,153.8645436249672,74375,4.396487638746621,46.09317797162343,21.454038311410095,-20.57965213404461,29.728737642653766,0,0,0,0,0,19,19,1,1
361,1977,2,19,3,28173.125,41.23421320302718,-173.32983620869248,335,569,983.79967124869,987.79967124869,4.0,12.805125822871785,8.311915160398202,186.05429348039038,108750,1.610304650394828,16.925904957346194,37.697773806772005,-4.781353893315754,37.99978282884879,0,0,3,0,0,16,16,1,1
361,1977,2,19,6,28173.25,40.83123797499384,-172.02238106365658,330,570,986.1662487476575,990.1662487476575,4.0,10.784535929838636,8.323052192717222,207.2964896828013,135000,2.3665774989675263,25.07692979306208,36.66697103072236,-14.936266973580404,39.59240881373475,0,0,0,0,0,13,13,1,1
361,1977,2,19,9,28173.375,40.76023847944469,-171.48920039441725,328,570,988.551195783049,990.551195783049,2.0,9.149670010205027,9.485585580943589,127.72384924875728,51250,2.384947035391524,25.307889994457806,14.968919617595134,-2.631594566462975,15.198481650489365,0,0,0,0,0,12,12,1,1
361,1977,2,19,12,28173.5,40.76023847944469,-171.48920039441725,328,570,,,,9.149670010205027,,0.0,0,0.0,,0.0,0.0,0.0,0,3,0,0,0,12,12,0,0
364,1977,2,16,12,28170.5,70.50648517645,60.62423458118683,435,317,1010.2756258880625,1014.2756258880625,4.0,12.094280450544927,12.135229308591807,151.91269449366246,72500,,,,,,3,0,0,0,0,7,7,1,1
364,1977,2,16,15,28170.625,69.80732893212782,65.29176766799404,441,322,1010.698603523105,1014.698603523105,4.0,12.582921306826993,15.19904013899839,135.28790949515025,57500,0.42297763504248,3.122385632435049,59.70196502342315,-25.91420910016356,65.08356828681907,0,0,0,0,0,6,6,1,1
364,1977,2,16,18,28170.75,69.32567077821722,68.60411504291424,445,326,1010.979431764971,1014.979431764971,4.0,13.24289824510657,17.642796897428344,130.03927369650248,53125,0.28082824186596556,2.079553584374431,43.3400959915234,-17.852647697281014,46.87303009575651,0,0,0,0,0,5,5,1,1
364,1977,2,16,21,28170.875,68.48841533709613,71.37533074625267,450,329,1012.3581223720223,1016.3581223720223,4.0,13.340713638648843,15.007427582998353,152.56608544230824,73125,1.3786906070513942,10.26701349859339,37.66133350070975,-31.032852452738982,48.799733323094614,0,0,0,0,0,4,4,1,1
364,1977,2,17,0,28171.0,67.66486564350967,74.49136180317021,455,333,1014.0504376829864,1018.0504376829864,4.0,12.866765285824009,8.19017584908528,177.8539989415875,99375,1.6923153109640408,12.675673236462487,43.886412492500085,-30.524849255497944,53.45824186720642,0,0,0,0,0,5,5,1,1
364,1977,2,17,3,28171.125,66.77778889047565,77.38067770656923,460,337,1014.7631049115106,1018.7631049115106,4.0,13.344539249362935,8.145843409641966,186.5881662950577,109375,0.7126672285242239,5.372793382513386,42.22256993676829,-32.8794781605707,53.51453537289411,0,0,0,0,0,6,6,1,1
364,1977,2,17,6,28171.25,66.24356687437778,79.33021719550332,463,340,1016.1622336277256,1020.1622336277256,4.0,13.214987815497487,7.4074832667985175,216.2215635251125,146875,1.3991287162150547,10.59085053849444,29.10857780009423,-19.800925963970062,35.20491401175072,0,0,0,0,0,9,9,1,1
364,1977,2,17,9,28171.375,65.26193267555867,81.86989764584403,468,344,1017.2428097303462,1021.2428097303462,4.0,13.391936061862056,4.570816523928443,233.47498368984665,171250,1.0805761026205436,8.242898816406651,39.389313409296214,-36.38424757649361,53.62211747556547,0,0,0,0,0,9,9,1,1
364,1977,2,17,12,28171.5,65.41947998052777,84.99608004775966,468,350,1018.9582462920764,1022.9582462920764,4.0,11.76499337526572,4.7460109113947695,241.84590462993484,183750,1.7154365617301663,13.069261095556474,48.19446887822999,5.839487006361836,48.546950871832806,0,0,0,0,0,7,7,1,1
364,1977,2,17,15,28171.625,65.01178466913203,86.63353933657021,470,353,1018.9210470638671,1022.9210470638671,4.0,12.738037807295589,4.642051005324393,237.27844638474429,176875,-0.03719922820921056,-0.28433949930088276,25.63768066113317,-15.111216747992733,29.75969659265796,0,0,0,0,0,8,8,1,1
364,1977,2,17,18,28171.75,64.57546109933823,87.70938995736148,472,355,1020.2121643842015,1024.2121643842015,4.0,12.477749257074231,4.793408442217697,267.24666641978536,224375,1.291117320334306,9.904344013958477,17.119599906499342,-16.172322445504605,23.55047163519203,0,0,0,0,0,8,8,1,1
364,1977,2,17,21,28171.875,63.899812014484745,88.76002523368732,475,357,1021.5969751086337,1023.5969751086337,2.0,12.318054316793223,4.366647544290827,232.19331810450433,169375,1.3848107244323182,10.683709291885007,17.131931498278814,-25.04291680924899,30.34222732721979,0,0,0,0,0,8,8,1,1
364,1977,2,18,0,28172.0,61.74571733461751,94.36351139166193,484,369,1023.0007274785396,1025.0007274785396,2.0,12.52493483937264,1.3359977559493563,306.10859632710964,294375,1.4037523699058512,11.040951990219794,98.28848728726209,-79.84146663775724,126.63051183694388,0,0,0,0,0,10,10,1,1
364,1977,2,18,3,28172.125,60.94458720217504,96.48811511651054,487,374,1023.8548949903443,1025.8548949903443,2.0,11.580585913130372,1.4325115548235043,299.5389777108415,281875,0.8541675118046987,6.769825843787568,38.242893820812576,-29.693868769895015,48.41740152376717,0,0,0,0,0,11,11,1,1
364,1977,2,18,6,28172.25,60.755501071386156,99.13408772396237,487,380,1025.078086056209,1025.078086056209,0.0,9.258013322287452,1.2195688410117145,14.104739588693906,625,1.2231910658646665,9.712434923142162,47.9090497442675,-7.008472814191235,48.418960527730825,0,0,0,0,0,10,10,1,1
364,1977,2,18,9,28172.375,60.755501071386156,99.13408772396237,487,380,,,,9.258013322287452,,0.0,0,0.0,,0.0,0.0,0.0,0,3,0,0,0,10,10,0,0
368,1977,2,16,15,28170.625,58.5616859269717,-125.008956579831,246,439,999.8648204924527,1001.8648204924527,2.0,12.468592841181344,12.159483490746206,118.0087179853287,43750,,,,,,3,0,0,0,0,15,15,1,1
368,1977,2,16,18,28170.75,58.11692625767292,-123.97286769493928,243,438,998.4615771269262,1002.4615771269262,4.0,14.418022027660703,17.538870309714692,183.3616146530208,105625,-1.4032433655265777,-11.449343268912804,20.283579231162502,-16.485006267378555,26.137693434240845,0,0,0,0,0,12,12,1,1
368,1977,2,16,21,28170.875,57.66119578437942,-122.96484322692054,240,437,998.8188519393473,1002.8188519393473,4.0,13.833553463935909,16.648404511621557,222.56903656473068,155625,0.35727481242109205,2.9296641754116717,19.985887440623237,-16.891638849187046,26.167979666008353,0,0,0,0,0,9,9,1,1
368,1977,2,17,0,28171.0,57.91642511028713,-119.92086602503886,237,430,1001.628270110767,1003.628270110767,2.0,11.932945582581416,5.275890437837879,172.1702882348331,93125,2.809418171419675,22.972751328516452,59.92255185721446,9.460068723949314,60.664694191452085,0,0,0,0,0,11,11,1,1
368,1977,2,17,3,28171.125,57.65627345508717,-117.37451382607354,233,425,1002.7042699072332,1006.7042699072332,4.0,12.01680788676937,6.852259192951752,257.3873444091637,208125,1.075999796466349,8.82371056925118,50.49033442979263,-9.642514738806682,51.40284001220562,0,0,0,0,0,12,12,1,1
368,1977,2,17,6,28171.25,57.641510441417026,-114.67686317033706,230,419,1002.8065309468723,1008.8065309468723,6.0,12.394389723931111,10.15713534656803,301.19481662601754,285000,0.10226103963897913,0.8387260843497341,53.51173491569424,-0.54719074070135,53.51453252523318,0,0,0,0,0,15,15,1,1
368,1977,2,17,9,28171.375,57.805880309484266,-113.03943597990354,229,415,1003.9970752766842,1009.9970752766842,6.0,12.191603127890062,9.908060359951413,299.5389777108415,281875,1.1905443298119645,9.746947138708203,32.33484102424873,6.09236514077078,32.9037818050132,0,0,0,0,0,14,14,1,1
368,1977,2,17,12,28171.5,57.152767641417334,-110.44010895629891,224,410,1005.0559698800447,1011.0559698800447,6.0,10.992997887635683,8.077138633017311,296.19953136257203,275625,1.0588946033605315,8.732370552621934,52.253910565788665,-24.207605072111434,57.58888185009981,0,0,0,0,0,12,12,1,1
368,1977,2,17,15,28171.625,56.50612707472357,-108.80380067696223,220,407,1005.9741695112847,1009.9741695112847,4.0,9.982179992937082,9.361598244338602,200.46601490203662,126250,0.918199631239986,7.628170767502194,33.46862752189766,-23.967716792969743,41.165525339384764,0,0,0,0,0,12,12,1,1
368,1977,2,17,18,28171.75,55.760845568421786,-107.5924245621816,216,405,1007.9584233963755,1009.9584233963755,2.0,7.769421173994972,9.599977986841987,145.90056078898738,66875,1.9842538850907294,16.629220072594993,25.262383521368864,-27.623840807591026,37.433469010283574,0,0,0,0,0,12,12,1,1
368,1977,2,17,21,28171.875,55.760845568421786,-107.5924245621816,216,405,,,,7.769421173994972,,0.0,0,0.0,,0.0,0.0,0.0,0,3,0,0,0,12,12,0,0
371,1977,2,14,0,28168.0,34.4890449526267,140.11731484997264,512,542,1009.37447903656,1011.37447903656,2.0,7.689612230150242,3.0945253891692848,425.95379458899146,570000,,,,,,3,0,0,0,0,16,16,1,1
371,1977,2,14,3,28168.125,34.97218090761869,142.23151395769267,504,546,1006.5510523085546,1010.1474774335469,3.5964251249922383,8.22034710844562,3.5180084782901395,545.909911010575,936250,-2.8234267280054337,-34.127709487228685,64.21161604673846,17.907422358227855,66.6618887434921,0,0,0,1,0,18,17,2,0
371,1977,2,14,6,28168.25,34.50189275908866,141.660066337724,507,546,1004.6363055361907,1008.5196353907336,3.8833298545429717,8.666162097083454,2.6514726587771293,551.3492008750172,955000,-1.9147467723640148,-23.419793629003678,-17.45514348347122,-17.431218725867335,24.668389090039824,0,0,0,0,0,19,18,2,0
371,1977,2,14,9,28168.375,34.978641548939045,143.4458452934245,500,549,1004.0383405959404,1010.0383405959404,6.0,8.897583302600264,3.782328684824606,705.6599947558084,1564375,-0.59796494025024,-7.2266386477764355,54.232980824496366,17.670682238431738,57.0391902106071,0,0,0,0,0,15,15,1,1
371,1977,2,14,12,28168.5,35.9665983685621,146.07020257793937,489,552,1003.3172112077217,1011.3172112077217,8.0,9.387701362745316,6.0352719254344995,875.289727638004,2406875,-0.7211293882186873,-8.506752829188477,78.72543319005325,36.61859536199241,86.82520001270869,0,0,0,0,0,18,18,1,1
371,1977,2,14,15,28168.625,36.10731748359327,146.27560307158953,488,552,1000.8190935731162,1010.8190935731162,10.0,10.579153283970781,5.026144347820446,967.3836185197393,2940000,-2.4981176346054417,-29.369557184722204,6.150785643522649,5.215750557792694,8.064503575154463,0,0,0,0,0,15,15,1,1
371,1977,2,14,18,28168.75,36.52438662024208,146.8977381947838,485,552,998.2116078947562,1010.2116078947562,12.0,11.332920348675458,4.414435329097177,1080.8317548511018,3670000,-2.607485678360099,-30.353254083450175,18.530603546319938,15.458657351791318,24.131998568518455,0,0,0,0,0,14,14,1,1
371,1977,2,14,21,28168.875,37.202320592230535,147.95450306718956,480,552,997.1019683098643,1007.1019683098643,10.0,11.761269044974906,4.577931093225852,792.505642993406,1973125,-1.1096395848918474,-12.714868710520745,31.19813096732735,25.127606095036633,40.05895610124947,0,0,0,0,0,18,18,1,1
371,1977,2,15,0,28169.0,37.77131012362014,149.38587012455386,474,553,996.5195859873342,1006.5195859873342,10.0,12.309642664038236,10.513612502998585,765.3039857325812,1840000,-0.5823823225301749,-6.587409823316099,41.93642397607593,21.089583068129794,46.94075169709943,0,0,0,0,0,18,18,1,1
371,1977,2,15,3,28169.125,37.90864131792311,152.80660554467923,462,559,993.7487940673111,1003.7487940673111,10.0,12.674704619254474,13.963760377668441,741.6732919967951,1728125,-2.770791920023039,-31.244267955255204,100.03019927314578,5.090177358842832,100.15962595861534,0,0,0,0,0,17,17,1,1
371,1977,2,15,6,28169.25,38.24465890428716,154.06707319912422,457,560,992.4554145192983,1004.4554145192983,12.0,12.866436415821578,13.794938999877193,860.9669839491538,2328750,-1.2933795480127446,-14.47576113234496,36.69179350539502,12.454483622344128,38.74792733736588,0,0,0,0,0,17,17,1,1
371,1977,2,15,9,28169.375,38.22108810546757,155.21588874398395,453,562,992.2935747918726,1004.2935747918726,12.0,13.461568670130678,6.555893772206546,852.374515817139,2282500,-0.16183972742568586,-1.8122884816841633,33.45252240530699,-0.8736510818992894,33.46392866192597,0,0,0,1,0,17,17,1,2
371,1977,2,15,12,28169.5,38.531479059068204,155.9194837225559,450,562,991.4022226604642,1003.4022226604642,12.0,13.642034382013529,5.959124032384134,829.9054260758735,2163750,-0.8913521314084938,-9.913352695711907,20.400455135492884,11.504633105585588,23.420827325895086,0,0,0,0,0,22,22,1,2
371,1977,2,15,15,28169.625,39.21880483261895,159.00004765783365,438,564,989.7915545606359,1003.7915545606359,14.0,14.46070379799527,8.030838367927354,967.6920462714052,2941875,-1.6106680998283265,-17.648782526407057,88.45600717323018,25.47571299029666,92.05149188033032,0,0,0,0,0,22,22,1,1
371,1977,2,15,18,28169.75,39.50153019613598,160.56725749449197,432,565,987.309488666034,1001.309488666034,14.0,15.111189202242644,7.543036675273615,951.6257805423751,2845000,-2.4820658946018375,-27.03393906298352,44.821035153091636,10.479208685610875,46.029762185690885,0,0,0,0,0,26,26,1,3
371,1977,2,15,21,28169.875,39.58382366513807,160.81558518176286,431,565,986.3592050637127,1002.3592050637127,16.0,15.912996618396365,5.757468085724322,1062.921047055515,3549375,-0.9502836023212876,-10.332221496601333,7.093657854726623,3.050205416337903,7.721640683286279,0,0,0,1,0,20,20,1,3
371,1977,2,16,0,28170.0,40.45150142684812,164.69793679330277,416,566,985.0223358045295,1000.9897072953718,15.967371490842343,16.955326582905887,10.522370321521375,1004.5109950630787,3170000,-1.3368692591832951,-14.275651194569217,109.49210796639929,32.1604550214878,114.11755594173394,0,0,1,0,0,19,18,2,0
371,1977,2,16,3,28170.125,41.20844344730852,168.10435040707992,403,566,981.5299152032087,999.5299152032087,18.0,18.28885398805701,9.373211045842545,1058.7953675774831,3521875,-3.4924206013207733,-36.72766765318749,94.98055155628043,28.056037479759365,99.03760100588516,0,0,0,0,0,19,19,1,2
371,1977,2,16,6,28170.25,41.62079166627224,170.51518239481342,394,566,978.6405626099211,992.6405626099211,14.0,19.990400528453762,14.534706264929406,703.2595435954387,1553750,-2.889352593287622,-30.138657553836826,66.79760733879422,15.283676653228625,68.52379964821114,0,0,0,0,0,22,22,1,2
371,1977,2,16,9,28170.375,41.997812103616866,173.50758815656127,383,566,977.0578065870161,985.0578065870161,8.0,21.826712440400193,16.280803830817458,321.9466674599954,325625,-1.5827560229049413,-16.38860988553668,82.42339299698764,13.974253291345066,83.59961404328695,0,0,0,2,0,21,21,1,1
371,1977,2,16,12,28170.5,42.589639283957624,174.55305717180298,379,564,977.1407320894738,995.1407320894738,18.0,20.565601648650226,16.93989778923511,879.0319952715896,2427500,0.08292550245765597,0.8489557488137117,28.528532050894317,21.936059968082187,35.987051392163295,0,0,2,0,0,21,21,1,2
371,1977,2,16,15,28170.625,42.95318006189435,176.2046126339032,373,563,975.1622785760679,995.1622785760679,20.0,21.36214608992087,18.720744240543063,953.088053485612,2853750,-1.9784535134058387,-20.116110957410772,44.80309658127117,13.474630044993459,46.78550115281606,0,0,0,0,0,21,21,1,2
371,1977,2,16,18,28170.75,43.0085559195601,177.32719894105054,369,563,973.854902947021,981.854902947021,8.0,22.174744226792203,14.886166461558242,267.99005218518425,225625,-1.307375629047019,-13.279084596659624,30.42616422638877,2.052504810340697,30.495315140651545,0,0,0,2,0,18,18,1,1
371,1977,2,16,21,28170.875,43.044697131443606,178.45184230102205,365,563,973.5868429846113,993.5868429846113,20.0,23.02205660318494,14.02904085242459,890.3878706926008,2490625,-0.26805996240960667,-2.7208600741609343,30.46397533934181,1.3395731347438002,30.493413217600835,0,0,2,0,0,15,15,1,2
371,1977,2,17,0,28171.0,42.813754059931455,179.29959748776466,362,564,974.2094508007357,992.7568165171941,18.547365716458444,21.85120789660774,11.51606662686725,927.3799241588257,2701875,0.622607816124364,6.3470319638589885,23.050055555202313,-8.559899298620891,24.588146272145924,0,0,0,0,0,20,18,2,0
371,1977,2,17,3,28171.125,42.318647668529266,-179.02897806892085,356,566,975.2029807069772,991.8071595581804,16.604178851203176,20.288278687492046,5.055710627499939,950.9984038470808,2841250,0.9935299062416015,10.224054040786317,-45.80680383509816,-18.351106291072867,49.34598645982688,0,0,0,0,0,18,16,2,0
371,1977,2,17,6,28171.25,41.918444223074395,-175.45351661728202,343,567,975.9196885536456,989.5295160512078,13.609827497562073,19.62272485597068,5.063691548489369,873.5833973500402,2397500,0.7167078466684325,7.432577172588977,98.60379618429091,-14.833530920084693,99.71330032403046,0,0,0,0,0,22,20,2,0
371,1977,2,17,9,28171.375,43.73421078522246,-164.54463473956972,306,553,965.2825117456274,987.2825117456274,22.0,26.771986495175906,20.609599548560947,820.745573631955,2116250,-2.2470043055803397,-22.519004790145754,26.025447634762426,10.49996648793155,28.06373497661077,0,0,0,0,2,21,21,1,1
371,1977,2,17,12,28171.5,43.698880282127355,-163.3690462932786,302,552,963.5384206267117,993.5384206267117,30.0,27.876070144943252,15.132473737423863,1206.511872405012,4573125,-1.7440911189156758,-17.490190295075465,31.502285520586593,-1.3095242333252406,31.529491698063033,0,0,0,0,0,19,19,1,1
371,1977,2,17,15,28171.625,43.87573893268757,-162.10812287080176,298,550,962.581764246089,992.581764246089,30.0,28.04815663380894,10.957566148975383,1135.0591457403852,4047500,-0.9566563806227351,-9.562749637484812,33.68913841346063,6.555261558499643,34.32097756681257,0,0,0,0,0,17,17,1,1
371,1977,2,17,18,28171.75,44.028619693715825,-160.83867767571004,294,548,961.8906097772694,993.8906097772694,32.0,28.146922085512802,9.164550548449697,1204.2837784031206,4556250,-0.6911544688195863,-6.889694053301929,33.829679091609314,5.666521669300428,34.300971637402924,0,0,0,0,0,18,18,1,1
371,1977,2,17,21,28171.875,43.92828618232857,-159.66193591591673,290,547,962.4881975225634,994.4881975225634,32.0,28.234894290033782,9.578067277837981,1192.8307471060361,4470000,0.5975877452940039,5.9678050665255595,31.412288210138858,-3.718859146232196,31.631657622488635,0,0,0,0,0,17,17,1,1
371,1977,2,18,0,28172.0,44.034743005606664,-158.38522105721376,286,545,960.972147598383,994.972147598383,34.0,28.702093460708355,9.181977188945893,1265.5025147593333,5031250,-1.5160499241804064,-15.110899238844395,34.019890667995845,3.945819551739889,34.247955457184354,0,0,0,0,0,18,18,1,1
371,1977,2,18,3,28172.125,44.021272542760606,-156.83910407269835,281,543,961.7768258172687,993.7768258172687,32.0,27.751572988487332,7.321964553305153,1229.2181421451123,4746875,0.8046782188856741,8.022406817455686,41.20766695600289,-0.49928237601191744,41.21069155993197,0,0,0,0,0,18,18,1,1
371,1977,2,18,6,28172.25,43.972314456615095,-155.29496435276283,276,541,962.5142314948713,994.5142314948713,32.0,27.269164531412518,7.780919378555772,1275.6019557196378,5111875,0.7374056776026555,7.358227931535039,41.18894050516597,-1.8146302658694424,41.228894030035676,0,0,0,0,0,16,16,1,1
371,1977,2,18,9,28172.375,44.43410889619416,-153.75865034784223,272,537,962.7509043796202,990.7509043796202,28.0,26.304387902749728,5.749877287463096,1140.4796238506476,4086250,0.23667288474884118,2.3421577772708413,40.66021066672414,17.116399611286685,44.11602732698903,0,0,0,0,0,17,17,1,1
371,1977,2,18,12,28172.5,44.43410889619416,-153.75865034784223,272,537,,,,26.304387902749728,,0.0,0,0.0,,0.0,0.0,0.0,0,3,0,0,0,17,17,0,0
395,1977,2,17,6,28171.25,52.5936316504459,-11.78967061264759,326,199,987.4141185188878,987.4141185188878,0.0,13.726361647023475,5.437740133678235,14.104739588693906,625,,,,,,3,0,0,0,0,0,0,1,1
395,1977,2,17,9,28171.375,53.38476135676901,-11.309932474020215,328,202,984.8311728555514,986.8311728555514,2.0,16.20742854732047,7.03498343445448,233.47498368984665,171250,-2.5829456633364316,-22.2948666105721,10.605538491876732,29.323203220309928,31.182169485176516,0,0,2,0,0,0,0,1,2
395,1977,2,17,12,28171.5,53.707092624470256,-10.674906733969074,330,203,981.7957061170766,987.7957061170766,6.0,19.987832923963037,11.666582303509058,276.3953195770684,240000,-3.035466738474788,-26.09217087889496,13.931945965264562,11.947200555762453,18.353057497285352,0,0,1,0,0,0,0,1,1
395,1977,2,17,15,28171.625,54.2568391544594,-10.092580374160192,332,205,980.555654039662,986.555654039662,6.0,20.74196635338429,11.114801657744756,253.88531259649034,202500,-1.2400520774145845,-10.585103590931581,12.608266775012567,20.376341691747896,23.96171303994665,0,0,0,0,0,0,0,1,1
395,1977,2,17,18,28171.75,54.336612734625,-9.372092708579087,334,205,980.71923472466,986.71923472466,6.0,20.831197151260472,8.213508468770232,265.0039974024898,220625,0.16358068499801448,1.3949307772972181,15.569456123474739,2.9568057982293716,15.847733734173094,0,0,0,0,0,1,1,1,1
395,1977,2,17,21,28171.875,55.50417116094631,-7.007847228976875,341,209,981.7026819948562,987.7026819948562,6.0,20.940192856013127,7.5410753624960485,284.9017742606504,255000,0.9834472701961932,8.267158322225837,49.626926091376866,43.275524522678,65.84529456226836,0,0,0,0,0,1,1,1,1
395,1977,2,18,0,28172.0,55.707818424234866,-7.431407971172509,340,210,981.7341039821154,987.7341039821154,6.0,20.33787854802473,6.7471497663160696,278.54628835670917,243750,0.03142198725909111,0.26350091099534695,-8.84516321576639,7.548180834245358,11.628067174729246,0,0,0,0,0,3,3,1,1
395,1977,2,18,3,28172.125,55.707818424234866,-7.431407971172509,340,210,982.2736493307189,988.2736493307189,6.0,19.83314079536179,10.397922723977098,296.87042583783426,276875,0.5395453486035694,4.524560770395237,0.0,0.0,0.0,0,0,0,0,0,3,3,1,1
395,1977,2,18,6,28172.25,55.532091238987434,-6.632514615138462,342,209,983.2627211664652,989.2627211664652,6.0,19.701812173279286,11.315787690990765,325.3275843762874,332500,0.9890718357462902,8.311657901750415,16.75807089503951,-6.5133238243476965,17.979330559394743,0,0,0,0,0,2,2,1,1
395,1977,2,18,9,28172.375,55.58332915242648,-5.880162525882606,344,209,984.7271690400084,990.7271690400084,6.0,19.356714126633477,8.45229438687369,366.7232293060416,422500,1.4644478735432493,12.298931819430361,15.76123703299992,1.8991320087584043,15.875241579172862,0,0,0,0,0,1,1,1,1
395,1977,2,18,12,28172.5,57.46318432658211,-9.03499500047301,337,218,985.6600615134947,991.6600615134947,6.0,15.831309511164433,3.385027681185092,419.83818248734127,553750,0.9328924734862812,7.666566757659268,-62.88618814587592,69.6767860642099,93.85908147726666,0,0,0,0,0,2,2,1,1
395,1977,2,18,15,28172.625,57.00094274326053,-8.911106474422779,337,216,984.8810302585589,988.8810302585589,4.0,16.888987131151367,3.138844725867676,330.7854642750767,343750,-0.779031254935835,-6.435457964954798,2.500877994539008,-17.13297298316907,17.314535915974492,0,0,0,0,0,2,2,1,1
395,1977,2,18,18,28172.75,56.606489389074255,-8.019812250698187,339,214,984.9269112049733,994.9269112049733,10.0,17.878750937817603,3.4317438727888656,603.5444275292213,1144375,0.04588094641439966,0.380726596541788,18.18231922510297,-14.620403927814424,23.331372514620746,0,0,2,0,0,2,2,1,2
395,1977,2,18,21,28172.875,56.231873575356616,-6.766174822553061,342,212,985.038886004838,997.038886004838,12.0,18.772627879624384,4.362028474886829,656.2873339798977,1353125,0.11197479986469261,0.9332250082208773,25.827014521515636,-13.885125975408418,29.322881891920876,0,0,0,0,0,2,2,1,2
395,1977,2,19,0,28173.0,56.02549066250173,-6.34019174590991,343,211,984.9138133587377,998.2802965867344,13.36648322799665,18.46234431362928,6.766299051681273,691.707703925589,1503125,-0.12507264610030688,-1.044909024489688,8.823287597712499,-7.649577618529564,11.67760428229419,0,0,0,0,0,2,1,2,0
395,1977,2,19,3,28173.125,55.86242053548775,-5.159871746959461,346,210,985.6687560088321,997.0820834396774,11.413327430845237,17.103090187385966,7.360200182159969,646.3603682283014,1312500,0.7549426500944537,6.3192507797345385,24.550590635036894,-6.04419027041303,25.28366540978813,0,0,0,0,0,0,1,2,0
395,1977,2,19,6,28173.25,56.45048394207592,2.135463442376656,365,212,982.416764065152,994.416764065152,12.0,23.532700835074966,6.772238170783239,545.1805721264419,933750,-0.6653193745252792,-5.530862412998743,8.188742538063112,8.395505833606318,11.727745842948764,0,0,0,0,2,0,0,1,1
395,1977,2,19,9,28173.375,56.675142785613275,2.540467404610336,366,213,982.9358144962647,994.9358144962647,12.0,23.091216504194584,7.645910440969528,540.0476212482546,916250,0.5190504311125551,4.30375763901053,8.2470656418218,8.326974542395693,11.71975241761632,0,0,0,0,0,1,1,1,1
395,1977,2,19,12,28173.5,56.92686904587711,1.7714697400340769,364,214,984.2397342145493,994.2397342145493,10.0,20.708352307979826,6.648266222331004,479.9758120213127,723750,1.303919718284742,10.780540963537105,-15.55419738785229,9.330227681515526,18.137976870896864,0,0,0,0,0,1,1,1,1
395,1977,2,19,15,28173.625,57.07031808277277,4.55028113766384,371,215,985.0883610122854,993.0883610122854,8.0,20.425787941277257,6.4279935793802725,406.35360642898377,518750,0.8486267977360694,7.0048733482806895,55.986034908199656,5.31693504494846,56.23794006731,0,0,0,0,0,1,1,1,1
395,1977,2,19,18,28173.75,57.262984859360316,5.374377372324377,373,216,985.7605495795965,991.7605495795965,6.0,19.923984653173974,8.755297553705168,290.7766557300799,265625,0.6721885673110956,5.536461780672165,16.518199824498968,7.1411893631655055,17.995763694899583,0,0,0,0,0,1,1,1,1
395,1977,2,19,21,28173.875,57.49583994181209,5.411869152317029,373,217,986.2612557411964,994.2612557411964,8.0,18.80702677005879,9.34000687074491,377.94386014985884,448750,0.50070616159981,4.113338521900787,0.7467337641725231,8.630767937345398,8.663011399211282,0,0,0,0,0,1,1,1,1
395,1977,2,20,0,28174.0,57.47297797044863,5.8100994277192815,374,217,986.8879643523244,992.8879643523244,6.0,16.46675131936676,8.646323074476241,308.05216249613085,298125,0.6267086111279787,5.149767756737316,7.936613580705703,-0.8473784095695502,7.981721950710061,0,0,0,0,0,1,1,1,1
395,1977,2,20,3,28174.125,57.47297797044863,5.8100994277192815,374,217,987.5910965041544,991.5910965041544,4.0,13.01739813013649,7.31832570087201,234.32553289538015,172500,0.7031321518300683,5.7777525630334505,0.0,0.0,0.0,0,0,0,0,0,1,1,1,1
395,1977,2,20,6,28174.25,57.68089173338276,6.251292236934625,375,218,988.2689929613292,990.2689929613292,2.0,10.987548536599148,6.425366023019233,151.2564810824976,71875,0.6778964571747929,5.557562048995019,8.742751353354825,7.706318539284585,11.654314508177173,0,0,0,0,0,1,1,1,1
395,1977,2,20,9,28174.375,57.21594051868037,6.164841782235455,375,216,988.7876105201822,988.7876105201822,0.0,9.665168741229996,4.803999267929466,14.104739588693906,625,0.5186175588530023,4.273836072117834,-1.735037414766929,-17.233405404043562,17.320525876853708,0,0,0,0,0,2,2,1,1
395,1977,2,20,12,28174.5,57.21594051868037,6.164841782235455,375,216,,,,9.665168741229996,,0.0,0,0.0,,0.0,0.0,0.0,0,3,0,0,0,2,2,0,0
415,1977,2,19,3,28173.125,39.246116261990345,167.20153368968008,408,573,999.1493616105255,1001.1493616105255,2.0,8.835332309189596,12.399183946062186,178.4124116152771,100000,,,,,,3,0,0,0,0,17,17,1,1
415,1977,2,19,6,28173.25,39.06877826968222,168.84353799692482,402,575,998.0192404591875,1002.0192404591875,4.0,9.793630643260668,15.342994713056832,247.93869558672074,193125,-1.1301211513380987,-12.423123943705557,47.25111023333927,-6.573028348665083,47.706101496093076,0,0,0,0,0,14,14,1,1
415,1977,2,19,9,28173.375,38.64087849992762,170.771710495104,395,578,997.6483508833336,1001.6483508833336,4.0,10.446385409233924,10.152199424169666,234.32553289538015,172500,-0.3708895758537983,-4.1150640576158,55.82059170626874,-15.860094503028728,58.030001344847136,0,0,0,0,0,13,13,1,1
415,1977,2,19,12,28173.5,38.430120554610866,172.89097465808268,387,580,995.371783213559,999.371783213559,4.0,12.371647905576832,10.274404448662025,191.3259964331453,115000,-2.2765676697746677,-25.375718344924586,61.5324792577137,-7.8117380897512945,62.026359361031645,0,0,0,0,0,12,12,1,1
415,1977,2,19,15,28173.625,38.41436625771211,175.2256548198573,378,581,996.0309988193455,1000.0309988193455,4.0,11.322805123356178,7.767260382376044,209.20709679710012,137500,0.6592156057865941,7.35048178984473,67.80151533694867,-0.5839326293313661,67.80402981609636,0,0,0,0,0,12,12,1,1
415,1977,2,19,18,28173.75,38.0451054313307,177.31022967684956,370,583,995.7093590780721,999.7093590780721,4.0,11.358745118603487,7.571419856181238,220.774095676764,153125,-0.3216397412733932,-3.615855741427863,60.8466855108135,-13.686643500730165,62.36700528298534,0,0,0,0,0,13,13,1,1
415,1977,2,19,21,28173.875,37.60417162972182,179.61888070197887,361,585,997.3015796700679,999.3015796700679,2.0,10.809672653539,6.613561434863077,151.2564810824976,71875,1.5922205919957195,18.077968478489403,67.79078978476194,-16.343200575001823,69.73300068602042,0,0,0,0,0,12,12,1,1
415,1977,2,20,0,28174.0,38.056302096168686,-177.566074030924,350,583,995.521425031233,997.521425031233,2.0,11.321258889194228,7.758728374509738,128.50029317392293,51875,-1.7801546388349379,-20.00740170701124,-82.15441025636288,16.75820468344333,83.84619579195567,0,0,0,0,0,15,15,1,1
415,1977,2,20,3,28174.125,37.68546610698232,-175.54274993154453,342,584,996.0402563026287,998.0402563026287,2.0,10.393161257059747,5.625650964703309,159.57691216057307,80000,0.5188312713957566,5.879950527454911,59.347859083865984,-13.745026871580452,60.9187503281123,0,0,0,0,0,14,14,1,1
415,1977,2,20,6,28174.25,37.68435189258459,-172.98544081433766,332,583,996.7576309603286,996.7576309603286,0.0,10.166134244837622,5.311368425360342,14.104739588693906,625,0.7173746576998383,8.130261072052901,75.01088927523384,-0.0412983294071937,75.0109006439291,0,0,0,0,0,15,15,1,1
415,1977,2,20,9,28174.375,38.22557720228496,-169.79855466534198,320,579,997.3157963086601,997.3157963086601,0.0,9.092421457161842,4.86136899194069,14.104739588693906,625,0.5581653483315313,6.249738688960089,92.78967701666804,20.060502870103917,94.93338683655513,0,0,0,0,0,15,15,1,1
415,1977,2,20,12,28174.5,38.21659928102897,-167.1786562066011,310,577,997.3031718065349,997.3031718065349,0.0,8.729694120796866,3.740110774828645,14.104739588693906,625,-0.012624502125108848,-0.14138380326064842,76.29184574272514,-0.3327664318268211,76.29257146229847,0,0,0,0,0,17,17,1,1
415,1977,2,20,15,28174.625,38.22221035413338,-165.0603090631455,302,575,998.4891646398023,998.4891646398023,0.0,7.500796347321869,3.5005038959223014,14.104739588693906,625,1.1859928332673735,13.28047030682655,61.68254924655016,0.20797428741386587,61.682899857718354,0,0,0,0,0,16,16,1,1
415,1977,2,20,18,28174.75,38.22221035413338,-165.0603090631455,302,575,,,,7.500796347321869,,0.0,0,0.0,,0.0,0.0,0.0,0,3,0,0,0,16,16,0,0
417,1977,2,19,9,28173.375,37.5986067126095,-89.1107799227743,134,356,1011.326845105043,1013.326845105043,2.0,8.965007845479608,3.9224856689620355,208.25398433773478,136250,,,,,,3,0,0,0,0,6,6,1,1
417,1977,2,19,12,28173.5,37.57412593638673,-88.09507759870603,134,352,1010.4962096835717,1012.4962096835717,2.0,10.184722666874416,5.771962997190494,174.46599343804792,95625,-0.8306354214713793,-9.437406916514734,29.83753848963605,-0.9073793720978265,29.851332306036547,0,0,0,0,0,5,5,1,1
417,1977,2,19,15,28173.625,37.47183733785855,-86.06789400348303,134,344,1010.367959193339,1012.367959193339,2.0,11.062020586355603,4.267900491860782,198.47127856504602,123750,-0.12825049023274915,-1.4605312877094465,59.63191939067235,-3.7913244033050124,59.75232172013688,0,0,0,0,0,3,3,1,1
417,1977,2,19,18,28173.75,37.022062873749,-83.82644601840752,133,335,1008.535944356315,1010.535944356315,2.0,11.755088171091417,6.298505915587594,182.81831978578631,105000,-1.8320148370238893,-21.07971537927498,66.32921964764097,-16.67087951441923,68.39213114715233,0,0,0,0,0,3,3,1,1
417,1977,2,19,21,28173.875,36.94588407681689,-81.30157625290438,134,325,1006.1112147804396,1010.1112147804396,4.0,12.40745898548151,14.037873284194793,273.5010479928565,235000,-2.4247295758753897,-27.9489683315717,74.7906688844114,-2.823565245578741,74.84394880599035,0,0,0,0,0,3,3,1,1
417,1977,2,20,0,28174.0,35.65983341187617,-81.2444985721627,129,324,1007.9572014051964,1011.9572014051964,4.0,10.725001063107733,6.2174731815730775,399.4406469672623,501250,1.8459866247567698,21.93823312043847,1.7188949823671016,-47.6674364497564,47.6984181881535,0,0,0,0,0,4,4,1,1
417,1977,2,20,3,28174.125,36.35992425368155,-78.10493948196387,134,312,1007.5143689056006,1011.5143689056006,4.0,11.14613781822222,4.625347921711582,409.52352958418,526875,-0.4428324995958246,-5.175008466355321,93.70778081109879,25.948849933025247,97.23420693041929,0,0,0,0,0,4,4,1,1
417,1977,2,20,6,28174.25,37.008808998956845,-75.38441501527772,139,302,1006.2531052029433,1012.2531052029433,6.0,11.232521981720549,3.32960521551955,560.1197921604794,985625,-1.2612637026573066,-14.516933833086673,80.5192762380442,24.050897217220104,84.03451375983416,0,0,0,1,0,4,4,1,2
417,1977,2,20,9,28174.375,37.98019793623258,-75.12624929507106,143,302,1004.1710438462361,1012.1710438462361,8.0,12.390629753214833,3.557339183032381,635.026642794686,1266875,-2.082061356707127,-23.44036378986969,7.5424341128907555,36.00450720790368,36.7860415325064,0,0,1,0,0,6,6,1,1
417,1977,2,20,12,28174.5,38.57318940833633,-74.42745640318974,146,300,1003.5235099026519,1013.5235099026519,10.0,12.952031598238934,3.0031353328190016,791.2494912401166,1966875,-0.6475339435842762,-7.195103861546595,20.249469990807217,21.9792144138086,29.88522881218703,0,0,0,0,0,4,4,1,1
417,1977,2,20,15,28174.625,39.46498609232029,-73.8921913008181,150,299,1001.4829909618826,1015.4829909618826,14.0,15.186818008836035,6.08571919875947,952.1482786768082,2848125,-2.0405189407692523,-22.2419510817412,15.316400306428578,33.054422285818916,36.43057714332848,0,0,0,0,0,4,4,1,1
417,1977,2,20,18,28174.75,40.0393236761087,-73.1608551395661,153,297,999.015063761561,1015.015063761561,16.0,15.637143622238302,5.938417132057439,1108.8155551690693,3862500,-2.467927200321574,-26.578501395069456,20.753111950498482,21.287808499521745,29.72982418956145,0,0,0,0,0,4,4,1,1
417,1977,2,20,21,28174.875,40.441079906182736,-72.74972857721178,155,296,997.7784716750389,1013.7784716750389,16.0,15.599647006875635,5.854504970368435,1099.9888430598442,3801250,-1.2365920865221414,-13.207667270354609,11.597527722429936,14.891084844025533,18.874508128809552,0,0,0,0,0,2,2,1,1
417,1977,2,21,0,28175.0,41.22015573300262,-70.19090320685478,161,288,996.2771432858225,1014.2771432858225,18.0,17.580659262386245,7.0557380823641145,1120.4171605421457,3943750,-1.50132838921636,-15.784874983513168,71.33658093073336,28.876426471262278,76.95944246573832,0,0,0,0,0,3,3,1,1
417,1977,2,21,3,28175.125,41.599582632496954,-69.74812063237087,163,287,994.4424955354519,1016.4424955354519,22.0,18.896221124022574,5.974491555155982,1279.0284872925306,5139375,-1.834647750370641,-19.145074433547187,12.27272274891957,14.063448752081564,18.665484576465527,0,0,0,0,0,3,3,1,1
417,1977,2,21,6,28175.25,43.66600480719695,-67.32532755048902,174,282,991.2117141001801,1015.2117141001801,24.0,21.24083372744273,2.1746913598321407,1243.7789380968077,4860000,-3.2307814352717834,-32.418570977190114,64.95749601830856,76.59188737748504,100.42805136521332,0,0,0,0,0,3,3,1,1
417,1977,2,21,9,28175.375,45.04137764017308,-65.99285337311419,181,280,987.5188808046255,1013.5188808046255,26.0,24.21551896228039,3.4033268348243295,1174.2566321773143,4331875,-3.692833295554592,-36.15612745815745,34.89705333121239,50.978160423899965,61.77845232284766,0,0,0,0,0,4,4,1,1
417,1977,2,21,12,28175.5,47.036997874066415,-64.18789660462757,191,278,984.1147656118409,1014.1147656118409,30.0,27.379712267629227,3.223308353553948,1208.3243187113612,4586875,-3.404115192784666,-32.22820060919153,45.59353927795475,73.96761517272213,86.89061467287658,0,0,0,1,0,4,4,1,2
417,1977,2,21,15,28175.625,48.657199895502245,-63.50594727420703,198,279,979.2685312019493,1009.2685312019493,30.0,30.896072615024483,6.071131092960277,1017.4005902956388,3251875,-4.846234409891622,-44.72162793430958,16.696614266303847,60.05274830764097,62.33064661351281,0,0,0,0,0,2,2,1,1
417,1977,2,21,18,28175.75,49.835949067772894,-63.07001248719136,203,280,973.6338112397628,1007.6338112397628,34.0,34.456060647895924,10.893043025566804,1038.6874267479054,3389375,-5.634719962186355,-51.084063383868646,10.421488600552353,43.690309247656536,44.916038859268355,0,0,0,0,0,2,2,1,1
417,1977,2,21,21,28175.875,50.37055771936648,-63.804593884769034,204,283,971.1412667198634,1005.1412667198634,34.0,34.796926558902314,10.24782760614442,987.8353834684112,3065625,-2.492544519899384,-22.421680161662675,-17.36600442926991,19.815256599164794,26.34810247300868,0,0,0,0,0,2,2,1,1
417,1977,2,22,0,28176.0,52.06016730324479,-61.81598363951126,213,281,970.9139365124545,1002.9139365124545,32.0,34.34835822198722,11.054651391824518,924.802073656884,2686875,-0.22733020740895882,-1.997053478247931,45.316613476107975,62.62533791243075,77.30154206475514,0,0,0,0,0,2,2,1,1
417,1977,2,22,3,28176.125,52.894089716248324,-61.150633636280254,217,281,968.6800710252354,1002.6231582461783,33.943087220942836,34.82781157410928,7.421227272826364,975.2690544936507,2988125,-2.2338654872191546,-19.405959811453457,14.877797450794642,30.909313847060496,34.30356453027815,0,0,0,1,0,2,3,2,0
417,1977,2,22,6,28176.25,56.517265421445174,-59.16964434331953,233,284,962.7071202655742,1000.7071202655742,38.0,40.322793918024416,6.829833525219001,956.7339580349717,2875625,-5.97295075966118,-49.61538559389227,40.5062937139945,134.29291891990357,140.26884152395422,0,0,1,0,0,4,4,1,1
417,1977,2,22,9,28176.375,58.0007979760269,-59.5241519374192,238,288,958.1639892904952,998.1639892904952,40.0,43.430771820936485,7.225478843223026,911.3670277450401,2609375,-4.543130975078966,-37.11518358427241,-6.962878076317163,54.98709786051033,55.426190580149004,0,0,0,0,0,5,5,1,1
417,1977,2,22,12,28176.5,59.390860280059364,-60.491985528008044,242,293,953.1745507832252,999.1745507832252,46.0,47.2682485797482,11.133483214681183,1013.9728459745082,3230000,-4.989438507270097,-40.16430560532815,-18.26546881472492,51.52262530941855,54.66450649001073,0,0,0,0,0,5,5,1,1
417,1977,2,22,15,28176.625,60.24775641823616,-61.581047847739576,244,297,949.8411880567044,1001.8411880567044,52.0,49.29297429550081,18.57912726539478,1144.310838141704,4113750,-3.333362726520718,-26.600740424041042,-20.031454264033346,31.760834408858116,37.550096701326424,0,0,0,0,0,6,6,1,1
417,1977,2,22,18,28176.75,60.77885158422321,-62.54132628848317,245,300,948.7670485931808,1000.7670485931808,52.0,50.08836579532813,23.98585696722759,1105.1313245725287,3836875,-1.0741394635236066,-8.526983893197153,-17.37555300889364,19.685029341069978,26.25662245079627,0,0,0,0,0,6,6,1,1
417,1977,2,22,21,28176.875,61.09121959923719,-62.732583908039416,246,301,949.8961362296488,997.8961362296488,48.0,49.8847638573213,27.27417061238135,957.4614729634384,2880000,1.1290876364680298,8.936067972694056,-3.4269188076322727,11.577912838528622,12.074429104958531,0,0,0,0,0,7,7,1,1
417,1977,2,23,0,28177.0,61.296916515969905,-62.52556837372287,247,301,953.9212821366667,993.9212821366667,40.0,47.654265910534804,28.8895813128545,804.2175700578106,2031875,4.025145907017868,31.793846630152693,3.6851279062950564,7.624151189035473,8.468048714965308,0,0,0,0,0,7,7,1,1
417,1977,2,23,3,28177.125,61.60892301745248,-62.72006532229094,248,302,956.9781751834304,990.9781751834304,34.0,45.80622557665391,28.786910252165615,693.861443555544,1512500,3.0568930467637254,24.07437919864794,-3.427797742864344,11.564513348326674,12.061830970031528,0,0,0,0,0,8,8,1,1
417,1977,2,23,6,28177.25,62.01926594571584,-62.29540005285238,250,302,961.6485641908896,1001.6485641908896,40.0,41.84976421729661,25.420267434736814,1053.4267134965964,3486250,4.670389007459161,36.64047806212557,7.3848931808418925,15.209350602452584,16.90742419887695,0,0,0,0,0,9,9,1,1
417,1977,2,23,9,28177.375,62.43707804103067,-62.90931421646441,251,304,965.3731344984695,981.3731344984695,16.0,39.739618632974064,25.62101551630294,291.46003306679825,266875,3.7245703075799974,29.108275973767103,-10.529077083192785,15.486195096580397,18.726550744682434,0,0,0,0,0,9,9,1,1
417,1977,2,23,12,28177.5,62.43707804103067,-62.90931421646441,251,304,967.3245013083704,1001.3245013083704,34.0,39.502352357855656,32.655804124376374,962.0218261969794,2907500,1.951366809900792,15.250329283097253,0.0,0.0,0.0,0,0,0,0,0,7,7,1,1
417,1977,2,23,15,28177.625,62.43707804103067,-62.90931421646441,251,304,970.5619900373536,996.5619900373536,26.0,37.02451426301014,35.18978702810127,740.4652449315764,1722500,3.2374887289831533,25.301634176005695,0.0,0.0,0.0,0,0,0,0,0,10,10,1,1
417,1977,2,23,18,28177.75,62.43707804103067,-62.90931421646441,251,304,974.0587527963289,988.0587527963289,14.0,34.37820774155184,36.072020280068315,302.5129621649952,287500,3.496762758975383,27.327913557142736,0.0,0.0,0.0,0,0,0,0,0,7,7,1,1
417,1977,2,23,21,28177.875,62.331139509317794,-62.492324525110426,251,303,978.7702976702504,990.7702976702504,12.0,31.45928082742412,33.89408275368361,272.0423653362309,232500,4.711544873921521,36.85731726058529,7.177014344081627,-3.9266090875486612,8.180940888527013,0,0,0,0,0,9,9,1,1
417,1977,2,24,0,28178.0,62.31792330452471,-61.44558444349662,252,301,983.9651743291149,993.9651743291149,10.0,26.94892811434619,25.230891172564153,277.1141642750141,241250,5.194876658864523,40.64322572681604,18.02371757572425,-0.4898583074950399,18.030373163384418,0,0,0,0,0,9,9,1,1
417,1977,2,24,3,28178.125,62.20675822158109,-61.035982038113985,252,300,988.3654564574945,996.3654564574945,8.0,23.254956161859898,21.880106079335093,259.3124822609313,211250,4.400282128379477,34.461687649309006,7.079040885915177,-4.120331081117793,8.190845382650318,0,0,0,0,0,7,7,1,1
417,1977,2,24,6,28178.25,62.295280383940664,-60.4001709995294,253,299,992.2716776532128,998.2716776532128,6.0,19.884177978256567,19.07065000976996,194.93137937025432,119375,3.90622119571839,30.567494559782848,10.956291322304304,3.2810717833305536,11.437034212879164,0,0,0,0,0,7,7,1,1
417,1977,2,24,9,28178.375,62.49588331355101,-60.167465870602264,254,299,995.819141450059,999.819141450059,4.0,17.037376126422053,18.022704860240992,141.75087853467357,63125,3.5474637968461322,27.709322794535037,3.9832262498335536,7.435342680902087,8.435070369582421,0,0,0,0,0,7,7,1,1
417,1977,2,24,12,28178.5,63.09428865367155,-59.44903012645945,257,299,998.5636536268586,1002.5636536268586,4.0,14.708382614446242,12.883931769471893,193.39444569737623,117500,2.744512176799617,21.322664880404588,12.050099232244431,22.17987929947161,25.241868735219803,0,0,0,0,0,8,8,1,1
417,1977,2,24,15,28178.625,63.49029810239604,-58.95247776808495,259,299,1001.7310386931553,1005.7310386931553,4.0,12.471342743514777,11.842441731181388,233.04854500749258,170625,3.1673850662967014,24.522625908391486,8.21490567757267,14.678080533824104,16.820544683476864,0,0,0,0,0,8,8,1,1
417,1977,2,24,18,28178.75,64.31940302180618,-59.03624346792648,262,301,1003.422247634827,1005.422247634827,2.0,11.398769450812027,11.85342181983906,93.56025796273887,27500,1.6912089416717935,13.00125330013592,-1.3454656984602409,30.730753564817608,30.760193312254774,0,0,0,0,0,10,10,1,1
417,1977,2,24,21,28178.875,64.94961140463639,-59.39046324874091,264,303,1005.3279275207755,1009.3279275207755,4.0,11.737097669347298,16.364707125879868,137.4759960580849,59375,1.9056798859483388,14.573811999757158,-5.559072669177716,23.358658299863606,24.01104342820165,0,0,0,0,0,9,9,1,1
417,1977,2,25,0,28179.0,65.2640271475892,-59.57421619803874,265,304,1008.6930535939813,1012.6930535939813,4.0,10.076460573915726,19.712090511116404,149.9354384784672,70625,3.365126073205902,25.669572449110188,-2.8498917946274873,11.653811824511246,11.997216897355953,0,0,0,0,0,9,9,1,1
417,1977,2,25,3,28179.125,65.8550032555636,-58.760785111791236,268,304,1011.2676205355887,1013.2676205355887,2.0,8.768593014708836,13.05011584514279,101.71072362820549,32500,2.574566941607336,19.547248927048873,12.332607014050488,21.904514991633114,25.13764055717416,0,0,0,0,0,10,10,1,1
417,1977,2,25,6,28179.25,67.14270684415406,-57.485467490857154,274,305,1013.1471143601051,1015.1471143601051,2.0,8.656342015682945,7.79410208610454,201.94913757502948,128125,1.879493824516394,14.131161952393166,18.36095624306067,47.728702024417444,51.13857361224713,0,0,0,0,0,10,10,1,1
417,1977,2,25,9,28179.375,69.87085395941958,-49.9893625696422,291,302,1013.7135764367177,1015.7135764367177,2.0,9.481956259360828,12.848642895492668,212.04073057660514,141250,0.5664620766126609,4.17987396289099,95.55601980440298,101.11870611917057,139.1256469816929,0,0,0,0,0,10,10,1,1
417,1977,2,25,12,28179.5,69.87085395941958,-49.9893625696422,291,302,,,,9.481956259360828,,0.0,0,0.0,,0.0,0.0,0.0,0,3,0,0,0,10,10,0,0
422,1977,2,19,15,28173.625,48.00625111911189,140.09429657431758,477,500,1009.0924456669877,1009.0924456669877,0.0,8.423847533566741,1.736173780992176,14.104739588693906,625,,,,,,3,0,0,0,0,9,9,1,1
422,1977,2,19,18,28173.75,47.753109759910984,141.1701750950296,475,503,1007.9616381685657,1007.9616381685657,0.0,9.356799337226947,1.9358237818860653,14.104739588693906,625,-1.130807498422073,-10.583472169279043,26.810429574309833,-9.382678289015917,28.404819764156187,0,0,0,0,0,10,10,1,1
422,1977,2,19,21,28173.875,48.35451921938969,143.7292108489927,467,506,1006.6478420233974,1006.6478420233974,0.0,9.439877069749397,2.199178470480547,14.104739588693906,625,-1.3137961451683078,-12.180652905793602,63.02715526304584,22.291226910025856,66.85298121779124,0,0,0,0,0,10,10,1,1
422,1977,2,20,0,28174.0,48.461846149471924,145.56473482375617,462,509,1005.9852497226744,1005.9852497226744,0.0,9.27349375743085,1.7647253438022017,14.104739588693906,625,-0.6625923007228994,-6.132914309794177,45.113301266865875,3.978070039159811,45.28835382779399,0,0,0,0,0,12,12,1,1
422,1977,2,20,3,28174.125,48.72648387986974,147.23611150941633,457,511,1003.6299545519911,1005.6299545519911,2.0,9.70645986327232,1.670680159225158,269.1012803886529,227500,-2.3552951706833847,-21.711859942791726,40.86446181102618,9.808791006322584,42.02519030427503,0,0,0,0,0,11,11,1,1
422,1977,2,20,6,28174.25,48.99250517169491,149.63991229313552,450,514,1002.0790524991904,1004.0790524991904,2.0,9.863164571747399,3.2896993900979576,237.69729657196956,177500,-1.5509020528006658,-14.238836956875213,58.45912510237645,9.860072676796962,59.28482386688028,0,0,0,0,0,12,12,1,1
422,1977,2,20,9,28174.375,49.25993797844123,150.91412091521184,446,515,1001.087302278349,1003.087302278349,2.0,10.367014635291813,2.997995653804537,211.57109383040859,140625,-0.9917502208414953,-9.068555930374831,30.82230048831218,9.912390442835232,32.376993246486315,0,0,0,0,0,13,13,1,1
422,1977,2,20,12,28174.5,49.181845313871996,152.06931061208772,443,517,1000.6490876428408,1002.6490876428408,2.0,10.140531812042846,2.625877295689861,220.32307560268868,152500,-0.4382146355081932,-4.011744572951414,27.987558110121498,-2.894502702751243,28.13683626251647,0,0,0,0,0,15,15,1,1
422,1977,2,20,15,28174.625,49.40838141044677,153.3626969324524,439,518,1000.2239231165502,1002.2239231165502,2.0,9.36027247697873,2.8220616936601437,205.8518972422094,133125,-0.4251645262906095,-3.8790574219740055,31.19197468051486,8.39655488032552,32.30234385192812,0,0,0,0,0,14,14,1,1
422,1977,2,20,18,28174.75,49.509847713281644,154.37651403434134,436,519,998.9407410279796,1000.9407410279796,2.0,9.227915863505308,4.855648414387178,179.5240261806447,101250,-1.2831820885706111,-11.689600010762739,24.399282615468113,3.760846033539487,24.687425038619846,0,0,0,0,0,14,14,1,1
422,1977,2,20,21,28174.875,49.497660779699615,155.10047565683416,434,520,998.6876492728485,1000.6876492728485,2.0,9.129690304833904,5.6581063336283846,187.65135533505173,110625,-0.2530917551310267,-2.3060474815729224,17.427808039510303,-0.45170839522533895,17.433660933273224,0,0,0,0,0,12,12,1,1
422,1977,2,21,0,28175.0,49.512556328385706,157.56700907787462,427,523,998.7490327705477,998.7490327705477,0.0,7.696164107390779,5.091758193082351,14.104739588693906,625,0.06138349769928027,0.5591720629922134,59.35595242968713,0.5521031478265838,59.35852008533502,0,0,0,0,0,11,11,1,1
422,1977,2,21,3,28175.125,49.512556328385706,157.56700907787462,427,523,,,,7.696164107390779,,0.0,0,0.0,,0.0,0.0,0.0,0,3,0,0,0,11,11,0,0
423,1977,2,18,15,28172.625,41.45601293181685,-171.098283967108,327,567,981.4899292748704,981.4899292748704,0.0,13.820245919894251,8.218031422519925,14.104739588693906,625,,,,,,3,0,0,0,0,16,16,1,1
423,1977,2,18,18,28172.75,40.93962744002573,-166.7826798862901,311,566,979.6987858051097,979.6987858051097,0.0,12.989936168708791,9.583721076592482,14.104739588693906,625,-1.7911434697607183,-18.93804148463532,120.81989590980822,-19.139815626675865,122.32652937887202,0,0,0,0,0,14,14,1,1
423,1977,2,18,21,28172.875,40.65678276123993,-163.51948999456812,299,564,978.9833667659279,980.9833667659279,2.0,13.30386095876386,11.249054440707768,134.55064019432646,56875,-0.7154190391817247,-7.607625298094877,91.7505887701664,-10.483631103130275,92.34758827808501,0,0,0,0,0,16,16,1,1
423,1977,2,19,0,28173.0,40.75442216088433,-160.37333462825825,288,560,970.9508997206842,978.9508997206842,8.0,19.51615786621566,17.941078453653535,204.88317705582224,131875,-8.032467045243685,-85.24664660953042,88.33069244006637,3.6190019603591046,88.40479852434868,0,0,0,0,0,17,17,1,1
423,1977,2,19,3,28173.125,40.87667034405364,-159.17555546187393,284,558,968.1484671212104,976.1484671212104,8.0,21.52237027804436,19.452285054877574,201.4559765517849,127500,-2.802432599473832,-29.668159825116117,33.56818139969734,4.531125919980874,33.87261289870784,0,0,0,0,0,15,15,1,1
423,1977,2,19,6,28173.25,40.235290748178386,-157.43139266891058,277,558,967.5787616777743,977.5787616777743,10.0,23.26979746091033,16.38547818608051,302.84160209044046,288125,-0.5697054434361053,-6.110642340968954,49.35088432467293,-23.772719038222043,54.77820692663729,0,0,0,0,0,12,12,1,1
423,1977,2,19,9,28173.375,40.23875399664843,-154.80597005010748,268,554,967.5672224608127,977.5672224608127,10.0,23.566263447269126,12.937137214237081,344.0515788724086,371875,-0.01153921696168254,-0.12376043062995608,74.28071426461571,0.12836521985944807,74.28082517912111,0,0,0,0,0,11,11,1,1
423,1977,2,19,12,28173.5,40.2526087347478,-153.01760921469003,262,551,969.2336281160425,979.2336281160425,10.0,22.397765003969983,14.416182626100563,399.4406469672623,501250,1.6664056552299007,17.867431812822552,50.58847697765016,0.513525528879883,50.59108331897086,0,0,0,0,0,11,11,1,1
423,1977,2,19,15,28173.625,40.431817667298034,-151.10130239915844,256,547,969.1110281334045,979.1110281334045,10.0,22.858579768862686,12.506289774954569,440.64615120537735,610000,-0.12259998263805755,-1.3097018817490604,54.06380793486322,6.642374702990778,54.47032651006152,0,0,0,0,0,11,11,1,2
423,1977,2,19,18,28173.75,40.63587834117002,-148.80595620512995,249,542,970.2804119466217,980.3350941619136,10.054682215291832,23.250045667884425,9.384663687822394,478.5229089327537,719375,1.1693838132172822,12.440283168983115,64.55997371261113,7.563503887411611,65.0015138041256,0,0,0,0,0,12,11,2,0
423,1977,2,19,21,28173.875,44.55629695205541,-144.900973904765,246,521,963.4677789752191,981.4677789752191,18.0,29.156657195062095,19.49035509244859,531.8814824242746,888750,-4.867315186694468,-48.06339873166044,4.976066885662842,40.07119222573516,40.37897581715524,0,0,0,0,2,11,11,1,1
423,1977,2,20,0,28174.0,45.17358209591966,-145.45361803838256,249,520,949.6734119172241,979.6734119172241,30.0,41.653207700785984,33.65323869690146,602.8848159359432,1141875,-13.794367057994968,-134.7490286374218,-14.440216808927985,22.879658763587088,27.0554735058737,0,0,0,0,0,13,13,1,1
423,1977,2,20,3,28174.125,45.03514902940211,-145.2121349323471,248,520,948.6993823181621,980.6993823181621,32.0,42.82231882231813,30.304693692655928,652.0296325583872,1335625,-0.9740295990620507,-9.53765281484394,6.325119338436266,-5.131018225533501,8.144598374150648,0,0,0,0,0,12,12,1,1
423,1977,2,20,6,28174.25,45.063806180899384,-143.7461622625552,244,517,948.8241965087539,982.8241965087539,34.0,43.53047831042956,26.886609132796657,743.0132629031677,1734375,0.12481419059171457,1.2215647075974194,38.378188882317566,1.0621766195271345,38.39288477124262,0,0,0,0,0,13,13,1,1
423,1977,2,20,9,28174.375,45.97708198377273,-141.78397407004294,241,510,948.827778554215,982.827778554215,34.0,43.495804910247834,26.36366603895964,776.0170848144768,1891875,0.003582045461225789,0.0345132171805345,50.54107683754585,33.850545302250715,60.82976134392146,0,0,0,0,0,12,12,1,1
423,1977,2,20,12,28174.5,46.886159854188435,-141.2687209561442,242,506,950.5734076110393,984.5734076110393,34.0,40.62047535865127,23.705709014862443,859.463716293631,2320625,1.7456290568242547,16.56728651142144,13.052400552007104,33.69494903835528,36.134675186964046,0,0,0,1,0,12,12,1,2
423,1977,2,20,15,28174.625,47.97470571735065,-140.53463736201417,243,501,949.1580996810118,985.1580996810118,36.0,41.04875264341827,18.735862761792887,897.7309413636053,2531875,-1.415307930027484,-13.19990511317128,18.21509046410411,40.34692580118686,44.268091693927516,0,0,0,0,0,11,11,1,2
423,1977,2,20,18,28174.75,49.20606791890986,-140.00913957320734,245,496,950.68481555689,986.68481555689,36.0,39.54609897303142,13.201096347003476,932.9408314752884,2734375,1.5267158758782897,13.971598625500542,12.725453633665134,45.64040989175287,47.38126407420737,0,0,0,0,0,11,11,1,2
423,1977,2,20,21,28174.875,50.60961878273133,-139.23639479905884,247,490,952.5690414995943,988.3774147556854,35.808373256091144,37.71861954165774,9.342275912393452,970.8733956916061,2961250,1.8842259427042154,16.891333551935894,18.176004812346477,52.02257844817869,55.10640452193691,0,0,0,0,0,8,9,2,0
423,1977,2,21,0,28175.0,52.23058659689129,-140.39391050621228,254,487,954.3053535596115,988.3053535596115,34.0,35.11823353532513,5.305235890696568,994.0589785932247,3104375,1.736312060017226,15.217957424751093,-26.277349728057654,60.08113239623582,65.57622723780828,0,0,0,0,0,7,7,1,2
423,1977,2,21,3,28175.125,53.530839910033066,-141.0885281541952,259,484,955.8694487975526,987.8694487975526,32.0,33.30987843731422,4.668132065231839,967.794833679021,2942500,1.5640952379410737,13.47510667708427,-15.30309656337806,48.19385725804782,50.565132669035506,0,0,0,0,0,12,12,1,1
423,1977,2,21,6,28175.25,54.92230760001469,-142.64676201356718,266,482,957.7212169472143,987.7212169472143,30.0,31.70242635635325,4.328580908678996,956.6299821657266,2875000,1.851768149661657,15.676736390350468,-33.19086064748329,51.574715905259986,61.331758096673965,0,0,0,0,0,11,11,1,1
423,1977,2,21,9,28175.375,55.81394430302576,-143.930590100419,271,481,959.1839756602556,987.1839756602556,28.0,30.28159068870213,5.440087760106835,925.4472094686232,2690625,1.4627587130412576,12.25106036115087,-26.73680744005245,33.04849259497089,42.509525225369075,0,0,0,0,0,9,9,1,1
423,1977,2,21,12,28175.5,56.689527808913724,-146.6893691754392,279,482,961.9168747058773,985.9168747058773,24.0,27.298504452544467,3.5105317499829107,863.0441087627389,2340000,2.7328990456217435,22.656361609391027,-56.15165361407144,32.453481236132596,64.8555059184544,0,0,0,0,0,12,12,1,1
423,1977,2,21,15,28175.625,57.194870982206936,-148.01564276510592,283,482,962.4899607784554,984.4899607784554,22.0,26.291852459733146,3.62894220278482,808.2889590933619,2052500,0.5730860725781531,4.723820634563624,-26.63273250464901,18.730532361555458,32.55971872131982,0,0,0,0,0,8,8,1,1
423,1977,2,21,18,28175.75,57.47950851357834,-149.58516827274298,287,483,963.2769417814084,985.2769417814084,22.0,25.437177450111363,4.813038148635169,844.4016491289505,2240000,0.7869810029529617,6.46628238401652,-31.273945659799704,10.550083140377286,33.005513651524616,0,0,0,0,0,8,8,1,1
423,1977,2,21,21,28175.875,57.713741937319114,-150.28010595813004,289,483,964.1465841623898,988.1465841623898,24.0,25.681270641881742,5.759654673664845,938.3627884011124,2766250,0.8696423809813859,7.126958413886169,-13.758484222821643,8.68185612351985,16.268697362085607,0,0,0,0,0,10,10,1,1
423,1977,2,22,0,28176.0,57.62511407667878,-150.82830659625242,290,484,965.1465500026741,987.1465500026741,22.0,25.265308669593615,7.517758241251358,866.7244841319219,2360000,0.999965840284276,8.203022090238134,-10.879937326351852,-3.284989487522057,11.365042549787251,0,0,0,0,0,10,10,1,1
423,1977,2,22,3,28176.125,57.4207752504366,-151.02297984742845,290,485,966.7103290605827,978.7103290605827,12.0,25.091002832565824,10.237884871811112,405.6185676485321,516875,1.5637790579086868,12.857305782362966,-3.8853268238222034,-7.573813598211586,8.5122509918568,0,0,0,0,0,15,15,1,1
423,1977,2,22,6,28176.25,57.4207752504366,-151.02297984742845,290,485,968.1955063188791,980.1955063188791,12.0,25.11284064960389,10.741102058830512,412.4279881742546,534375,1.4851772582963167,12.211046090145453,0.0,0.0,0.0,0,0,0,0,0,15,15,1,1
423,1977,2,22,9,28176.375,57.4207752504366,-151.02297984742845,290,485,969.905303074422,977.905303074422,8.0,24.759414135908425,11.55472790739128,248.33956681952523,193750,1.7097967555429205,14.057855296455248,0.0,0.0,0.0,0,0,0,0,0,17,17,1,1
423,1977,2,22,12,28176.5,57.510544427603975,-150.47863816541837,289,484,972.6442978765117,980.6442978765117,8.0,24.58941590595099,13.645082894330187,238.53279052439012,178750,2.7389948020897283,22.49736876986457,10.837402108248101,3.3272923566895862,11.33667318408471,0,0,0,0,0,15,15,1,1
423,1977,2,22,15,28176.625,57.19163057348859,-150.32892172730558,288,485,974.9459943290071,982.9459943290071,8.0,24.094596926564897,14.212530602294498,205.8518972422094,133125,2.30169645249538,18.973062015839947,3.0067474922329547,-11.820534204764595,12.196948772871801,0,0,0,0,0,16,16,1,1
423,1977,2,22,18,28176.75,56.75512869839178,-149.8422270579111,286,486,976.9908672055155,986.9908672055155,10.0,24.593669605628516,16.426982070276573,234.74965185398838,173125,2.0448728765084523,16.939732217068016,9.889469094311028,-16.17893132720089,18.962052047645457,0,0,0,0,0,21,21,1,1
423,1977,2,22,21,28176.875,56.596919685368555,-148.6351127090173,283,485,980.1468642576928,992.1468642576928,12.0,24.023392512679383,16.7918086509002,278.54628835670917,243750,3.155997052177263,26.191795062165056,24.631114828973704,-5.86401319920837,25.319527414992923,0,0,0,0,0,20,20,1,1
423,1977,2,23,0,28177.0,56.54910717593332,-147.7676631446829,281,484,982.8108636327902,996.8108636327902,14.0,22.64412358122365,16.718875613134806,358.49353766379875,403750,2.663999375097337,22.12085992645414,17.722772581997894,-1.7721694931144072,17.811155288345045,0,0,0,0,0,19,19,1,1
423,1977,2,23,3,28177.125,56.81763519368797,-147.01725184256446,280,482,984.0824659785579,998.0824659785579,14.0,22.631218221681227,18.675795371893617,344.91784523447285,373750,1.271602345767751,10.526435789714093,15.222670256803752,9.952984412079164,18.187676829503776,0,0,0,0,0,17,17,1,1
423,1977,2,23,6,28177.25,56.689527808913724,-146.6893691754392,279,482,986.2542447921645,1000.2542447921645,14.0,21.308388216127952,18.74453523986107,357.38192711893817,401250,2.171778813606652,18.004545837693883,6.674104078899221,-4.748297084199439,8.190847969276204,0,0,0,0,0,24,24,1,1
423,1977,2,23,9,28177.375,56.42983706901898,-146.04094018032373,277,482,988.7619987870817,1000.7619987870817,12.0,19.54701907825195,15.043867674166759,308.05216249613085,298125,2.507753994917148,20.852178601369296,13.28973943628843,-9.625430924289049,16.409329503751817,0,0,0,0,0,22,22,1,1
423,1977,2,23,12,28177.5,56.223976148412554,-144.86580694308435,274,481,990.7790252336843,1002.7790252336843,12.0,18.095538923831153,14.219781344841397,334.96900584947593,352500,2.0170264466025403,16.8119348189507,24.214728749363882,-7.630229988604404,25.388452061602095,0,0,0,0,0,19,19,1,1
423,1977,2,23,15,28177.625,56.19240256586544,-143.47687822446105,271,479,993.2028539959098,1003.2028539959098,10.0,16.250868640839663,13.695681584077683,296.87042583783426,276875,2.423828762225603,20.210087943234747,28.64362516668159,-1.1702740650772625,28.667521763779085,0,0,0,0,0,21,21,1,1
423,1977,2,23,18,28177.75,56.284037146574434,-142.39607655971267,269,477,995.1619893871548,1003.1619893871548,8.0,14.415529336432344,11.11736040606731,265.379091712523,221250,1.9591353912449267,16.317980498102155,22.236061572280743,3.396433493347123,22.493959071737248,0,0,0,0,0,20,20,1,1
423,1977,2,23,21,28177.875,56.179780345678516,-141.5507264711007,267,476,997.181399264505,1005.181399264505,8.0,12.634984598980795,10.239988276312214,306.10859632710964,294375,2.0194098773502627,16.84049400509486,17.439422197902307,-3.8642757759395026,17.862420716946527,0,0,0,0,0,16,16,1,1
423,1977,2,24,0,28178.0,56.39809434140123,-140.76513455797235,266,474,998.6930271867806,1002.6930271867806,4.0,10.037318177790246,8.52905401918455,180.07726023841454,101875,1.5116279222755111,12.573934222665857,16.114343799808022,8.091802913289184,18.031898138740875,0,0,0,0,0,19,19,1,1
423,1977,2,24,3,28178.125,56.75993322540444,-140.2696530826918,266,472,1000.2948443680154,1002.2948443680154,2.0,8.193507101276108,6.763955654088423,122.15062797572998,46875,1.6018171812349464,13.26872839320288,10.066725224357915,13.411549387962172,16.769275885633,0,0,0,0,0,15,15,1,1
423,1977,2,24,6,28178.25,56.96710836590084,-139.4628184720405,265,470,1000.8102867842612,1000.8102867842612,0.0,7.659452515570345,6.183368960840235,14.104739588693906,625,0.5154424162456417,4.259625114423842,16.30189717444101,7.678941516691016,18.01993324912189,0,0,0,0,0,17,17,1,1
423,1977,2,24,9,28178.375,56.96710836590084,-139.4628184720405,265,470,,,,7.659452515570345,,0.0,0,0.0,,0.0,0.0,0.0,0,3,0,0,0,17,17,0,0
430,1977,2,20,0,28174.0,44.9169321611316,-173.1107674209748,336,554,988.2414279270389,992.2414279270389,4.0,8.472751021283079,14.112049560654341,141.04739588693906,62500,,,,,,3,0,0,0,0,14,14,1,1
430,1977,2,20,3,28174.125,45.065052465457704,-172.20180286594825,333,553,987.6949250626188,991.6949250626188,4.0,8.916165532880857,11.587590525558262,145.21718204012956,66250,-0.5465028644200356,-5.348543464146777,23.79576857988233,5.490075458036838,24.420883088910884,0,0,0,0,0,13,13,1,1
430,1977,2,20,6,28174.25,45.441413238173595,-171.24259665861845,330,551,987.9398590652113,991.9398590652113,4.0,8.96719064418357,9.072966697444135,155.79194081053757,76250,0.2449340025924903,2.3815762308273265,24.945163861490286,13.949802838011,28.580731258944034,0,0,0,0,0,14,14,1,1
430,1977,2,20,9,28174.375,45.76220575927426,-169.97477282415096,326,549,988.6845371267675,992.6845371267675,4.0,8.452972639308793,5.323587990170199,175.60259173501603,96875,0.7446780615561874,7.201167966594864,32.78295644548418,11.89016695063751,34.872601041799925,0,0,0,0,0,14,14,1,1
430,1977,2,20,12,28174.5,46.10640346807036,-168.98419112056422,323,547,988.1777895918187,992.1777895918187,4.0,8.767102281397351,4.978553011768599,171.01087916602197,91875,-0.5067475349488086,-4.871926946198237,25.455741380888917,12.757679660268877,28.473727531967757,0,0,0,0,0,16,16,1,1
430,1977,2,20,15,28174.625,46.67286594258416,-167.91584736105173,320,544,987.4766701246283,991.4766701246283,4.0,9.270010824098804,4.884558069241539,175.0352151573787,96250,-0.7011194671904377,-6.677451736829198,27.17056440592889,20.995917766819034,34.33756154720013,0,0,0,0,0,15,15,1,1
430,1977,2,20,18,28174.75,47.45692123804818,-166.75063404821285,317,540,986.681983382435,990.681983382435,4.0,9.377315654349616,5.868107015551214,170.4282168957679,91250,-0.7946867421932984,-7.4728306247565035,29.201456721706307,29.06099035480006,41.197891148352106,0,0,0,0,0,15,15,1,1
430,1977,2,20,21,28174.875,48.04570969758803,-165.92578716751038,315,537,986.6133051751484,990.6133051751484,4.0,9.832663001680217,6.720983832694692,165.69317331547472,86250,-0.06867820728657534,-0.639814966344576,20.439052944955723,21.823429855898674,29.90011665465593,0,0,0,0,0,15,15,1,1
430,1977,2,21,0,28175.0,48.977763882483224,-165.61463288034938,315,533,986.0826537729752,990.0826537729752,4.0,9.102436429743587,9.860297440477153,188.18069730433754,111250,-0.5306514021732437,-4.873002619829898,7.569652367471269,34.54656557272486,35.366153732558224,0,0,0,0,0,13,13,1,1
430,1977,2,21,3,28175.125,49.19126382267927,-164.20915881345175,311,531,985.8168901476383,989.8168901476383,4.0,9.124881847944335,7.370667435046707,209.20709679710012,137500,-0.26576362533684006,-2.432653663095847,34.044726129485994,7.913370062905681,34.95232185397986,0,0,0,0,0,16,16,1,1
430,1977,2,21,6,28175.25,49.60745150502361,-162.69439159314166,307,528,985.7648499839094,989.7648499839094,4.0,8.55569602955942,5.1749223501416415,206.33455182562614,133750,-0.05204016372896149,-0.47339040963926243,36.38239312456512,15.42598626954937,39.51758572912481,0,0,0,0,0,15,15,1,1
430,1977,2,21,9,28175.375,49.842765934191476,-161.565051177078,304,526,985.7481645796541,987.7481645796541,2.0,8.618374428652816,5.405567227782158,128.50029317392293,51875,-0.016685404255258617,-0.15125377642956642,26.994070481014447,8.72192356324233,28.368147485816152,0,0,0,0,0,13,13,1,1
430,1977,2,21,12,28175.5,50.42986596411654,-159.88960116331037,300,522,984.3193106856519,986.3193106856519,2.0,9.871866271244572,4.924758909999291,138.91557454041038,60625,-1.4288538940022408,-12.842251049159325,39.55857247385504,21.760848253511785,45.14881142268984,0,0,0,0,0,15,15,1,1
430,1977,2,21,15,28175.625,50.6692250975325,-157.98214769186944,295,519,984.4032597492576,984.4032597492576,0.0,9.42090687832699,5.18581138184767,14.104739588693906,625,0.08394906360568712,0.7519279289232729,44.80798960365269,8.871840427297705,45.677844573583826,0,0,0,0,0,10,10,1,1
430,1977,2,21,18,28175.75,50.95861790054689,-156.36102016125258,291,516,984.6744152249344,984.6744152249344,0.0,10.04750587462162,5.155789630826839,14.104739588693906,625,0.2711554756767873,2.4187478506996167,37.8469624398444,10.726337167549797,39.337601286236975,0,0,0,0,0,10,10,1,1
430,1977,2,21,21,28175.875,50.95861790054689,-156.36102016125258,291,516,,,,10.04750587462162,,0.0,0,0.0,,0.0,0.0,0.0,0,3,0,0,0,10,10,0,0
432,1977,2,20,9,28174.375,51.7510471790645,0.5130828175104619,361,192,982.0555159861727,982.0555159861727,0.0,15.202881062577998,8.834717385114272,14.104739588693906,625,,,,,,3,0,0,0,0,0,0,1,1
432,1977,2,20,12,28174.5,52.671814657324795,2.2766149819708192,366,196,980.662598690648,984.662598690648,4.0,17.051579766384446,15.120865145055358,141.75087853467357,63125,-1.3929172955246758,-12.136209862424902,39.635183658955754,34.12822406728308,52.30376144854052,0,0,0,0,0,0,0,1,1
432,1977,2,20,15,28174.625,53.31558449008716,4.098301256082255,371,199,979.3815041512338,985.3815041512338,6.0,17.527582395382122,18.435589479753034,199.96919625742038,125625,-1.281094539414189,-11.067790097972404,40.33628311522399,23.861313109996992,46.865531031716884,0,0,0,0,0,0,0,1,1
432,1977,2,20,18,28174.75,53.94224554227951,5.620533828591978,375,202,979.863947004484,985.863947004484,6.0,17.00165290647133,16.624610105339745,217.13970592909533,148125,0.4824428532501042,4.134540477418323,33.209089474749895,23.227176576509923,40.52586032965019,0,0,0,0,0,1,1,1,1
432,1977,2,20,21,28174.875,54.540506224869105,7.1934700552955375,379,205,980.6329073060176,986.6329073060176,6.0,16.277234612703314,13.928976567347561,259.3124822609313,211250,0.7689603015336616,6.540631248732392,33.8212033891084,22.17451757162475,40.44234202196668,0,0,0,0,0,1,1,1,1
432,1977,2,21,0,28175.0,54.87648558607059,8.760278000016127,383,207,982.0497930217311,986.0497930217311,4.0,14.747812755941446,10.42338820879224,190.28334018879895,113750,1.416885715713579,12.001843988334345,33.41148167844546,12.453066807628149,35.65678029301505,0,0,0,0,0,1,1,1,1
432,1977,2,21,3,28175.125,55.60353199624169,10.864059922087723,388,211,983.147346083715,987.147346083715,4.0,13.895711071105524,7.477540304470312,224.7925586661551,158750,1.097553061983781,9.215398550200012,44.0485692639458,26.94795741538857,51.63786268875026,0,0,0,0,0,1,1,1,1
432,1977,2,21,6,28175.25,56.15297178376407,12.215719134130858,391,214,984.1966820462374,988.1966820462374,4.0,13.380178569674715,6.179360991792709,237.69729657196956,177500,1.0493359625224548,8.75348748134011,27.903689435558892,20.364972289717894,34.544869090461155,0,0,0,0,0,1,1,1,1
432,1977,2,21,9,28175.375,56.507718068397764,13.140333109269038,393,216,985.9042570373246,989.9042570373246,4.0,12.742244165604848,5.578762773730414,248.33956681952523,193750,1.7075749910871674,14.185841346011987,18.91132643327713,13.148662365757344,23.033141111768707,0,0,0,0,0,2,2,1,1
432,1977,2,21,12,28175.5,57.75978198285317,17.41419661530868,402,224,986.9513041209394,992.9513041209394,6.0,14.014715184088258,8.17683329267522,344.91784523447285,373750,1.0470470836148889,8.576487096933892,84.49332849635822,46.40771837405619,96.39916433807511,0,0,0,0,0,1,1,1,1
432,1977,2,21,15,28175.625,58.20510236018623,17.658981196133045,402,226,987.2008655292836,993.2008655292836,6.0,14.040858141715692,7.995665341970962,306.10859632710964,294375,0.24956140834416146,2.0342764611349655,4.780346083737943,16.505788896958926,17.184084956472987,0,0,0,0,0,1,1,1,1
432,1977,2,21,18,28175.75,58.64928726008258,17.910516974394255,402,228,987.6192768742959,995.6192768742959,8.0,14.319324494306908,8.402459548594779,365.63663957157263,420000,0.4184113450122823,3.394430160648688,4.850609918557254,16.463702453531702,17.163388798848317,0,0,0,0,0,1,1,1,1
432,1977,2,21,21,28175.875,58.79803508338376,18.434948822922006,403,229,987.9042388553839,995.9042388553839,8.0,15.043856872449235,8.494432136402757,333.48090872711424,349375,0.28496198108798126,2.308157607508503,10.069981270109482,5.513334433504253,11.480478184989485,0,0,0,0,0,1,1,1,1
432,1977,2,22,0,28176.0,58.94401640060766,18.964225033123356,404,230,988.6701706954036,996.6701706954036,8.0,14.893361976836957,8.605468540765068,331.38634663094945,345000,0.7659318400197662,6.194416507866899,10.120215213041506,5.4107939533957,11.475863678363394,0,0,0,0,0,1,1,1,1
432,1977,2,22,3,28176.125,59.2275436084697,20.03721016919299,406,232,989.4305092489086,999.4305092489086,10.0,14.716814005143211,7.204903942955862,518.6249645218626,845000,0.7603385535049892,6.130986430569903,20.34738672389129,10.50892902665267,22.900954909758905,0,0,0,0,0,1,1,1,1
432,1977,2,22,6,28176.25,59.28246863067967,20.976784201830256,408,233,991.0596594838778,997.0596594838778,6.0,14.039044662378712,6.129312786055234,283.150671167388,251875,1.6291502349691291,13.129156956379727,17.78881873655884,2.0357946051957034,17.904930374527872,0,0,0,0,0,2,2,1,1
432,1977,2,22,9,28176.375,59.32888015227508,21.919382784656207,410,234,992.7845046835332,996.7845046835332,4.0,13.342902904658352,5.53984701222238,222.56903656473068,155625,1.7248451996553922,13.893670557523713,17.821745557934413,1.7202419130880804,17.904576146094605,0,0,0,0,0,3,3,1,1
432,1977,2,22,12,28176.5,59.36674353796818,22.86450812189965,412,235,994.2217636304503,1002.2217636304503,8.0,12.415167065729008,5.308534953084818,579.3254579638584,1054375,1.4372589469171362,11.572623100722176,17.84960285768309,1.4034054648863405,17.904688466317452,0,0,2,0,0,3,3,1,2
432,1977,2,22,15,28176.625,59.51342997140058,24.373436933545527,415,237,995.6207943991473,1003.3851814060322,7.764387006884935,11.941969286810288,3.683291516663885,618.1996498700187,1200625,1.3990307686969754,11.24779905460864,28.37390818778251,5.436929068422395,28.890117056595113,0,0,0,0,0,3,4,2,0
432,1977,2,22,18,28176.75,59.94858351097935,25.695536121449475,417,240,997.0820093119472,1004.7673571926102,7.68534788066303,11.573083200102118,3.7280328068437667,657.6500268776895,1358750,1.4612149127999146,11.695783674088121,24.539452876691314,16.128955304193667,29.36542093503907,0,0,0,0,0,3,4,2,0
432,1977,2,22,21,28176.875,59.952087583526435,26.66167128703018,419,241,998.5705154813357,998.5705154813357,0.0,11.04241175802202,4.581140962770077,14.104739588693906,625,1.4885061693885655,11.913805472864656,17.930656004324355,0.12987836327701113,17.931126376629567,0,0,0,2,0,3,3,1,1
432,1977,2,23,0,28177.0,59.946831612666315,27.627751515907587,421,242,,,,9.675773792632755,,0.0,0,1.681598717391462,,17.932479694309173,-0.19481243141236762,17.9335378514738,0,2,2,0,0,4,5,0,0
436,1977,2,18,12,28172.5,50.25216058580318,-152.03417287910926,278,513,961.133875961004,989.133875961004,28.0,26.07651616199861,5.225888893730517,1107.5589031201832,3853750,,,,,,3,0,0,0,0,11,11,1,1
436,1977,2,18,15,28172.625,51.10818454765807,-152.15522966863463,280,510,958.5904046830299,986.5904046830299,28.0,27.36013379305957,7.856092051769883,1064.0434560768513,3556875,-2.5434712779741675,-22.64029595210592,-2.817150319522831,31.728507214813007,31.853328020839967,0,0,0,0,0,13,13,1,1
436,1977,2,18,18,28172.75,52.07160386099589,-152.58675564169818,283,507,957.9427900960238,983.9427900960238,26.0,27.51908925752761,7.144254610208373,989.1435753506295,3073750,-0.647614587006101,-5.688288325093557,-9.831423795035393,35.709113291516694,37.037787000628995,0,0,0,0,0,12,12,1,1
436,1977,2,18,21,28172.875,52.81841902067987,-153.19916505304542,286,505,957.9777577696074,981.9777577696074,24.0,27.118530346626805,5.9949743179017965,929.5226717569221,2714375,0.03496767358359648,0.304074028695454,-13.717904438494498,27.680685632701188,30.89338536450962,0,0,0,0,0,14,14,1,1
436,1977,2,19,0,28173.0,54.493597145148044,-155.16069845069387,294,501,958.8392967943297,978.8392967943297,20.0,25.21343644107899,3.0657432706737016,848.631909305104,2262500,0.8615390247222967,7.332366456505938,-42.224784185052876,62.09043622226952,75.08764658548043,0,0,0,0,0,16,16,1,1
436,1977,2,19,3,28173.125,54.903972592376306,-155.67906334404972,296,500,958.1331407184608,976.1331407184608,18.0,25.128422547003385,4.508872397806263,766.6026528566305,1846250,-0.7061560758689303,-5.979534456951516,-11.046565475480476,15.210555917091627,18.79860686622943,0,0,0,0,0,14,14,1,1
436,1977,2,19,6,28173.25,55.21526409245954,-155.86625214799824,297,499,958.4479826794627,976.4479826794627,18.0,24.758912092977475,4.681424164925484,768.0286503994087,1853125,0.3148419610019482,2.655894122718579,-3.958176323951414,11.538011838943268,12.1980685769135,0,0,0,0,0,11,11,1,1
436,1977,2,19,9,28173.375,55.6206347709874,-156.40318285279375,299,498,959.5216594393487,977.5216594393487,18.0,23.714513316731765,3.2822521015885284,798.632227274088,2003750,1.0736767598860024,9.01308414287016,-11.237648450180847,15.025054287586684,18.762649040974438,0,0,0,0,0,10,10,1,1
436,1977,2,19,12,28173.5,55.40505829306634,-156.55401992047885,299,499,963.5986612781985,977.5986612781985,14.0,19.95119244503566,3.1393733304875786,748.6149499992213,1760625,4.077001838849828,34.31336327869855,-3.1742781252106202,-7.990336882908026,8.597762797295061,0,0,0,0,0,10,10,1,1
436,1977,2,19,15,28173.625,56.14509044209928,-156.44773632710536,300,496,965.3205932896628,979.3205932896628,14.0,18.552007589153227,3.0214495643263946,788.7311860262951,1954375,1.7219320114642322,14.36556219788937,2.1946062935648696,27.429273508777662,27.516928280661826,0,0,0,0,0,8,8,1,1
436,1977,2,19,18,28173.75,58.0273085821069,-158.99169171390116,309,491,967.5732228201315,981.5732228201315,14.0,17.207664703820885,5.6097732036782695,852.9578146712922,2285625,2.2526295304686936,18.397577105428216,-49.92588889253348,69.76436933573474,85.7884701490964,0,0,0,0,0,9,9,1,1
436,1977,2,19,21,28173.875,58.32858092664502,-159.22774531795417,310,490,970.3220996486965,982.3220996486965,12.0,15.498300053669254,5.354904235738432,829.0659868057083,2159375,2.7488768285649714,22.377368945439763,-4.5938039494856495,11.166652083650382,12.074649207476106,0,0,0,0,0,9,9,1,1
436,1977,2,20,0,28174.0,60.8526065059772,-160.72045713165843,317,481,972.4523554402831,980.4523554402831,8.0,16.257286188616053,4.386995768817651,661.7212684972254,1375625,2.1302557915866784,16.898738363986674,-26.94703443182658,93.55294638094382,97.35654287835922,0,0,0,1,0,10,10,1,2
436,1977,2,20,3,28174.125,61.87753616531151,-162.4397279481993,322,478,974.734509048903,980.734509048903,6.0,15.533313541653353,4.216594172535842,593.5732939323359,1106875,2.2821536086198466,17.927734113907007,-30.036265895407464,37.988992761837245,48.42871916537273,0,0,0,0,0,10,10,1,1
436,1977,2,20,6,28174.25,63.088476559802594,-168.1237355962404,335,476,976.366539576849,982.366539576849,6.0,16.874640766846994,1.9970469817203411,623.8059280414735,1222500,1.6320305279460445,12.680224894580087,-95.32455114264897,44.88347611212252,105.3626901633352,0,0,0,0,0,11,11,1,1
436,1977,2,20,9,28174.375,63.40596071701248,-168.97654403625688,337,475,978.8381842333089,980.8381842333089,2.0,16.074956899646924,2.8288758549047635,247.53717516845768,192500,2.47164465645983,19.150124021864954,-14.150317169108853,11.76754252392148,18.403981445292676,0,0,0,0,0,10,10,1,1
436,1977,2,20,12,28174.5,62.35002983577843,-173.6598082540901,346,481,980.8330280051347,984.8330280051347,4.0,13.916577908374418,3.1030052732858895,553.6896324934786,963125,1.9948437718258356,15.602501507684476,-80.53781213842801,-39.1380522935151,89.54399098417852,0,0,2,0,0,10,10,1,3
436,1977,2,20,15,28174.625,61.95764501963571,-175.1403855690276,349,483,981.9697196110511,985.4586723838443,3.488952772793127,13.030468214269389,3.505904468852896,523.0177419927503,859375,1.1366916059164214,8.922759753026837,-25.79870741445538,-14.543733615809115,29.61576424379913,0,0,0,0,0,9,12,2,0
436,1977,2,20,18,28174.75,62.008052923221435,-176.52476722326992,352,483,982.4484881223459,987.1304376180384,4.681949495692534,13.097498654374055,4.374315420552666,583.7726628538894,1070625,0.4787685112947656,3.756460450094542,-24.082733949425126,1.8683677138398835,24.155100339119127,0,0,0,0,0,10,13,2,0
436,1977,2,20,21,28174.875,57.87348711016264,-178.98781238601754,357,501,981.6122867626827,987.6122867626827,6.0,14.093843131495916,1.8609960491782838,537.0924821239452,906250,0.4818491446443659,3.9419573412835756,16.01594707175931,17.142241659617646,23.45990216778677,0,0,0,0,2,10,10,1,1
436,1977,2,21,0,28175.0,57.07031808277277,-175.44971886233617,348,504,980.9415370555043,988.9415370555043,8.0,12.400890257593025,2.6728493835380505,617.2334607150073,1196875,-0.6707497071784746,-5.536611334589099,71.28059529697063,-29.769440361266227,77.24728374068242,0,0,0,0,0,9,9,1,1
436,1977,2,21,3,28175.125,58.34028349532275,-178.97330381994212,357,499,980.9030988685561,988.9030988685561,8.0,14.250592744209348,3.2577472889968337,610.75313987865,1171875,-0.03843818694818765,-0.3128685615879672,-68.54146513613671,47.07123696320734,83.14826391605938,0,0,0,0,0,13,13,1,1
436,1977,2,21,6,28175.25,58.57683211974898,-179.37949235216607,358,498,981.8069316451788,987.8069316451788,6.0,13.965967457647064,3.7889368845763967,499.674210836832,784375,0.9038327766227303,7.3381498167271335,-7.8491753186831685,8.767668980315184,11.767819361793677,0,0,0,0,0,13,13,1,1
436,1977,2,21,9,28175.375,59.04452199839284,179.79012628843245,360,496,982.098615461605,988.098615461605,6.0,14.299174632142257,4.89961738601538,501.2642680326713,789375,0.29168381642622987,2.356485450372203,15.831268316566424,17.33491391606884,23.476121847286382,0,0,0,0,0,11,11,1,1
436,1977,2,21,12,28175.5,59.2601447379132,178.09788722534307,364,495,982.2850164887973,988.2850164887973,6.0,14.899313580507643,9.057377716147966,494.8733865168483,769375,0.18640102719218704,1.5025349806174433,-32.05932810831791,7.992051567955257,33.04048133762035,0,0,0,1,0,14,14,1,2
436,1977,2,21,15,28175.625,59.00871541949551,177.27368900609375,366,496,981.8512120502066,987.8512120502066,6.0,15.415558745007232,11.460114735763273,459.6500701125706,663750,-0.433804438590596,-3.505979139775971,-15.729756873306403,-9.319221539248959,18.283138171302316,0,0,1,0,0,9,9,1,1
436,1977,2,21,18,28175.75,58.99678811080977,176.85504253530198,367,496,982.0444966545718,988.0444966545718,6.0,14.984129226899801,13.054560835497323,445.13807312946136,622500,0.19328460436518072,1.5623089312394272,-7.992640772494187,-0.4420854047927345,8.004857651655476,0,0,0,0,0,9,9,1,1
436,1977,2,21,21,28175.875,58.764173268850364,176.8778695378843,367,497,983.103850473251,987.103850473251,4.0,14.058880457262745,10.326817729779359,280.6807738882166,247500,1.059353818679083,8.583711941852266,0.43874592277815055,-8.62186342937049,8.633019574834215,0,0,0,0,0,11,11,1,1
436,1977,2,22,0,28176.0,58.776021175708856,177.29348713229717,366,497,983.3331628661497,987.3331628661497,4.0,12.581524122178799,8.110203446019149,292.482105284911,268750,0.22931239289871883,1.8578351370857595,7.985632567552343,0.43914237800713757,7.997698014561089,0,0,0,0,0,11,11,1,1
436,1977,2,22,3,28176.125,59.01894209449229,177.6926270030378,365,496,984.0411469891807,988.0411469891807,4.0,10.385052076924977,6.323438689553078,295.19033070683855,273750,0.7079841230310557,5.721268155134774,7.615325595706836,9.003857914851057,11.79248240530609,0,0,0,0,0,16,16,1,1
436,1977,2,22,6,28176.25,59.01894209449229,177.6926270030378,365,496,,,,10.385052076924977,,0.0,0,0.0,,0.0,0.0,0.0,0,3,0,0,0,16,16,0,0
446,1977,2,20,21,28174.875,36.913889245509935,-141.04616877343636,216,537,998.9992884057782,1000.9992884057782,2.0,7.649334274663642,16.858173453232304,108.34056051649024,36875,,,,,,3,0,0,0,0,14,14,1,1
446,1977,2,21,0,28175.0,38.24241374254748,-137.5448043798131,209,524,992.8822542313845,994.8822542313845,2.0,12.146630480243058,22.09319892714375,63.07831305050401,12500,-6.11703417439363,-68.46646698820025,101.92140842852136,49.241727997862895,113.19329163987139,0,0,0,0,0,12,12,1,1
446,1977,2,21,3,28175.125,39.877205956066625,-134.06387775864332,204,510,989.1181880390936,993.1181880390936,4.0,16.916413925795933,34.28844061265976,79.78845608028654,20000,-3.76406619229092,-40.67448209936607,99.00665687819775,60.593533420452616,116.07710540228288,0,0,0,0,0,14,14,1,1
446,1977,2,21,6,28175.25,41.71395716535946,-131.50831530097955,203,498,984.5635202475978,990.5635202475978,6.0,21.231699945320567,49.82784117438765,78.53186642892773,19375,-4.554667791495885,-47.42273045445696,70.70501026639151,68.07913866054045,98.15277682027963,0,0,0,0,0,12,12,1,1
446,1977,2,21,9,28175.375,43.65383320998163,-129.34954936614227,204,487,982.947807597137,988.947807597137,6.0,22.227879225788815,35.85173469869405,106.48844864724786,35625,-1.615712650460773,-16.216125347755696,57.89082422388998,71.90145816043277,92.31016853477081,0,0,0,0,0,10,10,1,1
446,1977,2,21,12,28175.5,45.52301230618728,-128.9142488804824,209,481,970.7081156467018,986.7081156467018,16.0,32.49296998867506,37.81800852060733,230.04134101951155,166250,-12.239691950435226,-118.84412272780719,11.30411495540919,69.2810774960435,70.19722725249117,0,0,0,0,0,11,11,1,1
446,1977,2,21,15,28175.625,46.65747934619939,-128.11460214982768,211,476,968.7778171741394,986.7778171741394,18.0,33.67614543975827,38.12326158762975,237.27844638474429,176875,-1.9302984725624264,-18.388793584730223,20.342807333542293,42.04899309827221,46.71132229757756,0,0,0,0,0,7,7,1,1
446,1977,2,21,18,28175.75,47.484252604249264,-127.76652040250136,213,473,971.148797136203,987.148797136203,16.0,31.40014350906381,30.850372323491754,226.11617692741794,160625,2.3709799620637204,22.285738201064007,8.718829353581771,30.64433059351249,31.86052389433301,0,0,0,0,0,7,7,1,1
446,1977,2,21,21,28175.875,48.30689002650821,-127.40535663140857,215,470,973.6652630189342,989.6652630189342,16.0,28.700761925180146,29.97256427318054,248.7397920055702,194375,2.516465882731136,23.348282768337594,8.90391346159511,30.491035941051233,31.764491931873437,0,0,0,0,0,9,9,1,1
446,1977,2,22,0,28176.0,48.59731847173713,-126.9016053235773,215,468,976.0251259251725,990.0251259251725,14.0,26.67028267935014,34.07812995913664,230.4733439183804,166875,2.359862906238268,21.797151275478654,12.348337369542923,10.764723220907587,16.381718524464926,0,0,0,0,0,9,9,1,1
446,1977,2,22,3,28176.125,49.026024147998626,-126.13332395585574,215,465,981.8989897845429,991.8989897845429,10.0,21.387592616216867,29.392749084161043,217.59732436277534,148750,5.873863859370467,53.90055483824036,18.672310283958797,15.889965408000931,24.518282403298556,0,0,0,0,0,13,13,1,1
446,1977,2,22,6,28176.25,49.584388760347615,-125.08505432152506,215,461,988.815553519802,992.815553519802,4.0,14.359165173099248,12.601396194106929,165.69317331547472,86250,6.916563735259115,62.9390209553281,25.189965319078595,20.695770703687593,32.601369262593806,0,0,0,0,0,13,13,1,1
446,1977,2,22,9,28176.375,49.721567379180634,-124.81867999348556,215,460,993.2402390528765,995.2402390528765,2.0,10.511932486325545,13.729742186634466,103.64824484140065,33750,4.424685533074516,40.1817391698562,6.383019423658909,5.084522152779901,8.160594493351356,0,0,0,0,0,14,14,1,1
446,1977,2,22,12,28176.5,49.721567379180634,-124.81867999348556,215,460,,,,10.511932486325545,,0.0,0,0.0,,0.0,0.0,0.0,0,3,0,0,0,14,14,0,0
448,1977,2,21,3,28175.125,80.21928720698057,4.600095666263281,363,316,1014.421679982052,1016.421679982052,2.0,7.582099115494144,8.225254997546799,138.1976597885342,60000,,,,,,3,0,0,0,0,4,4,1,1
448,1977,2,21,6,28175.25,80.61869057962406,7.549421768263273,365,318,1014.0214343232761,1016.0214343232761,2.0,8.807657044284653,7.765943640135811,138.1976597885342,60000,-0.40024565877582063,-2.810573597319618,17.817157654193633,14.803876240894441,23.164754663715083,0,0,0,0,0,4,4,1,1
448,1977,2,21,9,28175.375,81.03008120065944,9.34467190209969,366,320,1013.9639983365716,1015.9639983365716,2.0,10.013434058083797,9.178573460960616,133.80930871145785,56250,-0.0574359867045132,-0.40285496992039754,10.374370017745571,15.248183309429301,18.4427396962343,0,0,0,0,0,5,5,1,1
448,1977,2,21,12,28175.5,81.43168376152308,11.309932474020213,367,322,1014.5437502716612,1016.5437502716612,2.0,10.577536322225301,8.658532938645294,176.73188049071527,98125,0.5797519350895891,4.061975256955566,10.852153842640138,14.885389098499422,18.421293430105678,0,0,0,0,0,7,7,1,1
448,1977,2,21,15,28175.625,81.87142801535373,11.92932217723833,367,324,1013.6852370429223,1015.6852370429223,2.0,11.683966100684794,8.981189867030771,152.56608544230824,73125,-0.8585132287390297,-6.008318069957896,3.246081480376778,16.29911001568829,16.61920672838374,0,0,0,0,0,3,3,1,1
448,1977,2,21,18,28175.75,82.30998295114831,12.619322293430772,367,326,1013.4051634627494,1015.4051634627494,2.0,12.751372588793785,9.865489302894494,135.28790949515025,57500,-0.2800735801727569,-1.9580160417813248,3.4222386867972125,16.255027971763145,16.61137116532569,0,0,0,0,0,3,3,1,1
448,1977,2,21,21,28175.875,82.7958182650734,11.659292653522998,366,328,1012.9323556942982,1014.9323556942982,2.0,14.326168819290551,12.679713462435247,101.71072362820549,32500,-0.47280776845131184,-3.3017739943632267,-4.462317190480085,18.007474031078743,18.55212644654055,0,0,0,0,0,3,3,1,1
448,1977,2,22,0,28176.0,83.27919676822066,10.561010691196383,365,330,1013.0166439654952,1015.0166439654952,2.0,15.025402191225394,14.493388227449689,92.49096275414898,26875,0.08428827119700145,0.5880069254281797,-4.7640155337110945,17.9164123996724,18.538977244728887,0,0,0,0,0,3,3,1,1
448,1977,2,22,3,28176.125,83.53823583402195,8.972626614896393,364,331,1012.6733704499616,1016.6733704499616,4.0,16.243083596620682,15.170091934726223,166.88952945311365,87500,-0.34327351553365587,-2.393473989580296,-6.625412939991167,9.601276639949273,11.665359391902076,0,0,0,0,0,5,5,1,1
448,1977,2,22,6,28176.25,84.01416402496565,7.523820438638627,363,333,1012.3308520240097,1016.3308520240097,4.0,17.417824292315455,16.235621834994454,143.1474726395179,64375,-0.34251842595185733,-2.386046694754474,-5.59982474414445,17.64026676002069,18.507756442362844,0,0,0,0,0,5,5,1,1
448,1977,2,22,9,28176.375,84.03937460453062,5.389311759973408,362,333,1012.6292723059275,1016.6292723059275,4.0,17.670386407783543,15.210539099519373,137.4759960580849,59375,0.2984202819179336,2.078755162995252,-8.215279325941365,0.9344295151314396,8.26825089858722,0,0,0,0,0,6,6,1,1
448,1977,2,22,12,28176.5,84.28000805930814,3.3664606634298013,361,334,1012.2260142453639,1018.2260142453639,6.0,18.910790675339634,14.397576490476204,196.456289539899,121250,-0.4032580605636758,-2.8078344146916714,-7.472336856080401,8.919073117404409,11.635535370765865,0,0,0,0,0,6,6,1,1
448,1977,2,22,15,28176.625,84.28878892108175,1.123302714075429,360,334,1011.8281836350242,1017.8281836350242,6.0,18.953941762119438,14.067851449038935,189.75986370816491,113125,-0.39783061033973355,-2.770001281950144,-8.273366447470258,0.3254624269306208,8.279765586384086,0,0,0,0,0,7,7,1,1
448,1977,2,22,18,28176.75,84.51285900136138,-1.169139327907419,359,335,1012.3982324108509,1020.3982324108509,8.0,18.425654390697687,12.618706177927963,257.3873444091637,208125,0.5700487758267263,3.967594541476402,-8.124428065163707,8.305152046644553,11.618170333744635,0,0,0,0,0,7,7,1,1
448,1977,2,22,21,28176.875,84.50372141073923,-3.503531644784458,358,335,1012.4823785112135,1020.4823785112135,8.0,17.87751999228636,12.743197565892988,267.6186174229157,225000,0.08414610036255908,0.5856739663636331,-8.286814598614042,-0.3386845729790922,8.29373278034546,0,0,0,0,0,8,8,1,1
448,1977,2,23,0,28177.0,84.7083800027363,-6.072456407207699,357,336,1012.0003630041123,1020.0003630041123,8.0,17.94104860428848,11.983091236828768,269.470671475909,228125,-0.48201550710116864,-3.3537946034631734,-8.780666400760106,7.585665708097686,11.603552330060248,0,0,0,0,0,8,8,1,1
448,1977,2,23,3,28177.125,85.0818360087625,-11.821488340607255,355,338,1013.0803912445929,1019.0803912445929,6.0,16.315947405133723,9.102141163901033,227.4320920733615,162500,1.0800282404806056,7.510306839095401,-18.260997191623062,13.842137731683955,22.914379664642333,0,0,0,0,0,9,9,1,1
448,1977,2,23,6,28177.25,85.39796650894654,-18.43494882292201,353,340,1013.319427268609,1017.319427268609,4.0,15.54405368143058,7.095209662557172,189.75986370816491,113125,0.23903602401609533,1.6614466052948444,-19.656807505096392,11.7173692593577,22.884204675988954,0,0,0,0,0,10,10,1,1
448,1977,2,23,9,28177.375,85.43077937588637,-30.96375653207352,349,342,1013.8015223322585,1015.8015223322585,2.0,13.938837383759841,5.682617247732778,141.04739588693906,62500,0.4820950636494672,3.3507017184894674,-36.920909457375686,1.216208110790681,36.94093552319007,0,0,0,0,0,11,11,1,1
448,1977,2,23,12,28177.5,85.39796650894654,-41.05481377096244,346,344,1013.5198632396089,1015.5198632396089,2.0,13.785341479939763,5.3764450569908515,147.93175681757992,68750,-0.28165909264964284,-1.9577030084037264,-29.971095151686118,-1.216208110790681,29.995761479918727,0,0,0,0,0,8,8,1,1
448,1977,2,23,15,28177.625,85.18491188583744,-54.46232220802562,342,347,1013.8388014117845,1015.8388014117845,2.0,12.142317654669872,4.003935472370577,165.69317331547472,86250,0.3189381721756945,2.217494480186962,-41.61957946287899,-7.896864395966743,42.362127684468184,0,0,0,0,0,11,11,1,1
448,1977,2,23,18,28177.75,84.73690258899707,-66.16125981682828,338,350,1014.7658100818834,1014.7658100818834,0.0,10.405141819211927,3.1983204727528936,14.104739588693906,625,0.9270086700988759,6.449696480213459,-39.70723238432529,-16.60545363274879,43.03957938888554,0,0,0,0,0,9,9,1,1
448,1977,2,23,21,28177.875,84.73690258899707,-66.16125981682828,338,350,,,,10.405141819211927,,0.0,0,0.0,,0.0,0.0,0.0,0,3,0,0,0,9,9,0,0
453,1977,2,21,3,28175.125,38.20537841108097,143.56668209451684,492,539,1000.0347135132995,1002.0347135132995,2.0,12.939752882282344,7.630598565836699,141.04739588693906,62500,,,,,,3,0,0,0,0,17,17,1,1
453,1977,2,21,6,28175.25,39.44443833064702,145.8364244152853,482,540,993.9321941987796,997.9321941987796,4.0,16.417908372173855,12.558050779800976,186.5881662950577,109375,-6.102519314519887,-66.54733331444683,64.9653364334697,45.925725621453125,79.55920570098034,0,0,0,0,0,16,16,1,1
453,1977,2,21,9,28175.375,40.92913049010267,148.29519144393143,471,540,988.8232750436063,996.8232750436063,8.0,19.66181666872206,13.44761385432859,326.8528041036741,335625,-5.108919155173353,-54.02881738159146,68.851441859067,55.03007858680759,88.14097001589387,0,0,0,0,0,14,14,1,1
453,1977,2,21,12,28175.5,42.06185128010489,150.4091852619991,462,540,982.2190757639255,1000.2190757639255,18.0,24.768210442993013,17.98533499026562,697.4362299340386,1528125,-6.604199279680761,-68.2982813505616,58.17109543031655,41.98426838435444,71.73949494757053,0,0,0,0,0,16,16,1,1
453,1977,2,21,15,28175.625,43.003738675130805,152.36588711632228,454,540,974.0934880637853,990.0934880637853,16.0,30.51011239627366,18.726411689804664,407.33159486258967,521250,-8.125587700140168,-82.53947133016723,53.037078358060604,34.91103326578034,63.49576304324157,0,0,0,0,0,12,12,1,1
453,1977,2,21,18,28175.75,44.42794447083944,154.40597075400117,445,538,965.1528611211746,995.1528611211746,30.0,36.14743611992613,19.082677184401984,801.2435657756841,2016875,-8.940626942610688,-88.48777600786023,53.99810866550366,52.788152993526026,75.51413666274317,0,0,0,0,0,11,11,1,1
453,1977,2,21,21,28175.875,45.48533670520671,155.75201120879333,439,536,954.9772810978413,992.9772810978413,38.0,44.633408668131146,29.651250148268883,770.872731888581,1866875,-10.175580023333314,-98.86600594539918,34.977730439740995,39.19221731166475,52.53067222604274,0,0,0,0,0,12,12,1,1
453,1977,2,22,0,28176.0,45.61605211623422,157.61986494804043,433,538,950.5783343786535,992.5783343786535,42.0,47.703502482156,28.05843572518446,860.0422071151994,2323750,-4.398946719187807,-42.6446521472694,48.42410439264001,4.8449635135057685,48.665876727708294,0,0,0,0,0,12,12,1,1
453,1977,2,22,3,28176.125,46.71263468637925,160.31550915833827,423,537,945.7567749361647,987.7567749361647,42.0,49.83815723942218,10.343066971180669,761.394694105645,1821250,-4.821559442488796,-45.890429324243925,68.50346112744216,40.644806148992686,79.65377865065896,0,0,0,0,0,17,17,1,1
453,1977,2,22,6,28176.25,47.93004896053406,163.04650834796507,413,535,943.33292226927,989.33292226927,46.0,50.779330544730286,11.672655802815498,953.9226316258104,2858750,-2.423852666894818,-22.622019731058682,67.82060714292943,45.12343030356072,81.46016643486479,0,0,0,0,0,16,16,1,1
453,1977,2,22,9,28176.375,48.91750341567851,165.30521335450993,405,533,941.02502412982,989.02502412982,48.0,51.441726209071525,13.352280868836242,993.1579732409248,3098750,-2.307898139449826,-21.212983802611873,55.013397416146766,36.59997523487672,66.07595691672194,0,0,0,0,0,18,18,1,1
453,1977,2,22,12,28176.5,50.01349783587517,167.27564431457765,398,530,939.7516572564942,991.7516572564942,52.0,51.041373447979375,12.45188008361045,1120.2395843209588,3942500,-1.2733668733258674,-11.514215948030134,46.93079519670555,40.6230063855378,62.07034868272101,0,0,0,0,0,16,16,1,1
453,1977,2,22,15,28176.625,51.00888611266655,169.01934998982648,392,527,938.9818539201168,990.9818539201168,52.0,50.584886886649414,10.517340014368965,1111.414100176875,3880625,-0.7698033363773721,-6.861882520689658,40.6644953661813,36.894042140224,54.90693516151493,0,0,0,0,0,17,17,1,1
453,1977,2,22,18,28176.75,51.923153867608356,170.5094393617753,387,524,937.8207830705446,989.8207830705446,52.0,50.44942163045216,8.826608294611287,1106.3008236355404,3845000,-1.1610708495722792,-10.218870879964161,34.060807910464746,33.88731198141291,48.04673296738487,0,0,0,0,0,22,22,1,1
453,1977,2,22,21,28176.875,52.773369658467914,171.7209488145402,383,521,938.5553823571454,992.5553823571454,54.0,49.32137974292911,8.150712059470461,1213.581498967674,4626875,0.73459928660086,6.391787352268803,27.16556284206896,31.51322749889144,41.6059047723191,0,0,0,0,0,21,21,1,1
453,1977,2,23,0,28177.0,54.042359490077764,172.53729141488964,380,516,939.837779003978,993.837779003978,54.0,47.96169860370209,6.665887617778207,1280.0391162503834,5147500,1.2823966468324943,10.976206053278377,17.766839751369943,47.03507707951608,50.27881333749711,0,0,0,0,0,20,20,1,1
453,1977,2,23,3,28177.125,54.59656452830392,173.5377293631609,377,514,939.9487717470026,997.9487717470026,58.0,46.79077875290423,7.497496780338915,1513.7480943557166,7198750,0.11099274302468984,0.9434263621240392,21.482076701059384,20.541596190534033,29.72266464240985,0,0,0,0,0,20,20,1,1
453,1977,2,23,6,28177.25,55.32471018460028,173.78436410029735,376,511,940.8748888365985,992.8748888365985,52.0,45.37484509269627,7.302330891517411,1263.1422344677778,5012500,0.9261170895959367,7.802054339538242,5.200830242023602,26.988700946142504,27.485243567533843,0,0,0,0,0,27,27,1,1
453,1977,2,23,9,28177.375,55.60664104167575,174.49679443151138,374,510,941.3171981842586,1001.3171981842586,60.0,45.04409603640498,6.476018267353574,1671.0396394302873,8772500,0.4423093476600479,3.713629572273207,14.916047971334228,10.449760323781673,18.21224801905645,0,0,0,0,0,25,25,1,1
453,1977,2,23,12,28177.5,56.07423033357207,174.42314135007618,374,508,945.1222713575636,997.1222713575636,52.0,41.22453895432658,6.283374264371523,1441.308396807208,6526250,3.8050731733049905,31.770966866304008,-1.523634965719892,17.331185670730598,17.398030355821945,0,0,0,0,0,21,21,1,1
453,1977,2,23,15,28177.625,56.30777120365046,174.38557290095443,374,507,945.7355728319905,997.7355728319905,52.0,40.53717547191697,6.438111678732603,1473.4559265388014,6820625,0.6133014744268439,5.106883736054918,-0.772449099885526,8.656186638957978,8.690583682376493,0,0,0,0,0,23,23,1,1
453,1977,2,23,18,28177.75,56.54114424763257,174.34749651428973,374,506,946.3024270680809,1000.3024270680809,54.0,40.12964510120695,6.381073438327439,1596.3300356067066,8005625,0.5668542360904394,4.707378996796662,-0.7781035360613883,8.649966168802537,8.684892620767378,0,0,0,0,0,21,21,1,1
453,1977,2,23,21,28177.875,56.79678821248751,174.6990734834743,373,505,947.9598082074494,1003.9598082074494,56.0,39.445790273699274,6.142541414490843,1826.6590765442756,10482500,1.6573811393685174,13.723212644238329,7.13600475959685,9.475437306389717,11.861976061192793,0,0,0,0,0,19,19,1,1
453,1977,2,24,0,28178.0,57.51708164232351,174.98688624496418,372,502,953.3742595766084,989.3742595766084,36.0,34.88918166276715,5.283950745674447,1078.9895313288328,3657500,5.414451369159069,44.469620750206595,5.729103380194221,26.697658364390524,27.305449779900425,0,0,0,0,0,23,23,1,1
453,1977,2,24,3,28178.125,57.51708164232351,174.98688624496418,372,502,954.4009199085937,988.4009199085937,34.0,33.66726288392611,5.670791161659508,1051.2526509333275,3471875,1.0266603319851857,8.432100039297834,0.0,0.0,0.0,0,0,0,0,0,18,18,1,1
453,1977,2,24,6,28178.25,57.98258323043749,174.91589659040557,372,500,956.7235454985572,986.7235454985572,30.0,32.29240750064521,5.131955994167292,969.1300779157808,2950625,2.3226255899635726,18.97849907354824,-1.3950175403498732,17.253804981086528,17.310108615004417,0,0,0,0,0,20,20,1,1
453,1977,2,24,9,28178.375,58.4256615096224,174.4327996473548,373,498,959.1099262612997,987.1099262612997,28.0,31.127424127624312,5.237619228197582,947.1203978384665,2818125,2.386380762742483,19.40619419950653,-9.37562757156737,16.422685583921144,18.910499574285858,0,0,0,0,0,19,19,1,1
453,1977,2,24,12,28178.5,58.58188229650789,173.15722658736905,376,497,962.7279351527645,986.7279351527645,24.0,28.815306737517044,6.112914128222765,889.0462508385743,2483125,3.6180088914648514,29.372758356918617,-24.645247221306256,5.790319646029191,25.316319088731984,0,0,0,0,0,15,15,1,1
453,1977,2,24,15,28178.625,58.55327418418936,172.74680538727466,377,497,964.1515796825965,988.1515796825965,24.0,27.9067767606558,8.259745907247124,920.0572555933778,2659375,1.423644529831945,11.561367281008701,-7.9363037487448524,-1.0603589835661076,8.006826984915493,0,0,0,0,0,17,17,1,1
453,1977,2,24,18,28178.75,58.457521577028224,171.52018207314995,380,497,965.1838911595265,987.1838911595265,22.0,27.290300058447524,9.620712397984754,856.2169448317658,2303125,1.0323114769300445,8.391953372452962,-23.783677031030052,-3.5490680431026043,24.047020129132815,0,0,0,0,0,21,21,1,1
453,1977,2,24,21,28178.875,58.34697240515237,170.30133826228993,383,497,966.6633190324156,988.6633190324156,22.0,26.797261574514852,9.711039691842524,880.162874415753,2433750,1.479427872889064,12.040972574619731,-23.707082828155738,-4.09750235245073,24.05858062624177,0,0,0,0,0,19,19,1,1
453,1977,2,25,0,28179.0,57.76307278468765,169.2440149844467,386,499,967.7401951731855,983.7401951731855,16.0,25.970529494889266,10.551359536007148,661.2701461165342,1373750,1.0768761407698912,8.82050093848144,-20.904397261536754,-21.64222515512002,30.089528652557107,0,0,0,0,0,21,21,1,1
453,1977,2,25,3,28179.125,57.533429767342064,169.31880255684308,386,500,967.2519571514491,981.2519571514491,14.0,25.92370920965444,11.620340195685493,565.422401338897,1004375,-0.4882380217363243,-4.00923671427067,1.4880298809945514,-8.511712822725874,8.640803672303216,0,0,0,0,0,21,21,1,1
453,1977,2,25,6,28179.25,57.25973850887107,169.0018782137326,387,501,967.929001407521,981.929001407521,14.0,25.963458228226557,12.779860750641603,544.0847306724618,930000,0.6770442560718221,5.576658668269135,-6.35303011562249,-10.144359802979901,11.969504060833962,0,0,0,0,0,25,25,1,1
453,1977,2,25,9,28179.375,56.75512869839179,168.76687147396234,388,503,968.9803885459479,980.9803885459479,12.0,25.510109715566323,12.547108165390892,433.13264616000913,589375,1.0513871384269442,8.7096937839149,-4.775264213656789,-18.703350286789206,19.303327699144756,0,0,0,0,0,24,24,1,1
453,1977,2,25,12,28179.5,56.75512869839179,168.76687147396234,388,503,971.3830153456668,981.3830153456668,10.0,23.966740530362078,12.042183566445747,325.0216815494707,331875,2.4026267997188553,19.903366645599043,0.0,0.0,0.0,0,0,0,0,0,23,23,1,1
453,1977,2,25,15,28179.625,56.52522337158723,168.84265246356404,388,504,972.7763885355489,980.7763885355489,8.0,23.374475369495464,10.52547666854829,248.7397920055702,194375,1.3933731898821133,11.573240906994204,1.5492605805223958,-8.52143531640884,8.661123956975816,0,0,0,0,0,24,24,1,1
453,1977,2,25,18,28179.75,56.569818569674766,169.2248126077165,387,504,973.8098475615692,981.8098475615692,8.0,22.43656949302407,11.305150663114036,244.30125595145995,187500,1.0334590260202823,8.579411026627385,7.803643647761431,1.6529199266809462,7.976778702287427,0,0,0,0,0,22,22,1,1
453,1977,2,25,21,28179.875,56.38223281753771,169.6778279256196,386,505,975.7958044466966,983.7958044466966,8.0,21.445827740085587,11.567159497742104,251.9187042636836,199375,1.98595688512738,16.522509249645356,9.296318065158578,-6.952861316148101,11.608781591975207,0,0,0,0,0,27,27,1,1
453,1977,2,26,0,28180.0,56.569818569674766,169.2248126077165,387,504,976.6687912412569,984.6687912412569,8.0,22.173276595872775,12.002897748685573,236.0174359706574,175000,0.87298679456042,7.247227362456433,-9.250489127771377,6.952861316148101,11.57211430917467,0,0,0,0,0,29,29,1,1
453,1977,2,26,3,28180.125,56.84330882245781,169.53712082882393,386,503,977.4992535871324,985.4992535871324,8.0,21.613151695415773,12.783579099652998,238.53279052439012,178750,0.8304623458754213,6.872627006417975,6.331096862849876,10.136909532070716,11.951557318951103,0,0,0,0,0,29,29,1,1
453,1977,2,26,6,28180.25,56.75512869839179,168.76687147396234,388,503,978.7721093869966,988.7721093869966,10.0,21.47768723806305,13.494622914774009,309.6624827338096,301250,1.2728557998641918,10.544340750148436,-15.651153723654655,-3.2683941423428235,15.98877772536631,0,0,0,0,0,25,25,1,1
453,1977,2,26,9,28180.375,56.70871632429349,168.38326574872985,389,503,979.7995047166992,989.7995047166992,10.0,21.357540421151118,13.031998299663464,302.84160209044046,288125,1.0273953297025582,8.515469980092515,-7.8043732123670315,-1.720273511086758,7.991719601616341,0,0,0,0,0,24,24,1,1
453,1977,2,26,12,28180.5,56.84009866380533,167.53506715793503,391,502,981.738424181986,991.738424181986,10.0,19.869811068179825,11.468348465248345,386.53163237633834,469375,1.93891946528689,16.046432615918835,-17.19601949538382,4.869683201469795,17.872238275277596,0,0,0,0,0,19,19,1,1
453,1977,2,26,15,28180.625,56.73591668338186,166.7706859871759,393,502,981.7323564727953,993.7323564727953,12.0,20.29675645826265,11.949681875144087,487.37947491113516,746250,-0.006067709190683672,-0.05027597206381069,-15.539860162875524,-3.8615025569576416,16.012446904802406,0,0,0,0,0,20,20,1,1
453,1977,2,26,18,28180.75,56.62563601502383,166.01106930374158,395,502,980.8464101337423,992.8464101337423,12.0,21.099522811755854,13.577164969476287,466.09709001498516,682500,-0.8859463390530437,-7.350089545618868,-15.488283214156827,-4.087550276127892,16.01858246480647,0,0,0,0,0,18,18,1,1
453,1977,2,26,21,28180.875,57.02190313735268,165.43724372170573,396,500,981.098524979675,993.098524979675,12.0,21.79865490849971,17.57740447582728,478.7307364817192,720000,0.25211484593266503,2.0821876445466345,-11.576981818815186,14.68763119966899,18.701684905127326,0,0,0,0,0,14,14,1,1
453,1977,2,27,0,28181.0,56.54910717593332,164.02786785299483,400,501,981.6501615296168,991.6501615296168,10.0,21.102002113287465,13.603642684027948,427.11983508037304,573125,0.5516365499417588,4.5805847274751,-28.794499075547296,-17.52417074928998,33.70785868995485,0,0,0,0,0,14,14,1,1
453,1977,2,27,3,28181.125,55.967397251196545,163.5024360769286,402,503,981.6971912193363,987.6971912193363,6.0,20.102833562611607,10.403322062380466,302.84160209044046,288125,0.04702968971963856,0.3931744686925937,-10.899505886536902,-21.561064136505795,24.159443604296207,0,0,0,0,0,17,17,1,1
453,1977,2,27,6,28181.25,54.05133657146251,161.33541000388135,410,509,983.2873290971411,987.2873290971411,4.0,18.361652161877764,5.5469790325926445,279.9710868514077,246250,1.5901378778046638,13.608658241912362,-47.15127987781846,-71.01874224318324,85.24614327886083,0,0,0,0,0,16,16,1,1
453,1977,2,27,9,28181.375,53.52788389229546,161.22535685976536,411,511,984.0079896706665,988.0079896706665,4.0,17.857026812564918,5.138785792068665,272.4077682750553,233125,0.7206605735253834,6.208923989582108,-2.4247554803113873,-19.401760753958836,19.552691873324182,0,0,0,0,0,21,21,1,1
453,1977,2,27,12,28181.5,53.07360310444575,162.57209983706073,408,514,986.0631473045644,986.0631473045644,0.0,14.945645657840364,2.183464826962663,14.104739588693906,625,2.0551576338979065,17.811368670389815,29.989119991670073,-16.837906293660307,34.39276677193725,0,0,0,0,0,17,17,1,1
453,1977,2,27,15,28181.625,52.53147346363074,163.55139187296018,406,517,986.908767299219,986.908767299219,0.0,13.396454134392279,1.6114698627984763,14.104739588693906,625,0.8456199946546985,7.381527708046391,22.08048750818579,-20.094021880755534,29.85494337531778,0,0,0,0,0,18,18,1,1
453,1977,2,27,18,28181.75,52.53147346363074,163.55139187296018,406,517,,,,13.396454134392279,,0.0,0,0.0,,0.0,0.0,0.0,0,3,0,0,0,18,18,0,0
461,1977,2,21,18,28175.75,42.05473267559936,-178.2057791698774,353,567,999.5814652122878,1001.5814652122878,2.0,14.115588033858444,16.309573938817266,89.20620580763855,25000,,,,,,3,0,0,0,0,12,12,1,1
461,1977,2,21,21,28175.875,42.428337702229534,-175.68658788979673,344,565,998.5783533697459,1004.5783533697459,6.0,15.836630567336096,18.586255951492202,194.93137937025432,119375,-1.003111842541839,-10.30101842477191,68.9186782658638,13.847661176727144,70.29610184056499,0,0,0,0,0,13,13,1,1
461,1977,2,22,0,28176.0,41.997812103616866,-173.50758815656127,336,566,998.5098578492884,1006.5098578492884,8.0,16.67975905373406,19.674370921524243,244.7080859684159,188125,-0.06849552045750898,-0.7092352500574439,60.020217735748446,-15.95742078544679,62.10528009091064,0,0,0,0,0,13,13,1,1
461,1977,2,22,3,28176.125,41.44896020864829,-169.43898930880363,321,566,1001.3322193177976,1007.3322193177976,6.0,15.601997475216363,9.256093821188115,241.0218957450584,182500,2.8223614685091887,29.539718789106907,113.02296817461377,-20.343182066586145,114.8391762056574,0,0,0,0,0,18,18,1,1
461,1977,2,22,6,28176.25,41.47717563508645,-166.9235613722188,312,564,1002.4453746760853,1010.4453746760853,8.0,15.680368770760227,11.069397705307928,292.8220032558322,269375,1.1131553582877678,11.644140953450453,69.85048721073271,1.045804091012138,69.85831568090883,0,0,0,0,0,17,17,1,1
461,1977,2,22,9,28176.375,41.5359966727827,-164.93658540637722,305,562,1003.8426963753227,1011.8426963753227,8.0,14.935265538927855,10.991313727915113,291.1185449201652,266250,1.3973216992373636,14.599710511417655,55.126618657582284,2.1802003239304226,55.1697141380211,0,0,0,0,0,19,19,1,1
461,1977,2,22,12,28176.5,41.675023778516966,-163.47131746361737,300,560,1007.7109143274103,1013.7109143274103,6.0,12.068569155703683,9.292644072983748,276.3953195770684,240000,3.86821795208758,40.306220299313644,40.5652661856563,5.153036274575808,40.89125338700496,0,0,0,0,0,17,17,1,1
461,1977,2,22,15,28176.625,42.01322313573589,-161.04181659489382,292,556,1009.7995431748541,1015.7995431748541,6.0,9.360832614718694,11.75840887816048,355.707997883175,397500,2.0886288474437604,21.620199899103472,66.9035850512173,12.535350905731727,68.06779499172349,0,0,0,0,0,18,18,1,1
461,1977,2,22,18,28176.75,41.830897029365346,-159.65300384819113,287,555,1013.0192365712915,1017.0192365712915,4.0,7.626564236015325,9.06522335107853,299.8708769569344,282500,3.21969339643736,33.44660438764067,38.35542859532869,-6.7579126744203455,38.946223006171586,0,0,0,0,0,23,23,1,1
461,1977,2,22,21,28176.875,41.830897029365346,-159.65300384819113,287,555,,,,7.626564236015325,,0.0,0,0.0,,0.0,0.0,0.0,0,3,0,0,0,23,23,0,0
465,1977,2,22,3,28176.125,71.3670834237387,18.65363394234499,386,281,1006.0745674782078,1006.0745674782078,0.0,8.989609683456022,2.0847960860756576,14.104739588693906,625,,,,,,3,0,0,0,0,4,4,1,1
465,1977,2,22,6,28176.25,71.79661687344043,19.106353005771986,386,283,1006.4019398207408,1006.4019398207408,0.0,9.828594643372446,1.2599639549322454,14.104739588693906,625,0.3273723425330536,2.3875925130217817,5.241915419026908,15.920646810322614,16.761404240673503,0,0,0,0,0,3,3,1,1
465,1977,2,22,9,28176.375,71.582030265549,18.877378480961482,386,282,1006.5255830433389,1006.5255830433389,0.0,10.169846498256037,1.5872282928535424,14.104739588693906,625,0.12364322259803885,0.9028732815168948,-2.6814168590058447,-7.953647374464564,8.393479786661063,0,0,0,0,0,4,4,1,1
465,1977,2,22,12,28176.5,71.72109598474208,19.772350532571412,387,283,1006.8915427846773,1006.8915427846773,0.0,10.314055472037614,3.2639425895609016,14.104739588693906,625,0.3659597413384472,2.6701779061895787,10.404102398278274,5.154467481482798,11.610938021173112,0,0,0,0,0,4,4,1,1
465,1977,2,22,15,28176.625,72.22467238731753,19.580711661097112,386,285,1006.0308274497897,1008.0308274497897,2.0,12.364149310479931,2.3472681804953752,223.0155145190964,156250,-0.8607153348875,-6.262160407024335,-2.1684679006367946,18.665047048102696,18.790588983424104,0,0,0,0,0,5,5,1,1
465,1977,2,22,18,28176.75,71.93445017690438,20.013566795220125,387,284,1006.8431454574103,1008.8431454574103,2.0,11.775848340143172,3.144697891150208,206.33455182562614,133750,0.8123180076204881,5.919733117039954,4.975238759145583,-10.757079132504035,11.851909220604849,0,0,0,0,0,5,5,1,1
465,1977,2,22,21,28176.875,72.06761708584436,20.934368419442727,388,285,1007.2556443980363,1009.2556443980363,2.0,12.18085890546509,4.129411585050111,181.72685737548065,103750,0.4124989406261011,3.003799456011766,10.50817634560422,4.935828223687798,11.60965849472193,0,0,0,0,0,6,6,1,1
465,1977,2,23,0,28177.0,72.19601743771456,21.868579185372532,389,286,1007.3176490970202,1009.3176490970202,2.0,12.453429206243408,4.842339349838076,176.1681409986482,97500,0.062004698983801065,0.451189457245069,10.587343520400339,4.7591559024473975,11.607816664763574,0,0,0,0,0,6,6,1,1
465,1977,2,23,3,28177.125,72.11031839847719,22.536787510592845,390,286,1007.0417469423866,1011.0417469423866,4.0,12.869927811080087,5.779757676638765,306.7578199542485,295625,-0.2759021546336589,-2.008623675293893,7.608056265503126,-3.1764327938356516,8.244528211657471,0,0,0,0,0,7,7,1,1
465,1977,2,23,6,28177.25,72.02217687028704,23.19859051364819,391,286,1006.9481933870919,1010.9481933870919,4.0,12.938849783121091,5.939205379584528,311.90296402073676,305625,-0.0935535552946385,-0.6814280510555691,7.571029503948048,-3.2669635871480023,8.245819475916434,0,0,0,0,0,8,8,1,1
465,1977,2,23,9,28177.375,71.72388769318233,23.568832723766803,392,285,1007.1433205428762,1011.1433205428762,4.0,12.679886092142752,6.757626568002161,310.30427095126595,302500,0.1951271557842847,1.4236971358059975,4.303485116244079,-11.056081055674532,11.864101839388416,0,0,0,0,0,8,8,1,1
465,1977,2,23,12,28177.5,71.53774228028087,24.848252965788113,394,285,1007.4432766259207,1011.4432766259207,4.0,12.216111335707339,7.567710647416461,314.76015007415543,311250,0.29995608304452615,2.1909178406175713,15.017212211939492,-6.899475177599857,16.5263250707694,0,0,0,0,0,6,6,1,1
465,1977,2,23,15,28177.625,71.44121699780109,25.478269724079794,395,285,1007.7681148177618,1011.7681148177618,4.0,12.048876959730553,6.732780427118559,337.33630743029306,357500,0.3248381918411178,2.3739985985368754,7.432239462065344,-3.577707234894611,8.24852547308297,0,0,0,1,0,8,8,1,2
465,1977,2,23,18,28177.75,73.74124427073573,30.284928349402225,396,297,1008.0961296216353,1012.0961296216353,4.0,15.292429131228397,1.8132873941907746,342.6029342114174,368750,0.32801480387352056,2.3672254813181945,49.86662614631406,85.25045463148412,98.7639631550445,0,0,1,0,0,6,6,1,1
465,1977,2,23,21,28177.875,74.01230449040744,31.7920715372209,397,299,1008.3213479393039,1014.3213479393039,6.0,15.759840724896398,2.079051745576653,487.37947491113516,746250,0.22521831766862305,1.6231399192439455,15.385773906653466,10.046840414217646,18.37555552943681,0,0,0,0,0,8,8,1,1
465,1977,2,24,0,28178.0,74.51575535379938,31.96134341697703,396,301,1008.5172760705693,1014.5172760705693,6.0,15.970526340189206,2.6117130338875723,456.39240985309783,654375,0.19592813126539113,1.4085549597622427,1.6750059535232928,18.660393941335272,18.7354195840435,0,0,0,0,0,10,10,1,1
465,1977,2,24,3,28178.125,74.63421498284856,31.250951016580693,395,301,1008.2223833308515,1012.2223833308515,4.0,15.839768493160953,2.2401326318687644,330.18348840901825,342500,-0.2948927397179068,-2.118816440811381,-6.97707036252175,4.390703254155153,8.24365124866573,0,0,0,0,0,8,8,1,1
465,1977,2,24,6,28178.25,74.82696097075637,31.690821304599524,395,302,1008.3877686964983,1012.3877686964983,4.0,16.041308790949635,2.327415259058471,334.3745617149374,351250,0.16538536564679818,1.1872098412238228,4.267261356516366,7.144125328814259,8.321541095171215,0,0,0,0,0,8,8,1,1
465,1977,2,24,9,28178.375,75.13769106040108,31.40905155215867,394,303,1008.1514928316517,1014.1514928316517,6.0,16.353061615208922,3.2091180435163547,410.73621666150774,530000,-0.23627586484653876,-1.6936274824758768,-2.678798265582602,11.517203174766587,11.824632303650796,0,0,0,0,0,9,9,1,1
465,1977,2,24,12,28178.5,75.44792605577237,31.115332314741835,393,304,1008.9006204865175,1012.9006204865175,4.0,15.917840664257554,4.626810799911836,343.1831258788849,370000,0.7491276548657333,5.362127402717846,-2.735386482733468,11.498852517628702,11.819727087885614,0,0,0,1,0,9,9,1,2
465,1977,2,24,15,28178.625,75.32997338288608,31.86597769360368,394,304,1008.2073942792117,1014.2073942792117,6.0,16.258247059423564,4.826194647819211,420.78483122581025,556250,-0.6932262073057064,-4.964658065379293,7.04609244981209,-4.371912936373528,8.292227778741315,0,0,0,0,0,9,9,1,2
465,1977,2,24,18,28178.75,75.20951100538994,32.604593166241536,395,304,1008.1563039607037,1014.1563039607037,6.0,16.479597200661175,5.407516898898902,425.2526356040208,568125,-0.05109031850806787,-0.36609436124694483,6.9888392773634,-4.46493507637089,8.293341888588971,0,0,0,0,0,11,11,1,2
465,1977,2,24,21,28178.875,72.63943169357304,33.38147564720537,402,295,1007.1440463991394,1013.1440463991394,6.0,16.4616382381586,2.448474927724237,407.8197095911754,522500,-1.012257561564329,-7.347850791775078,8.591946188191487,-95.25992684939268,95.64661626347491,0,0,1,0,0,8,8,1,1
465,1977,2,25,0,28179.0,70.68836675528529,33.59750576561091,407,288,1007.0310132486869,1013.0310132486869,6.0,15.229120477696702,4.776812913283866,421.7293550432469,558750,-0.11303315045239287,-0.8298066863135385,2.648011610412269,-72.31617423055911,72.36463929871731,0,0,0,0,0,8,8,1,2
465,1977,2,25,3,28179.125,72.51371457110145,33.996459148250494,403,295,1006.2249393450022,1012.2249393450022,6.0,16.86426518224926,4.587926371082067,415.55157712936966,542500,-0.8060739036847372,-5.855219968928396,4.443212006557334,67.65647216016096,67.80221499400923,0,0,0,0,0,7,7,1,2
465,1977,2,25,6,28179.25,72.51371457110145,33.996459148250494,403,295,1005.226184300622,1011.226184300622,6.0,17.526916292018818,4.974146463557409,409.7663541116445,527500,-0.998755044380232,-7.25483166393423,0.0,0.0,0.0,0,0,0,0,0,8,8,1,2
465,1977,2,25,9,28179.375,73.01598675032922,34.2157021324374,402,297,1004.8380050093439,1010.8380050093439,6.0,18.047808890131655,4.8351125231633345,410.00903482827596,528125,-0.38817929127806566,-2.812027973442617,2.373711691172077,18.61670604161175,18.767425263807244,0,0,1,0,0,9,9,1,1
465,1977,2,25,12,28179.5,73.6446065318325,33.799202212115574,400,299,1004.3694270835813,1008.3694270835813,4.0,18.067828718502838,5.293580116525191,341.7307997440064,366875,-0.4685779257626564,-3.3833139903043143,-4.347123241863133,23.299776830524976,23.70183707715955,0,0,0,0,0,11,11,1,1
465,1977,2,25,15,28179.625,73.76940501243938,33.14022087905202,399,299,1004.2795397604856,1006.2795397604856,2.0,17.27464094096667,5.012308945702971,239.3653682408596,180000,-0.08988732309560873,-0.6486081995018044,-6.826882270381616,4.625652632145381,8.24639216912004,0,0,0,0,0,9,9,1,1
465,1977,2,25,18,28179.75,73.76940501243938,33.14022087905202,399,299,,,,16.625467882467778,,0.0,0,0.4164336576117785,,0.0,0.0,0.0,0,2,2,1,0,8,4,0,0
470,1977,2,22,21,28176.875,55.88589832049503,39.047540562032474,454,243,994.0623151827847,1000.0623151827847,6.0,17.562857105812988,3.986692474196534,332.88380724771235,348125,-0.7050420098255563,-5.899918608853833,39.7048929252881,-0.9287927521792472,39.715754785539374,2,0,0,2,0,4,4,1,1
470,1977,2,23,0,28177.0,55.975242655934785,40.66359521433999,457,246,993.8268752865927,1007.8268752865927,14.0,18.54633293977591,3.964689179421257,828.4658665773737,2156250,-0.2354398961919651,-1.968126904782492,33.515801384334786,3.3115456084433785,33.6790034999698,0,0,2,0,0,5,5,1,2
470,1977,2,23,3,28177.125,55.86242053548775,42.02976939280348,460,248,993.6111248283793,1001.6111248283793,8.0,19.367578218795597,3.795716027152448,442.89780690443814,616250,-0.21575045821344246,-1.8059401613126542,28.41623033539928,-4.181749135663824,28.722276586442298,0,0,0,2,0,6,6,1,1
470,1977,2,23,6,28177.25,55.409698700894765,45.53296862265425,468,253,993.2751118536097,1001.2751118536097,8.0,21.350510370391714,3.8565726836019163,437.24692724951115,600625,-0.3360129747695464,-2.82783568338122,73.70635985219492,-16.780123729318827,75.59232788472981,0,0,0,0,0,5,5,1,1
470,1977,2,23,9,28177.375,55.21372472967066,47.38594403038881,472,256,992.7875414096208,1008.7875414096208,16.0,22.16344811802615,4.311993839448332,836.2338376375445,2196875,-0.48757044398895233,-4.113046558363806,39.18222407792322,-7.263770451502466,39.8498311773677,0,0,0,0,0,3,3,1,1
470,1977,2,23,12,28177.5,54.893280991970805,50.78900884517233,479,262,992.5665856704122,1008.5665856704122,16.0,22.7708956913788,4.340639161028666,830.0252766687543,2164375,-0.2209557392085844,-1.8712375277313797,72.53297273781742,-11.877239302414646,73.49898603131739,0,0,0,0,0,4,4,1,1
470,1977,2,23,15,28177.625,54.96665143104744,53.98631082278359,484,269,992.3538428724451,1008.3538428724451,16.0,23.703057670031548,4.599701809655162,788.7311860262951,1954375,-0.2127427979670756,-1.8000645228467436,68.02392245121885,2.719473530335222,68.07826056775856,0,0,0,0,0,6,6,1,1
470,1977,2,23,18,28177.75,55.24144229660559,54.59313426273034,484,271,991.9499831529715,1007.9499831529715,16.0,23.99398162070494,6.577531040497344,732.2248387898504,1684375,-0.4038597194735485,-3.4057355556894113,12.82302752280399,10.185116712777651,16.375794249546836,0,0,0,0,0,5,5,1,1
470,1977,2,23,21,28177.875,55.18448804014453,55.11536132406717,485,272,992.2183833421045,1008.2183833421045,16.0,23.35373918161165,8.749668310992929,733.3108235746569,1689375,0.26840018913295355,2.264973369530758,11.051198999416714,-2.1110081230941846,11.251015715057846,0,0,0,0,0,7,7,1,1
470,1977,2,24,0,28178.0,54.99113777292993,55.32840558730388,486,272,993.2768161554164,1007.2768161554164,14.0,21.28320502181565,7.441192932173143,691.5638827983613,1502500,1.058432813311956,8.952955758379398,4.530233789717223,-7.166522926544556,8.478329378255154,0,0,0,0,0,6,6,1,2
470,1977,2,24,3,28178.125,54.92994963093417,55.84580039816267,487,273,995.03900031245,1005.03900031245,10.0,18.6827658057903,9.454737830065424,597.4152323832858,1121250,1.76218415703348,14.916937382260393,11.018777703234788,-2.2679369869115975,11.24975556400697,0,0,0,0,0,4,4,1,2
470,1977,2,24,6,28178.25,54.538992194907266,56.25891220298812,489,273,996.607718185269,1004.7143961673916,8.106677982122491,16.86623161833328,8.928325854998475,584.2836237069421,1072500,1.5687178728191065,13.343469398489594,8.883213158726784,-14.490827806718796,16.996928150326205,0,0,0,0,0,4,6,2,0
470,1977,2,24,9,28178.375,54.27488769453017,56.96847565158382,491,274,998.8173496009717,1000.8173496009717,2.0,14.188092084737935,14.264619965374585,142.4508871303252,63750,2.2096314157027517,18.857173453315937,15.356400566282144,-9.789026848642841,18.21109785256125,0,0,0,2,0,6,6,1,1
470,1977,2,24,12,28178.5,54.145712247729186,56.66329403486387,491,273,1001.5373230323687,1001.5373230323687,0.0,11.036747814022796,11.127621401718134,14.104739588693906,625,2.7199734313969386,23.250233972788465,-6.625462114553692,-4.787884777104649,8.174386146385348,0,0,0,0,0,6,6,1,1
470,1977,2,24,15,28178.625,53.687802590875584,56.26006670809623,492,271,1004.3942985787974,1004.3942985787974,0.0,9.142466127052021,7.37407451457897,14.104739588693906,625,2.8569755464285844,24.56397660841959,-8.850550839693893,-16.972410234557138,19.141446114024564,0,0,0,0,0,6,6,1,1
470,1977,2,24,18,28178.75,53.687802590875584,56.26006670809623,492,271,,,,9.142466127052021,,0.0,0,0.0,,0.0,0.0,0.0,0,3,0,0,0,6,6,0,0
474,1977,2,22,9,28176.375,33.78536567883956,-15.798190396781562,294,128,1008.5507122463866,1008.5507122463866,0.0,7.88492915764152,10.036522741891968,14.104739588693906,625,,,,,,3,0,0,0,0,0,0,1,1
474,1977,2,22,12,28176.5,33.81404046267424,-13.833989917397153,302,126,1007.0171595485663,1009.0171595485663,2.0,8.430481354812587,11.017013586658141,158.3253092116782,78750,-1.5335526978204144,-19.092146253140367,60.48735401625347,1.0628301616818197,60.496690850327965,0,0,0,0,0,0,0,1,1
474,1977,2,22,15,28176.625,34.269860422579654,-11.969016723982477,310,126,1003.4195881343636,1005.4195881343636,2.0,9.397834780275684,11.763807064990106,96.69722284868811,29375,-3.5975714142026844,-44.26404887679474,57.12388163369053,16.894955668269642,59.56993688038189,0,0,0,0,0,0,0,1,1
474,1977,2,22,18,28176.75,34.77107406218496,-10.835247564203073,315,127,1001.8841723424588,1005.8841723424588,4.0,10.67849278651818,8.792436457455187,194.93137937025432,119375,-1.5354157919048157,-18.652801168052836,34.51917722743122,18.577471296388033,39.200714741276435,0,0,0,0,0,0,0,1,1
474,1977,2,22,21,28176.875,35.539403022608234,-9.48247548876785,321,129,1001.5605495938363,1005.5605495938363,4.0,11.568819728294686,8.96887575873072,179.5240261806447,101250,-0.32362274862243795,-3.8573336785588803,40.79977598267533,28.478094131052057,49.75563853045755,0,0,0,0,0,0,0,1,1
474,1977,2,23,0,28177.0,35.94807237719983,-8.549076820418694,325,130,999.4723662974518,1005.4723662974518,6.0,14.153859278056334,6.726801201357594,225.23462902169737,159375,-2.0881832963845226,-24.644091792421637,28.007386357280925,15.147319635230398,31.84108953377447,0,0,0,0,0,0,0,1,1
474,1977,2,23,3,28177.125,36.80586619308677,-7.917503034828343,328,133,998.1075988016888,1004.1075988016888,6.0,14.020992661963254,13.927053222596514,232.19331810450433,169375,-1.3647674957629352,-15.782504659714823,18.743064529632758,31.794106811234833,36.90755608119002,0,0,0,0,0,0,0,1,1
474,1977,2,23,6,28177.25,37.65316056623577,-7.266954405811692,331,136,997.3772852863087,1001.3772852863087,4.0,14.297916860734327,16.284371107213445,125.36566766991936,49375,-0.7303135153801122,-8.282740281694783,19.090441881267022,31.40494522288333,36.75208233113243,0,0,0,0,0,0,0,1,1
474,1977,2,23,9,28177.375,38.73800936406973,-6.6265250918994525,334,140,998.7287583570185,1002.7287583570185,4.0,13.59498088444786,16.702007721164627,126.15662610100802,50000,1.3514730707097624,14.963047164330014,18.51557671388538,40.20989416519524,44.26807167501174,0,0,0,0,0,0,0,1,1
474,1977,2,23,12,28177.5,39.53695033634849,-6.194918782589489,336,143,,,,11.457424119480047,,0.0,0,1.21979218167995,,12.337470044488294,29.612727601956216,32.08000628314006,0,2,2,0,0,0,1,0,0
477,1977,2,22,12,28176.5,39.43302548491004,-103.11271167005363,147,409,987.0935231727917,995.0935231727917,8.0,16.377684511142824,9.578633936677361,493.46434818596555,765000,,,,,,3,0,0,0,0,9,9,1,1
477,1977,2,22,15,28176.625,39.99559511028281,-101.62216796356957,148,403,985.4686237456423,997.4686237456423,12.0,18.776565707877218,7.296040838512201,606.6677887443901,1156250,-1.624899427149503,-17.51537344987695,42.32386831221799,20.85162940859399,47.181567141239725,0,0,0,0,0,9,9,1,1
477,1977,2,22,18,28176.75,39.06877826968222,-101.1564620030752,144,402,981.3559851133624,997.3559851133624,16.0,22.766985804006705,8.608018213871254,630.3098656162251,1248125,-4.11263863227985,-45.20915249129705,13.401547519969487,-34.352443534508055,36.87399968435164,0,0,0,0,0,9,9,1,1
477,1977,2,22,21,28176.875,39.00749417427805,-100.08344838202349,143,398,978.6031670613173,996.6031670613173,18.0,24.131201252378514,10.176704096005341,678.0551908633342,1444375,-2.7528180520450407,-30.300945733670464,30.90459291145744,-2.2714934976480277,30.987958076207,0,0,0,0,0,9,9,1,1
477,1977,2,23,0,28177.0,39.495818934034645,-98.57626423414406,144,392,979.9758059948138,999.9758059948138,20.0,24.52928311866291,9.898739120712126,800.9952336557335,2015625,1.372638933496346,14.952191639084255,43.10792796795773,18.09974527995202,46.75354781072531,0,0,0,0,0,9,9,1,1
477,1977,2,23,3,28177.125,40.34042036453444,-97.90348871902549,147,389,980.8211290704779,1000.8211290704779,20.0,25.393599877929834,7.1554334200669105,774.220449497332,1883125,0.8453230756642006,9.047303943359282,19.0067799357387,31.305131369437902,36.62333864605143,0,0,0,0,0,10,10,1,1
477,1977,2,23,6,28177.25,41.35499591033753,-97.7835595264654,151,388,980.7878376874249,996.7878376874249,16.0,26.55770255514331,6.187510451026173,592.063140348983,1101250,-0.03329138305300148,-0.3490867609142121,3.336680873152989,37.60521779697935,37.752958093472856,0,0,0,1,0,12,12,1,2
477,1977,2,23,9,28177.375,41.73756446596643,-98.67317404787977,153,391,980.0675095313029,998.0675095313029,18.0,26.81288643142896,13.856701978735874,632.200799461312,1255625,-0.7203281561219774,-7.4965179318972215,-24.604808399901838,14.179894159889836,28.39834493032222,0,0,0,0,0,14,14,1,2
477,1977,2,23,12,28177.5,40.22143949734106,-96.81102473864743,146,385,976.6051286528184,1002.6051286528184,26.0,31.45153071331149,9.427140138368777,776.5296456925637,1894375,-3.462380878484546,-37.14800125309711,52.699956988603965,-56.19513489009376,77.04011066916078,0,0,1,0,0,10,10,1,1
477,1977,2,23,15,28177.625,40.6835033536606,-97.14168663633163,148,386,975.9653776483677,1003.9653776483677,28.0,32.506992007245586,9.049613540537685,807.6734011950041,2049375,-0.6397510044506635,-6.799294863097895,-9.293970812877797,17.126385536184372,19.48566075360673,0,0,0,0,0,13,13,1,1
477,1977,2,23,18,28177.75,40.95945949541935,-96.90716272380465,149,385,976.424148310109,1004.424148310109,28.0,30.81334494616792,10.975528351527682,866.0356051113354,2356250,0.4587706617412914,4.848719830191743,6.56443746199974,10.228307646660141,12.153605082741166,0,0,0,0,0,10,10,1,1
477,1977,2,23,21,28177.875,42.51431416367724,-96.27868261278881,155,382,977.165238272156,1005.165238272156,28.0,28.13045362327394,17.87810931419561,1034.1765891652822,3360000,0.7410899620469718,7.597834456186103,17.17060904954875,57.63065025996171,60.13419713040551,0,0,0,0,0,12,12,1,1
477,1977,2,24,0,28178.0,41.117158344156266,-95.29258004001197,149,379,981.054234975648,1007.054234975648,26.0,24.297214071047048,7.913227686800674,1207.7479262814823,4582500,3.888996703492012,40.97281514061341,27.535298779766105,-51.785546287551234,58.65096319065101,0,0,0,0,0,14,14,1,1
477,1977,2,24,3,28178.125,42.38897064527153,-94.86745917638738,154,377,981.709703092834,1005.709703092834,24.0,23.786525669786254,5.7752263812536695,1046.5108466476136,3440625,0.6554681171861012,6.73610837378789,11.63794348105163,47.139691842719856,48.55504376987772,0,0,0,0,0,10,10,1,1
477,1977,2,24,6,28178.25,43.14359040278447,-94.65825410967562,157,376,981.5212496258157,1005.5212496258157,24.0,23.386660804463904,11.34223900477038,1042.2247773883453,3412500,-0.18845346701840754,-1.9093132425341346,5.657776241228479,27.96996286039521,28.53645483250673,0,0,0,0,0,10,10,1,1
477,1977,2,24,9,28178.375,43.197928151768615,-93.81407483429035,157,373,980.3842186417543,1002.3842186417543,22.0,23.831765118840913,9.980812375166497,907.2100084676997,2585625,-1.137030984061421,-11.508170917858097,22.809730188640973,2.0140273374411906,22.898473691374274,0,0,0,0,0,12,12,1,1
477,1977,2,24,12,28178.5,44.218733708680205,-93.02793710179779,161,370,980.1176769116521,1006.1176769116521,26.0,23.845524984465868,4.213214216228444,1105.6712470823418,3840625,-0.26654173010218074,-2.647916086025683,20.882744550962624,37.836133006380734,43.21645497790503,0,0,0,0,0,12,12,1,1
477,1977,2,24,15,28178.625,44.972899656334285,-92.48955292199916,164,368,979.4933581321125,1009.4933581321125,30.0,24.987337893350944,4.282928145419792,1270.7579790605853,5073125,-0.6243187795396079,-6.1199451455388445,14.117101321246432,27.953142409073276,31.31566253899586,0,0,0,0,0,12,12,1,1
477,1977,2,24,18,28178.75,45.48533670520671,-91.62812384316624,166,365,980.3826367003317,1010.3826367003317,30.0,23.031884599726254,4.364645000775999,1366.5592974710344,5866875,0.8892785682191606,8.64023672469444,22.38494544211406,18.993466686441014,29.357070003925248,0,0,0,0,0,15,15,1,1
477,1977,2,24,21,28178.875,46.474453673957775,-89.8488241515751,170,359,980.0263708881326,1010.0263708881326,30.0,23.063388154275824,7.755921073148711,1467.02853345126,6761250,-0.35626581219898074,-3.404210429854287,45.41714295525295,36.661596261054115,58.36770952013124,0,0,0,0,0,13,13,1,1
477,1977,2,25,0,28179.0,46.71263468637926,-89.2401535743895,171,357,982.2354637829237,998.2354637829237,16.0,21.525688859128696,7.410536587614334,780.6180169347197,1914375,2.2090928947911017,21.02560853356855,15.468649433797083,8.828173401444564,17.81055195415583,0,0,0,0,0,14,14,1,1
477,1977,2,25,3,28179.125,47.17272470020583,-88.00390411399052,173,353,982.8302950174469,996.8302950174469,14.0,21.88274023541313,5.3332854135805245,704.6725639945928,1560000,0.5948312345231535,5.619138354009396,31.14873414581771,17.05322511244663,35.51135206694629,0,0,0,0,0,12,12,1,1
477,1977,2,25,6,28179.25,47.404900268655844,-87.68472008611396,174,352,983.164446359837,997.164446359837,14.0,21.815535066096597,5.742973589464237,717.4031622619295,1616875,0.33415134239010513,3.1448112000772532,8.00706334097214,8.605581767485816,11.75453533336066,0,0,0,0,0,12,12,1,1
477,1977,2,25,9,28179.375,47.382806717735875,-87.06827607997452,174,350,984.5030080628782,994.5030080628782,10.0,20.547937100468562,5.714292636092287,582.066220551298,1064375,1.3385617030411958,12.602125174435322,15.47059425996439,-0.8188969246210105,15.49225222263041,0,0,0,0,0,11,11,1,1
477,1977,2,25,12,28179.5,49.34760104265131,-83.69543995317389,183,340,986.5776847803719,992.5776847803719,6.0,18.866652394555043,5.357835825028742,456.17440534586456,653750,2.074676717493712,18.945880811761025,81.43594941826913,72.82505361020563,109.24880910556514,0,0,0,0,0,13,13,1,1
477,1977,2,25,15,28179.625,49.53016594273338,-83.01566048401914,184,338,,,,18.831196204198996,,0.0,0,0.4323888450417144,,16.3533541333106,6.766763557499253,17.698058663383588,0,2,2,0,0,11,8,0,0
478,1977,2,25,21,28179.875,50.31407620322496,-81.21618443759935,188,333,990.1886960860327,994.1886960860327,4.0,16.42484393917101,2.0037407653021364,363.7272968105886,415625,2.3616509374366434,21.261594782924348,17.661670447529154,14.940492834610886,23.133372627833236,2,0,0,2,0,13,13,1,1
478,1977,2,26,0,28180.0,50.392617330635716,-79.8578831671712,189,329,991.5869494382174,997.5869494382174,6.0,16.440129553810213,3.5232172225929395,407.08731802211184,520625,1.3982533521846927,12.573977546377975,32.09591987933829,2.911124967006725,32.22767012172045,0,0,0,0,0,14,14,1,1
478,1977,2,26,3,28180.125,50.34988604239584,-79.5325917867202,189,328,991.5799795859461,999.5799795859461,8.0,17.32527456340756,7.062739838290799,458.5667547480592,660625,-0.006969852271286072,-0.06271603729356971,7.693484655786523,-1.5838341537534515,7.8548225171176576,0,0,0,0,0,12,12,1,1
478,1977,2,26,6,28180.25,50.21367544370045,-78.56087771219282,189,325,992.5768925351364,1000.5768925351364,8.0,16.895258838909452,8.41898853616607,441.0974018624935,611250,0.9969129491903004,8.988143399945063,23.04778007885293,-5.048642510048289,23.594256880805478,0,0,0,0,0,13,13,1,1
478,1977,2,26,9,28180.375,50.116225420346204,-77.91671814404678,189,323,994.957387656283,1000.957387656283,6.0,15.526129859002003,8.74428515804968,359.0480523612894,405000,2.3804951211465233,21.492960687184397,15.309861455770793,-3.6119827327955676,15.73017091632858,0,0,0,0,0,14,14,1,1
478,1977,2,26,12,28180.5,51.14880381333043,-78.29356327084666,193,325,999.0201054970929,1005.0201054970929,6.0,13.926044157854552,5.8631673025470805,445.5847747703454,623750,4.062717840809928,36.142961985691706,-8.761962445385738,38.2724928875462,39.26265016172017,0,0,0,0,0,11,11,1,1
478,1977,2,26,15,28180.625,51.84768813548218,-78.08485292873499,196,325,1002.3290167077679,1008.3290167077679,6.0,12.590949626164889,4.4325525616219235,520.9214700621213,852500,3.3089112106749963,29.152651451804743,4.778847551437214,25.90413031156517,26.34124809340717,0,0,0,0,0,12,12,1,1
478,1977,2,26,18,28180.75,52.5936316504459,-78.21032938735242,199,326,1004.8980886321235,1010.8980886321235,6.0,11.388306580479503,3.0557759490773604,578.810120167607,1052500,2.569071924355667,22.40714702294523,-2.825182825624804,27.648378142458228,27.792345563240378,0,0,0,0,0,8,8,1,1
478,1977,2,26,21,28180.875,55.574008238971224,-81.06673839403378,210,336,1006.9588895609527,1012.9588895609527,6.0,12.381732560092065,3.0180400625350012,602.5547393626459,1140625,2.0608009288291216,17.309237312967618,-59.850004080223314,110.46758537807816,125.63880932126719,0,0,0,0,0,8,8,1,1
478,1977,2,27,0,28181.0,56.14193835413225,-82.08754438439951,212,339,1009.0386913962823,1015.0386913962823,6.0,12.306442725756426,4.08191516918836,503.0470748509662,795000,2.079801835329563,17.351803177955297,-21.079742283547453,21.050315831522028,29.79045705167353,0,0,0,0,0,6,6,1,1
478,1977,2,27,3,28181.125,55.90939019547977,-82.14015875233815,211,339,1009.0836964749307,1013.0836964749307,4.0,12.720626589537833,4.770039019524047,308.3748992661489,298750,0.04500507864839164,0.3765060683434969,-1.093065584433026,-8.61939181423002,8.68842377068979,0,0,0,0,0,7,7,1,1
478,1977,2,27,6,28181.25,55.94073466427189,-82.51911382047633,211,340,1008.7220904517618,1014.7220904517618,6.0,13.23773348336671,5.792211841159442,396.44105022467926,493750,-0.3616060231688607,-3.0240251878595386,-7.866432212219455,1.1617819693508273,7.951760377033035,0,0,0,0,0,9,9,1,1
478,1977,2,27,9,28181.375,55.707818424234866,-82.5685920288275,210,340,1008.880363288282,1014.880363288282,6.0,13.107200934420218,7.435766444997499,380.04356441846903,453750,0.15827283652019106,1.327256492882121,-1.0332484949972718,-8.633034741747991,8.69464727890913,0,0,0,0,0,9,9,1,1
478,1977,2,27,12,28181.5,55.707818424234866,-82.5685920288275,210,340,1009.0497731559633,1015.0497731559633,6.0,12.222491252776594,7.092975945572107,376.3613946086751,445000,0.16940986768138827,1.4206502630648132,0.0,0.0,0.0,0,0,0,0,0,10,10,1,1
478,1977,2,27,15,28181.625,55.4747212457204,-82.61742364727107,209,340,1009.562670333785,1013.562670333785,4.0,10.841048656926215,8.709265815671607,274.9519921161698,237500,0.5128971778217237,4.313094412703313,-1.0258208371143405,-8.639741221989556,8.700427390237998,0,0,0,0,0,9,9,1,1
478,1977,2,27,18,28181.75,55.4747212457204,-82.61742364727107,209,340,1008.9986118705515,1010.9986118705515,2.0,9.569923193732912,6.791438558955195,169.8435557664936,90625,-0.564058463233523,-4.743323830602452,0.0,0.0,0.0,0,0,0,0,0,9,9,1,1
478,1977,2,27,21,28181.875,55.210646181124645,-82.29391047508804,208,339,1008.0581272239817,1010.0581272239817,2.0,9.206344974679475,8.101890323613988,147.93175681757992,68750,-0.940484646569821,-7.934036156941984,6.841595033410579,-9.787935812127472,11.941989367920062,0,0,0,0,0,7,7,1,1
478,1977,2,28,0,28182.0,54.94523801158139,-81.97512393619381,207,338,1008.2020610400692,1008.2020610400692,0.0,8.594583149669084,8.245850344926076,14.104739588693906,625,0.1439338160875195,1.218175562947571,6.78651516887411,-9.837347314409751,11.951158534706295,0,0,0,0,0,9,9,1,1
478,1977,2,28,3,28182.125,54.94523801158139,-81.97512393619381,207,338,,,,8.594583149669084,,0.0,0,0.0,,0.0,0.0,0.0,0,3,0,0,0,9,9,0,0
481,1977,2,22,15,28176.625,58.4407495515611,-123.86144023381637,244,437,991.9784920583365,993.9784920583365,2.0,8.734315151411273,12.971557674501746,182.27340554900803,104375,,,,,,3,0,0,0,0,13,13,1,1
481,1977,2,22,18,28176.75,57.4648164197401,-122.7472404844526,239,437,993.0071547232228,995.0071547232228,2.0,9.076696633914155,10.144094129279038,285.9472888723746,256875,1.0286626648862147,8.453458360867506,22.210419721739317,-36.17293766761037,42.447428234472014,0,0,2,0,0,16,16,1,2
481,1977,2,22,21,28176.875,57.82895140731145,-119.36876560867779,236,429,993.336979732858,995.336979732858,2.0,11.025370990742797,6.69885581503513,273.1371076480198,234375,0.3298250096352422,2.699582303529853,66.66794049857832,13.496654410571239,68.02039378451416,0,0,2,0,0,15,15,1,2
481,1977,2,23,0,28177.0,57.64479059621057,-118.27352393368756,234,427,994.1939449567756,996.1939449567756,2.0,11.33715133742245,5.908832691527205,295.19033070683855,273750,0.8569652239175047,7.028414921706459,21.724908096969727,-6.825915960388821,22.772017049881015,0,0,1,0,0,12,12,1,2
481,1977,2,23,3,28177.125,57.754846337607226,-115.2118592232983,231,420,995.4127891944055,997.4127891944055,2.0,13.076705151153604,7.754332830501152,223.4611004069437,156875,1.2188442376299644,9.984240501196052,60.54158546110738,4.079213363804967,60.67885588746721,0,0,0,0,0,12,12,1,1
481,1977,2,23,6,28177.25,57.68089173338276,-112.51149694524659,228,414,996.3362142674195,998.3362142674195,2.0,13.049353178549032,12.340043791848293,179.5240261806447,101250,0.923425073013932,7.570466088967063,53.50739308658795,-2.741125597255784,53.57755952320496,0,0,0,0,0,16,16,1,1
481,1977,2,23,9,28177.375,57.68089173338276,-112.51149694524659,228,414,996.9921458622672,998.9921458622672,2.0,12.992428622099156,14.49650219867326,150.59740831300877,71250,0.6559315948477888,5.377488700052169,0.0,0.0,0.0,0,0,0,0,0,17,17,1,1
481,1977,2,23,12,28177.5,57.233777914315496,-110.06793882519494,224,409,998.5554808176753,1002.5554808176753,4.0,12.043036256654313,6.780239767353996,378.469878303024,450000,1.5633349554080633,12.880586294007637,49.01522418842915,-16.572262770984246,51.74100980453049,0,0,0,0,0,12,12,1,1
481,1977,2,23,15,28177.625,57.09293317982369,-109.56070353252439,223,408,1000.8438656689785,1002.8438656689785,2.0,10.369063728355906,4.254476832576911,225.23462902169737,159375,2.2883848513032716,18.88433237503808,10.213963548230593,-5.220406640029514,11.470732184644863,0,0,0,0,0,14,14,1,1
481,1977,2,23,18,28177.75,56.72631432796311,-107.69249647926145,220,404,1002.0270015793928,1004.0270015793928,2.0,9.345720052661308,2.9933818728926416,236.85885552348068,176250,1.1831359104142758,9.804334240741698,37.989350806051654,-13.58871877971658,40.346549452703876,0,0,0,0,0,11,11,1,1
481,1977,2,23,21,28177.875,56.41713682587505,-106.71781660919827,218,402,1002.1336250167965,1004.1336250167965,2.0,8.2216204302133,4.657941584572036,247.13500240053986,191875,0.10662343740361394,0.8867130229009246,19.982923789952114,-11.459656554943162,23.035645672572016,0,0,0,0,0,13,13,1,1
481,1977,2,24,0,28178.0,56.41713682587505,-106.71781660919827,218,402,,,,8.2216204302133,,0.0,0,0.0,,0.0,0.0,0.0,0,3,0,0,0,13,13,0,0
483,1977,2,21,12,28175.5,57.89660124701776,73.35896344613003,495,319,1011.3147278328952,1011.3147278328952,0.0,8.363339112390912,1.939187581041988,14.104739588693906,625,,,,,,3,0,0,0,0,6,6,1,1
483,1977,2,21,15,28175.625,57.985894318645734,75.42185216266783,496,324,1009.7397136881632,1011.7397136881632,2.0,9.488487417533632,2.1852028200736093,350.63826593583474,386250,-1.5750141447319765,-12.869196211110534,40.53250267261081,3.30964551651323,40.66740127362675,0,0,0,0,0,4,4,1,1
483,1977,2,21,18,28175.75,58.03228149208835,77.49325458452631,497,329,1007.9580808739111,1009.9580808739111,2.0,10.543851993407083,3.1569013612848353,245.1142407474329,188750,-1.7816328142520796,-14.550085153793509,40.64705192724349,1.7193394494000616,40.683399053155476,0,0,0,0,0,4,4,1,1
483,1977,2,21,21,28175.875,57.7647182971406,81.698695626939,500,339,1006.3558112903474,1010.3558112903474,4.0,10.890932680128238,3.433325480889616,375.30271067010347,442500,-1.6022695835636114,-13.12366749847095,83.12971106587192,-9.917223278333005,83.7191745029038,0,0,0,0,0,4,4,1,1
483,1977,2,22,0,28176.0,57.749911361092494,84.95164032205214,501,347,1005.214910426268,1011.214910426268,6.0,11.459420688614989,4.698682752208551,684.9154654140623,1473750,-1.1409008640794491,-9.346270235721903,64.33204740735583,-0.5488187225664897,64.33438835966747,0,0,0,0,0,4,4,1,2
483,1977,2,22,3,28176.125,57.16733649129889,91.38751574744322,504,363,1003.748965134182,1011.4486573937653,7.699692259583389,12.403031828940765,5.4695670102560685,774.7341990226779,1885625,-1.4659452920861076,-12.087205569605375,129.28836064854724,-21.59312330388779,131.07914850656348,0,0,0,0,0,6,8,2,0
483,1977,2,22,6,28176.25,54.141213337769436,98.95370462763415,515,384,999.7955818887878,1009.7955818887878,10.0,12.216178132828782,15.098731970848167,788.7311860262951,1954375,-3.6530755049776054,-31.22812867318431,31.342219427656087,-5.010397259610846,31.740176422799834,0,0,0,0,2,7,7,1,1
483,1977,2,22,9,28176.375,53.517539439038956,100.2568198416964,517,388,997.0582589018346,1009.0582589018346,12.0,13.965847982532797,17.524114107771602,784.4315130902381,1933125,-2.737322986953077,-23.586831070972888,28.717614050993035,-23.116457806487283,36.86559342124984,0,0,0,0,0,9,9,1,1
483,1977,2,22,12,28176.5,53.152648281226774,101.24039879515543,518,391,997.1747538883079,1011.1747538883079,14.0,14.108765630616062,13.663963100117543,914.4180019384161,2626875,0.11649498647326255,1.008578597828774,21.862147841951806,-13.524681842057866,25.70740218676807,0,0,0,0,0,8,8,1,2
483,1977,2,22,15,28176.625,52.49393166991233,102.47209794920116,520,395,996.2366079187225,1010.2366079187225,14.0,14.354952274919178,10.381366034214588,865.4611204012763,2353125,-0.9381459695854574,-8.193315525574471,27.795223101622227,-24.415315091553975,36.995702970599396,0,0,0,0,0,8,8,1,1
483,1977,2,22,18,28176.75,51.52869769989953,103.91249467652003,523,400,996.3362460365774,1008.3362460365774,12.0,14.122936168336121,19.440319914492793,804.4649074679512,2033125,0.0996381178550655,0.8817162109963008,33.21351150263003,-35.776373496803,48.816864369990874,0,0,0,1,0,8,8,1,3
483,1977,2,22,21,28176.875,50.932109136466835,105.7842591395002,524,406,996.6064052975438,1009.1003602704327,12.493954972888895,13.105761497282797,12.381666055333335,887.9266857919501,2476875,0.2701592609663203,2.410766272489154,43.72298372985027,-22.112540515960585,48.99656880140435,0,0,1,0,0,11,12,2,0
483,1977,2,23,0,28177.0,54.32004335227096,110.74867132074623,506,415,996.1397529454161,1008.1397529454161,12.0,15.200009446601468,13.875984618039583,811.2371352970642,2067500,1.0393926749833917,8.86523883014137,0.0,0.0,0.0,0,0,0,1,2,10,10,1,2
483,1977,2,23,3,28177.125,53.62405935398611,111.5014343240479,508,418,995.7275877264398,1005.7219301113649,9.994342384925112,14.902143068549373,17.59206360078919,722.1020580948527,1638125,-0.4121652189762972,-3.5466553322565733,16.54755597274428,-25.796629878356743,30.647801254772464,0,0,0,0,0,11,14,2,0
483,1977,2,23,6,28177.25,53.576684352397415,112.6336545457316,507,421,994.6668736548352,1004.644572911026,9.977699256190826,14.386217481694274,9.429922937571172,784.6850872080915,1934375,-1.0607140716045977,-9.132942431162242,24.91672863448855,-1.7559532754804037,24.97852553195268,0,0,0,0,0,17,19,2,0
483,1977,2,23,9,28177.375,53.51458434042147,113.7625996572112,506,424,995.1102526854705,1004.8156393384453,9.705386652974848,13.752986597836019,10.381948868694744,800.3740662620689,2012500,0.4433790306352603,3.8206325081221557,24.881133709702567,-2.3017354254302207,24.987372824064117,0,0,0,0,0,19,20,2,0
483,1977,2,23,12,28177.5,52.5936316504459,115.08022703319644,508,429,1000.0500391782905,1000.0500391782905,0.0,9.530365391683604,11.428670173402061,14.104739588693906,625,4.9397864928199855,43.08424421956852,29.66681546077676,-34.135088934981034,45.22526104051637,0,0,0,2,0,15,15,1,1
483,1977,2,23,15,28177.625,52.5936316504459,115.08022703319644,508,429,,,,9.530365391683604,,0.0,0,0.0,,0.0,0.0,0.0,0,3,0,0,0,15,15,0,0
513,1977,2,23,21,28177.875,41.69153813800434,-26.25865955480728,267,172,1007.4059651156226,1007.4059651156226,0.0,7.830382743363597,4.812882741894355,14.104739588693906,625,,,,,,3,0,0,0,0,1,1,1,1
513,1977,2,24,0,28178.0,41.79189373057931,-25.398417349410057,270,171,1006.4255800152899,1006.4255800152899,0.0,7.917834122980285,4.597729442784257,14.104739588693906,625,-0.9803851003327873,-10.192125007256967,23.77230252372929,3.7196775849149106,24.061553744831702,0,0,0,0,0,2,2,1,1
513,1977,2,24,3,28178.125,41.43133170326317,-24.30855736523155,273,168,1004.8250956029558,1004.8250956029558,0.0,8.339509207016848,5.4237798753801325,14.104739588693906,625,-1.6004844123340445,-16.757009704967064,30.286399127203364,-13.364222726077257,33.10390341280714,0,0,0,0,0,0,0,1,1
513,1977,2,24,6,28178.25,41.27874818258368,-23.341383437984323,276,166,1003.6512160659249,1003.6512160659249,0.0,8.514978095714309,4.906194207114895,14.104739588693906,625,-1.1738795370308799,-12.327713895647866,26.940160216260978,-5.655504463041073,27.527385695145266,0,0,0,0,0,0,0,1,1
513,1977,2,24,9,28178.375,39.715464533818235,-20.355225029891734,284,156,1003.2840368312343,1005.2840368312343,2.0,10.42853804611292,7.065852214975748,175.0352151573787,96250,-0.3671792346907023,-3.981205095887048,85.13557524519591,-57.943070216370785,102.98284108738547,0,0,0,0,0,1,1,1,1
513,1977,2,24,12,28178.5,39.66506844978616,-18.93533592171424,289,154,1002.6637616524708,1006.6637616524708,4.0,11.511307300983995,10.855548787267836,207.77578856468483,135625,-0.6202751787634042,-6.732573707897254,40.512144590598076,-1.8679296223730808,40.55518487695086,0,0,0,0,0,1,1,1,1
513,1977,2,24,15,28178.625,39.818660506981075,-17.598573497499594,294,153,1001.7668801900762,1005.7668801900762,4.0,11.362077459886896,12.198069318563212,187.65135533505173,110625,-0.8968814623946674,-9.703570107404486,38.0555095693486,5.692885844325021,38.47896513446404,0,0,0,0,0,1,1,1,1
513,1977,2,24,18,28178.75,39.94269737192327,-16.254902979862845,299,152,1002.0528692461853,1006.0528692461853,4.0,11.196848841289427,13.732854557877944,173.8949084575512,95000,0.2859890561091015,3.0861760475516182,38.183036296459456,4.597423366156301,38.4588164459649,0,0,0,0,0,1,1,1,1
513,1977,2,24,21,28178.875,39.972591142797164,-15.162068391826311,303,151,1003.4960680605753,1007.4960680605753,4.0,10.516203747757956,10.920588812252317,177.8539989415875,99375,1.4431988143900525,15.564207032264301,31.041567410399463,1.1080118864837845,31.06133605682414,0,0,0,0,0,1,1,1,1
513,1977,2,25,0,28179.0,40.28379210987443,-13.874482803662215,308,151,1003.801108562804,1007.801108562804,4.0,10.3978872653274,11.774671699567188,175.0352151573787,96250,0.3050405022286577,3.268585750081525,36.406243911521145,11.534656235290829,38.18982705134319,0,0,0,0,0,1,1,1,1
513,1977,2,25,3,28179.125,40.51290491786016,-12.833956071704382,312,151,1003.7114345667886,1007.7114345667886,4.0,9.836088230738316,8.488968369601862,195.44100476116796,120000,-0.08967399601533543,-0.956375015776603,29.32083902453208,8.492060625767405,30.525836512276488,0,0,0,0,0,1,1,1,1
513,1977,2,25,6,28179.25,40.72418537536588,-11.784748506262801,316,151,1004.6567636199283,1008.6567636199283,4.0,8.982606220484916,6.113107654740307,222.56903656473068,155625,0.9453290531395759,10.038699321311508,29.47209211057374,7.831104991258931,30.494760513213798,0,0,0,0,0,0,0,1,1
513,1977,2,25,9,28179.375,40.72418537536588,-11.784748506262801,316,151,,,,8.982606220484916,,0.0,0,0.0,,0.0,0.0,0.0,0,3,0,0,0,0,0,0,0
515,1977,2,23,21,28177.875,69.1724051350187,-56.9112154319716,282,309,991.392127459812,991.392127459812,0.0,12.452919522220702,5.063690822236968,14.104739588693906,625,,,,,,3,0,0,0,0,10,10,1,1
515,1977,2,24,0,28178.0,69.53757042268504,-58.49573328079582,282,312,993.832426285652,993.832426285652,0.0,12.059529553595437,4.459574267811477,14.104739588693906,625,2.4402988258401455,18.045529748070393,-20.531069012535482,13.534842458398932,24.590989308508373,0,0,0,0,0,11,11,1,1
515,1977,2,24,3,28178.125,70.90132246617678,-59.96215525432655,286,317,995.1189662647012,997.1189662647012,2.0,11.973495861463519,3.705914431134006,209.6820283885486,138125,1.286539979049121,9.43261491202839,-17.78362106396848,50.54743614581027,53.58451715805219,0,0,0,0,0,9,9,1,1
515,1977,2,24,6,28178.25,71.74064657818562,-61.69924423399362,288,321,997.0949242301978,999.0949242301978,2.0,11.685737239366537,3.561825286898456,245.92453796829673,190000,1.9759579654966364,14.415697712207697,-20.172386979167953,31.109527688610825,37.077323385672656,0,0,0,0,0,9,9,1,1
515,1977,2,24,9,28178.375,73.46834892597249,-64.6538240580533,293,328,998.533659031614,1000.533659031614,2.0,13.181235028923396,5.379918138999929,218.50968611841583,150000,1.4387348014161399,10.39765827949276,-31.157753039682298,64.03724527526458,71.21498688426634,0,0,0,0,0,10,10,1,1
515,1977,2,24,12,28178.5,73.86361879726893,-65.75407131879939,294,330,999.8424579834592,1003.8424579834592,4.0,12.854150050871041,4.759785505758555,307.7290872499344,297500,1.3087989518452376,9.439514888057822,-11.33378441233646,14.650668114537174,18.52287087110519,0,0,0,0,0,11,11,1,1
515,1977,2,24,15,28178.625,75.21979879842945,-69.0874523086323,298,336,998.8683479542236,1004.8683479542236,6.0,15.689566333703889,5.485518210870578,300.2024092604617,283125,-0.9741100292355986,-6.979782063368764,-31.515318699801664,50.26677858195348,59.3292873862244,0,0,0,0,0,11,11,1,1
515,1977,2,24,18,28178.75,75.7327672429737,-72.13513962207688,299,340,998.0055873127983,1006.0055873127983,8.0,17.677440652922048,12.204828506318227,309.98354293693046,301875,-0.862760641425266,-6.167609692495861,-27.83592673412718,19.013162854024017,33.70963035782705,0,0,0,0,0,13,13,1,1
515,1977,2,24,21,28178.875,76.42008284014408,-75.16006083808709,301,344,998.7502317950365,1006.7502317950365,8.0,18.26423438392618,19.123364329141552,279.9710868514077,246250,0.7446444822382182,5.307426103218559,-26.322724406887385,25.475335803007038,36.631660547631704,0,0,0,0,0,11,11,1,1
515,1977,2,25,0,28179.0,76.74818760717633,-76.78725312166476,302,346,1000.0059899157036,1012.0059899157036,12.0,17.622964877489636,17.703141565592013,563.8368547958363,998750,1.2557581206670148,8.938152523221973,-13.824914610935242,12.161195167293695,18.412575373821507,0,0,0,0,0,12,12,1,1
515,1977,2,25,3,28179.125,77.0180799196728,-77.52489028779105,303,347,1003.1259215834984,1014.2476099559859,11.12168837248755,15.12361809327867,14.125010808668884,693.5746646866894,1511250,3.119931667794881,22.18248272375823,-6.141828224158373,10.003551963325126,11.738530820252352,0,0,0,0,0,11,13,2,0
515,1977,2,25,6,28179.25,78.27781317710112,-68.09682191816084,311,340,1005.9304203455999,1005.9304203455999,0.0,13.450340387142317,16.906969158667124,14.104739588693906,625,2.8044987621015753,19.84399964746518,70.91997389628143,46.69198238381809,84.91044645024556,0,0,0,2,0,11,11,1,1
515,1977,2,25,9,28179.375,78.27781317710112,-68.09682191816084,311,340,,,,13.450340387142317,,0.0,0,0.0,,0.0,0.0,0.0,0,3,0,0,0,11,11,0,0
524,1977,2,24,0,28178.0,55.63774494661649,-158.4450981853946,304,500,987.7534418490744,987.7534418490744,0.0,12.51523827479576,4.449418674294793,14.104739588693906,625,,,,,,3,0,0,0,0,21,21,1,1
524,1977,2,24,3,28178.125,56.113581086812324,-157.30620505490765,302,497,985.5945807306148,987.5945807306148,2.0,14.85219052956932,7.3509362008686,143.1474726395179,64375,-2.1588611184596083,-18.01738031681624,23.535547208916338,17.636854901301717,29.410553092940976,0,0,0,0,0,17,17,1,1
524,1977,2,24,6,28178.25,56.66875119053097,-156.49364639701784,301,494,984.0394886989488,986.0394886989488,2.0,15.89275674764763,8.920189854522977,138.1976597885342,60000,-1.5550920316659904,-12.895144244768053,16.548806106494013,20.577366319415425,26.406267971709784,0,0,0,0,0,19,19,1,1
524,1977,2,24,9,28178.375,57.311714229929706,-156.01730087475627,301,491,983.3619716791219,987.3619716791219,4.0,16.19024767069655,12.080826634442273,213.44344089255833,143125,-0.6775170198269188,-5.577301887940787,9.535282714606467,23.831409333701906,25.668223298037734,0,0,0,0,0,18,18,1,1
524,1977,2,24,12,28178.5,58.67966168038056,-158.54536638395322,309,488,984.2839874545957,986.2839874545957,2.0,12.788971884094112,6.495358844537185,165.69317331547472,86250,0.9220157754738466,7.477589116706748,-48.70587043282665,50.702938802164695,70.30682625318367,0,0,0,0,0,13,13,1,1
524,1977,2,24,15,28178.625,59.19840037469201,-158.6293777306568,310,486,983.5747214595453,987.5747214595453,4.0,13.596945436593181,6.694106253791761,271.3100830783876,231250,-0.709265995050373,-5.720896587925008,-1.5945138419309794,19.22703702055154,19.29304089514582,0,0,0,0,0,15,15,1,1
524,1977,2,24,18,28178.75,59.71638203698107,-158.71618945136714,311,484,983.5379223225126,987.5379223225126,4.0,14.139609940331535,10.10894595410442,249.13937425834396,195000,-0.036799137032794534,-0.2952404844466903,-1.6226110664040623,19.198977647153004,19.267423526997522,0,0,0,0,0,19,19,1,1
524,1977,2,24,21,28178.875,59.932819735075675,-158.55944089689734,311,483,984.4118801411398,988.4118801411398,4.0,14.09744884698236,13.656539380773175,260.07854739300495,212500,0.8739578186272411,6.996403592939256,2.9108375152448005,8.022257987582467,8.534025911578148,0,0,0,0,0,18,18,1,1
524,1977,2,25,0,28179.0,60.36463961543123,-158.23925465125856,311,481,986.514861555689,990.514861555689,4.0,13.143531441000295,10.505582924855334,272.0423653362309,232500,2.10298141454914,16.762599527948122,5.8683130779388994,16.00539330659935,17.04727876464874,0,0,0,0,0,17,17,1,1
524,1977,2,25,3,28179.125,61.58495357992125,-160.69918592160462,318,478,988.5467053452923,990.5467053452923,2.0,10.329134484014961,7.376679240592492,205.36810833075387,132500,2.031843789603299,16.005285226312047,-43.384610569558696,45.230907254932276,62.674232387613245,0,0,0,0,0,17,17,1,1
524,1977,2,25,6,28179.25,62.23874705515447,-160.23626364690358,318,475,990.2463446648951,992.2463446648951,2.0,9.767441557314543,6.54622827101055,217.59732436277534,148750,1.6996393196028656,13.307150578928256,7.9920734954335515,24.232839173083082,25.51673437462015,0,0,0,0,0,22,22,1,1
524,1977,2,25,9,28179.375,63.663672131743546,-166.85799889132787,333,473,991.8858746118108,993.8858746118108,2.0,8.57123861188763,4.717910944727846,210.15588668414918,138750,1.6395299469155724,12.674547180437434,-108.8357445168049,52.81481312177199,120.97364907125404,0,0,0,0,0,20,20,1,1
524,1977,2,25,12,28179.5,63.663672131743546,-166.85799889132787,333,473,,,,8.57123861188763,,0.0,0,0.0,,0.0,0.0,0.0,0,3,0,0,0,20,20,0,0
529,1977,2,23,0,28177.0,47.80023531181236,12.714558185601124,400,180,1002.7647994250693,1004.7647994250693,2.0,8.342020615779933,10.737787514996745,160.81877456451716,81250,,,,,,3,0,0,0,0,1,1,1,1
529,1977,2,23,3,28177.125,48.20120425300116,15.751173663453027,409,184,1002.5835766865639,1004.5835766865639,2.0,9.605393081701243,7.048020347711499,188.70855443464026,111875,-0.18122273850545753,-1.6841915350473042,75.01297135796192,14.861904000744946,76.47105375550787,0,0,0,0,0,2,2,1,1
529,1977,2,23,6,28177.25,48.619932091298246,17.231011590975346,413,187,1001.2782633976063,1005.2782633976063,4.0,11.606264776807528,5.147819720688058,269.470671475909,228125,-1.30531328895755,-12.052486481436471,36.25817664944251,15.520137087826294,39.44020827996601,0,0,0,0,0,3,3,1,1
529,1977,2,23,9,28177.375,48.31879320486043,19.431296719426935,420,188,1002.0306098161553,1006.0306098161553,4.0,12.27564100184069,5.559380405252159,305.45799283636967,293125,0.7523464185489865,6.9791318745214905,54.230039115436675,-11.161705462425537,55.3667843683533,0,0,0,0,0,2,2,1,1
529,1977,2,23,12,28177.5,49.327357412555884,23.029202154188397,429,196,999.4340526228812,1007.4340526228812,8.0,14.436094821551753,11.052902725980822,401.1800545910516,505625,-2.596557193274202,-23.71887404504823,86.90491600931522,37.38240769700756,94.60395780204664,0,0,0,0,0,2,2,1,1
529,1977,2,23,15,28177.625,49.69709167952958,24.30933148606693,432,199,997.4774705908922,1007.4774705908922,10.0,16.227621139003542,12.192494628123532,404.63643892485425,514375,-1.9565820319889462,-17.774674786551216,30.690322657912684,13.704191564706727,33.61102157461102,0,0,0,0,0,3,3,1,1
529,1977,2,23,18,28177.75,49.94376696828073,26.638225823772363,438,203,998.0020915689494,1008.0020915689494,10.0,16.123457315771294,13.690791255540463,402.17062413500395,508125,0.5246209780572099,4.748651722118982,55.54832259350526,9.143013545903015,56.29574441867425,0,0,0,0,0,2,2,1,1
529,1977,2,23,21,28177.875,49.46923626187035,29.243179763241805,446,205,999.0438819709259,1009.0438819709259,10.0,16.325140665702367,9.440717537878154,471.61322391438915,698750,1.0417904019764683,9.496306480872432,62.74215747825415,-17.588469029964102,65.16082080394668,0,0,0,0,0,3,3,1,1
529,1977,2,24,0,28178.0,48.73181732368837,33.910604464227966,460,210,999.2361334997203,1007.2361334997203,8.0,16.296369668846417,7.009418508994204,380.5666803775979,455000,0.19225152879444068,1.7720909589181926,114.08893750293767,-27.33241491248474,117.31729013874057,0,0,0,0,0,4,4,1,1
529,1977,2,24,3,28178.125,48.49767164257425,37.597524417975684,470,216,998.4084757709151,1006.4084757709151,8.0,16.664561283668142,6.318585244919377,389.35213277318815,476250,-0.8276577288052067,-7.656510210687502,90.54613346156216,-8.678603945208271,90.96109306333567,0,0,0,0,0,2,2,1,1
529,1977,2,24,6,28178.25,48.374377704266415,40.31045562265392,477,221,998.4837196800707,1004.4837196800707,6.0,16.65666860437206,7.570216641266525,282.44719015209296,250625,0.07524390915568802,0.6973970819480629,66.79105334412499,-4.569886808619164,66.94720809907865,0,0,0,0,0,2,2,1,1
529,1977,2,24,9,28178.375,48.124716606644995,42.11544291745745,482,224,999.2212483339714,1003.2212483339714,4.0,15.477613789380674,8.353135663005233,215.29950574842135,145625,0.7375286539006629,6.862411158292591,44.65669744844656,-9.253682478671468,45.605386375056234,0,0,0,0,0,4,4,1,1
529,1977,2,24,12,28178.5,48.00493634688727,44.115193439165495,487,228,999.6839534099458,1003.6839534099458,4.0,14.061597943660189,8.354656804027327,221.67338288487116,154375,0.46270507597437244,4.313380165946918,49.59029550506095,-4.4396523990755465,49.78863245464657,0,0,0,0,0,4,4,1,1
529,1977,2,24,15,28178.625,47.83167581893144,46.10170611520638,492,232,1000.7579630454609,1004.7579630454609,4.0,13.527637422947533,7.010084711369127,240.60883306661233,181875,1.0740096355151036,10.039394978250515,49.427293422432605,-6.42189723214888,49.842733664271776,0,0,0,0,0,5,5,1,1
529,1977,2,24,18,28178.75,47.7845221054337,47.862405226111754,496,236,1001.5559131982351,1005.5559131982351,4.0,13.849759008381584,7.025212759437345,267.24666641978536,224375,0.7979501527741377,7.464472479454625,43.848778606711576,-1.7477512377993085,43.88359624836638,0,0,0,0,0,7,7,1,1
529,1977,2,24,21,28178.875,47.69556904932311,49.61771197249394,500,240,1002.0852234508919,1004.0852234508919,2.0,14.044924747494726,4.996254569883895,174.46599343804792,95625,0.5293102526568692,4.958454440113407,43.789248978384585,-3.2970428496757203,43.91319639520167,0,0,0,0,0,6,6,1,1
529,1977,2,25,0,28179.0,47.753109759910984,51.170175095029606,503,244,1001.7712525022522,1009.7712525022522,8.0,15.62877508164475,4.572558460361688,848.749115563422,2263125,-0.3139709486397624,-2.938522075178877,38.686375620866286,2.1327450309650957,38.74511917707653,0,0,2,0,0,6,6,1,2
529,1977,2,25,3,28179.125,47.58589236553573,52.91319129926544,507,248,1002.6643268054022,1009.9117179611998,7.247391155797523,15.876674914187253,2.9247863458963548,760.4796344808813,1816875,0.8930743031500605,8.380726050777978,43.57403622891046,-6.197908633750651,44.01261983466472,0,0,0,0,0,5,6,2,0
529,1977,2,25,6,28179.25,47.29192942784337,53.9613100478871,510,250,1003.2758668682185,1009.954543464983,6.6786765967645625,16.52977031822045,2.850055396876269,732.7680323651421,1686875,0.6115400628162024,5.765873598668336,26.34930597891069,-10.895729097640254,28.51320462767072,0,0,0,0,0,4,6,2,0
529,1977,2,25,9,28179.375,47.516808270314954,54.893920669735415,511,253,1003.2202958940122,1008.6427002312458,5.422404337233602,16.971086952607696,3.88318345970496,652.1821719528144,1336250,-0.05557097420620266,-0.5220607397749072,23.34563737526343,8.335128797513656,24.788972478270217,0,0,0,0,0,5,7,2,0
529,1977,2,25,12,28179.5,47.394502163869745,55.75368024693954,513,255,1003.0289629587663,1010.0408215046782,7.011858545911818,17.221294519996274,6.280098555460718,701.985393400946,1548125,-0.19133293524588224,-1.8009994387967847,21.57212576442944,-4.533272844785293,22.043302218171128,0,0,0,0,0,6,8,2,0
529,1977,2,25,15,28179.625,47.529836123944015,56.009507918954874,513,256,1004.1834481330915,1012.1928471876886,8.00939905459716,17.624681903880532,10.547443478008136,751.0028825390114,1771875,1.154485174325091,10.843537131444055,6.4024685499678675,5.016149920992028,8.133471802569673,0,0,0,0,0,4,7,2,0
529,1977,2,25,18,28179.75,45.77987053478418,66.5667523157166,536,283,999.6545741809227,1009.6545741809227,10.0,20.57627674552015,3.9867332009237724,613.0290444797357,1180625,-0.5382730067658121,-5.203632796044847,35.47621661684742,38.56369815024934,52.399625575656785,0,0,0,0,2,5,5,1,1
529,1977,2,25,21,28179.875,46.563970487634116,68.11420798332684,535,289,999.0889306077827,1011.0889306077827,12.0,22.252133963166592,4.999511024724052,674.0826080884755,1427500,-0.5656435731401143,-5.396866079262378,39.434436593143204,29.062645579716648,48.986856987470176,0,0,0,0,0,10,10,1,1
529,1977,2,26,0,28180.0,47.70341181452808,70.18943062941025,533,297,998.1814297647798,1010.1814297647798,12.0,23.218742649201378,12.975034018757361,617.7167441981957,1198750,-0.9075008430029265,-8.500196477281607,51.76189220024358,42.23336491991793,66.80531862515582,0,0,0,0,0,11,11,1,1
529,1977,2,26,3,28180.125,48.2460943383997,72.26131977714994,533,304,998.5707466664659,1004.5707466664659,6.0,24.304660140714926,20.60402401812469,302.5129621649952,287500,0.38931690168610655,3.6155808210671454,51.13841789925947,20.114514477729678,54.95208347200403,0,0,0,0,0,9,9,1,1
529,1977,2,26,6,28180.25,48.46051975928608,73.16451770952666,533,307,999.0229639183704,1005.0229639183704,6.0,24.230033275195627,33.8138936809844,312.85825864361584,307500,0.4522172519045125,4.1857814125959765,22.19968012254024,7.947672982063181,23.579467834811823,0,0,0,0,0,11,11,1,1
529,1977,2,26,9,28180.375,48.68516862589583,75.38580929367947,534,314,999.549183919415,1003.549183919415,4.0,21.366090305298272,54.151836425547884,147.2578045343293,68125,0.5262200010445668,4.853936644004459,54.3534241609336,8.32660474781806,54.98751735298428,0,0,0,0,0,12,12,1,1
529,1977,2,26,12,28180.5,48.21968369531443,75.5444336297562,536,314,1003.6563843806659,1005.6563843806659,2.0,17.07443632994652,43.992733559961565,93.56025796273887,27500,4.10720046125105,38.15922087289493,3.9173090922008464,-17.253187570048905,17.692308833250948,0,0,0,0,0,9,9,1,1
529,1977,2,26,15,28180.625,47.926110487721864,75.32001081789815,537,313,1009.5367373926108,1009.5367373926108,0.0,13.149378280931154,29.993179869822416,14.104739588693906,625,5.880353011944826,54.885232138181415,-5.573944981968822,-10.881283761020812,12.225841441384338,0,0,0,0,0,10,10,1,1
529,1977,2,26,18,28180.75,47.86444636973122,75.01836742760908,537,312,1013.8985072435446,1013.8985072435446,0.0,10.583120489504603,21.95986386964047,14.104739588693906,625,4.361769850933779,40.75090487960077,-7.500782484185658,-2.285579025523954,7.841276003112082,0,0,0,0,0,6,6,1,1
529,1977,2,26,21,28180.875,47.459523620616885,75.47662298960665,539,313,1016.9752315296189,1018.9752315296189,2.0,8.910345270417263,15.566593831577846,151.91269449366246,72500,3.0767242860743136,28.930747108917124,11.483883093472752,-15.008451794826998,18.897968043739386,0,0,0,0,0,6,6,1,1
529,1977,2,27,0,28181.0,47.45692123804818,76.75063404821286,540,317,1017.987498099637,1019.987498099637,2.0,8.84338875633087,27.42600995318251,168.66815371514653,89375,1.0122665700181097,9.51884085038451,31.927982932316375,-0.09645724627600538,31.928128634898805,0,0,0,0,0,4,4,1,1
529,1977,2,27,3,28181.125,47.22192934422523,76.8210789639506,541,317,1019.5373710035742,1021.5373710035742,2.0,9.840480323011121,23.31173879143025,198.47127856504602,123750,1.5498729039372119,14.62940436968147,1.773314356571485,-8.70996879856961,8.888655707095348,0,0,0,0,0,4,4,1,1
529,1977,2,27,6,28181.25,47.00860307528573,78.45008660676406,543,322,1020.0020097086131,1022.0020097086131,2.0,8.822100229399434,10.86638047977227,173.8949084575512,95000,0.4646387050388148,4.400963217491878,41.17109367337982,-7.906932942028615,41.92348438300368,0,0,0,3,0,6,6,1,1
529,1977,2,27,9,28181.375,47.00860307528573,78.45008660676406,543,322,,,,8.822100229399434,,0.0,0,0.0,,0.0,0.0,0.0,0,3,0,0,0,6,6,0,0
532,1977,2,24,15,28178.625,53.751641559047364,77.84234966667555,515,326,995.6129150965638,1005.6129150965638,10.0,21.807632787394574,10.840192296722817,524.1576294516606,863125,,,,,,3,0,0,0,0,10,10,1,1
532,1977,2,24,18,28178.75,54.141213337769436,81.04629537236586,515,335,995.3348931136746,1007.3348931136746,12.0,22.487527260394533,10.503864293009974,601.0671516715935,1135000,-0.2780219828891859,-2.376656667459319,69.55899564804079,14.439468452596673,71.0419040057183,0,0,0,0,0,12,12,1,1
532,1977,2,24,21,28178.875,54.94523801158139,85.34449257198638,513,347,994.9199838564377,1008.9199838564377,14.0,23.69480470733051,10.718064485790237,643.584290824953,1301250,-0.41490925723686817,-3.511560602960393,91.48824689212071,29.80115487497856,96.21958299263251,0,0,0,0,0,12,12,1,1
532,1977,2,25,0,28179.0,55.51192476862021,87.92086827809524,511,354,994.2214574805382,1010.2214574805382,16.0,24.798532312077565,17.72230789609981,674.0826080884755,1427500,-0.6985263758995279,-5.871480255316856,54.06852670835931,21.004230793124883,58.00502815811246,0,0,0,0,0,13,13,1,1
532,1977,2,25,3,28179.125,55.2953924754445,89.06080905426442,512,357,993.6468218073248,1009.6468218073248,16.0,25.145666660054072,14.403531015415355,618.3605346222206,1201250,-0.5746356732133426,-4.842721273507756,24.055653607088384,-8.02576415195053,25.3591671922987,0,0,0,0,0,14,14,1,1
532,1977,2,25,6,28179.25,55.06008515003222,89.06692647678155,513,357,993.9464051117425,1005.9464051117425,12.0,24.207544881099754,19.170433602376505,537.6478079474099,908125,0.2995833044176106,2.531950208622723,0.12985908475951902,-8.721660262715224,8.722626962109544,0,0,0,0,0,14,14,1,2
532,1977,2,25,9,28179.375,55.4793697817304,93.2112480181116,511,368,995.008572752855,1011.008572752855,16.0,21.60701667980096,15.797967780462493,833.1353404816822,2180625,1.0621676411124645,8.931563385012119,87.03788794103605,15.54077462162342,88.41441971237748,0,0,0,0,0,13,13,1,2
532,1977,2,25,12,28179.5,55.44993822620503,93.96465472285612,511,370,996.3477958001508,1012.3477958001508,16.0,20.65285243454441,17.63800304707198,931.9807411765646,2728750,1.3392230472958182,11.265250651395188,15.836919418577466,-1.0908798858931152,15.874445993355554,0,0,1,0,0,16,16,1,1
532,1977,2,25,15,28179.625,55.13836808884345,95.43146683232753,512,374,996.8481127965086,1002.8481127965086,6.0,19.835516145242966,15.438736075802737,258.1591222864905,209375,0.5003169963578693,4.2244371685731394,31.075620122350074,-11.548339522851698,33.15204837900167,0,0,0,0,0,15,15,1,1
532,1977,2,25,18,28179.75,55.10918609012659,98.8171959225576,511,383,997.8486399330778,1005.8486399330778,8.0,20.250059877699385,10.90483046590889,386.53163237633834,469375,1.0005271365691442,8.450971605082962,71.7761808590537,-1.0816300688875318,71.78433020038223,0,0,0,0,0,14,14,1,1
532,1977,2,25,21,28179.875,53.9392607261848,100.74196317782835,515,389,999.3823120499657,1013.3823120499657,14.0,16.7041273812796,9.041752336038044,990.9520668917313,3085000,1.5336721168879013,13.144085217522184,41.99332408991591,-43.363255007705746,60.363988875686715,0,0,2,0,0,17,17,1,2
532,1977,2,26,0,28180.0,56.17031638100529,103.80276562613619,504,395,1003.3624601828072,1005.3624601828072,2.0,14.185539715167746,9.025528420343836,214.37348207692287,144375,3.9801481328415687,33.19538079300838,63.15459078965082,82.69402329256442,104.05192850744974,0,0,0,0,0,18,18,1,1
532,1977,2,26,3,28180.125,55.967397251196545,106.4975639230714,503,402,1005.1102166246428,1007.1102166246428,2.0,11.738076063683392,14.115584435192648,97.72050238058398,30000,1.7477564418355178,14.61147659104775,55.897230713407865,-7.521192584620581,56.40096399285121,0,0,0,0,0,19,19,1,1
532,1977,2,26,6,28180.25,55.381864351159706,107.00582873368057,505,404,1004.8995376650324,1006.8995376650324,2.0,10.170144511776073,11.180332338570807,146.58075357087597,67500,-0.2106789596103772,-1.773637476218605,10.702391731603885,-21.702762622523935,24.198163034129784,0,0,0,0,0,19,19,1,1
532,1977,2,26,9,28180.375,54.540506224869105,110.87901688055743,505,415,1005.4988518996798,1005.4988518996798,0.0,8.118131969113437,18.079154185239023,14.104739588693906,625,0.5993142346474634,5.097653810121615,83.27232903071166,-31.184918378228968,88.92007600343078,0,0,0,0,0,21,21,1,1
532,1977,2,26,12,28180.5,54.540506224869105,110.87901688055743,505,415,,,,8.118131969113437,,0.0,0,0.0,,0.0,0.0,0.0,0,3,0,0,0,21,21,0,0
536,1977,2,24,18,28178.75,58.59872144631738,26.84273452562068,422,236,1008.4489941187142,1010.4489941187142,2.0,7.8811133743671595,4.7474020184436085,213.90896694369758,143750,,,,,,3,0,0,0,0,6,6,1,1
536,1977,2,24,21,28178.875,59.0036032133237,28.158794263857622,424,239,1008.0058275633836,1012.0058275633836,4.0,8.809647551342902,4.927972727119996,343.1831258788849,370000,-0.4431665553305356,-3.5818351321243425,25.12037879361887,15.006932793995734,29.261603896888516,0,0,0,0,0,5,5,1,1
536,1977,2,25,0,28179.0,59.79476668462191,29.931511840507792,426,244,1007.6762943314109,1011.6762943314109,4.0,9.839279211775692,3.3069398322740016,336.7460422231796,356250,-0.32953323197274587,-2.6417460996972633,33.05549661589602,29.32445471828643,44.18811492979016,0,0,0,0,0,5,5,1,1
536,1977,2,25,3,28179.125,60.47659967413386,31.189922908101078,427,248,1006.9217897808967,1010.9217897808967,4.0,10.638297061459937,4.197512399191473,308.69729862159846,299375,-0.7545045505142479,-6.007393855013597,22.984328221268548,25.27212308420706,34.160789642019594,0,0,0,0,0,4,4,1,1
536,1977,2,25,6,28179.25,61.069453725111146,31.886561770143313,427,251,1006.2332176280978,1010.2332176280978,4.0,11.52608574556013,5.3386668457695485,286.98899464971794,258750,-0.688572152798879,-5.4507895648444,12.490778159251837,21.974120903116162,25.27610588062191,0,0,0,0,0,5,5,1,1
536,1977,2,25,9,28179.375,61.72534486711946,33.244937240300544,428,255,1005.8673945647766,1009.8673945647766,4.0,12.310744853777763,4.500453869118064,276.3953195770684,240000,-0.36582306332114967,-2.8778630590500818,23.849420783806927,24.310589140810155,34.055830867802335,0,0,0,0,0,6,6,1,1
536,1977,2,25,12,28179.5,62.49398457076993,34.27803094060902,428,259,1005.3789711417012,1009.3789711417012,4.0,12.785756004086169,4.585943049209018,261.98391020896656,215625,-0.4884234230754373,-3.815152625669888,17.684467242865832,28.489611821170012,33.53204979396495,0,0,0,0,0,7,7,1,1
536,1977,2,25,15,28179.625,63.06330415569804,35.09050030012358,428,262,1005.4139948738718,1009.4139948738718,4.0,12.518153372905765,5.960278363942634,264.6283714200614,220000,0.03502373217066634,0.2721811234211912,13.64179631646859,21.1018164944639,25.127380804732606,0,0,0,0,0,5,5,1,1
536,1977,2,25,18,28179.75,63.62615004505733,35.93714388565708,428,265,1005.2098021799169,1009.2098021799169,4.0,12.817898502541617,5.42948560151839,265.7536566014258,221875,-0.20419269395497394,-1.5790438968685538,13.940086265295953,20.861869126498693,25.09070721472498,0,0,0,0,0,3,3,1,1
536,1977,2,25,21,28179.875,64.18219217083684,36.81977011750248,428,268,1005.3986732997981,1007.3986732997981,2.0,12.992324724844943,6.016579941279779,154.50968080927584,75000,0.18887111988122343,1.4536342502459554,14.247415832316294,20.609687795779216,25.054901495284867,0,0,0,0,0,6,6,1,1
536,1977,2,26,0,28180.0,64.87106421387105,37.33319573818582,427,271,1005.8251157771515,1007.8251157771515,2.0,12.505557607526475,3.56919624759219,167.48450292473797,88125,0.42644247735341195,3.2633408291173307,8.081240796415884,25.533025430892312,26.781371146083053,0,0,0,0,0,7,7,1,1
536,1977,2,26,3,28180.125,65.2347195729925,37.966583540305066,427,273,1005.4893462963219,1007.4893462963219,2.0,12.744302108087648,5.147372474957811,172.74707473566775,93750,-0.3357694808296219,-2.561892658465555,9.834311030694202,13.478876993803686,16.685137052554406,0,0,0,0,0,5,5,1,1
536,1977,2,26,6,28180.25,65.83572873232515,37.030389605678636,424,274,1005.752120583889,1005.752120583889,0.0,12.139152540122407,4.687364942040804,14.104739588693906,625,0.2627742875671538,1.995399424581587,-14.20446035106469,22.27638979490039,26.41976979762146,0,0,0,0,0,6,6,1,1
536,1977,2,26,9,28180.375,66.01834398585711,37.35498672832928,424,275,,,,11.464414801284885,,0.0,0,0.5426451858204382,,4.889998929050375,6.768629906888419,8.350235945321433,0,2,2,0,0,8,10,0,0
540,1977,2,24,18,28178.75,49.10924769849853,-173.73067498296547,340,537,988.5627103241875,990.5627103241875,2.0,8.23731925159699,14.306501819100303,79.78845608028654,20000,,,,,,3,0,0,0,0,22,22,1,1
540,1977,2,24,21,28178.875,50.68587278059355,-172.4824114277185,337,530,984.5176599529353,988.5176599529353,4.0,11.707252713878662,26.58947421610588,91.40915989289316,26250,-4.045050371252146,-36.222709116205344,29.313022937132356,58.437570116509235,65.37738840635026,0,0,0,0,0,21,21,1,1
540,1977,2,25,0,28179.0,52.773369658467914,-171.7209488145402,336,521,978.0520733300812,984.0520733300812,6.0,16.335211470904603,29.86249849769142,117.16276644769007,43125,-6.465586622854171,-56.25741210855849,17.074326767861027,77.37302073532841,79.23456930081248,0,0,0,0,0,22,22,1,1
540,1977,2,25,3,28179.125,54.17721819017113,-171.40618293671238,336,515,974.3597128835569,982.3597128835569,8.0,19.099870875451547,32.61701007376796,146.58075357087597,67500,-3.6923604465242534,-31.549630384175508,6.828334374364595,52.03361150093697,52.47973776762389,0,0,0,0,0,22,22,1,1
540,1977,2,25,6,28179.25,55.37722718068497,-171.49716084414248,337,510,972.1703012528299,982.1703012528299,10.0,21.55631679828305,31.65282390744658,178.4124116152771,100000,-2.189411630727118,-18.432972652939796,-1.9159253782763443,44.478303890999214,44.51954949317433,0,0,0,0,0,26,26,1,1
540,1977,2,25,9,28179.375,56.10885689017521,-171.7068171198818,338,507,970.2560598313763,980.2560598313763,10.0,23.866515346976612,30.318803642809,167.48450292473797,88125,-1.9142414214534802,-15.976722906835912,-4.333185345096446,27.11783729258216,27.461857086910896,0,0,0,0,0,25,25,1,1
540,1977,2,25,12,28179.5,57.533429767342064,-171.7565530271057,339,501,967.162596158315,981.162596158315,14.0,27.978700811375454,27.368745440024146,236.438520044912,175625,-3.093463673061342,-25.402421729043734,-0.9895831061493927,52.801758858798806,52.81103117064383,0,0,0,0,0,22,22,1,1
540,1977,2,25,15,28179.625,58.75402111119655,-172.28166720599245,341,496,967.135474720881,981.135474720881,14.0,28.98309146745579,24.242188410753513,243.0766805410715,185625,-0.027121437433961545,-0.21978268804347234,-10.095868850267873,45.2411883142942,46.3539824387424,0,0,0,0,0,23,23,1,1
540,1977,2,25,18,28179.75,59.99591958263962,-173.2775234881655,344,491,967.050634623116,981.050634623116,14.0,29.670852817841837,24.790146585357505,242.66711549775604,185000,-0.0848400977649726,-0.6787486919449895,-18.457796614983028,46.03093647736732,49.593723079271875,0,0,0,0,0,21,21,1,1
540,1977,2,25,21,28179.875,61.015103957835116,-174.8460914387722,348,487,969.1267949824474,983.1267949824474,14.0,29.375399072976403,25.35411165099038,268.731381546606,226875,2.0761603593314066,16.44367231603021,-28.17223509151652,37.77604394571466,47.12434961079293,0,0,0,0,0,26,26,1,1
540,1977,2,26,0,28180.0,61.069453725111146,-176.18592516570965,351,487,974.8141794880867,984.8141794880867,10.0,23.792027932473562,18.530988438145506,270.20793871277544,229375,5.687384505639202,45.02176858094741,-24.022996191019246,2.014472795135448,24.107311061917837,0,0,0,0,0,28,28,1,1
540,1977,2,26,3,28180.125,61.570212308726354,-177.4906352601483,354,485,976.0736209561379,986.0736209561379,10.0,23.453274379126675,24.15128236113458,307.7290872499344,297500,1.2594414680512274,9.922281939253919,-23.022461763637377,18.560604657242088,29.572449863015777,0,0,0,0,0,28,28,1,1
540,1977,2,26,6,28180.25,61.82362668943269,-178.84963693867033,357,484,978.6897030494673,986.6897030494673,8.0,21.672386999549342,26.887095963986283,253.88531259649034,202500,2.6160820933294597,20.56129846977966,-23.784285486219733,9.392797824439159,25.571798666906314,0,0,0,0,0,24,24,1,1
540,1977,2,26,9,28180.375,61.829199165269685,-179.76989770490277,359,484,981.2153207119129,987.2153207119129,6.0,20.176327414735084,26.678181524248647,133.80930871145785,56250,2.5256176624455837,19.849252309544447,-16.102987061255824,0.20654368064104528,16.104311614812513,0,0,0,0,0,23,23,1,1
540,1977,2,26,12,28180.5,62.05854390375909,179.3041340604912,361,483,986.2101816356477,990.2101816356477,4.0,15.989995423065434,24.67722740924146,94.617469575756,28125,4.994860923734814,39.17179148112462,16.08162003978496,8.500657124214918,18.19009825832392,0,0,0,0,0,17,17,1,1
540,1977,2,26,15,28180.625,62.28019451103996,178.36342295838327,363,482,990.8052192288741,994.8052192288741,4.0,12.208730490393535,18.21997601539879,138.1976597885342,60000,4.595037593226298,35.96268805655382,-16.21837697633667,8.215474339106128,18.18047772648119,0,0,0,0,0,17,17,1,1
540,1977,2,26,18,28180.75,62.27265439220383,177.89620305314892,364,482,994.8263481136423,994.8263481136423,0.0,8.197187055228552,8.98651918341282,14.104739588693906,625,4.021128884768259,31.473214850453395,-8.057198996708744,-0.27947432029141156,8.06204450299468,0,0,0,0,0,15,15,1,1
540,1977,2,26,21,28180.875,62.27265439220383,177.89620305314892,364,482,,,,8.197187055228552,,0.0,0,0.0,,0.0,0.0,0.0,0,3,0,0,0,15,15,0,0
543,1977,2,24,21,28178.875,50.3237146884488,-146.9968993079236,265,505,999.4963999513164,999.4963999513164,0.0,12.720232040157233,5.810093961371094,14.104739588693906,625,,,,,,3,0,0,0,0,20,20,1,1
543,1977,2,25,0,28179.0,52.55892795686424,-142.67621475356057,260,490,996.5381676143332,998.5381676143332,2.0,16.483727980686957,4.101220038542379,167.48450292473797,88125,-2.958232336983201,-25.81332027767667,97.34548035135211,82.84812513879956,127.82783102223738,0,0,0,0,0,18,18,1,1
543,1977,2,25,3,28179.125,53.198091238773515,-141.03528239661225,258,485,992.6728248481982,996.6728248481982,4.0,20.062456989763024,5.2118134289491715,215.76102719068473,146250,-3.8653427661349995,-33.44510862771323,36.434108837445486,23.69057141526575,43.45903198140324,0,0,0,0,0,18,18,1,1
543,1977,2,25,6,28179.25,53.77690673935412,-139.84830476839488,257,481,990.1220735135649,996.1220735135649,6.0,22.341858482464385,6.794635603797942,257.77352218733853,208750,-2.5507513346332416,-21.906083178523936,25.99787632644234,21.45378237593104,33.70688878729096,0,0,0,0,0,23,23,1,1
543,1977,2,25,9,28179.375,54.004975640172944,-138.59232984624933,255,478,987.8562946001024,995.8562946001024,8.0,25.214043647550003,5.573790537923924,293.16150714175194,270000,-2.2657789134625634,-19.402295111464408,27.35934933073305,8.453368232151506,28.63552741385133,0,0,0,0,0,21,21,1,1
543,1977,2,25,12,28179.5,53.707092624470256,-137.5448043798131,252,477,984.6727457280235,1000.6727457280235,16.0,28.712793062580275,10.552684510656546,493.86734077921125,766250,-3.183548872078827,-27.36505069178639,22.98172145663634,-11.041026693240026,25.496348592519244,0,0,0,0,0,21,21,1,1
543,1977,2,25,15,28179.625,53.069215920006904,-136.00069787785884,247,476,985.9197299046397,1001.9197299046397,16.0,27.52988100132427,17.94275416405966,525.2950433666526,866875,1.2469841766160972,10.807819700645114,34.38733263248408,-23.642884453691437,41.73097927041383,0,0,0,0,0,22,22,1,1
543,1977,2,25,18,28179.75,52.73417069552776,-134.0079644340114,242,473,989.3467717398244,1005.3467717398244,16.0,25.087693997793373,17.455104038943755,693.287767191607,1510000,3.4270418351846454,29.834387663558505,44.722200627843684,-12.41844305285634,46.414361536642275,0,0,0,0,0,20,20,1,1
543,1977,2,25,21,28179.875,52.84605278667388,-131.76498494221545,238,468,993.1109947549899,1005.1109947549899,12.0,21.33649784226525,15.102010581486466,548.6362967600185,945625,3.7642230151654803,32.72119311965852,50.20866085743294,4.146906972611149,50.37962348545501,0,0,0,0,0,24,24,1,2
543,1977,2,26,0,28180.0,53.31558449008716,-130.96819890192629,238,465,995.5041713222278,999.5041713222278,4.0,17.57934381445134,16.594023389192152,130.80197392386228,53750,2.39317656723797,20.675426440961868,17.64304415896864,17.40318110611119,24.782003950597357,0,0,0,2,0,26,26,1,1
543,1977,2,26,3,28180.125,53.29059040527167,-130.46620885401543,237,464,1000.1889661310113,1002.1889661310113,2.0,12.46055014187369,12.668122236553172,98.73317712085735,30625,4.684794808783481,40.48661846917554,11.121989157773246,-0.926405142535403,11.160504886148372,0,0,0,0,0,26,26,1,1
543,1977,2,26,6,28180.25,53.62405935398611,-130.42607874009914,238,463,1004.9686241216513,1004.9686241216513,0.0,7.518990873832047,5.662553174528949,14.104739588693906,625,4.779657990639971,41.128651129198886,0.8821613052261014,12.360018430180105,12.391459323373907,0,0,0,0,0,23,23,1,1
543,1977,2,26,9,28180.375,53.62405935398611,-130.42607874009914,238,463,,,,7.518990873832047,,0.0,0,0.0,,0.0,0.0,0.0,0,3,0,0,0,23,23,0,0
544,1977,2,24,21,28178.875,39.99559511028281,-168.37783203643045,316,571,1003.6921210415726,1003.6921210415726,0.0,9.577232583383998,2.726246651436595,14.104739588693906,625,,,,,,3,0,0,0,0,23,23,1,1
544,1977,2,25,0,28179.0,41.53246592541487,-167.1896792185239,313,564,998.0563622142606,998.0563622142606,0.0,13.381760264658963,2.557098347158753,14.104739588693906,625,-5.635758827311947,-58.88849487142759,32.96635245236362,56.964079183591075,65.81555067951567,0,0,0,0,0,24,24,1,1
544,1977,2,25,3,28179.125,42.78854627481707,-164.84311657061676,306,557,995.1602885034508,995.1602885034508,0.0,15.118777509058242,3.868468749410822,14.104739588693906,625,-2.896073710809724,-29.537386013610302,63.826119113870405,46.55658743714958,79.00183108593704,0,0,0,0,0,23,23,1,1
544,1977,2,25,6,28179.25,44.23716394194166,-163.48027919241872,303,550,992.9393249209013,992.9393249209013,0.0,16.448054870185807,4.578949249142461,14.104739588693906,625,-2.2209635825495933,-22.0565167344288,36.190423134187455,53.69297841064375,64.75092784846704,0,0,0,0,0,27,27,1,1
544,1977,2,25,9,28179.375,45.95429149666103,-162.22685418013333,301,542,989.0884171890784,993.0884171890784,4.0,18.255283631017768,5.393950011225388,229.17489221187702,165000,-3.8509077318228084,-37.11799301467378,32.29887248182465,63.645290828790195,71.37184464674047,0,0,0,0,0,26,26,1,1
544,1977,2,25,12,28179.5,48.23024633636011,-163.25558170479155,307,534,987.722375812717,989.722375812717,2.0,14.988355580031495,3.368038187933562,179.5240261806447,101250,-1.3660413763613906,-12.689541501866628,-25.399524754061396,84.35821048222274,88.09905523611008,0,0,0,0,0,25,25,1,1
544,1977,2,25,15,28179.625,49.235689264670654,-161.15798321628827,302,528,984.8075632509712,988.8075632509712,4.0,18.094221750103063,7.095519019174462,194.4204181260938,118750,-2.91481256174593,-26.6627443603198,50.76348064905831,37.266717552926806,62.97411535525482,0,0,0,0,0,26,26,1,1
544,1977,2,25,18,28179.75,50.74835371239396,-161.14299045398087,304,522,983.3526174921758,987.3526174921758,4.0,17.81963396432849,8.11387570407467,173.32194179790176,94375,-1.4549457587953656,-13.017164656890857,0.35161074448100493,56.06687076747498,56.067973280406484,0,0,0,0,0,23,23,1,1
544,1977,2,25,21,28179.875,52.32969831448376,-161.45528928163253,307,516,981.650960935204,987.650960935204,6.0,18.34167390866172,10.661580400208258,211.57109383040859,140625,-1.7016565569717204,-14.894277578190474,-7.073884861911391,58.612499009714824,59.03782590173355,0,0,0,0,0,28,28,1,1
544,1977,2,26,0,28180.0,53.227434610893745,-161.00334584451144,307,512,979.5569194377447,987.5569194377447,8.0,18.770851392526623,13.189423949459526,273.1371076480198,234375,-2.0940414974594024,-18.1118815602944,10.02796707056482,33.27457387515519,34.75280406156448,0,0,0,0,0,30,30,1,1
544,1977,2,26,3,28180.125,54.199737001142836,-162.02617425514964,311,509,976.9327728941817,986.9327728941817,10.0,20.150704423224614,19.69340469974981,264.25221149797227,219375,-2.6241465435629654,-22.41584487247478,-22.17634220946078,36.038364320025714,42.314936566820165,0,0,0,0,0,30,30,1,1
544,1977,2,26,6,28180.25,54.792612363608946,-162.50232182990572,313,507,973.2450376360357,987.2450376360357,14.0,23.519020398447942,22.92796571795887,308.69729862159846,299375,-3.6877352581459855,-31.269489263452442,-10.174946890341543,21.97491081292837,24.216239374796146,0,0,0,0,0,26,26,1,1
544,1977,2,26,9,28180.375,55.15680972586468,-163.10361748400564,315,506,972.7128442968057,988.7128442968057,16.0,24.583060896056136,19.27271218475282,374.5067337174764,440625,-0.5321933392299979,-4.49257866380572,-12.733250774781384,13.498966326722703,18.556879241495974,0,0,0,0,0,26,26,1,1
544,1977,2,26,12,28180.5,55.74212194844575,-163.61045966596524,317,504,972.9218708659236,990.9218708659236,18.0,25.474994734392748,28.279105787997693,474.55689276948857,707500,0.20902656911785017,1.7521559592751146,-10.57501722580448,21.69458321802215,24.134745292415037,0,0,0,0,0,20,20,1,1
544,1977,2,26,15,28180.625,56.54910717593332,-164.02786785299483,319,501,971.7596418304768,993.7596418304768,22.0,27.692176021790935,27.518835603248736,573.9779892994359,1035000,-1.1622290354467986,-9.650717614990867,-8.528067190892033,29.910887724574074,31.10287984229829,0,0,0,0,0,19,19,1,1
544,1977,2,26,18,28180.75,57.24837851646288,-165.33733478645783,323,499,972.7625698690376,994.7625698690376,22.0,28.214134660794222,19.64012173762996,557.4495729542948,976250,1.002928038560931,8.261942264296001,-26.25714164605385,25.918475138275802,36.894509631032584,0,0,0,0,0,17,17,1,1
544,1977,2,26,21,28180.875,57.64643078391145,-166.40260923973355,326,498,974.8587525016178,996.8587525016178,22.0,28.116081609482592,21.183349517784738,561.715830896444,991250,2.0961826325801667,17.19156589238294,-21.129544215592798,14.753797559881102,25.770762138451488,0,0,0,0,0,13,13,1,1
544,1977,2,27,0,28181.0,58.03228149208835,-167.4932545845263,329,497,976.398800570091,996.398800570091,20.0,27.50093381995892,22.04061751165289,467.3758224316127,686250,1.5400480684731155,12.577131695133119,-21.402298954659383,14.301547063827226,25.74087506211627,0,0,0,0,0,13,13,1,1
544,1977,2,27,3,28181.125,58.35868102378247,-168.20657031508952,331,496,977.7466903768778,995.7466903768778,18.0,26.351030168481532,18.62944045765871,414.83283647526247,540625,1.347889806786843,10.969010685503553,-13.869850125581934,12.09799066118191,18.404730928327908,0,0,0,0,0,16,16,1,1
544,1977,2,27,6,28181.25,58.67966168038056,-168.93422419942286,333,495,979.0042158620453,995.0042158620453,16.0,24.908798761398245,18.407926464531993,379.78173623415614,453125,1.2575254851674253,10.198587846326976,-14.019787116007976,11.89714018824926,18.38739719038665,0,0,0,0,0,15,15,1,1
544,1977,2,27,9,28181.375,58.99508454444232,-169.6764110459643,335,494,981.2629495005838,995.2629495005838,14.0,22.277030082373216,15.979222426717024,369.9638510165959,430000,2.2587336385385424,18.25754722069596,-14.170203234474384,11.691140743787866,18.37055882648552,0,0,0,0,0,19,19,1,1
544,1977,2,27,12,28181.5,59.265295116126595,-170.0165055729284,336,493,983.211443808617,995.211443808617,12.0,18.89215003221377,16.677697381827894,331.08604176942123,344375,1.9484943080332595,15.705516292730811,-6.4422545602716745,10.015348232338948,11.908393847801477,0,0,0,0,0,15,15,1,1
544,1977,2,27,15,28181.625,59.572282165710575,-170.7832797516086,338,492,984.1543502608894,992.1543502608894,8.0,16.72592737127891,14.47821642826886,220.774095676764,153125,0.9429064522722911,7.576115231097964,-14.393492548521502,11.378467486440172,18.3478104983761,0,0,0,0,0,16,16,1,1
544,1977,2,27,18,28181.75,59.906563297489825,-171.9919332004148,341,491,984.8029196777169,990.8029196777169,6.0,15.242861847406887,13.736066048636784,191.84519954901347,115625,0.6485694168275222,5.193452030082986,-22.462282674253384,12.390121975617799,25.65286076656463,0,0,0,0,0,16,16,1,1
544,1977,2,27,21,28181.875,60.25306029579853,-173.6598082540901,345,490,985.9209881645663,989.9209881645663,4.0,14.479888857642552,12.916391428375867,141.75087853467357,63125,1.1180684868495154,8.921884156162038,-30.672296082671117,12.842902769832001,33.25251717597332,0,0,0,0,0,19,19,1,1
544,1977,2,28,0,28182.0,60.531832231405524,-174.48659997133245,347,489,987.8528686551175,989.8528686551175,2.0,13.09958823671434,11.982785623604796,93.56025796273887,27500,1.9318804905511207,15.373320310523706,-15.075407413262095,10.33267497679395,18.276544554480246,0,0,0,0,0,20,20,1,1
544,1977,2,28,3,28182.125,60.62111483225346,-176.6854141793565,352,489,988.0076645658041,988.0076645658041,0.0,12.535399517267525,10.188677349918798,14.104739588693906,625,0.15479591068666196,1.2307368588522396,-39.98013044453939,3.309257417306931,40.116854500526166,0,0,0,0,0,20,20,1,1
544,1977,2,28,6,28182.25,60.62111483225346,-176.6854141793565,352,489,,,,12.535399517267525,,0.0,0,0.0,,0.0,0.0,0.0,0,3,0,0,0,20,20,0,0
545,1977,2,16,18,28170.75,35.29258731145201,-70.71571504570015,138,282,1007.2689357520169,1009.2689357520169,2.0,7.919638611792297,7.629875018736493,263.875515352797,218750,,,,,,3,0,0,0,0,2,2,1,1
545,1977,2,16,21,28170.875,36.42457193241569,-67.38970828153015,147,271,1005.1695364678319,1007.1695364678319,2.0,7.639992204903753,6.711411442059035,269.8395568936143,228750,-2.0993992841849103,-24.49637300379437,99.18969278570675,41.956982296941426,107.69857714189516,0,0,0,0,0,2,2,1,1
545,1977,2,17,0,28171.0,35.91430066712041,-68.12986310217303,144,273,1003.6947548984726,1007.6947548984726,4.0,9.60582932564681,4.138546691632801,436.1079648376247,597500,-1.4747815693593294,-17.419076499616725,-22.218467901579245,-18.91319197111156,29.178230693954458,0,0,0,0,0,3,3,1,1
545,1977,2,17,3,28171.125,35.77283119338936,-68.44998641717251,143,274,1000.7933807195959,1006.7933807195959,6.0,13.184651296086647,6.91785161054584,453.55017798064495,646250,-2.901374178876722,-34.386311800566865,-9.626852333328504,-5.243562584656094,10.962264110434385,0,0,0,0,0,3,3,1,1
545,1977,2,17,6,28171.25,36.09421690018247,-67.25638626055311,146,270,996.4387809607317,1006.4387809607317,10.0,16.1954227725489,12.09512955793085,689.9798718249917,1495625,-4.354599758864206,-51.21166890647072,35.74849349980912,11.912153363823087,37.68095255257139,0,0,0,0,0,5,5,1,1
545,1977,2,17,9,28171.375,36.05601911192856,-65.92450174492117,148,265,994.4754280208633,1004.4754280208633,10.0,16.53495376032605,20.303717232404814,636.4348593288032,1272500,-1.9633529398683458,-23.110879591145974,39.90944836348681,-1.4158000876256365,39.934553441423894,0,0,0,0,0,6,6,1,1
545,1977,2,17,12,28171.5,37.12375156843225,-62.927919762007235,157,256,993.1137698480603,1003.1137698480603,10.0,17.597445328340378,11.961011501194006,584.7941381107629,1074375,-1.3616581728029997,-15.630889290357798,88.55478361070077,39.57547739231382,96.99571181844885,0,0,0,0,0,4,4,1,2
545,1977,2,17,15,28171.625,38.18069848186127,-60.621271798165296,165,250,991.3993796606685,1000.8040520108365,9.404672350167965,18.032164424803224,15.631120513307906,510.1159985290099,817500,-1.7143901873918366,-19.21502246348123,67.20357626595117,39.17571150197764,77.78854050963868,0,0,0,0,0,5,3,2,0
545,1977,2,17,18,28171.75,39.56209800271726,-57.95276451337551,175,244,987.6447507302199,999.6447507302199,12.0,19.142634180566894,10.683164181578759,585.3042072335587,1076250,-3.754628930448525,-40.841976125264694,76.24893841087491,51.2015394628036,91.84496857284252,0,0,0,0,0,4,4,1,2
545,1977,2,17,21,28171.875,40.889490152732535,-55.74859400584159,184,240,984.4151107582898,998.4151107582898,14.0,21.724729670530426,16.805711782926664,553.5099506349444,962500,-3.229639971930155,-34.18198657169144,61.759537196331706,49.19975758317032,78.96110802760943,0,0,1,0,0,2,2,1,1
545,1977,2,18,0,28172.0,41.98121971817699,-53.21278018928589,193,235,981.1897389342527,999.1897389342527,18.0,24.579178210897336,12.414735699303929,669.7895160722359,1409375,-3.225371824037138,-33.40778341044988,69.86614992447892,40.464929648430555,80.73840125195817,0,0,0,0,0,4,4,1,1
545,1977,2,18,3,28172.125,43.27408124276832,-51.00900595749452,202,232,978.2686667374891,1000.2686667374891,22.0,26.75359505892969,19.493371374642813,785.5719520443841,1938750,-2.921072196763562,-29.52312874693071,59.470156898452636,47.91988079616844,76.3741745424824,0,0,0,0,0,4,4,1,1
545,1977,2,18,6,28172.25,44.82749583135124,-48.71796410330315,212,230,973.7936036964497,999.7936036964497,26.0,29.85033352108984,20.98835022792613,822.5615185622411,2125625,-4.475063041039394,-43.979093946301475,60.22419349376867,57.577273742022015,83.31924107634818,0,0,0,0,0,4,4,1,1
545,1977,2,18,9,28172.375,45.93910297672695,-46.69089726295035,220,228,967.0155568318406,999.0155568318406,32.0,36.19181717608805,32.0495766645117,804.7121688561377,2034375,-6.77804686460906,-65.34875590652595,52.24790097232538,41.201691662539886,66.53888000161206,0,0,0,0,0,3,3,1,1
545,1977,2,18,12,28172.5,47.32696380045939,-45.435700951267734,227,229,963.2964582305063,999.2964582305063,36.0,40.448239407910165,30.984023973395157,781.3822050931819,1918125,-3.7190986013342626,-35.04555398835671,31.534143894960394,51.4410274959284,60.337231797828856,0,0,0,0,0,3,3,1,1
545,1977,2,18,15,28172.625,48.00888076290154,-44.55757034196053,231,229,961.7504128618873,997.7504128618873,36.0,41.00883914024715,23.797275168085545,781.0002044812081,1916250,-1.5460453686190885,-14.411486969398926,21.77492201195756,25.27523553881182,33.36142623104189,0,0,0,0,0,4,4,1,1
545,1977,2,18,18,28172.75,48.49368979710799,-42.986524504609,236,227,959.9677080189658,995.9677080189658,36.0,41.64013873582023,17.324158372884195,774.8625831811569,1886250,-1.782704842921521,-16.492490482176756,38.589004248528205,17.969434998401827,42.56773241617078,0,0,0,0,0,4,4,1,1
545,1977,2,18,21,28172.875,48.42472015887745,-41.20078017691765,240,223,960.1063276311313,996.1063276311313,36.0,42.09615221249607,17.405440154389943,789.6135064463499,1958750,0.1386196121654939,1.2837919813648941,43.92197265755684,-2.556357954582347,43.996302664236765,0,0,0,0,0,4,4,1,1
545,1977,2,19,0,28173.0,48.95499036162678,-38.8844964337146,247,220,959.6067426419008,993.6067426419008,34.0,41.66831357777848,17.17049293762706,743.6823429693194,1737500,-0.49958498923049777,-4.589305240065787,56.37333490193362,19.654452098835623,59.70134316136439,0,0,0,0,0,3,3,1,1
545,1977,2,19,3,28173.125,49.26937121494526,-36.77327753589183,253,217,959.3260948016891,993.3260948016891,34.0,40.96310300535794,13.433433740659092,788.3527464110539,1952500,-0.2806478402116045,-2.5658777191402584,51.058232630895056,11.652518641067406,52.37102548233155,0,0,0,0,0,2,2,1,1
545,1977,2,19,6,28173.25,49.85776638708046,-34.55057184223075,260,215,959.8451178924125,993.8451178924125,34.0,39.54190646580732,9.056613997588356,870.2750056381931,2379375,0.5190230907233491,4.703923591916731,53.11031447135241,21.808852667862187,57.413687897002966,0,0,0,0,0,1,1,1,1
545,1977,2,19,9,28173.375,50.25216058580318,-32.54704720616779,266,213,960.508174217541,994.508174217541,34.0,38.23823644850865,8.873620476183278,922.5405455501185,2673750,0.6630563251284184,5.974759328833027,47.48153539660312,14.61821133200411,49.68086458754526,0,0,0,0,0,0,0,1,1
545,1977,2,19,12,28173.5,50.79978878376979,-30.677280021796452,272,212,960.2530743917176,994.2530743917176,34.0,38.37168863667169,8.350728243676713,902.3726932891473,2558125,-0.2550998258232721,-2.2806649726050696,43.80047847525473,20.29782576712974,48.275083071228465,0,0,0,0,0,0,0,1,1
545,1977,2,19,15,28173.625,51.30179377118427,-28.758928962545685,278,211,960.1514661339248,992.1514661339248,32.0,37.34761503662746,8.472060485927214,871.7596304393776,2387500,-0.10160825779283186,-0.9019958696839856,44.4540235638803,18.606802583585395,48.19100863649302,0,0,0,0,0,0,0,1,1
545,1977,2,19,18,28173.75,51.7510471790645,-27.559404118342496,282,211,960.2092112399289,992.2092112399289,32.0,36.870871101003544,7.647447202495678,909.9470267194599,2601250,0.0577451060040039,0.5094300785825383,27.52419108832057,16.651566578019626,32.169174135631856,0,0,0,0,0,0,0,1,1
545,1977,2,19,21,28173.875,51.968778933768704,-26.18052151749349,286,210,961.6069124320825,993.6069124320825,32.0,35.86489565144294,7.485241985785615,966.4577446896272,2934375,1.3977011921536178,12.293847072748221,31.48685004252856,8.070222164175055,32.50461830847769,0,0,0,0,0,0,0,1,1
545,1977,2,20,0,28174.0,52.2779604771744,-25.24724807562803,289,210,963.3754111335078,993.3754111335078,30.0,33.904202492240614,7.250820159270297,982.990055009037,3035625,1.7684987014252693,15.490139737478614,21.164175136857246,11.45980634628295,24.06760209738131,0,0,0,0,0,0,0,1,1
545,1977,2,20,3,28174.125,52.262163617347,-24.472631344344897,291,209,964.0667294255582,992.0667294255582,28.0,32.71766749846222,6.942554868295337,981.7749864914522,3028125,0.6913182920504187,6.056493880637493,17.572558749749035,-0.5855102232408399,17.582310520375326,0,0,0,0,0,0,0,1,1
545,1977,2,20,6,28174.25,52.115947941427116,-23.24391944367924,294,207,965.0326225150197,991.0326225150197,26.0,31.66010300633594,6.3684877256651085,988.6406294822716,3070625,0.965893089461606,8.478759475059197,27.965547391439085,-5.419480452732003,28.485831728780006,0,0,0,0,0,0,0,1,1
545,1977,2,20,9,28174.375,51.951664149792464,-22.02484593396929,297,205,966.4364028381149,982.4364028381149,16.0,30.834389552311528,6.083001590599379,647.8974937479493,1318750,1.403780323095125,12.35020370875918,27.84832299488109,-6.089174719901678,28.506264967489386,0,0,0,0,0,1,1,1,1
545,1977,2,20,12,28174.5,52.12739866382576,-21.38460366963011,299,205,970.0465330122862,984.0465330122862,14.0,28.616421970738973,4.567921180749981,646.9756566762653,1315000,3.610130174171354,31.685356888255633,14.568330847901622,6.513595465616173,15.958169994821384,0,0,0,0,0,1,1,1,1
545,1977,2,20,15,28174.625,51.7127317632566,-20.056094736575425,302,202,970.4911870889596,984.4911870889596,14.0,28.2941124709207,5.045233050987808,649.5841307116327,1325625,0.4446540766733233,3.924829374788305,30.50962415791654,-15.369618530237933,34.1622941270395,0,0,0,0,0,1,1,1,1
545,1977,2,20,18,28174.75,51.501862083489776,-18.864927839127894,305,200,971.6112587058666,985.6112587058666,14.0,27.464786110867408,4.94090653388259,672.9010425734546,1422500,1.1200716169070801,9.915413132091464,27.482951123267107,-7.815879524411176,28.57272432205229,0,0,0,0,0,0,0,1,1
545,1977,2,20,21,28174.875,51.50045011584643,-17.789995432598314,308,199,973.2654339473589,985.2654339473589,12.0,26.78067374325029,4.683999864312573,604.697016491424,1148750,1.6541752414923394,14.643842561796742,24.801974154069296,-0.05233454617560211,24.802029369465814,0,0,0,0,0,0,0,1,1
545,1977,2,21,0,28175.0,51.41581109921455,-17.040383205287995,310,198,975.5789013208487,987.5789013208487,12.0,24.639841850600444,3.868586304621058,671.2729941156048,1415625,2.313467373489693,20.504443832410583,17.328026318404138,-3.1371430818830115,17.609717851445346,0,0,0,0,0,0,0,1,1
545,1977,2,21,3,28175.125,51.09558574932728,-16.19963125318429,312,196,975.3022708295372,987.3022708295372,12.0,24.86520316624437,4.008363393685141,656.2873339798977,1353125,-0.2766304913115164,-2.462818239611593,19.570629787731267,-11.869144763481117,22.88855931912067,0,0,0,0,0,0,0,1,1
545,1977,2,21,6,28175.25,50.829006589180366,-15.049863462072656,315,194,975.7040972826513,987.7040972826513,12.0,24.5832828103673,3.6743947588917947,659.4625705819884,1366250,0.40182645311419035,3.5909497083642776,26.917639257073365,-9.88075005250137,28.67382996346918,0,0,0,0,0,0,0,1,1
545,1977,2,21,9,28175.375,50.71918568967736,-14.319283125018718,317,193,977.228638126922,989.228638126922,12.0,24.085365809972345,3.316907380932098,677.1744086891673,1440625,1.5245408442706685,13.645498373746623,17.144196792982505,-4.070508954758755,17.62079813252745,0,0,0,0,0,1,1,1,1
545,1977,2,21,12,28175.5,50.47957594345673,-12.870385027553086,321,191,979.2992370434969,991.2992370434969,12.0,22.464396772163397,2.3586371129908366,723.2032437259536,1643125,2.0705989165748178,18.59679950370068,34.17377319058246,-8.881129384774528,35.308939848577694,0,0,0,0,0,0,0,1,1
545,1977,2,21,15,28175.625,50.34988604239584,-12.152456734760626,323,190,979.2840165904065,993.2840165904065,14.0,21.947176071990068,2.3583291827909125,814.7852823732572,2085625,-0.015220453090296359,-0.13695649010648528,16.979709924678765,-4.806953011668784,17.647020892565013,0,0,0,0,0,0,0,1,1
545,1977,2,21,18,28175.75,50.26041140166157,-11.115929447331578,326,189,979.8030760386333,995.8030760386333,16.0,21.363218097002004,2.4092175648658305,896.5112729988795,2525000,0.5190594482267624,4.676652406049447,24.560950676374627,-3.31637537099839,24.78383835745932,0,0,0,0,0,0,0,1,1
545,1977,2,21,21,28175.875,50.11485428625083,-10.407711312490058,328,188,981.4324323106437,997.4324323106437,16.0,21.003661002723472,2.6202576016468084,893.621803093224,2508750,1.6293562720103365,14.711389377595106,16.832824577295955,-5.3950709235635355,17.676277139723158,0,0,0,0,0,0,0,1,1
545,1977,2,22,0,28176.0,50.23841236505785,-9.435232006964839,331,188,982.4805099399612,998.4805099399612,16.0,20.260272233770866,2.397960735811139,893.2878012863437,2506875,1.0480776293175587,9.446047601977968,23.053969460544963,4.579677169762955,23.50444534267907,0,0,0,0,0,0,0,1,1
545,1977,2,22,3,28176.125,50.31407620322496,-8.783815562400658,333,188,983.0146691731928,999.0146691731928,16.0,20.031186381905066,2.770135484187995,883.2090153690416,2450625,0.5341592332316213,4.808956728743064,15.418265861689648,2.8044783115456964,15.671248220281454,0,0,0,0,0,0,0,1,1
545,1977,2,22,6,28176.25,50.07784832945158,-8.733682241076892,333,187,983.9521498548676,999.9521498548676,16.0,19.99036994898385,2.7986261518827087,891.6159154838015,2497500,0.9374806816747878,8.469046665301866,1.1924865317078726,-8.755780365210258,8.836612129776103,0,0,0,0,0,0,0,1,1
545,1977,2,22,9,28176.375,50.147772230717166,-8.08359604982951,335,187,985.7068401602653,1001.7068401602653,16.0,19.618100159356796,2.5433996628516615,907.7580723178881,2588750,1.7546903053976712,15.835424722865008,15.440537113744128,2.5917276906428777,15.656539808762181,0,0,0,0,0,1,1,1,1
545,1977,2,22,12,28176.5,50.38434378714331,-8.130102354155978,335,188,986.765878630041,1002.765878630041,16.0,19.760116438032668,3.2757907452875954,913.98277202231,2624375,1.0590384697756963,9.524681213319617,-1.0991256787456598,8.76851895433129,8.83713765368319,0,0,0,0,0,1,1,1,1
545,1977,2,22,15,28176.625,50.41744653423904,-7.802433984753408,336,188,987.9356711880044,1003.9356711880044,16.0,19.081927736892972,3.4952598521806073,981.7749864914522,3028125,1.1697925579635193,10.515743855651056,7.738671069463084,1.2269525116810103,7.835332946803553,0,0,0,0,0,1,1,1,1
545,1977,2,22,18,28176.75,50.21230154221778,-7.431407971172509,337,187,989.9650758686544,1003.9650758686544,14.0,18.538008319894335,3.0539339093984745,894.8454097949536,2515625,2.0294046806498955,18.29742963879452,8.80055575417499,-7.603694113100677,11.630388890658146,0,0,0,0,0,1,1,1,1
545,1977,2,22,21,28176.875,50.21230154221778,-7.431407971172509,337,187,992.0410095773585,1006.0410095773585,14.0,18.10297286723776,2.9575428527120677,959.4333755439976,2891875,2.0759337087041057,18.716942624598204,0.0,0.0,0.0,0,0,0,0,0,1,1,1,1
545,1977,2,23,0,28177.0,50.147772230717166,-8.08359604982951,335,187,994.1723944519434,1004.1723944519434,10.0,16.84873907213884,3.1787860874574836,715.4593529469779,1608125,2.13138487458491,19.23495253442643,-15.49045982368457,-2.391777352911622,15.674021323677174,0,0,0,0,0,2,2,1,1
545,1977,2,23,3,28177.125,49.87686453505548,-8.361132471051455,334,186,995.0333010608003,1003.0333010608003,8.0,16.011809181126647,3.246298481665144,595.9148150313025,1115625,0.8609066088568943,7.800233064148613,-6.629195868507286,-10.041187115515791,12.032110228544052,0,0,0,0,0,3,3,1,1
545,1977,2,23,6,28177.25,49.60473768114621,-8.635100154054374,333,185,996.188065646812,1002.188065646812,6.0,14.723298954285093,3.1528007074693596,492.8592414615001,763125,1.1547645860117337,10.50489608550209,-6.580758797334119,-10.086375186151963,12.043311452607728,0,0,0,0,0,2,2,1,1
545,1977,2,23,9,28177.375,49.33140548015978,-8.905555203317306,332,184,997.601376441037,1003.601376441037,6.0,13.804734997499391,2.5369545754018326,506.0044611454395,804375,1.4133107942249625,12.90944248082322,-6.532731452936104,-10.131051346094148,12.054658087784022,0,0,0,0,0,1,1,1,1
545,1977,2,23,12,28177.5,49.01797755910163,-9.488640892216372,330,183,998.1426947436336,1008.1426947436336,10.0,13.108434157525904,3.3295259017810173,926.843463233412,2698750,0.5413183025966282,4.9679252095869675,-14.17363163615737,-11.617198230139104,18.32624152617847,0,0,2,0,0,1,1,1,2
545,1977,2,23,15,28177.625,48.78117821758608,-9.436147801663198,330,182,998.2719788591951,1008.2719788591951,10.0,11.95558659749314,2.684684060601867,959.9516240426254,2895000,0.12928411556145875,1.1907849350978295,1.282063331893037,-8.776961803100258,8.870103994884479,0,0,0,0,0,2,2,1,2
545,1977,2,23,18,28177.75,48.81990004784923,-9.121747740195659,331,182,998.5275624630472,1010.5275624630472,12.0,12.005370924518639,2.367452182612178,1103.4198270164443,3825000,0.25558360385213746,2.3526873206737955,7.672808914351222,1.4352236918846304,7.805886476364778,0,0,0,0,0,1,1,1,2
545,1977,2,23,21,28177.875,48.81990004784923,-9.121747740195659,331,182,999.2516442418414,1009.2516442418414,10.0,11.907386295455522,2.3158838483195723,884.3345529932666,2456875,0.7240817787942069,6.665286796275105,0.0,0.0,0.0,0,0,0,0,0,2,2,1,2
545,1977,2,24,0,28178.0,48.619932091298246,-8.758221992857665,332,181,1000.0447673221215,1008.0447673221215,8.0,11.289785848147332,2.464931050951782,750.7379317872345,1770625,0.7931230802800564,7.323226756409362,8.907039309236957,-7.411807419983234,11.587503548530671,0,0,0,0,0,3,3,1,2
545,1977,2,24,3,28178.125,48.92821113297286,-8.175288290776288,334,182,999.2881761187986,1007.2881761187986,8.0,11.610123328896115,2.0137337526601184,737.6387745335905,1709375,-0.7565912033228961,-6.953055000711674,14.19547459244681,11.426355141688024,18.222872735350574,0,0,0,0,0,1,1,1,1
545,1977,2,24,6,28178.25,48.96168738897883,-7.858774724086651,335,182,999.6248332629016,1005.6248332629016,6.0,11.379643391560062,2.1578235015106473,580.6974562334101,1059375,0.3366571441029373,3.0922970494980175,7.702514015794756,1.2407966103061705,7.801813788579034,0,0,0,0,0,1,1,1,1
545,1977,2,24,9,28178.375,49.231648956498006,-7.584011381422129,336,183,1000.8679003807764,1006.8679003807764,6.0,10.85125753111692,2.317858370005124,585.6440065116644,1077500,1.2430671178748889,11.371433032430561,6.650235409123705,10.006118899048108,12.014493181930332,0,0,0,0,0,2,2,1,1
545,1977,2,24,12,28178.5,49.29228793083748,-6.945155755325471,338,183,1001.1910249704091,1007.1910249704091,6.0,10.573586682308573,2.7368349352575025,599.7417539138688,1130000,0.3231245896326436,2.953212843281532,15.443518005536353,2.247582101159902,15.606212663192178,0,0,0,0,0,2,2,1,1
545,1977,2,24,15,28178.625,49.55862550001179,-6.6624771065962625,339,184,1001.246836574574,1007.246836574574,6.0,10.055639927865258,2.731281068792887,623.3273656940545,1220625,0.05581160416491912,0.5080663954951073,6.7964175302794585,9.871795489008875,11.985142361386696,0,0,0,0,0,2,2,1,1
545,1977,2,24,18,28178.75,49.849583751197315,-6.051732108794013,341,185,1002.2868924637656,1004.2868924637656,2.0,9.237159214492825,3.1861571568559883,213.90896694369758,143750,1.040055889191717,9.427196744911889,14.596377202452107,10.784360465734753,18.1481860826686,0,0,0,0,0,2,2,1,1
545,1977,2,24,21,28178.875,49.87413577097903,-5.726847258911288,342,185,1003.5467909083965,1007.5467909083965,4.0,8.419266295348306,2.875562219817657,533.934726172926,895625,1.2598984446308168,11.415751585272591,7.760590651857622,0.9100200128676559,7.813763733919752,0,0,0,0,0,2,2,1,1
545,1977,2,25,0,28179.0,50.19719120706834,-4.44920845298981,346,186,1004.5259380008973,1006.5259380008973,2.0,7.702293323935887,2.650403596345277,372.6428422064198,436250,0.9791470925007889,8.830082822392887,30.314224426621347,11.974041839359218,32.593402408436766,0,0,0,0,0,2,2,1,2
545,1977,2,25,3,28179.125,52.39877543413933,7.146580435016876,380,196,1004.5174433470161,1006.5174433470161,2.0,7.522410692383537,1.8336260401670006,337.33630743029306,357500,-0.3643065262361779,-3.1857430135028295,18.23690440159803,24.165886348835773,30.274985469490694,0,0,0,0,2,2,2,1,1
545,1977,2,25,6,28179.25,52.39877543413933,7.146580435016876,380,196,,,,7.522410692383537,,0.0,0,0.0,,0.0,0.0,0.0,0,3,0,0,0,2,2,0,0
546,1977,2,25,0,28179.0,40.58364545646245,-76.32164714974905,152,309,996.2159978024616,998.2159978024616,2.0,12.66019424373939,15.273719416962923,117.16276644769007,43125,,,,,,3,0,0,0,0,11,11,1,1
546,1977,2,25,3,28179.125,38.846588240447154,-73.53715394916635,148,297,995.327048209385,997.327048209385,2.0,16.83548877790241,9.865768447127266,140.3403869441083,61875,-0.8889495930766862,-9.81896877256812,80.3775442639801,-64.38398323740762,102.98469264615429,0,0,0,0,0,8,8,1,1
546,1977,2,25,6,28179.25,40.60337315604933,-72.41381544863158,156,295,989.8262218750358,997.8262218750358,8.0,21.712010962498802,18.1955783841385,244.7080859684159,188125,-5.500826334349113,-58.558289893121994,31.611600733507775,65.11518994021714,72.38287961863125,0,0,0,0,0,7,7,1,1
546,1977,2,25,9,28179.375,42.01440875210487,-71.91387961907695,162,295,985.5424301000053,993.5424301000053,8.0,24.35456252088031,15.686025255894274,199.47114020071635,125000,-4.28379177503055,-44.34215642439826,13.767416721023139,52.29999986541934,54.08171362940685,0,0,0,0,0,8,8,1,1
546,1977,2,25,12,28179.5,42.942351399795946,-70.67681568183822,167,292,982.7630229727345,992.7630229727345,10.0,26.866604437511224,21.751794295841755,215.29950574842135,145625,-2.779407127270824,-28.265620246544987,33.564986934146376,34.39417154678858,48.05795859459012,0,0,0,0,0,10,10,1,1
546,1977,2,25,15,28179.625,43.698880282127355,-69.7610560608774,171,290,979.841934239706,1011.841934239706,32.0,28.825619604036024,34.55352420009178,1353.1731671416842,5752500,-2.921088733028446,-29.29342237648224,24.53972400731377,28.040724525110395,37.262317242064526,0,0,2,0,0,8,8,1,2
546,1977,2,25,18,28179.75,44.21259156184979,-68.92110524792633,174,288,980.3093758953298,1012.3093758953298,32.0,27.045561778630884,33.431686011773415,1422.1327080621766,6353750,0.467441655623843,4.644235846031844,22.31453565364689,19.040696021739535,29.334051994740957,0,0,0,0,0,7,7,1,2
546,1977,2,25,21,28179.875,44.53035715468852,-67.52518734843119,177,284,981.5829442385033,993.5829442385033,12.0,25.351724055114445,26.119361255200634,271.67647093347347,231875,1.2735683431733924,12.581923578565657,36.883669645606936,11.777973928622215,38.71854538059986,0,0,0,2,0,8,8,1,1
546,1977,2,26,0,28180.0,44.81880793660778,-66.1115939677331,180,280,986.3888905192501,996.3888905192501,10.0,21.683209373462976,20.262146184353043,297.87393436440806,278750,4.805946280746866,47.23808606835994,37.16523028412404,10.69142117869301,38.672481545566434,0,0,0,0,0,8,8,1,1
546,1977,2,26,3,28180.125,45.18107441641664,-64.94757426009042,183,277,989.1359233844861,997.1359233844861,8.0,18.719157080222395,12.676152250933301,280.6807738882166,247500,2.74703286523596,26.83065531543295,30.410840837578373,13.427398216042715,33.243258915165214,0,0,0,0,0,6,6,1,1
546,1977,2,26,6,28180.25,45.51673131098665,-64.42841767920459,185,276,991.0498378688859,1001.0498378688859,10.0,16.58810014105542,10.275838892597895,582.9200661335965,1067500,1.9139144843998657,18.585596474967634,13.48323282164764,12.441114589817682,18.3460867642048,0,0,2,0,0,7,7,1,2
546,1977,2,26,9,28180.375,45.74076309266112,-63.63458487744639,187,274,993.5051261051692,997.5051261051692,4.0,14.126786774800848,7.478704748188975,228.7404370492034,164375,2.4552882362832316,23.751726756512554,20.534676449327847,8.303732509780573,22.15005441240645,0,0,0,2,0,7,7,1,1
546,1977,2,26,12,28180.5,45.95808926862335,-63.501805011380746,188,274,996.6901925226077,996.6901925226077,0.0,11.89818025400795,7.531512086374567,14.104739588693906,625,3.185066417438502,30.698137303213198,3.421337295337648,8.05518939802099,8.751664134692218,0,0,0,0,0,5,5,1,1
546,1977,2,26,15,28180.625,45.50417139554748,-61.77946228380271,189,268,999.0985463224722,999.0985463224722,0.0,10.459521726314586,4.1781552021950485,14.104739588693906,625,2.4083537998645625,23.39202303868732,44.74088763382442,-16.82445486644202,47.79967895096627,0,0,0,0,0,7,7,1,1
546,1977,2,26,18,28180.75,45.50417139554748,-61.77946228380271,189,268,,,,10.459521726314586,,0.0,0,0.0,,0.0,0.0,0.0,0,3,0,0,0,7,7,0,0
549,1977,2,25,0,28179.0,42.68901431591433,163.42120922452688,418,556,1001.0722992078929,1001.0722992078929,0.0,8.567792502598612,8.291202491952644,14.104739588693906,625,,,,,,3,0,0,0,0,23,23,1,1
549,1977,2,25,3,28179.125,42.856990983871135,166.26978449168357,408,558,998.2906551955754,998.2906551955754,0.0,9.563600091319596,9.344080020548063,14.104739588693906,625,-2.7816440123175563,-28.333758494861158,77.39385804943946,6.2260510904848765,77.64388563150425,0,0,0,0,0,24,24,1,1
549,1977,2,25,6,28179.25,42.79214676740452,170.0082421062546,395,561,997.87268137647,997.87268137647,0.0,9.9894875089709,10.296222706832632,14.104739588693906,625,-0.41797381910539116,-4.262673263227195,101.67447231982854,-2.4034492977763438,101.70287552494551,0,0,0,0,0,28,28,1,1
549,1977,2,25,9,28179.375,42.97484302219733,173.380470263849,383,562,996.6022329924655,996.6022329924655,0.0,10.894118408542997,11.941711878626156,14.104739588693906,625,-1.2704483840045577,-12.912159729903687,91.44432061316094,6.771632216640506,91.69470418339336,0,0,0,0,0,27,27,1,1
549,1977,2,25,12,28179.5,43.45820384554213,176.4502201323767,372,561,994.0835854511847,996.0835854511847,2.0,12.691021153801481,14.148470184208271,85.79578146972122,23125,-2.5186475412806613,-25.369382891615135,82.58568149544182,17.91575709822648,84.50662187349116,0,0,0,0,0,26,26,1,1
549,1977,2,25,15,28179.625,43.793953905211076,179.28562580424114,362,560,991.3159839509588,995.3159839509588,4.0,15.417568622025295,19.135767843470674,118.84864828598478,44375,-2.76760150022601,-27.706140396113252,75.85681148324242,12.444567751931402,76.87082095916884,0,0,0,0,0,27,27,1,1
549,1977,2,25,18,28179.75,44.00780509729395,-177.84703721089954,352,559,989.0868443494337,995.0868443494337,6.0,17.91506773241708,20.66603633153325,149.9354384784672,70625,-2.2291396015250937,-22.229278017507426,-76.43592522465256,7.9263892055022165,76.84580867416115,0,0,0,0,0,25,25,1,1
549,1977,2,25,21,28179.875,44.36264092573171,-175.22435416540733,343,557,988.5305392757563,994.5305392757563,6.0,19.487447162188815,17.791787018459072,150.59740831300877,71250,-0.5563050736773585,-5.512313126568028,69.49502917748391,13.151981304666252,70.72859176187258,0,0,0,0,0,30,30,1,1
549,1977,2,26,0,28180.0,44.614394067128764,-172.56859202882748,334,555,984.2266091622768,994.2266091622768,10.0,23.189023132844966,12.031160573181115,221.67338288487116,154375,-4.303930113479582,-42.45642571942732,70.06836348341402,9.331224030060943,70.68696699634958,0,0,0,0,0,32,32,1,1
549,1977,2,26,3,28180.125,45.19731111581491,-169.49780949125005,324,551,984.4165934322476,994.4165934322476,10.0,22.59764065226789,13.768071806332882,233.90064490684722,171875,0.18998426997088244,1.8550807003962557,80.19935127716458,21.60580615617292,83.0586949387971,0,0,0,0,0,32,32,1,1
549,1977,2,26,6,28180.25,45.40379139191108,-166.4295656148385,314,548,984.4978369727802,992.4978369727802,8.0,22.56183617232262,7.520113913663081,215.29950574842135,145625,0.08124354053259594,0.790469726091705,79.84172697511997,7.653186384687121,80.20768434637894,0,0,0,0,0,28,28,1,1
549,1977,2,26,9,28180.375,45.84426756374989,-163.82927327128345,306,544,984.0984072633889,992.0984072633889,8.0,23.112946022236496,8.718317325798635,220.774095676764,153125,-0.399429709391261,-3.857180194064111,67.13624327385648,16.326238538764112,69.09284496784791,0,0,0,0,0,28,28,1,1
549,1977,2,26,12,28180.5,46.57037012407915,-161.6608634280915,300,539,985.9966143212805,993.9966143212805,8.0,21.288654185691907,7.548094035111208,258.9285997673121,210625,1.898207057891559,18.109082339689916,55.25108958825726,26.912973644079404,61.457229445009496,0,0,0,0,0,21,21,1,1
549,1977,2,26,15,28180.625,47.227111403669184,-159.42596552527357,294,534,985.3047423808744,993.3047423808744,8.0,21.88223576871587,6.750046556624074,258.1591222864905,209375,-0.6918719404061267,-6.530101542066257,56.251808309577754,24.34209946948922,61.29277073750206,0,0,0,0,0,21,21,1,1
549,1977,2,26,18,28180.75,47.682500362716496,-157.5354077870515,289,530,986.7901892188465,994.7901892188465,8.0,21.766185680326156,6.504499900283845,272.7726817250237,233750,1.485446837972122,13.918207466282915,47.174983854097434,16.87898063200267,50.10368338565414,0,0,0,0,0,19,19,1,1
549,1977,2,26,21,28180.875,48.40616721025642,-155.76505762398634,285,525,988.0913539659077,998.0913539659077,10.0,21.474138722059575,5.300961883179334,342.31246961133036,368125,1.3011647470612662,12.053885339291723,43.55924943831421,26.82269400910049,51.15530398243287,0,0,0,0,0,15,15,1,1
549,1977,2,27,0,28181.0,49.17915463680637,-154.94427509476301,284,521,991.2871332612551,997.2871332612551,6.0,18.115153249882272,4.064769833808969,260.8423626863268,213750,3.195779295347311,29.257740999713736,19.886827337477154,28.650760064129166,34.87623766696929,0,0,0,0,0,15,15,1,1
549,1977,2,27,3,28181.125,49.19126382267927,-152.78797253845244,278,518,992.3798293512342,998.3798293512342,6.0,18.25171095750146,3.9758530953951405,288.3720821534486,261250,1.0926960899791447,10.001937407985093,52.2309902885631,0.448826678287226,52.23291866161717,0,0,0,0,0,18,18,1,1
549,1977,2,27,6,28181.25,49.351650756799565,-150.47525508916385,272,514,992.8600492925642,996.8600492925642,4.0,18.487206172462596,5.06252774927445,232.19331810450433,169375,0.4802199413299968,4.385086869065507,55.83761704031046,5.944737791417454,56.15317786331488,0,0,0,0,0,17,17,1,1
549,1977,2,27,9,28181.375,49.69301358130934,-148.70151049234653,268,510,994.3192845272292,996.3192845272292,2.0,18.065818516706212,5.78211897942987,132.3141857100307,55000,1.4592352346649569,13.257301386636513,42.52754397196536,12.652604743514475,44.36981409790954,0,0,0,0,0,20,20,1,1
549,1977,2,27,12,28181.5,50.19307102741484,-146.7208114988095,264,505,995.4604510001151,997.4604510001151,2.0,18.04023087695966,4.702795033478833,166.88952945311365,87500,1.1411664728859614,10.29181253333045,46.99881128527741,18.534617012588818,50.5214834504339,0,0,0,0,0,16,16,1,1
549,1977,2,27,15,28181.625,50.50306808231072,-144.4237651616837,259,500,997.9393535239324,997.9393535239324,0.0,16.45905316666373,4.319189913559821,14.104739588693906,625,2.4789025238172324,22.25639617586674,54.15000067460543,11.490033259725477,55.355608906138556,0,0,0,0,0,17,17,1,1
549,1977,2,27,18,28181.75,50.50306808231072,-144.4237651616837,259,500,,,,16.45905316666373,,0.0,0,0.0,,0.0,0.0,0.0,0,3,0,0,0,17,17,0,0
557,1977,2,25,21,28179.875,54.72107529685362,-35.27978405193915,270,233,990.1322393236431,994.1322393236431,4.0,14.788595451116985,12.782090389667792,173.8949084575512,95000,1.5323001220646255,13.004330842251274,-57.08452926925412,-0.281856013096274,57.0852250998842,2,0,0,2,0,3,3,1,1
557,1977,2,26,0,28180.0,54.96665143104744,-36.01368917721641,269,235,992.19184324804,996.19184324804,4.0,12.84791904234568,10.706600307759436,178.96908195899073,100625,2.059603924396797,17.42677068671611,-15.615422164782641,9.102273409111838,18.074644964662777,0,0,0,0,0,3,3,1,1
557,1977,2,26,3,28180.125,55.10918609012659,-37.57998510473879,266,238,991.8455346609448,995.8455346609448,4.0,12.649026241526977,9.678575626600214,187.65135533505173,110625,-0.34630858709511814,-2.9251021078477155,-33.20743870506817,5.28304365353804,33.62505815007683,0,0,0,0,0,3,3,1,1
557,1977,2,26,6,28180.25,55.18910294544823,-38.630560793887696,264,240,991.4696921084338,995.4696921084338,4.0,12.600026542274904,9.288971439287998,197.4663542417147,122500,-0.3758425525110215,-3.171479493234447,-22.229207504642762,2.962116288384102,22.425695065936672,0,0,0,0,0,4,4,1,1
557,1977,2,26,9,28180.375,54.925364239729504,-39.73415968822089,261,241,991.574357840836,995.574357840836,4.0,12.04886818772972,9.400809363814696,200.96160531198103,126875,0.10466573240220896,0.8860480893218798,-23.505451941084136,-9.775468678574788,25.457141607816315,0,0,0,0,0,5,5,1,1
557,1977,2,26,12,28180.5,54.801753784376764,-40.54100447485428,259,242,990.2294868548753,994.2294868548753,4.0,13.908003897289985,9.94900774167203,186.5881662950577,109375,-1.3448709859607333,-11.40230863340337,-17.23775858159938,-4.581618505149532,17.83624257079477,0,0,0,0,0,3,3,1,1
557,1977,2,26,15,28180.625,54.82614093140913,-41.06383388731,258,243,989.7771382895355,993.7771382895355,4.0,13.636075469072761,10.169761933840782,190.28334018879895,113750,-0.4523485653397802,-3.8340260046375527,-11.163233751637266,0.9039090084446586,11.199769608757174,0,0,0,0,0,6,6,1,1
557,1977,2,26,18,28180.75,54.69067191814234,-41.863641631667406,256,244,989.0795553761463,993.0795553761463,4.0,13.219812618829039,8.189907873313278,211.1004122822376,140000,-0.6975829133891966,-5.922473727970633,-17.134351287028156,-5.0211556642701884,17.854915240126903,0,0,0,0,0,5,5,1,1
557,1977,2,26,21,28180.875,54.214756298709695,-42.678469410167274,253,244,989.6466533019511,993.6466533019511,4.0,12.65683217936346,6.063545783760201,245.92453796829673,190000,0.5670979258048464,4.843318191348016,-17.6602339386454,-17.639800797271043,24.96089811956066,0,0,0,0,0,5,5,1,1
557,1977,2,27,0,28181.0,53.73084623695578,-43.47247455778707,250,244,990.228087198026,992.228087198026,2.0,12.459420245923873,6.9523435356375565,163.27416503504918,83750,0.5814338960747409,4.9963507007709556,-17.409956165030895,-17.936114606430394,24.99621533039158,0,0,0,0,0,3,3,1,1
557,1977,2,27,3,28181.125,53.23917753684966,-44.24615166692923,247,244,990.1071252216793,992.1071252216793,2.0,12.358482758313682,6.712545651167528,200.46601490203662,126250,-0.12096197634658892,-1.0460697717426541,-17.162005665200798,-18.223688347241627,25.032723691795397,0,0,0,0,0,3,3,1,1
557,1977,2,27,6,28181.25,52.40309630794423,-44.50820281205409,244,242,990.2613363114189,990.2613363114189,0.0,11.39756604943625,4.361505278701515,14.104739588693906,625,0.1542110897395469,1.3484479048940352,-5.925871611100198,-30.989330305677456,31.550824825123392,0,0,0,0,0,4,4,1,1
557,1977,2,27,9,28181.375,51.73259500307458,-45.0,241,241,991.3387126626558,991.3387126626558,0.0,11.086553200777539,4.664545042614627,14.104739588693906,625,1.0773763512368897,9.507079646764076,-11.289450243552846,-24.852114470020343,27.296140394433973,0,0,0,0,0,4,4,1,1
557,1977,2,27,12,28181.5,51.73259500307458,-45.0,241,241,,,,11.086553200777539,,0.0,0,0.0,,0.0,0.0,0.0,0,3,0,0,0,4,4,0,0
572,1977,2,25,15,28179.625,82.25787149177918,-104.23728046576109,326,368,,,,9.982166255776077,,0.0,0,,,,,,0,0,0,0,0,13,13,0,0
572,1977,2,25,18,28179.75,82.25787149177918,-75.76271953423893,326,351,1007.4237385009973,1009.4237385009973,2.0,12.85545892339654,25.276617811316314,28.209479177387813,2500,,,140.74630192413656,0.0,140.74630192413656,3,0,0,3,0,11,11,1,1
572,1977,2,25,21,28179.875,83.93088208012927,-52.495857639729856,338,343,1009.5316119233249,1009.5316119233249,0.0,12.082666565320922,6.5725979957098755,14.104739588693906,625,2.107873422327684,14.686089880174027,90.56007583865872,62.01009654905231,109.75599942566423,0,0,0,0,0,14,14,1,1
572,1977,2,26,0,28180.0,84.44921069660681,-48.270487923183566,341,343,1009.4295825839275,1011.4295825839275,2.0,12.725412587104453,5.7564696342602835,198.47127856504602,123750,-0.10202933939741342,-0.7102102843798912,15.145495177037851,19.21183749566552,24.46386568221663,0,0,2,0,0,16,16,1,2
572,1977,2,26,3,28180.125,84.93114057487729,-43.21008939175393,344,343,1010.0900239483542,1010.0900239483542,0.0,12.4853769665002,5.136246402962424,14.104739588693906,625,0.6604413644266606,4.593636637741695,16.56644532631183,17.862719154035872,24.362344844567797,0,0,0,2,0,14,14,1,1
572,1977,2,26,6,28180.25,85.39796650894654,-41.05481377096244,346,344,1011.3907508556417,1013.3907508556417,2.0,11.57045558854863,5.091365191913428,163.88226458881186,84375,1.3007269072874623,9.040847769384337,6.409160791634473,17.302891831535653,18.451758934769547,0,0,0,0,0,15,15,1,1
572,1977,2,26,9,28180.375,86.02978086575877,-40.42607874009914,348,346,1012.5419890767719,1014.5419890767719,2.0,10.569635430838701,4.6625212517497125,184.44340347622256,106875,1.1512382211301884,7.9951994570402345,1.6135166385323536,23.418183686238248,23.473703651218226,0,0,0,0,0,17,17,1,1
572,1977,2,26,12,28180.5,86.51391060811133,-42.39743779750019,349,348,1014.4649573223188,1016.4649573223188,2.0,9.527544387999953,4.126332925629758,191.3259964331453,115000,1.9229682455469446,13.347412987243402,-4.442792238892664,17.944257062447175,18.48606946868777,0,0,0,0,0,13,13,1,1
572,1977,2,26,15,28180.625,86.8302333393341,-47.862405226111754,349,350,1015.1696565062615,1017.1696565062615,2.0,8.847145627055411,3.7293777068672354,204.88317705582224,131875,0.704699183942721,4.889780132118097,-11.196190049897114,11.724494298107905,16.21167598306171,0,0,0,0,0,13,13,1,1
572,1977,2,26,18,28180.75,87.23566486834333,-58.2405199151872,349,353,1016.5783595079594,1018.2994539981114,1.721094490152027,8.021999695770587,3.074337640816593,406.35360642898377,518750,1.4087030016978679,9.77115087365262,-18.526324267781927,15.027309709191352,23.85465841237225,0,0,0,0,0,10,13,2,0
572,1977,2,26,21,28180.875,87.23566486834333,-58.2405199151872,349,353,,,,8.021999695770587,,0.0,0,0.0,,0.0,0.0,0.0,0,3,0,0,0,10,13,0,0
597,1977,2,26,12,28180.5,52.43479552752878,-145.39289216129544,266,495,993.3487531171843,993.3487531171843,0.0,12.845023436315131,3.1344722891950365,14.104739588693906,625,,,,,,3,0,0,0,0,18,18,1,1
597,1977,2,26,15,28180.625,52.74723313666581,-142.46349445998536,260,489,991.7767454635748,993.7767454635748,2.0,17.05203681199182,3.3045752130195623,199.47114020071635,125000,-1.5720076536094711,-13.682865664094459,65.72128112848534,11.580492342997877,66.73375904349788,0,0,0,0,0,18,18,1,1
597,1977,2,26,18,28180.75,53.04874824130224,-140.7603506408513,257,485,988.9671816295598,994.9671816295598,6.0,21.194536462760418,4.987792319171713,294.5156090686586,272500,-2.809563834014989,-24.35749994124663,37.946966986923826,11.17564998075813,39.55840563014523,0,0,0,0,0,16,16,1,1
597,1977,2,26,21,28180.875,53.80367453915843,-139.34002072596445,256,480,986.5403811928467,996.5403811928467,10.0,23.908545078845012,5.020154147637586,355.428243221036,396875,-2.4268004367130924,-20.834454006810102,31.088893287985606,27.981324770722416,41.82671182147122,0,0,0,0,0,12,12,1,1
597,1977,2,27,0,28181.0,54.9804231770482,-139.21694282916857,259,476,984.0997165806612,998.0997165806612,14.0,24.733532731879887,7.668851386979149,478.1069828142386,718125,-2.440664612185501,-20.64753185988136,2.617862759217046,43.616159489746025,43.694651549829956,0,0,0,0,0,12,12,1,1
597,1977,2,27,3,28181.125,55.975242655934785,-139.33640478566002,262,473,982.7221674977119,996.7221674977119,14.0,25.09777646419445,14.566338219625106,414.5929793656026,540000,-1.3775490829492627,-11.515429018879336,-2.4776104396974534,36.87295965979029,36.9561051460164,0,0,0,0,0,15,15,1,1
597,1977,2,27,6,28181.25,56.48386011127782,-139.1247666061424,263,471,982.653263109469,996.653263109469,14.0,24.847436714481518,15.101200351824955,418.6518614313685,550625,-0.06890438824295415,-0.5725875605084723,4.3314353535409795,18.851893545670656,19.343092371159365,0,0,0,0,0,14,14,1,1
597,1977,2,27,9,28181.375,57.16733649129889,-138.64627120875684,264,468,984.1499308507252,998.1499308507252,14.0,24.161615095425326,16.93192994491801,462.88480439247957,673125,1.4966677412562421,12.340522361661591,9.615900171972052,25.333035313243574,27.096645812708594,0,0,0,0,0,18,18,1,1
597,1977,2,27,12,28181.5,57.69074369127519,-137.8481879113879,264,465,989.6575839294554,995.6575839294554,6.0,19.98883840721896,19.648886478270725,265.0039974024898,220625,5.507653078730218,45.148185240734826,15.810591570101002,19.40007506886613,25.02674006885815,0,0,0,0,0,14,14,1,1
597,1977,2,27,15,28181.625,60.15772065485021,-143.95663560791192,282,466,994.5755885179991,996.5755885179991,2.0,13.971902365052674,10.551284473105188,192.8794129702041,116875,4.918004588543699,39.28175520650038,-112.62440403824263,91.43844083284688,145.0697930201576,0,0,0,0,0,14,14,1,1
597,1977,2,27,18,28181.75,60.311459387329826,-145.88552705465875,286,468,997.269343751678,1003.269343751678,6.0,12.019209561375547,7.511654829829785,619.3249654676192,1205000,2.693755233678821,21.482936032421293,-35.408794354177374,5.698322360166218,35.864377804958416,0,0,2,0,0,14,14,1,4
597,1977,2,27,21,28181.875,59.71638203698107,-148.1537081944769,289,473,1000.1291386628346,1000.1291386628346,0.0,9.056677528367826,3.865687413436608,14.104739588693906,625,2.859794911156641,22.94421291009139,-42.39285707729727,-22.056527439956238,47.787495580807494,0,0,0,2,0,17,17,1,1
597,1977,2,28,0,28182.0,59.593077943455405,-147.79087920115813,288,473,,,,7.997571125518979,,0.0,0,1.4029185540993057,,6.806660270495992,-4.570263211520017,8.198654149341941,0,2,2,0,0,17,16,0,0
616,1977,2,27,15,28181.625,43.91850648579424,7.03618575416408,384,161,1012.0272761287338,1014.0272761287338,2.0,8.069030681621372,13.623255969799427,235.59559928678317,174375,,,,,,3,0,0,0,0,0,0,1,1
616,1977,2,27,18,28181.75,43.64531453894614,7.2840236544168615,385,160,1012.0965609104361,1016.0965609104361,4.0,9.317711988581108,16.182658182571977,397.19307312671157,495625,0.06928478170229938,0.695486186404746,6.647304514663158,-10.125852829886217,12.112784685743238,0,0,0,0,0,0,0,1,1
616,1977,2,27,21,28181.875,43.61368418150634,7.566423482753306,386,160,1012.9285880241061,1014.9285880241061,2.0,9.76541000921662,10.341396018546074,301.19481662601754,285000,0.8320271136700467,8.35679294258798,7.578282383508912,-1.1723784250863065,7.668431068726469,0,0,0,0,0,0,0,1,1
616,1977,2,28,0,28182.0,43.27529077901853,10.089877658062017,395,160,1012.9726075140554,1014.9726075140554,2.0,9.592980043182886,3.8773721007631683,348.93198687609583,382500,0.04401948994927807,0.4448927800909749,68.0949426522511,-12.542543188878355,69.24042608518701,0,0,0,0,0,0,0,1,2
616,1977,2,28,3,28182.125,41.1230062004462,13.543176642444754,409,154,1012.2329989515787,1014.2329989515787,2.0,8.995116991878513,5.979566683089215,354.58765494951643,395000,-0.7396085624767875,-7.7912902544146565,96.41332611864524,-79.77437527752187,125.13784561106658,0,0,1,0,0,0,0,1,1
616,1977,2,28,6,28182.25,40.11072961224934,16.584627357406745,421,153,1010.3951488697386,1012.3951488697386,2.0,10.326068927517843,6.236539848735847,257.00058634784585,207500,-1.837850081840006,-19.763547691258275,86.21277926641935,-37.52000698951797,94.02337067630485,0,0,0,0,0,0,0,1,1
616,1977,2,28,9,28182.375,39.25294575423727,16.862193944225613,423,150,1009.7789227128654,1011.7789227128654,2.0,11.0918543642817,10.989632475924008,311.90296402073676,305625,-0.6162261568731628,-6.747329642742224,7.966612765595269,-31.793737722846455,32.77664835437106,0,0,0,1,0,0,0,1,2
616,1977,2,28,12,28182.5,39.193778535871104,18.7656567203887,430,152,1008.3650138771984,1008.3650138771984,0.0,10.973685658157208,5.872666541580766,14.104739588693906,625,-1.4139088356670981,-15.501104389062442,54.67756688954734,-2.19303150199605,54.72152874445003,0,0,0,2,0,0,0,1,1
616,1977,2,28,15,28182.625,38.63297820117325,23.84424515812722,449,157,,,,11.441985167248168,,0.0,0,-2.684300937390217,,147.02526988903273,-20.78605069299034,148.48733915507572,0,3,3,0,0,0,0,0,0
