sid,year,month,day,hour,time,lat,lon,x,y,p_cent,p_edge,depth,p_grad,DsqP,radius,area,Dp,DpDt,u,v,uv,Ege,Ely,Emg,Esp,Erg,id,pid,type,centers
1,2017,6,28,15,42912.625,71.8696271363882,80.36246188706906,439,346,987.1876782416424,991.1876782416424,4.0,17.039517247218825,13.704179527172164,137.4759960580849,59375,-1.7722616609169928,-12.920058138669201,-18.521516985830452,14.041290153288235,23.242298092599086,2,0,0,2,0,9,9,1,1
1,2017,6,28,18,42912.75,72.23327757091147,78.69006752597979,437,344,985.2860850703274,1007.2860850703274,22.0,18.555676003981485,13.778730815990711,1355.303282280146,5770625,-1.901593171315035,-13.834432575496434,-18.914322078654454,13.478694463692186,23.225563160893252,0,0,2,0,0,10,10,1,4
1,2017,6,28,21,42912.875,72.13884065620758,77.27564431457763,437,342,984.3633930236355,988.3633930236355,4.0,18.87978939765633,13.561427236138336,151.2564810824976,71875,-0.9226920466919546,-6.716306944015592,-16.079150903054696,-3.5003019343458948,16.455734787446907,0,0,0,2,0,8,8,1,1
1,2017,6,29,0,42913.0,71.86681381076959,76.73914079581516,438,341,983.3554178539285,1007.3554178539285,24.0,19.624369658944094,11.91777165086096,1351.8493385184195,5741250,-1.007975169706915,-7.348411063327949,-6.188879405202044,-10.082668374609316,11.830571830832222,0,0,2,0,0,8,8,1,3
1,2017,6,29,3,42913.125,71.37256506626011,76.38319105635904,440,340,984.2100642438382,990.2100642438382,6.0,18.310303268528706,10.755094500392733,360.98214589711955,409375,0.854646389909758,6.24848729921398,-4.214096572201816,-18.319317629965614,18.79776604672513,0,0,0,2,0,8,8,1,2
1,2017,6,29,6,42913.25,71.84151278583052,85.38364790644899,440,353,984.4941857142528,1006.4941857142528,22.0,18.805484256801048,8.106108532247527,1353.8345960205181,5758125,0.2841214704145386,2.071622001545345,103.86931205471399,17.3815357592551,105.31358778462452,0,0,1,0,0,7,7,1,1
1,2017,6,29,9,42913.375,72.76308079885081,85.88777115528154,436,354,985.2786663231544,997.2786663231544,12.0,18.07012259205704,4.751485855369829,696.00851865186,1521875,0.7844806089016493,5.690620388892613,5.536882534312762,34.15789586858746,34.6037413926304,0,0,0,0,0,8,8,1,1
1,2017,6,29,12,42913.5,73.47758015794578,88.05191499348506,433,357,985.4910225953109,1003.4910225953109,18.0,18.2199284225659,5.984021524143318,1132.9539337661245,4032500,0.21235627215646674,1.5346138794527935,22.810836413623083,26.482901274050057,34.95251518532186,0,0,0,0,0,8,8,1,1
1,2017,6,29,15,42913.625,74.16234645171033,91.2188752351313,430,361,985.7990121925477,1003.7990121925477,18.0,17.911548777754504,6.032879736894029,1175.1034316182795,4338125,0.30798959723673763,2.2180128427690575,32.03160096622672,25.380845934605283,40.86821259629232,0,0,0,0,0,9,9,1,1
1,2017,6,29,18,42913.75,75.01873777529913,94.72798781884221,426,365,985.3808284637598,1003.3808284637598,18.0,18.25531140711594,6.482675492525596,1138.1222663181507,4069375,-0.4181837287878443,-2.9992035359172293,33.617351587520595,31.742123468497553,46.23514604765856,0,0,0,0,0,9,9,1,1
1,2017,6,29,21,42913.875,75.42356548548067,96.63251461513848,424,367,985.6563555280537,1001.6563555280537,16.0,17.474086476614428,4.332760835969457,1016.520274280907,3246250,0.2755270642938558,1.9723933892135779,17.765024429067083,15.004929179107068,23.253902739870764,0,0,0,0,0,9,9,1,1
1,2017,6,30,0,42914.0,75.81109642192688,98.64280258000453,422,369,985.5178692894161,1001.5178692894161,16.0,17.188212190862522,5.428892647608591,1023.0555676541118,3288125,-0.13848623863756074,-0.9896522863491646,18.263295419449936,14.363824683544264,23.235047215740632,0,0,0,0,0,9,9,1,1
1,2017,6,30,3,42914.125,75.95821349661583,100.59152774797138,421,371,985.7474250514497,999.7474250514497,14.0,16.3309820316851,5.7891257562471585,966.869353628514,2936875,0.22955576203356032,1.639395703108491,17.524199065870697,5.452890776066371,18.3529717134848,0,0,0,0,0,12,12,1,1
1,2017,6,30,6,42914.25,76.17992963420461,100.76253722314247,420,371,985.8359957784701,999.8359957784701,14.0,15.835142150447876,6.2450068002305485,1127.320815291186,3992500,0.08857072702041478,0.6319299498130628,1.514090871317139,8.217903218366745,8.356219508428941,0,0,0,0,0,11,11,1,1
1,2017,6,30,9,42914.375,76.17992963420461,100.76253722314247,420,371,987.1152680461391,1001.1152680461391,14.0,14.527547102289306,4.927313955673089,1311.1339859340594,5400625,1.2792722676690027,9.127287164742189,0.0,0.0,0.0,0,0,0,0,0,8,8,1,1
1,2017,6,30,12,42914.5,76.47983822555588,99.07149757717717,419,369,987.7819118633897,999.7819118633897,12.0,14.439987150256737,6.387541121405155,1137.3353946744905,4063750,0.6666438172505877,4.750285111216019,-14.652911368854436,11.11610460512578,18.3922699299353,0,0,0,0,0,9,9,1,1
1,2017,6,30,15,42914.625,74.79689603811657,110.30844183652194,423,383,987.2862252019906,1001.2862252019906,14.0,12.946629754003586,3.529193218037617,1342.9904663060358,5666250,-0.495686661399086,-3.5587666137223963,109.05981868253023,-62.378211026448724,125.63870924968363,0,0,0,0,0,11,11,1,1
1,2017,6,30,18,42914.75,74.79689603811657,110.30844183652194,423,383,986.8206084555795,1000.8206084555795,14.0,13.064779227960738,4.640346301509562,1270.8362542141329,5073750,-0.46561674641110584,-3.3428806158328195,0.0,0.0,0.0,0,0,0,0,0,10,10,1,2
1,2017,6,30,21,42914.875,74.98829841374378,117.13990592932095,419,390,986.5648287545705,1000.5648287545705,14.0,12.034147955364569,3.4210353940609637,1241.2972217838933,4840625,-0.25577970100901437,-1.8347068896302512,65.54877539828743,7.0943243724872085,65.93156599472817,0,0,0,0,0,10,10,1,2
1,2017,7,1,0,42915.0,73.25739313786731,125.71644719473866,420,403,984.7171519847976,1000.7171519847976,16.0,12.78438443930114,1.8530683785460134,1277.705689415648,5128750,-1.8476767697728065,-13.367758983443416,91.49683312774094,-64.15596172658815,111.74818968318509,0,0,0,0,0,11,11,1,2
1,2017,7,1,3,42915.125,73.20884287670455,128.48019824834302,418,406,983.4824764060438,999.4824764060438,16.0,13.629331072361989,4.652666964393793,1232.4508055631577,4771875,-1.234675578753813,-8.935036713844017,29.590179610016158,-1.7995142428554047,29.644847458930457,0,0,0,0,0,9,9,1,2
1,2017,7,1,6,42915.25,73.29085074537855,131.72951207681643,415,409,983.212912558802,997.212912558802,14.0,13.879315311071055,3.633184402385887,1054.9364623379354,3496250,-0.2695638472418068,-1.9499256150617137,34.6226396974276,3.0396196471603054,34.75581199191428,0,0,0,0,0,11,11,1,2
1,2017,7,1,9,42915.375,72.95018048288159,139.27584111262894,409,417,983.1913170461921,997.1913170461921,14.0,14.559473867810487,4.4741574128520005,1057.1970430637966,3511250,-0.021595512609928848,-0.15649607567277574,81.95605303606484,-12.626934949443577,82.92306142122199,0,0,0,0,0,11,11,1,1
1,2017,7,1,12,42915.5,73.34879463584868,142.12501634890182,405,418,982.2041231321926,998.2041231321926,16.0,16.0567616859433,7.567223427361822,1119.9731671977681,3940625,-0.9871939139995084,-7.138833694763099,30.257580450322713,14.774623832885652,33.67210543032651,0,0,0,0,0,14,14,1,1
1,2017,7,1,15,42915.625,73.57326420167831,144.46232220802563,402,419,980.8101735034913,996.8101735034913,16.0,17.291067340813065,9.996948112772806,988.1374276226854,3067500,-1.3939496287012298,-10.068542877679546,24.49707192209973,8.319958968787315,25.871378973661834,0,0,0,0,0,15,15,1,1
1,2017,7,1,18,42915.75,73.95836998004692,146.4211862749993,399,419,979.9208757945719,997.9208757945719,18.0,18.470972833642897,12.236907768238162,1075.203105410208,3631875,-0.8892977089194756,-6.410866920774559,20.062520978192662,14.273936258698138,24.622144592171455,0,0,0,0,0,16,16,1,1
1,2017,7,1,21,42915.875,74.08236572529657,147.0947570770121,398,419,980.01502852732,998.01502852732,18.0,18.502111538501328,11.810358623598368,1057.3852066397396,3512500,0.09415273274818901,0.6783180529780484,6.846987573597864,4.595899265756858,8.246425219086632,0,0,0,0,0,17,17,1,1
1,2017,7,2,0,42916.0,74.13030712986831,148.89717631501537,396,420,980.3751329435619,988.3751329435619,8.0,18.110349909833776,9.131675984820468,303.16988576632997,288750,0.3601044162418111,2.593733925804811,18.26760528541653,1.7769469881978657,18.353826398401054,0,0,0,0,0,12,12,1,1
1,2017,7,2,3,42916.125,74.2459452108763,149.59657552549416,395,420,980.8410109893837,988.8410109893837,8.0,17.33912464224909,8.3342068706773,302.84160209044046,288125,0.46587804582173703,3.353675153756309,7.038334240031561,4.286122644999723,8.240691488120403,0,0,0,0,0,15,15,1,1
1,2017,7,2,6,42916.25,74.27175485032518,151.4221874983153,393,421,981.4799337395178,989.4799337395178,8.0,17.257678370367092,7.983624892797379,316.0217188583157,313750,0.6389227501342247,4.598772850659795,18.341912831560368,0.9566336550802961,18.36684279539059,0,0,0,0,0,16,16,1,1
1,2017,7,2,9,42916.375,74.57816528746419,151.75574892919897,392,420,982.6558878457648,990.6558878457648,8.0,17.0191532889156,6.3431506148291374,333.7790589062273,350000,1.175954106246936,8.451554578528073,3.287726629487375,11.35709536026682,11.823398894245027,0,0,0,0,0,17,17,1,1
1,2017,7,2,12,42916.5,74.78688726284561,153.24585452757825,390,420,983.239256451686,991.239256451686,8.0,17.46425285750599,6.47891045911143,342.8931527591907,369375,0.5833686059211323,4.188475240903668,14.492716326748212,7.736274913881559,16.428291940148476,0,0,0,0,0,16,16,1,1
1,2017,7,2,15,42916.625,75.08999864885064,153.62786317645504,389,419,984.1081941557219,992.1081941557219,8.0,17.40044795468795,5.944678090718735,360.98214589711955,409375,0.868937704035925,6.229931446007237,3.643161642804364,11.234816110652973,11.810745945781266,0,0,0,0,0,15,15,1,1
1,2017,7,2,18,42916.75,75.39230305512417,154.02560603756868,388,418,985.0341208381988,993.0341208381988,8.0,17.474090723319172,5.825489176609917,372.6428422064198,436250,0.9259266824768565,6.629298315087007,3.7179989828163245,11.204905426637302,11.805652123288628,0,0,0,0,0,15,15,1,1
1,2017,7,2,21,42916.875,75.79682333678662,153.23249108070382,388,416,986.4932096980131,994.4932096980131,8.0,17.1662471915431,4.961439102241347,380.30521234234993,454375,1.4590888598143648,10.427618215589334,-7.212774767896668,14.993534348564218,16.638214811510935,0,0,0,0,0,18,18,1,1
1,2017,7,3,0,42917.0,76.09956739979553,153.64179189369935,387,415,988.090026888129,996.090026888129,8.0,16.54070110885054,5.128707205259052,386.01659999252234,468125,1.5968171901159804,11.396834087488783,3.6445373666813103,11.221201292784077,11.798220673911612,0,0,0,0,0,13,13,1,1
1,2017,7,3,3,42917.125,76.40146204564684,154.06919353734816,386,414,989.4523725660764,997.4523725660764,8.0,15.797075064680255,4.838327328766099,402.6649950950149,509375,1.3623456779473053,9.710831460139996,3.7246336349879106,11.189717666606715,11.793331894475525,0,0,0,0,0,14,14,1,1
1,2017,7,3,6,42917.25,76.60390852438162,153.6495387540514,386,413,990.8752254315551,998.8752254315551,8.0,15.103921838912703,4.528417709937057,413.3916062826175,536875,1.4228528654787806,10.133530097732404,-3.603681620296049,7.503673784121427,8.3241601065195,0,0,0,0,0,13,13,1,1
1,2017,7,3,9,42917.375,77.10796869982491,153.65788847411955,385,411,991.8712861459644,999.8712861459644,8.0,15.110013671566076,4.464454025614905,410.97832467938497,530625,0.99606071440925,7.079366059336249,0.06904997321877895,18.682978077619694,18.683105677258787,0,0,0,0,0,13,13,1,1
1,2017,7,3,12,42917.5,77.20637704189065,154.55825153699743,384,411,992.7699517413677,1002.7699517413677,10.0,14.879880888271709,4.567372519410274,507.18258721320063,808125,0.8986655954032904,6.384642984998322,7.389807683319006,3.647502792404168,8.2409668253814,0,0,0,0,0,11,11,1,1
1,2017,7,3,15,42917.625,77.61175877735488,153.6669142742202,384,409,993.5535390932683,1001.5535390932683,8.0,14.10737690060396,3.9437103236696567,430.5990114968427,582500,0.7835873519006418,5.558269344253042,-7.087605169894202,15.02546411266303,16.613209167564094,0,0,0,0,0,9,9,1,1
1,2017,7,3,18,42917.75,78.00954906729186,155.11258828907546,382,408,994.8767348704647,1002.8767348704647,8.0,13.073249652106806,3.883274912951238,473.2975622183604,703750,1.323195777196379,9.37184187081117,11.131695447028218,14.744087369819912,18.4743810693152,0,0,0,0,0,9,9,1,1
1,2017,7,3,21,42917.875,78.71651640596394,154.70797884297872,381,405,996.1845494497547,1002.1845494497547,6.0,11.881775246271367,2.9458686262590343,394.4286461102029,488750,1.3078145792899887,9.239392464142282,-2.9343275668897446,26.203727121247294,26.36751018421345,0,0,0,0,0,10,10,1,1
1,2017,7,4,0,42918.0,79.42238000483913,154.24952587268174,380,402,997.0750832130914,1003.0750832130914,6.0,10.775399368492975,2.292834798707554,413.15091245942784,536250,0.8905337633367162,6.2764538830673215,-3.1192697945376215,26.162817032663565,26.348108834141122,0,0,0,0,0,11,11,1,1
1,2017,7,4,3,42918.125,80.32801610185905,153.13808215559732,379,398,997.5926694511815,1001.5926694511815,4.0,9.668473436025025,1.5210363875066832,328.37093955580036,338750,0.5175862380900071,3.6376491445333428,-6.921064985118394,33.56737979159827,34.273460966199956,0,0,0,0,0,8,8,1,1
1,2017,7,4,6,42918.25,80.81387977067912,149.995079129176,380,395,998.0270865697672,1002.0270865697672,4.0,8.389250829369457,2.1960661582887404,333.48090872711424,349375,0.43441711858584314,3.0488314483387082,-18.595281230245703,18.008525004568206,25.886124794416148,0,0,0,0,0,8,8,1,1
1,2017,7,4,9,42918.375,81.31506100529177,149.79676224505735,379,393,998.340930056447,1002.340930056447,4.0,8.120710207306775,2.0314798946238444,338.80747144215917,360625,0.3138434866796888,2.1995928394122735,-1.1099488081831774,18.576270206126978,18.609400880410636,0,0,0,0,0,10,10,1,1
1,2017,7,4,12,42918.5,81.31506100529177,149.79676224505735,379,393,,,,8.120710207306775,,0.0,0,0.0,,0.0,0.0,0.0,0,3,0,0,0,10,10,0,0
3,2017,6,28,18,42912.75,45.98594745146183,-55.85356734272418,201,252,1011.7245780882122,1013.7245780882122,2.0,7.948405993441657,4.568539354893219,211.57109383040859,140625,,,,,,3,0,0,0,0,5,5,1,1
3,2017,6,28,21,42912.875,46.982802551060274,-54.99545613398765,206,252,1011.0795584084278,1013.0795584084278,2.0,8.478756237683816,4.037422993202854,219.87113035631398,151875,-0.6450196797843091,-6.112061481786983,21.698424393137373,36.94840989170125,42.84864775777488,0,0,0,0,0,4,4,1,1
3,2017,6,29,0,42913.0,48.64388684143533,-52.65397110251413,216,250,1009.4591590076653,1011.4591590076653,2.0,10.63130321101607,6.264340277901647,132.3141857100307,55000,-1.6203994007625442,-14.956296569879314,57.341199520093205,61.568048606227656,84.13464073484803,0,0,0,0,0,3,3,1,1
3,2017,6,29,3,42913.125,49.62916747623339,-51.21337526527837,222,249,1008.2286499152247,1012.2286499152247,4.0,11.444537543415088,6.393814656171889,213.44344089255833,143125,-1.230509092440625,-11.189885166990223,34.585549600879105,36.51940263689139,50.29738571884486,0,0,0,0,0,4,4,1,1
3,2017,6,29,6,42913.25,50.765029227752784,-49.4892199392748,229,248,1007.6907683605555,1011.6907683605555,4.0,11.41129038497103,6.655415473331232,238.53279052439012,178750,-0.5378815546691476,-4.811195448434435,40.4196267646968,42.10068804618629,58.36278062052636,0,0,0,0,0,4,4,1,1
3,2017,6,29,9,42913.375,51.85764812546129,-47.66863456934427,236,247,1007.8589483841216,1011.8589483841216,4.0,11.196130345732179,4.703455324915922,419.3640567770972,552500,0.16818002356609213,1.481521842464517,41.67570761748663,40.497892727051884,58.11147839067627,0,0,0,0,0,4,4,1,1
3,2017,6,29,12,42913.5,53.07506559762719,-45.0,245,245,1005.980084965926,1009.980084965926,4.0,13.708561319617406,5.723209721121748,206.81608002267828,134375,-1.8788634181955421,-16.283172891846792,59.4202751401159,45.123548837763884,74.61168646694121,0,0,0,0,0,4,4,1,1
3,2017,6,29,15,42913.625,54.214756298709695,-42.678469410167274,253,244,1005.7943026752913,1009.7943026752913,4.0,13.877187765113353,6.968631564168609,207.2964896828013,135000,-0.18578229063481558,-1.58667966662878,50.313889734940176,42.24260796811835,65.69570327051728,0,0,0,0,0,5,5,1,1
3,2017,6,29,18,42913.75,54.954413806577534,-40.25821024548094,260,242,1004.9102966059035,1010.9102966059035,6.0,13.877200296939591,6.246397554595242,867.9860090239124,2366875,-0.8840060693878331,-7.480893961531492,51.50961575257631,27.415387443153833,58.35104098159941,0,0,0,0,0,6,6,1,1
3,2017,6,29,21,42913.875,55.76864970788748,-37.440933018958795,268,240,1004.3147092360114,1008.3147092360114,4.0,14.048703165123362,6.456650784741505,219.87113035631398,151875,-0.5955873698920187,-4.990911472346168,58.73724790320806,30.17963377250831,66.03691835545965,0,0,0,0,0,6,6,1,1
3,2017,6,30,0,42914.0,56.3584528052485,-34.817580224214076,275,238,1002.4236913021949,1012.4236913021949,10.0,15.562467740042337,6.839637726936636,1016.0308802540433,3243125,-1.8910179338164743,-15.736992121294572,53.86420686767161,21.86103738193073,58.1313834077385,0,0,0,0,0,7,7,1,1
3,2017,6,30,3,42914.125,57.14144024809137,-32.86611982936665,281,238,1001.4166655112182,1005.4166655112182,4.0,15.215433280614112,7.630646800534013,190.8053805118479,114375,-1.007025790976768,-8.305685079827933,39.242986600500686,29.021410423508133,48.808342117887825,0,0,0,0,0,8,8,1,1
3,2017,6,30,6,42914.25,57.47950851357834,-30.414831727257017,287,236,1000.4537599037077,1004.4537599037077,4.0,15.15054833769776,7.0166423176555694,181.17866047827877,103125,-0.9629056075104745,-7.911778739197676,48.842148557472235,12.53049199389214,50.42389022397203,0,0,0,0,0,6,6,1,1
3,2017,6,30,9,42914.375,57.94287383086149,-29.015198479765424,291,236,1001.0032034806268,1005.0032034806268,4.0,14.231302995084619,9.15041604572958,181.72685737548065,103750,0.5494435769191477,4.491527987558152,27.53417768761355,17.174624154977433,32.4514815655281,0,0,0,0,0,4,4,1,1
3,2017,6,30,12,42914.5,58.1784602915582,-27.38742215707617,295,235,1001.3449553406671,1005.3449553406671,4.0,13.159182821335403,7.799185097004592,194.93137937025432,119375,0.34175186004024,2.7865618262550105,31.81158433842075,8.732006405207557,32.988252969519955,0,0,0,0,0,5,5,1,1
3,2017,6,30,15,42914.625,58.38713230058597,-25.737400858718004,299,234,1002.0863581750041,1006.0863581750041,4.0,12.71642064751089,5.497209751039845,222.56903656473068,155625,0.7414028343370592,6.031627308581214,32.05682387517837,7.734422912205038,32.97667743647089,0,0,0,0,0,5,5,1,1
3,2017,6,30,18,42914.75,58.87604204344288,-23.856503561772673,304,234,1001.8295572054787,1005.8295572054787,4.0,12.485190973861283,6.478032590295479,218.50968611841583,150000,-0.2568009695253568,-2.0783449317021727,36.03410624066601,18.121427664261397,40.334141284458546,0,0,0,0,0,4,4,1,1
3,2017,6,30,21,42914.875,59.19840037469201,-21.370622269343183,310,233,1001.5233670245775,1005.5233670245775,4.0,12.698905300581773,5.650802812180919,223.90579955406923,157500,-0.3061901809013216,-2.4697114670640667,47.178662957754256,11.948203665502945,48.66811902378919,0,0,0,0,0,5,5,1,1
3,2017,7,1,0,42915.0,59.75468059903698,-18.570720558155628,317,233,999.3211526530696,1005.3211526530696,6.0,14.376266283085142,7.620471201415785,273.1371076480198,234375,-2.202214371507871,-17.661536061461298,52.269595697585515,20.61851291328626,56.18926685003465,0,0,0,0,0,3,3,1,1
3,2017,7,1,3,42915.125,60.39303767501825,-16.216367089082524,323,234,997.4415734843334,1003.4415734843334,6.0,15.316175219808738,8.254504563531663,240.60883306661233,181875,-1.8795791687362362,-14.977667040965272,43.11029649844781,23.660689412257295,49.17647697474257,0,0,0,0,0,2,2,1,1
3,2017,7,1,6,42915.25,61.08759092050279,-14.743562836470735,327,236,995.9791720068617,1003.9791720068617,8.0,16.012999517628376,10.940424721216841,298.20768677650904,279375,-1.4624014774715761,-11.574456818797884,26.39191440260985,25.743599060798037,36.868225322597326,0,0,0,0,0,3,3,1,1
3,2017,7,1,9,42915.375,61.0313991705471,-13.33026485333698,330,235,995.9252087355028,1003.9252087355028,8.0,16.38193026907354,7.339277744091014,333.48090872711424,349375,-0.053963271358952625,-0.4273343348773488,25.37059279044889,-2.082745838117683,25.45593857560498,0,0,0,0,0,3,3,1,1
3,2017,7,1,12,42915.5,61.004245099587784,-11.485416701758608,334,234,996.4176917744969,1004.4176917744969,8.0,15.562082011975832,3.9306976646359546,374.2410318509555,440000,0.4924830389941053,3.9009896981854912,33.1453924260354,-1.0064649761405922,33.160669637751326,0,0,0,0,0,3,3,1,1
3,2017,7,1,15,42915.625,60.98434677002106,-9.205062579194294,339,233,997.1934353643436,1003.1934353643436,6.0,14.053069112847195,3.44563260764211,245.92453796829673,190000,0.7757435898466792,6.1458979566377865,40.994849976175416,-0.737531098840415,41.00148383523316,0,0,0,0,0,2,2,1,1
3,2017,7,1,18,42915.75,61.17479367778832,-6.538962082961391,345,233,997.2356286452981,1003.2356286452981,6.0,13.091411860495946,2.9431433940776333,265.0039974024898,220625,0.042193280954525104,0.3336667145307199,47.6411845004714,7.058909979621178,48.16129847406891,0,0,0,0,0,3,3,1,1
3,2017,7,1,21,42915.875,61.74571733461751,-4.363511391661926,350,235,997.3663592815975,1003.3663592815975,6.0,12.41914015720658,4.743275166243256,284.2026277484726,253750,0.13073063629941317,1.028237394270268,38.16872736840284,21.161271380254814,43.642309234872705,0,0,0,0,0,3,3,1,1
3,2017,7,2,0,42916.0,61.80134683523267,-2.5294942048377527,354,235,997.545276255036,1001.545276255036,4.0,11.857861098014343,5.314467889499501,201.4559765517849,127500,0.17891697343846316,1.4065047937242294,32.12048898365986,2.0619060800587996,32.18660077163163,0,0,0,0,0,2,2,1,1
3,2017,7,2,3,42916.125,61.82362668943269,-1.150363061329657,357,235,997.184484832222,1001.184484832222,4.0,11.486373371847757,4.88769908631526,213.90896694369758,143750,-0.36079142281407256,-2.835667943575645,24.136564014040474,0.8258022511409437,24.150686776194647,0,0,0,0,0,2,2,1,1
3,2017,7,2,6,42916.25,61.82734156156318,0.6902771978650786,361,235,997.4080370936878,999.4080370936878,2.0,10.866504736988858,3.7189881515919114,150.59740831300877,71250,0.22355226146581117,1.7569651800259407,32.209194188238605,0.13769164468119444,32.20948849709785,0,0,0,0,0,3,3,1,1
3,2017,7,2,9,42916.375,61.80134683523267,2.5294942048377527,365,235,998.3476389554781,1000.3476389554781,2.0,10.051891466826545,3.622529707105205,157.06373285785546,77500,0.9396018617904338,7.386412241401973,32.21155118440146,-0.9634938958221381,32.22595770791927,0,0,0,0,0,5,5,1,1
3,2017,7,2,12,42916.5,62.22368928730926,3.9692634567195,368,237,,,,9.277654973567426,,0.0,0,0.42375264366753984,,24.868696890642887,15.654112659180115,29.385427139740106,0,2,2,0,0,5,4,0,0
5,2017,6,29,12,42913.5,52.0401602981288,15.164460899738444,403,199,989.3915583197506,995.3915583197506,6.0,15.11949726203385,9.019391405555433,350.63826593583474,386250,-0.5658158834226197,-4.971940812039206,-2.7306702807012093,55.742281762423424,55.8091259227674,2,0,0,2,0,2,2,1,1
5,2017,6,29,15,42913.625,52.825689377038195,16.210987582536536,405,203,989.1309285857299,997.1309285857299,8.0,15.547950006993572,4.176916948174548,432.6730888463505,588125,-0.2606297340207675,-2.266181831739728,23.43802652836623,29.115616102166303,37.37726833990313,0,0,0,0,0,4,4,1,1
5,2017,6,29,18,42913.75,53.346479563776796,16.06777029731151,404,205,988.9299892874079,996.9299892874079,8.0,16.331091763081837,3.7120974102376936,402.17062413500395,508125,-0.2009392983219004,-1.7352827908062631,-3.168946349905332,19.303075537201426,19.561465849048286,0,0,0,0,0,5,5,1,1
5,2017,6,29,21,42913.875,53.702640300896384,15.47597138489838,402,206,989.1676572024667,999.1676572024667,10.0,17.064182968293903,4.368894613633456,492.65737405943736,762500,0.2376679150587006,2.0430550931526206,-12.98496416404356,13.201089012561484,18.516966421610938,0,0,0,0,0,5,5,1,1
5,2017,6,30,0,42914.0,53.59592410021805,17.300527191945005,407,207,988.7177026026504,998.7177026026504,10.0,18.63668328737142,6.818145564170118,470.1344778027556,694375,-0.44995459981626484,-3.8732320174721138,40.13398165991725,-3.9554333687376104,40.3284259178696,0,0,0,0,0,6,6,1,1
5,2017,6,30,3,42914.125,54.12622046707837,18.31989721146809,409,210,988.0129364406733,998.0129364406733,10.0,19.89904405849883,7.6645021136409195,460.9466878367608,667500,-0.7047661619770225,-6.025797296313973,22.14066241800819,19.655421870969587,29.606494916385998,0,0,0,0,0,7,7,1,1
5,2017,6,30,6,42914.25,54.573828980522826,18.551403498967414,409,212,988.0324401498468,1000.0324401498468,12.0,20.433415351489977,7.06080347630108,551.1687560327193,954375,0.019503709173441165,0.16582620918591348,4.9738734180786714,16.590598605978883,17.320143731614298,0,0,0,0,0,5,5,1,1
5,2017,6,30,9,42914.375,55.020234551038584,18.788621982168472,409,214,988.4584191228294,1002.4584191228294,14.0,19.886295704616977,7.766792070477167,681.2749832422586,1458125,0.42597897298255705,3.6019435917513953,5.040622931282724,16.5460115557406,17.29677362799417,0,0,0,0,0,3,3,1,1
5,2017,6,30,12,42914.5,55.38804808362245,19.387805326222974,410,216,989.9705318853881,1001.9705318853881,12.0,17.953795451501307,7.914379468906772,621.4094307915765,1213125,1.5121127625588269,12.729036085745983,12.614854633007281,13.632999591513089,18.573993519814238,0,0,0,0,0,4,4,1,1
5,2017,6,30,15,42914.625,55.530539608143,19.870033520515676,411,217,991.2771145681941,1003.2771145681941,12.0,16.137035814017388,7.513786294193124,700.2829202557367,1540625,1.3065826828058926,10.98006209435978,10.11594513473375,5.281444872177804,11.41166096178802,0,0,0,0,0,4,4,1,1
5,2017,6,30,18,42914.75,55.97210430473147,20.13031202604127,411,219,992.5178323153382,1008.5178323153382,16.0,15.032806182012632,4.996996572735079,1133.9193077567952,4039375,1.240717747144081,10.371990167561695,5.398545099130353,16.366584681994162,17.23396017577592,0,0,0,0,0,3,3,1,1
5,2017,6,30,21,42914.875,56.24609301396114,21.12062863565514,413,221,993.5384896040374,1009.5384896040374,16.0,14.378476355115325,4.112323231596529,1164.2178851513809,4258125,1.0206572886992944,8.504993136604,20.394700424720302,10.155384808076832,22.78323168503986,0,0,0,0,0,4,4,1,1
5,2017,7,1,0,42915.0,56.24609301396114,21.12062863565514,413,221,993.7036624783454,1009.7036624783454,16.0,14.21780094026358,4.849319166558998,1210.1340504771783,4600625,0.16517287430804573,1.3763622499902255,0.0,0.0,0.0,0,0,0,0,0,2,2,1,2
5,2017,7,1,3,42915.125,56.42031149238492,22.48561317196464,416,223,994.1762310793645,1010.1762310793645,16.0,13.612686845347723,4.66260890040423,1301.6160606005237,5322500,0.4725686010190111,3.9298800358145884,27.982404373276793,6.457403642819688,28.717817053457967,0,0,0,0,0,1,1,1,2
5,2017,7,1,6,42915.25,56.66875119053097,23.506353602982166,418,225,994.6915952630941,1006.6915952630941,12.0,13.015363754152963,4.923322953153184,918.8672227816731,2652500,0.5153641837295436,4.2735062314350545,20.788626385425367,9.208411336981792,22.736794548569474,0,0,0,0,0,2,2,1,2
5,2017,7,1,9,42915.375,56.976772219102,23.302105811160928,417,226,995.5944125432802,1007.5944125432802,12.0,11.591781558797365,4.507458134235639,1127.1443267084542,3991250,0.9028172801861365,7.460079697517745,-4.125728875101317,11.416791892312633,12.139389435355481,0,0,0,0,0,2,2,1,2
5,2017,7,1,12,42915.5,56.976772219102,23.302105811160928,417,226,995.5500853731963,1005.5500853731963,10.0,11.374672994111327,9.455416539283615,987.7346815584225,3065000,-0.04432717008385225,-0.3662803413806878,0.0,0.0,0.0,0,0,0,0,0,2,2,1,2
5,2017,7,1,15,42915.625,57.19163057348859,23.45902408146156,417,227,995.7885327475909,1001.7885327475909,6.0,10.877939097806536,7.706679568679902,384.20854977177817,463750,0.23844737439460004,1.9655401636467673,3.151381453614871,7.963719651662335,8.564580302411827,0,0,0,2,0,1,1,1,1
5,2017,7,1,18,42915.75,57.19163057348859,23.45902408146156,417,227,995.2881394127553,1001.2881394127553,6.0,11.766224938748966,7.749327157939407,380.04356441846903,453750,-0.5003933348356804,-4.124780990932766,0.0,0.0,0.0,0,0,0,0,0,2,2,1,1
5,2017,7,1,21,42915.875,57.19163057348859,23.45902408146156,417,227,995.736599570055,999.736599570055,4.0,11.720762637201812,6.863630633868016,252.7071841393177,200625,0.44846015729970534,3.696691788726526,0.0,0.0,0.0,0,0,0,0,0,2,2,1,1
5,2017,7,2,0,42916.0,56.88345887559139,23.663140708194348,418,226,995.4755174179538,999.4755174179538,4.0,11.944895902652194,5.31932368723923,263.12050517771223,217500,-0.26108215210115304,-2.1596399049590635,4.133404867583874,-11.422376447202751,12.147251520446023,0,0,0,0,0,1,1,1,1
5,2017,7,2,3,42916.125,56.57459971962384,23.86360094796086,419,225,995.4961983378929,999.4961983378929,4.0,11.811423873466813,4.677435098972346,295.86351363515985,275000,0.020680919939040907,0.17167622065109928,4.092849594698575,-11.447857063770643,12.157501764645058,0,0,0,0,0,1,1,1,1
5,2017,7,2,6,42916.25,56.38223281753771,24.572204772183998,421,225,996.1215635723622,998.1215635723622,2.0,11.058752410391577,3.753039994194114,188.18069730433754,111250,0.6253652344693547,5.202833429218084,14.541206571434467,-7.130074522102776,16.19520457554853,0,0,0,0,0,1,1,1,1
5,2017,7,2,9,42916.375,56.18451319581727,25.27288429082806,423,225,997.4835431874537,999.4835431874537,2.0,9.78329218858966,3.1127392624731147,234.32553289538015,172500,1.36197961509155,11.357347823574173,14.453140036867925,-7.328472944464565,16.204930503493795,0,0,0,0,0,2,2,1,1
5,2017,7,2,12,42916.5,56.19240256586544,26.13426396006936,425,226,998.2635002975948,1000.2635002975948,2.0,8.510658509108982,3.6225750802484256,255.05799926450496,204375,0.7799571101409675,6.50334794006913,17.764261565636854,0.29241930792608395,17.76666817453432,0,0,0,0,0,2,2,1,1
5,2017,7,2,15,42916.625,56.19240256586544,26.13426396006936,425,226,,,,8.510658509108982,,0.0,0,0.0,,0.0,0.0,0.0,0,3,0,0,0,2,2,0,0
7,2017,6,29,18,42913.75,29.985273868705324,-4.605237759990833,339,105,1002.5442909817816,1004.5442909817816,2.0,8.101412561089766,3.5514941490213823,597.0821321441847,1120000,,,,,,3,0,0,0,0,0,0,1,1
7,2017,6,29,21,42913.875,31.020541341118243,-4.6784506060384565,339,109,1003.2842070344718,1005.2842070344718,2.0,8.867045609557467,6.979752900003949,502.8492973419061,794375,0.739916052690096,9.947288363371827,-2.325535656014094,38.37216355081743,38.44256822401535,0,0,0,0,0,0,0,1,1
7,2017,6,30,0,42914.0,31.020541341118243,-4.6784506060384565,339,109,1004.4131898739182,1008.4131898739182,4.0,8.2203529724238,6.559252989092639,835.2816781057132,2191875,1.1289828394463983,15.177827025703568,0.0,0.0,0.0,0,0,0,0,0,0,0,1,1
7,2017,6,30,3,42914.125,30.998904921379214,-4.905579747636072,338,109,1003.9064826699607,1008.3398722581433,4.433389588182617,8.304160309366937,18.42145193122269,842.8688374987224,2231875,-0.506707203957485,-6.816354615190703,-7.216175462850475,-0.8019533685773396,7.260600355068292,0,0,0,0,0,2,0,2,0
7,2017,6,30,6,42914.25,29.800870951507864,3.6949879088400106,376,104,1003.1535338674881,1009.1535338674881,6.0,8.011469135395933,5.138450336111927,807.5502333100035,2048750,0.8136616093448538,11.342774092353588,67.18799114187897,112.69017328332741,131.1994714482782,0,0,0,0,2,1,1,1,2
7,2017,6,30,9,42914.375,29.765251401315805,4.141390709874621,378,104,1003.5495336012303,1009.5495336012303,6.0,7.956673261134882,3.2803490583402892,778.5765148662374,1904375,0.3959997337422101,5.526397333085523,14.362943542986065,-1.3202377569060297,14.423493853909507,0,0,0,0,0,0,0,1,2
7,2017,6,30,12,42914.5,31.49155965253298,5.173639438577102,382,111,1002.6305420243043,1006.6305420243043,4.0,8.249235400300721,4.249898432010595,546.820216647024,939375,-0.9189915769260552,-12.188533786775942,32.625070362383354,63.985573119996744,71.82303797281841,0,0,0,2,0,1,1,1,1
7,2017,6,30,15,42914.625,31.699917831693025,5.653285915648413,384,112,1001.1059169798577,1005.1059169798577,4.0,8.793555248324255,5.305051470752224,539.6791137872286,915000,-1.524625044446584,-20.101820266951375,15.12579337664217,7.722790815831595,16.983260089216234,0,0,0,0,0,1,1,1,1
7,2017,6,30,18,42914.75,31.6190081324531,6.34019174590991,387,112,1000.8749958466182,1002.8749958466182,2.0,8.891809517999135,5.725434332737568,261.98391020896656,215625,-0.23092113323960803,-3.051620915938805,21.680630892778627,-2.9989160239388495,21.887056751138196,0,0,0,0,0,1,1,1,1
7,2017,6,30,21,42914.875,29.266855420109472,6.340191745909909,388,103,1002.8519046293076,1004.8519046293076,2.0,7.872990142596048,2.6968629741606858,269.1012803886529,227500,1.9769087826894247,28.01604653639738,-2.5709786283393777e-14,-87.18248276861648,87.18248276861648,0,0,0,0,0,0,0,1,1
7,2017,7,1,0,42915.0,29.266855420109472,6.340191745909909,388,103,,,,7.872990142596048,,0.0,0,0.0,,0.0,0.0,0.0,0,3,0,0,0,0,0,0,0
9,2017,6,24,18,42908.75,53.123355506245396,176.98721249581666,368,521,996.2545113494311,1008.2545113494311,12.0,15.099330540584376,2.191038144309205,862.8135640521309,2338750,,,,,,3,0,0,0,0,17,17,1,1
9,2017,6,24,21,42908.875,54.06779954692434,176.91084362466347,368,517,996.1422544076145,1008.1422544076145,12.0,14.676718948134498,2.814394358790305,842.5147157111579,2230000,-0.11225694181659492,-0.9605130425613427,-1.6610799400801854,35.00579527439533,35.04518354011312,0,0,0,0,0,19,19,1,1
9,2017,6,25,0,42909.0,54.55110599367253,177.23867784056867,367,515,994.8662862050475,1006.8662862050475,12.0,15.3281281506704,3.4353415045561997,788.6050596664854,1953750,-1.275968202567019,-10.851715135632487,7.047385769891453,17.91374163100255,19.250137282938596,0,0,0,0,0,14,14,1,1
9,2017,6,25,3,42909.125,55.00951225118056,176.83050648105433,368,513,994.4616605681083,1006.4616605681083,12.0,14.546138084905559,3.635574495160618,787.9741250429843,1950625,-0.4046256369391631,-3.421834637556339,-8.675488549712835,16.990816725670665,19.077524854695607,0,0,0,0,0,14,14,1,2
9,2017,6,25,6,42909.25,55.4793697817304,176.7887519818884,368,511,994.0371483188823,1006.0371483188823,12.0,14.498765627959486,4.169976074793667,769.8397361389221,1861875,-0.4245122492260998,-3.5696418483487906,-0.8770461682434032,17.41525788096113,17.437328265580398,0,0,0,0,0,11,11,1,1
9,2017,6,25,9,42909.375,55.714053206989995,176.76745988625413,368,510,994.4482276153977,1008.4482276153977,14.0,14.392849704172248,4.464914522732579,1009.7456878751473,3203125,0.41107929651552694,3.447004520120406,-0.4445697665486529,8.698535418811367,8.709888673780222,0,0,0,0,0,12,12,1,1
9,2017,6,25,12,42909.5,55.714053206989995,176.76745988625413,368,510,993.6497585982767,1009.6497585982767,16.0,15.259081903656076,4.184600361597623,1060.2974720640316,3531875,-0.7984690171210969,-6.695365917287348,0.0,0.0,0.0,0,0,0,0,0,13,13,1,1
9,2017,6,25,15,42909.625,55.714053206989995,176.76745988625413,368,510,993.7106120319758,1009.7106120319758,16.0,15.002713026956634,4.047859162689129,1064.6042168304425,3560625,0.06085343369908514,0.5102715286408762,0.0,0.0,0.0,0,0,0,0,0,10,10,1,1
9,2017,6,25,18,42909.75,55.72652573333001,177.14708868921363,367,510,993.5221402801425,1011.5221402801425,18.0,15.367937241798627,3.1497755089090784,1156.0725040472987,4198750,-0.18847175183327636,-1.5801491203933826,7.923944685231024,0.46229388381659076,7.937418661606253,0,0,0,0,0,11,11,1,1
9,2017,6,25,21,42909.875,55.73744243512341,177.52696835191236,366,510,993.7583558935659,1011.7583558935659,18.0,15.317652017670525,2.4794864349281123,1180.2557516961372,4376250,0.2362156134234101,1.9801770741847518,7.926963785931069,0.40462728503943807,7.937284050811147,0,0,0,0,0,15,15,1,1
9,2017,6,26,0,42910.0,56.93330444320718,178.62201675369508,363,505,993.1288992077775,1009.1288992077775,16.0,15.653551735155855,1.9505032386606762,1058.701415284155,3521250,-0.6294566857883183,-5.203838256542793,22.145150394456717,44.324596088630024,49.54873867631044,0,0,0,0,0,14,14,1,1
9,2017,6,26,3,42910.125,56.230293960819324,178.649844388534,363,508,992.9237291638093,1006.9237291638093,14.0,15.423114790443588,1.1068684381854836,924.2641164979565,2683750,-0.2051700439682463,-1.7099681882324331,0.5733270636843638,-26.057066339824626,26.06337296207025,0,0,0,0,0,13,13,1,1
9,2017,6,26,6,42910.25,57.17543275833892,179.4052554847815,361,504,992.4826900101235,1006.4826900101235,14.0,15.115415047698132,1.5658473390904692,957.6692328602014,2881250,-0.4410391536858515,-3.636182719402003,15.177459753388458,35.03154641970585,38.178063454315385,0,0,0,0,0,13,13,1,1
9,2017,6,26,9,42910.375,58.34028349532275,-178.97330381994212,357,499,993.1204971817596,1005.1204971817596,12.0,13.936391511316591,1.6812136813107645,876.4254355604132,2413125,0.6378071716360865,5.191447053141533,-31.543421223932,43.17516408359251,53.47038634754326,0,0,0,0,0,12,12,1,1
9,2017,6,26,12,42910.5,58.1119416333865,179.7961012895332,360,500,992.6537520504936,1004.6537520504936,12.0,13.786803830491543,1.4383926039096695,897.6201309032236,2531250,-0.466745131265925,-3.808472988681822,24.094708070301117,-8.463485529294449,25.53792364891105,0,0,0,0,0,15,15,1,1
9,2017,6,26,15,42910.625,58.34530005983249,179.79463966250512,360,499,992.5283970519719,1004.5283970519719,12.0,13.126460066415715,1.5060770379607857,928.1304485280522,2706250,-0.12535499852179782,-1.0202749913313935,-0.028431064544103577,8.649424370183917,8.6494710971806,0,0,0,0,0,13,13,1,1
9,2017,6,26,18,42910.75,58.34362779309599,179.38394009160078,361,499,992.0258789620245,1004.0258789620245,12.0,13.091953015718792,1.8407010313073988,932.9408314752884,2734375,-0.5025180899472617,-4.0901110606069055,-7.98915212012618,-0.061982525698471694,7.98939255713528,0,0,0,0,0,14,14,1,1
9,2017,6,26,21,42910.875,57.87348711016264,178.98781238601754,362,501,992.0672402706219,1004.0672402706219,12.0,12.565647748855696,2.0688948219429584,1072.1457813568145,3611250,0.0413613085974066,0.3383725298318819,-7.807983826881249,-17.425752917132108,19.095064183442204,0,0,0,0,0,15,15,1,1
9,2017,6,27,0,42911.0,57.639870474301816,178.99491399474581,362,502,991.0318410776702,1003.0318410776702,12.0,12.725805547727122,2.42838217234661,1024.1245407544877,3295000,-1.0353991929518815,-8.492306197296365,0.1408861521573113,-8.658994895831064,8.660140963858389,0,0,0,0,0,18,18,1,1
9,2017,6,27,3,42911.125,57.40610653809334,179.0019166565923,362,503,991.0391254600613,1003.0391254600613,12.0,11.853329121446388,2.2049883740310907,1096.0027066508915,3773750,0.007284382391226245,0.05990159494415501,0.13981653200056524,-8.664454579614937,8.665582601581438,0,0,0,0,0,15,15,1,1
9,2017,6,27,6,42911.25,56.474321093221334,179.80577776253017,360,507,990.3833442666676,1002.3833442666676,12.0,12.250094617781215,2.2053745028024423,1075.942966571497,3636875,-0.6557811933937774,-5.450067491819857,16.456053320871135,-34.53660473033668,38.256747864904405,0,0,0,0,0,12,12,1,1
9,2017,6,27,9,42911.375,56.474321093221334,179.80577776253017,360,507,991.1811121887833,1003.1811121887833,12.0,11.631742126305351,1.9088382084008482,1132.0756066833553,4026250,0.797767922115745,6.630091045823751,0.0,0.0,0.0,0,0,0,0,0,12,12,1,1
9,2017,6,27,12,42911.5,56.70391828561985,179.02235121497014,362,506,990.7853603366416,1002.7853603366416,12.0,11.57875365365304,2.8725588609322585,1085.2403323135504,3700000,-0.39575185214169323,-3.2803325624005537,-15.940605562512546,8.510014322182977,18.069954329310445,0,0,0,0,0,14,14,1,1
9,2017,6,27,15,42911.625,55.50262062105958,-177.54327192660847,353,511,990.9642826066763,1002.9642826066763,12.0,11.372581881017048,1.7077788180623614,1145.6140054449152,4123125,0.1789222700346727,1.5041032568833739,-72.0886053098564,-44.52606856301962,84.73097306887831,0,0,0,0,0,15,15,1,1
9,2017,6,27,18,42911.75,55.465425803774046,-176.41189332611077,350,511,991.1545439215184,1003.1545439215184,12.0,11.572771690592177,1.235202395469314,1141.0028196686037,4090000,0.19026131484220968,1.600138696487475,23.77256159802155,-1.3786249932076795,23.81250284627019,0,0,0,0,0,13,13,1,1
9,2017,6,27,21,42911.875,55.64863709868121,-175.252111891366,347,510,991.6934583291268,1003.6934583291268,12.0,11.301457032336792,0.7631453411003167,1165.4987942032915,4267500,0.5389144076082448,4.522457791120432,24.255989243678126,6.790722165886017,25.188626832832405,0,0,0,0,0,18,18,1,1
9,2017,6,28,0,42912.0,56.72471417188369,-173.5301800148268,343,505,991.9861747246597,1001.9861747246597,10.0,11.050456096775697,0.5991307043193956,1048.9792599482562,3456875,0.29271639553291606,2.425707775890431,35.01654853886459,39.88477040621335,53.0749807529971,0,0,0,0,0,16,16,1,1
9,2017,6,28,3,42912.125,56.95744699879191,-173.48578971700033,343,504,991.9994374584936,1001.9994374584936,10.0,11.296511954126585,0.8977431476036145,1063.0146264057032,3550000,0.013262733833980746,0.10961548371116908,0.8971329500232722,8.626236538613409,8.672762209937876,0,0,0,0,0,19,19,1,1
9,2017,6,28,6,42912.25,57.262984859360316,-174.62562262767565,346,503,991.9693987242505,997.9693987242505,6.0,11.135046615854304,0.9221043957232906,612.2171926542193,1177500,-0.030038734243134968,-0.24741316970348862,-22.846704236714256,11.324753331013502,25.499449650692437,0,0,0,0,0,16,16,1,1
9,2017,6,28,9,42912.375,58.447457409367395,-174.84287302678214,347,498,992.3806163715115,998.3806163715115,6.0,11.222141829275065,1.951532067727603,607.159482291599,1158125,0.4112176472609281,3.3432656406279566,-4.2136499774470035,43.90244610351008,44.104190503897094,0,0,0,0,0,17,17,1,1
9,2017,6,28,12,42912.5,58.718511713076445,-175.63316103744347,349,497,992.192962737612,1000.192962737612,8.0,11.223282757417994,2.4170938455782016,810.6238161383262,2064375,-0.18765363389946288,-1.5212520369184803,-15.20958140992402,10.046621139206408,18.22816400463457,0,0,0,0,0,18,18,1,1
9,2017,6,28,15,42912.625,58.73541646255185,-176.04766341788422,350,497,992.002061674311,1000.002061674311,8.0,11.408596212479583,2.697121657267053,801.9881007659168,2020625,-0.19090106330098933,-1.5473006786133805,-7.97351379645997,0.6265741259540849,7.998094610446453,0,0,0,0,0,22,22,1,1
9,2017,6,28,18,42912.75,58.75063771268967,-176.46258057001248,351,497,992.4786964089064,1000.4786964089064,8.0,11.061585839032112,2.6785608408580446,823.286775001645,2129375,0.47663473459542727,3.862620368757983,-7.97799992129794,0.5641752641712069,7.997923260005224,0,0,0,0,0,24,24,1,1
9,2017,6,28,21,42912.875,58.99678811080977,-176.85504253530198,352,496,992.6325952933539,1000.6325952933539,8.0,10.833488454503543,2.440681855356597,823.7699245590777,2131875,0.15389888444755342,1.2439563020028663,-7.492737537549004,9.12355848749765,11.805949147840098,0,0,0,0,0,21,21,1,1
9,2017,6,29,0,42913.0,59.00871541949551,-177.27368900609375,353,496,993.3307269947796,999.3307269947796,6.0,9.829471083487574,2.3247886234804174,657.4987560241926,1358125,0.6981317014257366,5.642254814098157,-7.989871862057625,0.4420854047927345,8.0020929685446,0,0,0,0,0,19,19,1,1
9,2017,6,29,3,42913.125,59.01894209449229,-177.6926270030378,354,496,993.7760073364024,999.7760073364024,6.0,8.924228854843777,2.497808444707043,812.9519673320775,2076250,0.4452803416227107,3.5983409172041543,-7.993059583743006,0.37905145869496965,8.002042334154744,0,0,0,0,0,21,21,1,1
9,2017,6,29,6,42913.25,59.02746663000166,-178.1118119932591,355,496,994.265318346104,998.265318346104,4.0,8.299515115994641,2.3937555270018493,456.61031027604156,655000,0.48931100970163244,3.9538026107757425,-7.995790105330799,0.31596170021448505,8.002030442613195,0,0,0,0,0,15,15,1,1
9,2017,6,29,9,42913.375,59.2601447379132,-178.09788722534307,355,495,994.7165444585536,1000.7165444585536,6.0,8.067642693898888,2.441623232753336,866.3801130896019,2358125,0.4512261124495126,3.6372279076787737,0.26381065153943134,8.624208380339502,8.62824236141891,0,0,0,0,0,20,20,1,1
9,2017,6,29,12,42913.5,59.49959721168277,-178.50936816473768,356,494,995.0124166197496,1001.0124166197496,6.0,7.677173399769732,2.1353593976385308,867.1834327921662,2362500,0.2958721611960209,2.3790640400489997,-7.740817086594088,8.875300085221706,11.776722836631734,0,0,0,0,0,19,19,1,1
9,2017,6,29,15,42913.625,59.7320443647199,-178.49820747764068,356,493,995.3862819989607,1001.3862819989607,6.0,7.705210203534606,1.8928829377232614,861.7753496141304,2333125,0.3738653792112018,2.999053541643219,0.20850845605052284,8.615648043566585,8.618170744819187,0,0,0,0,0,18,18,1,2
9,2017,6,29,18,42913.75,63.275040536513664,165.5524092851597,389,474,995.1470399620825,1001.1470399620825,6.0,8.489447946505654,5.910941758396438,749.1462594699354,1763125,-0.30335746857672347,-2.3530896573143214,-11.856560545137024,-20.722654218400063,23.874807346152007,0,0,0,0,2,15,15,1,1
9,2017,6,29,21,42913.875,62.65008278317569,164.41249471675266,392,476,995.2964032796957,1001.2964032796957,6.0,8.689356676397347,5.341970385712848,693.1442739132013,1509375,0.1493633176131698,1.165052073266416,-19.410808950972243,-23.164043846121295,30.221721185865206,0,0,0,0,0,15,15,1,1
9,2017,6,30,0,42914.0,61.360900229653204,167.4466334498694,387,483,995.2025729694112,1003.2025729694112,8.0,9.795926469383522,3.661886412555541,846.7544027809885,2252500,-0.09383031028439291,-0.7406949682737387,53.8963362409618,-47.78351982345917,72.02832655919286,0,0,0,0,0,14,14,1,1
9,2017,6,30,3,42914.125,61.30970287712783,167.0053832080835,388,483,995.0085902508902,1003.0085902508902,8.0,9.777002688020564,3.5490173011966544,767.899123684532,1852500,-0.19398271852114704,-1.5320446913064407,-7.851576966537431,-1.8976286194849143,8.07763921198201,0,0,0,0,0,15,15,1,1
9,2017,6,30,6,42914.25,62.49968115963797,169.3369278747316,382,479,995.2269800016832,1001.2269800016832,6.0,9.160522521376821,10.598126581914912,636.1221917298153,1271250,0.21838975079299416,1.7057885917875664,39.90195027307861,44.10651594411102,59.47730982755825,0,0,0,1,0,15,15,1,3
9,2017,6,30,9,42914.375,58.435719490958306,166.91277157616335,391,495,995.6651846887211,1001.6651846887211,6.0,10.651411486459448,4.025256533431603,619.9670858738609,1207500,0.05178186074626865,0.4210478367424528,9.644356298622727,-6.416292318634341,11.58371337408475,0,0,0,0,2,13,13,1,2
9,2017,6,30,12,42914.5,58.20843401342245,167.0053832080835,391,496,997.1777141727866,1003.1777141727866,6.0,9.850430692868647,3.720874833175622,650.5022712839493,1329375,1.5125294840655987,12.328798129476468,1.8084240860578908,-8.42433066732447,8.616248886113834,0,0,0,0,0,13,13,1,2
9,2017,6,30,15,42914.625,58.20843401342245,167.0053832080835,391,496,997.2012521062018,1003.2012521062018,6.0,9.687526907450682,4.201070059998456,655.0736716671819,1348125,0.02353793341506389,0.19186034554470577,0.0,0.0,0.0,0,0,0,0,0,14,14,1,2
9,2017,6,30,18,42914.75,57.80423293426005,167.58074431702502,390,498,997.9231608672159,1003.9231608672159,6.0,9.649569748054702,2.9424014439766326,675.1147815589695,1431875,0.7219087610142014,5.910350194461359,11.362616399827525,-14.981703115704343,18.80320397423627,0,0,0,0,0,15,15,1,1
9,2017,6,30,21,42914.875,57.194870982206936,170.63550771314632,383,502,999.2805859413068,1003.2805859413068,4.0,9.748876378609044,1.402622258509291,563.1307344752207,996250,1.357425074090861,11.188952029522603,61.33815246736367,-22.585985852844242,65.3643305255583,0,0,0,0,0,17,17,1,1
9,2017,7,1,0,42915.0,56.98321617015572,173.87749633851263,375,504,1000.4638110115571,1002.4638110115571,2.0,9.403199379599382,1.903691130235384,324.40901053995987,330625,1.183225070250337,9.776405866766142,65.46950649676806,-7.844980433333929,65.93784951702435,0,0,0,1,0,17,17,1,2
9,2017,7,1,3,42915.125,57.28409306087774,175.0216446606912,372,503,1000.4421411672315,1002.4421411672315,2.0,9.3173611391265,2.4673448338831805,287.6813695875796,260000,-0.02166984432566096,-0.1784407973162782,22.92005660552389,11.151994597625745,25.489134514649436,0,0,0,0,0,15,15,1,1
9,2017,7,1,6,42915.25,57.55469321179516,175.78582147726596,370,502,1000.7300872827906,1002.7300872827906,2.0,9.383052584949338,2.5147327987389145,268.3609728501569,226250,0.2879461155591707,2.3639529070178984,15.195688456036885,10.029787977089805,18.207295090658246,0,0,0,0,0,16,16,1,1
9,2017,7,1,9,42915.375,57.819062000050494,176.5623350076348,368,501,1001.2849400637641,1003.2849400637641,2.0,9.439646014167334,2.9856089827815593,243.48555665938588,186250,0.5548527809734515,4.5419036506289,15.328767013652191,9.798822672387443,18.19307626334056,0,0,0,0,0,15,15,1,1
9,2017,7,1,12,42915.5,58.06545178423842,176.94440654224707,367,500,1001.831737425504,1003.831737425504,2.0,8.985287482907573,3.2389125792864077,218.05398241881235,149375,0.546797361739882,4.463925437577912,7.490702813096285,9.132431326248332,11.81151686121518,0,0,0,0,0,16,16,1,1
9,2017,7,1,15,42915.625,58.077068612283696,177.3511942405414,366,500,1001.6123885314466,1003.6123885314466,2.0,9.068052298647842,3.1753418015340866,212.97689729449573,142500,-0.21934889405732974,-1.7904867039801844,7.9726795950858795,0.43057744744566945,7.984298144743066,0,0,0,0,0,17,17,1,1
9,2017,7,1,18,42915.75,58.32858092664502,178.1523897340054,364,499,1001.534216193728,1003.534216193728,2.0,9.09610480315796,2.543602556952901,214.83699284957805,145000,-0.07817233771871543,-0.6363658146779954,15.591861865525017,9.322297781870295,18.166215686473535,0,0,0,0,0,20,20,1,1
9,2017,7,1,21,42915.875,58.57346573701534,178.96589245511657,362,498,1002.1421009990448,1004.1421009990448,2.0,8.547541498890435,1.9619124783441657,234.32553289538015,172500,0.6078848053168622,4.935547843401881,15.721542352925576,9.076649508498067,18.15357981927947,0,0,0,0,0,21,21,1,1
9,2017,7,2,0,42916.0,58.34362779309599,179.38394009160078,361,499,1002.2549509208538,1004.2549509208538,2.0,8.445801375075236,2.102649869006855,250.73133533983872,197500,0.11284992180910194,0.9185116369213159,8.132090245272115,-8.518937771416,11.777231954517502,0,0,0,0,0,17,17,1,1
9,2017,7,2,3,42916.125,58.34362779309599,179.38394009160078,361,499,,,,8.445801375075236,,0.0,0,0.0,,0.0,0.0,0.0,0,3,0,0,0,17,17,0,0
24,2017,7,1,12,42915.5,56.431424895218164,101.91862967395421,504,390,993.6790152747054,995.6790152747054,2.0,7.608861478187555,5.664409514235813,253.88531259649034,202500,,,,,,3,0,0,0,0,12,12,1,1
24,2017,7,1,15,42915.625,56.20187193402648,101.83903413075335,505,390,993.2736068947082,997.2736068947082,4.0,8.622262659483674,5.68102337388751,406.84289451282194,520000,-0.40540837999724316,-3.379955128726926,-1.6411069539602459,-8.508374893583564,8.66519909546802,0,0,0,0,0,13,13,1,1
24,2017,7,1,18,42915.75,56.479090305021636,101.53850484993143,504,389,992.6608246141712,996.6608246141712,4.0,9.230814116320587,5.168262298705522,324.40901053995987,330625,-0.6127822805369214,-5.092431231742592,-6.1514715906542765,10.27509214244333,11.975730510759139,0,0,0,0,0,13,13,1,1
24,2017,7,1,21,42915.875,56.70871632429349,101.61673425127015,503,389,992.4041442994026,996.4041442994026,4.0,9.65131242119215,5.062570921847145,325.0216815494707,331875,-0.25668031476874603,-2.1274707522047556,1.5915617721075959,8.511082789538849,8.65861415728976,0,0,0,0,0,15,15,1,1
24,2017,7,2,0,42916.0,56.93813171403186,101.6960167887651,502,389,993.3580267883303,999.3580267883303,6.0,9.24145692489123,4.663704055588532,737.503910509329,1708750,0.9538824889277748,7.885495617546825,1.6031393425714893,8.503275811030118,8.653077791754242,0,0,2,0,0,11,11,1,2
24,2017,7,2,3,42916.125,57.21431936143661,101.38777995262905,501,388,992.5422400064916,998.5422400064916,6.0,9.243740416861456,4.88982422724519,715.8763278359629,1610000,-0.8157867818386876,-6.722877880155812,-6.186497451870728,10.23688839776837,11.961046559158929,0,0,0,0,0,13,13,1,3
24,2017,7,2,6,42916.25,57.21431936143661,101.38777995262905,501,388,991.3955206361078,997.3955206361078,6.0,9.722217564118255,5.203418457595472,661.8715742955291,1376250,-1.1467193703837983,-9.45008482795429,0.0,0.0,0.0,0,0,0,0,0,13,13,1,3
24,2017,7,2,9,42916.375,58.22176372987213,100.9087080835408,497,386,991.0145145982556,993.0145145982556,2.0,9.899446528383288,5.7393160419769265,233.47498368984665,171250,-0.381006037852203,-3.105175431686758,-9.351289082803948,37.34090088222025,38.4940188367747,0,0,0,2,0,15,15,1,1
24,2017,7,2,12,42916.5,58.90831330838084,101.14599649931188,494,386,990.8467205628555,994.8467205628555,4.0,11.39161493071265,2.880486574769966,458.5667547480592,660625,-0.16779403540014756,-1.3575313934226372,4.5418616408611285,25.446943340043013,25.84908958776083,0,0,0,0,0,15,15,1,1
24,2017,7,2,15,42916.625,58.71513174109309,102.77664476925213,494,390,989.5670549342436,999.5670549342436,10.0,12.533255442103817,4.170480626321296,845.8140866632984,2247500,-1.2796656286118377,-10.374239399097496,31.385289360932692,-7.16027006788073,32.19170476558307,0,0,0,0,0,14,14,1,2
24,2017,7,2,18,42916.75,58.99338106175146,102.46062553644138,493,389,988.0004467870057,1000.0004467870057,12.0,14.291143365026558,4.226290835266773,945.9644113465272,2811250,-1.566608147238003,-12.663260874658446,-6.0339214351058,10.313304266501667,11.948742727938816,0,0,0,0,0,14,14,1,2
24,2017,7,2,21,42916.875,59.11282769428189,105.10754458119546,491,395,986.4284484583804,992.4284484583804,6.0,15.199525792303723,3.869556828729764,405.3732585437549,516250,-1.5719983286251955,-12.690957249219968,50.36035274696623,4.4272865140538045,50.55458430920377,0,0,0,2,0,16,16,1,1
24,2017,7,3,0,42917.0,59.946831612666315,105.97506745679604,487,396,985.586590125909,1001.586590125909,16.0,16.544617835330698,4.02994866103385,1052.0093561966391,3476875,-0.8418583324714564,-6.738479767999223,16.1030757279943,30.91233484201031,34.855150168749574,0,0,2,0,0,12,12,1,2
24,2017,7,3,3,42917.125,61.214841790247654,107.15242174021184,481,397,985.0348465577474,997.0348465577474,12.0,16.326036542463047,2.8646401425256043,757.4652268231742,1802500,-0.5517435681616188,-4.361540883627747,21.012869094511657,46.998766226903605,51.4822755366759,0,0,0,0,0,12,12,1,2
24,2017,7,3,6,42917.25,61.953914393301076,108.58111120870149,477,399,984.2401797097398,996.2401797097398,12.0,16.251472126947878,5.467733660811791,745.9527262401011,1748125,-0.7946668480076187,-6.238162817436395,24.89765427416761,27.393707960509403,37.017677185118636,0,0,0,0,0,11,11,1,2
24,2017,7,3,9,42917.375,62.45603491167122,109.92281635174979,474,401,983.9501172989777,995.9501172989777,12.0,16.332170947648628,9.11804704047696,742.2095706583302,1730625,-0.29006241076203876,-2.2665055569576977,22.996310744613506,18.611084735631874,29.58382637353891,0,0,0,0,0,11,11,1,3
24,2017,7,3,12,42917.5,63.15635638085615,111.48783133771444,470,403,984.2155442357491,996.2155442357491,12.0,16.687583883597966,8.062693016037738,740.4652449315764,1722500,0.2654269367714005,2.0610232693763586,26.19294625771887,25.957398131209487,36.876238303301314,0,0,0,0,0,10,10,1,2
24,2017,7,3,15,42917.625,63.92373415211855,112.67714161624492,466,404,984.2017141380588,998.2017141380588,14.0,17.441315954343374,7.091339198449349,828.4658665773737,2156250,-0.013830097690224648,-0.10667634001579587,19.376610662187737,28.44283832806249,34.41581167007845,0,0,0,0,0,8,8,1,1
24,2017,7,3,18,42917.75,64.3902919134119,115.32214247879541,462,408,983.6857020412484,999.6857020412484,16.0,18.108660376962955,4.88865796022139,879.8237632976312,2431875,-0.5160120968104457,-3.964513223554456,42.372264083989826,17.292952014154167,45.76521553502412,0,0,0,0,0,10,10,1,1
24,2017,7,3,21,42917.875,65.21589605636515,117.38183994942499,457,410,983.4142784884352,999.4142784884352,16.0,18.81775601620644,4.971298745061867,850.7391513915379,2273750,-0.2714235528132122,-2.0712527200095514,32.001429091491566,30.600997371044222,44.27767500671663,0,0,0,0,0,11,11,1,1
24,2017,7,4,0,42918.0,66.62934775424192,119.16199999863044,450,410,982.5484779868874,1000.5484779868874,18.0,19.84356034644276,3.643825666642806,916.2654226858874,2637500,-0.8658005015477829,-6.534549823228567,26.172541111739456,52.38955262034432,58.5633599787915,0,0,0,0,0,13,13,1,1
24,2017,7,4,3,42918.125,67.81751038328339,120.86393820185292,444,410,982.5524510992981,998.5524510992981,16.0,19.31354199905929,3.6797038767317285,830.9834591253672,2169375,0.00397311241060379,0.029726723506772412,23.81646344582968,44.03921879269108,50.06672271017004,0,0,0,0,0,12,12,1,1
24,2017,7,4,6,42918.25,68.66588430314107,122.93511558947458,439,411,983.5092317050905,991.5092317050905,8.0,18.151954505344058,4.119169408295566,415.31213511748194,541875,0.9567806057924463,7.11642514418555,27.927384446213836,31.444958595243616,42.05620314606648,0,0,0,0,0,11,11,1,1
24,2017,7,4,9,42918.375,70.1165917616633,124.85920685388722,432,410,984.1763670163405,998.1763670163405,14.0,18.053187434127324,2.6027748512190736,782.5270880589804,1923750,0.6671353112500219,4.915051690605737,24.254215070026106,53.7704364776979,58.98751382848091,0,0,0,0,0,12,12,1,1
24,2017,7,4,12,42918.5,71.30688740072193,125.69794528870119,427,408,984.6895590792468,1000.6895590792468,16.0,18.25876310765929,3.0158276526183907,883.5468272059759,2452500,0.5131920629063097,3.753500523146206,9.963539184208583,44.118278756821006,45.22935588243352,0,0,0,0,0,11,11,1,1
24,2017,7,4,15,42918.625,71.61531365218765,129.04286888529177,423,411,985.124919824078,1001.124919824078,16.0,18.309634901479626,4.924028197312145,875.971329086632,2410625,0.43536074483112314,3.1784971234669195,39.09756904006235,11.431811468995372,40.734582584151966,0,0,0,0,0,10,10,1,1
24,2017,7,4,18,42918.75,72.13884065620758,130.4057466687336,420,411,985.5293879820811,1001.5293879820811,16.0,18.238284711221525,4.007889849353887,885.1215777337341,2461250,0.4044681580031465,2.9441375461824664,15.493208424807897,19.404515602813678,24.83092292031003,0,0,0,0,0,15,15,1,1
24,2017,7,4,21,42918.875,73.03097717851897,128.00807465333222,419,406,986.0038735922265,1000.0038735922265,14.0,18.7941284010589,5.853089242732822,742.8793745764833,1733750,0.4744856101453479,3.436969134293144,-25.935289050384725,33.06701838511581,42.02459902257954,0,0,0,0,0,19,19,1,1
24,2017,7,5,0,42919.0,73.52689813980886,128.3547217897256,417,405,984.9632776741907,992.9632776741907,8.0,20.65125928084997,9.515280489695579,314.76015007415543,311250,-1.0405959180356876,-7.518053831834343,3.643372989831601,18.38129830404313,18.73889788875678,0,0,0,0,0,16,16,1,1
24,2017,7,5,3,42919.125,73.8447333502775,128.22434383060101,416,404,984.4083605950129,998.4083605950129,14.0,21.345862176022674,11.936778915353134,716.4319168430189,1612500,-0.5549170791778306,-4.00263760146772,-1.344588425348612,11.780554304372519,11.857039164641877,0,0,0,0,0,16,16,1,1
24,2017,7,5,6,42919.25,73.8447333502775,128.22434383060101,416,404,984.4428191718486,996.4428191718486,12.0,21.335800064132826,13.610260371965124,379.25753759061985,451875,0.03445857683560462,0.24855100070015257,0.0,0.0,0.0,0,0,0,0,0,13,13,1,1
24,2017,7,5,9,42919.375,73.70377011859307,128.844831656726,416,405,984.9244246360057,996.9244246360057,12.0,20.872172247837938,14.180459541880703,376.6256006044354,445625,0.48160546415718275,3.476326257329652,6.453394170491962,-5.224798735576887,8.303301641336745,0,0,0,0,0,13,13,1,1
24,2017,7,5,12,42919.5,73.44068517991737,131.14936117608926,415,408,985.4893791380429,997.4893791380429,12.0,20.270487060156718,11.6971450794251,379.51972741632983,452500,0.5649545020371443,4.083481181942211,24.343097669802678,-9.75123681911114,26.223520428499704,0,0,0,0,0,10,10,1,1
24,2017,7,5,15,42919.625,72.99801513028656,135.0,413,413,986.8714162104085,998.8714162104085,12.0,18.501297629617888,10.59102600443126,529.0687631706023,879375,1.3820370723656379,10.012639870385287,41.7259564804072,-16.407554565479842,44.835959798180234,0,0,0,0,0,12,12,1,1
24,2017,7,5,18,42919.75,72.95018048288159,139.27584111262894,409,417,987.7158489017714,997.7158489017714,10.0,17.36170040172991,9.149126386294375,389.0965684970319,475625,0.8444326913628902,6.11934547491753,46.45813086573951,-1.7729900364211768,46.491950025863915,0,0,0,0,0,11,11,1,1
24,2017,7,5,21,42919.875,72.85192950829203,142.45429881274848,406,420,988.5412835077955,998.5412835077955,10.0,16.65873426690081,9.41629615437887,408.3072407988381,523750,0.8254346060240642,5.984828371844677,34.73112340777226,-3.6416699707478117,34.921521921900144,0,0,0,0,0,11,11,1,1
24,2017,7,6,0,42920.0,73.38855335221739,144.91275144672386,402,420,989.154507790612,997.154507790612,8.0,15.628536464891319,7.343971828634312,346.06949399889504,376250,0.6132242828165181,4.433575606767911,26.048244802643016,19.889949653666765,32.77378761333236,0,0,0,0,0,12,12,1,1
24,2017,7,6,3,42920.125,73.57945594107763,147.28832316327532,399,421,989.8895112098389,997.8895112098389,8.0,14.235490136822955,8.344006029231387,364.81957343404355,418125,0.7350034192269959,5.308784162466115,24.888953617280066,7.075799788190228,25.875218932516713,0,0,0,0,0,12,12,1,1
24,2017,7,6,6,42920.25,73.70065104842803,147.9527645133755,398,421,990.4649410364991,996.4649410364991,6.0,13.285747796150433,7.9207124361498416,281.74195262169036,249375,0.5754298266601109,4.153635712038466,6.911815773309976,4.492093690502754,8.243306557955444,0,0,0,0,0,12,12,1,1
24,2017,7,6,9,42920.375,73.81958606086265,148.62699485989154,397,421,991.7161905159992,997.7161905159992,6.0,12.374913865436675,7.560088277512332,299.8708769569344,282500,1.2512494795001112,9.026457699563855,6.9638391786519,4.408323327712151,8.2418669406742,0,0,0,0,0,10,10,1,1
24,2017,7,6,12,42920.5,73.74124427073573,149.7150716505978,396,422,991.7746708989778,997.7746708989778,6.0,11.923767168363561,7.857583289959148,316.0217188583157,313750,0.05848038297859603,0.42204269779713677,11.291135610178419,-2.903736535454871,11.6585346092369,0,0,0,0,0,12,12,1,1
24,2017,7,6,15,42920.625,73.65704474610216,150.79240352885728,395,423,992.2584292884451,996.2584292884451,4.0,11.309792889167802,7.083235485292244,220.774095676764,153125,0.4837583894672571,3.492700380491119,11.235958893025115,-3.1208533217122323,11.66132486904436,0,0,0,0,0,14,14,1,1
24,2017,7,6,18,42920.75,73.45912269121469,151.17215901578254,395,424,992.6966903852718,996.6966903852718,4.0,10.711813736545894,6.453771416851523,251.12774876576967,198125,0.4382610968267545,3.1674405774955163,4.007315161193304,-7.3359761248513475,8.359133956667922,0,0,0,0,0,14,14,1,1
24,2017,7,6,21,42920.875,73.16647271451144,152.5798514266553,394,426,993.711588213109,995.711588213109,2.0,9.489485658494544,5.2020742988563144,143.1474726395179,64375,1.014897827837267,7.346201656300057,15.109425142411848,-10.847064230682896,18.599826089474803,0,0,0,0,0,15,15,1,1
24,2017,7,7,0,42921.0,73.16647271451144,152.5798514266553,394,426,,,,9.489485658494544,,0.0,0,0.0,,0.0,0.0,0.0,0,3,0,0,0,15,15,0,0
28,2017,7,1,18,42915.75,48.55743646643704,-49.48460600954462,222,242,1015.4042911161274,1019.4042911161274,4.0,7.681433492533495,4.1462526776774755,263.12050517771223,217500,,,,,,3,0,0,0,0,4,4,1,1
28,2017,7,1,21,42915.875,49.335453876870034,-47.28149376912547,229,239,1014.1082801418085,1020.1082801418085,6.0,8.67460827968968,5.245008452238398,308.69729862159846,299375,-1.296010974318924,-11.837285618495043,53.20904369426818,28.837196293762016,60.520956873991196,0,0,0,0,0,4,4,1,1
28,2017,7,2,0,42916.0,50.040870598009654,-45.92778577446168,234,238,1013.0048104517556,1021.0048104517556,8.0,9.879952417801542,6.936832671121375,354.58765494951643,395000,-1.1034696900528798,-9.973952624849032,32.22410085394646,26.146253520321583,41.49721977427213,0,0,0,0,0,3,3,1,1
28,2017,7,2,3,42916.125,50.04634700255747,-45.0,236,236,1012.0307195731788,1020.0307195731788,8.0,10.468179447209076,8.035227821534937,340.56447961908583,364375,-0.9740908785768261,-8.803828859077916,22.082951755168533,0.20298280065695842,22.08388462744867,0,0,0,0,0,3,3,1,1
28,2017,7,2,6,42916.25,50.040870598009654,-44.072214225538325,238,234,1011.5293426126154,1019.5293426126154,8.0,10.525067454425452,6.871850881748904,360.1545204768291,407500,-0.501376960563357,-4.531805537504237,22.085471267908346,-0.20298280065695842,22.086404033770812,0,0,0,0,0,2,2,1,1
28,2017,7,2,9,42916.375,49.860494236870856,-43.38320968932677,239,232,1012.7723930047972,1018.7723930047972,6.0,9.598915913414338,5.462323459606195,312.22172032673495,306250,1.2430503921817582,11.265354880903132,16.462995490820102,-6.685645415080097,17.76873870444789,0,0,0,0,0,3,3,1,1
28,2017,7,2,12,42916.5,49.497660779699615,-42.48061070879373,240,229,1014.1142745575148,1020.1142745575148,6.0,8.404069312900281,3.491677933406681,417.7003786980451,548125,1.3418815527176775,12.226564131303908,21.728069193735696,-13.448413218115917,25.553254371468245,0,0,0,0,0,3,3,1,1
28,2017,7,2,15,42916.625,50.001185122527964,-39.197180335291144,249,224,1014.46029016787,1018.46029016787,4.0,7.96278756852734,5.428034944067549,314.1274657157109,310000,0.34601561035509804,3.1293548106341884,78.21921273565712,18.663117454849033,80.41490654175676,0,0,0,0,0,3,3,1,1
28,2017,7,2,18,42916.75,49.65225118849914,-37.162386322101554,253,219,1014.4957785514267,1018.4957785514267,4.0,7.839737017653121,4.48530494638304,357.93816391798146,402500,0.035488383556803456,0.3226103696161684,48.82704853920456,-12.933227732710646,50.510880497532355,0,0,0,0,0,3,3,1,1
28,2017,7,2,21,42916.875,49.44623787528401,-35.349700187188084,257,215,1014.8603488449297,1018.8603488449297,4.0,7.65284540695823,4.185170517673686,448.699234466973,632500,0.3645702935029112,3.324334818302413,43.68144233700423,-7.6358784169194855,44.34382757316966,0,0,0,0,0,3,3,1,1
28,2017,7,3,0,42917.0,49.06493414229991,-33.823416655680994,260,211,1015.0255746432819,1019.0255746432819,4.0,7.949177579563353,4.861468973531155,471.61322391438915,698750,0.16522579835218493,1.5152742668924963,37.06531312202979,-14.133013539488054,39.66836911875085,0,0,0,0,0,2,2,1,1
28,2017,7,3,3,42917.125,48.72648387986974,-32.76388849058367,262,208,1014.5355620470815,1018.5355620470815,4.0,7.8937801532912175,3.8040198249821695,510.8953969950291,820000,-0.4900125962003949,-4.517091951502546,25.905331403479348,-12.544650701251461,28.78288478142005,0,0,0,0,0,3,3,1,1
28,2017,7,3,6,42917.25,48.72648387986974,-32.76388849058367,262,208,,,,7.8937801532912175,,0.0,0,0.0,,0.0,0.0,0.0,0,3,0,0,0,3,3,0,0
35,2017,7,1,21,42915.875,38.13584692969292,153.26288994219414,460,559,1004.037143893143,1004.037143893143,0.0,7.516007199544739,10.571754051452736,14.104739588693906,625,,,,,,3,0,0,0,0,22,22,1,1
35,2017,7,2,0,42916.0,38.2356786664106,154.64160226226747,455,561,1003.4487244781094,1005.4487244781094,2.0,8.60543977246549,11.742372800363883,102.68405416537693,33125,-0.5884194150337134,-6.587017062862019,40.13875303473867,3.7002608803738513,40.308949698132395,0,0,0,0,0,18,18,1,1
35,2017,7,2,3,42916.125,38.531479059068204,155.9194837225559,450,562,1002.4581501349885,1004.4581501349885,2.0,8.980189992647055,10.81359952935869,110.16153780134434,38125,-0.9905743431208248,-11.016872556486385,37.051454421792165,10.96383432099786,38.639564409920986,0,0,0,0,0,22,22,1,1
35,2017,7,2,6,42916.25,38.93152902680946,156.86974073542638,446,562,1001.73215065962,1005.73215065962,4.0,8.994320656789965,8.669974676190542,674.0826080884755,1427500,-0.7259994753685897,-8.004363784312122,27.398399623251528,14.827842272382386,31.153446171652334,0,0,0,0,0,23,23,1,1
35,2017,7,2,9,42916.375,39.3155799690953,157.83365417791757,442,562,1001.7471718319259,1005.7471718319259,4.0,9.421042197097606,7.199873317880337,668.153885996906,1402500,0.01502117230600561,0.16425373722020162,27.641035296399465,14.234838785082832,31.0911155717208,0,0,0,0,0,26,26,1,1
35,2017,7,2,12,42916.5,39.772776834622555,159.05734945001174,437,562,1001.0846506653093,1007.0846506653093,6.0,10.370867069255878,6.299883101362429,760.6104246846999,1817500,-0.6625211666166433,-7.174865345352974,34.85996774287344,16.945990641474907,38.76059790373636,0,0,0,0,0,23,23,1,1
35,2017,7,2,15,42916.625,40.521018950257535,160.46334506187162,431,561,1000.0179828942729,1006.0179828942729,6.0,10.604800985789222,2.7037153928368207,747.9502824172287,1757500,-1.0666677710364456,-11.37414877012694,39.61434458450877,27.733575720133473,48.35749703080771,0,0,0,0,0,21,21,1,1
35,2017,7,2,18,42916.75,42.39731919933631,160.59849628875438,428,554,998.6356735171335,1004.6356735171335,6.0,11.306872212899806,2.381976245569167,638.3076486422923,1280000,-1.3823093771394632,-14.203436363157103,3.6993587904350678,69.54502285316065,69.6433446863877,0,0,0,0,0,20,20,1,1
35,2017,7,2,21,42916.875,43.41333374146632,161.38572224931502,424,551,997.9448378384037,1005.9448378384037,8.0,12.516858799468373,3.2888123879748306,707.3495262917379,1571875,-0.6908356787296361,-6.964283976868542,21.195622124840963,37.65855416065059,43.21366796199672,0,0,0,0,0,24,24,1,1
35,2017,7,3,0,42917.0,44.01270200124872,159.93106635278352,428,547,997.1889123815811,1005.1889123815811,8.0,12.11756276322609,2.95222986106739,688.3922160048866,1488750,-0.7559254568227334,-7.537522790509638,-38.7756826005118,22.215569893193706,44.688758170428144,0,0,0,0,0,19,19,1,2
35,2017,7,3,3,42917.125,44.569889017567085,160.92233702006567,424,546,995.7857280742487,1003.7857280742487,8.0,12.890073435017037,2.7152305203542344,636.2785447349366,1271875,-1.403184307332267,-13.852721958276218,26.17424361486847,20.652123135607003,33.340684138432984,0,0,0,0,0,22,22,1,1
35,2017,7,3,6,42917.25,44.9579697259151,161.379928139485,422,545,994.9176944560801,1002.9176944560801,8.0,13.308995641200065,2.8525571121744724,607.6507779746498,1160000,-0.8680336181687016,-8.511203601114303,12.001736337205825,14.38420196564181,18.73357790963009,0,0,0,0,0,22,22,1,1
35,2017,7,3,9,42917.375,45.5732852077993,161.75259806702843,420,543,994.6884441248131,1002.6884441248131,8.0,13.649584833540699,2.8739736476131656,584.2836237069421,1072500,-0.2292503312669578,-2.2240438915174185,9.669042741356142,22.806653290458446,24.77163341092692,0,0,0,0,0,23,23,1,1
35,2017,7,3,12,42917.5,46.63440755320167,162.90842457947585,415,540,994.3599254565273,1002.3599254565273,8.0,14.044943485272752,3.298662219231701,549.5420862107574,948750,-0.328518668285833,-3.1307899853955026,29.416335713729744,39.33047378597255,49.11422375495642,0,0,0,0,0,17,17,1,1
35,2017,7,3,15,42917.625,47.3984012156479,162.93130138500172,414,537,993.1159093750991,1001.1159093750991,8.0,13.895014622966745,3.423770917851507,540.4158774255509,917500,-1.2440160814281263,-11.709076892411833,0.5739596621703239,28.31740641753907,28.32322255517337,0,0,0,0,0,14,14,1,1
35,2017,7,3,18,42917.75,47.85920170663993,162.7482725403253,414,535,993.2285355272313,999.2285355272313,6.0,13.345561368409085,3.4674716827752854,409.0374480721233,525625,0.11262615213214304,1.0523246067001963,-4.551729116809004,17.079558931211704,17.675677391193254,0,0,0,0,0,15,15,1,1
35,2017,7,3,21,42917.875,48.31879320486043,162.56139907358292,414,533,993.7440094648055,999.7440094648055,6.0,12.544263564748828,3.466782375964467,421.021160832325,556875,0.5154739375741337,4.781787351559639,-4.605994083245211,17.034747643697205,17.64646731726601,0,0,0,0,0,18,18,1,1
35,2017,7,4,0,42918.0,48.619932091298246,162.76898840902467,413,532,993.0908120079074,1003.0908120079074,10.0,12.558655209281437,4.418163486761987,1005.2039320230849,3174375,-0.6531974568980513,-6.0312367809108185,5.08631798769188,11.161705462425537,12.265981391713346,0,0,2,0,0,21,21,1,3
35,2017,7,4,3,42918.125,49.14956672560203,162.88546477116972,412,530,992.6233490545982,1001.6302504932374,9.00690143863918,12.108724555998428,3.2447138321265085,915.7224505358724,2634375,-0.46746295330915016,-4.281589643000557,2.8238184862897686,19.630894769942362,19.832951880949597,0,0,0,0,0,16,14,2,0
35,2017,7,4,6,42918.25,50.341619863547116,163.75961853372252,408,526,992.5134423090451,1001.2647038536613,8.751261544616282,12.05408451090669,2.1884169996180574,875.1760757868934,2406250,-0.10990674555316218,-0.9890797689454596,20.678156114644818,44.1834204100731,48.78279183723382,0,0,0,0,0,18,15,2,0
35,2017,7,4,9,42918.375,51.684370672663846,164.26568051447327,405,521,992.4704362601259,1001.4915361074413,9.02109984731549,12.23974184115827,2.0224528154216386,854.4725281915563,2293750,-0.043006048919196474,-0.37975004330348455,11.629295441877924,49.76902590721923,51.109651263024105,0,0,0,0,0,16,14,2,0
35,2017,7,4,12,42918.5,52.20620139252341,164.41106432481385,404,519,991.8276154500429,1001.8276154500429,10.0,13.028309557460897,2.789822608611139,859.810857492422,2322500,-0.6428208100829216,-5.6358806780857424,3.302278564461725,19.341642871886854,19.621523709970003,0,0,0,0,0,15,15,1,3
35,2017,7,4,15,42918.625,52.72691545812875,164.56035446468073,403,517,991.444597522544,1001.444597522544,10.0,12.521297036086906,2.468225744845331,874.7213207155104,2403750,-0.38301792749902236,-3.334714609704341,3.3511289280552092,19.30025410925897,19.58902431910319,0,0,0,0,0,14,14,1,2
35,2017,7,4,18,42918.75,53.24651848610185,164.7137084058325,402,515,991.5512109433673,993.5512109433673,2.0,12.298006985025411,2.558795099914205,195.44100476116796,120000,0.10661342082341435,0.9218963493846117,3.4011890598741004,19.259073526586022,19.557095902087656,0,0,0,2,0,19,19,1,1
35,2017,7,4,21,42918.875,53.702640300896384,164.52402861510163,402,513,992.6050478771173,994.6050478771173,2.0,11.136673123576404,2.440870903296236,203.9098547955877,130625,1.0538369337499898,9.059055844027096,-4.161872580054863,16.90614391235391,17.41088410615135,0,0,0,0,0,22,22,1,1
35,2017,7,5,0,42919.0,53.6566602447126,165.658762867922,399,514,993.2235223642224,995.2235223642224,2.0,9.977477413430826,2.8629445248157572,216.2215635251125,146875,0.6184744871051225,5.319704600022301,24.924790095733222,-1.7042496581559559,24.982986775277404,0,0,0,0,0,19,19,1,1
35,2017,7,5,3,42919.125,54.22978100988721,166.18497465873838,397,512,994.2566140474887,996.2566140474887,2.0,8.308753969456973,2.254007239830098,251.9187042636836,199375,1.0330916832662478,8.821485790444441,11.4007801089356,21.242707147354565,24.108720290396384,0,0,0,0,0,20,20,1,1
35,2017,7,5,6,42919.25,54.22978100988721,166.18497465873838,397,512,,,,8.308753969456973,,0.0,0,0.0,,0.0,0.0,0.0,0,3,0,0,0,20,20,0,0
38,2017,6,30,3,42914.125,76.29025760815081,-61.127575825959816,306,330,1006.3000538244605,1008.3000538244605,2.0,12.725965299372277,18.27756680623912,136.75052399642826,58750,,,,,,3,0,0,0,0,10,10,1,1
38,2017,6,30,6,42914.25,75.89344071290942,-62.00794695540732,304,330,1003.7500180425643,1007.7500180425643,4.0,15.56172406424871,11.75363020505123,175.0352151573787,96250,-2.5500357818961494,-18.216500759646816,-7.952934904716949,-14.708008519228958,16.72048708023713,0,0,0,0,0,9,9,1,1
38,2017,6,30,9,42914.375,74.97478911383497,-60.94539590092286,301,327,1001.9179467809195,1007.9179467809195,6.0,17.594527752873454,5.752429885902384,229.60852531905326,165625,-1.8320712616448873,-13.142272012427691,10.209782728098542,-34.04979905699663,35.547552365484016,0,0,0,0,0,6,6,1,1
38,2017,6,30,12,42914.5,74.55514358325522,-59.893472958841606,300,325,1000.3124748723421,1008.3124748723421,8.0,19.035481517135793,5.822440928040451,306.7578199542485,295625,-1.6054719085773104,-11.539768950553665,10.383189681726384,-15.554151329844377,18.701397048306546,0,0,0,0,0,7,7,1,1
38,2017,6,30,15,42914.625,74.55514358325522,-59.893472958841606,300,325,999.4266671723699,1007.4266671723699,8.0,19.320697731203467,5.311335243332287,305.13217088461647,292500,-0.8858076999722106,-6.366985393944961,0.0,0.0,0.0,0,0,0,0,0,8,8,1,1
38,2017,6,30,18,42914.75,74.3591682539758,-60.30613897408988,299,325,998.7957289673935,1006.7957289673935,8.0,19.02651622264627,4.7951765273250935,314.44396702089864,310625,-0.63093820497641,-4.539357443007491,-4.123740653566454,-7.263820787789358,8.352743825534068,0,0,0,0,0,7,7,1,1
38,2017,6,30,21,42914.875,74.3591682539758,-60.30613897408988,299,325,999.1966674540577,1007.1966674540577,8.0,18.373393541203743,5.298275224763347,308.69729862159846,299375,0.4009384866640903,2.884598030792645,0.0,0.0,0.0,0,0,0,0,0,8,8,1,1
38,2017,7,1,0,42915.0,73.85417339161238,-60.40342496246962,297,324,999.2544217545984,1009.2544217545984,10.0,17.15396378587023,3.1231742019969535,394.17637320552694,488125,0.057754300540836995,0.41656404919198287,-1.0027402235148573,-18.717622225459724,18.744462375082367,0,0,0,0,0,7,7,1,1
38,2017,7,1,3,42915.125,73.54542935249614,-60.109575122340466,296,323,999.273717377973,1009.273717377973,10.0,16.452858069458163,3.9190627791139554,406.1087413230311,518125,0.019295623374491696,0.13939288792841598,3.0850794083183204,-11.443590260491847,11.852150564587575,0,0,0,0,0,5,5,1,1
38,2017,7,1,6,42915.25,73.03997759383974,-60.208039190635326,294,322,999.6772108463975,1009.6772108463975,10.0,15.206933546484002,4.122250459749121,523.3979803141439,860625,0.40349346842456724,2.922592621760768,-1.064594936956094,-18.73455707538745,18.76478060598478,0,0,0,0,0,6,6,1,1
38,2017,7,1,9,42915.375,72.73061375090506,-59.93141717813756,293,321,1000.4617928859625,1008.4617928859625,8.0,14.532474189027758,4.226474051363693,425.48648364787215,568750,0.7845820395649935,5.692357852863036,3.043747474591042,-11.466563273866319,11.863661829412502,0,0,0,0,0,7,7,1,1
38,2017,7,1,12,42915.5,71.9938329045004,-58.790866897360985,291,318,1000.8628025386904,1008.8628025386904,8.0,13.657467501584621,3.798572884260212,477.06558104878025,715000,0.4010096527279529,2.9213548387681154,13.067661456115207,-27.308764056360882,30.27428562687528,0,0,0,0,0,9,9,1,1
38,2017,7,1,15,42915.625,71.7546236433852,-57.58296249407693,291,316,1000.6078000743196,1008.6078000743196,8.0,13.21861655757706,5.3423550726230316,442.2235139883071,614375,-0.25500246437091845,-1.8602332499488663,14.016974872301395,-8.86628541413434,16.585734883194657,0,0,0,0,0,9,9,1,1
38,2017,7,1,18,42915.75,71.7546236433852,-57.58296249407693,291,316,1000.8600242335556,1008.8600242335556,8.0,12.73806402102063,5.031032715947222,460.0826820390231,665000,0.25222415923606606,1.8399656199747554,0.0,0.0,0.0,0,0,0,0,0,11,11,1,1
38,2017,7,1,21,42915.875,71.7546236433852,-57.58296249407693,291,316,1002.3635297605775,1008.3635297605775,6.0,11.532691450748018,5.215223149930025,373.1763325901154,437500,1.5035055270219164,10.968015465057713,0.0,0.0,0.0,0,0,0,0,0,11,11,1,1
38,2017,7,2,0,42916.0,71.3698240510788,-58.32453126189079,289,316,1004.3505537184114,1008.3505537184114,4.0,9.997236452919722,4.979445212680657,366.18033747720784,421250,1.9870239578338806,14.527755968438038,-8.780652176343082,-14.262587479789186,16.748768738643378,0,0,0,0,0,8,8,1,1
38,2017,7,2,3,42916.125,70.93614335112204,-57.52880770915151,288,314,1005.3294026969968,1009.2030184819414,3.873615784944559,8.755774900088095,3.9656468313896043,413.63216004535656,537500,0.9788489785854472,7.17518677011507,9.633140669601627,-16.074364539617235,18.739866448639297,0,0,0,0,0,9,11,2,0
38,2017,7,2,6,42916.25,76.08864412264842,-65.70903759164904,303,334,1004.5538898567158,1008.5538898567158,4.0,9.475506152361763,5.3534239329696724,357.38192711893817,401250,1.3508713747744332,9.64192002566062,-36.84045013649596,-0.13492241826608725,36.84069720185268,0,0,0,0,2,11,11,1,1
38,2017,7,2,9,42916.375,75.46883829174581,-66.80140948635182,300,334,1006.2663636278528,1010.2663636278528,4.0,8.882118320996838,4.163605298605253,424.0814611532103,565000,1.7124737711370108,12.256433415913751,-10.158743974629418,-22.973087967028132,25.118973901871115,0,0,0,0,0,11,11,1,1
38,2017,7,2,12,42916.5,74.84368882786663,-67.80454047132105,297,334,1007.2018654484658,1011.2018654484658,4.0,8.866685327251322,3.289964544124887,491.0394472791585,757500,0.9355018206129898,6.714917507474629,-9.720984787127422,-23.171149592644152,25.127668389173238,0,0,0,0,0,12,12,1,1
38,2017,7,2,15,42916.625,74.21374088607632,-68.72839107595253,294,334,1008.1432139759083,1012.1432139759083,4.0,7.979051683800019,2.555807751001048,595.4138356951381,1113750,0.9413485274424602,6.777478259338982,-9.315560772242312,-23.3490050590877,25.138729278757165,0,0,0,0,0,11,11,1,1
38,2017,7,2,18,42916.75,74.21374088607632,-68.72839107595253,294,334,,,,7.979051683800019,,0.0,0,0.0,,0.0,0.0,0.0,0,3,0,0,0,11,11,0,0
51,2017,7,2,15,42916.625,41.01665534469728,22.630269120708547,441,164,1001.7112953506966,1001.7112953506966,0.0,7.767511855156621,14.90747147653281,14.104739588693906,625,,,,,,3,0,0,0,0,2,2,1,1
51,2017,7,2,18,42916.75,40.36817372759985,22.917903086055855,443,162,1001.704862798536,1001.704862798536,0.0,7.813640660784393,11.612267489689692,14.104739588693906,625,-0.006432552160549676,-0.06880693181751064,8.12270432226445,-24.03595528116431,25.371351398478247,0,0,0,0,0,2,2,1,1
51,2017,7,2,21,42916.875,40.36817372759985,22.917903086055855,443,162,1001.8140920774324,1001.8140920774324,0.0,8.932760889789703,14.036410645697542,14.104739588693906,625,0.10922927889638231,1.168390299513249,0.0,0.0,0.0,0,0,0,0,0,2,2,1,1
51,2017,7,3,0,42917.0,39.23245923995414,24.98528201674858,452,161,1001.1099954476472,1001.1099954476472,0.0,8.254624530444083,2.7463360919742263,14.104739588693906,625,-0.7040966297851992,-7.712837365800138,59.35320756725661,-42.09522971430904,72.7654561809537,0,0,0,0,0,1,1,1,1
51,2017,7,3,3,42917.125,40.0140037766859,25.081036501415884,451,164,1000.7202558429728,1002.7202558429728,2.0,9.077212929709939,3.3584923332383187,383.69039909802694,462500,-0.3897396046743961,-4.199534880835874,2.718239362197043,28.96792914378092,29.09518420820376,0,0,0,0,0,1,1,1,1
51,2017,7,3,6,42917.25,40.02551167523573,25.67451492371742,453,165,1001.0371071656322,1003.0371071656322,2.0,9.574922514830025,6.843768798833989,289.0611442640554,262500,0.3168513226593495,3.4133301347259133,16.844552606940045,0.42653997836068885,16.84995219225,0,0,0,0,0,1,1,1,1
51,2017,7,3,9,42917.375,39.017704560325264,27.78888472464666,462,165,1001.0867038291217,1003.0867038291217,2.0,8.066887564309619,9.446353225963248,299.5389777108415,281875,0.04959666348950122,0.545802609075198,60.887590180893895,-37.35434607144445,71.43280624798192,0,0,0,0,0,1,1,1,1
51,2017,7,3,12,42917.5,39.79456782292367,27.92475761051956,461,168,999.5850471434973,1001.554804594431,1.9697574509336846,9.465530331007434,11.915642071348193,258.9285997673121,210625,-1.5016566856244753,-16.25497438235523,3.8694772537522755,28.794417832494016,29.05325029199927,0,0,0,1,0,0,1,2,0
51,2017,7,3,15,42917.625,40.166062338845855,31.511587927893334,472,176,997.430622091546,1001.430622091546,4.0,9.26160572552906,16.622632323940636,393.4185838987124,486250,-2.154425051951257,-23.14135689642582,101.58736407194225,13.76943514894101,102.51629081958747,0,0,1,0,0,0,0,1,1
51,2017,7,3,18,42917.75,40.246835587967894,31.878216458666515,473,177,997.7663885890292,1003.7663885890292,6.0,10.051606161818123,26.774370585339057,526.618921363093,871250,0.33576649748327325,3.6005633337163014,10.372102728571713,2.9938585036561607,10.795540919840889,0,0,0,0,0,1,1,1,1
51,2017,7,3,21,42917.875,40.47929993128491,33.94999474902758,479,182,999.2890126870802,1003.2890126870802,4.0,8.39227068244607,17.802429107078204,471.61322391438915,698750,1.5226240980510193,16.249974341297946,58.40855995652552,8.616285200870502,59.04066604348038,0,0,0,0,0,1,1,1,1
51,2017,7,4,0,42918.0,40.6846653577588,34.100114900406105,479,183,999.9417425136821,1003.9417425136821,4.0,7.701215313555915,18.415947858359505,551.3492008750172,955000,0.6527298266018624,6.937070554471929,4.219381318977459,7.611864510697371,8.703083364196283,0,0,0,0,0,1,1,1,1
51,2017,7,4,3,42918.125,40.6846653577588,34.100114900406105,479,183,,,,7.701215313555915,,0.0,0,0.0,,0.0,0.0,0.0,0,3,0,0,0,1,1,0,0
66,2017,7,2,0,42916.0,66.22834486001612,151.36784560598673,410,452,988.4622522206031,988.4622522206031,0.0,10.48121381351889,5.051620981992601,14.104739588693906,625,,,,,,3,0,0,0,0,14,14,1,1
66,2017,7,2,3,42916.125,64.89171235425434,151.24563304547428,413,457,986.961209626989,988.961209626989,2.0,11.648831544935698,8.67545107582664,149.9354384784672,70625,-1.501042593614111,-11.48475185923465,-1.92213393592765,-49.54225114297164,49.579524475139124,0,0,0,0,0,19,19,1,1
66,2017,7,2,6,42916.25,64.49798592264231,154.00221523277995,409,461,987.2821604242916,989.2821604242916,2.0,11.66896718553747,6.5045892238477965,184.44340347622256,106875,0.3209507973026484,2.4636449031486967,43.986245641831786,-14.593460560374218,46.34391973917143,0,0,0,0,0,19,19,1,1
66,2017,7,2,9,42916.375,64.29109823330408,154.2228568281019,409,462,987.6866295964771,989.6866295964771,2.0,11.77209021838997,6.668604794449275,189.75986370816491,113125,0.4044691721854906,3.110116159254969,3.5476397387781446,-7.668287146542517,8.449164188130506,0,0,0,0,0,22,22,1,1
66,2017,7,2,12,42916.5,64.3902919134119,154.67785752120463,408,462,987.3704175569677,991.3704175569677,4.0,12.532168227184062,5.076588534026305,327.46090286958605,336875,-0.3162120395094098,-2.4294523710413953,7.289510119452624,3.6766113277306802,8.164216351665344,0,0,0,0,0,19,19,1,1
66,2017,7,2,15,42916.625,64.08373710332806,154.4400348281762,409,463,987.0444874407627,991.0444874407627,4.0,13.259601899393138,2.769438735646545,307.4056724603709,296875,-0.32593011620498147,-2.510590755313866,-3.8526090485536684,-11.36244653993578,11.997824296675468,0,0,0,0,0,18,18,1,1
66,2017,7,2,18,42916.75,64.18219217083684,154.89225705335542,408,463,986.1785786139144,992.1785786139144,6.0,14.62968551693445,4.563309741847333,355.707997883175,397500,-0.8659088268483174,-6.664410784923521,7.299846673873222,3.649234669807432,8.161168735995016,0,0,0,0,0,17,17,1,1
66,2017,7,2,21,42916.875,64.27897645181852,155.34784926268435,407,463,986.5537235387228,994.5537235387228,8.0,15.143310823122027,4.740916036591079,462.45481377074486,671875,0.37514492480841,2.884924873305256,7.328557309443256,3.5873070080350757,8.159443841812488,0,0,0,0,0,20,20,1,1
66,2017,7,3,0,42917.0,64.64906145910834,157.2034785320574,403,463,987.1211308394254,991.1211308394254,4.0,14.61294475635624,9.512375511488862,252.7071841393177,200625,0.5674073007026164,4.350009181881585,29.44740355529834,13.71719174594727,32.48554948809826,0,0,0,0,0,16,16,1,1
66,2017,7,3,3,42917.125,64.64906145910834,157.2034785320574,403,463,987.442062821868,997.442062821868,10.0,14.475433209339455,13.147085295042125,664.4215705417342,1386875,0.320931982442562,2.4604143595894463,0.0,0.0,0.0,0,0,2,0,0,19,19,1,2
66,2017,7,3,6,42917.25,64.43697533174358,157.39960354577812,403,464,989.3149436200287,999.3149436200287,10.0,13.11664495761289,20.917342426254326,778.7042655463763,1905000,1.8728807981606224,14.383702434658186,3.1367580794229797,-7.8609671248842,8.463690411831916,0,0,0,0,0,17,17,1,3
66,2017,7,3,9,42917.375,64.2244938453922,157.59255523632734,403,465,992.6981754301514,998.0379435969631,5.3397681668117,10.379549529758718,21.476068387622654,624.92114831532,1226875,3.383231810122816,26.029532397804342,3.109909805920983,-7.875621096056074,8.46740495368014,0,0,0,0,0,18,20,2,0
66,2017,7,3,12,42917.5,57.68089173338276,149.3813945910906,432,482,994.7803997924707,998.7803997924707,4.0,8.654626627282777,2.115916608152693,521.8753647816745,855625,2.148252037162456,17.61189908436395,-86.07465375689915,-88.01938730878933,123.11075729433533,0,0,0,0,2,16,16,1,2
66,2017,7,3,15,42917.625,57.533429767342064,151.3735493270503,428,485,994.3121736982872,1000.3121736982872,6.0,8.932252611155896,3.0836706314224283,673.7874109610772,1426250,-0.46822609418348293,-3.844905893858845,39.6359921006935,-5.465674165585619,40.0110667677155,0,0,0,0,0,13,13,1,1
66,2017,7,3,18,42917.75,57.65627345508717,152.62548617392648,425,486,993.8470765181482,999.8470765181482,6.0,9.66254774385102,5.504481333810982,584.964210569822,1075000,-0.4650971801389824,-3.814018290336735,24.82513060563773,4.553198282521315,25.23922986517073,0,0,0,0,0,14,14,1,1
66,2017,7,3,21,42917.875,57.34586294837761,153.3458419281789,424,488,993.7469331600337,999.7469331600337,6.0,10.019935075110329,4.915028016402284,546.6382767928291,938750,-0.10014335811458296,-0.8240624081366792,14.406342642663098,-11.505357841089909,18.436810119685624,0,0,0,0,0,17,17,1,1
66,2017,7,4,0,42918.0,57.553057124999384,154.06257701453984,422,488,,,,9.587207121845658,,0.0,0,0.21678799594476003,,14.252956856129783,7.679647090212572,16.190236519980413,0,2,2,1,0,19,21,0,0
72,2017,6,28,9,42912.375,46.473175916043765,-98.3438915840331,172,387,996.4960078265684,998.4960078265684,2.0,12.537110984195078,3.959148274068866,169.8435557664936,90625,-0.9650462818672532,-9.221457953163274,45.590971640225725,8.648512551281106,46.40402422688719,2,0,0,2,0,9,9,1,1
72,2017,6,28,12,42912.5,46.57293018740601,-97.44447130416847,172,384,996.7795106854043,998.7795106854043,2.0,13.16464302796303,5.062031448253402,141.04739588693906,62500,0.2835028588358546,2.704530812517358,22.916747053174245,3.6973896288688612,23.213099439041688,0,0,0,0,0,11,11,1,1
72,2017,6,28,15,42912.625,46.633126071708055,-96.84277341263095,172,382,997.069606115265,999.069606115265,2.0,12.865127367280579,5.247927443516018,152.56608544230824,73125,0.2900954298606666,2.764674100274977,15.313960831354619,2.2311589797567573,15.475641076776517,0,0,0,0,0,14,14,1,1
72,2017,6,28,18,42912.75,46.497458383958396,-95.60524246647218,171,378,997.8771354086604,999.8771354086604,2.0,11.554393858087643,4.475280150327016,188.18069730433754,111250,0.8075292933954915,7.713206878781373,31.575326366484877,-5.028519529120135,31.973226984537824,0,0,0,0,0,16,16,1,1
72,2017,6,28,21,42912.875,46.64594223524809,-93.18824730498264,171,370,998.2855946722412,1004.2855946722412,6.0,10.825672199024245,5.526083371704735,822.1986504384603,2123750,0.40845926358088036,3.8918856241555244,61.498706468054316,5.503550317353031,61.74447314002722,0,0,2,0,0,13,13,1,2
72,2017,6,29,0,42913.0,46.64594223524809,-93.18824730498264,171,370,997.8704317513111,1003.8704317513111,6.0,10.836624362629848,5.7836723332921975,726.9074295019226,1660000,-0.4151629209301609,-3.955759478890033,0.0,0.0,0.0,0,0,0,0,0,12,12,1,1
72,2017,6,29,3,42913.125,46.43868763859054,-92.26646008431607,170,367,998.5453065677408,1002.5453065677408,4.0,11.643853901868441,7.963088494544281,266.12769430462026,222500,0.6748748164296557,6.452427424767477,23.544710459724026,-7.6818865573612545,24.766202206079267,0,0,0,0,0,12,12,1,1
72,2017,6,29,6,42913.25,46.71263468637926,-90.7598464256105,171,362,999.0139954374968,1009.0139954374968,10.0,12.630238727861185,8.283013194331287,1027.131115788243,3314375,0.46868886975600615,4.460866594956999,38.288331448802765,10.153840627786598,39.61182657525235,0,0,0,0,0,8,8,1,1
72,2017,6,29,9,42913.375,46.95830343681016,-89.84721161679614,172,359,998.5826679511123,1004.5826679511123,6.0,13.578738877467458,9.677249859262448,352.6184897173477,390625,-0.4313274863845436,-4.088793993860334,23.087680558215418,9.105706227674903,24.81843829621267,0,0,0,0,0,9,9,1,1
72,2017,6,29,12,42913.5,47.43740742193325,-89.22786642888408,174,357,999.4831001510048,1005.4831001510048,6.0,13.375460557843644,9.232256867622054,362.35732095655754,412500,0.9004321998925298,8.469855010575616,15.527297763967425,17.757977493625972,23.589038566991967,0,0,0,0,0,7,7,1,1
72,2017,6,29,15,42913.625,47.17272470020583,-88.00390411399052,173,353,1000.978523769153,1008.978523769153,8.0,12.21105170306937,4.504485247929843,835.6388650701275,2193750,1.4954236181481975,14.126682864870567,30.839151676710117,-9.810458608854244,32.36198965229386,0,0,0,0,0,7,7,1,1
72,2017,6,29,18,42913.75,46.65876139743618,-87.11485534677958,171,350,1002.626430657134,1006.626430657134,4.0,10.78219356817191,6.253994608419816,340.2722749495672,363750,1.6479068879810803,15.698287150317688,22.616612992071605,-19.05003724982206,29.57051068975222,0,0,0,0,0,7,7,1,1
72,2017,6,29,21,42913.875,46.84111873462998,-85.88181029601122,172,346,1003.7115196368488,1007.7115196368488,4.0,9.24548529990187,6.2168962903379725,403.15875983611977,510625,1.085088979714783,10.305870046677317,31.261470503315095,6.75907024412042,31.983817292415143,0,0,0,0,0,8,8,1,1
72,2017,6,30,0,42914.0,47.76619595970035,-85.17176332027903,176,344,1004.9760536677557,1006.9760536677557,2.0,8.277777263351291,5.779532714786037,255.83680412822147,205625,1.2645340309067978,11.832593504280117,17.68969527807297,34.28796472741713,38.58224778547355,0,0,0,0,0,8,8,1,1
72,2017,6,30,3,42914.125,48.00625111911191,-85.14543332176329,177,344,1005.6197571174463,1009.6197571174463,4.0,8.295696611722732,6.025180849948956,463.74358955453346,675625,0.6437034496906563,6.0005400432711165,0.6529393102103643,8.89763861380551,8.921563912493191,0,0,0,0,0,11,11,1,1
72,2017,6,30,6,42914.25,48.30160060548062,-86.06023078706743,178,347,1005.3546629901325,1009.3546629901325,4.0,8.699881130309747,6.844159101638652,496.0779482660393,773125,-0.2650941273137869,-2.459799567091868,-22.55508870025619,10.94712149042564,25.071328149951754,0,0,0,0,0,10,10,1,1
72,2017,6,30,9,42914.375,47.85133569459377,-86.72506606305078,176,349,1005.1108919084244,1009.1108919084244,4.0,8.821410606621672,4.424962344599189,507.18258721320063,808125,-0.2437710817081097,-2.2779627700195872,-16.53619443625428,-16.68905791222743,23.494049894202746,0,0,0,0,0,7,7,1,1
72,2017,6,30,12,42914.5,48.631908061456215,-83.79998113532083,180,340,1005.6414603921953,1011.6414603921953,6.0,9.119710938190327,5.179070831099016,806.9341118856711,2045625,0.5305684837709123,4.898051931737298,71.64855847949927,28.931895691346455,77.26946693542786,0,0,0,0,0,8,8,1,1
72,2017,6,30,15,42914.625,48.631908061456215,-83.79998113532083,180,340,1006.001755745438,1012.001755745438,6.0,8.651453222684268,4.613519587951305,841.9241817381949,2226875,0.3602953532426909,3.3261405547569467,0.0,0.0,0.0,0,0,0,0,0,10,10,1,1
72,2017,6,30,18,42914.75,47.668128541709955,-81.43085812016236,177,332,1005.4778161670288,1011.4778161670288,6.0,8.624373029436962,3.9472821163271146,848.9834795373941,2264375,-0.5239395784091903,-4.910283971295383,59.13204595790537,-35.72246433323793,69.08468221832744,0,0,0,0,0,9,9,1,1
72,2017,6,30,21,42914.875,47.98916166178837,-80.10070633979743,179,328,1005.2626187806742,1009.2626187806742,4.0,8.508407015258237,1.9345714716819202,580.8687281605182,1060000,-0.21519738635455724,-2.0065876642711613,32.99602711028953,11.899084745864796,35.07600351881944,0,0,0,0,0,9,9,1,1
72,2017,7,1,0,42915.0,49.01797755910163,-80.51135910778362,183,330,1004.896906142792,1010.896906142792,6.0,9.099115933709868,2.517877773346263,819.1684984245938,2108125,-0.3657126378822431,-3.3563118492108095,-9.982149088675403,38.133036077501046,39.41791142255687,0,0,0,0,0,8,8,1,1
72,2017,7,1,3,42915.125,49.644102760327925,-79.70968454271879,186,328,1005.0838908220045,1011.0838908220045,6.0,9.734429491458513,2.6066930743437844,801.6159197106351,2018750,0.18698467921247355,1.7000065858194495,19.240751165651684,23.207315273555686,30.146077483227195,0,0,0,0,0,6,6,1,1
72,2017,7,1,6,42915.25,50.11485428625083,-79.59228868750995,188,328,1004.1446665264677,1010.1446665264677,6.0,10.621262396504804,3.2350839998718586,708.6140313703432,1577500,-0.9392242955366964,-8.480216734606309,2.7902576103877177,17.448393797604048,17.670087256394464,0,0,0,0,0,7,7,1,1
72,2017,7,1,9,42915.375,50.72890636773673,-78.75547363856532,191,326,1003.2052504890291,1009.2052504890291,6.0,11.480088216675691,4.576795944444529,648.2044814428574,1320000,-0.9394160374386411,-8.407135594348677,19.633060131610666,22.759825385587682,30.057722829813336,0,0,0,0,0,8,8,1,1
72,2017,7,1,12,42915.5,51.19647149405804,-78.62390614717283,193,326,1002.729180603461,1010.729180603461,8.0,12.811802407110347,5.735548325115233,746.2193760167105,1749375,-0.4760698855681403,-4.232402881740109,3.0558958520123944,17.330289974283613,17.597654674731565,0,0,0,0,0,10,10,1,1
72,2017,7,1,15,42915.625,51.61496018076122,-78.15523331038386,195,325,1002.4136447373292,1012.4136447373292,10.0,12.923279663825689,6.505772157183892,992.2561497427151,3093125,-0.31553586613183143,-2.788902146098524,10.786600304543114,15.511272939846421,18.893129289357585,0,0,0,0,0,11,11,1,1
72,2017,7,1,18,42915.75,51.978765545939886,-77.34059321498005,197,323,1001.5417009001321,1009.5417009001321,8.0,13.414120188644343,9.612298775286545,664.1220791717552,1385625,-0.8719438371970318,-7.668365178185261,18.598381054993048,13.484436964646212,22.972370755327834,0,0,0,0,0,12,12,1,1
72,2017,7,1,21,42915.875,52.262163617347,-77.60273369850087,198,324,1001.7629279089567,1005.7629279089567,4.0,12.729923847614844,7.2276222448235785,328.06787448010544,338125,0.22122700882464413,1.9381232069011656,-5.946809937209306,10.504142587107781,12.070690117784595,0,0,0,0,0,12,12,1,1
72,2017,7,2,0,42916.0,52.673263796681745,-77.11036848594003,200,323,1001.5334215288962,1011.5334215288962,10.0,13.25962749089053,7.510078773605783,997.7545635274264,3127500,-0.22950638006062946,-1.9996046302853276,11.065739477987616,15.23741809489738,18.831609076056136,0,0,0,0,0,9,9,1,1
72,2017,7,2,3,42916.125,52.904286145914746,-77.03178679124352,201,323,1001.2581810614628,1011.2581810614628,10.0,13.855976041552529,6.342792087448471,750.2077495658885,1768125,-0.2752404674333229,-2.390737766143448,1.7567469573809342,8.562837725405519,8.741186977973594,0,0,0,0,0,10,10,1,1
72,2017,7,2,6,42916.25,52.904286145914746,-77.03178679124352,201,323,1000.3440695542183,1012.3440695542183,12.0,14.398747671873732,6.707296358593667,862.9288441066304,2339375,-0.9141115072445245,-7.9399694500417475,0.0,0.0,0.0,0,0,0,0,0,10,10,1,1
72,2017,7,2,9,42916.375,53.08091606235421,-76.6075022462489,202,322,999.428174989417,1013.428174989417,14.0,14.933383835186474,5.914425892880608,998.2529175685537,3130625,-0.9158945648012741,-7.936992736440043,9.446440711575674,6.546783533906964,11.493285725028752,0,0,0,0,0,10,10,1,1
72,2017,7,2,12,42916.5,53.311172716178575,-76.52503860210554,203,322,999.1790837577544,1013.1790837577544,14.0,15.409461169988035,5.839396983542465,949.9518552700692,2835000,-0.2490912316626054,-2.152103173393493,1.826170991143758,8.534457243807108,8.727649221598368,0,0,0,0,0,11,11,1,1
72,2017,7,2,15,42916.625,53.427500540026095,-75.74722022546105,204,320,998.5198349384882,1012.5198349384882,14.0,15.634791594579495,4.213729678619493,930.2714674019519,2718750,-0.6592488192662131,-5.687199074959603,17.177859177209914,4.3116879464822535,17.710717062273204,0,0,0,0,0,10,10,1,1
72,2017,7,2,18,42916.75,53.53675255872278,-74.96476533620125,205,318,998.2882859342124,1012.2882859342124,14.0,14.939173864738647,4.360258950091011,1186.2245321233327,4420625,-0.23154900427587563,-1.9947056323610024,17.235810466878792,4.0494234015824535,17.70511203961873,0,0,0,0,0,11,11,1,1
72,2017,7,2,21,42916.875,53.474710465787496,-74.61943917769469,205,317,998.5249388759403,1012.5249388759403,14.0,13.965419084626467,6.550020271263929,1257.1430248394654,4965000,0.23665294172795256,2.040307908776593,7.6179708187480255,-2.2995886576043745,7.957486248148919,0,0,0,1,0,12,12,1,3
72,2017,7,3,0,42917.0,54.06330900334279,-68.23231374666572,213,301,997.2440285477875,1011.2440285477875,14.0,14.387923050968281,4.208650176763331,1124.0512908541068,3969375,-1.2809103281528222,-10.960578013699159,138.89259724738176,21.81639040218502,140.59554921939724,0,0,1,0,0,9,9,1,1
72,2017,7,3,3,42917.125,54.19373079637571,-67.75864338134927,214,300,996.0357689136214,1012.0357689136214,16.0,14.985538091776194,6.383838492626165,1254.0533407422472,4940625,-1.2082596341660246,-10.321911554837817,10.271395276922197,4.8340805697156695,11.35208773262796,0,0,0,0,0,9,9,1,1
72,2017,7,3,6,42917.25,54.22978100988721,-66.9451276954176,215,298,995.3750832337938,1009.3750832337938,14.0,14.636983995182971,6.564880238101614,1056.1615441755687,3504375,-0.660685679827584,-5.641541240679129,17.625381610857445,1.3362002823107506,17.67595847819289,0,0,0,0,0,7,7,1,1
72,2017,7,3,9,42917.375,54.25834290048021,-66.1301925678664,216,296,995.4308787832229,1011.4308787832229,16.0,14.06975423237394,6.284820597907892,1239.773714397099,4828750,0.055795549429021776,0.4762626713944757,17.643915141837503,1.058645776439586,17.67564630819298,0,0,0,0,0,7,7,1,1
72,2017,7,3,12,42917.5,54.18021999626981,-64.98310652189998,217,293,995.6365395661991,1011.6365395661991,16.0,13.603756377077787,5.3491416849897355,1248.9665271653357,4900625,0.20566078297619242,1.7572163984539209,24.8821094730739,-2.895623534311703,25.05003008945286,0,0,0,0,0,6,6,1,1
72,2017,7,3,15,42917.625,53.97807985478496,-64.32632467329775,217,291,996.3117547177186,1012.3117547177186,16.0,12.528363944027207,7.433877005253745,1319.6791143240332,5471250,0.6752151515195146,5.783968487278785,14.316293257346624,-7.492319401442947,16.158313731438277,0,0,0,0,0,4,4,1,1
72,2017,7,3,18,42917.75,53.3980206912277,-60.32151007486479,220,280,996.7881988662434,1012.7881988662434,16.0,11.642776291012938,4.198630162025147,1474.7380436371573,6832500,0.4764441485248972,4.111752274979002,88.49514317256548,-21.49987871375111,91.06939743865044,0,0,0,0,0,5,5,1,1
72,2017,7,3,21,42917.875,53.16290542884406,-56.35911338856209,225,270,997.1504010800336,1011.1504010800336,14.0,12.046763398273487,6.718774034162052,1270.2882268496996,5069375,0.3622022137901513,3.1354173776641816,88.04115893526864,-8.71454145125494,88.47140159040589,0,0,0,0,0,5,5,1,2
72,2017,7,4,0,42918.0,52.95967971596403,-55.28253502927343,226,267,998.3295830846043,1008.9678904040671,10.638307319462765,11.63133957127745,5.6524072315801455,1059.7344323896373,3528125,1.1791820045707573,10.234893235543385,24.036630966137547,-7.532556078661158,25.189264167110114,0,0,0,0,0,4,5,2,0
72,2017,7,4,3,42918.125,57.08970161398861,-50.32102123270121,248,267,995.9205898870749,1007.9205898870749,12.0,13.51972265547855,3.5859700424749468,980.3555031702444,3019375,-1.0473005169922545,-8.642905034128212,21.138921572114633,14.713920295905758,25.755649005728447,0,0,0,0,2,2,2,1,1
72,2017,7,4,6,42918.25,57.448498740441416,-49.81058619436565,250,267,995.0212279365,1011.0212279365,16.0,13.797213983811984,3.835990318236509,1307.5633736705406,5371250,-0.899361950574821,-7.392219913485779,10.179626775852578,13.29880671873286,16.747628531761414,0,0,0,0,0,2,2,1,2
72,2017,7,4,9,42918.375,57.4746104976511,-49.246842607023474,251,266,994.7088827625506,1000.7088827625506,6.0,14.204817429240064,4.06595326068069,429.6739856991561,580000,-0.31234517394943395,-2.5665450424266036,11.234727635694139,0.96783164249697,11.276338197147512,0,0,0,2,0,3,3,1,1
72,2017,7,4,12,42918.5,57.69074369127519,-47.848187911387896,254,264,993.534270111168,1001.534270111168,8.0,15.64385120818075,5.19120714499164,489.21288379849284,751875,-1.1746126513826312,-9.628716408361742,27.708002033824975,8.010971536828352,28.842833454262482,0,0,0,0,0,3,3,1,1
72,2017,7,4,15,42918.625,57.86358556168522,-47.57657183026883,255,264,993.6531355687181,1007.6531355687181,14.0,15.130535532159078,6.823995230919172,1031.5763366073231,3343125,0.11886545755012776,0.9725313994094924,5.3552406582292935,6.406379700450739,8.349868464466935,0,0,0,0,0,4,4,1,1
72,2017,7,4,18,42918.75,57.88669338298392,-46.43209618416465,257,262,993.9572977512278,1001.9572977512278,8.0,15.145018276299497,6.547117283039914,491.0394472791585,757500,0.3041621825096081,2.4879588978701874,22.549983573171566,0.856490831408223,22.566243278281696,0,0,0,0,0,7,7,1,1
72,2017,7,4,21,42918.875,58.967838853126246,-40.85109630226565,270,256,994.7109800278052,1002.7109800278052,8.0,15.891946655874442,2.9321614813448833,521.303237405458,853750,0.7536822765774559,6.093823838991858,106.60913517365836,40.072630414857535,113.89171792031729,0,0,0,0,0,7,7,1,1
72,2017,7,5,0,42919.0,59.71638203698107,-39.22906377842566,275,256,994.2315762685025,1006.2315762685025,12.0,16.565463953414064,2.9156128492949938,666.0663659641269,1393750,-0.4794037593026587,-3.846269493111887,30.316903632058743,27.744734806340368,41.09604549478808,0,0,0,0,0,5,5,1,1
72,2017,7,5,3,42919.125,60.334493582921404,-38.48898055659936,278,257,992.9591919841802,1006.9591919841802,14.0,17.43479928371087,3.452514796839169,704.2489555619652,1558125,-1.2723842843223248,-10.145052649262569,13.576590677931131,22.910289336329807,26.630906329121316,0,0,0,0,0,4,4,1,1
72,2017,7,5,6,42919.25,61.12934572611307,-37.993200359919456,281,259,991.6707613341198,1009.6707613341198,18.0,17.95420746815477,4.385815561883792,828.4658665773737,2156250,-1.2884306500604725,-10.193431183242957,8.872574021415272,29.461175251822958,30.768220894034783,0,0,0,0,0,3,3,1,1
72,2017,7,5,9,42919.375,61.454367139105614,-37.91482771944111,282,260,991.2317212425424,1009.2317212425424,18.0,18.599355121175744,5.812805875161648,789.2354899052027,1956875,-0.43904009157733526,-3.462695286874746,1.3881216253863713,12.046910725205576,12.126621115048431,0,0,0,0,0,3,3,1,1
72,2017,7,5,12,42919.5,61.31701169618998,-36.01075145939844,285,257,990.1488322822177,1008.1488322822177,18.0,20.771054573128758,2.356456623742415,743.0132629031677,1734375,-1.0828889603247809,-8.551888018596319,33.871971302700366,-5.091076133078447,34.25243781285878,0,0,0,0,0,1,1,1,1
72,2017,7,5,15,42919.625,61.77537395462131,-35.53767779197439,287,258,989.1760658866037,1007.1760658866037,18.0,21.237349340694507,2.7692440295605776,718.9267540514334,1623750,-0.9727663956138712,-7.648985645146669,8.292547146816943,16.989185900968874,18.90499340808828,0,0,0,0,0,3,3,1,1
72,2017,7,5,18,42919.75,62.097872392647176,-35.42967456548878,288,259,988.1882438688938,1006.1882438688938,18.0,21.74474255459049,3.205501523138301,700.4249510695399,1541250,-0.9878220177099866,-7.744096429063855,1.8733182841002747,11.953396719757267,12.099298100858917,0,0,0,0,0,1,1,1,1
72,2017,7,5,21,42919.875,62.42002706644036,-35.319201140614915,289,260,987.893849696024,1003.893849696024,16.0,21.71141562592756,4.465878842446691,628.7297431365046,1241875,-0.29439417286979735,-2.3011079972147406,1.8957871343903026,11.940655106878127,12.090213118069281,0,0,0,0,0,1,1,1,1
72,2017,7,6,0,42920.0,62.42002706644036,-35.319201140614915,289,260,988.0733937218573,1002.0733937218573,14.0,21.561794979053246,7.3543180323262645,571.7206174128935,1026875,0.17954402583331103,1.4033912073384933,0.0,0.0,0.0,0,0,0,0,0,2,2,1,2
72,2017,7,6,3,42920.125,63.07491949746296,-37.495267549388046,287,265,988.9912306884082,1002.9912306884082,14.0,19.21678590186963,9.052363171816177,619.1643313148803,1204375,0.9178369665509671,7.132083153894334,-36.521242605185755,24.273571942544557,43.85210891481414,0,0,0,0,0,3,3,1,2
72,2017,7,6,6,42920.25,62.972476219041944,-38.54753711199749,285,266,989.080013076154,1003.080013076154,14.0,18.65354664665864,12.118209110245516,634.3997654031962,1264375,0.08878238774574129,0.6905146853335948,-17.723188552591324,-3.7970576097511937,18.12537058827967,0,0,0,0,0,4,4,1,2
72,2017,7,6,9,42920.375,62.64817422509125,-38.62281937639265,284,265,990.4143253717231,1003.8452928440581,13.430967472335032,17.557618344101577,9.985295709819693,654.4659965162921,1345625,1.334312295569107,10.407977787055188,-1.2820282599191992,-12.02024547601,12.088419986200444,0,0,0,0,0,1,0,2,0
72,2017,7,6,12,42920.5,62.17856072854858,-39.05996274769937,282,264,991.4469788304725,1004.838156941744,13.391178111271584,16.73535414880644,12.579511282246603,691.707703925589,1503125,1.0326534587494098,8.089531062706287,-7.562074904366266,-17.40621276645224,18.97791399838905,0,0,0,0,0,2,1,2,0
72,2017,7,6,15,42920.625,61.67354797327202,-38.83852189632938,281,262,991.9995440596093,1004.4161819825753,12.416637922965892,16.21700745359807,11.918571485591746,678.2018766824356,1445000,0.5525652291368169,4.349045996673953,3.8945077613775005,-18.71828542584807,19.11913700947158,0,0,0,0,0,4,3,2,0
72,2017,7,6,18,42920.75,61.41218097168922,-37.27817419986903,283,259,992.273092870755,1004.5198005220715,12.246707651316392,16.29637825680678,8.181942730905867,688.9699687007974,1491250,0.273548811145738,2.1583358690080687,27.67332901003375,-9.68756152276939,29.319992952847336,0,0,0,0,0,3,4,2,0
72,2017,7,6,21,42920.875,64.39637657564384,-31.65716630157695,300,263,989.498853602567,997.498853602567,8.0,19.435500763162082,9.71660848097359,346.06949399889504,376250,-2.774239268188103,-21.313354010828974,90.00435046465644,110.60913709158316,142.60141763218675,0,0,1,0,0,5,5,1,1
72,2017,7,7,0,42921.0,63.70915977565251,-33.0754760623881,296,262,991.4780043794381,999.4780043794381,8.0,17.31475397192565,5.9035233480533496,364.81957343404355,418125,1.9791507768711016,15.294013601303527,-23.284070197553113,-25.471673887981684,34.51020277570488,0,0,0,0,0,4,4,1,1
72,2017,7,7,3,42921.125,62.94354761721718,-33.75645889778681,293,260,992.0682326523441,1000.0682326523441,8.0,16.261884690545294,6.008642036305828,365.90858950844125,420625,0.5902282729060971,4.591747900569494,-11.481097462234871,-28.377395931799594,30.61196169485798,0,0,0,0,0,3,3,1,1
72,2017,7,7,6,42921.25,62.43139330916921,-33.624884642254514,292,258,993.7109801066434,999.6337437550825,5.92276364843914,14.503333445294192,4.790084164455984,333.48090872711424,349375,1.6427474542992422,12.839071097035804,2.25703177854453,-18.982986904696137,19.116693863563984,0,0,0,1,0,4,2,2,0
72,2017,7,7,9,42921.375,61.60892301745248,-27.279934677709054,302,248,995.1168255842994,1001.1168255842994,6.0,16.662943879064194,8.028275165746308,336.7460422231796,356250,1.4058454776559666,11.071652362723317,111.7786747911295,-30.484841251590225,115.86111377073736,0,0,1,0,0,2,2,1,1
72,2017,7,7,12,42921.5,61.81805521910993,-26.462186333353966,304,248,995.9986271164332,1001.9986271164332,6.0,15.97905074883018,7.00450610769818,341.1481381100423,365625,0.8818015321338316,6.93094803344858,14.314417030795052,7.7514799407717,16.278451283942875,0,0,0,0,0,4,4,1,1
72,2017,7,7,15,42921.625,62.021135182005544,-25.632652452223766,306,248,996.892628802895,1006.892628802895,10.0,15.178265920606426,6.297902996327102,712.8128476822482,1596250,0.894001686461852,7.01356597867345,14.424565809133833,7.527153859052516,16.270407001666612,0,0,2,0,0,4,4,1,2
72,2017,7,7,18,42921.75,62.21804454974343,-24.79143166293742,308,248,997.8005448554518,1005.8005448554518,8.0,14.317579916211704,5.693010520413372,640.7961869245869,1290000,0.9079160525566841,7.109787700810673,14.533066026560233,7.298440900413588,16.262756460981304,0,0,0,0,0,4,4,1,2
72,2017,7,7,21,42921.875,62.197356150306234,-23.74949449286676,310,247,998.7767231957703,1006.4412524420159,7.664529246245511,13.901225906357768,4.417904971187381,652.1821719528144,1336250,0.9761783403185836,7.645796904722354,18.012943035863714,-0.7668150192707489,18.02925739144711,0,0,0,0,0,2,4,2,0
72,2017,7,8,0,42922.0,61.953914393301076,-22.530979230465444,312,245,999.9938459071765,1008.5476278863539,8.553781979177439,13.234721235274371,3.502010259631279,799.3791944465153,2007500,1.2171227114061185,9.55445626250439,21.23508241875084,-9.023162770803717,23.072628626135323,0,0,0,0,0,3,6,2,0
72,2017,7,8,3,42922.125,62.1597769147808,-20.20186754656228,317,244,1000.1495043092555,1008.6019613263422,8.452457017086854,12.617941501174288,1.7031550526304635,838.490883139732,2208750,0.15565840207898873,1.219597362896283,40.313873351317774,7.63028932493394,41.02961978581194,0,0,0,0,0,3,5,2,0
72,2017,7,8,6,42922.25,62.45603491167122,-16.947081294094232,324,243,1000.0267520662611,1007.3668394216531,7.340087355392025,12.434507500360516,1.3841948083471651,701.1346735649947,1544375,-0.12275224299432011,-0.9591682015767737,55.780890932868225,10.980795410697931,56.85143499610318,0,0,0,0,0,2,4,2,0
72,2017,7,8,9,42922.375,62.65008278317569,-15.587505283247335,327,243,1000.1897234772562,1008.1897234772562,8.0,12.634132416384285,1.3510289748353534,710.0163957568716,1583750,0.16297141099508736,1.2711968594237915,23.151142936370977,7.192379612490896,24.242643085077468,0,0,0,0,0,2,2,1,2
72,2017,7,8,12,42922.5,62.98984705464938,-12.81489410810922,333,243,1000.4088429475119,1008.4088429475119,8.0,12.62147818319453,0.9361616565941949,689.4029654767758,1493125,0.21911947025568224,1.703962075356532,46.66774548730869,12.593354414319542,48.337056636424215,0,0,1,0,0,1,1,1,1
72,2017,7,8,15,42922.625,63.179665865379285,-10.931122922411443,337,243,1000.1569122196507,1008.1569122196507,8.0,12.281530095208135,1.4561116457681056,688.8255759571598,1490625,-0.25193072786118137,-1.9558235390026797,31.50212731017043,7.035629578289853,32.278229639016644,0,0,0,0,0,1,1,1,1
72,2017,7,8,18,42922.75,63.40791924949848,-8.061237267710169,343,243,999.1174996050412,1007.1174996050412,8.0,12.347349113813324,2.120981740832867,638.1517927863144,1279375,-1.039412614609464,-8.05315594699643,47.612010813795536,8.460206101168474,48.35781902657761,0,0,0,1,0,1,1,1,2
72,2017,7,8,21,42922.875,63.10785470157933,-5.063616853030085,349,241,998.7035968389117,1006.7035968389117,8.0,12.193311579895395,4.264585135986927,603.0497864728756,1142500,-0.41390276612946764,-3.215307270299948,50.25039674619034,-11.121885131500761,51.46648134492812,0,0,0,0,0,1,1,1,2
72,2017,7,9,0,42923.0,63.604449246509155,-4.172984476079507,351,243,997.2962297419634,1003.2962297419634,6.0,13.196854452133392,6.437528062578131,351.48829934307025,388125,-1.4073670969482919,-10.885365005622809,14.675556024537318,18.406264665186736,23.54065682079061,0,0,0,2,0,2,2,1,1
72,2017,7,9,3,42923.125,64.06368676933945,-4.245610784102906,351,245,995.926148752424,1007.926148752424,12.0,14.093783664550552,7.530150649560165,758.3839236154316,1806875,-1.3700809895395651,-10.555323724165909,-1.1773578037688137,17.021627554514634,17.06229691462164,0,0,0,0,0,1,1,1,1
72,2017,7,9,6,42923.25,64.52242813216967,-4.320804954984468,351,247,995.1060358853923,1007.1060358853923,12.0,14.74217845981276,9.65976510133689,679.0813262112033,1448750,-0.8201128670315666,-6.293974075991206,-1.1988797397332704,17.003237396243588,17.045450847172077,0,0,0,0,0,0,0,1,1
72,2017,7,9,9,42923.375,64.50409443536742,-4.826858781122976,350,247,995.4440707132453,1007.4440707132453,12.0,14.558066638996475,9.369642385874759,699.9987721733323,1539375,0.3380348278529709,2.5946513959733193,-8.07381061583802,-0.6795380236833611,8.102357051256764,0,0,0,0,0,1,1,1,1
72,2017,7,9,12,42923.5,64.27493703489893,-4.784529688165019,350,246,996.0972274634216,1008.0972274634216,12.0,13.867513140188185,8.261483369854467,795.1371022864888,1986250,0.6531567501762765,5.023051176830728,0.680997687244225,-8.493713445050338,8.52096977677194,0,0,0,0,0,1,1,1,1
72,2017,7,9,15,42923.625,64.06368676933945,-4.245610784102906,351,245,996.6098181132871,1008.6098181132871,12.0,13.107366783347103,6.963692498622623,860.6203090875255,2326875,0.5125906498655968,3.9490805934985276,8.736483202670662,-7.829985927509888,11.731786665957982,0,0,0,0,0,1,1,1,1
72,2017,7,9,18,42923.75,63.86396678635062,-3.2210402155004867,353,244,997.0706130191413,1009.0706130191413,12.0,12.423122391950551,5.239500937615521,955.901834408923,2870625,0.46079490585412713,3.5560882099499906,16.728254991921983,-7.4026162859651095,18.29298343496759,0,0,0,0,0,1,1,1,1
72,2017,7,9,21,42923.875,63.893834648574455,-1.7357045889283889,356,244,998.1767080290472,1008.1767080290472,10.0,11.475680099353996,5.049012505776481,751.4001334964605,1773750,1.106095009905839,8.533874977892786,24.225152536945128,1.1070515830027376,24.250434607356787,0,0,0,0,0,3,3,1,1
72,2017,7,10,0,42924.0,63.90579064691938,-0.24803212815650258,359,244,998.5044788655987,1008.5044788655987,10.0,11.053219506956275,4.855696795468175,784.6850872080915,1934375,0.3277708365514991,2.5285977990717647,24.252930718747713,0.4431487863088633,24.25697898121659,0,0,0,0,0,3,3,1,1
72,2017,7,10,3,42924.125,64.35988869822238,1.261817538886129,362,246,998.4396651749379,1008.4396651749379,10.0,10.707084867216247,4.499261120543597,887.1421495957807,2472500,-0.06481369066081243,-0.4980893747175362,24.215372961579277,16.83113316802477,29.490190426448052,0,0,0,0,0,3,3,1,1
72,2017,7,10,6,42924.25,64.80509598220652,2.3111314527614013,364,248,998.5228981871336,1008.5228981871336,10.0,10.59042004842501,4.491717356443842,950.684560242303,2839375,0.08323301219570567,0.6372832145760436,16.556427030605803,16.50159709474635,23.37558518405723,0,0,0,0,0,4,4,1,1
72,2017,7,10,9,42924.375,65.47009452832565,3.428368558854966,366,251,998.8179118857652,1004.8179118857652,6.0,10.459782423697328,5.114245417431011,424.7845533095999,566875,0.2950136986316647,2.2466905977034104,17.192039187127268,24.64815485148488,30.051584800048353,0,0,0,0,0,2,2,1,1
72,2017,7,10,12,42924.5,66.14153665169869,4.066318774805974,367,254,999.5486896023367,1005.5486896023367,6.0,9.686236906140762,5.020012520091041,570.152585949758,1021250,0.7307777165714652,5.536045928081203,9.564103711652027,24.886985884843995,26.66147306957476,0,0,0,0,0,3,3,1,1
72,2017,7,10,15,42924.625,66.80891928847387,4.740510573891178,368,257,999.8233949113849,1005.8233949113849,6.0,9.250811901943829,4.7502282588040545,586.6622234610165,1081250,0.2747053090481495,2.0705190803512483,9.840552422346004,24.736521113356464,26.62201999789779,0,0,0,0,0,3,3,1,1
72,2017,7,10,18,42924.75,67.4720047988359,5.453918888591256,369,260,999.9450244438499,1005.9450244438499,6.0,8.88957941570734,4.215233512599443,600.5704702880486,1133125,0.12162953246501275,0.9122886399586634,10.13097150540472,24.577248227925146,26.583410505433122,0,0,0,0,0,3,3,1,1
72,2017,7,10,21,42924.875,67.90352009427578,6.14662565964667,370,262,1000.4062040039287,1006.4062040039287,6.0,8.671580685373547,4.031102858206141,589.368868619697,1091250,0.46117956007889005,3.4484266431682182,9.658105942882665,15.994103874147385,18.683960210323768,0,0,0,0,0,6,6,1,1
72,2017,7,11,0,42925.0,68.38117137642955,5.6808908179659525,369,264,1000.8978580961269,1006.8978580961269,6.0,7.8186357906773285,3.3202848263413762,632.9870213786745,1258750,0.4916540921981505,3.664023510628514,-6.3599908465067685,17.704133093589252,18.81185296995413,0,0,0,0,0,7,7,1,1
72,2017,7,11,3,42925.125,68.38117137642955,5.6808908179659525,369,264,,,,7.8186357906773285,,0.0,0,0.0,,0.0,0.0,0.0,0,3,0,0,0,7,7,0,0
74,2017,7,3,3,42917.125,53.13360572772451,-115.85186254206042,214,430,1004.9940001111098,1006.9940001111098,2.0,7.6334443853818925,5.199487424660183,173.8949084575512,95000,,,,,,3,0,0,0,0,16,16,1,1
74,2017,7,3,6,42917.25,53.437823271666396,-114.88741171092452,214,427,1004.603561754635,1006.603561754635,2.0,8.429415234599716,9.549935101516457,148.60265258063356,69375,-0.39043835647476954,-3.367778385259671,21.29434523713169,11.275815827535512,24.09550085917812,0,0,0,0,0,15,15,1,1
74,2017,7,3,9,42917.375,53.51458434042147,-113.7625996572112,213,424,1004.2980745669361,1006.2980745669361,2.0,8.758568820242232,7.002060238580525,180.07726023841454,101875,-0.30548718769889094,-2.632407487708504,24.790046000578194,2.8451471364596954,24.952780264709737,0,0,0,0,0,17,17,1,1
74,2017,7,3,12,42917.5,51.39467557172462,-113.91085566367137,205,428,1004.8229455271999,1006.8229455271999,2.0,8.931137573474155,11.977356794985536,196.9619693713725,121875,0.5248709602637973,4.653342567986658,-3.428682537214177,-78.57436667613433,78.64913834554456,0,0,0,0,0,14,14,1,1
74,2017,7,3,15,42917.625,52.15890318116787,-110.2931296157347,204,417,1005.3891510347212,1005.3891510347212,0.0,7.600264810833503,2.8186954583161423,14.104739588693906,625,0.5662055075212266,4.9673437891579235,82.2527280927565,28.326077657262935,86.99355122160621,0,0,0,0,0,10,10,1,1
74,2017,7,3,18,42917.75,51.26525500785008,-109.82431288093953,200,417,1004.3714822622875,1006.3714822622875,2.0,7.961183214268178,4.600703566113516,230.04134101951155,166250,-1.0176687724336808,-9.038659143524177,10.872845377837566,-33.123047692705555,34.861942789575146,0,0,0,0,0,11,11,1,1
74,2017,7,3,21,42917.875,52.0287317025816,-108.76172729212333,202,413,1002.9743293220448,1004.9743293220448,2.0,8.329210769167554,5.1456610491791075,166.29242725457107,86875,-1.3971529402426677,-12.27898195521256,24.231865922564033,28.29824502183425,37.25552304564904,0,0,0,3,0,13,13,1,1
74,2017,7,4,0,42918.0,52.39445497916685,-107.11550964684912,202,408,1002.345934699314,1004.345934699314,2.0,8.049488482824117,9.303691101415097,250.33429417967045,196875,-0.6283946227308479,-5.4954273507995595,37.233112276905736,13.555524304034902,39.62394338000635,0,0,2,0,0,12,12,1,2
74,2017,7,4,3,42918.125,48.2659111670477,-105.44831183244685,184,408,1003.465705988096,1005.465705988096,2.0,8.671775564531838,6.711008100136313,271.3100830783876,231250,0.6969023120695783,6.470125170090484,24.538404580058486,-1.2248095596142508,24.56895312771706,0,0,0,0,2,10,10,1,1
74,2017,7,4,6,42918.25,48.2659111670477,-105.44831183244685,184,408,1004.92805409796,1004.92805409796,0.0,7.857262740861324,5.828137226664548,14.104739588693906,625,1.4623481098639604,13.57661633374007,0.0,0.0,0.0,0,0,0,0,0,9,9,1,1
74,2017,7,4,9,42918.375,48.2659111670477,-105.44831183244685,184,408,,,,7.857262740861324,,0.0,0,0.0,,0.0,0.0,0.0,0,3,0,0,0,9,9,0,0
75,2017,7,1,15,42915.625,58.17679582019608,48.179830119864235,464,266,996.7489699759194,1000.7489699759194,4.0,12.138896167985232,5.800636399819414,295.5271138519739,274375,0.5120287654288405,4.175033703668866,96.22168326242132,-7.423827453341254,96.50764500240753,2,0,0,2,0,8,8,1,1
75,2017,7,1,18,42915.75,58.33192412521873,48.48579118312213,464,267,996.0535547832031,1000.0535547832031,4.0,12.607677774928629,7.232712425331993,266.8741970172897,223750,-0.6954151927163185,-5.660858299299208,5.953697327015644,5.74982683249608,8.276896789582745,0,0,0,0,0,9,9,1,1
75,2017,7,1,21,42915.875,58.435719490958306,49.95712606968069,466,270,996.338780135487,1000.338780135487,4.0,12.157785815038784,6.082476100664135,298.20768677650904,279375,0.28522535228388735,2.319219816215055,28.546034657365745,3.847172693152496,28.80411137998297,0,0,0,0,0,9,9,1,1
75,2017,7,2,0,42916.0,58.405554096802035,50.536882362483716,467,271,996.7336030620646,998.7336030620646,2.0,11.158517328707262,5.292157945944054,197.4663542417147,122500,0.3948229265776172,3.211417014702736,11.257942124647336,-1.1180795968035828,11.31332678157479,0,0,0,0,0,7,7,1,1
75,2017,7,2,3,42916.125,58.7337256206673,50.59360344911225,466,272,997.2853573345758,999.2853573345758,2.0,10.518779791643357,3.1106983663312713,307.7290872499344,297500,0.5517542725111707,4.472185975113593,1.0911615401569343,12.163669507677172,12.212513639653103,0,0,0,0,0,8,8,1,2
75,2017,7,2,6,42916.25,59.09232180620576,50.059868846264116,464,272,997.3717681295062,999.3717681295062,2.0,9.93067169000185,3.772449861969217,373.442791983288,438125,0.08641079493041616,0.6977555767266932,-10.161562369661466,13.291358848655781,16.730737277127396,0,0,0,0,0,8,8,1,2
75,2017,7,2,9,42916.375,55.07235478530553,46.05602380599755,470,253,997.2245318334426,999.2245318334426,2.0,9.123129617452713,3.300565411171992,351.20518347003207,387500,-0.31028734508596245,-2.622023965390449,91.4712069527609,-35.095021451032835,97.97266063572667,0,0,0,0,2,7,7,1,1
75,2017,7,2,12,42916.5,55.66731635100437,48.76051070575694,473,260,995.605755977079,999.605755977079,4.0,10.300243126745094,8.761378710358622,393.4185838987124,486250,-1.6187758563636452,-13.581405318211013,56.53248138314502,22.052235884738224,60.68131968614208,0,0,0,0,0,7,7,1,1
75,2017,7,2,15,42916.625,56.39809434140123,50.76513455797237,474,266,995.3596919771176,1001.3596919771176,6.0,10.54772531927853,3.208289925777935,647.8974937479493,1318750,-0.24606399996133405,-2.046795050876252,41.11833372300886,27.08626834521225,49.2380269814457,0,0,0,0,0,7,7,1,1
75,2017,7,2,18,42916.75,56.94135023893759,52.539445139509304,475,271,994.8101687733266,1000.8101687733266,6.0,11.799809140551131,4.195581607697677,531.6944307278186,888125,-0.5495232037910318,-4.5425976762914,35.87349806532646,20.135766558592962,41.138266350748566,0,0,0,0,0,8,8,1,2
75,2017,7,2,21,42916.875,57.50237454312399,53.81073298598491,475,275,993.8674282800358,1001.8674282800358,8.0,12.963341889678084,4.565324932798612,693.287767191607,1510000,-0.9427404932907666,-7.7441208655392675,25.315677014548235,20.794352116607545,32.761083355932946,0,0,0,0,0,7,7,1,1
75,2017,7,3,0,42917.0,58.1784602915582,55.45990909292913,475,280,991.7663126710885,1001.7663126710885,10.0,15.728257567736863,6.871505826897629,683.607125221481,1468125,-2.1011156089472935,-17.131987365779626,32.229778974273906,25.05910173419113,40.825448343589436,0,0,0,0,0,6,6,1,1
75,2017,7,3,3,42917.125,58.89302319175358,56.599595221116346,474,284,990.8461455297719,1002.8461455297719,12.0,16.952822002356424,7.961957374190824,764.26346317697,1835000,-0.9201671413166332,-7.445776490267187,21.823767901031847,26.48525642338256,34.31829910136042,0,0,0,0,0,7,7,1,1
75,2017,7,3,6,42917.25,59.468494067361654,57.43092207628773,473,287,990.1580098953232,1002.1580098953232,12.0,17.33015651473651,8.513234591634973,734.3952024643546,1694375,-0.6881356344486994,-5.534967012539344,15.653330030404469,21.329813933106855,26.45728072689485,0,0,0,0,0,5,5,1,1
75,2017,7,3,9,42917.375,59.79476668462191,60.06848815949221,475,293,990.7644355066627,1002.7644355066627,12.0,16.493670755281062,6.305552073376602,784.3046952876003,1932500,0.6064256113395095,4.861489944192255,49.18036868397077,12.093286580794123,50.645397068406005,0,0,0,0,0,6,6,1,1
75,2017,7,3,12,42917.5,60.024002355754966,60.81919394750015,475,295,989.8950074984804,1001.8950074984804,12.0,16.841399995576722,8.13141127972376,736.6942078931822,1705000,-0.8694280081822945,-6.953742818035251,13.902275254777841,8.49661454531878,16.293118669896533,0,0,0,0,0,7,7,1,1
75,2017,7,3,15,42917.625,60.13657135779482,61.1987285736275,475,296,990.0829028287111,1004.0829028287111,14.0,16.530472836372386,10.097524510824515,1087.3464413396116,3714375,0.18789533023067634,1.5011011174710938,7.004652160160014,4.172367308090907,8.153146683242007,0,0,0,0,0,5,5,1,1
75,2017,7,3,18,42917.75,60.1524320636568,62.17056135193816,476,298,990.7177150302809,1004.7177150302809,14.0,15.78789634988654,6.673070155084497,1136.372922729095,4056875,0.6348122015698755,5.070726897148441,17.927261126890528,0.5878766749512226,17.936897460170528,0,0,0,0,0,7,7,1,1
75,2017,7,3,21,42917.875,59.952087583526435,63.338328712969826,478,300,991.1134710091858,1003.1134710091858,12.0,15.394597999911849,5.039831280464933,793.1329728177466,1976250,0.3957559789047809,3.1675782367307583,21.672691264608382,-7.425763257246012,22.909550554380097,0,0,0,0,0,8,8,1,1
75,2017,7,4,0,42918.0,59.952087583526435,63.338328712969826,478,300,991.2048795680981,1003.2048795680981,12.0,15.084051878168436,6.342482973564256,816.8580653410794,2096250,0.09140855891237151,0.7316219521510092,0.0,0.0,0.0,0,0,0,0,0,8,8,1,2
75,2017,7,4,3,42918.125,59.428792482722045,64.29004621918874,481,301,991.8108333674082,1003.3941110271422,11.583277659734012,14.284511796080395,4.052084270064588,816.7362825501916,2095625,0.6059537993100821,4.875937478660412,17.941219179887813,-19.395920115800454,26.421375111815944,0,0,0,0,0,5,6,2,0
75,2017,7,4,6,42918.25,60.92111609110181,75.80144597613683,484,328,990.7131851425497,1002.7131851425497,12.0,15.756100252600438,6.985862375274373,767.6400046882279,1851250,-0.6809258845924342,-5.398003723662935,30.91930290385978,8.930435740604832,32.18316290512329,0,0,0,0,2,6,6,1,1
75,2017,7,4,9,42918.375,60.97711408267086,76.23478468799235,484,329,990.8771654686639,1000.8771654686639,10.0,15.39253222770089,7.1463643375931145,669.4924260083532,1408125,0.16398032611410598,1.2992397768998785,7.792457610669041,2.0755641882543054,8.064140519214531,0,0,0,0,0,8,8,1,1
75,2017,7,4,12,42918.5,60.85800984869632,77.20560060923482,485,331,991.3851504292409,1001.3851504292409,10.0,14.66784185447128,4.661271606733935,720.4471237769249,1630625,0.5079849605770141,4.029494283647841,17.522814093182355,-4.414595519951782,18.070353271284112,0,0,0,0,0,8,8,1,1
75,2017,7,4,15,42918.625,61.36273024613183,79.75591255354138,484,337,991.2016607074219,1001.2016607074219,10.0,15.00220733854127,6.395762275853994,717.8190080096871,1618750,-0.18348972181905993,-1.448439664964375,45.30051981424875,18.707449189618266,49.0112818708437,0,0,0,0,0,6,6,1,1
75,2017,7,4,18,42918.75,60.32208854866332,78.7758395869269,488,334,991.021557143462,1001.021557143462,10.0,15.551163417363941,3.754633780004224,721.826499199837,1636875,-0.18010356395985583,-1.4361899626572048,-17.985888547945684,-38.5713590710937,42.5586880372312,0,0,0,0,0,12,12,1,1
75,2017,7,4,21,42918.875,59.763390899991286,80.29056259190135,491,337,990.5952731473791,1000.5952731473791,10.0,16.308810118839595,1.7185901320569974,718.5115494230663,1621875,-0.42628399608292966,-3.418451469226806,28.271518459470947,-20.70811468685801,35.04432578732641,0,0,0,0,0,17,17,1,1
75,2017,7,5,0,42919.0,59.18298159539255,81.75065582109372,494,340,990.5887100789965,1000.5887100789965,10.0,16.75014869439281,1.5533071099359221,715.5983715731704,1608750,-0.006563068382529309,-0.05294580841272154,27.72415244714598,-21.512856682891922,35.09176016633019,0,0,0,0,0,14,14,1,1
75,2017,7,5,3,42919.125,59.53418968008467,83.377333404619,493,344,990.4743148279039,1002.4743148279039,12.0,16.641925850457167,1.029600986713922,907.5388864949856,2587500,-0.1143952510926465,-0.9195083496540363,30.569123225324837,13.017519071438924,33.225398380461456,0,0,0,0,0,13,13,1,1
75,2017,7,5,6,42919.25,59.47713097684125,82.53189925157467,493,342,990.2106965067985,1002.2106965067985,12.0,16.6351468227716,8.11299402409706,948.0651565749471,2823750,-0.26361832110531397,-2.1202055847082666,-15.914888588604134,-2.1148794405289477,16.054793484677845,0,0,0,0,0,10,10,1,1
75,2017,7,5,9,42919.375,60.8382020285565,86.2155200905121,488,351,990.3964816443241,1000.3964816443241,10.0,16.155811105330805,4.721044879330002,765.6938171454498,1841875,0.1857851375255268,1.4739895446392142,66.52087906974862,50.44806525117033,83.48673331612909,0,0,0,0,0,9,9,1,1
75,2017,7,5,12,42919.5,60.41257562310024,87.58666356715011,490,354,991.0396549354512,1001.0396549354512,10.0,15.40013343888933,1.6887110893904902,905.7834904869487,2577500,0.6431732911270228,5.124216020104559,25.092664633902178,-15.775832310898846,29.63981618585185,0,0,0,0,0,7,7,1,1
75,2017,7,5,15,42919.625,61.829199165269685,90.23010229509721,484,360,991.2936707917172,1001.2936707917172,10.0,16.05037360187586,1.8047168771957514,760.4796344808813,1816875,0.25401585626605083,1.9963531680276463,46.25284785148321,52.50711695149541,69.97373267827344,0,0,0,0,0,10,10,1,1
75,2017,7,5,18,42919.75,62.28585083245166,91.16913932790742,482,362,990.4589605737357,1002.4589605737357,12.0,16.939962278403264,2.462341703364655,820.9879316982539,2117500,-0.8347102179814828,-6.53245281366204,16.18647384702747,16.92578287813847,23.41973658345434,0,0,0,0,0,9,9,1,1
75,2017,7,5,21,42919.875,62.516777420647614,91.17875916991123,481,362,990.7381769547314,1002.7381769547314,12.0,16.917388992010476,2.8564091030103738,836.2338376375445,2196875,0.2792163809957856,2.1805518166992317,0.16454810179933946,8.559288344909042,8.560869876893442,0,0,0,0,0,9,9,1,1
75,2017,7,6,0,42920.0,62.747581881968785,91.18853860920882,480,362,990.942402053086,1002.942402053086,12.0,17.25974267407333,3.388577096020236,822.6824390360383,2126250,0.2042250983545091,1.5915820712017854,0.16598129995897995,8.554761715281524,8.556371765952116,0,0,0,0,0,11,11,1,1
75,2017,7,6,3,42920.125,62.91464742446662,94.06857967684542,479,368,991.3957034982615,1003.3957034982615,12.0,16.262215580405694,2.496968157300289,854.0067486376266,2291250,0.45330144517545706,3.5274193164035164,48.60045299778617,6.192280247626745,48.99335022485369,0,0,0,0,0,11,11,1,1
75,2017,7,6,6,42920.25,62.45413868662304,94.00182658010982,481,368,991.620663768087,1001.620663768087,10.0,15.734260494526865,2.5717288209509572,772.2908449780289,1873750,0.22496026982553302,1.7578372237101931,-1.1442155391689062,-17.068745107898447,17.107053772011206,0,0,0,0,0,11,11,1,1
75,2017,7,6,9,42920.375,62.22368928730926,93.9692634567195,482,368,991.8524702713731,999.8524702713731,8.0,15.538594551989133,5.053106233730359,662.322287030292,1378125,0.23180650328620686,1.8151562489242241,-0.5624645167222544,-8.541601350659205,8.560100464723224,0,0,0,0,0,9,9,1,1
75,2017,7,6,12,42920.5,63.267243100843565,96.55418059039276,477,373,993.5106962662973,1001.5106962662973,8.0,14.356263471348205,4.727423749638038,725.1262946824155,1651875,1.6582259949241416,12.863444161606909,43.09521674843977,38.67929658186537,57.90756160177102,0,0,0,0,0,11,11,1,1
75,2017,7,6,15,42920.625,63.0865394518636,95.54299208750408,478,371,993.6093943280315,1001.6093943280315,8.0,15.176883929486014,2.99828104335058,689.4029654767758,1493125,0.098698061734176,0.7668576512906609,-16.96478369612092,-6.697776330910412,18.239081490992742,0,0,0,0,0,13,13,1,1
75,2017,7,6,18,42920.75,62.45413868662304,94.00182658010982,481,368,993.7568607681278,1001.7568607681278,8.0,15.455124516911296,4.511082836726419,682.1504708383106,1461875,0.14746644009632293,1.152301239016046,-26.416509407430524,-23.439918900295762,35.316593370897316,0,0,0,0,0,13,13,1,1
75,2017,7,6,21,42920.875,62.91464742446662,94.06857967684542,479,368,993.8688910301721,1001.8688910301721,8.0,15.803612000191244,5.272365441222428,648.9713153575649,1323125,0.1120302620442817,0.8717768596651784,1.1265469101289478,17.068745107898447,17.105881079299255,0,0,0,0,0,13,13,1,1
75,2017,7,7,0,42921.0,64.50409443536742,94.82685878112298,472,369,994.0988785858343,1002.0988785858343,8.0,16.37486092146338,6.49844720674395,585.3042072335587,1076250,0.22998755566222825,1.7653137581877936,12.097886384642322,58.912814594175714,60.14215309068538,0,0,0,0,0,11,11,1,1
75,2017,7,7,3,42921.125,64.99726469823499,93.88289856036369,470,367,994.5057046883984,1004.5057046883984,10.0,15.650661349072147,6.986029586467485,739.3897683364711,1717500,0.40682610256408225,3.110021461428248,-14.787886069860509,18.27934373427926,23.512039081523934,0,0,0,0,0,9,9,1,2
75,2017,7,7,6,42921.25,64.02563061962874,95.23954368542924,474,370,994.8465535501609,998.8465535501609,4.0,14.055809577744933,8.925070692364388,319.7765640827088,321250,0.3408488617624971,2.626803452815763,22.022427361164493,-36.01359336532522,42.21334165830471,0,0,0,2,0,10,10,1,1
75,2017,7,7,9,42921.375,64.6900364689131,95.88860874604566,471,371,995.3074583806032,999.3074583806032,4.0,13.235236701652921,8.661122562297823,298.87407349973716,280625,0.46090483044230496,3.532315596823829,10.284933398676602,24.62618655779699,26.68761734203027,0,0,0,0,0,8,8,1,1
75,2017,7,7,12,42921.5,65.8764362950062,95.097399737979,466,369,996.6132998950965,1000.6132998950965,4.0,12.527928915210934,6.032025759260068,389.607529411195,476875,1.3058415144932223,9.912863775306553,-11.985686449042461,43.973880544512724,45.57805228174889,0,0,0,0,0,11,11,1,1
75,2017,7,7,15,42921.625,67.07063509515186,86.33581567925928,461,353,996.408311335979,1000.408311335979,4.0,11.86258358155703,3.682390046377186,399.4406469672623,501250,-0.2049885591174825,-1.5420458336072025,-126.4159152568485,44.26294932707237,133.94100310718028,0,0,0,0,0,12,12,1,1
75,2017,7,7,18,42921.75,67.24442168250596,84.60002657667494,460,350,995.8951018342706,1003.8951018342706,8.0,11.909142750255397,2.8941260734362,989.3446821078871,3075000,-0.5132095017083338,-3.8557375483734018,-24.88478277585574,6.441395610882435,25.70494098840575,0,0,0,0,0,13,13,1,1
75,2017,7,7,21,42921.875,66.54995324242478,80.3112134396332,462,342,995.497381677335,1003.497381677335,8.0,11.09294581914802,2.197964527472941,925.2322141795172,2689375,-0.3977201569355384,-3.003557800287478,-63.24749495224746,-25.74045575059596,68.28482027495536,0,0,0,0,0,10,10,1,1
75,2017,7,8,0,42922.0,65.97525877287052,78.90110075035767,464,339,994.1066321194053,1000.1066321194053,6.0,11.854460973871307,3.891307589805365,484.7189750148126,738125,-1.390749557929812,-10.54928271431292,-21.278580913446806,-21.301036461706435,30.108340373276135,0,0,0,0,0,12,12,1,1
75,2017,7,8,3,42922.125,65.70546747449936,78.48134065512052,465,338,993.660680568635,1003.660680568635,10.0,11.962662680537136,4.0010020639740835,939.1045353995288,2770625,-0.44595155077025994,-3.3898384529819467,-6.4011389849164395,-9.999807877240627,11.87310986582457,0,0,0,0,0,12,12,1,2
75,2017,7,8,6,42922.25,65.6586479931188,77.96088788397772,465,337,994.283301963806,998.283301963806,4.0,11.101229801979825,3.5441829559048346,354.58765494951643,395000,0.6226213951710088,4.734517589993239,-7.951010530088975,-1.7353629325489546,8.138184868706944,0,0,0,2,0,9,9,1,1
75,2017,7,8,9,42922.375,65.16159172680163,77.66886053401194,467,336,995.052901514266,1001.052901514266,6.0,10.204824462764156,3.4082347775628294,635.6529019634453,1269375,0.7695995504599705,5.875443567855329,-4.546725354084181,-18.42337835711889,18.976131890747087,0,0,0,0,0,8,8,1,1
75,2017,7,8,12,42922.5,64.71259902666557,77.88737707401499,469,336,995.6406910506324,1001.6406910506324,6.0,9.586011018234188,4.144913554920786,646.0525042583579,1311250,0.587789536366472,4.503905330506032,3.4596919439258778,-16.641903451857022,16.99771804824978,0,0,0,0,0,7,7,1,1
75,2017,7,8,15,42922.625,64.26282231097234,78.09839376183243,471,336,995.7866102336919,999.7866102336919,4.0,9.288739352433197,3.748776121464252,398.9422804014327,500000,0.14591918305945,1.1222944836976765,3.396360841547638,-16.670962969312928,17.01341451003299,0,0,0,0,0,8,8,1,1
75,2017,7,8,18,42922.75,63.81227045948099,78.30228475331423,473,336,996.5443614078587,1002.5443614078587,6.0,8.774330642593501,3.02065851469888,778.4487432210238,1903750,0.7577511741667695,5.85037850902339,3.3351008192387055,-16.699693358717198,17.02946434124309,0,0,0,0,0,10,10,1,1
75,2017,7,8,21,42922.875,63.40596071701248,78.97654403625687,475,337,996.9403636786154,1002.9403636786154,6.0,8.362824875234667,2.8143056431505102,816.6144815976762,2095000,0.3960022707567259,3.0681969506059117,11.187751740718427,-15.059860669584982,18.760735390683937,0,0,0,0,0,11,11,1,1
75,2017,7,9,0,42923.0,62.8473236091996,80.65532809790032,478,340,997.4509165227521,1003.4509165227521,6.0,8.087656751527268,1.544071035309098,858.5373202105662,2315625,0.5105528441366914,3.9753194668200895,28.395977897872303,-20.705870741394104,35.143486507968625,0,0,0,0,0,10,10,1,1
75,2017,7,9,3,42923.125,62.8473236091996,80.65532809790032,478,340,,,,8.087656751527268,,0.0,0,0.0,,0.0,0.0,0.0,0,3,0,0,0,10,10,0,0
77,2017,7,4,3,42918.125,33.752454395426156,132.13759477388825,538,521,1002.2018912322551,1004.2018912322551,2.0,8.166503190165685,18.84641125499409,74.63526651802309,17500,,,,,,3,0,0,0,0,15,15,1,1
77,2017,7,4,6,42918.25,34.54366156631774,134.14744716026723,530,525,1000.5799892556071,1004.5799892556071,4.0,9.207861745484703,19.78896503610471,123.76858758422884,48125,-1.6219019766480778,-19.816915336370023,61.36020392726365,29.326074442646092,68.00803826174521,0,0,0,0,0,17,17,1,1
77,2017,7,4,9,42918.375,34.35319112128921,136.35988179092945,524,532,999.2811899948417,1003.2811899948417,4.0,10.921504910513198,23.995890479186784,129.27207364566027,52500,-1.2987992607653722,-15.946236538011615,67.69895927615973,-7.059782387634881,68.06606801069012,0,0,0,0,0,17,17,1,1
77,2017,7,4,12,42918.5,34.812976315388305,138.25583177253637,517,536,998.9369201899635,1004.9369201899635,6.0,12.522709491724724,26.95427740142644,153.8645436249672,74375,-0.34426980487813125,-4.177917590993143,57.69495466560267,17.04192697670117,60.15924757628841,0,0,0,0,0,17,17,1,1
77,2017,7,4,15,42918.625,35.20508077091444,140.17882123187104,510,540,998.0297563461789,1004.0297563461789,6.0,12.938518154776455,19.438766361690213,181.17866047827877,103125,-0.9071638437846559,-10.901931334050733,58.23790593330108,14.53334205641128,60.02392621967242,0,0,0,0,0,16,16,1,1
77,2017,7,4,18,42918.75,35.728265192199316,141.9740112555386,503,543,996.499091470616,1004.499091470616,8.0,14.180338116257111,20.513537669587677,270.9431997691338,230625,-1.530664875562943,-18.160642207035593,54.01504662458237,19.39181778211584,57.39048578597842,0,0,0,0,0,20,20,1,1
77,2017,7,4,21,42918.875,35.98730894322862,143.94538183353896,496,547,995.9907310496709,1005.9907310496709,10.0,15.297515447009912,18.165032135079162,338.80747144215917,360625,-0.5083604209451005,-5.993853144188245,59.12240749483035,9.601450297811368,59.8969691704523,0,0,0,0,0,24,24,1,1
77,2017,7,5,0,42919.0,36.526581769804885,145.99873335222117,488,550,996.1133495860599,1006.1133495860599,10.0,15.287583116311923,18.096134636521384,329.5804130409127,341250,0.1226185363890545,1.4273056607461911,61.15730594740908,19.98813413085083,64.34082356309936,0,0,0,0,0,21,21,1,1
77,2017,7,5,3,42919.125,37.068469348000235,147.74115632403178,481,552,995.0650823292985,1005.0650823292985,10.0,15.793120391076897,21.00524787194976,281.3886710374423,248750,-1.048267256761319,-12.04874320817539,51.53096426862497,20.085049835676465,55.306866710707006,0,0,0,0,0,22,22,1,1
77,2017,7,5,6,42919.25,37.55521439087959,149.5151484050337,474,554,994.2905804147551,1004.2905804147551,10.0,15.719810428686388,21.721533716344712,289.4050600838035,263125,-0.7745019145435071,-8.803413618154762,52.12596925431675,18.041193112524105,55.15977990914542,0,0,0,0,0,19,19,1,1
77,2017,7,5,9,42919.375,37.76573286423063,151.44037952168017,467,557,993.9913572850096,1001.9913572850096,8.0,16.37080506773434,18.119685815409248,212.04073057660514,141250,-0.29922312974551457,-3.3849809003929674,56.409542419836846,7.8028620671976885,56.946651635149586,0,0,0,0,0,19,19,1,1
77,2017,7,5,12,42919.5,38.353631295084966,154.29863886752162,456,560,994.7187555415809,1002.7187555415809,8.0,16.345020961953846,14.641044393733972,239.78057300779642,180625,0.7273982565713232,8.121602857980664,83.07542433512357,21.790440964433184,85.88567660492225,0,0,0,0,0,16,16,1,1
77,2017,7,5,15,42919.625,39.25863749775601,157.007632157364,445,561,994.9055491775516,1000.9055491775516,6.0,15.022963641258897,9.014682018469612,235.59559928678317,174375,0.18679363597068005,2.045036586678449,77.7433344628172,33.54403277295912,84.67129494740715,0,0,0,0,0,19,19,1,1
77,2017,7,5,18,42919.75,40.267621185845215,159.70928338000382,434,561,994.8994892088009,998.8994892088009,4.0,15.322095485528667,9.955855709022071,183.3616146530208,105625,-0.0060599687506328334,-0.0649557225829947,76.40467265169521,37.397955727545046,85.06633350281486,0,0,0,0,0,17,17,1,1
77,2017,7,5,21,42919.875,41.53246592541487,162.947486425201,421,560,995.2531670799406,997.2531670799406,2.0,15.727932533668127,7.954729193626481,136.75052399642826,58750,0.35367787113966187,3.6956083712828782,89.84226189229558,46.88143934440137,101.3385483265209,0,0,0,0,0,18,18,1,1
77,2017,7,6,0,42920.0,43.03626230566454,165.9296315929799,409,557,993.7545118950144,997.7545118950144,4.0,16.823109816460594,5.528870671982222,226.99430130732603,161875,-1.4986551849261742,-15.214036043081546,80.78684540789821,55.73817606340494,98.14916536494222,0,0,0,0,0,21,21,1,1
77,2017,7,6,3,42920.125,45.01024127115156,168.34526258414536,399,551,991.5770225244939,995.5770225244939,4.0,17.62357413059502,6.847382494891863,198.47127856504602,123750,-2.1774893705204885,-21.331139042206896,63.29735775446459,73.16548208841009,96.74576614987416,0,0,0,0,0,21,21,1,1
77,2017,7,6,6,42920.25,46.79997088642778,170.36246188706906,391,545,988.6716807579418,994.6716807579418,6.0,19.031776058295303,11.72730564489757,212.04073057660514,141250,-2.9053417665521555,-27.612721672290796,51.180459566880025,66.33628442807823,83.78509457654108,0,0,0,0,0,21,21,1,1
77,2017,7,6,9,42920.375,48.14448709612151,171.33734183334803,387,540,987.3406487259011,995.3406487259011,8.0,20.10528974039941,15.55533113016165,242.25685803530186,184375,-1.3310320320406754,-12.38089521483327,24.110344639101502,49.83446043643809,55.360474759589664,0,0,0,0,0,18,18,1,1
77,2017,7,6,12,42920.5,49.231648956498006,172.4159886185779,383,536,987.2572280287227,1001.2572280287227,14.0,19.94293048368837,10.796632661159311,648.2044814428574,1320000,-0.08342069717837149,-0.7631228095746279,26.10682399332954,40.29562777177545,48.01358012625353,0,0,0,0,0,18,18,1,1
77,2017,7,6,15,42920.625,50.242536419475385,172.8954245276884,381,532,986.9092917985819,1002.9092917985819,16.0,19.161455840722383,9.356974288905985,955.797768017628,2870000,-0.3479362301409128,-3.135669811352175,11.364770312449693,37.46851909722467,39.15415594280929,0,0,0,0,0,19,19,1,1
77,2017,7,6,18,42920.75,51.21892023465778,173.06338706982606,380,528,988.127254841422,1002.127254841422,14.0,17.926780407464623,6.699796294870758,813.4412553494905,2078750,1.2179630428401287,10.824644147504124,3.8993360490140336,36.18964223538021,36.399107499332395,0,0,0,0,0,19,19,1,1
77,2017,7,6,21,42920.875,51.83346336110371,171.91837122100745,383,525,989.1268823291099,1003.1268823291099,14.0,17.240871255426004,5.369208411581712,859.463716293631,2320625,0.999627487687976,8.808781960855763,-26.22548948250373,22.778025955024482,34.73636084860765,0,0,0,0,0,22,22,1,1
77,2017,7,7,0,42921.0,51.688623715098004,170.565750195173,387,525,986.6274249792342,1000.6274249792342,14.0,19.71966131832521,6.951888766572665,639.5531281654175,1285000,-2.499457349875738,-22.069299371433193,-31.079905284901685,-5.368477937609546,31.54015009293805,0,0,0,0,0,18,18,1,1
77,2017,7,7,3,42921.125,51.607883384837955,169.89330255069865,389,525,986.2438955038244,1000.2438955038244,14.0,19.86543817948846,6.818147789674622,634.8699814766996,1266250,-0.3835294754097413,-3.390203668506684,-15.478903695507181,-2.992638366841105,15.765542934180075,0,0,0,0,0,18,18,1,1
77,2017,7,7,6,42921.25,51.13899592589507,170.01153510908233,389,527,985.5393721300964,999.5393721300964,14.0,20.648310274551545,7.041822913775758,614.6495311674666,1186875,-0.7045233737281523,-6.268481935745565,2.749592138292671,-17.379302200569516,17.595465379059494,0,0,0,0,0,20,20,1,1
77,2017,7,7,9,42921.375,50.74835371239394,170.7845226101662,387,529,986.7146808833642,1000.7146808833642,14.0,20.411133841404876,6.917122068894605,655.2255023962267,1348750,1.175308753267891,10.515297543903175,18.128045359278723,-14.479144091508404,23.200681933312424,0,0,0,0,0,19,19,1,1
77,2017,7,7,12,42921.5,50.6207026702857,171.82285678653426,384,530,986.2435666559878,1002.2435666559878,16.0,21.051038472785148,7.2789492392800454,764.133298232966,1834375,-0.4711142273763835,-4.222680336029546,24.41718424920667,-4.7313827544426,24.87136645680617,0,0,0,0,0,16,16,1,1
77,2017,7,7,15,42921.625,50.71640871942858,172.81295287831503,381,530,986.3699611033172,1000.3699611033172,14.0,20.525319768941934,7.7182653937579015,674.967424844007,1431250,0.1263944473293668,1.13134627349056,23.23543292555733,3.547342371294485,23.50465871135454,0,0,0,0,0,18,18,1,1
77,2017,7,7,18,42921.75,50.82483150962627,174.13972301852914,377,530,987.523797324276,1001.523797324276,14.0,19.715224925377832,7.274855059535184,732.6322717280593,1686250,1.153836220958765,10.31194890800498,31.064180933798905,4.018688067543335,31.323045683202817,0,0,0,0,0,19,19,1,1
77,2017,7,7,21,42921.875,50.911191718994566,175.47282898693268,373,530,989.1502179145036,1001.1502179145036,12.0,18.676871367988454,6.518057844179712,687.8139780061604,1486250,1.6264205902276445,14.517668077222943,31.154748849390938,3.2009390485721894,31.318754551567025,0,0,0,0,0,17,17,1,1
77,2017,7,8,0,42922.0,50.96140916707837,176.4759714161258,370,530,989.7555412323233,999.7555412323233,10.0,17.97458275392885,5.755637805689475,627.1456394776626,1235625,0.6053233178197115,5.399362226219124,23.4183207791991,1.8613084853187458,23.492173534924092,0,0,0,0,0,20,20,1,1
77,2017,7,8,3,42922.125,51.255422559097376,178.1414970003889,365,529,990.6922412689618,1000.6922412689618,10.0,16.90952989369228,4.4930709574761565,668.6003637520406,1404375,0.9367000366385037,8.32066220977596,38.63453992955666,10.897599186023678,40.14206451576366,0,0,0,0,0,21,21,1,1
77,2017,7,8,6,42922.25,51.75246688622415,179.82896833035008,360,527,991.4962051982452,999.4962051982452,8.0,16.164025412538525,2.971654585967117,586.6622234610165,1081250,0.8039639292833454,7.0924695831110895,38.71892391458926,18.422935831318206,42.878428536370365,0,0,0,0,0,19,19,1,1
77,2017,7,8,9,42922.375,52.456421580200406,-178.7811247648687,356,524,992.5549722935815,1000.5549722935815,8.0,15.833719228133786,2.3067578618125846,604.2033190218629,1146875,1.0587670953363704,9.251412846887463,-31.392073633722497,26.092063519261078,40.819824420472585,0,0,0,0,0,16,16,1,1
77,2017,7,8,12,42922.5,53.14532323267937,-177.69522186182604,353,521,992.6883083398316,1002.6883083398316,10.0,15.865437992294982,2.5565538847584683,741.0023978821114,1725000,0.13333604625004228,1.154494051309897,24.140592692692632,25.534122904237826,35.139146945297455,0,0,0,0,0,15,15,1,1
77,2017,7,8,15,42922.625,53.58260335086851,-176.5914255775148,350,519,992.8513899792873,1002.8513899792873,10.0,15.85172221118554,2.0554513916761787,726.0859102006478,1656250,0.1630816394557769,1.404055763054174,24.287815806624494,16.207776888388636,29.19914430801532,0,0,0,0,0,17,17,1,1
77,2017,7,8,18,42922.75,54.004975640172944,-175.46222749209338,347,517,993.4984252438938,1001.4984252438938,8.0,15.796734956354936,1.6648001303595812,599.2439739797879,1128125,0.6470352646065294,5.540685843984384,24.597786115270853,15.655218575300003,29.15710805983731,0,0,0,0,0,18,18,1,1
77,2017,7,8,21,42922.875,54.17721819017113,-174.34378436548403,344,516,994.2530596846642,1002.2530596846642,8.0,15.766828856806532,1.7973020281019123,606.503802313838,1155625,0.7546344407703145,6.448026411907893,24.262573485696926,6.384165904040307,25.088444480261312,0,0,0,0,0,20,20,1,1
77,2017,7,9,0,42923.0,54.622346698287025,-173.9041384554042,343,514,994.5375079063115,1002.5375079063115,8.0,15.701010742457083,1.8394832764391318,590.7175405631532,1096250,0.28444822164732614,2.4170064695714486,9.434459272787405,16.498677269116023,19.005666875969652,0,0,0,0,0,23,23,1,1
77,2017,7,9,3,42923.125,54.77433566458251,-172.76016260337795,340,513,995.2078093908054,1003.2078093908054,8.0,15.231471335444763,2.5870176554950013,602.0592851968912,1138750,0.6703014844939753,5.684981018532863,24.456804821845726,5.633467319336422,25.097236025743708,0,0,0,0,0,16,16,1,1
77,2017,7,9,6,42923.25,54.94523801158139,-171.9751239361938,338,512,996.0058232263877,1004.0058232263877,8.0,14.742348682737077,2.831528955075555,619.3249654676192,1205000,0.7980138355822419,6.753944137833781,16.71229130376292,6.334491312641069,17.872505722806608,0,0,0,0,0,15,15,1,1
77,2017,7,9,9,42923.375,55.37722718068497,-171.49716084414248,337,510,997.5618502814035,1005.5618502814035,8.0,14.031010660476896,2.420487413517403,651.419117787286,1333125,1.5560270550157294,13.100416454266226,10.065519320740652,16.011667989905703,18.912646325016876,0,0,0,0,0,17,17,1,1
77,2017,7,9,12,42923.5,55.53674649567968,-170.6931190262238,335,509,998.3985662158993,1004.3985662158993,6.0,13.329297010911699,2.684325676373701,482.4563236935515,731250,0.8367159344958782,7.0309440827037175,16.86407060152553,5.912579509742065,17.87051968221012,0,0,0,0,0,18,18,1,1
77,2017,7,9,15,42923.625,55.4979693645464,-170.32029647372215,334,509,999.3933034975385,1005.3933034975385,6.0,12.518426770079275,2.603817873871958,514.9678863063896,833125,0.9947372816390998,8.362687682212119,7.827368759051582,-1.4372734172838257,7.95823200002409,0,0,0,0,0,19,19,1,1
77,2017,7,9,18,42923.75,55.834265750803674,-169.06405555337724,331,507,1000.5176019211149,1006.5176019211149,6.0,11.97202315913082,2.2556720441221114,534.6794053718705,898125,1.1242984235764015,9.414082524409308,26.148634438144835,12.464817333569277,28.967615610177223,0,0,0,0,0,20,20,1,1
77,2017,7,9,21,42923.875,55.97210430473147,-168.23952022419556,329,506,1001.9691835870639,1007.9691835870639,6.0,11.186340671344233,2.4477596892755535,568.0551444347792,1013750,1.451581665949052,12.134742814223648,17.10194008512024,5.108982630931254,17.848755088190316,0,0,0,0,0,27,27,1,1
77,2017,7,10,0,42924.0,56.15297178376407,-167.78428086586914,328,505,1003.2651052623359,1007.2651052623359,4.0,10.393169118660385,2.467434537624504,453.55017798064495,646250,1.2959216752719658,10.81048831493537,9.398106934690839,6.7038486878055314,11.544089448062849,0,0,0,0,0,30,30,1,1
77,2017,7,10,3,42924.125,56.279292088370276,-166.94747945870805,326,504,1004.4580770182068,1006.4580770182068,2.0,9.752933963535352,2.389592416911255,297.5398075802073,278125,1.1929717558709672,9.937019107824419,17.218286995492573,4.682059001468309,17.84351656911773,0,0,0,0,0,26,26,1,1
77,2017,7,10,6,42924.25,56.39809434140123,-166.10476308787165,324,503,1005.584524334278,1007.584524334278,2.0,9.430946683507559,2.003113085647783,332.2856328070812,346875,1.126447316071135,9.369947623258723,17.28608705898689,4.403402603661588,17.838126591680183,0,0,0,0,0,25,25,1,1
77,2017,7,10,9,42924.375,58.20676814802899,-161.04772185429192,314,492,1006.6695533659647,1006.6695533659647,0.0,8.13362014174283,2.960243355168932,14.104739588693906,625,1.0850290316867177,8.844353197197849,98.73014628626834,67.03845041730307,119.3389945493976,0,0,0,0,0,22,22,1,1
77,2017,7,10,12,42924.5,58.502845758982446,-161.30402437471253,315,491,1007.1284624442834,1007.1284624442834,0.0,8.172911846349038,3.098855742574742,14.104739588693906,625,0.4589090783186839,3.7287929050236612,-4.963250918820136,10.974109410355103,12.044290640532274,0,0,0,0,0,23,23,1,1
77,2017,7,10,15,42924.625,58.42733764179393,-160.9139907968485,314,491,,,,8.136089730794644,,0.0,0,0.632984512483672,,7.569160377309518,-2.798706517281731,8.070002911232907,0,2,2,0,0,24,23,0,0
78,2017,7,10,21,42924.875,56.02234826289067,-156.95245249194042,301,497,1010.093923930332,1010.093923930332,0.0,8.431385151968454,1.9617582877283712,14.104739588693906,625,1.1767921729759836,9.831775760080752,22.097017557830245,-9.992665964629474,24.251423835142596,2,0,0,2,0,24,24,1,1
78,2017,7,11,0,42925.0,56.8979233715932,-151.05998730716064,289,487,1009.4193799545277,1013.4193799545277,4.0,7.910300331050233,4.3027269904550485,525.2950433666526,866875,-0.6745439758044085,-5.578827455767517,119.24063134666757,32.45316999465998,123.57805794984068,0,0,0,0,0,26,26,1,1
78,2017,7,11,3,42925.125,56.71831422289107,-148.96915242187717,284,485,1008.7067759418056,1012.7067759418056,4.0,8.38247695383141,4.561450494431556,393.67134241106896,486875,-0.712604012722004,-5.905702081901555,42.525125367046215,-6.657208704875163,43.04305652742685,0,0,0,0,0,20,20,1,1
78,2017,7,11,6,42925.25,56.49181111008261,-145.50148500865131,276,481,1008.2618932056663,1012.2618932056663,4.0,8.968514050944579,3.8584293487750254,376.09700300975805,444375,-0.44488273613940693,-3.696584787647037,70.9477011552275,-8.39533233783367,71.44268964893571,0,0,0,0,0,22,22,1,1
78,2017,7,11,9,42925.375,56.60648938907425,-144.41699327799458,274,479,1007.5758806764003,1011.5758806764003,4.0,9.795115028196452,4.153374224691288,341.7307997440064,366875,-0.6860125292660086,-5.692629203710133,22.12345567023556,4.250547606733428,22.52808127093795,0,0,0,0,0,18,18,1,1
78,2017,7,11,12,42925.5,56.550699960969325,-144.9601403083728,275,480,1006.7413419337265,1010.7413419337265,4.0,11.199078124650674,4.809797449174148,335.26583267409023,353125,-0.8345387426737579,-6.9295720453790475,-11.096558861826596,-2.067833788556303,11.287584114905965,0,0,0,0,0,20,20,1,1
78,2017,7,11,15,42925.625,56.223976148412554,-144.86580694308435,274,481,1006.7301875250364,1010.7301875250364,4.0,11.966262581752764,4.806079932975481,341.7307997440064,366875,-0.01115440869005397,-0.09297210364147362,1.9438513565412783,-12.110010123426992,12.265027651246108,0,0,0,0,0,20,20,1,1
78,2017,7,11,18,42925.75,57.16733649129889,-141.74258660671276,270,473,1007.3178313716932,1009.3178313716932,2.0,11.090984512119508,3.372018970957652,236.85885552348068,176250,0.5876438466567196,4.845318590399491,62.75924776705336,34.965628042210575,71.84231569675782,0,0,0,0,0,18,18,1,1
78,2017,7,11,21,42925.875,57.16733649129889,-141.74258660671276,270,473,1008.2298091597779,1010.2298091597779,2.0,10.31100397330278,3.302701827613637,247.53717516845768,192500,0.9119777880847687,7.519559603624768,0.0,0.0,0.0,0,0,0,0,0,19,19,1,1
78,2017,7,12,0,42926.0,54.49813440148089,-143.6078623737061,267,485,1009.3607754823886,1011.3607754823886,2.0,11.139969277379015,3.63371703433455,279.25959628100287,245000,1.1309663226106204,9.624858322458321,-40.14836979903735,-98.93391019227171,106.76989361918808,0,0,0,0,0,26,26,1,1
78,2017,7,12,3,42926.125,53.742728029913096,-142.66195115497223,263,486,1009.9876749262254,1011.9876749262254,2.0,10.274846685629159,3.4221622629420017,326.54833007009836,335000,0.6268994438368827,5.386223671271133,20.734855716012653,-27.999118691104286,34.840850865649195,0,0,0,0,0,25,25,1,2
78,2017,7,12,6,42926.25,55.35559417224975,-138.19458946511043,258,473,1010.237801816514,1012.237801816514,2.0,7.930100058402274,1.6814478706062075,325.0216815494707,331875,0.25012689028852036,2.1064036694118555,94.11453835818136,59.78084412820572,111.49572034412091,0,0,1,0,0,23,23,1,1
78,2017,7,12,9,42926.375,55.02329858739324,-138.1652063888104,257,474,1010.3036050001574,1014.3036050001574,4.0,8.40413657782762,1.163825535612632,459.4336113908366,663125,0.06580318364343839,0.5563901101639863,0.6243095215216699,-12.316527727477009,12.332340314813429,0,0,0,0,0,20,20,1,1
78,2017,7,12,12,42926.5,55.003386498220934,-138.69138598645128,258,475,1009.969547269787,1013.969547269787,4.0,9.310225234960267,1.5687841547590502,453.55017798064495,646250,-0.33405773037040487,-2.825268014492677,-11.185395324531742,-0.7380410982849368,11.209717803264013,0,0,0,0,0,23,23,1,1
78,2017,7,12,15,42926.625,55.003386498220934,-138.69138598645128,258,475,1010.6286474140346,1012.6286474140346,2.0,9.103074775564789,1.2051686507876729,324.40901053995987,330625,0.6591001442476409,5.574289670906958,0.0,0.0,0.0,0,0,0,0,0,19,19,1,1
78,2017,7,12,18,42926.75,54.648145069612276,-139.17856896888946,258,477,1010.8920621594982,1012.8218657369727,1.9298035774745221,9.303246998001686,1.914948784857697,300.86437789062944,284375,0.263414745463524,2.2375661546580417,-10.447933566227697,-13.167014865082374,16.808616726596142,0,0,0,1,0,17,18,2,0
78,2017,7,12,21,42926.875,54.46940686726749,-139.41862046698918,258,478,1011.5484772210064,1013.3151123888748,1.7666351678685168,8.750040864696526,1.9274176622994128,279.615567867552,245625,0.6564150615081599,5.588285983651571,-5.170670719555765,-6.6249270994368175,8.403897593552866,0,0,0,0,0,18,17,2,0
78,2017,7,13,0,42927.0,54.10973451482804,-139.8917721804773,258,480,1011.8551089339302,1013.8551089339302,2.0,8.386955067547413,3.027681972309656,289.7485676944319,263750,0.30663171292384506,2.622267186179101,-10.280988263770022,-13.331246948526362,16.835108104267412,0,0,1,0,0,18,18,1,1
78,2017,7,13,3,42927.125,54.10973451482804,-139.8917721804773,258,480,,,,8.386955067547413,,0.0,0,0.0,,0.0,0.0,0.0,0,3,0,0,0,18,18,0,0
89,2017,7,4,12,42918.5,45.246048669815735,-146.10574310498563,251,521,1016.6118539011813,1020.6118539011813,4.0,8.052548051736068,5.363758836794295,230.9045385777095,167500,,,,,,3,0,0,0,0,16,16,1,1
89,2017,7,4,15,42918.625,45.43388688929821,-144.87476220708038,248,518,1015.6766643710417,1019.6766643710417,4.0,8.433050814286398,5.864873176590408,218.05398241881235,149375,-0.9351895301396144,-9.094340855003887,32.01709734561068,6.96221901213268,32.76533253320058,0,0,0,0,0,15,15,1,1
89,2017,7,4,18,42918.75,45.74328533741245,-143.8741615570447,246,515,1014.5859341439208,1018.5859341439208,4.0,9.228484659282696,8.203026971868457,209.6820283885486,138125,-1.0907302271209482,-10.550946594271133,25.88206570726604,11.46784591400124,28.308882266569828,0,0,0,0,0,18,18,1,1
89,2017,7,4,21,42918.875,46.03790193763563,-142.86054761753485,244,512,1013.6035707833992,1019.6035707833992,6.0,9.735734714475349,8.314552311806837,338.80747144215917,360625,-0.9823633605215583,-9.455433267999505,26.0799608466247,10.919957083362004,28.273836323780777,0,0,0,0,0,21,21,1,1
89,2017,7,5,0,42919.0,46.31751084679047,-141.834311475089,242,509,1012.6435407377487,1018.6435407377487,6.0,9.816890034808972,7.46403311577691,342.02175833204393,367500,-0.960030045650492,-9.197294253036832,26.27079330325456,10.36369738087902,28.241119032091543,0,0,0,0,0,18,18,1,1
89,2017,7,5,3,42919.125,46.73445564039882,-141.03151461063365,241,506,1011.2933547621843,1019.2933547621843,8.0,10.290017501726329,9.649228230845546,575.1898277545226,1039375,-1.350185975564382,-12.846134100025347,20.393853330200333,15.454048580037233,25.587826620638847,0,0,0,0,0,19,19,1,1
89,2017,7,5,6,42919.25,46.986671845659565,-139.97910584399833,239,503,1010.7117670815782,1018.7117670815782,8.0,10.470096684691182,6.810882111633909,502.25549753153933,792500,-0.5815876806061715,-5.510646890625301,26.609490114899305,9.348387480845698,28.2038527982784,0,0,0,0,0,16,16,1,1
89,2017,7,5,9,42919.375,47.69556904932311,-139.61771197249396,240,500,1009.3775293202934,1019.3775293202934,10.0,11.35089091820411,9.214171353856436,655.9841289122108,1351875,-1.3342377612847485,-12.49882676256805,9.015797624995562,26.27525751996693,27.779016623261782,0,0,0,0,0,16,16,1,1
89,2017,7,5,12,42919.5,48.55743646643704,-139.48460600954465,242,497,1007.7425162631503,1017.7425162631503,10.0,12.45012131401404,14.609954834770761,542.98667762454,926250,-1.635013057143078,-15.111268266511308,3.2653757498318705,31.945094741106377,32.111551765771964,0,0,0,0,0,13,13,1,1
89,2017,7,5,15,42919.625,49.07835836542622,-139.3117619019824,243,495,1007.7329822472873,1017.7329822472873,10.0,12.560870278953422,14.236232107469768,531.6944307278186,888125,-0.009534015863027889,-0.08741803275494163,4.196400381954397,19.30795744854861,19.758719518243858,0,0,0,0,0,16,16,1,1
89,2017,7,5,18,42919.75,49.2343424589819,-139.5557753287536,244,495,1007.7504756535037,1017.7504756535037,10.0,12.635494032005893,12.113039072466053,543.5359814348363,928125,0.017493406216381117,0.16002115407933704,-5.905658392446407,5.781546613547262,8.264567883010733,0,0,0,0,0,14,14,1,1
89,2017,7,5,21,42919.875,49.72700808029908,-139.84011248884704,246,494,1008.0588522018827,1018.0588522018827,10.0,12.363309448091762,11.30534126526225,566.4769668830622,1008125,0.30837654837901934,2.800223649217199,-6.81269142507953,18.26063920755312,19.490092578584083,0,0,0,0,0,14,14,1,1
89,2017,7,6,0,42920.0,50.217797382924246,-140.13116528289632,248,493,1008.2785312161744,1018.2785312161744,10.0,11.956374195374986,8.822932491837273,607.159482291599,1158125,0.21967901429175982,1.9805021121021036,-6.902837625642238,18.191093501113315,19.45674818802539,0,0,0,0,0,17,17,1,1
89,2017,7,6,3,42920.125,50.52242323210735,-140.64054943215683,250,493,1008.1808614070678,1018.1808614070678,10.0,11.576882843722952,8.042750997343537,668.6003637520406,1404375,-0.09766980910659186,-0.8766673847078559,-12.003628648743987,11.29094965131732,16.479461300829286,0,0,0,0,0,17,17,1,1
89,2017,7,6,6,42920.25,50.85824249716788,-140.68705337731504,251,492,1008.8552200088079,1016.8552200088079,8.0,11.15248328952055,6.7607023244478475,452.2323538548359,642500,0.6743586017400958,6.02394842740666,-1.0880500267677833,12.447132848078203,12.494597592497998,0,0,0,0,0,18,18,1,1
89,2017,7,6,9,42920.375,51.158613763477874,-141.20859854708547,253,492,1009.1668874818821,1017.1668874818821,8.0,11.018708990436307,6.507664593283625,470.3460118867115,695000,0.3116674730741943,2.7722901065101184,-12.123768822986143,11.13325364115781,16.4601065340284,0,0,0,0,0,15,15,1,1
89,2017,7,6,12,42920.5,51.602222734021005,-142.00546351351224,256,492,1009.3231636216677,1015.3231636216677,6.0,10.593246885362243,5.60224069037642,311.2644721248978,304375,0.15627613978562294,1.3815090035430366,-18.345095699850454,16.442355646137095,24.635210480747432,0,0,0,0,0,16,16,1,1
89,2017,7,6,15,42920.625,51.893237347882604,-142.5465226244357,258,492,1009.6940209174675,1015.6940209174675,6.0,10.263030762517582,5.54640516735446,348.3613699989857,381250,0.3708572957996512,3.2653427193184514,-12.376083045282336,10.786449546945224,16.41690973881868,0,0,0,0,0,18,18,1,1
89,2017,7,6,18,42920.75,51.99018151589108,-143.30216123488387,260,493,1010.0576260119278,1016.0576260119278,6.0,9.788827883916055,5.02853853628345,372.37581039698836,435625,0.36360509446036304,3.1972499539043393,-17.246982531880107,3.593233216773272,17.617313399184916,0,0,0,0,0,18,18,1,1
89,2017,7,6,21,42920.875,52.27221551973793,-143.85795876362835,262,493,1011.0828976290501,1015.0828976290501,4.0,8.790075309968632,5.2458613677470565,231.33492951703124,168125,1.0252716171223437,8.980969295490286,-12.605709105732076,10.453583456340427,16.376242216607903,0,0,0,0,0,21,21,1,1
89,2017,7,7,0,42921.0,52.603758687846245,-143.9340782155683,263,492,1011.0420033823602,1015.0420033823602,4.0,8.127538589749085,5.825761038595665,233.04854500749258,170625,-0.040894246689858846,-0.3566266727736354,-1.7134821975357541,12.288639419103271,12.407525136545594,0,0,0,0,0,17,17,1,1
89,2017,7,7,3,42921.125,52.603758687846245,-143.9340782155683,263,492,,,,8.127538589749085,,0.0,0,0.0,,0.0,0.0,0.0,0,3,0,0,0,17,17,0,0
94,2017,7,4,18,42918.75,48.180092952327286,45.22207555269346,489,231,997.3947260345905,1001.3947260345905,4.0,9.754297231556194,3.5231509364439995,394.17637320552694,488125,,,,,,3,0,0,0,0,3,3,1,1
94,2017,7,4,21,42918.875,48.6891654118582,45.44936944870797,488,233,996.0835558341853,1000.0835558341853,4.0,11.503842693034606,7.207051339243771,338.5137501286538,360000,-1.3111702004051766,-12.093700123826288,5.561472909711745,18.86875826476827,19.671299382087565,0,0,0,0,0,5,5,1,1
94,2017,7,5,0,42919.0,49.00859149680993,46.811120792190735,490,237,996.3263348098399,1000.3263348098399,4.0,11.230718390448352,4.5087444071965725,327.46090286958605,336875,0.24277897565465537,2.228410668484027,33.10729489907631,11.839520028188568,35.16059171902945,0,0,0,0,0,4,4,1,1
94,2017,7,5,3,42919.125,50.475431470776755,48.51785439580178,489,245,995.7374910891515,1001.7374910891515,6.0,12.329658392746273,3.0515668186181575,446.2539888266928,625625,-0.5888437206884555,-5.2889345354227695,40.25837496002488,54.36838776818252,67.65100400536134,0,0,0,0,0,3,3,1,1
94,2017,7,5,6,42919.25,51.126388813257954,49.05168383782845,488,248,994.2072632949685,1002.2072632949685,8.0,13.936348689065447,4.014851748107758,516.70341302981,838750,-1.5302277941830107,-13.61758440917041,12.417991974322737,24.127717981978073,27.135830550993127,0,0,0,0,0,2,2,1,1
94,2017,7,5,9,42919.375,52.44200304399568,49.681878236398965,485,253,993.1514958366823,1001.1514958366823,8.0,15.375854698585119,3.655696117875996,501.0657868259067,788750,-1.0557674582861365,-9.226987102277262,14.238240318742537,48.763209293139944,50.79939042883128,0,0,0,0,0,1,1,1,1
94,2017,7,5,12,42919.5,54.181720980281305,48.35133106792377,477,255,989.672727168665,1001.672727168665,12.0,18.214306324129275,7.810289672196669,620.127512085855,1208125,-3.478768668017292,-29.722894583224466,-28.8605141144649,64.48260276916776,70.64655217940582,0,0,0,0,0,0,0,1,1
94,2017,7,5,15,42919.625,54.84749166565207,48.41267935158686,475,257,985.2005814323304,999.2005814323304,14.0,22.538334068726137,15.527547054115132,476.23081998748347,712500,-4.4721457363346415,-37.89516285062459,1.3091930379181125,24.67677417396655,24.71147850784076,0,0,0,0,0,2,2,1,1
94,2017,7,5,18,42919.75,55.33551686562304,48.72562819334898,474,259,982.4706952942304,1000.4706952942304,18.0,26.179120691458728,15.111425339083072,534.3071955074976,896875,-2.7298861380999733,-22.994869540415785,6.597406033498367,18.0886421038226,19.254213552649308,0,0,0,0,0,2,2,1,1
94,2017,7,5,21,42919.875,55.49021848035163,49.009501541439256,474,260,980.6203798478642,1000.6203798478642,20.0,28.384918870800757,14.243253767848218,558.8752775153366,981250,-1.8503154463661486,-15.556920917625641,5.961065882059269,5.734011567180221,8.271226940593978,0,0,0,0,0,2,2,1,1
94,2017,7,6,0,42920.0,55.437552502520404,50.073704730062964,476,262,980.0530852982874,1000.0530852982874,20.0,29.437396241831813,16.059069676841464,539.6791137872286,915000,-0.5672945495767635,-4.772667890647389,22.376903209688138,-1.9520631805359625,22.46188656183081,0,0,0,0,0,4,4,1,1
94,2017,7,6,3,42920.125,55.70314298440245,51.19183428484206,477,265,980.083110827723,1000.083110827723,20.0,29.335955935413576,12.456741702536384,564.013246745966,999375,0.030025529435515636,0.25180440128125253,23.35232960094913,9.844104716788932,25.342409030446788,0,0,0,0,0,4,4,1,1
94,2017,7,6,6,42920.25,55.954847883268954,52.32640666016955,478,268,981.3162319336689,1001.3162319336689,20.0,27.89786799239145,11.928248603840402,647.2830815720542,1316250,1.233121105945902,10.310582015352647,23.54288460239293,9.32943592184596,25.324016072128448,0,0,0,0,0,5,5,1,1
94,2017,7,6,9,42920.375,56.56822498623108,53.01325184414157,477,271,983.6278945531154,1001.6278945531154,18.0,24.865317104995658,8.904686756276641,669.6409875160086,1408750,2.311662619446579,19.19095718417984,14.025809680143,22.734807323108267,26.713195263810174,0,0,0,0,0,2,2,1,1
94,2017,7,6,12,42920.5,56.42666161388137,52.70339827660038,477,270,984.9512895705087,998.9512895705087,14.0,22.863692270995237,9.925371929351968,459.4336113908366,663125,1.3233950173931952,11.004542068032906,-6.351086801875914,-5.247042934660668,8.2381893109551,0,0,0,0,0,3,3,1,1
94,2017,7,6,15,42920.625,57.03642104934527,53.406509897367876,476,273,985.7898196312391,999.7898196312391,14.0,21.450211070633653,8.569780998973002,489.00951115042,751250,0.8385300607304089,6.924185555274977,14.179778228597556,22.600718565745407,26.680678220394594,0,0,0,0,0,5,5,1,1
94,2017,7,6,18,42920.75,57.17543275833892,53.72484686937448,476,274,986.888004862392,1000.888004862392,14.0,20.84329874752932,9.125270503311768,546.2742152960396,937500,1.0981852311528928,9.054076325987529,6.39594378213192,5.1524655947610345,8.213160084242128,0,0,0,0,0,5,5,1,1
94,2017,7,6,21,42920.875,57.363762953029465,53.48894388050472,475,274,987.6144028355111,1001.6144028355111,14.0,20.10719343519955,10.305888186197045,616.7497985322977,1195000,0.7263979731191648,5.976207312570547,-4.715526344022915,6.980454061190391,8.42394964381694,0,0,0,0,0,6,6,1,1
94,2017,7,7,0,42921.0,57.3133396456817,54.04580126159077,476,275,988.7150235168327,1000.7150235168327,12.0,18.806592926625935,8.845635411865151,577.2613464442737,1046875,1.1006206813215977,9.060114922243168,11.146433835412754,-1.868938653903578,11.302031628839535,0,0,0,0,0,5,5,1,1
94,2017,7,7,3,42921.125,57.45013018327501,54.369385096487484,476,276,990.8021889621621,998.8021889621621,8.0,16.5459554661865,8.19060071594271,443.3467657697423,617500,2.087165445329301,17.15494583243536,6.452966816481235,5.0701379311189765,8.20652663281972,0,0,0,0,0,4,4,1,1
94,2017,7,7,6,42921.25,57.585792728898255,54.69560992338243,476,277,993.4068599763289,999.4068599763289,6.0,13.307630167780225,7.974628728930257,454.64544684907946,649375,2.6046710141668155,21.376209771348663,6.481482926266155,5.028328936330589,8.203274517862924,0,0,0,0,0,5,5,1,1
94,2017,7,7,9,42921.375,57.911468126776285,54.79214624291748,475,278,996.1483578144424,1002.1483578144424,6.0,9.97572356295586,8.94091781152747,752.9870415650439,1781250,2.7414978381135735,22.418579396160712,1.9007990372280064,12.071150658994993,12.219890147300104,0,0,0,0,0,4,4,1,1
94,2017,7,7,12,42921.5,57.911468126776285,54.79214624291748,475,278,,,,9.97572356295586,,0.0,0,0.0,,0.0,0.0,0.0,0,3,0,0,0,4,4,0,0
101,2017,7,2,3,42916.125,66.67577850121894,-138.52746805037413,291,437,1001.1044203517489,1001.1044203517489,0.0,8.142301735016636,8.568846602609264,14.104739588693906,625,,,,,,3,0,0,0,0,17,17,1,1
101,2017,7,2,6,42916.25,65.9515927227324,-129.28940686250036,277,427,1002.0910161307256,1006.0910161307256,4.0,8.29750527936555,7.4847952498756785,725.9488999323839,1655625,0.9865957789767709,7.48502505889936,139.40825465380215,-26.841928171947632,141.96883662835074,0,0,2,0,0,18,18,1,2
101,2017,7,2,9,42916.375,65.9515927227324,-129.28940686250036,277,427,1002.2267164600115,1007.8042255701614,5.57750911014984,8.237321284843782,6.394803794526888,863.9656724089153,2345000,0.1357003292859008,1.0295202826220253,0.0,0.0,0.0,0,0,0,0,0,19,20,2,0
101,2017,7,2,12,42916.5,65.9515927227324,-129.28940686250036,277,427,1002.2456656786151,1008.2456656786151,6.0,8.37963780923352,6.225926465486046,881.8564739699843,2443125,0.01894921860352042,0.14376239906582022,0.0,0.0,0.0,0,0,0,0,0,18,18,1,2
101,2017,7,2,15,42916.625,65.77371955269176,-128.9514933389994,276,427,1001.8944556690415,1007.8944556690415,6.0,8.462088237615076,6.082576802049589,848.631909305104,2262500,-0.35121000957355136,-2.6682409784033934,5.139419444165561,-6.59286469823496,8.35939574085949,0,0,0,0,0,17,17,1,2
101,2017,7,2,18,42916.75,64.34571197055259,-124.59944797517895,266,424,1001.3257440453641,1009.3257440453641,8.0,9.384909023167886,3.5131770103205056,1007.9709162286811,3191875,-0.5687116236773727,-4.371034397350981,69.82324733949677,-52.929066114612894,87.61718957372238,0,0,1,0,0,16,16,1,1
101,2017,7,2,21,42916.875,64.2144161847117,-125.01257842498646,266,425,1000.3239012177983,1008.3239012177983,8.0,10.132178549834338,4.904971831025469,904.7945836094161,2571875,-1.0018428275658515,-7.7085216992640255,-6.661069531569653,-4.866475091772458,8.249389500032551,0,0,0,0,0,19,19,1,1
101,2017,7,3,0,42917.0,62.924277671131435,-119.24047783310714,255,418,999.7852063025778,1009.7852063025778,10.0,11.013918011445798,7.740929510618298,1138.995930580005,4075625,-0.5386949152205489,-4.1915585667434785,97.3471773582223,-47.81895245962588,108.45794186664777,0,0,0,0,0,14,14,1,2
101,2017,7,3,3,42917.125,62.02487399696959,-121.44054812946597,254,424,999.5843940856652,1005.5843940856652,6.0,10.904293546132953,3.9741041025441524,752.3262366623624,1778125,-0.20081221691259998,-1.5753448066641176,-38.25022327994151,-33.33637519075771,50.73848137089191,0,0,0,0,0,15,15,1,2
101,2017,7,3,6,42917.25,63.76265127168535,-121.97923269437533,261,421,998.8673832089002,1002.8673832089002,4.0,11.990476396042755,3.553005203309731,443.7952704527398,618750,-0.7170108767649799,-5.5381952228527975,-8.826901636644553,64.41067219553345,65.01268249490604,0,0,0,2,0,14,14,1,1
101,2017,7,3,9,42917.375,63.95765864517035,-122.24246783912331,262,421,998.7116659847186,1004.7116659847186,6.0,12.449302186788199,5.201806544350184,609.6120012922773,1167500,-0.15571722418157152,-1.2007532361331643,-4.283577758589469,7.227943529937354,8.4019168102193,0,0,0,0,0,14,14,1,1
101,2017,7,3,12,42917.5,63.39029724252808,-123.21767486553769,261,424,998.3915450540321,1006.3915450540321,8.0,13.425098267154763,2.519754789193903,693.287767191607,1510000,-0.3201209306863893,-2.4806134120434895,-16.19002779789907,-21.02923651591989,26.539513720851087,0,0,0,0,0,13,13,1,1
101,2017,7,3,15,42917.625,63.135005711545396,-124.02434482718746,261,426,998.2143730988821,1006.2143730988821,8.0,13.410503132289762,5.245896886308547,693.287767191607,1510000,-0.17717195515011552,-1.3759885480196814,-13.511054831121154,-9.462374353532468,16.49500321479057,0,0,0,0,0,12,12,1,1
101,2017,7,3,18,42917.75,62.810840551484915,-119.65623395223614,255,419,998.2733915414292,1006.2733915414292,8.0,13.551230629295418,3.9847474257100113,689.6914789715053,1494375,0.05901844254709431,0.45968573126352924,73.96452467723391,-12.015173731215732,74.93407309442375,0,0,0,0,0,12,12,1,1
101,2017,7,3,21,42917.875,62.924277671131435,-119.24047783310714,255,418,997.8494684068786,1003.8494684068786,6.0,14.052764143303174,8.734402784044505,554.4077775845346,965625,-0.4239231345505686,-3.2985250019274797,7.01411707617578,4.204544065955,8.177776541386912,0,0,0,1,0,15,15,1,2
101,2017,7,4,0,42918.0,63.17383674597543,-121.21214708367323,258,421,998.8243062487617,1004.8243062487617,6.0,13.237817787797145,4.252333098788658,597.5817128748505,1121875,0.9748378418831272,7.568385557589608,-32.97856021932693,9.249901006920654,34.25122045676043,0,0,0,0,0,16,16,1,2
101,2017,7,4,3,42918.125,60.148906805623085,-111.59952244480756,237,408,999.0343363585516,1005.0343363585516,6.0,11.399130020403533,10.162191864144333,600.7360763770332,1133750,0.11869373306413764,0.9481304138678937,22.189410013373802,9.760461581899213,24.241215461138577,0,0,0,0,2,11,11,1,2
101,2017,7,4,6,42918.25,61.56100254914155,-113.19859051364818,244,409,998.7230085635922,1004.7230085635922,6.0,12.901710708992283,1.5524403073896975,572.5898905580716,1030000,-0.31132779495950674,-2.4529532425474336,-28.224741340685746,52.33929420520965,59.46459233567575,0,0,1,0,0,10,10,1,1
101,2017,7,4,9,42918.375,62.98405563485326,-112.38013505195958,249,405,997.4743328932775,1011.4743328932775,14.0,14.804082451023946,3.481383211188222,1136.9854991440832,4061250,-1.2486756703146966,-9.710710008289619,13.779698503959795,52.74542782567556,54.51568808493186,0,0,0,0,0,11,11,1,1
101,2017,7,4,12,42918.5,62.71313392051217,-113.69734422251713,249,408,997.2197269047147,1011.2197269047147,14.0,15.437536984005538,2.652023655582525,1063.3888614556372,3552500,-0.2546059885628347,-1.9848291663973878,-22.382003029850562,-10.041706717525285,24.53140708212703,0,0,0,0,0,10,10,1,1
101,2017,7,4,15,42918.625,62.427604084573446,-114.98850112189427,249,411,997.0510088924816,1009.0510088924816,12.0,15.529194249949589,4.210425877539674,874.8350316449105,2404375,-0.1687180122330028,-1.3186794782635929,-22.151015237028613,-10.583156387346445,24.54935182749446,0,0,0,0,0,9,9,1,2
101,2017,7,4,18,42918.75,61.71238753648467,-115.84761022059627,247,414,997.3712144194797,1008.4777798315342,11.106565412054625,14.648344461356043,5.010763455271444,866.3801130896019,2358125,0.32020552699803373,2.519304763707515,-15.090151752583598,-26.509483866568637,30.50353118555071,0,0,0,0,0,16,14,2,0
101,2017,7,4,21,42918.875,61.61076758409416,-116.2586595548073,247,415,998.2521273021567,1005.9205885099401,7.668461207783403,13.146084183270395,5.933004667618807,723.0656872351752,1642500,0.8809128826770757,6.937456250195501,-7.243857810950753,-3.7665410505619534,8.164576380366626,0,0,0,0,0,20,18,2,0
101,2017,7,5,0,42919.0,61.85707664820077,-106.1035837361874,240,394,995.0107553582185,1005.0107553582185,10.0,14.99307329025021,9.227152740605526,692.5700034965415,1506875,-0.9098331517216866,-7.148669284389241,-7.754443085087445,-2.345563566463808,8.101423085124177,0,0,0,0,2,15,15,1,1
101,2017,7,5,3,42919.125,61.634756896785916,-105.9767908454592,239,394,995.533879545363,1005.533879545363,10.0,14.565898107163312,7.358755602018355,718.3730945514808,1621250,0.5231241871445672,4.118830041165646,2.2327233048754045,-8.24027615007047,8.537400329465283,0,0,0,0,0,15,15,1,2
101,2017,7,5,6,42919.25,61.189350775603806,-105.72895307914412,237,394,996.0984707759218,1004.0984707759218,8.0,14.442300801685384,9.754408179833773,602.8848159359432,1141875,0.5645912305587263,4.464193496311256,4.426931235964909,-16.508966990627403,17.092212006220464,0,0,0,0,0,12,12,1,2
101,2017,7,5,9,42919.375,60.580014394303184,-104.94562391712562,234,393,996.9477823041483,1002.9477823041483,6.0,13.895569942509704,8.026505722831425,529.6325020233044,881250,0.8493115282265353,6.755356613672356,14.261675094459969,-22.585038073527603,26.711033699253033,0,0,0,0,0,12,12,1,2
101,2017,7,5,12,42919.5,59.964354736314974,-104.19350504788814,231,392,997.854405679692,1003.3777203798609,5.523314700168848,13.374236359413176,9.117244441456423,567.0035141386943,1010000,0.9066233755437133,7.2555945112888525,13.953575622825486,-22.819410169337853,26.74748124849122,0,0,0,0,0,9,8,2,0
101,2017,7,5,15,42919.625,60.55323772285932,-95.07473037815754,230,371,997.2479204484413,1001.2479204484413,4.0,11.823880864880307,4.092889803166981,434.508401809172,593125,-0.12979993141954765,-1.0326906481528493,52.174297487224756,-28.30926364584187,59.35968098343531,0,0,0,0,2,11,11,1,2
101,2017,7,5,18,42919.75,60.09079414478216,-94.99794209392792,228,371,997.5013548883392,999.5013548883392,2.0,11.337219503410493,4.879445373852141,217.59732436277534,148750,0.25343443989782827,2.0256248150505347,1.4191701431323516,-17.14045991384576,17.199110731468405,0,0,0,2,0,10,10,1,1
101,2017,7,5,21,42919.875,59.1641457949557,-94.85111609530156,224,371,,,,10.182418328031412,,0.0,0,1.2607625736744377,,2.789513625425303,-34.34619842808477,34.4592909492898,0,2,2,0,0,10,6,0,0
107,2017,7,5,15,42919.625,58.602090242099166,121.10575321660664,478,431,996.5928397209673,1000.5928397209673,4.0,8.973407307792362,10.13771537343855,237.27844638474429,176875,,,,,,3,0,0,0,0,14,14,1,1
107,2017,7,5,18,42919.75,58.877739785846174,121.89473100978128,476,432,996.4021342866746,1000.4021342866746,4.0,9.066846400765842,9.42360244268326,258.54414729132054,210000,-0.19070543429275857,-1.543392077082678,15.11485256996832,10.216943598851604,18.244032030063767,0,0,0,0,0,13,13,1,1
107,2017,7,5,21,42919.875,59.8593535996234,123.03289762341504,471,432,996.7761768423268,1000.7761768423268,4.0,8.789107600540087,5.805263479942369,322.25548927436705,326250,0.37404255565226774,2.9965963847685106,21.182416921478712,36.38349200541464,42.1005139771882,0,0,0,0,0,12,12,1,1
107,2017,7,6,0,42920.0,59.725082430914355,124.93931020467703,469,436,997.1428584385769,1001.1428584385769,4.0,8.371412370237872,4.605018834017756,495.47603344586565,771250,0.36668159625012775,2.941635672456187,35.62255807263525,-4.976757585027217,35.96852456938423,0,0,0,0,0,13,13,1,1
107,2017,7,6,3,42920.125,59.96961346890029,127.95082183250472,464,441,996.0351516660821,1000.0351516660821,4.0,8.467186283835838,9.647165031992117,454.2076562354155,648125,-1.1077067724948575,-8.86436965068046,55.85724155116466,9.063536943721378,56.58780023675914,0,0,0,0,0,13,13,1,1
107,2017,7,6,6,42920.25,59.14360938839914,131.12651027565542,462,449,994.6579870236216,998.6579870236216,4.0,8.927627234075265,7.468574491581749,416.98534186215187,546250,-1.377164642460557,-11.114468040864113,60.36471834863954,-30.615821046477166,67.68476726458098,0,0,0,0,0,14,14,1,1
107,2017,7,6,9,42920.375,58.060474291621766,134.42418240675502,460,458,995.2063136909633,999.2063136909633,4.0,8.262510095807157,4.3846204585416855,468.0138784589843,688125,0.548326667341753,4.47665274311708,64.6551750999002,-40.14637587743562,76.10534254105359,0,0,0,0,0,13,13,1,1
107,2017,7,6,12,42920.5,57.73017813614507,135.5700884449989,459,461,996.1030923082994,1000.1030923082994,4.0,7.819574424493313,7.769454782939573,527.9394795709843,875625,0.8967786173360947,7.3480157861033275,22.676353688379052,-12.242418926403825,25.770018194988392,0,0,0,1,0,15,15,1,2
107,2017,7,6,15,42920.625,57.88669338298392,136.43209618416466,457,462,996.4509581811582,999.9125088465485,3.461550665390241,7.73171469713093,9.754974995817683,439.289618018595,606250,0.34786587285881976,2.8454424757987153,16.98451228984632,5.8012337970005055,17.947923871339594,0,0,0,0,0,17,16,2,0
107,2017,7,6,18,42920.75,60.68734233432467,136.25216737520387,449,453,996.4847353849425,1000.4847353849425,4.0,8.558941422406706,5.85398136977281,551.5295866808824,955625,0.03377720378426602,0.26837816758822297,-3.2650031512434032,103.80598490049816,103.85731917751431,0,0,1,0,0,16,16,1,1
107,2017,7,6,21,42920.875,60.43034751515475,139.66054548258032,444,459,997.0371146511876,1001.0371146511876,4.0,8.264689958387187,6.6957566136970845,570.8500205663969,1023750,0.552379266245116,4.400077632422845,62.33524927967468,-9.525506688543524,63.058850135668266,0,0,0,0,0,18,18,1,1
107,2017,7,7,0,42921.0,60.43034751515475,139.66054548258032,444,459,996.7791602381535,1000.7791602381535,4.0,8.409866864319335,9.6245064063507,590.2121497329464,1094375,-0.25795441303402183,-2.0547828499994845,0.0,0.0,0.0,0,0,0,0,0,15,15,1,1
107,2017,7,7,3,42921.125,60.401917116041396,140.2786460634189,443,460,996.8312737836018,998.8312737836018,2.0,7.885657476576488,9.501565356183564,256.6132453796407,206875,0.05211354544822825,0.41523689112621265,11.315442315588502,-1.0537720479616173,11.364403650279064,0,0,0,3,0,16,16,1,1
107,2017,7,7,6,42921.25,60.401917116041396,140.2786460634189,443,460,996.4597811873715,996.4597811873715,0.0,7.8273517089189095,12.2381593859414,14.104739588693906,625,-0.37149259623023684,-2.9600256403259806,0.0,0.0,0.0,0,0,0,0,0,19,19,1,1
107,2017,7,7,9,42921.375,62.43139330916921,146.37511535774547,427,461,,,,7.689607419022712,,0.0,0,0.6614212016938836,,104.5404046441011,75.22248547390846,128.79098774380435,0,3,3,0,0,16,16,0,0
109,2017,7,2,6,42916.25,82.63715660250071,153.82471001824007,374,389,994.0749649044615,994.0749649044615,0.0,8.504677671668958,3.5181364321407456,14.104739588693906,625,,,,,,3,0,0,0,0,14,14,1,1
109,2017,7,2,9,42916.375,83.43034150627223,150.37625124882618,374,385,994.6737392087173,994.6737392087173,0.0,8.940539688975337,3.992640593186371,14.104739588693906,625,0.5987743042557849,4.1758508254079425,-14.621507924795281,29.399379063482208,32.83461562609143,0,0,0,0,0,14,14,1,1
109,2017,7,2,12,42916.5,83.81616387073247,148.3245312618908,374,383,995.5727154200918,995.5727154200918,0.0,8.712525342447734,3.641305969760142,14.104739588693906,625,0.8989762113743928,6.2647419667569455,-8.191260477451705,14.300496504662169,16.48032003601014,0,0,0,0,0,14,14,1,1
109,2017,7,2,15,42916.625,84.37734900044414,144.72757855140162,374,380,995.8936634913142,995.8936634913142,0.0,8.839114661281709,3.214744774630162,14.104739588693906,625,0.3209480712225195,2.234343461459762,-13.060175766747214,20.800313110768602,24.560562220037706,0,0,0,0,0,13,13,1,1
109,2017,7,2,18,42916.75,85.05133079850081,142.35237935989238,373,377,996.7175805601878,996.7175805601878,0.0,8.828268648500835,3.1072075810370006,14.104739588693906,625,0.8239170688735612,5.729622752225562,-7.593789973243832,24.98111886489332,26.1098055507824,0,0,0,0,0,13,13,1,1
109,2017,7,2,21,42916.875,85.56445197913082,137.04540848888723,373,374,997.3656991533251,997.3656991533251,0.0,9.155158704880755,2.7728635877626946,14.104739588693906,625,0.6481185931373329,4.503786343875937,-15.207116247915065,19.01882401330756,24.351017461838566,0,0,0,0,0,15,15,1,1
109,2017,7,3,0,42917.0,86.02978086575877,130.42607874009914,373,371,998.1956108095827,1000.1956108095827,2.0,9.26345225779846,2.7548888823587188,198.97183743964612,124375,0.8299116562576091,5.763628327930437,-16.977806637551705,17.247403804729505,24.201629206016122,0,0,0,0,0,11,11,1,1
109,2017,7,3,3,42917.125,86.42866882270452,122.19573393471325,373,368,998.4335755928222,1000.4335755928222,2.0,9.612048779749697,2.6030110509081714,202.4410972262378,128750,0.2379647832394403,1.6518762878507138,-18.986109192876377,14.784772370660297,24.063703711940626,0,0,0,0,0,10,10,1,1
109,2017,7,3,6,42917.25,86.64582710779332,115.70995378081126,373,366,999.058900677218,1001.058900677218,2.0,9.501677506726544,2.299469089663835,204.39709528665645,131250,0.6253250843958813,4.3398136140256796,-14.057547456907841,8.04896652690283,16.198780900253524,0,0,0,0,0,9,9,1,1
109,2017,7,3,9,42917.375,87.09423491173764,105.64224645720873,372,363,999.8099523906947,1001.8099523906947,2.0,9.673365050863952,2.341110227124955,212.97689729449573,142500,0.7510517134766269,5.210137782262112,-18.892462042874566,16.620224288811816,25.162610704214824,0,0,0,0,0,9,9,1,1
109,2017,7,3,12,42917.5,86.95937044872575,96.3401917459099,373,361,1000.0519550898234,1002.0519550898234,2.0,9.692193169673995,2.4435125011396304,209.6820283885486,138125,0.24200269912878866,1.67900763709112,-18.26854193020339,-4.9987480238551525,18.94009255683813,0,0,0,0,0,8,8,1,1
109,2017,7,3,15,42917.625,87.19963825217398,87.70938995736148,372,359,1000.4055645197883,1002.4055645197883,2.0,9.469111505508307,2.5012110383790422,213.44344089255833,143125,0.3536094299648539,2.452807066252757,-15.614343637064595,8.905520259824815,17.975428181673166,0,0,0,0,0,7,7,1,1
109,2017,7,3,18,42917.75,87.18179749750493,83.15722658736907,372,358,999.9616641727973,1001.9616641727973,2.0,9.75349093917269,2.7586820342778084,205.8518972422094,133125,-0.4439003469909949,-3.079155848550913,-8.293579904861478,-0.661267135568893,8.319900351741337,0,0,0,0,0,8,8,1,1
109,2017,7,3,21,42917.875,87.09423491173764,74.35775354279127,372,356,1000.0352324039509,1002.0352324039509,2.0,9.74492175116995,2.768671316543696,205.36810833075387,132500,0.07356823115362204,0.5103518357389477,-16.5175739986265,-3.2455051004007687,16.833405898891336,0,0,0,0,0,9,9,1,1
109,2017,7,4,0,42918.0,87.23566486834333,68.62937773065681,371,355,1000.148325210856,1002.148325210856,2.0,9.331445280386863,2.748542518584145,213.44344089255833,143125,0.11309280690504238,0.7844427659074706,-10.235623554731015,5.2420978833714855,11.499894772258232,0,0,0,0,0,10,10,1,1
109,2017,7,4,3,42918.125,87.34667560267698,62.35402463626132,370,354,999.9130651560429,1001.9130651560429,2.0,9.333253875772346,2.721179669792473,218.05398241881235,149375,-0.23526005481311585,-1.6316787644223305,-10.762117652043047,4.114610153662274,11.521857188536805,0,0,0,0,0,7,7,1,1
109,2017,7,4,6,42918.25,87.29060208577239,51.709836807756936,369,352,999.7031117220604,1001.7031117220604,2.0,9.159093114878855,2.2346019271514526,245.51972363957924,189375,-0.20995343398244587,-1.4562279258850037,-18.622638799891693,-2.0783635329694077,18.738256878546856,0,0,0,0,0,7,7,1,1
109,2017,7,4,9,42918.375,87.29060208577239,38.29016319224307,367,350,999.8890961781303,1001.8890961781303,2.0,8.85210020623916,2.0964984572416143,270.20793871277544,229375,0.18598445606985478,1.2899801330808418,-23.45865074639261,0.0,23.45865074639261,0,0,0,0,0,9,9,1,1
109,2017,7,4,12,42918.5,86.84608660932368,27.474431626277134,366,347,999.8244728999651,1003.8244728999651,4.0,8.792409223433717,1.478370969869502,611.2415471057446,1173750,-0.0646232781650906,-0.44840238081507733,-22.023398378725407,-16.475955265362195,27.50431199020003,0,0,0,0,0,9,9,1,1
109,2017,7,4,15,42918.625,85.34379104144372,9.688786560366802,363,339,998.9282459875229,1002.9282459875229,4.0,8.940083311281223,2.8271074699003655,557.4495729542948,976250,-0.8962269124422164,-6.229802274559819,-53.30050843930538,-55.682548489618775,77.08106386258048,0,0,0,0,0,7,7,1,1
109,2017,7,4,18,42918.75,85.12280562033862,9.246112745563252,363,338,997.862452973764,1001.862452973764,4.0,9.693650688138582,3.6519961178153606,353.46376098143054,392500,-1.0657930137589573,-7.410863737336112,-1.394984254032881,-8.190819229766534,8.308760480583906,0,0,0,0,0,13,13,1,1
109,2017,7,4,21,42918.875,84.90153449023765,8.841814560191672,363,337,997.2158206829095,1001.2158206829095,4.0,10.218820921732458,4.115981845411807,325.6331998352982,333125,-0.6466322908546135,-4.497795698706323,-1.331705428562212,-8.201409026711527,8.308823585315034,0,0,0,0,0,16,16,1,1
109,2017,7,5,0,42919.0,84.42215443618338,10.407711312490056,364,335,996.4861713536837,1002.4861713536837,6.0,11.126238555185004,4.2246766334587305,519.5830753783531,848125,-0.7296493292256492,-5.079208599090605,5.641194767222764,-17.768209981809974,18.642219941826486,0,0,0,0,0,13,13,1,1
109,2017,7,5,3,42919.125,84.15845677451006,12.171458208587472,365,334,995.375679818209,1001.375679818209,6.0,12.000124875269567,4.484859753762139,435.1946487255507,595000,-1.110491535474721,-7.733871686837634,6.653272661506957,-9.773947382035894,11.823539425026762,0,0,0,0,0,12,12,1,1
109,2017,7,5,6,42919.25,84.15845677451006,12.171458208587472,365,334,994.8829892653177,1000.8829892653177,6.0,12.4077062176176,4.539015180384231,424.315954652552,565625,-0.49269055289129027,-3.431278308437921,0.0,0.0,0.0,0,0,0,0,0,9,9,1,1
109,2017,7,5,9,42919.375,83.93915898282918,11.725112015165077,365,333,994.5752921265774,1000.5752921265774,6.0,13.079783858893782,4.253166681825459,409.0374480721233,525625,-0.3076971387403319,-2.1437712664656448,-1.746765008094456,-8.128267286422064,8.313838889046522,0,0,0,0,0,8,8,1,1
109,2017,7,5,12,42919.5,83.98071352368139,9.637538112930946,364,333,994.8922708904189,1002.8922708904189,8.0,12.95272766853111,4.961993965490983,663.072794111899,1381250,0.31697876384147095,2.208268243707692,-8.113440061555343,1.5402180406024732,8.258340102287413,0,0,0,0,0,5,5,1,1
109,2017,7,5,15,42919.625,83.71949466541682,11.309932474020213,365,332,994.9645667562286,1000.9645667562286,6.0,12.816190568210942,4.752244366034866,458.1327113429437,659375,0.07229586580971954,0.5039047692517395,6.780927054256339,-9.682070594301324,11.820467956395802,0,0,0,0,0,7,7,1,1
109,2017,7,5,18,42919.75,83.61641440899865,15.255118703057777,367,332,995.1269440811853,1001.1269440811853,6.0,12.607547583841006,3.8361268882062003,544.6329270137089,931875,0.16237732495676027,1.1320017301419598,16.255100961727262,-3.820667183640343,16.69807788351979,0,0,0,0,0,6,6,1,2
109,2017,7,5,21,42919.875,83.5537960410065,17.175903615746744,368,332,995.8583111503692,1001.8583111503692,6.0,12.078294245219523,4.202923695960926,587.1706697995212,1083125,0.731367069183907,5.099298957160847,7.992583541580186,-2.320948278495546,8.32275150299406,0,0,0,0,0,5,5,1,2
109,2017,7,6,0,42920.0,83.27172822621657,18.43494882292201,369,331,996.9010408621639,1002.9010408621639,6.0,11.426065328459577,4.73826521353687,638.6192462437864,1281250,1.0427297117946728,7.274342048441016,5.4673730805641005,-10.454836658119612,11.798126035521008,0,0,0,0,0,7,7,1,2
109,2017,7,6,3,42920.125,83.40744995397233,20.897765498838858,370,332,997.2031109449132,1003.0628342882997,5.859723343386431,10.93040461565959,3.8582009685990486,658.5569223122742,1362500,0.3020700827492692,2.1067332711698326,10.479363475732008,5.030522520624921,11.62425118822802,0,0,0,0,0,7,9,2,0
109,2017,7,6,6,42920.25,83.43798968533946,25.253163394573882,372,333,997.671275685321,1003.1586621385666,5.487386453245563,10.54935452925109,3.4982750343045335,652.1821719528144,1336250,0.4681647404078103,3.2649298194992076,18.443901077410146,1.1319543963708072,18.478604051950306,0,0,0,0,0,8,9,2,0
109,2017,7,6,9,42920.375,83.43034150627223,29.623748751173814,374,334,998.8785674153166,1003.4653095504152,4.5867421350986115,9.667262302678997,3.146550878239432,650.1963684825124,1328125,1.2072917299956316,8.41965016096753,18.529662330381537,-0.28347957011486147,18.53183063662716,0,0,0,0,0,5,7,2,0
109,2017,7,6,12,42920.5,86.51391060811133,84.47245984834383,375,358,997.2688215429772,1003.2688215429772,6.0,9.895347427529538,3.5245865199857507,609.2855691396653,1166250,-0.19648800743801986,-1.3638324961366501,6.9590783491419606,9.262653894618953,11.585574161041656,0,0,0,0,2,9,9,1,1
109,2017,7,6,15,42920.625,86.95937044872575,83.6598082540901,373,358,997.1006694153449,1003.1006694153449,6.0,10.109252930457249,3.4366421080451257,586.3230142835039,1080000,-0.1681521276323474,-1.1666345354998817,-1.5977230036759293,16.51095810007262,16.58808175102923,0,0,0,0,0,11,11,1,1
109,2017,7,6,18,42920.75,86.95937044872575,83.6598082540901,373,358,997.0907625201711,1003.0907625201711,6.0,10.279523030056888,3.455206899419863,556.1990836336137,971875,-0.009906895173771772,-0.06873374849332502,0.0,0.0,0.0,0,0,0,0,0,12,12,1,1
109,2017,7,6,21,42920.875,87.18179749750493,83.15722658736907,372,358,997.5865415628791,1003.5865415628791,6.0,10.174056211124132,3.333407215873885,553.8692560610566,963750,0.4957790427080181,3.439017223778687,-0.9158901794588621,8.244253124255922,8.294972236097763,0,0,0,0,0,12,12,1,1
109,2017,7,7,0,42921.0,87.18179749750493,83.15722658736907,372,358,998.5275368689861,1002.5275368689861,4.0,9.387094590945233,3.1454823301716535,339.97981913709083,363125,0.9409953061069245,6.527301048306846,0.0,0.0,0.0,0,0,0,0,0,10,10,1,1
109,2017,7,7,3,42921.125,87.42333630262955,87.51044707800085,371,359,999.1552494071132,1003.1552494071132,4.0,8.356119093156462,2.7498465172909348,432.2130429014286,586875,0.6277125381270889,4.353321403071741,7.252017410665456,8.952629905881599,11.521342749709362,0,0,0,0,0,8,8,1,1
109,2017,7,7,6,42921.25,87.42333630262955,87.51044707800085,371,359,,,,8.356119093156462,,0.0,0,0.0,,0.0,0.0,0.0,0,3,0,0,0,8,8,0,0
112,2017,7,5,21,42919.875,68.94449932082523,179.6936083777293,360,453,998.913341490311,998.913341490311,0.0,7.5199805668488295,5.293020934278247,14.104739588693906,625,,,,,,3,0,0,0,0,13,13,1,1
112,2017,7,6,0,42920.0,68.71650307374325,-179.69685055628588,359,454,997.3890455565447,997.3890455565447,0.0,8.60426179986331,8.247670038892757,14.104739588693906,625,-1.5242959337662614,-11.33363320214982,-8.200701899752557,-8.450675323171675,11.775628436150145,0,0,0,0,0,16,16,1,1
112,2017,7,6,3,42920.125,68.71650307374325,-179.69685055628588,359,454,997.0515644281497,997.0515644281497,0.0,8.283689477955154,6.3976348829940255,14.104739588693906,625,-0.3374811283950112,-2.509281325986402,0.0,0.0,0.0,0,0,0,0,0,16,16,1,1
112,2017,7,6,6,42920.25,68.71409006281192,-179.09061955080085,358,454,996.8736456737606,996.8736456737606,0.0,8.184043366932956,5.478710840671556,14.104739588693906,625,-0.1779187543891021,-1.3229051798787166,8.1570508211966,-0.08943819116703254,8.157541130121464,0,0,0,3,0,16,16,1,1
112,2017,7,6,9,42920.375,68.7092648205234,-178.48459209997787,357,454,996.2798331708967,996.2798331708967,0.0,9.442553553520842,3.7331173966516507,14.104739588693906,625,-0.5938125028638751,-4.4154053178137795,8.156074560323214,-0.17884748743800363,8.158035220401686,0,0,0,0,0,12,12,1,1
112,2017,7,6,12,42920.5,70.28463920572405,-177.05595365001238,355,447,995.8209855645019,997.8209855645019,2.0,10.05540854638086,2.8931881999986944,332.2856328070812,346875,-0.4588476063948474,-3.3769455548082656,17.862974275479264,58.391213066700494,61.062423906746844,0,0,0,0,0,13,13,1,1
112,2017,7,6,15,42920.625,70.95223513924294,-176.27594202725172,354,444,994.5888296982286,996.5888296982286,2.0,11.38489496966511,2.1086857166317348,246.32868702971868,190625,-1.2321558662733878,-9.031107991214075,9.435257674850211,24.74442695194691,26.48227242083006,0,0,0,0,0,15,15,1,1
112,2017,7,6,18,42920.75,72.02501363761209,-173.89722034634423,351,439,993.2330341999034,995.2330341999034,2.0,13.034268708798676,3.3200160672334458,232.19331810450433,169375,-1.3557954983251692,-9.875223230215267,27.20680411181353,39.76250881067224,48.17953192899844,0,0,0,0,0,15,15,1,1
112,2017,7,6,21,42920.875,73.34879463584868,-172.63525375501735,350,433,992.0636810494756,996.0636810494756,4.0,14.250207218823654,3.36326084787761,332.88380724771235,348125,-1.169353150427778,-8.456107308776785,13.40281152245926,49.065910330792484,50.863532253432176,0,0,0,0,0,16,16,1,1
112,2017,7,7,0,42921.0,74.66066033198405,-171.15818543980834,349,427,989.4184194140114,1001.4184194140114,12.0,16.735558388992356,3.985411323587032,754.4387750058919,1788125,-2.6452616354641214,-19.003905053432582,14.482271392562344,48.624269949761896,50.73515361990291,0,0,0,0,0,12,12,1,1
112,2017,7,7,3,42921.125,75.775439967977,-170.46336424154057,349,422,987.9626785161431,999.9626785161431,12.0,17.95028169543782,3.3293129853336727,674.5251615499275,1429375,-1.4557408978683817,-10.404674992390914,6.328196318878018,41.319279949694604,41.8010641516636,0,0,0,0,0,11,11,1,1
112,2017,7,7,6,42921.25,76.66447106241947,-169.8244891569568,349,418,986.0444241049449,1000.0444241049449,14.0,19.84960311969255,3.761826729937602,688.5366996282647,1489375,-1.9182544111981406,-13.658339427984671,5.4618144824086885,32.951915777087336,33.401499529519725,0,0,0,0,0,13,13,1,1
112,2017,7,7,9,42921.375,77.55073342604337,-169.09497795476554,349,414,984.9688171381381,1000.9688171381381,16.0,21.767873967219927,3.3642406939724605,706.6460457335211,1568750,-1.0756069668068085,-7.631460090997974,5.828964191392728,32.84929283699749,33.362446904196844,0,0,0,0,0,10,10,1,1
112,2017,7,7,12,42921.5,78.21339549910375,-168.4762782961027,349,411,983.4068601282676,1001.4068601282676,18.0,23.56797540229702,3.300352969874366,730.1842639757785,1675000,-1.5619570098705298,-11.054640798087618,4.684251342565729,24.561553534693978,25.004242093652174,0,0,0,0,0,12,12,1,1
112,2017,7,7,15,42921.625,78.65409157162202,-168.02386755579664,349,409,982.3205657163365,1002.3205657163365,20.0,24.46333401648683,3.395647187334035,774.220449497332,1883125,-1.0862944119310123,-7.676079454693117,3.2989072836197653,16.334389152071186,16.664184895674328,0,0,0,0,0,13,13,1,1
112,2017,7,7,18,42921.75,79.04309593631162,-166.3902681041878,348,407,982.1072526840442,1002.1072526840442,20.0,24.96041916333073,3.300774187433053,743.4147832042396,1736250,-0.21331303229235346,-1.5053173334268974,11.508270251834936,14.41843726535755,18.448078961353136,0,0,0,0,0,14,14,1,1
112,2017,7,7,21,42921.875,79.85525372632716,-163.96766064606402,347,403,982.0109943905859,1004.0109943905859,22.0,25.551984226613097,3.327399656707203,833.6127819767329,2183125,-0.09625829345837701,-0.6774889333971333,15.81475302704955,30.102608628195444,34.0040212258621,0,0,0,0,0,11,11,1,1
112,2017,7,8,0,42922.0,80.21928720698057,-161.98023071822286,346,401,982.1272301769691,1004.1272301769691,22.0,25.618836230145956,3.75914606973005,833.0159373509391,2180000,0.11623578638318577,0.817182788553806,12.513274344192745,13.49289205913926,18.402178428996272,0,0,0,0,0,14,14,1,1
112,2017,7,8,3,42922.125,80.57051859856952,-159.8423891054552,345,399,982.1498200361985,1004.1498200361985,22.0,25.614082347076277,4.396397197833794,837.1849142459114,2201875,0.02258985922948341,0.1586508269215027,12.981283823243345,13.01838294100031,18.384559393635932,0,0,0,0,0,14,14,1,1
112,2017,7,8,6,42922.25,81.11462358775832,-156.99112991717712,344,396,982.4566573661443,1004.4566573661443,22.0,25.252820314989528,4.516355879837356,864.88625410045,2350000,0.30683732994584717,2.151652675114107,16.321787126623033,20.167238119928566,25.944522126890238,0,0,0,0,0,11,11,1,1
112,2017,7,8,9,42922.375,81.22860314269495,-155.07152586453873,343,395,983.3197451210452,1003.3197451210452,20.0,24.79994083422148,4.663776185246752,786.3313257857742,1942500,0.8630877549009165,6.050409134472237,10.849355727233473,4.224649416719356,11.642859717021457,0,0,0,0,0,10,10,1,1
112,2017,7,8,12,42922.5,81.3324552007275,-153.10376303450664,342,394,984.1440133187201,1004.1440133187201,20.0,24.130140652497325,4.7570937348549345,859.9265400839298,2323125,0.8242681976748281,5.776670576390862,10.990851806722036,3.8492739916052656,11.645416853843138,0,0,0,0,0,9,9,1,1
112,2017,7,8,15,42922.625,81.62162844941716,-150.35013649242444,341,392,984.4141874254987,1002.4141874254987,18.0,23.893732238136455,4.548713502121027,769.4520051971083,1860000,0.27017410677857695,1.8920138126602137,14.870170693751888,10.718199391871506,18.330351187722297,0,0,0,0,0,11,11,1,1
112,2017,7,8,18,42922.75,81.57971479655522,-146.94417718844633,339,391,985.7930171847152,1001.7930171847152,16.0,22.359926325448942,4.073467861682221,726.0859102006478,1656250,1.37882975921646,9.656908947336916,18.48333530012671,-1.5535285184621301,18.54850761313657,0,0,0,0,0,12,12,1,1
112,2017,7,8,21,42922.875,81.68791645550377,-142.66680426181418,337,389,987.1731430903033,1001.1731430903033,14.0,21.60485970593313,3.253707070810124,670.5316653481805,1412500,1.3801259055880655,9.663302633274945,22.91421080849537,4.010491843200993,23.262525696934713,0,0,0,0,0,13,13,1,1
112,2017,7,9,0,42923.0,81.76083421952919,-136.10170611520635,334,386,988.3915257597353,1000.3915257597353,12.0,20.123651078930564,2.4394457847162996,631.0984432618005,1251250,1.2183826694320306,8.529237246574173,34.85258678704691,2.702695140630568,34.957221954437756,0,0,0,0,0,13,13,1,1
112,2017,7,9,3,42923.125,81.74863684666201,-131.698134325565,332,384,989.282383185582,999.282383185582,10.0,19.163694699902962,2.4834127254306075,577.433637552854,1047500,0.8908574258467706,6.236602778103413,23.41881584226408,-0.4520953270738639,23.423179238494527,0,0,0,0,0,7,7,1,1
112,2017,7,9,6,42923.25,81.63965527041644,-125.1806993612421,329,381,990.273126108512,998.273126108512,8.0,18.334862955343848,2.3120360962668203,516.318244572981,837500,0.9907429229299305,6.937794861681738,35.10512626382597,-4.0393994587451765,35.33676043423442,0,0,0,0,0,8,8,1,1
112,2017,7,9,9,42923.375,81.73037426799948,-118.30075576600638,327,377,991.0404360991038,999.0404360991038,8.0,17.85555961815033,1.9975420847277565,545.3629982891939,934375,0.7673099905918934,5.371935991216635,36.65619317865443,3.3624974271715624,36.81009219356245,0,0,0,0,0,11,11,1,1
112,2017,7,9,12,42923.5,81.90862605041369,-111.94869908352698,326,373,991.7869628070544,995.7869628070544,4.0,17.041856713665428,1.844786740915151,316.3363249281201,314375,0.7465267079505429,5.2240953522201234,33.12189519623357,6.606897956603186,33.77441401415053,0,0,0,0,0,12,12,1,1
112,2017,7,9,15,42923.625,82.27737235015209,-109.48612957246577,327,371,992.475342192513,996.475342192513,4.0,16.11133795056636,2.254733738093346,309.6624827338096,301250,0.6883793854586838,4.8128841416410255,12.264393635186597,13.66757258328814,18.363493446462062,0,0,0,0,0,13,13,1,1
112,2017,7,9,18,42923.75,82.63033530344728,-106.78264414527071,328,369,993.6501348616647,995.6501348616647,2.0,14.551875375185928,2.147406616667722,211.1004122822376,140000,1.1747926691516477,8.206998621881848,12.852127901076516,13.082563233301169,18.339319843956943,0,0,0,0,0,12,12,1,1
112,2017,7,9,21,42923.875,82.90827268627038,-105.57254359681026,329,368,,,,13.235123167395706,,0.0,0,1.4309012284920026,,5.537288572394049,10.301742298265317,11.695617089911694,0,2,2,0,0,14,13,0,0
114,2017,7,5,6,42919.25,63.57291382086972,35.25290986089254,427,264,999.0209145559065,1001.0209145559065,2.0,10.815677826598556,6.568854349788598,199.47114020071635,125000,-0.6937944240824436,-5.367661555142243,-8.393139898070913,16.878101024912805,18.849803488518187,2,0,0,2,0,5,5,1,1
114,2017,7,5,9,42919.375,64.0817314235835,35.42157708053926,426,266,998.8602183443446,1000.8602183443446,2.0,11.044882914338098,6.624577578256939,203.42144725641097,130000,-0.16069621156188077,-1.2378398499528271,2.7325224827789656,18.85931200307325,19.056241191487768,0,0,0,0,0,4,4,1,1
114,2017,7,5,12,42919.5,64.2144161847117,35.01257842498646,425,266,998.3826041968833,1000.3826041968833,2.0,11.193601044684499,8.007017586532966,182.81831978578631,105000,-0.4776141474612814,-3.6749267632389926,-6.594451170224963,4.917957426833361,8.226365630618833,0,0,0,0,0,3,3,1,1
114,2017,7,5,15,42919.625,64.45526430664604,36.00875272293399,426,268,998.3633609194885,1000.3633609194885,2.0,10.866074896023852,4.56259505327078,207.77578856468483,135625,-0.019243277394853067,-0.14776558958108535,15.921689586109355,8.92702975032296,18.25354922856304,0,0,0,0,0,5,5,1,1
114,2017,7,5,18,42919.75,64.96203455751127,36.19829167679219,425,270,998.0996795789309,1000.0996795789309,2.0,11.248485465097867,4.715166995777472,198.47127856504602,123750,-0.26368134055752307,-2.016316072830005,2.973218949516308,18.78342695686789,19.017285799129013,0,0,0,0,0,4,4,1,1
114,2017,7,5,21,42919.875,65.33113782379289,36.81747700217859,425,272,998.2805453406141,1000.2805453406141,2.0,11.075302483593559,4.04924460625196,212.50932944773342,141875,0.18086576168323518,1.3789218708410997,9.57871532700608,13.680803539483755,16.700783598435507,0,0,0,0,0,4,4,1,1
114,2017,7,6,0,42920.0,65.92365183937872,35.84974322198512,422,273,997.6304023223483,999.6304023223483,2.0,12.146026552029275,4.383606987836974,176.73188049071527,98125,-0.6501430182658078,-4.93352665901956,-14.632754674354842,21.961517499646455,26.38987988315087,0,0,0,0,0,5,5,1,1
114,2017,7,6,3,42920.125,66.05718276568462,35.41216697518136,421,273,997.7439185275241,999.7439185275241,2.0,11.941112936273223,4.510272273419032,168.66815371514653,89375,0.11351620517569244,0.8605093638745508,-6.581957117398134,4.9493205184547095,8.235164423960505,0,0,0,0,0,5,5,1,1
114,2017,7,6,6,42920.25,66.31981460253174,34.52257640399513,419,273,998.4078378236816,1000.4078378236816,2.0,11.552045186164928,3.9615173918006628,161.43612337794121,81875,0.6639192961575463,5.022668766394973,-13.242730878232027,9.734442610913794,16.435610547176342,0,0,0,0,0,6,6,1,1
114,2017,7,6,9,42920.375,66.82672575129128,34.69515353123397,418,275,999.7595767425455,1001.7595767425455,2.0,10.348211086336395,4.332899421723851,168.07737027574956,88750,1.351738918863848,10.187021046369766,2.517132322745678,18.788649333875654,18.95651072643795,0,0,0,0,0,3,3,1,1
114,2017,7,6,12,42920.5,67.94081174915887,36.694323794444,418,281,1000.3365436739961,1002.3365436739961,2.0,9.51256965668985,8.087460505282433,171.01087916602197,91875,0.5769669314505882,4.313077008057366,27.827793176498812,41.293570269538684,49.79503006003032,0,0,0,0,0,4,4,1,1
114,2017,7,6,15,42920.625,68.1234700951809,37.046918028561585,418,282,1000.9498321948549,1002.9498321948549,2.0,8.896710202975523,5.624376222393839,200.46601490203662,126250,0.6132885208589142,4.5787047904743865,4.869564667034397,6.770227128978955,8.339582449043384,0,0,0,0,0,6,6,1,1
114,2017,7,6,18,42920.75,67.98517323800824,37.51496104962666,419,282,1002.0074352934005,1004.0074352934005,2.0,7.865023651991238,5.059312393620275,240.1950600466464,181250,1.0576030985455145,7.903562575428022,6.502822951869986,-5.125969629495772,8.280233751886483,0,0,0,0,0,6,6,1,1
114,2017,7,6,21,42920.875,70.35484789360179,36.14799590061057,411,289,1002.3005852201181,1004.3005852201181,2.0,8.178652811570808,3.8707778659420726,238.11540999374174,178125,0.2931499267175968,2.1565276935472792,-17.033417736378677,87.83193316673123,89.46835084870582,0,0,0,0,0,7,7,1,1
114,2017,7,7,0,42921.0,71.17347968526869,36.25383773744479,409,292,1002.0099629224471,1004.0099629224471,2.0,8.923727661308721,3.473441032990304,187.12051592547775,110000,-0.290622297670925,-2.1273009584955354,1.265975074456051,30.342567341101937,30.368965832547705,0,0,0,0,0,7,7,1,1
114,2017,7,7,3,42921.125,72.12457403828165,35.78897345918334,406,295,1001.2789574960519,1003.2789574960519,2.0,9.589375036940833,3.1578138688208854,176.1681409986482,97500,-0.731005426395277,-5.321440631475698,-5.288764905412067,35.252288938443456,35.646807846204425,0,0,0,0,0,6,6,1,1
114,2017,7,7,6,42921.25,72.62476824702662,36.05461816646105,405,297,1000.3913511667154,1004.3913511667154,4.0,10.365454106445295,4.032489049268698,247.93869558672074,193125,-0.8876063293365587,-6.443538867968729,2.9403256482894022,18.53968611647657,18.771400486257345,0,0,0,0,0,7,7,1,1
114,2017,7,7,9,42921.375,73.57326420167831,35.53767779197438,402,300,999.65168340563,1005.65168340563,6.0,11.114120168173969,5.618246880054939,299.8708769569344,282500,-0.739667761085293,-5.34264396243885,-5.41832976739623,35.155979366718405,35.57107227370834,0,0,0,0,0,6,6,1,1
114,2017,7,7,12,42921.5,74.3884118825382,35.63349004298788,400,303,997.8543689555594,1005.8543689555594,8.0,12.489753345241763,8.693437869919071,325.6331998352982,333125,-1.7973144500706986,-12.929139554391082,0.9557009096971374,30.21342885923242,30.228540283326524,0,0,0,0,0,8,8,1,1
114,2017,7,7,15,42921.625,75.20265635491675,35.73977846882852,398,306,995.8287090081403,1005.8287090081403,10.0,14.236330466756792,10.703988479469045,391.6447068515214,481875,-2.025659947419044,-14.515589986071955,1.0061717402613486,30.17995145895731,30.196719219741734,0,0,0,0,0,9,9,1,1
114,2017,7,7,18,42921.75,75.88267351367207,36.596628909439175,397,309,994.0275681632014,1006.0275681632014,12.0,16.007837390004852,11.530406020329247,449.3638103450724,634375,-1.8011408449389272,-12.867283651370661,7.746249920539574,25.20481936161275,26.368301175521115,0,0,0,0,0,10,10,1,1
114,2017,7,7,21,42921.875,76.55866218108125,37.539433873831655,396,312,991.7786176283481,1003.7786176283481,12.0,18.5215026964104,11.921684555057654,381.3500088504252,456875,-2.2489505348532113,-16.01999940230547,8.122877446631671,25.055503428371857,26.33931263458011,0,0,0,0,0,8,8,1,1
114,2017,7,8,0,42922.0,77.1905818225883,37.17092348994039,394,314,990.0197829722958,1004.0197829722958,14.0,20.340229894761695,13.76037295594004,520.3482938716019,850625,-1.7588346560523496,-12.496566965041842,-3.0282773189507832,23.42208606087768,23.617040012745722,0,0,0,0,0,10,10,1,1
114,2017,7,8,3,42922.125,77.68538161714378,37.60040534011289,393,316,988.6369839067827,1004.6369839067827,16.0,21.394311775727584,14.108051911390579,627.3042298555871,1236250,-1.3827990655130997,-9.805935864812229,3.3951346735724304,18.339742286446167,18.65135615940448,0,0,0,0,0,10,10,1,1
114,2017,7,8,6,42922.25,77.86303574207284,38.24642596446901,393,317,987.2412888407175,1003.2412888407175,16.0,22.48076512253919,18.414936388565838,560.6523099091747,987500,-1.3956950660652365,-9.89073885518893,5.034339867844053,6.584745796530436,8.288754738191336,0,0,0,0,0,7,7,1,1
114,2017,7,8,9,42922.375,78.06865009639107,40.426078740099136,394,319,986.3806869047762,1004.3806869047762,18.0,23.45391477687817,19.44328672944568,632.6726498562402,1257500,-0.8606019359412312,-6.0940815769190495,16.701271644712634,7.621091015161273,18.357927519517396,0,0,0,0,0,6,6,1,1
114,2017,7,8,12,42922.5,78.4251336353338,45.0,396,323,987.6663687675086,1003.6663687675086,16.0,22.284951872131547,16.14145731948549,584.6240161760763,1073750,1.2856818627324538,9.092373551865457,34.00767777768675,13.21305365424313,36.48433821108555,0,0,0,0,0,5,5,1,1
114,2017,7,8,15,42922.625,79.19136629410536,49.205357001708585,396,328,988.4159652254152,1002.4159652254152,14.0,21.104140883795136,13.228483412070343,542.0699343105202,923125,0.7495964579065912,5.287156016264065,29.22413921913433,28.40039476158973,40.75086177878302,0,0,0,0,0,7,7,1,1
114,2017,7,8,18,42922.75,79.89007688074452,54.01932243138169,396,333,989.0406714729947,1001.0406714729947,12.0,20.00818983351525,14.089575031434507,486.153361082143,742500,0.6247062475794519,4.396354954770535,31.312093992914708,25.89769080903931,40.63419273791131,0,0,0,0,0,9,9,1,1
114,2017,7,8,21,42922.875,80.5812023984904,57.63336193527501,395,337,989.9808630808537,1001.9808630808537,12.0,18.876194197598252,11.059962965619198,521.6847253726536,855000,0.9401916078590148,6.602854759150733,21.918032383608036,25.616550415978782,33.71361444258496,0,0,0,0,0,10,10,1,1
114,2017,7,9,0,42923.0,81.62162844941716,60.35013649242442,392,341,990.4667533270457,1000.4667533270457,10.0,18.001995114462645,8.289035518599631,456.17440534586456,653750,0.48589024619199334,3.4026615954931274,14.671198858566568,38.56336613729561,41.25987498510778,0,0,0,0,0,11,11,1,1
114,2017,7,9,3,42923.125,82.33617068891614,63.060471936199185,390,344,990.8623118770204,1000.8623118770204,10.0,17.127781637802233,7.736358594245103,487.5835274530085,746875,0.39555854997466666,2.765210020535363,13.395976543093457,26.484490635176236,29.679629912582264,0,0,0,0,0,6,6,1,1
114,2017,7,9,6,42923.25,83.02973198931544,66.31791227546155,388,347,991.8060844394637,999.8060844394637,8.0,15.906223669533128,6.854977748990641,435.4231573518114,595625,0.943772562443337,6.587333393543652,14.650000310038694,25.706832640468225,29.5882367418063,0,0,0,0,0,6,6,1,1
114,2017,7,9,9,42923.375,83.90611855102033,69.56717132060132,385,350,992.5849727899374,998.5849727899374,6.0,15.32237976691656,5.4618549537291985,358.49353766379875,403750,0.7788883504737169,5.426963000043842,12.783293957192871,32.4832464803509,34.908077951947355,0,0,0,0,0,9,9,1,1
114,2017,7,9,12,42923.5,84.75600356956431,73.88658176691071,382,353,993.1067459587146,997.1067459587146,4.0,14.78768505227668,4.877245329315847,289.7485676944319,263750,0.5217731687771447,3.630144487439911,14.629162136161765,31.50096743110304,34.732165695526724,0,0,0,0,0,9,9,1,1
114,2017,7,9,15,42923.625,85.5194522991599,77.0053832080835,379,355,993.265237256555,997.265237256555,4.0,14.37546169884743,4.060084176363525,301.19481662601754,285000,0.15849129784037358,1.1014259745391284,9.029504030059105,28.297208494754003,29.702928334163143,0,0,0,0,0,10,10,1,1
114,2017,7,9,18,42923.75,86.26400746484397,81.3843518158359,376,357,993.1849030735586,997.1849030735586,4.0,14.263747452579041,3.5588846633250073,317.27827140480923,316250,-0.08033418299630285,-0.5577568447234507,10.573185861572178,27.59691901035603,29.553040421037895,0,0,0,0,0,9,9,1,1
114,2017,7,9,21,42923.875,86.95937044872575,83.6598082540901,373,358,993.0865187308387,1005.0865187308387,12.0,14.477379957409493,3.0420907258797523,960.2624388877599,2896875,-0.09838434271994628,-0.6825876876235598,4.473431498564524,25.77361199469157,26.158949990878046,0,0,2,0,0,13,13,1,4
114,2017,7,10,0,42924.0,87.6257847547332,81.86989764584403,370,358,993.6119552642482,1005.6119552642482,12.0,13.724043156159189,2.5006702527646123,981.6736628948677,3027500,0.52543653340952,3.6434587271287957,-2.74821428219075,24.700629957127763,24.853044119781277,0,0,0,0,0,13,13,1,4
114,2017,7,10,3,42924.125,88.0679844413826,79.99202019855866,368,358,993.7374600288563,1003.7374600288563,10.0,13.37434487567693,2.4408434695992764,870.0463769712665,2378125,0.1255047646080493,0.8700170910869478,-2.3464820150163526,16.39012057307588,16.557234981927397,0,0,0,0,0,12,12,1,3
114,2017,7,10,6,42924.25,88.54079135059384,85.60129464500447,366,359,993.8211253041329,1003.8211253041329,10.0,13.50347230050887,2.3015315635386653,879.2582874610177,2428750,0.08366527527658035,0.5798380672018503,5.292305211071713,17.524576528927405,18.306263326123386,0,0,0,0,0,11,11,1,3
114,2017,7,10,9,42924.375,88.76385542349766,95.1944289077348,365,360,994.4962477323995,1004.4962477323995,10.0,13.113130082484686,2.6025178694379427,920.4896133501333,2661875,0.6751224282666226,4.678474194754219,7.661786029298933,8.267864407859092,11.272113689344314,0,0,0,0,0,9,9,1,2
114,2017,7,10,12,42924.5,89.14768805866039,113.1985905136482,363,361,994.8825363810887,996.8825363810887,2.0,12.666136734904562,2.1304015955427893,223.4611004069437,156875,0.3862886486892239,2.676582401910539,9.885728369143306,14.226747236902774,17.3242016361853,0,0,0,2,0,12,12,1,1
114,2017,7,10,15,42924.625,89.34743730338711,149.03624346792648,361,362,995.6557030183499,1003.6557030183499,8.0,12.174051882219995,1.8680316996655892,866.8392440773612,2360625,0.7731666372611653,5.357003039101515,14.883038050499747,7.403700871564231,16.622864019422895,0,0,2,0,0,12,12,1,3
114,2017,7,10,18,42924.75,89.20864931691173,-171.86989764584402,359,363,996.7137453112638,1002.7137453112638,6.0,11.10833373296283,1.3818040529761493,789.9913421038832,1960625,1.0580422929138877,7.331031262849719,-19.626773180866998,-5.144173325091252,20.28972017283088,0,0,0,0,0,13,13,1,3
114,2017,7,10,21,42924.875,88.72396782385758,-142.12501634890182,356,364,997.8965830764653,1003.8965830764653,6.0,10.501707177405429,1.0005401925041224,896.4003117665716,2524375,1.1828377652015478,8.196973173814053,24.276910588094548,-17.96470768871085,30.20097862724259,0,0,0,0,0,14,14,1,3
114,2017,7,11,0,42925.0,83.83242208349927,-93.1221304621157,332,361,998.229593925282,1004.229593925282,6.0,11.270672009427551,2.57696239417528,905.893302391394,2578125,0.2652859150947188,1.8486548988988003,8.251741001602904,0.6026102586578795,8.27371553060499,0,0,0,0,2,14,14,1,2
114,2017,7,11,3,42925.125,83.83242208349927,-93.1221304621157,332,361,998.3189920873134,1000.0436496915844,1.7246576042710513,11.369129787698785,2.2329624764310574,312.22172032673495,306250,0.08939816203142982,0.6229744618478672,0.0,0.0,0.0,0,0,0,0,0,11,10,2,0
114,2017,7,11,6,42925.25,83.60855371446439,-93.01278750418334,331,361,998.4592512555395,1004.0042849535616,5.545033698022162,11.398139202460978,2.149338909860744,861.5444653903982,2331875,0.14025916822603904,0.977821624443706,0.45115928101800584,-8.297675624289518,8.309931736348808,0,0,0,0,0,13,12,2,0
114,2017,7,11,9,42925.375,82.69883336395529,-94.39870535499554,327,362,999.19895625058,1004.463644216985,5.2646879664050354,11.635160415579803,1.5940182292011742,898.9489549185196,2538750,0.7397049950405199,5.166719042535484,-6.528064205831235,-33.718762547306895,34.344876910496,0,0,0,0,0,10,9,2,0
114,2017,7,11,12,42925.5,82.02755649157876,-94.02826366648515,324,362,999.4867996518734,1002.7911831649442,3.3043835130707886,11.609919964225305,2.390839371643524,625.398491082552,1228750,0.2878434012935031,2.0137002173260288,1.9043611632378021,-24.880860860699254,24.953633575283668,0,0,0,1,0,14,11,2,0
114,2017,7,11,15,42925.625,79.78595957256816,-86.85504253530198,314,357,999.0320449606744,999.0320449606744,0.0,11.251213120543309,5.399264970945733,14.104739588693906,625,-0.45475469119905026,-3.2013676069167083,47.11675598374769,-83.08473499201759,95.51472076662222,0,0,1,2,0,14,14,1,1
114,2017,7,11,18,42925.75,79.34640306096416,-88.19126067750794,312,358,999.1890340584581,999.1890340584581,0.0,11.317292924123356,4.270014364473827,14.104739588693906,625,0.15698909778366216,1.1067292399366921,-9.155873410803519,-16.292151354648283,18.688611871335624,0,0,0,0,0,12,12,1,1
114,2017,7,11,21,42925.875,81.35570145702097,-71.09542415738834,323,347,,,,8.13631180257289,,0.0,0,-0.17987185278499965,,94.89345301633041,74.47459591885573,120.62849108995499,0,3,3,0,0,11,11,0,0
115,2017,7,5,21,42919.875,48.815892970656435,-173.1319136756017,338,538,1005.1608845689874,1005.1608845689874,0.0,9.663838555598764,2.6965711932902194,14.104739588693906,625,,,,,,3,0,0,0,0,17,17,1,1
115,2017,7,6,0,42920.0,49.29363630090044,-170.77607771789468,331,535,1003.9213773044338,1003.9213773044338,0.0,11.026586301545565,2.8433914147321775,14.104739588693906,625,-1.23950726455354,-11.32830733523953,56.94562880036406,17.707544853803107,59.63523944966015,0,0,0,0,0,20,20,1,1
115,2017,7,6,3,42920.125,49.509847713281644,-168.75358831981464,325,533,1003.0465909408391,1003.0465909408391,0.0,11.455065642736091,2.3393654175958365,14.104739588693906,625,-0.8747863635947578,-7.96917505034958,48.673652048150124,8.013870713148282,49.32896235997109,0,0,0,0,0,20,20,1,1
115,2017,7,6,6,42920.25,49.54642653987743,-167.41844994964308,321,532,1002.1310828695416,1002.1310828695416,0.0,12.1069230953224,4.398777711813454,14.104739588693906,625,-0.9155080712975178,-8.33560200064888,32.10822909412565,1.3557933133540936,32.13684102505086,0,0,0,0,0,19,19,1,1
115,2017,7,6,9,42920.375,49.327357412555884,-166.15930450834438,317,532,1003.432902655333,1005.432902655333,2.0,11.34339953303351,3.219516984568254,194.4204181260938,118750,1.3018197857914493,11.89178486363435,30.41630987449356,-8.11979184753594,31.48146956589742,0,0,0,0,0,16,16,1,1
115,2017,7,6,12,42920.5,47.768813589938524,-163.43486787884632,307,536,1003.6135577289839,1005.6135577289839,2.0,12.091653484088951,3.359486193029006,213.90896694369758,143750,0.18065507365085068,1.6903692167426496,67.86833782544547,-57.767388676088906,89.12453351150354,0,0,0,0,0,17,17,1,1
115,2017,7,6,15,42920.625,46.95056917559606,-162.1447526045819,302,538,1003.435708775658,1005.435708775658,2.0,12.274477917948584,3.579975591339171,199.96919625742038,125625,-0.1778489533258835,-1.6861420715609874,32.64165068083112,-30.328209210043404,44.556454448907445,0,0,0,0,0,20,20,1,1
115,2017,7,6,18,42920.75,46.256385340300255,-160.51823482267457,296,539,1003.8407578938779,1007.8407578938779,4.0,12.59037553633205,4.052892705629638,298.87407349973716,280625,0.4050491182199039,3.88441757652693,41.683554061243555,-25.729906881185073,48.98516905442982,0,0,0,0,0,20,20,1,1
115,2017,7,6,21,42920.875,45.52426858826508,-158.94122105442915,290,540,1005.0261883898675,1009.0261883898675,4.0,12.268938960767573,4.716729714181493,300.53357583579674,283750,1.1854304959895672,11.509964050018336,40.95121128858582,-27.135889512601608,49.12594228757877,0,0,0,0,0,23,23,1,1
115,2017,7,7,0,42921.0,44.755549340784455,-157.4137659106563,284,541,1004.9171091177654,1010.9171091177654,6.0,12.32362853208476,5.829206830544135,405.86372848545074,517500,-0.1090792721019534,-1.0733433737345628,40.20275642177643,-28.492560111289364,49.27562892144679,0,0,0,0,0,19,19,1,1
115,2017,7,7,3,42921.125,43.95151931921802,-155.93563903305247,278,542,1004.3163464586085,1010.3163464586085,6.0,12.379397679997586,5.646983787215213,387.55964385237047,471875,-0.6007626591570443,-5.9969873474210615,39.441941877966585,-29.801353089367492,49.43467836511175,0,0,0,0,0,19,19,1,1
115,2017,7,7,6,42921.25,43.544398022351324,-154.897231616909,274,542,1005.1144780106666,1011.1144780106666,6.0,11.839891482104779,5.107907214840452,394.4286461102029,488750,0.7981315520581848,8.026543063018687,27.897885081510704,-15.089940913510045,31.717476393849523,0,0,0,0,0,21,21,1,1
115,2017,7,7,9,42921.375,43.44000930920423,-154.64032999812545,273,542,1005.8167023878204,1011.8167023878204,6.0,11.58528685382069,5.049120420586405,398.69286350903053,499375,0.7022243771537614,7.075611773848937,6.91390895512081,-3.869165100303799,7.9229145907998175,0,0,0,0,0,20,20,1,1
115,2017,7,7,12,42921.5,43.22934504428079,-152.86643163198863,267,540,1006.3193550257273,1014.3193550257273,8.0,10.639122895496893,3.980154643748683,560.4748602101868,986875,0.5026526379068673,5.0845029302782745,47.90536658196251,-7.808265828263514,48.53754384594505,0,0,0,0,0,17,17,1,1
115,2017,7,7,15,42921.625,42.99049317215454,-151.73732716591488,263,539,1007.3071833310757,1013.3071833310757,6.0,9.964348196085707,3.561513323544423,462.6698590340625,672500,0.9878283053485211,10.036817858949755,30.611825276016244,-8.85303879999824,31.866285361234393,0,0,0,0,0,19,19,1,1
115,2017,7,7,18,42921.75,42.73216547114214,-150.6193921387108,259,538,1009.1426105598052,1015.1426105598052,6.0,9.15680844518402,2.806471656999711,511.86797620581103,823125,1.835427228729386,18.739662478068237,30.43609098197503,-9.5749099214439,31.906653448251614,0,0,0,0,0,20,20,1,1
115,2017,7,7,21,42921.875,42.70219625502208,-149.995079129176,257,537,1010.6239854527623,1016.6239854527623,6.0,8.507850480643425,3.405536616184691,602.0592851968912,1138750,1.4813748929571011,15.133368239390713,17.005391110109674,-1.1108082626881355,17.041632017041483,0,0,0,0,0,18,18,1,1
115,2017,7,8,0,42922.0,42.54060799719592,-149.13181598898234,254,536,1011.0984597525229,1017.0984597525229,6.0,7.9497166450464665,2.9209827894363114,658.405859820939,1361875,0.47447429976062266,4.861992635736269,23.57510695111282,-5.989264825200631,24.323999689664394,0,0,0,0,0,21,21,1,1
115,2017,7,8,3,42922.125,42.54060799719592,-149.13181598898234,254,536,,,,7.9497166450464665,,0.0,0,0.0,,0.0,0.0,0.0,0,3,0,0,0,21,21,0,0
116,2017,7,5,18,42919.75,59.838392858952155,-84.61068824002659,227,347,998.5781325850127,998.5781325850127,0.0,8.337450217656839,3.7676084062088915,14.104739588693906,625,-0.16345298044674564,-1.3097619466314483,32.00754639840413,-2.7213133166459724,32.1230224700813,2,0,0,2,0,7,7,1,1
116,2017,7,5,21,42919.875,59.9678604658971,-82.84817233835557,228,343,998.0562193647938,1008.0562193647938,10.0,8.347247839513416,4.421688967235241,1253.4186180186855,4935625,-0.5219132202188485,-4.176659068490789,32.69456844690397,4.79871368569642,33.04485525715885,0,0,2,0,0,6,6,1,2
116,2017,7,6,0,42920.0,59.707683889362805,-82.47617956136138,227,342,998.1797929518839,1008.1797929518839,10.0,8.159776887493477,3.498496515407896,1254.5291720402438,4944375,0.12357358709006803,0.991522187246343,6.954772369674584,-9.643438447454365,11.88969149321504,0,0,0,1,0,8,8,1,2
116,2017,7,6,3,42920.125,59.643387222988665,-81.62788945670748,227,340,997.7111972750478,1006.8201896651894,9.108992390141648,8.249804191381095,3.398695644885156,1161.1379382602304,4235625,-0.46859567683612113,-3.762358111230148,15.889990208308317,-2.383154366987447,16.06770716552382,0,0,0,0,0,8,6,2,0
116,2017,7,6,6,42920.25,58.62905221578029,-69.46820182912272,230,311,995.210732308387,1005.210732308387,10.0,10.906717386772163,7.573404544748411,1059.4528003434566,3526250,-1.6094573568023043,-13.059795586750367,42.98112087871202,1.9355365825244757,43.024679590355404,0,0,0,0,2,7,7,1,1
116,2017,7,6,9,42920.375,58.632423914992295,-67.2366966824643,232,306,994.0544942972383,1006.0544942972383,12.0,12.094439410413845,5.389000769059494,1115.523514453979,3909375,-1.1562380111488164,-9.381851757132909,43.05112052387626,0.12497194884880251,43.0513019123617,0,0,0,0,0,4,4,1,1
116,2017,7,6,12,42920.5,58.87604204344288,-66.14349643822733,234,304,993.8048606290077,1005.8048606290077,12.0,11.905219971010897,5.319790156807649,1105.9411094905622,3842500,-0.24963366823052638,-2.0203384360583847,20.943914492053302,9.029699974115816,22.8075214758857,0,0,0,0,0,6,6,1,2
116,2017,7,6,15,42920.625,58.69823676487391,-64.4563212914991,235,300,992.7757782802234,1004.7757782802234,12.0,12.418481227471373,4.457268625999859,1060.2974720640316,3531875,-1.0290823487842864,-8.344258156702445,32.48896986133013,-6.590348302497311,33.15065389096642,0,0,0,0,0,7,7,1,2
116,2017,7,6,18,42920.75,58.70330440351168,-63.527810620887436,236,298,991.8884810939301,1003.8884810939301,12.0,13.005993597472557,9.083699654892406,1002.7269583406286,3158750,-0.8872971862934356,-7.1942140125564045,17.87752847006317,0.18783190219598622,17.87851517943819,0,0,0,0,0,7,7,1,3
116,2017,7,6,21,42920.875,58.1784602915582,-62.612577842923834,235,295,992.3440519083654,1004.3440519083654,12.0,13.019202917655527,6.161716649941445,1061.9848000253785,3543125,0.45557081443534114,3.714613990724003,17.886664011559734,-19.453334176165107,26.426595695094356,0,0,0,0,0,8,8,1,3
116,2017,7,7,0,42921.0,57.94287383086149,-60.984801520234576,236,291,992.9719296542161,1004.9719296542161,12.0,13.063634884165333,4.328324606738461,1124.0512908541068,3969375,0.6278777458507102,5.132702586253693,32.02210318463403,-8.732006405207557,33.191309528669315,0,0,0,0,0,6,6,1,2
116,2017,7,7,3,42921.125,58.0007979760269,-59.5241519374192,238,288,993.4360191350569,1003.4360191350569,10.0,12.919494117592459,2.904693510835932,997.9539350077914,3128750,0.46408948084077567,3.791386683637416,28.68806965315876,2.146957024205884,28.768294438292227,0,0,0,0,0,5,5,1,1
116,2017,7,7,6,42921.25,58.08204840163245,-58.96637060071978,239,287,993.3810455462996,1001.3810455462996,8.0,12.983111626874807,3.2104704441440117,794.8868624369285,1985000,-0.054973588757275135,-0.44871049445055045,10.930481836147402,3.011545038349227,11.337761537814867,0,0,0,0,0,6,6,1,1
116,2017,7,7,9,42921.375,58.110280245682,-57.49753272344049,241,284,993.8250630943851,999.8250630943851,6.0,13.319983681180203,2.7245458224395405,602.8848159359432,1141875,0.4440175480855396,3.623089419278776,28.76061108340172,1.0464126093766415,28.7796408810074,0,0,0,0,0,5,5,1,1
116,2017,7,7,12,42921.5,60.50153183147087,-57.225122675735754,250,289,993.6084843006752,999.6084843006752,6.0,11.59230823728842,2.770655702350341,514.0011726956917,830000,-0.21657879370992306,-1.7239838943411916,4.971699039390055,88.63168155682627,88.77101310072409,0,0,0,0,0,7,7,1,1
116,2017,7,7,15,42921.625,61.40485002881524,-56.62439572434893,254,290,994.4083370078112,998.4083370078112,4.0,10.34202216432279,2.7022186411704023,370.76958086610153,431875,0.799852707136015,6.31138250075472,10.656826807123986,33.481466896800754,35.136541992043,0,0,0,0,0,8,8,1,2
116,2017,7,7,18,42921.75,62.43139330916921,-56.37511535774549,258,292,995.3285694837704,999.0591170865384,3.730547602768056,9.36065519146827,4.458796775448864,337.6310530587642,358125,0.9202324759592011,7.19217683382833,4.276166757349251,38.04880158547474,38.28833901108122,0,0,0,0,0,8,7,2,0
116,2017,7,7,21,42921.875,63.70915977565251,-56.9245239376119,262,296,996.3486446391254,998.3486446391254,2.0,8.743235679270587,6.067083944225305,135.28790949515025,57500,1.0200751553550071,7.882695690833339,-9.019673589879353,47.36038283649574,48.21162073699045,0,0,0,2,0,7,7,1,1
116,2017,7,8,0,42922.0,64.90824225095388,-58.240519915187214,265,301,997.0501061177284,1001.0501061177284,4.0,8.480243019152102,11.148535431625133,172.74707473566775,93750,0.7014614786030142,5.366285003372845,-20.684600056584838,44.4439626273037,49.02161251446179,0,0,0,0,0,9,9,1,1
116,2017,7,8,3,42922.125,65.41947998052778,-58.134022306396325,267,302,997.6213488071261,1001.6213488071261,4.0,7.754947116511355,11.539779036538603,153.8645436249672,74375,0.5712426893976226,4.352081576910994,1.6419776537464659,18.94901394596738,19.020021559921247,0,0,0,0,0,9,9,1,1
116,2017,7,8,6,42922.25,65.41947998052778,-58.134022306396325,267,302,,,,7.754947116511355,,0.0,0,0.0,,0.0,0.0,0.0,0,3,0,0,0,9,9,0,0
125,2017,7,6,15,42920.625,43.63193046166357,-41.57441058613371,226,209,1015.4716490924475,1017.4716490924475,2.0,7.746230867520046,8.116828216835057,171.59156293944244,92500,,,,,,3,0,0,0,0,1,1,1,1
125,2017,7,6,18,42920.75,44.838667880224904,-39.00180048890942,236,207,1013.4767191618141,1015.4767191618141,2.0,8.841108384946127,12.733915052443406,101.71072362820549,32500,-1.9949299306333705,-19.60151272631862,67.61203213601559,44.72769291205742,81.06758540129906,0,0,0,0,0,1,1,1,1
125,2017,7,6,21,42920.875,45.65003701480511,-36.780790751100945,244,205,1012.9739144166067,1016.9739144166067,4.0,9.412153670815918,15.109643906877245,198.97183743964612,124375,-0.5028047452073952,-4.8715063321403305,57.54422618364418,30.073377133768048,64.92877620365444,0,0,0,0,0,2,2,1,1
125,2017,7,7,0,42921.0,45.65003701480511,-36.780790751100945,244,205,1012.5910950439976,1018.5910950439976,6.0,10.502325728115501,11.189846984378965,274.589974853026,236875,-0.38281937260908305,-3.7090083486819645,0.0,0.0,0.0,0,0,0,0,0,1,1,1,1
125,2017,7,7,3,42921.125,46.02776069274729,-35.64210497800744,248,204,1011.5292376074294,1017.5292376074294,6.0,10.965147183111586,12.58565315728825,253.88531259649034,202500,-1.0618574365682434,-10.222323895236896,29.303343729597668,14.000318886898206,32.476066305354614,0,0,0,0,0,1,1,1,1
125,2017,7,7,6,42921.25,46.24874938205387,-34.7332111672929,251,203,1010.0754206681107,1016.0754206681107,6.0,11.93256652712403,15.74845953617405,227.86904174049369,163125,-1.45381693931864,-13.943870700222185,23.296183267086278,8.190940365574289,24.694202940894144,0,0,0,0,0,1,1,1,1
125,2017,7,7,9,42921.375,45.92012309942912,-33.73149613735208,253,200,1010.104224755344,1018.104224755344,8.0,13.098544710668731,17.822360789319575,290.09166854606434,264375,0.028804087233293103,0.2777961003955342,25.828692478625303,-12.180525129977887,28.55672508530028,0,0,0,0,0,1,1,1,1
125,2017,7,7,12,42921.5,45.8379508783823,-32.24246783912332,257,197,1009.8408476568003,1017.8408476568003,8.0,14.122005055543772,13.700107769112583,249.5383166664071,195625,-0.26337709854371494,-2.543630751881621,38.45032485928382,-3.0457113638406166,38.57076405123817,0,0,0,0,0,2,2,1,1
125,2017,7,7,15,42921.625,46.05692172535213,-30.655441411970845,262,195,1011.226758924429,1019.226758924429,8.0,12.775962806862621,8.533736699590373,301.8546089098361,286250,1.3859112676286895,13.335389740528708,40.81922156098908,8.116149088702493,41.61827392955121,0,0,0,0,0,2,2,1,1
125,2017,7,7,18,42921.75,46.12163744076016,-29.316892203610372,266,193,1011.3327228049019,1019.3327228049019,8.0,12.477421897604069,8.767863250386217,321.6375491290343,325000,0.10596388047284563,1.0184879861085543,34.38803937581183,2.3986864091820412,34.47159625839772,0,0,0,0,0,2,2,1,1
125,2017,7,7,21,42921.875,46.274206659705186,-27.70946800121634,271,191,1012.2711338074788,1020.2711338074788,8.0,11.682139304872049,9.158542072689743,347.5036878523386,379375,0.9384110025769041,8.996675694372483,41.18086043506055,5.6549743696031545,41.567318909123834,0,0,0,0,0,0,0,1,1
125,2017,7,8,0,42922.0,46.17498912684371,-26.632220876098714,274,189,1013.4979859638802,1019.4979859638802,6.0,11.306948735365811,8.725876024456301,290.7766557300799,265625,1.2268521564014372,11.78153239062739,27.64835373186451,-3.6774954294617332,27.8918525149553,0,0,0,0,0,1,1,1,1
125,2017,7,8,3,42922.125,46.059458185590756,-25.559965171823812,277,187,1013.8679431253706,1019.8679431253706,6.0,10.239853148550283,6.713958334077834,334.96900584947593,352500,0.3699571614904562,3.55961638561115,27.578007621752807,-4.282151512600142,27.908481255029262,0,0,0,0,0,1,1,1,1
125,2017,7,8,6,42922.25,45.80637805977483,-24.09865508094258,281,184,1014.6846808031961,1018.6846808031961,4.0,9.154628577213508,4.045211668548728,281.3886710374423,248750,0.8167376778254402,7.892074843419884,37.755999378329015,-9.380408675098902,38.90382443884215,0,0,0,0,0,0,0,1,1
125,2017,7,8,9,42922.375,45.52301230618728,-22.65404417217047,285,181,1016.5704494716227,1020.5704494716227,4.0,7.917632027987759,2.8020639419446525,342.6029342114174,368750,1.8857686684266082,18.31030747949308,37.51396583428694,-10.502944727916043,38.95650755103321,0,0,0,0,0,0,0,1,1
125,2017,7,8,12,42922.5,45.52301230618728,-22.65404417217047,285,181,,,,7.917632027987759,,0.0,0,0.0,,0.0,0.0,0.0,0,3,0,0,0,0,0,0,0
126,2017,7,6,18,42920.75,30.731422009403204,49.33716318799375,551,195,993.2436999600118,999.2436999600118,6.0,7.678188315236334,3.7884628595342655,875.8577656805559,2410000,,,,,,3,0,0,0,0,0,0,1,1
126,2017,7,6,21,42920.875,31.575469937864007,47.764977325945026,544,192,992.7008951979009,998.7008951979009,6.0,9.20167389530426,1.5078042878654379,853.6572471911755,2289375,-0.5428047621108999,-7.182027103149585,-49.64535066684993,31.28461582989685,58.68038880630163,0,0,0,0,0,1,1,1,1
126,2017,7,7,0,42921.0,32.509740244506524,47.31039221915012,540,193,991.9894780621516,997.9894780621516,6.0,9.96227671039035,12.301337806635201,849.3349042421462,2266250,-0.711417135749216,-9.170912474177586,-14.20890924553501,34.628706071101426,37.43047402994767,0,0,0,0,0,0,0,1,1
126,2017,7,7,3,42921.125,31.728979213871533,48.261190433689016,545,194,992.6026012828335,998.6026012828335,6.0,9.680022640328357,2.2186502655709774,787.5953216599639,1948750,0.6131232206818822,8.077252054665092,29.97423504861796,-28.938888509462622,41.66430168517054,0,0,0,0,0,0,0,1,1
126,2017,7,7,6,42921.25,31.766356986691292,47.60996667125066,543,192,993.1098019905864,999.1098019905864,6.0,9.400117410813259,2.132459701240659,792.2545719771281,1971875,0.507200707752927,6.674793625385952,-20.52179824112339,1.3854062356100192,20.568508781315238,0,0,0,0,0,0,0,1,1
126,2017,7,7,9,42921.375,31.592053564014304,47.440105214316084,543,191,992.433799205677,998.433799205677,6.0,8.537757404237608,1.5339986456577754,843.3407685757326,2234375,-0.6760027849093604,-8.940203832893623,-5.362853707153333,-6.460552099487818,8.396364291437378,0,0,0,0,0,0,0,1,1
126,2017,7,7,12,42921.5,31.766356986691292,47.60996667125066,543,192,990.7120374421737,992.7120374421737,2.0,8.257482982452782,1.7007976992352636,303.16988576632997,288750,-1.7217617635033093,-22.658494492999537,5.352795146448358,6.460552099487818,8.389943343672682,0,0,0,0,0,1,1,1,1
126,2017,7,7,15,42921.625,32.34762751453976,46.81047067895705,539,191,990.4972719581301,992.4972719581301,2.0,8.623454220583074,3.7933971857378492,296.53516833298573,276250,-0.21476548404360074,-2.7809094240547716,-25.034667540677916,21.54477790158472,33.02895750248388,0,0,0,0,0,1,1,1,1
126,2017,7,7,18,42921.75,31.956590393631018,47.45403167452707,542,192,991.7439612774426,993.7439612774426,2.0,8.744839063269083,3.078926495639971,238.949442004407,179375,1.2466893193124269,16.31909860588402,20.238518120246102,-14.493781324915604,24.89311777978006,0,0,0,0,0,1,1,1,1
126,2017,7,7,21,42921.875,32.32046234532692,47.46811791382854,541,193,991.9672573715256,999.9672573715256,8.0,9.178970573570968,7.404166055198001,894.4006555876616,2513125,0.2232960940830526,2.8935352133048537,0.4412167069866993,13.48690499227958,13.494120143725565,0,0,0,0,0,1,1,1,1
126,2017,7,8,0,42922.0,32.7109494596772,46.8209288021912,538,192,991.8134113395405,999.8134113395405,8.0,10.564054113674624,17.56842378137895,884.6719350439434,2458750,-0.15384603198515834,-1.9723803725081959,-20.18369325059878,14.473395345274636,24.836679449050436,0,0,0,0,0,2,2,1,2
126,2017,7,8,3,42922.125,31.79543882641717,46.95806742923404,541,190,993.3655962487051,1001.3655962487051,8.0,9.602327727449874,4.234491472074078,895.9563294155286,2521875,1.5521849091646436,20.410124591829746,4.320251365190968,-33.93337923588742,34.20729159440996,0,0,0,0,0,2,2,1,2
126,2017,7,8,6,42922.25,31.25369664094376,46.77980464142026,542,188,994.6422111630386,1002.6422111630386,8.0,9.100664318630015,3.3025746457007337,1134.1824489649998,4041250,1.2766149143334768,17.047346139273724,-5.648442447833578,-20.079660857992813,20.858995236072538,0,0,1,0,0,1,1,1,1
126,2017,7,8,9,42922.375,31.25369664094376,46.77980464142026,542,188,994.442887255398,1000.442887255398,6.0,8.468791182730584,2.8915609424439754,835.5198197151436,2193125,-0.19932390764064623,-2.6616825553513097,0.0,0.0,0.0,0,0,0,0,0,1,1,1,1
126,2017,7,8,12,42922.5,31.44186986288361,46.622675922719296,541,188,993.561435609239,999.561435609239,6.0,7.885452829214412,2.057679685969124,1035.3301607332392,3367500,-0.8814516461589664,-11.707222011632261,-4.968836893098895,6.9746358700238416,8.563579017539565,0,0,0,0,0,0,0,1,1
126,2017,7,8,15,42922.625,31.08547953113919,46.290953994793625,541,186,993.4357441721478,999.4357441721478,6.0,8.335224236538695,2.9999411134620457,904.0246859333447,2567500,-0.12569143709115452,-1.6865936754262207,-10.529636095677327,-13.209598931716908,16.892801432687456,0,0,0,0,0,0,0,1,1
126,2017,7,8,18,42922.75,31.27848959493852,45.80920861415735,539,185,994.8292979093276,1000.8292979093276,6.0,9.399674933838863,4.0951414764694345,847.2241694760886,2255000,1.3935537371797546,18.59563817172074,-15.260584428302199,7.153913295275887,16.854195695127803,0,0,0,0,0,0,0,1,1
126,2017,7,8,21,42922.875,31.27848959493852,45.80920861415735,539,185,994.915629083172,1000.915629083172,6.0,9.717999396556618,3.9582285727781703,841.8060252318608,2226250,0.08633117384437355,1.1520067213187155,0.0,0.0,0.0,0,0,0,0,0,0,0,1,1
126,2017,7,9,0,42923.0,31.28262237506267,45.485545830008135,538,184,994.9741347698379,1000.8589029530448,5.884768183206907,9.857369609394485,4.534558715273743,838.8467036026561,2210625,0.058505686665885154,0.7806095970209769,-10.252446927537498,0.15318139424772995,10.253591202184568,0,0,0,1,0,1,0,2,0
126,2017,7,9,3,42923.125,28.149759929152523,44.691130865248105,544,173,995.8312200348753,1003.8312200348753,8.0,8.234840013038836,5.250618121540611,1399.7843738019426,6155625,0.8570852650374582,12.586562567732791,-25.962099307745554,-116.11946995349052,118.98639377149318,0,0,1,0,0,0,0,1,1
126,2017,7,9,6,42923.25,28.149759929152523,44.691130865248105,544,173,,,,8.234840013038836,,0.0,0,0.0,,0.0,0.0,0.0,0,3,0,0,0,0,0,0,0
127,2017,7,6,18,42920.75,37.10273965374802,118.19841152323923,560,467,997.5779342677463,1001.5779342677463,4.0,8.388578109143982,8.116379110306443,391.13640721247674,480625,,,,,,3,0,0,0,0,17,17,1,1
127,2017,7,6,21,42920.875,37.839386039484815,119.47588900324574,555,470,994.6229729980009,1000.6229729980009,6.0,11.014684916514843,21.280082608772062,386.01659999252234,468125,-2.9549612697453993,-33.37284170367222,37.39333052692022,27.303780274994025,46.300729856025555,0,0,0,0,0,20,20,1,1
127,2017,7,7,0,42921.0,40.589447126245545,120.22746576223314,544,467,995.5294992750255,1003.5294992750255,8.0,9.83040568290212,7.799865182827562,914.3092138823606,2626250,0.9065262770245317,9.653038095341863,21.154427498232025,101.93094693680492,104.10296703846483,0,0,0,0,0,16,16,1,1
127,2017,7,7,3,42921.125,44.15979514705834,119.33422989028256,533,457,995.145325601436,1003.1331927256621,7.987867124226177,9.193257553716101,8.760337147853425,953.1924157146118,2854375,-0.38417367358953924,-3.820552553371587,-23.751382386709505,132.33486208994165,134.44941014985363,0,0,0,0,0,14,12,2,0
127,2017,7,7,6,42921.25,45.718067947541044,118.3611943295737,529,451,993.2390133734912,995.2390133734912,2.0,9.035749626492377,13.332347230535452,288.3720821534486,261250,-1.906312227944727,-18.448218767325578,-25.18042791420532,57.75734324729497,63.00765547874592,0,0,0,0,0,15,15,1,2
127,2017,7,7,9,42921.375,46.927373010498734,117.45275741527654,526,446,990.8491085946661,1000.8491085946661,10.0,10.632368863267107,16.778372624605037,974.0443544862633,2980625,-2.3899047788251484,-22.666671871862164,-22.9947656097026,44.82286258882454,50.37706081245519,0,0,2,1,0,13,13,1,5
127,2017,7,7,12,42921.5,47.25691796187305,116.63383359243107,526,443,990.4824890509555,996.4824890509555,6.0,11.80792911687542,19.657099215452398,393.923938742745,487500,-0.3666195437105489,-3.458604670752521,-20.601118806805495,12.214575564717336,23.94998856614142,0,0,1,2,0,14,14,1,1
127,2017,7,7,15,42921.625,47.576762892180696,115.80299989454421,526,440,990.506003781367,994.506003781367,4.0,12.316023489353416,13.738099166272878,223.4611004069437,156875,0.02351473041155259,0.22069743473640668,-20.774149747898335,11.855044521064418,23.91876623792548,0,0,0,0,0,14,14,1,1
127,2017,7,7,18,42921.75,47.668128541709955,114.82934658814962,527,437,989.2377491373319,1001.2377491373319,12.0,13.909116853944164,14.270355868885817,901.9316508907148,2555625,-1.2682546440351872,-11.885894302994073,-24.302653262669605,3.3864655657457545,24.537463288480478,0,0,0,0,0,15,15,1,1
127,2017,7,7,21,42921.875,47.54938390019283,114.41833055157345,528,436,988.9857909899478,994.9857909899478,6.0,14.00497504294435,11.70993912616199,313.4935044929087,308750,-0.251958147384139,-2.365785867347937,-10.282446723881185,-4.401267234310068,11.184805045116624,0,0,0,0,0,12,12,1,1
127,2017,7,8,0,42922.0,47.22970262102382,114.57116544952571,529,437,987.5553092301321,999.5553092301321,12.0,15.828001203426957,10.60542418908146,698.7186758162321,1533750,-1.4304817598155932,-13.500764804690515,3.8467580117265987,-11.848978795612318,12.457762467620464,0,0,0,0,0,15,15,1,1
127,2017,7,8,3,42922.125,47.12873762562703,114.85012098155144,529,438,988.2863927842061,998.2863927842061,10.0,14.363665779687839,7.473403685288576,608.6321796014292,1163750,0.7310835540739936,6.911180799748884,7.034496256456361,-3.742265085604709,7.967978762084809,0,0,0,0,0,15,15,1,1
127,2017,7,8,6,42922.25,48.0115105391665,116.77492488864554,523,442,987.6144822917333,997.6144822917333,10.0,14.482563540308666,6.947679863483282,653.8577566111791,1343125,-0.6719104924728163,-6.262965807015317,47.72576548289899,32.71995645494163,57.864879169855264,0,0,0,0,0,12,12,1,1
127,2017,7,8,9,42922.375,47.036997874066415,115.81210339537243,528,441,987.4210887557451,997.4210887557451,10.0,13.359576449929097,8.756569489982722,662.6225918686793,1379375,-0.1933935359881434,-1.8309385321500349,-24.32143299287005,-36.12028810333265,43.54546262809045,0,0,0,0,0,11,11,1,1
127,2017,7,8,12,42922.5,47.25691796187305,116.63383359243107,526,443,987.5717696418608,1001.5717696418608,14.0,13.892517258390775,7.068754320760346,1091.4553353403137,3742500,0.15068088611558778,1.4214889125604067,20.671716234040506,8.151332677107941,22.22080278643374,0,0,0,0,0,10,10,1,1
127,2017,7,8,15,42922.625,47.902485869166476,117.05355390337874,523,443,988.3551593741905,1002.3551593741905,14.0,13.954526157787386,4.470711330073973,1089.9049070915012,3731875,0.7833897323298151,7.314618907062192,10.429261675738303,23.9279586985246,26.102044107297857,0,0,0,0,0,12,12,1,1
127,2017,7,8,18,42922.75,48.11681051591188,117.19619090602997,522,443,987.9453915285115,1001.9453915285115,14.0,14.458097546826354,6.899164233206612,1050.9687459947386,3470000,-0.4097678456790163,-3.813198768038429,3.52956667701144,7.943937790991863,8.692754946196187,0,0,0,0,0,13,13,1,1
127,2017,7,8,21,42922.875,48.977763882483224,117.06575061147045,519,441,988.3754261741165,1002.3754261741165,14.0,14.304291620243113,7.048553556383923,1105.4913022122298,3839375,0.430034645604901,3.9490331054777075,-3.1733075664795947,31.911215480095485,32.068606990771556,0,0,0,0,0,14,14,1,1
127,2017,7,9,0,42923.0,48.54414936854652,117.48567050010574,520,443,988.2355129396223,1002.2355129396223,14.0,14.770270064648265,4.988851816449023,981.6736628948677,3027500,-0.13991323449416085,-1.29338384633882,10.304232409515127,-16.07191135640237,19.091452019093712,0,0,0,0,0,16,16,1,1
127,2017,7,9,3,42923.125,48.757158822165316,117.63255086081821,519,443,987.964718670802,1001.964718670802,14.0,14.013004519756587,5.708470381649313,1101.0734666690107,3808750,-0.2707942688203184,-2.4950955949156666,3.5890437499752776,7.895190189913171,8.672673357975485,0,0,0,0,0,11,11,1,1
127,2017,7,9,6,42923.25,48.757158822165316,117.63255086081821,519,443,987.6292975575769,997.6292975575769,10.0,12.76813653018225,7.980103134876626,681.5669373946109,1459375,-0.3354211132250202,-3.0905666715006253,0.0,0.0,0.0,0,0,0,0,0,10,10,1,1
127,2017,7,9,9,42923.375,49.717487248908824,117.94803514599849,515,442,986.6370160817245,996.6370160817245,10.0,13.163958932933363,11.27508016726315,640.0195581251917,1286875,-0.9922814758525056,-9.011714274234127,7.560454972856697,35.59454965547614,36.38863070483348,0,0,0,0,0,13,13,1,1
127,2017,7,9,12,42923.5,49.815504167068816,118.38914100945411,514,443,987.5506370735021,997.5506370735021,10.0,13.045475611572211,7.25722882237882,655.3772979507701,1349375,0.9136209917777159,8.285333759430593,10.549566078789866,3.632994674908925,11.157598073002557,0,0,0,0,0,14,14,1,1
127,2017,7,9,15,42923.625,50.0258136698437,118.54503861708015,513,443,988.1136133857337,1000.1136133857337,12.0,13.075021719502375,4.490502598197491,1096.2749490993008,3775625,0.5629763122316217,5.089705656596407,3.7122506880153603,7.795116577902024,8.633924231411433,0,0,0,0,0,15,15,1,1
127,2017,7,9,18,42923.75,50.23566319146077,118.70251156211202,512,443,987.93417901088,993.93417901088,6.0,12.984431983737181,4.527288168376399,435.1946487255507,595000,-0.17943437485373578,-1.6172593235522348,3.7333554311624284,7.778067387535465,8.627645974449392,0,0,0,0,0,15,15,1,1
127,2017,7,9,21,42923.875,50.32922326235445,119.1508455195025,511,444,988.2036460059244,994.2036460059244,6.0,12.95810890118912,5.495825003319915,442.2235139883071,614375,0.26946699504434946,2.4254395930445782,10.608177458532788,3.4678017399608034,11.16060383220363,0,0,0,0,0,19,19,1,1
127,2017,7,10,0,42924.0,50.53763635969551,119.31254621469968,510,444,987.8914467960053,993.8914467960053,6.0,13.558575815964272,5.362963774583259,419.3640567770972,552500,-0.3121992099190538,-2.8016337117223937,3.8092523314339544,7.72482635686828,8.612975419000211,0,0,0,0,0,21,21,1,1
127,2017,7,10,3,42924.125,50.86242053563707,119.18459997247267,509,443,988.3293221025384,1000.3293221025384,12.0,12.473889958542566,5.099616143433959,1203.7054511685333,4551875,0.4378753065330966,3.9112450349509875,-2.9932820455601856,12.038117539711449,12.404676993141797,0,0,2,0,0,19,19,1,2
127,2017,7,10,6,42924.25,52.79952172743874,118.37213751418268,503,437,987.8545242162539,999.8545242162539,12.0,12.099592940355095,6.507223551627467,1319.6037363936948,5470625,-0.4747978862845048,-4.1298098385138635,-18.206941425486303,71.79860830849137,74.07113385865816,0,0,0,0,0,18,18,1,2
127,2017,7,10,9,42924.375,53.16143997342888,120.29472794387,499,441,987.8369224786542,997.8369224786542,10.0,12.119103186211218,3.7719605865250925,916.2654226858874,2637500,-0.01760173759976169,-0.15237303720407427,42.72398944966941,13.414490938066763,44.78044039112321,0,0,0,0,0,17,17,1,2
127,2017,7,10,12,42924.5,53.19222495143263,119.50275689319339,500,439,988.2768030504672,994.2768030504672,6.0,12.053699398433222,4.54295190322402,405.12780090178586,515625,0.43988057181297335,3.8063844494497583,-17.587070625331133,1.1410444569605322,17.624047084399926,0,0,0,2,0,19,19,1,1
127,2017,7,10,15,42924.625,53.51458434042147,119.36750269694477,499,438,988.2100626034011,994.2100626034011,6.0,12.153928023252215,6.2118473203941535,376.6256006044354,445625,-0.06674044706611312,-0.5751077611903627,-2.980935382969977,11.94824287059994,12.314482670915764,0,0,0,0,0,19,19,1,1
127,2017,7,10,18,42924.75,53.72045239624984,119.54400092968787,498,438,988.186305832474,994.186305832474,6.0,11.980676380984209,4.47601940255343,398.9422804014327,500000,-0.02375677092699334,-0.20417275851088043,3.8710093496767106,7.630494455431131,8.556235096095111,0,0,0,0,0,18,18,1,1
127,2017,7,10,21,42924.875,53.92583167075961,119.72243876792427,497,438,988.1474951245547,994.1474951245547,6.0,12.144947675757113,6.980418802569402,386.2742020231896,468750,-0.0388107079193287,-0.3326775902798986,3.8944126989670047,7.612377787808713,8.550716101836088,0,0,0,0,0,18,18,1,1
127,2017,7,11,0,42925.0,55.437552502520404,118.50510899493776,493,432,988.3948625137594,992.3948625137594,4.0,11.236925919096105,14.724463697807805,273.864504695398,235625,0.24736738920473728,2.0811100627205508,-25.596604932147724,56.03189566489761,61.60161942558346,0,0,0,0,0,19,19,1,1
127,2017,7,11,3,42925.125,55.09537040945418,119.49002912623436,493,435,988.8072178771098,994.8072178771098,6.0,10.178926297572671,7.157108512226188,523.7779426003491,861875,0.4123553633503616,3.4835533508810697,20.889026661875008,-12.682970912526514,24.437863778336244,0,0,2,0,0,14,14,1,2
127,2017,7,11,6,42925.25,55.210646181124645,119.16380812093206,493,434,989.8333698764949,993.6684026636533,3.835032787158416,8.190452253861947,6.14260792746878,459.4336113908366,663125,1.0261519993850379,8.656735753564242,-6.898859669285123,4.272693658264012,8.114812125604532,0,0,0,0,0,16,19,2,0
127,2017,7,11,9,42925.375,54.94523801158139,120.64474101184662,492,438,990.2520001442347,994.8815977776172,4.629597633382655,8.17053946884698,4.35675289805411,581.5533114601598,1062500,0.41863026773979073,3.543053161049559,31.526408774540897,-9.837347314409751,33.025563619774516,0,0,0,0,0,14,16,2,0
127,2017,7,11,12,42925.5,53.365616201783105,126.905551517728,488,456,988.7759461094277,994.7759461094277,6.0,11.931372570849407,5.019036704385871,496.2784243090848,773750,-1.4760540348070208,-12.743823148196322,138.42542873743264,-58.54864375555516,150.2981803175173,0,0,1,0,0,18,18,1,1
127,2017,7,11,15,42925.625,53.54118758200207,125.32948183507527,490,452,987.9719129241242,995.9719129241242,8.0,12.640258387019443,6.473774102765965,623.8059280414735,1222500,-0.8040331853034149,-6.926040557922788,-34.71327958086812,6.507548914777266,35.31798369298188,0,0,0,0,0,18,18,1,1
127,2017,7,11,18,42925.75,54.00647035531445,124.94745517292313,489,450,987.6523106795751,995.6523106795751,8.0,12.901864063731576,7.569308900319665,595.9148150313025,1115625,-0.31960224454916897,-2.7367628513970543,-8.321623036625828,17.245694615815392,19.14845666746189,0,0,0,0,0,17,17,1,1
127,2017,7,11,21,42925.875,54.21175200632921,123.84177709070856,490,447,987.200051482295,997.200051482295,10.0,13.456494456461405,7.352119337830371,695.5796338302048,1520000,-0.45225919728007286,-3.8626803148953526,-23.96563223256618,7.608759375353813,25.14447747595184,0,0,0,0,0,18,18,1,1
127,2017,7,12,0,42926.0,53.948215809294126,123.13771515966619,492,446,987.2350021206065,997.2350021206065,10.0,13.508178912603062,7.16252502257179,711.1362961307047,1588750,0.034950638311565856,0.2995046279925571,-15.357878252240269,-9.76796269916766,18.20103073188344,0,0,0,0,0,20,20,1,1
127,2017,7,12,3,42926.125,54.004975640172944,122.33212513793738,493,444,987.6413412737154,997.6413412737154,10.0,12.373508758182698,6.391095385693116,842.7508134363225,2231250,0.40633915310885643,3.4795593326060033,-17.54858991533684,2.103801743642529,17.6742465127432,0,0,0,0,0,19,19,1,1
127,2017,7,12,6,42926.25,53.67890245044938,122.44361973305728,494,445,988.5585168775906,996.5585168775906,8.0,10.658899329941258,7.5767554052359625,828.9459975168818,2158750,0.917175603875221,7.886680224974595,2.4477467300315383,-12.085894804022791,12.331273951554445,0,0,0,0,0,21,21,1,1
127,2017,7,12,9,42926.375,53.423077272164235,123.0463218118044,494,447,989.0962357764682,995.0962357764682,6.0,9.904813321057183,5.51566636914933,705.80094352277,1565000,0.537718898877647,4.6390520739602605,13.311885531068425,-9.482153977749421,16.343730921977944,0,0,0,1,0,18,18,1,2
127,2017,7,12,12,42926.5,53.78731442885749,126.04062709282768,488,453,989.954177440031,995.954177440031,6.0,9.214049007847633,2.965589344149994,740.1965222789484,1721250,0.857941663562815,7.36710047020167,65.56266177004937,13.500441306576521,66.93821430129587,0,0,1,0,0,21,21,1,2
127,2017,7,12,15,42926.625,52.74287855888596,125.78235579006132,492,455,989.6607083730579,993.6607083730579,4.0,10.21313329281002,1.766322270166711,521.8753647816745,855625,-0.2934690669731935,-2.5545231455355553,-5.795314059673602,-38.71198998214331,39.14337534536099,0,0,0,0,0,18,18,1,1
127,2017,7,12,18,42926.75,52.46363260131155,126.34745820888527,492,457,989.445087061138,991.445087061138,2.0,10.301159197217032,2.4462508986164178,290.4343640802591,265000,-0.2156213119198219,-1.8838976686604474,12.76132932567647,-10.350244589425236,16.43104041804099,0,0,0,0,0,16,16,1,1
127,2017,7,12,21,42926.875,52.18039619538851,126.90447566187127,492,459,989.6129511773714,991.6129511773714,2.0,10.115941425132599,2.472041428676457,269.8395568936143,228750,0.16786411623339517,1.4722497521016462,12.65952970619316,-10.498150459893912,16.446119769129673,0,0,0,0,0,16,16,1,1
127,2017,7,13,0,42927.0,51.78939479039236,128.20530157148303,491,463,990.2578198578302,992.2578198578302,2.0,9.159581563882755,2.3779227922030257,334.3745617149374,351250,0.6448686804587487,5.686063511814817,29.823227916064948,-14.492457515488972,33.15804952303149,0,0,2,0,0,17,17,1,2
127,2017,7,13,3,42927.125,51.641861970797294,128.47335123839557,491,464,990.5232535030518,994.5232535030518,4.0,8.652878184318473,3.30806407441989,607.159482291599,1158125,0.26543364522163754,2.3451955539816636,6.16556726114078,-5.468300350846057,8.241148486631833,0,0,0,0,0,18,18,1,2
127,2017,7,13,6,42927.25,53.483568118435386,124.83087166550935,491,451,990.531761083982,994.531761083982,4.0,9.208500620186577,4.673469804009801,624.284123533731,1224375,0.008507580930163385,0.07333987679488407,-80.3284644732572,68.26279332915048,105.41570640910042,0,0,1,0,0,15,15,1,1
127,2017,7,13,9,42927.375,52.93488970336797,125.98849364926188,491,455,990.9620323189794,994.9620323189794,4.0,8.686784154626299,7.127468006547279,629.9941581756246,1246875,0.43027123499734443,3.735826124853071,25.860860082312602,-20.336752038291383,32.89935512535008,0,0,0,0,0,17,17,1,1
127,2017,7,13,12,42927.5,52.985943314260794,126.48157729798525,490,456,992.9322623720805,996.9322623720805,4.0,7.638385648020373,1.531597800755044,688.1031577448172,1487500,1.9702300531011132,17.095005764378403,11.00241056502502,1.8923008393892626,11.163952736738342,0,0,0,0,0,20,20,1,1
127,2017,7,13,15,42927.625,52.93488970336797,127.75130164242617,488,459,992.9777074970044,996.9777074970044,4.0,7.755780650195271,2.016359351076826,641.7269008310928,1293750,0.04544512492400827,0.39457688808634717,28.365124248957294,-1.8923008393892626,28.428173985072245,0,0,0,1,0,17,17,1,2
127,2017,7,13,18,42927.75,49.83594906777289,125.72739822279969,502,462,994.004969486412,998.004969486412,4.0,8.098309292696458,3.0835130540402313,680.5445498991344,1455000,1.0272619894075614,9.313101082378036,-48.38218081740241,-114.86215888361264,124.63607408793048,0,0,1,0,0,16,16,1,1
127,2017,7,13,21,42927.875,49.886416410414114,127.8176592284915,498,467,994.5357465078051,998.5357465078051,4.0,7.866685685737189,3.438312941821568,617.2334607150073,1196875,0.5307770213931507,4.808422743374974,49.916212292829066,1.8705708209791585,49.951249082070795,0,0,0,0,0,21,21,1,1
127,2017,7,14,0,42928.0,50.032657149333644,127.55859451025628,498,466,994.664893543482,1000.664893543482,6.0,8.531101132151477,2.999572191050029,766.4728851616075,1845625,0.12914703567686955,1.167464023930799,-6.167996157316258,5.42040941220089,8.21127364009653,0,0,0,0,0,22,22,1,1
127,2017,7,14,3,42928.125,49.778724851068496,128.5325410722085,497,469,995.005520435504,1001.005520435504,6.0,8.48332898373941,4.519927166858033,798.2584815735916,2001875,0.3406268920219736,3.090711611031615,23.31064728602662,-9.411994426092338,25.13905161238851,0,0,0,0,0,18,18,1,1
127,2017,7,14,6,42928.25,50.301686703992374,128.68558233220452,495,468,995.3469289945465,999.3469289945465,4.0,7.920754898181708,5.559898955948374,497.0795199464242,776250,0.34140855904246564,3.0742025500344696,3.623262518615529,19.383568291257593,19.71929894749433,0,0,0,0,0,14,14,1,1
127,2017,7,14,9,42928.375,50.301686703992374,128.68558233220452,495,468,,,,7.920754898181708,,0.0,0,0.0,,0.0,0.0,0.0,0,3,0,0,0,14,14,0,0
144,2017,7,7,15,42921.625,56.689527808913724,146.6893691754392,440,482,996.7462686462724,1000.7462686462724,4.0,7.924580982530004,2.3804109292229985,566.301342334776,1007500,,,,,,3,0,0,0,0,17,17,1,1
144,2017,7,7,18,42921.75,56.673544786010495,148.09815079471878,437,484,995.936091927538,1001.936091927538,6.0,9.286061868319255,3.1924310118600987,674.967424844007,1431250,-0.8101767187344376,-6.7177830443187085,28.68766964113011,-0.5924103530943475,28.693785729057634,0,0,0,0,0,18,18,1,1
144,2017,7,7,21,42921.875,56.517265421445174,149.16964434331953,435,486,995.8016912131545,999.8016912131545,4.0,10.149102540258546,3.4375178627599237,306.10859632710964,294375,-0.13440071438337328,-1.1164236131429142,21.909909612790894,-5.792490826299918,22.662680539014698,0,0,0,0,0,16,16,1,1
144,2017,7,8,0,42922.0,56.348944918132055,150.2311154453447,433,488,995.5290860341594,999.5290860341594,4.0,10.373760388671911,4.252341083238353,269.1012803886529,227500,-0.27260517899514525,-2.2688623500009206,21.801281257897866,-6.238795339558819,22.676384892104597,0,0,0,0,0,19,19,1,1
144,2017,7,8,3,42922.125,56.26031769126669,150.7579103805899,432,489,995.268270296338,999.268270296338,4.0,10.284385348543198,5.055710607303918,244.30125595145995,187500,-0.26081573782139456,-2.172980277681654,10.844914990900763,-3.284965996668234,11.331512818645647,0,0,0,0,0,20,20,1,1
144,2017,7,8,6,42922.25,56.07423033357207,151.80327640203575,430,491,994.967663659344,1000.967663659344,6.0,10.36387433823175,5.911778562029285,415.0725549792189,541250,-0.30060663699405266,-2.509955280422044,21.624907693870544,-6.897323362778092,22.698231260147693,0,0,0,0,0,18,18,1,1
144,2017,7,8,9,42922.375,55.86711496670558,151.98365235591436,430,492,995.3872133187375,1001.3872133187375,6.0,10.771267813533912,5.799401231841111,425.48648364787215,568750,0.41954965939352407,3.5116472077930347,3.75140084095318,-7.676726008559871,8.544303978675138,0,0,0,0,0,15,15,1,1
144,2017,7,8,12,42922.5,55.756163827962,151.64769608819603,431,492,995.2230575429686,1001.2230575429686,6.0,11.83984601880351,7.009176797648033,395.6875980703111,491875,-0.1641557757688861,-1.3757989190538964,-7.0070514284985865,-4.11240124457427,8.124691607562719,0,0,0,0,0,14,14,1,1
144,2017,7,8,15,42922.625,55.230660967826175,151.67384717026997,432,494,995.8402349040745,1001.8402349040745,6.0,11.230623226065978,5.688685349803709,445.36147995563624,623125,0.6171773611058597,5.2053159189316816,0.552760494637336,-19.47775066143624,19.485592497881903,0,0,0,0,0,16,16,1,1
144,2017,7,8,18,42922.75,54.70435064365734,151.69924423399362,433,496,996.0947392128405,1002.0947392128405,6.0,11.599930227260405,4.823299442572971,475.18530649802983,709375,0.25450430876604513,2.1603744352000707,0.5439030482699093,-19.507679296075747,19.515260235120095,0,0,0,0,0,17,17,1,1
144,2017,7,8,21,42922.875,54.18922671023624,152.5385019580434,432,499,996.6297178701948,1002.6297178701948,6.0,11.693937467998385,2.6687138582981422,501.46267067967744,790000,0.5349786573542223,4.570470958408968,18.200954214721218,-19.093055996538798,26.378391186980004,0,0,0,0,0,19,19,1,1
144,2017,7,9,0,42923.0,53.451099005974804,152.71579270637693,433,502,996.7523342705406,1002.7523342705406,6.0,11.67378328112679,3.667476099586347,502.0574081933153,791875,0.1226164003458689,1.0574625105045117,3.9132514274787438,-27.358685309888717,27.63713441404852,0,0,0,0,0,22,22,1,1
144,2017,7,9,3,42923.125,52.71240856779408,153.67008750081828,432,506,996.77589882991,1002.77589882991,6.0,11.538206255390026,2.9729685769585195,514.7746888183274,832500,0.0235645593694062,0.2052024781538222,21.428112276636867,-27.37954302884766,34.76784969204561,0,0,0,0,0,15,15,1,1
144,2017,7,9,6,42923.25,52.07303363459171,154.12894182087354,432,509,996.5767824959978,1004.5767824959978,8.0,11.68108637520954,3.5694087607757683,633.458286132908,1260625,-0.19911633391224315,-1.7488937334490786,10.453706693348607,-23.6984162652692,25.90163927462,0,0,0,0,0,14,14,1,1
144,2017,7,9,9,42923.375,50.62347404593465,158.7236584299043,422,520,997.0348518296128,1005.0348518296128,8.0,12.043546989741325,2.3896552261262696,635.1832654737959,1267500,0.45806933361498525,4.105593645252385,108.02532071169468,-53.72789070921279,120.64889620268228,0,0,0,0,0,18,18,1,1
144,2017,7,9,12,42923.5,50.48648419683429,159.15291878277216,421,521,996.3704538432268,1004.3704538432268,8.0,13.407910594479015,3.128880193338482,573.4578460215091,1033125,-0.6643979863860295,-5.966605754908877,10.12321979874094,-5.077525407254405,11.3252303886029,0,0,0,0,0,19,19,1,1
144,2017,7,9,15,42923.625,50.26316198771694,159.27027325930948,421,522,996.0635457369098,1006.0635457369098,10.0,13.556813254775486,3.3522640925071756,686.5111617671449,1480625,-0.30690810631698695,-2.7650883859242077,2.7806253132480605,-8.277432220301632,8.731996409433727,0,0,0,0,0,20,20,1,1
144,2017,7,9,18,42923.75,50.12308167339689,159.69398512804426,420,523,995.7418784184742,1005.7418784184742,10.0,14.053730049367015,3.9050785909326806,644.665296994271,1305625,-0.3216673184355022,-2.9039722650772397,10.069015136527325,-5.192073425054856,11.328843377449317,0,0,0,0,0,21,21,1,1
144,2017,7,9,21,42923.875,49.980670860293756,160.11483488614456,419,524,996.5552895747423,1008.5552895747423,12.0,14.000099754059729,4.045998674734583,849.6861835999277,2268125,0.813411156268121,7.35867728493492,10.030723770080353,-5.278453305464763,11.334791072164803,0,0,0,0,0,28,28,1,1
144,2017,7,10,0,42924.0,49.53016594273338,160.3352769921993,419,526,996.7435064830431,1008.7435064830431,12.0,13.8462650863869,4.590683893970781,859.9265400839298,2323125,0.18821690830081933,1.714109468204159,5.303159244597145,-16.697953753712984,17.51985038562526,0,0,0,0,0,31,31,1,1
144,2017,7,10,3,42924.125,49.384060344575545,160.7480544398535,418,527,997.2637058897999,1009.2637058897999,12.0,13.217487726077916,4.061609188910734,920.8137484432301,2663750,0.5201994067567284,4.747850853573925,9.959795024127656,-5.415400423173629,11.336846063431713,0,0,0,0,0,27,27,1,1
144,2017,7,10,6,42924.25,49.00859149680993,161.26136614366226,417,529,997.4605363394755,1009.4605363394755,12.0,13.011729384258249,3.6492402900869636,936.877532632629,2757500,0.19683044967561728,1.8066600402976176,12.47992707827152,-13.916743661538298,18.692895281896305,0,0,0,0,0,26,26,1,1
144,2017,7,10,9,42924.375,48.55344997501224,161.4648838324267,417,531,998.1907594696563,1010.1907594696563,12.0,12.73123732098704,3.6096049035161557,954.9648286280287,2865000,0.7302231301808206,6.749350116388237,4.99311950922964,-16.869809376395295,17.59322911887878,0,0,0,0,0,24,24,1,1
144,2017,7,10,12,42924.5,48.47511193570865,162.16498505733193,415,532,998.8586552856864,1010.8586552856864,12.0,12.367319551404005,3.130917614488207,993.1579732409248,3098750,0.6678958160300681,6.180735719295355,17.202863669058615,-2.9035975112806827,17.446185741408698,0,0,0,0,0,25,25,1,1
144,2017,7,10,15,42924.625,48.08914865817478,162.65532367162,414,534,998.7409991336708,1010.7409991336708,12.0,11.766575223719094,3.0987544103654363,1035.5222977230596,3368750,-0.11765615201555192,-1.0953535432950443,12.139989725344757,-14.305719444290746,18.76254138836833,0,0,0,0,0,26,26,1,1
144,2017,7,10,18,42924.75,47.768813589938524,163.43486787884632,412,536,998.9213065693501,1008.9213065693501,10.0,11.705137259918134,3.21226248002029,854.2396701607461,2292500,0.18030743567927857,1.687116407320579,19.420117289552007,-11.873211471403199,22.762119984408688,0,0,0,0,0,25,25,1,1
144,2017,7,10,21,42924.875,47.505085933183395,164.50072462349917,409,538,999.2425697839194,1009.2425697839194,10.0,11.965585820514343,2.199525491388049,863.7353736783388,2343750,0.3212632145693351,3.018668430687131,26.687040988283854,-9.775059149009536,28.420941892853893,0,0,0,0,0,26,26,1,1
144,2017,7,11,0,42925.0,47.766195959700354,168.56803197140903,396,540,998.8466083572539,1008.8466083572539,10.0,13.623823542194055,1.7209297593965314,844.4016491289505,2240000,-0.39596142666559897,-3.705120218669844,101.31920699753327,9.67803674823767,101.78038171430305,0,0,0,0,0,28,28,1,1
144,2017,7,11,3,42925.125,48.52156920939928,168.6900675259798,395,537,997.2391284225363,1007.2391284225363,10.0,14.621803478566987,1.8033226169248522,749.4117729496419,1764375,-1.6074799347175577,-14.865018238258978,2.995916871773916,27.99789102984468,28.15772398510996,0,0,0,0,0,22,22,1,1
144,2017,7,11,6,42925.25,49.08507182200838,169.1932008456587,393,535,996.1868963881759,1008.1868963881759,12.0,15.390558731193531,2.110525462612495,857.6099234287237,2310625,-1.0522320343603497,-9.647006473172745,12.213665110854384,20.886210557695396,24.195193880200428,0,0,0,0,0,24,24,1,1
144,2017,7,11,9,42925.375,49.55591435964289,169.07160980739417,393,533,995.7163413450212,1007.7163413450212,12.0,15.895105687663776,2.4230404756745703,775.6324418739615,1890000,-0.4705550431547454,-4.283747989608255,-2.9235661810821014,17.451767144468672,17.694954526076724,0,0,0,0,0,20,20,1,1
144,2017,7,11,12,42925.5,49.835949067772894,169.3302171955033,392,532,994.9034244323437,1006.9034244323437,12.0,16.199934219636432,2.0752250588533934,763.8729018041295,1833125,-0.812916912677465,-7.369860325218594,6.182292599419059,10.379479609482411,12.081156349807447,0,0,0,0,0,22,22,1,1
144,2017,7,11,15,42925.625,49.835949067772894,169.3302171955033,392,532,993.7234566546718,1007.7234566546718,14.0,16.6851860157089,2.008192144764398,829.9054260758735,2163750,-1.1799677776718454,-10.697523417316837,0.0,0.0,0.0,0,0,0,0,0,22,22,1,1
144,2017,7,11,18,42925.75,50.43400649011403,170.18383662124626,389,530,993.4857429595485,1007.4857429595485,14.0,17.35756531065936,1.609058611589935,803.9701565555526,2030625,-0.23771369512338425,-2.1363952396655166,20.15311822620292,22.16698373548536,29.958693932956837,0,0,0,0,0,21,21,1,1
144,2017,7,11,21,42925.875,50.62763141237039,169.7993005099073,390,529,993.1912498619771,1007.1912498619771,14.0,17.58897397401317,2.058972844108066,776.1452567675872,1892500,-0.2944930975713942,-2.639331880298325,-9.041378128410374,7.1767030089512955,11.543465014439471,0,0,0,0,0,22,22,1,1
144,2017,7,12,0,42926.0,50.62763141237039,169.7993005099073,390,529,992.7537043537974,1004.7537043537974,12.0,17.49797765497137,2.825845571644968,666.215691459998,1394375,-0.4375455081797554,-3.921408747246425,0.0,0.0,0.0,0,0,0,0,0,28,28,1,1
144,2017,7,12,3,42926.125,50.62763141237039,169.7993005099073,390,529,992.6782260679495,1004.6782260679495,12.0,17.021457280253024,3.300332304842014,668.153885996906,1402500,-0.07547828584793023,-0.6764581165112605,0.0,0.0,0.0,0,0,0,0,0,27,27,1,1
144,2017,7,12,6,42926.25,50.43400649011403,170.18383662124626,389,530,993.3015577272835,1003.3015577272835,10.0,16.43422415626441,3.4961522741060618,588.8623202935189,1089375,0.6233316593340714,5.6020448844687465,9.07856057444858,-7.1767030089512955,11.572611122068466,0,0,0,0,0,27,27,1,1
144,2017,7,12,9,42926.375,50.474050059748734,170.51043301061696,388,530,994.8404383617749,1002.8404383617749,8.0,15.582934086996199,3.504910500995684,530.1956414721458,883125,1.538880634491361,13.822344634347907,7.704133064916706,1.4842139293722252,7.845798701858557,0,0,0,0,0,24,24,1,1
144,2017,7,12,12,42926.5,50.474050059748734,170.51043301061696,388,530,995.9643033743996,1001.9643033743996,6.0,14.563343846886823,3.4212301879890585,462.6698590340625,672500,1.1238650126247376,10.094642286612057,0.0,0.0,0.0,0,0,0,0,0,26,26,1,1
144,2017,7,12,15,42926.625,50.58607409323616,171.49388480277722,385,530,996.9069265926388,1002.9069265926388,6.0,13.659362529003664,3.36088805082225,614.4876748035892,1186250,0.9426232182391686,8.45309396092544,23.143629232687715,4.152168062020578,23.51314682630509,0,0,0,0,0,22,22,1,1
144,2017,7,12,18,42926.75,50.89028359735497,172.10665571775112,383,529,998.5062419878467,1002.5062419878467,4.0,12.98016006895133,3.403133145898173,526.996561369576,872500,1.5993153952079593,14.279957250231229,14.327070453001648,11.275517831690017,18.231901989041965,0,0,0,0,0,21,21,1,1
144,2017,7,12,21,42926.875,51.158613763477874,172.39422042561816,382,528,999.878284750674,1001.878284750674,2.0,12.129277569447146,3.644924866752772,401.1800545910516,505625,1.3720427628271863,12.204355300782781,6.684700240977142,9.94565104618598,11.983371480690236,0,0,0,0,0,20,20,1,2
144,2017,7,13,0,42927.0,51.45528998072459,173.0223815091683,380,527,1001.1529848541901,1001.1529848541901,0.0,11.492889693765436,3.7859144696914155,14.104739588693906,625,1.2747001035162249,11.291562838660889,14.508038230594973,10.996296737977765,18.204442184534678,0,0,0,0,0,19,19,1,1
144,2017,7,13,3,42927.125,51.955942239534295,173.28012011092383,379,525,1002.2471063501267,1002.2471063501267,0.0,10.36740155295051,3.2142988814882845,14.104739588693906,625,1.0941214959365606,9.625319270846864,5.887244034066432,18.556663730926015,19.468164041308974,0,0,0,0,0,20,20,1,1
144,2017,7,13,6,42927.25,52.24493703027391,173.92754359279232,377,524,1003.7302180623827,1003.7302180623827,0.0,9.603668434469144,3.3510918583112654,14.104739588693906,625,1.4831117122560682,12.996253928035191,14.692843876184387,10.71158485231717,18.18289611745939,0,0,0,0,0,19,19,1,1
144,2017,7,13,9,42927.375,52.76465575871977,174.55134855864014,375,522,1005.762895465082,1005.762895465082,0.0,8.618392286584683,3.0009104314142316,14.104739588693906,625,2.0326774026991914,17.68847801346682,13.990441456329242,19.26336196177996,23.807762730116558,0,0,0,0,0,19,19,1,1
144,2017,7,13,12,42927.5,53.27883349307287,175.19204603696954,373,520,1006.9919578323771,1006.9919578323771,0.0,7.773528141704121,2.3852168173984682,14.104739588693906,625,1.2290623672951186,10.623345701047988,14.199050549425037,19.05798515121974,23.765938536679748,0,0,0,0,0,23,23,1,1
144,2017,7,13,15,42927.625,53.27883349307287,175.19204603696954,373,520,,,,7.773528141704121,,0.0,0,0.0,,0.0,0.0,0.0,0,3,0,0,0,23,23,0,0
145,2017,7,7,18,42921.75,41.075068910647076,-72.25016984614517,158,295,1005.859695829725,1007.859695829725,2.0,8.022045915389848,4.974355488144283,184.98192550829796,107500,,,,,,3,0,0,0,0,9,9,1,1
145,2017,7,7,21,42921.875,41.54659005415468,-71.21937947660734,161,292,1002.9916961560901,1006.9916961560901,4.0,9.723905978476882,13.283545282261038,218.05398241881235,149375,-2.8679996736347677,-29.959620776009587,28.59400196539595,17.476919654561993,33.512082433192404,0,0,0,0,0,6,6,1,1
145,2017,7,8,0,42922.0,41.53599667278271,-70.35536532110015,162,289,1003.7440203937437,1005.7440203937437,2.0,9.22004546084182,6.232553139706215,173.8949084575512,95000,0.75232423765352,7.860549282573301,23.971618564688168,-0.3926434215246535,23.97483400291583,0,0,0,0,0,8,8,1,1
145,2017,7,8,3,42922.125,42.25792235292862,-68.584501468431,167,284,1003.9366586511264,1005.9366586511264,2.0,9.400243954379599,3.1658578819602554,204.39709528665645,131250,0.19263825738278684,1.9846813693606757,48.57873891988658,26.758157682215877,55.46073275383974,0,0,0,0,0,8,8,1,1
145,2017,7,8,6,42922.25,43.75005526923222,-65.41428275542896,177,276,1002.6093825010138,1004.6093825010138,2.0,10.160105140760978,5.622079205951596,198.47127856504602,123750,-1.3272761501127388,-13.29783952402705,84.875455364033,55.30587005743713,101.30440358672509,0,0,0,0,0,6,6,1,1
145,2017,7,8,9,42922.375,43.972314456615095,-65.29496435276283,178,276,1002.4195312359335,1004.4195312359335,2.0,10.123298599753358,3.784598087682971,204.39709528665645,131250,-0.18985126508021494,-1.894437382272563,3.182788318533201,8.238031345705547,8.831494886677937,0,0,0,0,0,5,5,1,1
145,2017,7,8,12,42922.5,43.765903890011046,-64.77607660263921,178,274,1002.808838194255,1004.808838194255,2.0,10.473512514925734,2.604534423825244,374.7722472096855,441250,0.38930695832154016,3.8992987302054205,13.889194645007546,-7.650602604066192,15.856905375647882,0,0,0,0,0,4,4,1,1
145,2017,7,8,15,42922.625,45.18856770982894,-62.31680347680719,187,269,1003.6193535193406,1003.6193535193406,0.0,9.915480470355279,3.115477148123609,14.104739588693906,625,0.8105153250855801,7.915388264299333,64.23987256615757,52.73099969483926,83.11028550145464,0,0,0,0,0,5,5,1,1
145,2017,7,8,18,42922.75,45.718067947541044,-61.63880567042629,190,268,1003.7467070568905,1003.7467070568905,0.0,8.77606118691194,2.569052451162861,14.104739588693906,625,0.1273535375497886,1.2324559886206816,17.54543171822148,19.625913363558258,26.325247378375515,0,0,0,0,0,6,6,1,1
145,2017,7,8,21,42922.875,45.910003118078805,-60.82935397449728,192,266,1003.6852698822421,1003.6852698822421,0.0,8.322776195247867,2.852887534373731,14.104739588693906,625,-0.061437174648308425,-0.5926217123261273,20.87513814991689,7.1140724028188025,22.054056745430387,0,0,0,0,0,6,6,1,1
145,2017,7,9,0,42923.0,45.910003118078805,-60.82935397449728,192,266,,,,8.322776195247867,,0.0,0,0.0,,0.0,0.0,0.0,0,3,0,0,0,6,6,0,0
153,2017,7,8,6,42922.25,13.27664904188305,-111.98628815671601,66,478,1005.852149330985,1011.852149330985,6.0,7.569414212381145,13.478905410495063,350.0704303147574,385000,,,,,,3,0,0,0,0,16,16,1,1
153,2017,7,8,9,42922.375,13.215693579306098,-112.55724663470566,67,481,1003.8506261729437,1011.8506261729437,8.0,8.160165370248093,11.168309169005516,1333.0284841746675,5582500,-2.0015231580412363,-60.655712844106155,-20.602095049483317,-2.259312729943157,20.725607697716082,0,0,0,0,0,14,14,1,1
153,2017,7,8,12,42922.5,13.215693579306098,-112.55724663470566,67,481,1002.3188568079369,1010.3188568079369,8.0,9.067523920583808,12.836970311216064,650.0433630989414,1327500,-1.5317693650069122,-46.41992892961766,0.0,0.0,0.0,0,0,0,0,0,13,13,1,1
153,2017,7,8,15,42922.625,13.591673134889326,-112.45917729119472,68,480,1001.905789779827,1009.905789779827,8.0,10.820295640882287,23.088445874967075,277.83114908082075,242500,-0.4130670281097991,-12.17788048642373,3.533141957224489,13.935673034310353,14.376580782964522,0,0,0,0,0,15,15,1,1
153,2017,7,8,18,42922.75,13.787630289495288,-113.10297812094291,70,483,1001.6598394919143,1011.6598394919143,10.0,11.403331512520538,24.991300172366536,446.0310290381928,625000,-0.24595028791271034,-7.149909653774304,-23.174876255892343,7.263147143962106,24.28637881428122,0,0,0,0,0,16,16,1,1
153,2017,7,8,21,42922.875,14.201035800354225,-113.41470936110166,72,484,999.5703853604649,1011.5703853604649,12.0,12.244481364472904,28.9050482784483,1057.855469152043,3515625,-2.089454131449456,-59.0081242419884,-11.201220797380437,15.322865151471836,18.980451622705345,0,0,0,0,0,18,18,1,1
153,2017,7,9,0,42923.0,14.349053823211095,-113.65560005354594,73,485,998.0737431860894,1010.0737431860894,12.0,12.85499257620204,30.121468287448007,545.7276676701568,935625,-1.4966421743754472,-41.839575506483556,-8.650069568199799,5.486284397880834,10.243193839283084,0,0,0,0,0,21,21,1,1
153,2017,7,9,3,42923.125,14.495338119638891,-113.89728489663166,74,486,998.7038889881358,1010.7038889881358,12.0,13.63634511420396,31.327287053408583,368.8868069524451,427500,0.6301458020463179,17.442096412702618,-8.672890062163018,5.422023870179895,10.228263043115708,0,0,0,0,0,14,14,1,1
153,2017,7,9,6,42923.25,15.016332515862972,-114.04681630790303,76,486,999.9845420980672,1011.9845420980672,12.0,14.06219984876197,30.780579881313823,329.8820885393498,341875,1.2806531099314453,34.24476089225072,-5.353116923348715,19.31064455678758,20.038883551576227,0,0,0,0,0,13,13,1,1
153,2017,7,9,9,42923.375,15.534893280881864,-114.19811759978592,78,486,998.4786773409593,1012.4786773409593,14.0,14.514736501524421,31.192199478075416,813.1966481404268,2077500,-1.50586475710792,-38.95428008525892,-5.4031052339798835,19.22044207567401,19.965443640295117,0,0,0,0,0,16,16,1,1
153,2017,7,9,12,42923.5,15.934084769599327,-114.52113116088711,80,487,996.7634717303112,1010.7634717303112,14.0,15.41958309864871,36.676350459226015,614.32577579543,1185625,-1.7152056106481177,-43.28574909819426,-11.51248355005329,14.796022768356822,18.74725492577463,0,0,0,0,0,17,17,1,1
153,2017,7,9,15,42923.625,16.329439733108206,-114.84711193381486,82,488,997.6420432762892,1011.6420432762892,14.0,15.524121886749764,39.47125109180051,410.49396584912694,529375,0.8785715459780477,21.649330283928013,-11.595072841826491,14.653822055310622,18.686364414619828,0,0,0,0,0,18,18,1,1
153,2017,7,9,18,42923.75,16.720954233887134,-115.17607959622946,84,489,997.7531436942402,1011.7531436942402,14.0,15.87741427284382,39.356884384339935,398.19356104198965,498125,0.1111004179509473,2.6753472087319743,-11.677616986531223,14.511475398131306,18.626584676603834,0,0,0,0,0,19,19,1,1
153,2017,7,9,21,42923.875,16.975303168155833,-115.25638479227167,85,489,997.0407338537802,1011.0407338537802,14.0,15.403703357684615,35.425391102116045,454.42660426270623,648750,-0.7124098404598772,-16.90549767495,-2.8468256192949006,9.427437029376595,9.847892416630819,0,0,0,0,0,26,26,1,1
153,2017,7,10,0,42924.0,17.240183291259555,-115.76050700868822,87,491,993.1959434416519,1009.1959434416519,16.0,17.691109000690403,50.059215108055724,410.73621666150774,530000,-3.84479041212835,-89.87676023603618,-17.845756835525304,9.817775286040092,20.368106161346414,0,0,0,0,0,29,29,1,1
153,2017,7,10,3,42924.125,17.49244157084779,-115.84305214424678,88,491,994.8715438833153,1008.8715438833153,14.0,16.762740118357037,43.33020515566321,278.1889485195882,243125,1.6756004416634096,38.62166826559527,-2.9180502149123337,9.349946964765435,9.79471925583762,0,0,0,0,0,25,25,1,1
153,2017,7,10,6,42924.25,17.748759095613906,-116.35205669536658,90,493,996.1949415250236,1010.1949415250236,14.0,16.653493710447133,41.452635692052866,267.24666641978536,224375,1.3233976417082887,30.07694977960164,-17.96824798627981,9.500402788027632,20.325245111220962,0,0,0,0,0,24,24,1,1
153,2017,7,10,9,42924.375,17.99892083791377,-116.43687291325445,91,493,996.0082377101446,1010.0082377101446,14.0,15.807257573724076,37.173561504639146,326.8528041036741,335625,-0.1867038148790016,-4.186167700487868,-2.9898651427300993,9.272238861436165,9.74236660546294,0,0,0,0,0,23,23,1,1
153,2017,7,10,12,42924.5,18.49469143552507,-117.03784882838956,94,495,994.6207678623025,1008.6207678623025,14.0,16.580567416104365,38.58129370007373,325.3275843762874,332500,-1.3874698478421488,-30.303166016491947,-21.124703904662283,18.37572507797252,27.99857830677983,0,0,0,0,0,24,24,1,1
153,2017,7,10,15,42924.625,18.861827151061735,-117.38535669999297,96,496,996.3392517310709,1010.3392517310709,14.0,16.000282447129145,34.707362660370705,358.21595842150947,403125,1.718483868768526,36.82797199704708,-12.18870521732306,13.60787631923231,18.2685202683283,0,0,0,0,0,25,25,1,1
153,2017,7,10,18,42924.75,19.225063009149682,-117.73596009481476,98,497,997.3083355380317,1011.3083355380317,14.0,15.938744119482793,37.90112708475128,362.90593190046286,413750,0.969083806960698,20.389988332009228,-12.270398592820483,13.463328198254194,18.21603381092046,0,0,0,0,0,23,23,1,1
153,2017,7,10,21,42924.875,19.340375582501608,-117.99823265246509,99,498,996.2030158638686,1010.2030158638686,14.0,16.270200158185098,40.16513560512518,325.6331998352982,333125,-1.1053196741630382,-23.123054934008934,-9.172540613773116,4.274057711687644,10.119440233241852,0,0,0,0,0,25,25,1,1
153,2017,7,11,0,42925.0,19.827822009706367,-118.18166540272168,101,498,995.5228591259266,1009.5228591259266,14.0,15.127616943950983,39.157234880928954,449.80631543540153,635625,-0.6801567379420157,-13.892502730746125,-6.395863466455723,18.06718990539513,19.165866026849784,0,0,0,0,0,27,27,1,1
153,2017,7,11,3,42925.125,20.18187428293055,-118.53998518795997,103,499,996.9098344954749,1008.9098344954749,12.0,14.582685832224175,33.23731557593615,294.5156090686586,272500,1.3869753695483087,27.852786697449446,-12.465680634698435,13.122938849834133,18.09985408070412,0,0,0,0,0,21,21,1,1
153,2017,7,11,6,42925.25,20.423380309962628,-118.63402201399118,104,499,999.6462342476353,1011.6462342476353,12.0,13.438741266422353,27.9001986185991,450.24838563097774,636875,2.73639975216036,54.32895753795093,-3.2663746582415265,8.951414986683526,9.528747749406785,0,0,0,0,0,23,23,1,1
153,2017,7,11,9,42925.375,20.772142412605895,-118.99700112299556,106,500,999.1965596961364,1011.1965596961364,12.0,13.137985010589126,27.604310404671267,591.0542277039478,1097500,-0.44967455149890156,-8.784479288824206,-12.579287455928817,12.926858806606754,18.03724345638309,0,0,0,0,0,19,19,1,1
153,2017,7,11,12,42925.5,21.116950883991517,-119.36316135584866,108,501,998.9004493351891,1008.9004493351891,10.0,12.602981949368983,28.83214200174225,236.0174359706574,175000,-0.2961103609472048,-5.694331428829843,-12.660335418782761,12.780317560715554,17.989458298370735,0,0,0,0,0,21,21,1,1
153,2017,7,11,15,42925.625,21.220355799642558,-119.63391478717662,109,502,1000.1335657024713,1010.1335657024713,10.0,12.772412021484717,27.60237565431606,259.3124822609313,211250,1.2331163672820549,23.60310647999619,-9.355015843605143,3.832700670168106,10.109694152703646,0,0,0,0,0,21,21,1,1
153,2017,7,11,18,42925.75,21.558577866212378,-120.00492087082402,111,503,1001.6255114505299,1011.6255114505299,10.0,11.888347522505827,23.993862659248116,364.2738445220405,416875,1.4919457480586424,28.13019304330753,-12.78931797693353,12.5361926272673,17.908734737637555,0,0,0,0,0,20,20,1,1
153,2017,7,11,21,42925.875,21.930942680869496,-119.9315118405078,112,502,1002.2719040586337,1010.2719040586337,8.0,10.625735809276943,22.64494948309133,236.438520044912,175625,0.646392608103779,11.990558387652456,2.5240048233448946,13.801692750271034,14.030585273649574,0,0,0,0,0,21,21,1,1
153,2017,7,12,0,42926.0,22.499423602784564,-120.40918675337038,115,503,1001.0623698769946,1009.0623698769946,8.0,10.35772210775724,21.396114196495617,242.25685803530186,184375,-1.2095341816390281,-21.89826222950879,-16.35735662876722,21.070731470392396,26.67468538854881,0,0,0,0,0,27,27,1,1
153,2017,7,12,3,42926.125,22.82817229447197,-120.7897115646273,117,504,1001.9586021860488,1009.9586021860488,8.0,10.36184810758211,20.640159118482842,269.8395568936143,228750,0.8962323090541758,16.00458406382508,-12.999396967671897,12.185062218891892,17.817408981144926,0,0,0,0,0,26,26,1,1
153,2017,7,12,6,42926.25,22.781160955496297,-121.242058069008,118,506,1003.7547792718331,1011.7547792718331,8.0,10.235587800148162,20.301734967164958,297.5398075802073,278125,1.796177085784293,32.138118919783636,-15.458282584936395,-1.7424741296207782,15.556179369245699,0,0,0,0,0,26,26,1,1
153,2017,7,12,9,42926.375,23.012533383034434,-121.34758366155194,119,506,1004.0442203009405,1012.0442203009405,8.0,9.379956441364047,17.53443938538301,1395.9417374952989,6121875,0.2894410291074018,5.129546362266791,-3.600039391140635,8.575813369225562,9.300798813088697,0,0,0,0,0,23,23,1,1
153,2017,7,12,12,42926.5,23.24333182040973,-121.45375125270682,120,506,1004.1271875960945,1010.1271875960945,6.0,8.633846864031474,14.79863728544282,243.0766805410715,185625,0.08296729515393964,1.4565648788661716,-3.6157152057876623,8.554538437874806,9.287277552353093,0,0,0,0,0,25,25,1,1
153,2017,7,12,15,42926.625,23.561319156809134,-121.84245725998521,122,507,1005.6481492916421,1011.6481492916421,6.0,8.274509550359321,12.568372005048511,296.87042583783426,276875,1.520961695547594,26.361603806977925,-13.206271784607802,11.786192848276896,17.70084620309723,0,0,0,0,0,21,21,1,1
153,2017,7,12,18,42926.75,23.87522544567245,-122.23443421894137,124,508,1006.6556058961108,1012.6556058961108,6.0,8.090637317338638,11.818692294238936,315.39156525252,312500,1.0074566044687527,17.24503805800816,-13.285384676281023,11.634928921140684,17.659926868386474,0,0,0,0,0,20,20,1,1
153,2017,7,12,21,42926.875,23.87522544567245,-122.23443421894137,124,508,,,,8.090637317338638,,0.0,0,0.0,,0.0,0.0,0.0,0,3,0,0,0,20,20,0,0
154,2017,7,8,12,42922.5,47.219338502088775,-58.825404384595906,200,263,1003.7959327310995,1003.7959327310995,0.0,10.973091618023995,8.309427431418516,14.104739588693906,625,,,,,,3,0,0,0,0,3,3,1,1
154,2017,7,8,15,42922.625,47.70994834267458,-58.07696191991945,203,262,1003.6758986110713,1003.6758986110713,0.0,11.19180721170762,3.633743160976228,14.104739588693906,625,-0.12003412002814003,-1.124194787546114,18.66640575544264,18.184441745012432,26.05971268845021,0,0,0,0,0,4,4,1,1
154,2017,7,8,18,42922.75,49.660400965678456,-55.63377449211209,214,260,1002.3349916256044,1004.3349916256044,2.0,11.842842758486215,5.751210264371767,178.96908195899073,100625,-1.3409069854668632,-12.188163970964386,58.616275125929704,72.2934787795344,93.07102010661362,0,0,0,0,0,5,5,1,1
154,2017,7,8,21,42922.875,50.30856936498262,-54.61582694325655,218,259,1001.3486887581332,1003.3486887581332,2.0,12.562842807099168,5.433566997169837,185.5188843315482,108125,-0.9863028674712404,-8.880247404435435,24.09630845323751,24.024345871315536,34.02647903645279,0,0,0,0,0,5,5,1,1
154,2017,7,9,0,42923.0,50.94187378349998,-53.56593077299165,222,258,1001.7081071776612,1003.7081071776612,2.0,12.349105319802385,5.2031054858904096,184.44340347622256,106875,0.3594184195279377,3.206826816053213,24.52007126280159,23.473412786904586,33.94458723562984,0,0,0,0,0,6,6,1,1
154,2017,7,9,3,42923.125,51.78939479039236,-51.794698428516966,228,256,1001.5875682231156,1003.5875682231156,2.0,12.720527123860359,4.262272859317672,175.0352151573787,96250,-0.12053895454562735,-1.0628398803716441,40.60748428343113,31.413345397040064,51.33971220081823,0,0,0,0,0,2,2,1,1
154,2017,7,9,6,42923.25,52.41317997644324,-50.17216082509655,233,254,1001.2978277404516,1003.2978277404516,2.0,12.65466661546069,4.255783661930109,176.1681409986482,97500,-0.2897404826639104,-2.5331966324173565,36.6819818978824,23.120582668296993,43.36045593485068,0,0,0,0,0,1,1,1,1
154,2017,7,9,9,42923.375,52.98156495006397,-48.99670347531892,237,253,1001.314878368732,1003.314878368732,2.0,12.656811078835995,2.8072939442042117,202.4410972262378,128750,0.01705062828041264,0.14795093768772513,26.230957031297265,21.06717514920888,33.6435577123646,0,0,0,0,0,2,2,1,1
154,2017,7,9,12,42923.5,54.235792411722755,-46.29022735206046,246,251,1000.8897235742351,1004.8897235742351,4.0,13.325183554160924,3.079370067710697,325.3275843762874,332500,-0.4251547944969207,-3.630087815709986,58.62587763208137,46.48791019824636,74.82058087673468,0,0,0,0,0,2,2,1,1
154,2017,7,9,15,42923.625,54.74389266923175,-44.47676541781582,251,249,1000.884635993187,1004.884635993187,4.0,12.8306382110387,2.966971711136066,331.08604176942123,344375,-0.005087581048137509,-0.0431651450189682,38.79811711215599,18.832723620597907,43.12731582672863,0,0,0,0,0,3,3,1,1
154,2017,7,9,18,42923.75,54.902445048625644,-43.68610697550206,253,248,1000.8536903245597,1004.8536903245597,4.0,12.19492973571423,2.648866197905227,337.92554160411566,358750,-0.03094566862724605,-0.26204427743441505,16.849839328864956,5.876740065341842,17.84525592991477,0,0,0,0,0,2,2,1,1
154,2017,7,9,21,42923.875,55.003386498220934,-41.30861401354873,258,244,1001.2709145364693,1005.2709145364693,4.0,11.979928215024286,2.630363386278477,355.707997883175,397500,0.41722421190948805,3.528642248370559,50.537841295282995,3.7413923610476547,50.6761425089412,0,0,0,0,0,2,2,1,1
154,2017,7,10,0,42924.0,55.004917849531466,-38.39791977035201,264,239,1001.8204197156596,1005.8204197156596,4.0,12.276525768372423,2.1430601003131597,379.51972741632983,452500,0.5495051791903097,4.647311574844435,61.86813456407416,0.05675949888053215,61.868160600417895,0,0,0,0,0,2,2,1,1
154,2017,7,10,3,42924.125,55.252226524058315,-37.2826302411972,267,238,1001.4062718587753,1005.4062718587753,4.0,11.184912001722697,2.87708841586762,382.3919507072277,459375,-0.4141478568842285,-3.4920390258573364,23.5610572153593,9.166489974192194,25.281375665742566,0,0,0,0,0,2,2,1,1
154,2017,7,10,6,42924.25,55.10458033722793,-35.7114324663358,270,235,1001.5691554784372,1005.5691554784372,4.0,10.645461425685797,2.1294826134805045,403.89827515005896,512500,0.1628836196618795,1.375876744551439,33.31519939375147,-5.472502304651321,33.761676381954615,0,0,0,0,0,2,2,1,1
154,2017,7,10,9,42924.375,54.995730610614494,-33.32842178176362,275,231,1002.0349982242856,1006.0349982242856,4.0,10.42491980182204,2.300130154848666,410.49396584912694,529375,0.4658427458483493,3.9401984675498327,50.66478669563096,-4.034512455353848,50.825169962000025,0,0,0,0,0,1,1,1,1
154,2017,7,10,12,42924.5,53.97957361372644,-27.29437814195051,287,219,1002.834400239471,1004.834400239471,2.0,11.17645954112753,3.274977887888817,313.8106451956502,309375,0.7994020151854784,6.847637239492107,131.48388418598938,-37.663834242773994,136.77198620515028,0,0,0,0,0,1,1,1,1
154,2017,7,10,15,42924.625,53.51458434042147,-23.762599657211204,295,213,1002.6264118721498,1004.6264118721498,2.0,11.274398348633317,3.5354260139683173,296.19953136257203,275625,-0.20798836732123163,-1.7922523678221831,77.83069035612313,-17.234816045217453,79.71609150869855,0,0,0,0,0,1,1,1,1
154,2017,7,10,18,42924.75,52.96259711329231,-21.113500078365256,301,208,1002.6217985076005,1006.6217985076005,4.0,11.031753245252625,3.788133601809095,463.0996499851074,673750,-0.004613364549295511,-0.04004087511810342,59.139323090710825,-20.459393076453622,62.57832133162667,0,0,0,0,0,1,1,1,1
154,2017,7,10,21,42924.875,52.76756020010526,-19.878141850895634,304,206,1002.9056968939948,1004.9056968939948,2.0,10.7128725523076,3.4683621039189165,269.470671475909,228125,0.2838983863942849,2.470405241099145,27.70400527312838,-7.229038418271849,28.631641668377586,0,0,0,0,0,2,2,1,1
154,2017,7,11,0,42925.0,52.167499153593745,-17.01378017012024,311,201,1002.7375131530257,1006.7375131530257,4.0,11.254572917655846,3.763462354722069,402.9119531035698,510000,-0.16818374096910702,-1.475310828101456,65.11415176592988,-22.24124801636815,68.80789107015379,0,0,0,0,0,3,3,1,1
154,2017,7,11,3,42925.125,51.97733875215994,-15.496489700719627,315,199,1002.2788185698437,1006.2788185698437,4.0,11.06412556315242,3.914656806591229,395.9389080975964,492500,-0.4586945831819321,-4.034097046403165,34.640672622768946,-7.048290629377623,35.350454036037874,0,0,0,0,0,2,2,1,1
154,2017,7,11,6,42925.25,51.514571741039575,-12.510366840939518,323,195,1002.0343272176146,1006.0343272176146,4.0,11.096944111394151,5.129264041191854,369.4257214939158,428750,-0.24449135222908808,-2.1639733932188676,68.87346672445929,-17.152447951683165,70.97718569639403,0,0,0,0,0,3,3,1,1
154,2017,7,11,9,42925.375,51.28773699647873,-10.713123022791038,328,193,1002.746170355194,1006.746170355194,4.0,11.058807137108811,5.540284427174702,351.20518347003207,387500,0.7118431375792715,6.320409600298871,41.66049945220006,-8.407624260627069,42.50041600166575,0,0,0,0,0,0,0,1,1
154,2017,7,11,12,42925.5,51.158613763477874,-7.605779574381843,337,191,1002.4150883558046,1006.4150883558046,4.0,11.144472492870982,7.689004184556033,301.5248932364378,285625,-0.3310819993892801,-2.944982812280797,72.22766800414013,-4.7859494738792465,72.38605761942567,0,0,0,0,0,0,0,1,1
154,2017,7,11,15,42925.625,51.48350987918956,-6.640363352008968,340,192,1002.8840528476977,1006.8840528476977,4.0,10.77733715215046,7.954367121260511,273.5010479928565,235000,0.4689644918931299,4.152557576371831,22.28341883521209,12.042266584554516,25.329171709295256,0,0,0,0,0,0,0,1,1
154,2017,7,11,18,42925.75,51.32288692398721,-5.592735397002434,343,191,1003.4608994912408,1007.4608994912408,4.0,10.461718042188705,5.810570924535568,305.13217088461647,292500,0.5768466435429582,5.119268162677103,24.266049658063494,-5.953485907052506,24.985699118757438,0,0,0,0,0,0,0,1,1
154,2017,7,11,21,42925.875,51.40453761500156,-4.2426573172886926,347,191,1004.6932050382024,1008.6932050382024,4.0,10.196212427001798,5.0396816478832624,334.96900584947593,352500,1.2323055469617248,10.923736317417003,31.21577778048065,3.0263808659389526,31.36213901483875,0,0,0,0,0,1,1,1,1
154,2017,7,12,0,42926.0,51.51315938358578,-0.5100379769666825,358,191,1004.7371647464621,1006.7371647464621,2.0,9.598500082638342,7.960413789789672,169.8435557664936,90625,0.04395970825964469,0.3890914852760982,86.09035440006133,4.026063196575011,86.18444352428676,0,0,0,0,0,1,1,1,1
154,2017,7,12,3,42926.125,51.73827180139985,1.538919424386455,364,192,1003.888463371637,1005.888463371637,2.0,9.919042989171597,9.256204556035227,122.96226898414837,47500,-0.8487013748250319,-7.488600459079386,47.02747721924987,8.343786261871388,47.761934454027916,0,0,0,0,0,1,1,1,1
154,2017,7,12,6,42926.25,51.688623715098004,3.2461336869927977,369,192,1003.9433843084922,1005.9433843084922,2.0,10.139375888923968,11.186429481339728,102.68405416537693,33125,0.05492093685519649,0.48493189822869687,39.22725335805864,-1.8402051047918218,39.27039292959805,0,0,0,0,0,1,1,1,1
154,2017,7,12,9,42926.375,51.58241595284709,5.286940850235303,375,192,1005.2986297150097,1007.2986297150097,2.0,8.950102062026126,7.122590275182375,222.56903656473068,155625,1.355245406517497,11.98389554892751,47.00181642627595,-3.936588110857775,47.16638075286136,0,0,0,0,0,1,1,1,1
154,2017,7,12,12,42926.5,51.58241595284709,5.286940850235303,375,192,,,,8.950102062026126,,0.0,0,0.0,,0.0,0.0,0.0,0,3,0,0,0,1,1,0,0
157,2017,7,8,15,42922.625,45.73950201245379,62.969139740157026,531,272,998.105016606722,1000.105016606722,2.0,7.705017815603448,5.518942628848963,183.3616146530208,105625,,,,,,3,0,0,0,0,6,6,1,1
157,2017,7,8,18,42922.75,46.71263468637925,62.687359489757554,527,273,998.1646334863716,1002.1646334863716,4.0,9.056832465305899,11.074903007426764,542.2534069623507,923750,0.059616879649693144,0.5674189512188217,-7.161128871710378,36.069138764188374,36.77314968706815,0,0,0,0,0,7,7,1,1
157,2017,7,8,21,42922.875,47.25432542958216,64.0539667725439,527,278,997.6763922853407,1003.6763922853407,6.0,9.288719889406066,10.20408049097794,678.7883029715797,1447500,-0.48824120103090535,-4.606148104751415,34.38022674567476,20.077754151494727,39.813517840701714,0,0,0,0,0,7,7,1,1
157,2017,7,9,0,42923.0,47.76881358993852,65.45304168198676,527,283,997.7556303450573,1001.7556303450573,4.0,10.050636294387095,11.118165778913317,277.83114908082075,242500,0.07923805971659022,0.7414216176303289,34.853627787209525,19.06949108343973,39.729345075280705,0,0,0,0,0,7,7,1,1
157,2017,7,9,3,42923.125,48.91750341567852,66.50780264451886,524,288,998.345659122621,1004.345659122621,6.0,9.51905393702432,10.345614224969687,633.7722679544845,1261875,0.5900287775637116,5.42323367205349,25.69067376445462,42.576160303503215,49.726654267718835,0,0,0,0,0,4,4,1,1
157,2017,7,9,6,42923.25,49.335453876870034,68.70773981470755,525,295,997.5039042318488,1001.5039042318488,4.0,10.511535487249807,5.17861734516664,238.11540999374174,178125,-0.8417548907722812,-7.688278309582132,53.13236557730172,15.491323624416863,55.34464183167556,0,0,0,0,0,4,4,1,1
157,2017,7,9,9,42923.375,50.20543262155637,70.0028262602356,523,300,995.1784731637331,1001.1784731637331,6.0,11.710511360182023,11.44551458828937,357.66015365163463,401875,-2.3254310681155768,-20.968543466182933,30.722885129033084,32.24574089924065,44.53856168302613,0,0,0,0,0,6,6,1,1
157,2017,7,9,12,42923.5,50.59853747756611,71.56505117707799,523,305,993.2260293909557,1003.2260293909557,10.0,13.598577819070972,18.566131015551,547.5473715116874,941875,-1.9524437727774784,-17.505659581729546,36.75378898455292,14.57042187587449,39.53654256965327,0,0,0,0,0,6,6,1,1
157,2017,7,9,15,42923.625,50.50306808231072,73.34840957773491,525,310,994.7822195892405,1002.7822195892405,8.0,11.707197118066249,12.547679575173385,479.7685238181572,723125,1.556190198284894,13.971983668278696,42.04111472432915,-3.5385708007413954,42.18977139753266,0,0,0,0,0,7,7,1,1
157,2017,7,9,18,42923.75,51.05920828226392,74.86283435627512,524,315,995.2540861039689,1003.2540861039689,8.0,11.644175477802623,14.184187354279784,467.3758224316127,686250,0.47186651472831725,4.203142783837686,35.27936694475662,20.613322912628938,40.86003932356281,0,0,0,0,0,6,6,1,1
157,2017,7,9,21,42923.875,51.29757629159038,76.16882287016612,524,319,994.3290917283881,1002.3290917283881,8.0,12.580793529694386,16.52596300191777,428.74696415384574,577500,-0.9249943755807181,-8.21183562267436,30.266965311677144,8.835104437155172,31.530116707581442,0,0,0,0,0,9,9,1,1
157,2017,7,10,0,42924.0,51.28211547859504,77.56286545984172,525,323,994.6848404058848,1002.6848404058848,8.0,12.591956956583962,11.720775639786371,407.33159486258967,521250,0.3557486774965946,3.158918137594079,32.31848496173012,-0.5730546556273514,32.32356511679849,0,0,0,0,0,9,9,1,1
157,2017,7,10,3,42924.125,51.42990682451057,78.55697652374579,525,326,994.6750600248149,1002.6750600248149,8.0,12.526048443945564,9.005281954793753,455.0828163074594,650625,-0.009780381069867871,-0.08666728039929804,22.972695520272538,5.477882622592541,23.61677237672522,0,0,0,0,0,9,9,1,1
157,2017,7,10,6,42924.25,51.45387943901431,80.62140269026669,526,332,994.8858599383425,1000.8858599383425,6.0,11.083668721347056,7.453421312186838,385.7588259404082,467500,0.21079991352758953,1.867346798864191,47.680126449415646,0.8885443704072599,47.68840497783972,0,0,0,0,0,8,8,1,1
157,2017,7,10,9,42924.375,51.63053297697536,82.30394827798344,526,337,994.2040793321039,998.2040793321039,4.0,11.119072677890381,13.769615120645106,203.9098547955877,130625,-0.681780606238608,-6.024703901827726,38.71005100502099,6.547659065027019,39.259901783412005,0,0,0,0,0,7,7,1,1
157,2017,7,10,12,42924.5,52.36998030516149,86.0010261560532,524,348,996.0245816549091,1000.0245816549091,4.0,8.661022753975491,13.304721952081964,217.13970592909533,148125,1.8205023228052597,15.92587144040153,83.65724126898158,27.40759713839043,88.03243946203526,0,0,0,0,0,8,8,1,1
157,2017,7,10,15,42924.625,52.36998030516149,86.0010261560532,524,348,,,,8.661022753975491,,0.0,0,0.0,,0.0,0.0,0.0,0,3,0,0,0,8,8,0,0
164,2017,7,9,3,42923.125,49.210106160143326,-104.46527123872055,187,404,1005.8583361623009,1011.8583361623009,6.0,7.717771144260712,7.131480174798707,456.39240985309783,654375,,,,,,3,0,0,0,0,8,8,1,1
164,2017,7,9,6,42923.25,48.33731471699617,-103.84513083608964,183,403,1005.9187556288847,1011.9187556288847,6.0,7.95145453797273,6.11924566741247,435.4231573518114,595625,0.060419466583698525,0.560319159899239,15.279423136506782,-32.34999349891555,35.77684797133892,0,0,0,0,0,9,9,1,1
164,2017,7,9,9,42923.375,48.087831793568064,-102.4778177082138,181,399,1006.1051492210238,1012.1051492210238,6.0,7.875176125448845,8.042010737090896,471.824095028845,699375,0.18639359213906573,1.735320169658297,33.852937110761644,-9.247078456552885,35.09315903430222,0,0,0,0,0,12,12,1,1
164,2017,7,9,12,42923.5,47.85264661474263,-102.41046309828438,180,399,1006.3186049918163,1010.3186049918163,4.0,7.732153802255045,9.175331433896499,312.85825864361584,307500,0.21345577079249778,1.9946345820275528,1.6752483064823018,-8.717132902460207,8.876647054351443,0,0,0,0,0,13,13,1,1
164,2017,7,9,15,42923.625,47.05636652185046,-101.24987402692555,176,396,1005.5745512815934,1009.5745512815934,4.0,8.460287363169188,5.695329726471246,297.87393436440806,278750,-0.7440537102229428,-7.042055058857272,29.306430418004563,-29.51410217255598,41.59265669439038,0,0,0,0,0,14,14,1,1
164,2017,7,9,18,42923.75,45.868277427389046,-100.9587880685021,171,396,1004.6281838730561,1008.6281838730561,4.0,8.28574284811504,3.242679573829446,323.7951802633666,329375,-0.9463674085371895,-9.13508741371458,7.512552963340839,-44.03649323527908,44.67271189985875,0,0,0,0,0,13,13,1,1
164,2017,7,9,21,42923.875,44.92314811475456,-98.95742072897073,166,390,1003.2387318451567,1007.2387318451567,4.0,9.194588978696942,7.045515771204955,306.7578199542485,295625,-1.3894520278993878,-13.632091194429472,52.52260575692676,-35.03119486267106,63.13326166929748,0,0,0,0,0,15,15,1,1
164,2017,7,10,0,42924.0,44.755549340784455,-98.3362013915401,165,388,1001.4458206172366,1007.4458206172366,6.0,10.029261125244448,13.593309365180978,430.3679414445194,581875,-1.7929112279201218,-17.642301319939765,16.350749030370608,-6.212044459108076,17.491040283988276,0,0,0,0,0,15,15,1,1
164,2017,7,10,3,42924.125,43.43273300489114,-96.96669252233083,159,384,1002.6704955985953,1006.6704955985953,4.0,9.944671758975495,4.39964194211374,310.6246678057967,303125,1.224674981358694,12.341478449075524,36.86117478059368,-49.030155144626974,61.34086989692652,0,0,0,0,0,14,14,1,1
164,2017,7,10,6,42924.25,43.51646267605688,-96.12054854113485,159,381,1003.9931640386425,1007.9931640386425,4.0,8.588962467400163,4.921802687497984,329.8820885393498,341875,1.3226684400471276,13.3084644258929,22.743111095417706,3.1034382144160113,22.95387616611211,0,0,0,0,0,13,13,1,1
164,2017,7,10,9,42924.375,42.87862063699684,-94.91506340236732,156,377,1004.6434785022473,1008.6434785022473,4.0,7.902874192731415,6.027041008503366,376.88962138737196,446250,0.6503144636048819,6.621393858862464,32.7420196525135,-23.641599581365803,40.38520869936437,0,0,0,0,0,11,11,1,1
164,2017,7,10,12,42924.5,42.18298817389337,-94.29260218088932,153,375,1005.2269383869595,1009.2269383869595,4.0,8.101586127062376,8.658900761898476,341.1481381100423,365625,0.5834598847122107,6.019843651521797,17.09604338476788,-25.783600235454873,30.936527609213258,0,0,0,0,0,15,15,1,1
164,2017,7,10,15,42924.625,42.18298817389337,-94.29260218088932,153,375,,,,8.101586127062376,,0.0,0,0.0,,0.0,0.0,0.0,0,3,0,0,0,15,15,0,0
165,2017,7,9,6,42923.25,49.40567848168646,-64.08518826438244,200,282,1000.2513352239108,1000.2513352239108,0.0,8.983008020242062,5.189815055387153,14.104739588693906,625,,,,,,3,0,0,0,0,3,3,1,1
165,2017,7,9,9,42923.375,50.47819441262644,-63.36082754536639,205,282,999.5637663492146,1001.4811706093335,1.9174042601189285,9.719091850908027,5.2932686448971795,333.48090872711424,349375,-0.6875688746962987,-6.175428158831842,17.08550581620981,39.75277675533068,43.26890071119092,0,0,0,0,0,4,5,2,0
165,2017,7,9,12,42923.5,50.78588189365038,-62.015917248342056,208,279,999.8389498859432,1003.8389498859432,4.0,10.313321907260436,5.38207836740934,486.153361082143,742500,0.2751835367285821,2.460706251983966,31.515154714298294,11.40442896063522,33.515160399203424,0,0,0,0,0,4,4,1,2
165,2017,7,9,15,42923.625,52.68630819323124,-61.319650420524624,216,281,998.8802308776538,1004.8802308776538,6.0,10.668782846728334,7.376400925552079,556.7353515553564,973750,-0.9587190082893358,-8.351516264986502,15.643655482203826,70.4392543250947,72.15547454435635,0,0,0,0,0,5,5,1,2
165,2017,7,9,18,42923.75,53.689286128786115,-59.652966468199175,222,279,998.0001989983309,1006.0001989983309,8.0,11.307709461796703,8.204516233370086,624.4434406534699,1225000,-0.8800318793229235,-7.566277982182997,36.58044087018173,37.17535265671163,52.15491826671516,0,0,0,0,0,4,4,1,2
165,2017,7,9,21,42923.875,54.0543293589633,-58.475759155924976,225,277,997.2340600696074,1005.2340600696074,8.0,12.207699071888204,9.835514667016469,567.8800079593866,1013125,-0.7661389287235215,-6.556493051907467,25.61314894238648,13.530318400548417,28.967273167578146,0,0,0,0,0,6,6,1,2
165,2017,7,10,0,42924.0,54.47242987681057,-56.768288932020646,229,274,997.168161704425,1001.168161704425,4.0,12.892679921369442,8.204727105087805,214.37348207692287,144375,-0.06589836518236553,-0.5609941914261334,36.77503342478011,15.49688547069308,39.906848318120446,0,0,0,2,0,6,6,1,1
165,2017,7,10,3,42924.125,55.843648432478254,-56.68026014856632,234,277,996.8687268459721,1004.8687268459721,8.0,12.935000256839603,7.542806992199766,491.44442833544383,758750,-0.299434858452878,-2.506977834696066,1.8319005869453115,50.82418223704197,50.857185921209826,0,0,0,0,0,7,7,1,1
165,2017,7,10,6,42924.25,56.23503299821814,-56.2564350297039,236,277,996.4589345299944,1004.4589345299944,8.0,13.458030495876665,5.933886666059334,460.9466878367608,667500,-0.40979231597768373,-3.4151821553610584,8.730888329437063,14.506659359086218,16.9313784666714,0,0,0,0,0,6,6,1,1
165,2017,7,10,9,42924.375,56.49181111008261,-55.501485008651315,238,276,996.1027345328797,1006.1027345328797,10.0,14.217481167390522,5.94570132064604,570.3270245605245,1021875,-0.3561999971147452,-2.959709118228588,15.447670469161343,9.51747443756601,18.144223394610247,0,0,0,0,0,5,5,1,1
165,2017,7,10,12,42924.5,56.87703199292023,-55.056276316706445,240,276,995.6364413029108,1005.6364413029108,10.0,14.86311743649876,6.140702555629323,523.9678204179331,862500,-0.4662932299688691,-3.857403325162755,9.017107882739527,14.278202603027284,16.88713427855829,0,0,0,0,0,5,5,1,1
165,2017,7,10,15,42924.625,57.12364700461664,-54.27824001566991,242,275,995.7431110411662,1005.7431110411662,10.0,14.466822190649372,5.645471935488095,544.998084900534,933125,0.10666973825544118,0.8799606245035715,15.653929297633935,9.140779378343106,18.127309510759304,0,0,0,0,0,5,5,1,1
165,2017,7,10,18,42924.75,57.50237454312399,-53.81073298598491,244,275,996.2675401576288,1006.2675401576288,10.0,13.748826128385758,5.449809317654144,617.7167441981957,1198750,0.5244291164625611,4.307911341664885,9.309776968637319,14.037526954199796,16.84411203345714,0,0,0,0,0,5,5,1,1
165,2017,7,10,21,42924.875,57.738399014770664,-53.00914029703723,246,274,996.3172089477233,1004.3172089477233,8.0,13.762543438134209,5.200026189784403,389.86275874050864,477500,0.04966879009443801,0.40693877795302563,15.859222913906713,8.748241270357354,18.112058876819262,0,0,0,0,0,7,7,1,1
165,2017,7,11,0,42925.0,58.110280245682,-52.51842687944219,248,274,995.9891959683501,1003.9891959683501,8.0,14.218383488078057,5.435861524111824,396.94255713009204,495000,-0.3280129793731612,-2.6765166378605816,9.608592956180853,13.783768730557972,16.802301598741643,0,0,0,0,0,8,8,1,1
165,2017,7,11,3,42925.125,58.47933708732229,-52.01650174472291,250,274,995.6300219117376,1005.6300219117376,10.0,14.30583841199894,4.585931804186257,549.7230650024941,949375,-0.35917405661253726,-2.9191459478952653,9.72617849721729,13.679082811288499,16.784393188847204,0,0,0,0,0,6,6,1,1
165,2017,7,11,6,42925.25,58.69992589643801,-51.178064902128334,252,273,995.0121788420245,1005.0121788420245,10.0,14.821651514611103,4.539291499909232,549.7230650024941,949375,-0.6178430697131262,-5.009657067760712,16.14483813893205,8.17611881607752,18.09709140792884,0,0,0,0,0,7,7,1,1
165,2017,7,11,9,42925.375,58.88113551884226,-50.916269411263215,253,273,995.0082125097236,1005.0082125097236,10.0,14.661106657371032,5.271835787420641,580.8687281605182,1060000,-0.003966332300769863,-0.03209864908989253,5.014884116831374,6.716530223509411,8.38217399894341,0,0,0,0,0,5,5,1,1
165,2017,7,11,12,42925.5,59.09232180620576,-50.059868846264116,255,272,994.609021936734,998.609021936734,4.0,14.905062967763206,6.453941344220146,186.5881662950577,109375,-0.3991905729896098,-3.2234103239591945,16.30460389066579,7.827614577240526,18.08622840730876,0,0,0,0,0,6,6,1,1
165,2017,7,11,15,42925.625,59.119665697759665,-49.467159061389275,256,271,995.3404492662231,999.3404492662231,4.0,13.684504921243057,7.20978893320047,176.1681409986482,97500,0.7314273294890882,5.904491264030529,11.275363721880215,1.013500671837712,11.320821996326414,0,0,0,0,0,6,6,1,1
165,2017,7,11,18,42925.75,59.14360938839914,-48.87348972434458,257,270,996.531114257538,1000.531114257538,4.0,11.9089755596054,6.922273895700709,176.1681409986482,97500,1.190664991314843,9.60931437340731,11.285724599026546,0.8874723080855603,11.320564774899333,0,0,0,0,0,6,6,1,1
165,2017,7,11,21,42925.875,59.00871541949552,-47.96604088998712,258,268,998.7587940318746,1000.7587940318746,2.0,9.642892894744978,5.870847107928494,126.15662610100802,50000,2.227679774336575,18.00396244054056,17.318564894545414,-4.9998416590104755,18.025845517527255,0,0,0,0,0,7,7,1,1
165,2017,7,12,0,42926.0,58.70668323593461,-46.76239102366051,259,265,1001.1639490289288,1001.1639490289288,0.0,7.51815278354365,5.048126583469057,14.104739588693906,625,2.4051549970541966,19.500320489539646,23.17267968665655,-11.194815498450728,25.735131200457047,0,0,0,0,0,9,9,1,1
165,2017,7,12,3,42926.125,60.580014394303184,-40.003239335428646,276,260,,,,11.12357812114014,,0.0,0,-2.250606431037013,,123.00700724685481,69.434973578587,141.25133410940538,0,3,3,0,0,9,9,0,0
171,2017,7,9,12,42923.5,58.46255473303465,-130.62364961051586,254,450,1008.4260516044488,1010.4260516044488,2.0,7.5967780932353675,6.162782554568767,136.02118266811544,58125,,,,,,3,0,0,0,0,15,15,1,1
171,2017,7,9,15,42923.625,58.98997434734385,-131.44214813388191,257,450,1007.8337724119201,1009.8337724119201,2.0,7.942778987681701,6.842316627103501,161.43612337794121,81875,-0.5922791925288038,-4.787702645971114,-15.62948580106578,19.548795108004466,25.02870784879747,0,0,0,0,0,16,16,1,1
171,2017,7,9,18,42923.75,60.16653685233816,-132.2297842027998,262,448,1007.219770150437,1009.219770150437,2.0,8.075178288616929,5.191598164151801,406.84289451282194,520000,-0.6140022614831104,-4.903809559970992,-14.523221688906961,43.609260478526814,45.96402471182368,0,0,0,0,0,16,16,1,1
171,2017,7,9,21,42923.875,62.00431616097917,-135.0,272,447,1006.0461330753371,1008.0461330753371,2.0,8.587565865817407,8.050729588850444,376.09700300975805,444375,-1.1736370750998322,-9.208780438632395,-48.19390222484181,68.11724513774166,83.44226325317885,0,0,0,0,0,20,20,1,2
171,2017,7,10,0,42924.0,63.43339228796369,-138.10335932174337,281,447,1005.7301372965828,1005.7301372965828,0.0,8.217835513381079,3.334877521325906,14.104739588693906,625,-0.3159957787542953,-2.447726026347997,-51.43892722841078,52.96867170317799,73.83524508260801,0,0,0,2,0,23,23,1,1
171,2017,7,10,3,42924.125,63.889850441160824,-139.2104984033022,284,447,1005.0271739920993,1007.0271739920993,2.0,8.545560593860145,6.139636446669247,290.09166854606434,264375,-0.7029633044835646,-5.423770417922579,-18.059681446794247,16.91861028702178,24.746544566945172,0,0,2,0,0,20,20,1,2
171,2017,7,10,6,42924.25,63.73886484344545,-138.83726211732767,283,447,1005.2336681369164,1005.2336681369164,0.0,8.293169261446812,6.228924075081231,14.104739588693906,625,0.20649414481711573,1.5952882583750556,6.121021489451249,-5.596277487448634,8.293685898974495,0,0,0,2,0,20,20,1,1
171,2017,7,10,9,42924.375,63.889850441160824,-139.2104984033022,284,447,1005.3228620718212,1005.3228620718212,0.0,8.522969709637715,6.213306107606404,14.104739588693906,625,0.08919393490476069,0.6881830424277342,-6.088307683437088,5.596277487448634,8.269571461975733,0,0,0,0,0,18,18,1,1
171,2017,7,10,12,42924.5,65.12822861746868,-140.8935292320651,290,445,1006.3368171789958,1006.3368171789958,0.0,7.5106609296795215,5.124578530837462,14.104739588693906,625,1.0139551071746973,7.743043995265587,-26.236187186339166,45.90045682425845,52.86955130084084,0,0,3,0,0,20,20,1,1
171,2017,7,10,15,42924.625,66.38097904272452,-141.9810574068298,295,442,1006.4847851799392,1006.4847851799392,0.0,8.015964733613618,5.16587374562776,14.104739588693906,625,0.14796800094336504,1.118881326052764,-16.14980946462792,46.43316388008722,49.1615200503282,0,0,0,0,0,20,20,1,1
171,2017,7,10,18,42924.75,66.23921679416237,-141.5525546708293,294,442,1006.3535327724541,1008.3535327724541,2.0,8.343962885372358,5.407312279887119,514.9678863063896,833125,-0.13125240748515352,-0.9935619734863279,6.399324884310981,-5.254414276611671,8.280110407791813,0,0,0,0,0,19,19,1,1
171,2017,7,10,21,42924.875,67.11790805194826,-143.41234529042686,299,441,1005.5255391840594,1005.5255391840594,0.0,10.32391324647922,6.755850640308854,14.104739588693906,625,-0.8279935883946018,-6.226489063499905,-26.802670406142724,32.568669984238994,42.17939550826433,0,0,0,0,0,19,19,1,1
171,2017,7,11,0,42925.0,66.56096514564292,-141.64151913801155,295,441,1005.4484537953208,1005.4484537953208,0.0,10.33746966660681,11.457894049173555,14.104739588693906,625,-0.0770853887386329,-0.5820955261833105,26.10720939513895,-20.643075203943184,33.28247190755646,0,0,0,0,0,21,21,1,1
171,2017,7,11,3,42925.125,67.34429248139152,-142.27500495788925,298,439,1005.8436276968459,1005.8436276968459,0.0,10.367898524936626,9.52023096969926,14.104739588693906,625,0.39517390152512233,2.9667727426964223,-9.044339306652514,29.034008545747405,30.410092497859868,0,0,0,0,0,16,16,1,1
171,2017,7,11,6,42925.25,67.38754713715689,-144.3295396426981,301,441,1006.8026689672624,1006.8026689672624,0.0,10.237592937698826,10.35595890699289,14.104739588693906,625,0.9590412704164919,7.197747649068874,-29.27852244524841,1.603232758288992,29.322384484454293,0,0,0,0,0,18,18,1,1
171,2017,7,11,9,42925.375,67.38754713715689,-144.3295396426981,301,441,,,,10.237592937698826,,0.0,0,0.0,,0.0,0.0,0.0,0,3,0,0,0,18,18,0,0
207,2017,7,11,18,42925.75,60.26013346043362,9.426445080896851,381,230,1000.8644580565557,1002.8644580565557,2.0,7.5458953881601545,4.012435067815532,262.363322298001,216250,,,,,,3,0,0,0,0,2,2,1,1
207,2017,7,11,21,42925.875,61.17479367778832,9.721242625350566,381,234,1000.4972788812208,1002.4972788812208,2.0,8.169734002991243,5.182432804803466,222.56903656473068,155625,-0.36717917533489525,-2.9036724878100335,5.268167859649268,33.90185859115079,34.308739535748416,0,0,0,0,0,3,3,1,1
207,2017,7,12,0,42926.0,60.865215718585674,10.523911642047288,383,233,999.6321098948439,1005.6321098948439,6.0,8.881376607731157,4.740655140097515,839.0838334175985,2211875,-0.865168986376957,-6.862307634592148,14.484607751603916,-11.474499488103532,18.478852784204772,0,0,2,0,0,4,4,1,3
207,2017,7,12,3,42926.125,62.08850387198637,12.402883121765234,386,239,998.996468989468,1004.996468989468,6.0,9.068218492990692,8.842319743651533,808.7810680942587,2055000,-0.6356409053759126,-4.983580726164605,32.59972701970826,45.34114549418269,55.84408363008691,0,0,0,0,0,5,5,1,3
207,2017,7,12,6,42926.25,62.210519864973,13.414102496133284,388,240,998.3914695271937,1004.3914695271937,6.0,9.707867828468112,10.530304196724465,765.6938171454498,1841875,-0.6049994622742816,-4.738010079273627,17.474289134473658,4.522519796537287,18.050040611180236,0,0,0,0,0,6,6,1,3
207,2017,7,12,9,42926.375,62.265116149723184,14.886266849017565,391,241,997.8812831829429,1003.8812831829429,6.0,10.3257625485891,8.11233621729094,680.3983691327828,1454375,-0.5101863442508329,-3.993484299806156,25.393310557158134,2.0236099592871413,25.473814365336118,0,0,0,0,0,3,3,1,3
207,2017,7,12,12,42926.5,64.8607460618083,16.97031901771664,392,253,997.5124185024183,1003.5124185024183,6.0,10.470004805314147,3.5498009224198177,654.7699045877056,1346875,-0.3688646805245662,-2.8229666196150514,32.81386368264557,96.20695922357575,101.64904649247829,0,0,1,0,0,6,6,1,2
207,2017,7,12,15,42926.625,65.08658328814009,18.76328780469274,395,255,997.2776570588712,1004.8043605928294,7.526703533958207,10.88744763687538,3.560379011012992,773.1919263604166,1878125,-0.23476144354703138,-1.7933549213447437,27.993675857166547,8.370651271858208,29.218379330674225,0,0,0,0,0,5,6,2,0
207,2017,7,12,18,42926.75,65.20962451246942,25.04840930523677,406,260,996.002806153862,1004.002806153862,8.0,12.727314197460633,3.308569199931662,682.4420504501893,1463125,-1.2748509050092252,-9.728971025342592,97.63877306559672,4.5605199711853235,97.74522161293962,0,0,1,0,0,7,7,1,1
207,2017,7,12,21,42926.875,66.13720401351252,25.474988178864997,405,264,995.4063036554771,1003.4063036554771,8.0,13.797588650514635,2.4628313581350083,638.930691883487,1282500,-0.5965024983849435,-4.518987931260508,6.396348471256546,34.38071152516118,34.97065339312517,0,0,0,0,0,8,8,1,1
207,2017,7,13,0,42927.0,67.46743187984032,27.71850162818336,406,271,994.0970104099376,1004.0970104099376,10.0,15.360750298207002,5.692725204772796,689.8356904689457,1495000,-1.3092932455394475,-9.82074729467663,31.864263406647048,49.304863338956054,58.70520276194708,0,0,0,0,0,7,7,1,1
207,2017,7,13,3,42927.125,68.48841533709613,27.77251177354905,404,275,993.8245443133984,1003.8245443133984,10.0,15.645652081158277,6.845624673835555,668.6003637520406,1404375,-0.27246609653928316,-2.029036157039394,0.7340697639012054,37.84272687828875,37.84984591782418,0,0,0,0,0,6,6,1,1
207,2017,7,13,6,42927.25,69.4002215698195,28.38557551087361,403,279,994.0560897045632,1004.0560897045632,10.0,15.43680596438497,9.396232317653412,669.9380116989519,1410000,0.23154539116483647,1.7137704750666,7.994849810425398,33.79607572057561,34.728840429852234,0,0,0,0,0,7,7,1,1
207,2017,7,13,9,42927.375,70.1965672580837,29.623748751173814,403,283,995.3211724430641,1003.3211724430641,8.0,14.362963596119618,8.557423545745769,596.9155123189383,1119375,1.2650827385009324,9.315674928311026,15.54797141325104,29.51653346341651,33.36113251621201,0,0,0,0,0,7,7,1,1
207,2017,7,13,12,42927.5,71.87525505034984,31.81703484145915,402,291,996.696069035059,1002.696069035059,6.0,13.028012963956574,4.875903063676232,512.6447110626347,825625,1.3748965919949114,10.022883792262283,25.288134260572765,62.220521973382844,67.16310809530015,0,0,0,0,0,9,9,1,2
207,2017,7,13,15,42927.625,73.57945594107763,32.711676836724656,399,298,997.7355302128992,1001.7355302128992,4.0,12.201037117640833,3.957646927415262,316.3363249281201,314375,1.0394611778401304,7.507822268663234,9.37372775327204,63.16616434402261,63.85789763160494,0,0,0,2,0,9,9,1,1
207,2017,7,13,18,42927.75,74.96129164867784,34.04593735660166,397,304,997.6427695271288,1003.6427695271288,6.0,12.977845556876328,4.27221196602346,438.6097781198323,604375,-0.09276068577033585,-0.665456260092549,12.831722353967834,51.217706713812795,52.800630484791206,0,0,0,0,0,8,8,1,1
207,2017,7,13,21,42927.875,74.96129164867784,34.04593735660166,397,304,,,,12.977845556876328,,0.0,0,0.0,,0.0,0.0,0.0,0,3,0,0,0,8,8,0,0
212,2017,7,12,0,42926.0,76.99084347904011,-82.5685920288275,302,352,999.5995654860485,1003.5995654860485,4.0,10.105881110491255,4.454613206474606,936.452741165481,2755000,,,,,,3,0,0,0,0,13,13,1,4
212,2017,7,12,3,42926.125,74.8839093038013,-81.02737338510362,293,349,999.0800978994512,1003.0800978994512,4.0,9.845579951140584,7.642004049782408,841.4514561637345,2224375,-0.5194675865973113,-3.7279667723607868,14.896450038814965,-78.09346368686414,79.50153013854813,0,0,1,0,0,12,12,1,1
212,2017,7,12,6,42926.25,74.94780598642146,-82.71597634558314,293,351,998.8644273441388,1002.8644273441388,4.0,10.580905717912225,7.662002052691533,805.4534975889908,2038125,-0.2156705553123902,-1.5472977620196537,-16.25349048273928,2.3683289789263147,16.425131202669846,0,0,0,0,0,14,14,1,1
212,2017,7,12,9,42926.375,74.97478911383497,-83.56526084896329,293,352,998.6873025645851,1002.6873025645851,4.0,11.477501649318986,10.266562922331941,666.215691459998,1394375,-0.1771247795537056,-1.270595790551347,-8.160598095527199,1.0001289577956776,8.221655502935137,0,0,0,0,0,11,11,1,1
212,2017,7,12,12,42926.5,74.75024319356007,-83.6598082540901,292,352,999.3567471975884,1001.041517172646,1.6847699750575702,10.855406170035248,7.2605309143928025,260.07854739300495,212500,0.6694446330032952,4.807321766414386,-0.9217514189255438,-8.322789044434273,8.37367560611506,0,0,0,1,0,11,9,2,0
212,2017,7,12,15,42926.625,72.13598645310933,-74.30220748213868,283,338,998.8422191453926,1000.8422191453926,2.0,8.759853109764867,6.935280387361272,241.84590462993484,183750,-0.5145280521958193,-3.7453274045734166,106.2889009565236,-96.8973621614881,143.82777638690055,0,0,1,0,0,10,10,1,1
212,2017,7,12,18,42926.75,72.13884065620758,-77.27564431457763,282,342,998.9903420962844,1000.9903420962844,2.0,9.574603934635164,2.7691833812086406,254.66770370415514,203750,0.1481229508918477,1.078192022148349,-33.799345515392645,0.10579096804621103,33.79951107631312,0,0,0,0,0,10,10,1,1
212,2017,7,12,21,42926.875,71.59311828958768,-76.21840276434638,280,340,999.2176905758404,1001.2176905758404,2.0,9.183672249348675,3.6059700617833013,260.46073503106066,213125,0.22734847955594886,1.6600476758172185,12.373530610613901,-20.227186174864972,23.71167055111149,0,0,0,0,0,10,10,1,1
212,2017,7,13,0,42927.0,71.53774228028087,-75.5406048496815,280,339,998.9835345333046,1000.9835345333046,2.0,8.855928758070082,5.08050776925782,307.7290872499344,297500,-0.2341560425357602,-1.7103058750232134,7.9557690718525995,-2.052510430912923,8.216268045387316,0,0,0,0,0,9,9,1,1
212,2017,7,13,3,42927.125,70.92542273326777,-69.64166199955835,280,330,998.264477524588,998.264477524588,0.0,7.513657458542992,4.56074834283696,14.104739588693906,625,-0.719057008716627,-5.271193174946416,71.42441820629303,-22.695609037717052,74.94356667319983,0,0,0,0,0,9,9,1,1
212,2017,7,13,6,42927.25,70.92542273326777,-69.64166199955835,280,330,,,,7.513657458542992,,0.0,0,0.0,,0.0,0.0,0.0,0,3,0,0,0,9,9,0,0
217,2017,7,11,18,42925.75,60.933752245825836,-40.57708857144965,276,262,999.572787803633,999.572787803633,0.0,10.544704157800725,6.443632959806855,14.104739588693906,625,,,,,,3,0,0,0,0,5,5,1,1
217,2017,7,11,21,42925.875,60.606813130202724,-40.625237719044556,275,261,999.0803463891351,1001.0803463891351,2.0,11.467589830174692,7.737166813807271,153.21669003752353,73750,-0.49244141449788004,-3.915807574864812,-0.8759049899861496,-12.11799032631628,12.149604894817674,0,0,0,0,0,6,6,1,1
217,2017,7,12,0,42926.0,60.606813130202724,-40.625237719044556,275,261,999.2429752277267,1001.2429752277267,2.0,11.187476778233657,7.993851294069463,178.4124116152771,100000,0.16262883859162686,1.2931959402681406,0.0,0.0,0.0,0,0,0,0,0,8,8,1,1
217,2017,7,12,3,42926.125,60.580014394303184,-40.003239335428646,276,260,998.9133425978918,1002.9133425978918,4.0,11.12357812114014,5.851425024815034,348.93198687609583,382500,-0.3296326298349595,-2.6218718244500963,11.324432504715924,-0.9932944908386688,11.367911219718293,0,0,3,1,0,9,9,1,2
217,2017,7,12,6,42926.25,60.22301626246094,-39.44276779044919,276,258,999.3580819499672,1003.0337895644542,3.675707614487037,10.440962038129426,5.4876387968189375,397.69363170356525,496875,0.44473935207541215,3.549964037334189,10.316796156617457,-13.23212702748121,16.778720708343513,0,0,0,0,0,9,11,2,0
217,2017,7,12,9,42926.375,63.70915977565251,-33.0754760623881,296,262,999.2688895498405,1003.2688895498405,4.0,10.419942288483728,3.8853129775101114,409.7663541116445,527500,0.23509998538633226,1.8167501011970664,26.589712303825177,19.049317548734624,32.70916231689098,0,0,0,0,2,8,8,1,1
217,2017,7,12,12,42926.5,64.20031358915648,-31.393896945750694,300,262,999.3826410385628,1003.3826410385628,4.0,10.449546633610165,3.1409085731582307,415.79088125351103,543125,0.11375148872233694,0.8753470120844136,27.125852236374165,18.20460408792302,32.66832517206275,0,0,0,0,0,7,7,1,1
217,2017,7,12,15,42926.625,64.31940302180618,-30.96375653207352,301,262,999.4480751451648,1001.4480751451648,2.0,10.143879819946832,2.9159085764869817,262.74218649868465,216875,0.06543410660189693,0.5030279662301212,6.909010623982064,4.414046909208471,8.198672936456843,0,0,0,0,0,8,8,1,1
217,2017,7,12,18,42926.75,64.90617545968118,-27.60248711439495,308,261,999.5157028607119,1001.5157028607119,2.0,11.355429881199697,1.9448384502394038,247.13500240053986,191875,0.06762771554713254,0.5173708566094884,52.830666961033906,21.74870606218657,57.132176458866596,0,0,0,0,0,8,8,1,1
217,2017,7,12,21,42926.875,65.21798689984605,-26.21497948740458,311,261,999.8496681900141,1003.8496681900141,4.0,11.255122755815787,2.2041181218103882,400.4355193599646,503750,0.3339653293021547,2.5484705914117716,21.556463813608065,11.55728340535601,24.459189108781004,0,0,0,0,0,7,7,1,1
217,2017,7,13,0,42927.0,65.21798689984605,-26.21497948740458,311,261,1000.2065077607433,1002.2065077607433,2.0,10.520052461918036,2.4150385146052575,257.00058634784585,207500,0.35683957072920747,2.723022637576286,0.0,0.0,0.0,0,0,0,0,0,6,6,1,1
217,2017,7,13,3,42927.125,66.56977816923373,-21.750206837325376,321,263,1000.5630274788524,1002.5630274788524,2.0,9.623483782329327,3.842522422444672,271.67647093347347,231875,0.3565197181091935,2.6920107725657867,65.78877354947431,50.10411034610589,82.69573506970457,0,0,0,0,0,5,5,1,1
217,2017,7,13,6,42927.25,66.65365779588213,-21.23617798067192,322,263,1000.8522413517385,1002.8522413517385,2.0,9.2778502517567,4.122574017035077,274.9519921161698,237500,0.28921387288603,2.182415215066208,7.5502471691882445,3.108996310713717,8.16529793552364,0,0,0,0,0,6,6,1,1
217,2017,7,13,9,42927.375,66.81559520411683,-20.197339846582523,324,263,1002.2998111833944,1004.2998111833944,2.0,8.102732610929934,3.183724199307835,342.02175833204393,367500,1.4475698316558556,10.910132681946752,15.158731240513802,6.002206076555988,16.30379129551083,0,0,0,0,0,6,6,1,1
217,2017,7,13,12,42927.5,65.43212449026029,-16.270731215544814,329,255,1002.2532801644958,1004.2532801644958,2.0,9.245124349408139,5.009695734333581,258.1591222864905,209375,-0.046531018898531326,-0.35446642582456045,60.50136300812741,-51.27830818072436,79.3087625405828,0,0,0,0,0,6,6,1,1
217,2017,7,13,15,42927.625,65.27450198984732,-15.622100262710898,330,254,1002.2216728732689,1004.2216728732689,2.0,9.229757726550167,11.227577064066645,149.27053303604617,70000,-0.031607291226973755,-0.24108378599061606,10.055822117903054,-5.842274123650601,11.62977753023615,0,0,0,0,0,6,6,1,1
217,2017,7,13,18,42927.75,65.27450198984732,-15.622100262710898,330,254,,,,9.229757726550167,,0.0,0,0.0,,0.0,0.0,0.0,0,3,0,0,0,6,6,0,0
220,2017,7,9,21,42923.875,52.81696509392066,-116.01490284956814,213,431,,,,7.598854494732651,,0.0,0,,,,,,0,0,0,0,0,18,18,0,0
220,2017,7,10,0,42924.0,50.42572579621508,-113.67676876990156,201,429,1004.124868159817,1006.124868159817,2.0,8.573762049743936,12.06535281100958,176.1681409986482,97500,,,55.208736611618434,-88.63122609931905,104.41982014023809,3,0,0,3,0,17,17,1,1
220,2017,7,10,3,42924.125,50.08195870711038,-113.11236668180376,199,428,1003.4795282509003,1007.4795282509003,4.0,8.804717480401855,6.734407573592034,311.90296402073676,305625,-0.6453399089166487,-5.8295449187814565,13.423858218038333,-12.741718751937007,18.50814324051601,0,0,0,0,0,15,15,1,1
220,2017,7,10,6,42924.25,50.400892302369684,-111.15628320088379,198,422,1003.5448384913378,1007.5448384913378,4.0,8.669800692916091,5.489314626899286,296.19953136257203,275625,0.0653102404375386,0.5872407690980864,46.21243037368697,11.821265909781012,47.70043027848508,0,0,0,0,0,14,14,1,1
220,2017,7,10,9,42924.375,50.34713049132379,-110.4206858843038,197,420,1002.9384952315519,1008.9384952315519,6.0,9.283469922584588,8.960430456510075,396.44105022467926,493750,-0.6063432597859355,-5.456207791409952,17.398605940923453,-1.9926802118424385,17.512346019714357,0,0,0,0,0,12,12,1,1
220,2017,7,10,12,42924.5,50.67061218138911,-109.17217000465772,197,416,1003.5088844317215,1009.5088844317215,6.0,8.794897691636665,7.519827100895565,422.43636200235846,560625,0.570389200169593,5.108848676091856,29.328483229815507,11.989840932557152,31.684636878929076,0,0,0,0,0,16,16,1,1
220,2017,7,10,15,42924.625,50.90003956494406,-108.22313544584476,197,413,1003.7423024456783,1009.7423024456783,6.0,7.886055887906925,6.104109569559223,451.79222493902637,641250,0.23341801395683434,2.0838528676180297,22.184444489540716,8.5037203615488,23.758426658702238,0,0,0,0,0,16,16,1,1
220,2017,7,10,18,42924.75,50.66229028623494,-107.06600875648974,195,410,1002.6962308530558,1008.6962308530558,6.0,8.072393040150361,3.7610260868031764,445.5847747703454,623750,-1.0460715926226112,-9.370544874036534,27.18655290921604,-8.812171201952511,28.579066121518462,0,0,0,0,0,15,15,1,1
220,2017,7,10,21,42924.875,50.70252630876786,-105.69359825122315,194,406,1000.7502799368257,1006.7502799368257,6.0,9.230167712742354,4.549904919218898,416.7467236212311,545625,-1.9459509162300674,-17.42149959672078,32.21685045752885,1.4913471913390048,32.251349891871065,0,0,0,0,0,15,15,1,1
220,2017,7,11,0,42925.0,51.22593768753486,-105.55121828672658,196,405,999.4593235639242,1009.2103745347217,9.75105097079766,10.659236904896938,14.840746038773139,852.4912075167503,2283125,-1.2909563729015645,-11.472243350455116,3.304919782965279,19.40022995564121,19.679720961019587,0,0,0,1,0,16,15,2,0
220,2017,7,11,3,42925.125,50.99631400947459,-105.46121774044191,195,405,999.2158807366064,1009.2158807366064,10.0,11.599879115541054,11.872147420424298,776.9138444357991,1896250,-0.24344282731763087,-2.170389270269293,2.099496429007395,-8.510996012588384,8.766124479022082,0,0,1,0,0,13,13,1,1
220,2017,7,11,6,42925.25,51.12078674485024,-104.81211892641385,195,403,1000.2431078231268,1008.2431078231268,8.0,11.657560377954601,11.403694197593577,593.0703366659715,1105000,1.0272270865202882,9.142073045508504,15.101214688831055,4.613578893114355,15.790243673900575,0,0,0,0,0,14,14,1,1
220,2017,7,11,9,42925.375,49.7909815544187,-100.9902048803448,187,393,1000.7420070741807,1008.7420070741807,8.0,11.429334298129914,8.096732814852949,664.7209269752792,1388125,0.4988992510539538,4.525992724432024,91.4421271625666,-49.28919686719632,103.88015954853091,0,0,0,0,0,12,12,1,1
220,2017,7,11,12,42925.5,49.7909815544187,-100.9902048803448,187,393,1001.6889415772578,1007.6889415772578,6.0,11.564492053914904,4.1489202910399765,518.4331298696469,844375,0.9469345030770637,8.590549419319437,0.0,0.0,0.0,0,0,0,0,0,15,15,1,1
220,2017,7,11,15,42925.625,49.727008080299086,-99.64965010503741,186,389,1001.0170885920859,1009.0170885920859,8.0,12.4593859879995,7.975635264795346,652.791973088326,1338750,-0.6718529851718631,-6.100783693716902,32.11915814312123,-2.3711752539761872,32.20656442261267,0,0,0,0,0,15,15,1,1
220,2017,7,11,18,42925.75,48.22628509356226,-99.95334302889269,180,391,1001.7147414106001,1007.7147414106001,6.0,11.190296827930979,4.2401699076842485,590.2121497329464,1094375,0.6976528185141797,6.481092934935399,-7.498881331823528,-55.62426080800143,56.127458624681516,0,0,0,0,0,13,13,1,1
220,2017,7,11,21,42925.875,47.42960389676168,-98.52313126229005,176,387,1001.8863863313178,1005.8863863313178,4.0,10.659583420978311,8.214885737982478,533.0024140836824,892500,0.1716449207176629,1.6147684014956551,35.861041013920484,-29.528969079113057,46.45400173803439,0,0,0,0,0,13,13,1,1
220,2017,7,12,0,42926.0,48.517585508036845,-97.45869817130601,180,383,1001.36830162039,1007.2559867990992,5.887685178709217,11.741702761416139,10.173427823949023,657.0447345019714,1356250,-0.5180847109277965,-4.791233742744683,26.13319094516797,40.326011818790214,48.05341713328842,0,0,0,1,0,14,15,2,0
220,2017,7,12,3,42926.125,46.332802755734775,-97.40541759894154,171,384,1002.601946111806,1008.601946111806,6.0,11.464254189443974,5.3297120973365235,632.200799461312,1255625,1.233644491416053,11.815568181522728,1.3635667134137606,-80.97891929217528,80.9903987143573,0,0,0,0,0,13,13,1,2
220,2017,7,12,6,42926.25,41.63257743200309,-97.54942176826327,152,387,1004.2739200801728,1010.2497959788357,5.97587589866278,9.50347723015694,5.877879986006665,639.241985783507,1283750,1.1858046809794904,12.366192304311953,53.59778714047276,56.23640613773142,77.68691113465191,0,0,0,0,2,16,15,2,0
220,2017,7,12,9,42926.375,41.45601293181685,-98.901716032892,152,392,1005.4099123827514,1012.624274880535,7.214362497783732,8.140867486685375,4.039135291022976,809.6415391145295,2059375,1.1359923025785248,11.887994231749174,-37.564827753414626,-6.544358882080913,38.130629647583596,0,0,0,0,0,13,12,2,0
220,2017,7,12,12,42926.5,48.202523994700265,-95.50736202975291,178,377,1007.2053119672595,1012.9924143800797,5.787102412820241,9.688999791862454,7.385058407199467,711.1362961307047,1588750,2.581037086724391,23.986345928196258,8.513520037271501,-7.990072429279006,11.675670466836063,0,0,0,0,2,14,13,2,0
220,2017,7,12,15,42926.625,45.92012309942912,-93.13840150849195,168,370,1008.06872962669,1014.06872962669,6.0,10.003633621000771,2.859441937223528,758.6462040741169,1808125,0.8634176594305609,8.327084168986085,61.080550666931764,-84.59713337438302,104.3432251990457,0,0,1,0,0,12,12,1,1
220,2017,7,12,18,42926.75,45.94416536033716,-92.54148653978477,168,368,1008.2775348225384,1012.2775348225384,4.0,9.210065645488887,5.0079628103477445,581.7243314054713,1063125,0.2088051958483993,2.0129682586778204,15.384531516037356,0.8911258126793593,15.410318464651214,0,0,0,0,0,11,11,1,1
220,2017,7,12,21,42926.875,44.5229478769755,-88.98473802832886,162,356,1008.4566734484653,1010.4566734484653,2.0,8.953521596542801,2.953044561478964,280.32615495458737,246875,0.179138625926862,1.7699912660020514,93.9839376307465,-52.67739126945445,107.73990942791461,0,0,0,0,0,11,11,1,1
220,2017,7,13,0,42927.0,44.5229478769755,-88.98473802832886,162,356,1008.7905626191663,1010.7905626191663,2.0,8.670735238330549,6.549501768372138,218.05398241881235,149375,0.3338891707010043,3.2990144526101757,0.0,0.0,0.0,0,0,0,0,0,10,10,1,1
220,2017,7,13,3,42927.125,44.76670765547106,-88.97957239045884,163,356,1009.7631721015521,1011.7631721015521,2.0,8.666575650883345,5.18005976212291,225.6758334191025,160000,0.972609482385742,9.568627782882883,0.13593579204149658,9.034950229569011,9.035972786056135,0,0,0,0,0,10,10,1,1
220,2017,7,13,6,42927.25,44.72952153428249,-87.52310073934837,163,351,1010.1568672032973,1014.1568672032973,4.0,8.794993356960116,4.237273434287999,476.64838325927485,713750,0.393695101745252,3.875747969893281,38.351778423667824,-1.3783026725859933,38.37653744822963,0,0,0,0,0,10,10,1,1
220,2017,7,13,9,42927.375,44.90450224343622,-86.04978473740096,164,346,1010.0890795259286,1014.0890795259286,4.0,9.178241447614843,5.884470902018729,378.99516638136106,451250,-0.06778767736876035,-0.6652906786264943,38.67776036940796,6.485655706187239,39.21776226574566,0,0,0,0,0,12,12,1,1
220,2017,7,13,12,42927.5,44.90450224343622,-86.04978473740096,164,346,1011.7883812636627,1015.7883812636627,4.0,8.513658886405661,5.433951038787054,450.69002221153227,638125,1.699301737734204,16.67750910151952,0.0,0.0,0.0,0,0,0,0,0,12,12,1,1
220,2017,7,13,15,42927.625,43.94785033391868,-83.24829868156307,161,336,1012.4478254106548,1016.4478254106548,4.0,8.30283918360796,4.08118379270396,559.586767653868,983750,0.6594441469920276,6.583200294791732,74.756130083094,-35.45827963439337,82.73915989198409,0,0,0,0,0,11,11,1,1
220,2017,7,13,18,42927.75,43.94785033391868,-83.24829868156307,161,336,,,,8.30283918360796,,0.0,0,0.0,,0.0,0.0,0.0,0,3,0,0,0,11,11,0,0
228,2017,7,12,18,42926.75,53.6566602447126,14.341237132077982,399,205,1004.2607787538458,1004.2607787538458,0.0,7.789263798524128,5.198224494449096,14.104739588693906,625,,,,,,3,0,0,0,0,4,4,1,1
228,2017,7,12,21,42926.875,54.871906224652655,18.31753960301296,408,213,1003.3525344195622,1003.3525344195622,0.0,7.932917902054364,7.269224389252049,14.104739588693906,625,-0.9082443342836632,-7.693788988739803,84.79289614672533,45.04306253150962,96.0141277061185,0,0,0,0,0,4,4,1,1
228,2017,7,13,0,42927.0,55.50417116094631,21.064639706876083,414,218,1002.9829128759953,1002.9829128759953,0.0,7.855965933588227,3.7922602560200898,14.104739588693906,625,-0.36962154356675453,-3.1071516618905792,57.66230056410554,23.4348844036998,62.24254745236588,0,0,0,0,0,3,3,1,1
228,2017,7,13,3,42927.125,55.41898113776191,21.416410042904204,415,218,1002.3947300817251,1002.3947300817251,0.0,8.870298437384651,3.6749129235796865,14.104739588693906,625,-0.5881827942702512,-4.949506822101954,7.400186816308,-3.1575661262792285,8.045681373139551,0,0,0,0,0,3,3,1,1
228,2017,7,13,6,42927.25,56.45366137176004,23.351514828932032,418,224,1002.268234221816,1004.268234221816,2.0,8.579784791546368,4.915506005818534,253.1005029518667,201250,-0.1264958599091915,-1.0515332890032691,39.63451650208084,38.35039757333246,55.15113681862218,0,0,0,0,0,3,3,1,1
228,2017,7,13,9,42927.375,57.33122392722643,24.872511306992024,420,229,1002.4480566381702,1004.4480566381702,2.0,7.9558979684015485,5.87775601355781,296.87042583783426,276875,0.17982241635429091,1.4799700018574513,30.429933709629196,32.526834660365516,44.54184368203883,0,0,0,0,0,4,4,1,2
228,2017,7,13,12,42927.5,57.65955493431074,26.475104972296982,423,232,1002.3000736232018,1004.3000736232018,2.0,8.097945220530127,4.427169600888664,336.4505212867273,355625,-0.14798301496848582,-1.2134871631312685,31.775275248377522,12.169580749291402,34.02597261980438,0,0,0,0,0,4,4,1,2
228,2017,7,13,15,42927.625,56.708716324293476,27.876938959582098,428,230,1002.0946071385179,1003.8214346383231,1.726827499805222,8.346281580640293,6.341294850000631,333.48090872711424,349375,-0.20546648468385684,-1.7029897174508877,28.519541051800175,-35.24280983056146,45.336738596401425,0,0,0,0,0,4,2,2,0
228,2017,7,13,18,42927.75,53.72045239624984,29.54400092968786,438,221,1002.2954103911709,1002.2954103911709,0.0,8.43335187720168,1.4452215798787802,14.104739588693906,625,0.200803252652986,1.7257629051570011,36.561647681035744,-110.7599294244642,116.63839868270003,0,0,1,0,0,2,2,1,1
228,2017,7,13,21,42927.875,54.01244974780953,30.217273957384325,439,223,1002.1553885235174,1002.1553885235174,0.0,9.098686154219317,2.150038458572599,14.104739588693906,625,-0.1400218676534132,-1.1989202453678787,14.663649399780684,10.822874695694766,18.22518121716211,0,0,0,0,0,3,3,1,1
228,2017,7,14,0,42928.0,54.742371114794665,30.456166006544297,438,226,1002.1332991863584,1002.1332991863584,0.0,9.477105848731682,2.668073348170074,14.104739588693906,625,-0.022089337159122806,-0.1874186047659094,5.111308506998515,27.05451761940285,27.533114576311462,0,0,0,0,0,3,3,1,1
228,2017,7,14,3,42928.125,54.70283055953441,31.280654735978374,440,227,,,,9.416376038741825,,0.0,0,0.11844578894917504,,17.65779575414725,-1.4655697138830446,17.71851137882164,0,2,2,0,0,1,3,0,0
243,2017,7,13,15,42927.625,65.36685974411105,20.095231191904816,397,257,999.8966818772222,1001.8966818772222,2.0,9.066843896332097,7.480988633673405,147.93175681757992,68750,0.6245906463092251,4.760521332640548,5.478517916073831,16.00223879532409,16.914071213617298,2,0,0,2,0,7,7,1,1
243,2017,7,13,18,42927.75,65.30385359364607,18.93172058984669,395,256,1000.7380354255854,1002.7380354255854,2.0,8.748463471123097,7.297169074087432,145.90056078898738,66875,0.841353548363113,6.415889489234038,-18.017832407120505,-2.335321426369849,18.168544543125737,0,0,0,0,0,5,5,1,1
243,2017,7,13,21,42927.875,65.08658328814009,18.76328780469274,395,255,1001.441940914875,1003.441940914875,2.0,8.877027685289999,7.258550570403313,166.88952945311365,87500,0.7039054892896093,5.377170775175459,-2.629833649819774,-8.053118560925808,8.471643499466449,0,0,0,0,0,8,8,1,1
243,2017,7,14,0,42928.0,64.94133248816124,18.108480677930554,394,254,1001.5094817172087,1003.5094817172087,2.0,9.260132205539682,9.162017580994943,223.4611004069437,156875,0.06754080233367858,0.5165576090110184,-10.279590341830517,-5.383717349571078,11.604067825376058,0,0,2,0,0,7,7,1,2
243,2017,7,14,3,42928.125,63.834130456631364,20.469189632482173,400,251,1001.6460580577993,1007.6460580577993,6.0,9.720373160495381,6.1575689520804735,824.6147551190937,2136250,0.13657634059069096,1.0542688383405547,38.58262138659078,-41.03841622555671,56.327349301765025,0,0,2,0,0,3,3,1,3
243,2017,7,14,6,42928.25,65.72251367035203,25.016893478100027,405,262,1001.1813719260828,1005.1813719260828,4.0,10.23165328320447,4.931290946562731,370.76958086610153,431875,-0.46468613171658946,-3.5317726016644393,69.28959047884126,69.9928776421615,98.48883322162021,0,0,1,2,0,4,4,1,1
243,2017,7,14,9,42928.375,66.72673113499008,23.708844780273775,401,265,1000.1025581292009,1004.1025581292009,4.0,11.551537684585277,9.661757349059771,285.9472888723746,256875,-1.0788137968818774,-8.136283973985925,-19.15602280252137,37.221295771871176,41.86141503279403,0,0,0,0,0,6,6,1,1
243,2017,7,14,12,42928.5,67.58891190159147,21.533924130326284,396,267,999.3388643344786,1007.3388643344786,8.0,12.079437835278476,16.461442592572567,600.5704702880486,1133125,-0.7636937947223487,-5.723293155073701,-30.73221721426076,31.956709032197445,44.33622026146382,0,0,0,0,0,6,6,1,1
243,2017,7,14,15,42928.625,68.04601593659757,20.108699875134178,393,268,1000.7724322960655,1008.7724322960655,8.0,10.664426844474006,10.109124492405607,837.303722862737,2202500,1.4335679615869594,10.708589860298998,-19.749150125246935,16.942549880478246,26.020740326171246,0,0,0,0,0,4,4,1,1
243,2017,7,14,18,42928.75,69.41765378949135,16.84931141182509,386,272,1000.9636769257818,1008.9636769257818,8.0,9.48823095597095,4.927309590685618,759.5634724683123,1812500,0.1912446297162387,1.4153248171875412,-42.465827526164674,50.839723478474575,66.24216173140582,0,0,0,0,0,3,3,1,1
243,2017,7,14,21,42928.875,68.832634973596,13.223067652701339,381,268,1000.5496737250714,1008.5496737250714,8.0,10.093085915788112,9.93240496091661,425.95379458899146,570000,-0.41400320071028546,-3.075825399857511,-48.52631472435031,-21.68370810639043,53.150601294527604,0,0,0,0,0,3,3,1,1
243,2017,7,15,0,42929.0,68.61057528078294,13.085059936232183,381,267,1000.7281702193654,1008.7281702193654,8.0,9.911663275628303,10.2570500043215,413.3916062826175,536875,0.1784964942939405,1.3281379513620533,-1.865557463289426,-8.230637084353882,8.43941298095882,0,0,0,0,0,5,5,1,1
243,2017,7,15,3,42929.125,68.88363356714434,12.628221917390432,380,268,1001.1146128863298,1009.1146128863298,8.0,9.24230099511725,10.10542619590502,402.4178855319474,508750,0.3864426669644308,2.8700771044163167,-6.1002125432872365,10.120898707215199,11.81715632946392,0,0,0,0,0,4,4,1,1
243,2017,7,15,6,42929.25,68.832634973596,13.223067652701339,381,268,1001.0983805016099,1007.0983805016099,6.0,9.12475941546798,14.039577768696255,302.18396482767736,286875,-0.01623238471991499,-0.12059805609259647,7.961337046362471,-1.890261622861316,8.182663170914822,0,0,0,0,0,4,4,1,1
243,2017,7,15,9,42929.375,69.2761122640881,13.507838875272997,381,270,1002.0401605874737,1008.0401605874737,6.0,8.054326822878757,10.658080622299895,348.3613699989857,381250,0.9417800858637202,6.97622976507287,3.735053380275284,16.43747492826559,16.85648853619477,0,0,0,0,0,2,2,1,1
243,2017,7,15,12,42929.5,69.2761122640881,13.507838875272997,381,270,,,,8.054326822878757,,0.0,0,0.0,,0.0,0.0,0.0,0,3,0,0,0,2,2,0,0
248,2017,7,13,12,42927.5,11.970623698528122,-114.76890802458227,68,494,1004.8181617159739,1010.8181617159739,6.0,7.711762464241571,13.740853598178074,417.4621691670102,547500,,,,,,3,0,0,0,0,22,22,1,1
248,2017,7,13,15,42927.625,11.601472401389472,-115.25316339457389,68,497,1006.2414695454545,1012.2414695454545,6.0,7.673048927947522,16.472547858503823,360.98214589711955,409375,1.4233078294804726,49.03438173731925,-17.58221650009588,-13.68258380202535,22.278856266776582,0,0,0,0,0,20,20,1,1
248,2017,7,13,18,42927.75,11.614131389788183,-115.65062297514315,69,499,1006.6630442462136,1012.6630442462136,6.0,7.696457313651122,18.771505628497472,292.8220032558322,269375,0.42157470075922904,14.508057890191033,-14.430203474222493,0.46920509546302847,14.43782967516487,0,0,0,0,0,18,18,1,1
248,2017,7,13,21,42927.875,11.622269606620739,-116.04817058888862,70,501,1005.7822963328986,1011.7822963328986,6.0,7.761206548612698,15.93793541233994,282.79914940409105,251250,-0.8807479133151355,-30.2890974488897,-14.43297811467172,0.30164280790448805,14.436129870645848,0,0,0,0,0,22,22,1,1
248,2017,7,14,0,42928.0,11.234602336145928,-116.5254549293989,70,504,1003.5942910425033,1009.5942910425033,6.0,8.662645335133234,23.985196623986923,199.47114020071635,125000,-2.188005290395231,-77.80731440517012,-17.35153874904081,-14.368877900980904,22.52866061470948,0,0,0,0,0,23,23,1,1
248,2017,7,14,3,42928.125,11.364670932587472,-116.76330567827718,71,505,1003.4612895674057,1011.4612895674057,8.0,9.864761409137826,27.52242622478137,345.4941494713355,375000,-0.13300147509755333,-4.6762135443195625,-8.643076781800197,4.820989346692746,9.896702205129676,0,0,0,0,0,20,20,1,1
248,2017,7,14,6,42928.25,11.360153696715622,-117.1597956922965,72,507,1004.6927515201818,1012.6927515201818,8.0,10.248033103034734,25.61462780759721,309.6624827338096,301250,1.2314619527760078,43.3140970010612,-14.40797548183304,-0.1674312371354989,14.408948285848997,0,0,0,0,0,16,16,1,1
248,2017,7,14,9,42928.375,11.474009378349708,-117.79574833200236,74,510,1003.9830490503821,1011.9830490503821,8.0,9.812621216273072,22.41590776663601,524.726644596002,865000,-0.7097024697996676,-24.717871193672664,-23.100487518205316,4.220058055789417,23.48278973148192,0,0,0,0,0,16,16,1,1
248,2017,7,14,12,42928.5,11.062168791700975,-118.26484115755947,74,513,1001.3906040793418,1011.3906040793418,10.0,11.515605198349983,31.329738484369372,486.5624089972368,743750,-2.592444971040386,-93.60823172672197,-17.06385598472448,-15.264861273885945,22.89522157085186,0,0,0,0,0,15,15,1,1
248,2017,7,14,15,42928.625,11.15604694967426,-118.89993680361657,76,516,1002.3514563304504,1012.3514563304504,10.0,11.810243507146643,31.01429092976367,505.2175174948184,801875,0.9608522511087358,34.40623567841005,-23.094988929989167,3.479591629788483,23.355643249253838,0,0,0,0,0,15,15,1,1
248,2017,7,14,18,42928.75,10.983658610987604,-119.44914963777921,77,519,1003.3555909531028,1013.3555909531028,10.0,11.527758531038888,29.215586876412853,550.8076890067217,953125,1.0041346226523455,36.513329342287776,-19.98365715240812,-6.389569558213285,20.980303914010353,0,0,0,0,0,16,16,1,1
248,2017,7,14,21,42928.875,10.94847100269721,-119.84342161935632,78,521,1002.854613338274,1010.854613338274,8.0,11.171040388601496,27.090836371755287,230.4733439183804,166875,-0.5009776148287347,-18.274870535826235,-14.34768781591526,-1.30422784088264,14.40684406537034,0,0,0,0,0,15,15,1,1
248,2017,7,15,0,42929.0,11.055851124561471,-120.08468392569971,79,522,1001.968310390347,1009.968310390347,8.0,10.809125322020488,27.543257060357135,262.363322298001,216250,-0.8863029479270336,-32.02076467523499,-8.776417077529098,3.9800415912601346,9.636712498923318,0,0,0,0,0,17,17,1,1
248,2017,7,15,3,42929.125,11.26530779918276,-120.56882899355536,81,524,1002.790423005308,1010.790423005308,8.0,10.90273446858557,26.252982434711665,276.3953195770684,240000,0.8221126149609336,29.156358699728557,-17.599082362561767,7.763506523242513,19.23537713538941,0,0,0,0,0,19,19,1,1
248,2017,7,15,6,42929.25,11.316791774710502,-121.20692018413354,83,527,1003.4334182311196,1011.4334182311196,8.0,11.465522724601234,28.027247482579188,191.3259964331453,115000,0.64299522581161,22.701531613352955,-23.19099108572526,1.9082522940591653,23.269368155495123,0,0,0,0,0,19,19,1,1
248,2017,7,15,9,42929.375,11.510163376054809,-121.69476349390891,85,529,1002.5246618371713,1012.5246618371713,10.0,11.7175675872235,28.474328285740853,738.0432187426504,1711250,-0.9087563939482789,-31.552538947810334,-17.718258985839498,7.167313675540317,19.113008314048034,0,0,0,0,0,17,17,1,1
248,2017,7,15,12,42929.5,11.294209975717646,-122.24016217395302,86,532,999.7654931045796,1009.7654931045796,10.0,13.555441133077709,35.145718041975854,273.1371076480198,234375,-2.7591687325916427,-97.60719906376544,-19.82370771934529,-8.00430750304459,21.378688602094517,0,0,0,0,0,17,17,1,1
248,2017,7,15,15,42929.625,11.55988251744251,-122.975447549533,89,535,1000.4262149657499,1010.4262149657499,10.0,14.112995058736601,34.665302041283574,235.17300594335575,173750,0.6607218611701683,22.84330483769094,-26.70051503954605,9.84714626285654,28.458457317625534,0,0,0,0,0,18,18,1,1
248,2017,7,15,18,42929.75,11.567115107959644,-123.61613752892787,91,538,1000.7564236740312,1012.7564236740312,12.0,14.283134566181623,37.69871240580964,578.1222885281107,1050000,0.33020870828142507,11.409348405717129,-23.264860557956908,0.26807579066766263,23.266404995416053,0,0,0,0,0,15,15,1,1
248,2017,7,15,21,42929.875,11.5625947175588,-124.25684599657905,93,541,1000.4944474910094,1010.4944474910094,10.0,13.805970871966117,35.031770557834676,211.1004122822376,140000,-0.2619761830219068,-9.055273512510977,-23.26590752482088,-0.1675481596755447,23.266510811450164,0,0,0,0,0,15,15,1,1
248,2017,7,16,0,42930.0,11.878290411110438,-124.60494178997486,95,542,997.6715123461923,1009.6715123461923,12.0,15.596440969588283,44.682030296706074,267.99005218518425,225625,-2.82293514481702,-95.01794876634028,-12.625887850311093,11.701253162159134,17.21430711860261,0,0,0,0,0,12,12,1,1
248,2017,7,16,3,42930.125,12.092876845704465,-125.35070890682096,98,545,997.1644554010918,1009.1644554010918,12.0,17.094269232084898,50.06574151726389,191.3259964331453,115000,-0.5070569451004849,-16.768705762021668,-27.028439508637355,7.953640951200051,28.174402329999392,0,0,0,0,0,13,13,1,1
248,2017,7,16,6,42930.25,12.226965144522792,-125.84974322198512,100,547,998.3357235012257,1012.3357235012257,14.0,17.256094037873307,50.98013322161219,435.4231573518114,595625,1.1712681001338934,38.31617944097717,-18.077119210529734,4.969979516999183,18.747878155969936,0,0,0,0,0,11,11,1,1
248,2017,7,16,9,42930.375,12.52527849173182,-126.20557647905308,102,548,997.6442006014929,1011.6442006014929,14.0,17.319346687843662,48.88366850645798,310.30427095126595,302500,-0.6915228997328086,-22.09159380055514,-12.875058511848385,11.05697692000017,16.97126601915532,0,0,0,0,0,15,15,1,1
248,2017,7,16,12,42930.5,12.473571169458916,-126.85195346243037,104,551,994.7636290791459,1008.7636290791459,14.0,18.842682158878446,56.481296967136444,223.0155145190964,156250,-2.880571522347018,-92.39897118138413,-23.392431693717004,-1.9165306357072827,23.470810600037236,0,0,0,0,0,13,13,1,1
248,2017,7,16,15,42930.625,12.586070196153107,-127.35498672832928,106,553,995.5448585247525,1009.5448585247525,14.0,18.752726348352287,53.513073791629715,222.56903656473068,155625,0.7812294456065865,24.83877054744257,-18.196871280824332,4.169773673614921,18.668506552481947,0,0,0,0,0,15,15,1,1
248,2017,7,16,18,42930.75,12.919314628163859,-127.96987030933663,109,555,996.3115559946084,1012.3115559946084,16.0,18.697591708750846,51.936155315879226,762.3086553124547,1825625,0.7666974698558624,23.758237744674695,-22.21371445420739,12.351696724047681,25.416796057251442,0,0,0,0,0,14,14,1,1
248,2017,7,16,21,42930.875,13.01564525225404,-128.47657514353483,111,557,995.3724484466236,1011.3724484466236,16.0,18.89979982752642,51.7898010632769,640.7961869245869,1290000,-0.9391075479847495,-28.889137191200067,-18.298489080367045,3.570492226444086,18.643581130335704,0,0,0,0,0,22,22,1,1
248,2017,7,17,0,42931.0,13.10473810532525,-128.984306860053,113,559,994.6190364197182,1008.6190364197182,14.0,18.162166188311385,52.691194599626115,220.32307560268868,152500,-0.7534120269054256,-23.021872028890247,-18.32895985698428,3.302224420602585,18.62405583010761,0,0,0,0,0,19,19,1,1
248,2017,7,17,3,42931.125,13.146568027729456,-129.23853381969784,114,560,995.1376312611511,1009.1376312611511,14.0,18.207296775092804,45.91508106412483,266.5012070418412,223125,0.5185948414329323,15.797069512050596,-9.175954510678112,1.5504250510944597,9.306017355512253,0,0,0,0,0,20,20,1,1
248,2017,7,17,6,42931.25,13.22479046554915,-129.7476614904832,116,562,996.6772036767175,1010.6772036767175,14.0,17.97001080122466,41.95773954743738,281.03494535262524,248125,1.5395724155663628,46.62487665994249,-18.370347953838206,2.899312745106469,18.597733688248802,0,0,0,0,0,20,20,1,1
248,2017,7,17,9,42931.375,13.701024942779034,-130.2363583092738,119,563,995.7812452501781,1009.7812452501781,14.0,18.12292912464376,43.66523926906419,246.73217409298277,191250,-0.8959584265392914,-26.207461474335897,-17.598109872802382,17.65161925372885,24.925351218665618,0,0,0,0,0,18,18,1,1
248,2017,7,17,12,42931.5,13.733840139511635,-130.49276135400888,120,564,992.1155772696907,1008.1155772696907,16.0,20.238310062523585,51.98417765480692,313.17604263477836,308125,-3.6656679804874877,-106.97227180906701,-9.23185615917762,1.2162944645028226,9.311634677548618,0,0,0,0,0,22,22,1,1
248,2017,7,17,15,42931.625,14.169069020989255,-130.73018266668285,122,564,993.309518059352,1009.309518059352,16.0,20.03866560907664,50.469177759991354,291.80112157797475,267500,1.1939407896612828,33.792504891493515,-8.532297529457184,16.13174784983242,18.249202443442673,0,0,0,0,0,22,22,1,1
248,2017,7,17,18,42931.75,14.413955926039334,-131.10832370591925,124,565,994.7756131824394,1010.7756131824394,16.0,19.61961588304527,49.525667848014706,305.13217088461647,292500,1.4660951230874344,40.804949888961616,-13.574605670997805,9.076727147752209,16.32963241588211,0,0,0,0,0,22,22,1,1
248,2017,7,17,21,42931.875,14.654529246121614,-131.48852568447768,126,566,993.872599705335,1009.872599705335,16.0,20.064390759096227,50.05725123990712,270.9431997691338,230625,-0.9030134771043958,-24.729259146137213,-13.633740488507685,8.91684422639564,16.290763968144006,0,0,0,0,0,19,19,1,1
248,2017,7,18,0,42932.0,14.890779390863948,-131.87077174139176,128,567,991.5568923909112,1007.5568923909112,16.0,20.775108365410535,56.57994144108452,229.60852531905326,165625,-2.31570731442378,-62.43233433768966,-13.692143457450436,8.756605838130083,16.25278247758754,0,0,0,0,0,20,20,1,1
248,2017,7,18,3,42932.125,15.122696534602735,-132.25504410616188,130,568,992.1902898207987,1008.1902898207987,16.0,20.859873943212055,53.90481832321253,233.90064490684722,171875,0.6333974298875547,16.82071980018979,-13.749798282169351,8.596003261883357,16.215678366280475,0,0,0,0,0,17,17,1,1
248,2017,7,18,6,42932.25,15.350270635828403,-132.64132409029807,132,569,994.2378622777193,1010.2378622777193,16.0,20.348972172253845,52.12276594266506,285.2507049171509,255625,2.047572456920461,53.5888443049174,-13.806688576032622,8.435028497329835,16.17944236326815,0,0,0,0,0,19,19,1,1
248,2017,7,18,9,42932.375,15.573491456552714,-133.02959207959864,134,570,994.2706022412546,1010.2706022412546,16.0,19.570160634518476,47.9023456878063,318.2174296644016,318125,0.03273996353527764,0.8448824628514167,-13.862797874583409,8.273674261992648,16.144065494946243,0,0,0,0,0,17,17,1,1
248,2017,7,18,12,42932.5,15.780388276368113,-133.15663418021686,135,570,993.5851690091638,1007.5851690091638,14.0,18.945741255290848,46.60881809204504,239.3653682408596,180000,-0.6854332320907269,-17.462053558817036,-4.531342494726199,7.668625567455239,8.907349936897036,0,0,0,0,0,16,16,1,1
248,2017,7,18,15,42932.625,15.802469377723716,-133.68308759420674,137,572,994.8512362657619,1008.8512362657619,14.0,18.850719106412743,45.706732622896595,250.33429417967045,196875,1.2660672565981803,32.21032588606822,-18.775509370715955,0.8184354818224573,18.793338946758468,0,0,0,0,0,18,18,1,1
248,2017,7,18,18,42932.75,16.00683143780096,-133.81200894743364,138,572,996.5430545040525,1010.5430545040525,14.0,18.360094337800113,43.72883124922119,265.379091712523,221250,1.6918182382905798,42.50653494178393,-4.593199956510518,7.574674759740077,8.858509104602852,0,0,0,0,0,16,16,1,1
248,2017,7,18,21,42932.875,16.21692931314451,-134.20611391052458,140,573,996.1167906845227,1010.1167906845227,14.0,18.50199939770728,46.86508948734139,267.6186174229157,225000,-0.4262638195298496,-10.574681324309505,-14.026274273649205,7.787272612334541,16.043004230456624,0,0,0,0,0,15,15,1,1
248,2017,7,19,0,42933.0,16.418939790570345,-134.33688401288643,141,573,997.358794832406,1009.358794832406,12.0,16.38443915054894,42.31204975586064,241.84590462993484,183750,1.2420041478832717,30.442585343463406,-4.649333151158182,7.487513406265945,8.81357792042884,0,0,0,0,0,14,14,1,1
248,2017,7,19,3,42933.125,16.620231353620582,-134.46826789239338,142,573,998.5810522401375,1010.5810522401375,12.0,15.841641786351325,39.75715542801438,281.3886710374423,248750,1.222257407731522,29.605790749688367,-4.666290420986297,7.460866862513213,8.79993185389161,0,0,0,0,0,12,12,1,1
248,2017,7,19,6,42933.25,16.822653807429102,-134.86675424134432,144,574,999.8938567645969,1011.8938567645969,12.0,16.134689243516647,44.25398717455944,272.7726817250237,233750,1.3128045244593523,31.427275016412935,-14.137809220009677,7.502783300816784,16.005293086988626,0,0,0,0,0,12,12,1,1
248,2017,7,19,9,42933.375,17.02158441660346,-135.0,145,574,1000.1949180361947,1012.1949180361947,12.0,15.683397664163799,40.80336070131962,307.0819170546322,296250,0.3010612715978641,7.125336778144567,-4.7224064753371815,7.373358164833342,8.755999859823037,0,0,0,0,0,14,14,1,1
248,2017,7,19,12,42933.5,17.217941418335155,-135.4015993542696,147,575,999.8626630429172,1009.8626630429172,10.0,14.844646608583707,35.6066407506432,244.30125595145995,187500,-0.3322549932774564,-7.776602608506327,-14.218195000601094,7.277967467900436,15.97266037762448,0,0,0,0,0,13,13,1,1
248,2017,7,19,15,42933.625,17.610340656296074,-135.6724547972114,149,575,1002.1297959557736,1012.1297959557736,10.0,14.014108462374818,30.081681089804775,365.0921319878893,418750,2.267132912856323,51.91729385865684,-9.568770938092635,14.544268160148302,17.40968447675,0,0,0,0,0,13,13,1,1
248,2017,7,19,18,42933.75,17.79894991537469,-136.07838143693914,151,576,1003.727630519098,1013.727630519098,10.0,13.60153168907224,28.581122573917312,454.864184146723,650000,1.5978345633244317,36.214996959721226,-14.325497541443369,6.990797575910371,15.940236213972938,0,0,0,0,0,13,13,1,1
248,2017,7,19,21,42933.875,17.983101159805308,-136.48611375535071,153,577,1004.046113912197,1012.046113912197,8.0,12.811692241953374,25.37134981460688,252.7071841393177,200625,0.31848339309901347,7.146928998535511,-14.374299556636469,6.825561371989017,15.912535177862388,0,0,0,0,0,14,14,1,1
248,2017,7,20,0,42934.0,17.958909033126965,-137.02612834171788,155,579,1003.1487886850254,1011.1487886850254,8.0,12.340431886882874,25.24978395912433,271.3100830783876,231250,-0.8973252271716774,-20.162663007577347,-19.040417142188048,-0.8966805837914549,19.061519378524814,0,0,0,0,0,15,15,1,1
248,2017,7,20,3,42934.125,17.927278048199927,-137.56578306161396,157,581,1003.8499902040318,1011.8499902040318,8.0,12.022975063035876,23.336591863379727,293.5006183102318,270625,0.7012015190064267,15.782698681969261,-19.03113051856589,-1.1724016828856603,19.067208881237,0,0,0,0,0,15,15,1,1
248,2017,7,20,6,42934.25,18.095730253280294,-137.97723981082095,159,582,1005.5656210809839,1013.5656210809839,8.0,12.036426708819521,23.799301569968883,293.16150714175194,270000,1.7156308769520547,38.26794998316782,-14.496317902210862,6.243676862341836,15.783749031307547,0,0,0,0,0,14,14,1,1
248,2017,7,20,9,42934.375,18.051042521726313,-138.5173013584134,161,584,1005.510598333167,1013.510598333167,8.0,11.84676226028177,21.557722775182775,340.8564337915358,365000,-0.055022747816838094,-1.230244944055823,-19.03212341087591,-1.6563496773522433,19.104062808221602,0,0,0,0,0,16,16,1,1
248,2017,7,20,12,42934.5,17.998920837913783,-139.0567378612949,163,586,1003.6755713662751,1009.6755713662751,6.0,11.92962521748129,18.441868167676876,168.66815371514653,89375,-1.8350269668918917,-41.14394032765427,-19.015724611873598,-1.9318889360416833,19.11360712622857,0,0,0,0,0,16,16,1,1
248,2017,7,20,15,42934.625,17.970074228340938,-139.32619220322252,164,587,1005.1680365597829,1011.1680365597829,6.0,11.077651818724961,17.949487318268147,182.81831978578631,105000,1.4924651935078146,33.515153176725576,-9.500114260013168,-1.0691988784655877,9.56009190306336,0,0,0,0,0,15,15,1,1
248,2017,7,20,18,42934.75,18.299759616755296,-139.88751209023602,167,588,1006.9323502899424,1012.9323502899424,6.0,10.659507602267919,15.341354592271452,216.68112103298049,147500,1.7643137301594833,38.92984981445765,-19.75310899755489,12.219780860172405,23.227319245662418,0,0,0,0,0,17,17,1,1
248,2017,7,20,21,42934.875,18.443372696045635,-140.30510960621038,169,589,1007.2791587554361,1011.2791587554361,4.0,9.796530977375573,14.086020399498885,138.1976597885342,60000,0.34680846549366834,7.594842989564429,-14.683226357465147,5.323015272296318,15.618310659404207,0,0,0,0,0,22,22,1,1
248,2017,7,21,0,42935.0,18.542291313119126,-140.99476921297125,172,591,1005.2349304213917,1011.2349304213917,6.0,10.43962591156289,15.056173896640757,199.96919625742038,125625,-2.04422833404431,-44.536562097132936,-24.235246230432477,3.6664161230892107,24.511013178515082,0,0,0,0,0,22,22,1,1
248,2017,7,21,3,42935.125,18.629124453545156,-141.68597682322016,175,593,1004.7716965952154,1010.7716965952154,6.0,10.406915687746999,16.776910206153914,199.96919625742038,125625,-0.4632338261762925,-10.046856022941265,-24.277269154678685,3.2184682266630724,24.489678138651655,0,0,0,0,0,20,20,1,1
248,2017,7,21,6,42935.25,18.703854275356207,-142.3785358426738,178,595,1005.9854164538955,1011.9854164538955,6.0,10.323148096663438,18.518170219484237,183.3616146530208,105625,1.2137198586799787,26.222352988611554,-24.314018770277354,2.7698590181469576,24.471281693891914,0,0,0,0,0,19,19,1,1
248,2017,7,21,9,42935.375,18.766465285373354,-143.07224732887173,181,597,1005.8463108746951,1011.8463108746951,6.0,10.78025031118404,19.223115789696095,166.88952945311365,87500,-0.13910557920040445,-2.9957011163553293,-24.34545404186205,2.3206755553326683,24.45581050665743,0,0,0,0,0,15,15,1,1
248,2017,7,21,12,42935.5,18.875855412558273,-143.49700661107778,183,598,1004.9073482454173,1010.9073482454173,6.0,10.234185419630805,15.436570721264724,194.93137937025432,119375,-0.9389626292776666,-20.108030191664973,-14.897020996907518,4.054542389322011,15.43892964454183,0,0,0,0,0,12,12,1,1
248,2017,7,21,15,42935.625,18.980636072499138,-143.92287219785405,185,599,1005.8022760407612,1011.8022760407612,6.0,9.89674916673085,16.21744001924766,185.5188843315482,108125,0.8949277953438286,19.063085715990443,-14.926457063423785,3.8836925986311033,15.423429860666396,0,0,0,0,0,15,15,1,1
248,2017,7,21,18,42935.75,19.08079913955511,-144.34980118317398,187,600,1007.2666919311464,1013.2666919311464,6.0,9.925609890419747,15.770418526222857,187.65135533505173,110625,1.4644158903851348,31.03619858483887,-14.954708482708435,3.7125416312610025,15.408642742520762,0,0,0,0,0,17,17,1,1
248,2017,7,21,21,42935.875,19.176336756209892,-144.77774997422893,189,601,1007.6751602231839,1013.6751602231839,6.0,9.00549565172244,15.09287518714402,224.7925586661551,158750,0.40846829203757806,8.61538212457133,-14.981763753183989,3.541099425241395,15.39456495961034,0,0,0,0,0,16,16,1,1
248,2017,7,22,0,42936.0,19.176336756209892,-144.77774997422893,189,601,,,,9.00549565172244,,0.0,0,0.0,,0.0,0.0,0.0,0,3,0,0,0,16,16,0,0
256,2017,7,7,6,42921.25,64.58975676887466,-88.72696997994329,247,357,1000.5917240538441,1000.5917240538441,0.0,8.583623481376573,3.4526345999910695,14.104739588693906,625,,,,,,3,0,0,0,0,9,9,1,1
256,2017,7,7,9,42921.375,64.11584755276519,-87.74935910296246,245,355,999.074279719964,1001.074279719964,2.0,10.33991481227677,4.010650211836546,196.9619693713725,121875,-1.5174443338801211,-11.685465452154633,15.818395037985066,-17.565433507158257,23.63823334921941,0,0,0,0,0,7,7,1,1
256,2017,7,7,12,42921.5,62.89732090717491,-85.45466469125118,240,350,997.4348309893847,999.4348309893847,2.0,11.693518853838308,6.917182559144494,183.9033045027407,106250,-1.6394487305791698,-12.759539891265327,38.74685444382282,-45.164660323616886,59.50769085957281,0,0,0,0,0,10,10,1,1
256,2017,7,7,15,42921.625,62.39730744629323,-84.59305062952843,238,348,995.9537594270778,999.9537594270778,4.0,12.932150678128961,6.590167804477605,333.18249174678584,348750,-1.4810715623070427,-11.579074080516934,14.79690559211148,-18.532986701343468,23.71539607879307,0,0,0,0,0,11,11,1,1
256,2017,7,7,18,42921.75,61.70683605126831,-84.7225939170928,235,348,995.3915824429829,999.3915824429829,4.0,13.563683306805451,4.106988799557294,335.8586993311039,354375,-0.56217698409484,-4.423312204645955,-2.275838644781185,-25.592305373321068,25.693297489002806,0,0,0,0,0,12,12,1,1
256,2017,7,7,21,42921.875,61.403017560293506,-80.20218259214874,235,338,994.0972477305951,1000.0972477305951,6.0,13.367011481082857,5.185461097751759,489.21288379849284,751875,-1.2943347123877902,-10.213360293098365,80.18052778842454,-11.261024939067743,80.96744851549063,0,0,3,0,0,9,9,1,1
256,2017,7,8,0,42922.0,62.36515061085355,-74.0868108295316,242,326,991.7744162392477,1001.7744162392477,10.0,14.559741899524264,10.851562882766448,581.5533114601598,1062500,-2.3228314913474604,-18.165318745018666,105.09649304620109,35.66143799310997,110.98203012355928,0,0,0,0,0,11,11,1,1
256,2017,7,8,3,42922.125,62.45603491167122,-73.05291870590578,243,324,989.6305875860027,1001.6305875860027,12.0,17.007577542768153,6.779495567343838,591.5588991159755,1099375,-2.1438286532450004,-16.751565785375593,17.720643137206853,3.3686243875208355,18.037982799094703,0,0,0,0,0,11,11,1,1
256,2017,7,8,6,42922.25,64.06569115679406,-72.51200262385146,250,325,988.097700749943,1006.097700749943,18.0,18.8350466943981,7.065607503298597,943.64819005769,2797500,-1.5328868360596244,-11.809405160413565,8.768228775279887,59.66186936646356,60.30274033704115,0,0,0,0,0,8,8,1,1
256,2017,7,8,9,42922.375,65.14699023019789,-73.37552185603504,254,328,986.7336570755192,1004.7336570755192,18.0,20.919390563137664,11.648527736394534,761.5253271501176,1821875,-1.3640436744238833,-10.414906544197915,-13.451887862700541,40.078323715989164,42.27558774226905,0,0,0,0,0,7,7,1,1
256,2017,7,8,12,42922.5,65.67353596248965,-75.77040817878658,255,333,987.43152145227,1005.43152145227,18.0,21.10257390594007,10.25263767858698,804.9593542924256,2035625,0.6978643767508038,5.306054303487823,-36.56380265668359,19.516404692396275,41.44637157622232,0,0,0,0,0,6,6,1,1
256,2017,7,8,15,42922.625,64.66339570711257,-79.99202019855866,249,340,988.7171681684596,1002.7171681684596,14.0,20.71163753241945,8.70232860426142,679.0813262112033,1448750,1.285646716189658,9.85519990544742,-66.94836152424705,-37.44082386579029,76.70657339844098,0,0,0,0,0,9,9,1,1
256,2017,7,8,18,42922.75,63.56700479535821,-80.90004964021622,244,341,988.3519514888253,996.3519514888253,8.0,21.288516357426868,11.262917533191576,308.05216249613085,298125,-0.36521667963432264,-2.8257073826827837,-14.981913399885666,-40.637702335429154,43.31143706025717,0,0,0,0,0,11,11,1,1
256,2017,7,8,21,42922.875,63.11173187226966,-81.05241524518438,242,341,987.7905665260853,997.7905665260853,10.0,21.973616087131546,11.66782762897601,340.2722749495672,363750,-0.5613849627399758,-4.360838727054348,-2.554060287635113,-16.874679762028276,17.066869690247284,0,0,0,0,0,12,12,1,1
256,2017,7,9,0,42923.0,62.8473236091996,-80.65532809790032,241,340,988.1197785179694,1000.1197785179694,12.0,21.716571909373144,12.111572484992939,422.2008245644752,560000,0.3292119918840763,2.563344529517494,6.716753870483464,-9.800285805430192,11.881093570238857,0,0,0,0,0,9,9,1,1
256,2017,7,9,3,42923.125,62.58145149238274,-80.26576765934564,240,339,988.2843155391395,1004.2843155391395,16.0,21.746621981410424,10.969251130566045,860.2734945221277,2325000,0.16453702117010835,1.2842053916002107,6.648986397072554,-9.854543508761399,11.887852954782344,0,0,0,0,0,5,5,1,1
256,2017,7,9,6,42923.25,62.353809319469896,-80.34502290434382,239,339,988.3001633848218,1000.3001633848218,12.0,21.76826736515415,11.116596750942408,389.35213277318815,476250,0.015847845682292246,0.12394829875599161,-1.3630737264152235,-8.437551572750406,8.546943695056516,0,0,0,0,0,5,5,1,1
256,2017,7,9,9,42923.375,62.125995226817395,-80.42300994070635,238,339,988.4671301774287,1002.4671301774287,14.0,21.817651016867806,13.097235977540258,492.65737405943736,762500,0.16696679260683595,1.3086073197809003,-1.351432867355342,-8.443923773697252,8.551386992235699,0,0,0,0,0,7,7,1,1
256,2017,7,9,12,42923.5,62.353809319469896,-80.34502290434382,239,339,988.8080005452753,1002.8080005452753,14.0,21.88033846979347,12.12023172441157,491.2419795407212,758125,0.3408703678466554,2.665996567478621,1.3412624045303516,8.443923773697252,8.549785584084328,0,0,0,0,0,7,7,1,1
256,2017,7,9,15,42923.625,62.39163021764862,-80.8077569071542,239,340,989.6366481738872,1003.6366481738872,14.0,20.788216687322986,11.473515295111065,525.4843729973693,867500,0.8286476286119432,6.478734506993609,-7.948297604543327,1.4018306662047786,8.070970451383236,0,0,0,0,0,8,8,1,1
256,2017,7,9,18,42923.75,62.233099516564366,-81.80388871247533,238,342,991.2495872522189,1005.2495872522189,14.0,18.985098809276778,8.282301521216286,604.2033190218629,1146875,1.6129390783316921,12.628995294230835,-17.20070133982032,-5.87593655932514,18.176654175917808,0,0,0,0,0,7,7,1,1
256,2017,7,9,21,42923.875,62.06603114213466,-82.78865155242627,237,344,992.2148100449549,1006.2148100449549,14.0,17.781662405612924,7.8147245498077975,664.2718417352039,1386250,0.9652227927360219,7.569156866858081,-17.098494011787782,-6.192385213111757,18.185272395504768,0,0,0,0,0,10,10,1,1
256,2017,7,10,0,42924.0,61.60707856000414,-82.90330583342465,235,344,992.8765001687112,1006.8765001687112,14.0,16.927997594562594,7.359907362752784,703.2595435954387,1553750,0.6616901237562707,5.211191851450653,-2.0207781730490977,-17.01106623444483,17.130671874078395,0,0,0,0,0,10,10,1,1
256,2017,7,10,3,42924.125,61.17479367778832,-83.46103791703861,233,345,993.8017572028147,1007.8017572028147,14.0,16.119172189886743,7.941856140547681,765.6938171454498,1841875,0.9252570341034152,7.316981938391179,-9.966907377980581,-16.022628589179824,18.869654728903928,0,0,0,0,0,10,10,1,1
256,2017,7,10,6,42924.25,60.739345219590156,-84.00259942608447,231,346,994.6035255840474,1006.6035255840474,12.0,15.392604831039288,7.210039186778158,668.0049937641945,1401875,0.8017683812326868,6.367241679049246,-9.811305510509017,-16.13988645561035,18.88802929425246,0,0,0,0,0,9,9,1,1
256,2017,7,10,9,42924.375,60.300833660692184,-84.52859089040416,229,347,995.6798072386606,1007.6798072386606,12.0,14.439295637349703,6.232573512405724,739.7932552796458,1719375,1.0762816546132672,8.584349092314396,-9.659121217730187,-16.253420208150384,18.906937646311654,0,0,0,0,0,8,8,1,1
256,2017,7,10,12,42924.5,59.60694889407121,-84.65082257047072,226,347,996.8432825454679,1006.8432825454679,10.0,13.576818207526205,4.568352576746765,664.4215705417342,1386875,1.1634753068073769,9.345034402988755,-2.2921189087626406,-25.71882190806533,25.8207592729317,0,0,0,0,0,7,7,1,1
256,2017,7,10,15,42924.625,56.537959541343334,-81.20945681718605,214,337,997.3552258375581,1007.3552258375581,10.0,12.977654873502125,7.995427176611555,721.2750655829112,1634375,0.5119432920901454,4.251533245424855,70.32400307306814,-113.75201531650262,133.73476136288107,0,0,0,0,0,8,8,1,1
256,2017,7,10,18,42924.75,56.88506576755904,-79.92370252881327,216,334,996.886684914539,1006.886684914539,10.0,13.179415701905778,9.495201768079133,695.4366134454649,1519375,-0.4685409230190271,-3.875642802524015,26.035303266888693,12.865483787308474,29.040621365259426,0,0,0,0,0,8,8,1,1
256,2017,7,10,21,42924.875,57.533429767342064,-79.3188025568431,219,333,996.9889314861205,1006.9889314861205,10.0,12.958988558024728,8.270727139126175,695.2935636417412,1518750,0.10224657158134505,0.8396124235355396,12.035506358307417,24.031595798281895,26.87696057802776,0,0,0,0,0,10,10,1,1
256,2017,7,11,0,42925.0,57.84708898510042,-80.03888790140847,220,335,996.4528414585575,1006.4528414585575,10.0,13.398019744898333,7.0841727924660525,645.7444935117649,1310000,-0.5360900275628956,-4.386966000017223,-14.20380552543083,11.625771236676526,18.355016977703798,0,0,0,0,0,11,11,1,1
256,2017,7,11,3,42925.125,56.96388763407438,-80.69962133900093,216,336,996.0297143168829,1006.0297143168829,10.0,14.374881433246452,11.784640753589192,566.8280527344812,1009375,-0.4231271416746313,-3.4968578937971126,-13.351138122986109,-32.735836479905,35.353753396466004,0,0,0,0,0,9,9,1,1
256,2017,7,11,6,42925.25,56.19240256586544,-80.1259407482426,213,334,995.9552426340949,1005.9552426340949,10.0,14.906398892443155,16.927673546849036,563.660407645593,998125,-0.07447168278798927,-0.6209511504616166,11.831076706590231,-28.595075188955107,30.945964213435293,0,0,0,0,0,11,11,1,2
256,2017,7,11,9,42925.375,55.834265750803674,-79.06405555337724,212,331,996.1653226529244,1006.1653226529244,10.0,14.893491234821354,14.891354113966226,590.2121497329464,1094375,0.210080018829467,1.7590620003708193,22.103209691328356,-13.274332293169879,25.782935761629712,0,0,0,0,0,7,7,1,2
256,2017,7,11,12,42925.5,55.46387677465935,-78.02386755579664,211,328,998.5752829848637,1006.5752829848637,8.0,12.814847276816307,12.539291687891017,610.4273179616882,1170625,2.4099603319393648,20.268663319563,21.85735781510574,-13.728458344107223,25.811134402878366,0,0,0,0,0,9,9,1,2
256,2017,7,11,15,42925.625,55.08155945968485,-77.0053832080835,210,325,1000.263083591735,1004.6573238484932,4.394240256758203,10.953342127374771,7.332732192315598,539.1258803114296,913125,1.6878006068713147,14.260837065923356,21.608334754289643,-14.170581931178056,25.84038550644459,0,0,0,0,0,10,9,2,0
256,2017,7,11,18,42925.75,57.428927055163,-65.48992201811065,229,300,997.912938570998,1005.912938570998,8.0,9.824744821194132,8.744189451338897,632.9870213786745,1258750,-0.744385277495312,-6.119738666000789,69.86574313551448,-22.178996664661682,73.30163679570029,0,0,1,0,2,8,8,1,1
256,2017,7,11,21,42925.875,57.54324213497109,-64.95889021754607,230,299,998.3851255446566,1004.3851255446566,6.0,9.58560089006761,13.223038291186388,541.8863995382676,922500,0.4721869736586814,3.8770088313817705,10.562938237071515,4.237085637875741,11.38106141372062,0,0,0,0,0,8,8,1,1
256,2017,7,12,0,42926.0,55.66731635100437,-63.01054340356054,225,291,997.6507344504214,1003.6507344504214,6.0,11.684230065189695,8.782541423316797,470.768794904106,696250,-0.7343910942351795,-6.161484972538333,40.72796004196246,-69.53114331293865,80.58130440483143,0,0,0,0,0,10,10,1,1
256,2017,7,12,3,42926.125,55.962690765373466,-61.465914295082726,228,288,995.9107267754767,1003.9107267754767,8.0,13.538639383724549,7.312231371155795,514.1946608157373,830625,-1.7400076749446454,-14.547502934573618,32.04494461687059,10.948045446150243,33.8635227728787,0,0,0,0,0,11,11,1,1
256,2017,7,12,6,42926.25,56.14509044209928,-60.42216131873867,230,286,993.9834102536115,1001.9834102536115,8.0,15.328752727390325,6.591385165387255,455.73808348098737,652500,-1.9273165218652866,-16.079023553509618,21.551823390466136,6.760639557839625,22.587326948642446,0,0,0,0,0,12,12,1,1
256,2017,7,12,9,42926.375,56.95744699879191,-59.64431263715568,234,286,992.7365338534001,1002.7365338534001,10.0,16.709352982792822,4.465427045371471,543.3529418669469,927500,-1.2468764002113313,-10.305338359955865,15.720325455516056,30.10997591022084,33.96673787312266,0,0,0,0,0,9,9,1,1
256,2017,7,12,12,42926.5,57.68089173338276,-59.381394591090604,237,287,990.6593994962107,1002.6593994962107,12.0,18.55800203046262,6.12518544289138,596.582133062373,1118125,-2.0771343571894976,-17.0288588353007,5.2100344123435605,26.81446139807394,27.31592573292367,0,0,0,0,0,8,8,1,1
256,2017,7,12,15,42926.625,57.91642511028713,-60.07913397496114,237,289,988.6370309571975,1002.6370309571975,14.0,20.260843258015917,7.8304327227427715,654.0098696193114,1343750,-2.0223685390132595,-16.53700756049768,-13.73652511535906,8.730038855742379,16.275923957418268,0,0,0,0,0,9,9,1,1
256,2017,7,12,18,42926.75,58.1185879528665,-59.8756820016388,238,289,988.0838605517865,1002.0838605517865,14.0,20.111006801779695,7.011096879099277,638.930691883487,1282500,-0.5531704054109287,-4.513346551947495,3.9828443761077197,7.493160816956008,8.485900562289057,0,0,0,0,0,9,9,1,1
256,2017,7,12,21,42926.875,58.0007979760269,-59.5241519374192,238,288,987.5460403165257,1001.5460403165257,14.0,20.5176544999209,5.63615761670364,657.0447345019714,1356250,-0.5378202352607332,-4.393731300403844,6.904396591300657,-4.365882611380811,8.168942603931152,0,0,0,0,0,9,9,1,1
256,2017,7,13,0,42927.0,59.40982110841131,-56.486588993922396,247,285,987.3118987668607,999.3118987668607,12.0,18.91725605018919,4.874388393158951,590.549125010033,1095625,-0.2341415496650734,-1.8844389918191735,57.28996137992214,52.22540794865653,77.52182215554899,0,0,0,0,0,8,8,1,1
256,2017,7,13,3,42927.125,59.665963988056774,-55.6568482469213,249,284,986.4135053210115,998.4135053210115,12.0,19.213713189187967,5.33250046176363,602.224481875867,1139375,-0.8983934458492149,-7.211543814705201,15.532074039890652,9.493929570901352,18.203846370420738,0,0,0,0,0,7,7,1,1
256,2017,7,13,6,42927.25,59.85760637030299,-55.41382547098922,250,284,984.8558122045398,1002.8558122045398,18.0,19.958896949085574,6.639654136142635,994.9591680222808,3110000,-1.557693116471637,-12.479489681221994,4.523187098965422,7.103220211952178,8.421102001028913,0,0,0,0,0,8,8,1,1
256,2017,7,13,9,42927.375,59.79651064323361,-56.01183017164437,249,285,985.431479361353,993.431479361353,8.0,19.409962436205788,8.58049897470366,389.35213277318815,476250,0.5756671568131424,4.6148290171478985,-11.150580842865205,-2.2645116299252623,11.378201354139382,0,0,0,0,0,8,8,1,1
256,2017,7,13,12,42927.5,57.738399014770664,-53.00914029703723,246,274,985.3834588500513,993.3834588500513,8.0,20.431148593334992,4.282033199320722,379.78173623415614,453125,-0.04802051130172913,-0.3934343507995655,59.4026235650372,-76.2838571844169,96.68453109645839,0,0,0,0,0,8,8,1,1
256,2017,7,13,15,42927.625,57.49583994181209,-51.80905017961341,247,271,985.922416868232,993.922416868232,8.0,19.995951094718137,3.413184098653437,422.67176818502145,561250,0.5389580181807105,4.427580381249422,23.90220392356929,-8.990446108200503,25.537099945537054,0,0,0,0,0,8,8,1,1
256,2017,7,13,18,42927.75,57.11879577371315,-49.76364169072618,249,266,987.2547319226281,995.2547319226281,8.0,19.03690681923776,3.182315906324293,489.4161719368318,752500,1.3323150543961675,10.991392441702667,41.157267790070385,-13.97513287117305,43.46521633111363,0,0,0,0,0,6,6,1,1
256,2017,7,13,21,42927.875,57.20297323834582,-47.52611691161956,253,262,988.2576376045914,994.2576376045914,6.0,18.233333628309996,4.55451930855008,430.1367472610639,581250,1.0029056819633115,8.265974407165489,44.92028635167708,3.120035668318237,45.02851039606178,0,0,0,0,0,10,10,1,2
256,2017,7,14,0,42928.0,57.235399920190495,-45.280859414683384,257,258,989.0054555622546,994.3921632400893,5.3867076778346386,17.78670374095468,5.63380547508088,445.5847747703454,623750,0.7478179576632101,6.161288854667868,45.0359155723154,1.2018941696815357,45.05195046867378,0,0,0,0,0,9,10,2,0
256,2017,7,14,3,42928.125,61.492934565219315,-38.55324462089545,281,261,986.2374512145901,992.2374512145901,6.0,17.659097922919432,2.9074124052784462,343.7623383178156,371250,-2.154712025499175,-16.987928772059746,1.2636670075497698,12.06157064269271,12.127585937631464,0,0,0,0,2,5,5,1,1
256,2017,7,14,6,42928.25,61.38103626544222,-39.54447820807966,279,262,984.508662437382,996.508662437382,12.0,19.14267513048687,7.2038421253613345,798.1338607810792,2001250,-1.7287887772081012,-13.644413121106368,-17.59766853945432,-4.147507745121531,18.079816329828784,0,0,0,0,0,3,3,1,1
256,2017,7,14,9,42928.375,61.38103626544222,-39.54447820807966,279,262,983.5095031322579,995.5095031322579,12.0,20.502892634134668,9.16499440874526,708.4736422592339,1576875,-0.9991593051240488,-7.885834586991329,0.0,0.0,0.0,0,0,0,0,0,5,5,1,1
256,2017,7,14,12,42928.5,61.20209372015812,-39.25771672219587,279,261,983.8044107636965,995.8044107636965,12.0,20.43348118869631,10.350534598964805,741.8073980085586,1728750,0.29490763143854565,2.3315341619731864,5.1201225804941455,-6.632501065485642,8.378885702941306,0,0,0,0,0,5,5,1,1
256,2017,7,14,15,42928.625,61.31152992315488,-38.27148790623132,281,260,984.2008928850197,996.2008928850197,12.0,19.877449790452193,7.750775334753563,831.1031542587393,2170000,0.3964821213232062,3.1312981588359836,17.547732977648625,4.0562501881610595,18.0104441434356,0,0,0,0,0,3,3,1,1
256,2017,7,14,18,42928.75,61.55179550553122,-36.915479004177946,284,259,984.3734472082817,994.3734472082817,10.0,19.64147106763284,5.682399941747426,461.809077155419,670000,0.17255432326201117,1.3596747170854728,23.941836411436014,8.90543793584996,25.54443883864429,0,0,0,0,0,2,2,1,1
256,2017,7,14,21,42928.875,61.963241809265156,-35.80641775138693,287,259,984.5343890238163,994.5343890238163,10.0,19.448935066291693,3.4259507268307057,462.6698590340625,672500,0.16094181553460657,1.2632893901676898,19.32176814433387,15.25024718728979,24.615051563968645,0,0,0,0,0,2,2,1,1
256,2017,7,15,0,42929.0,62.36326009961496,-34.66549733330621,290,259,984.9393589526121,994.9393589526121,10.0,18.766409925826483,2.9417610174939184,480.8040711568258,726250,0.4049699287957628,3.1670549311261196,19.615721951241277,14.826668150642766,24.588750194300104,0,0,0,0,0,4,4,1,1
256,2017,7,15,3,42929.125,62.623374080451974,-33.8869594640517,292,259,984.6843368194549,992.6843368194549,8.0,18.423363185783007,3.5350658901448333,419.3640567770972,552500,-0.2550221331571811,-1.9896836648796594,13.26921605956385,9.641118339465537,16.40192847414492,0,0,0,0,0,2,2,1,1
256,2017,7,15,6,42929.25,62.87808115380062,-33.09394797805481,294,259,984.4598410753508,990.4598410753508,6.0,18.191350098258994,3.953303941988779,326.54833007009836,335000,-0.2244957441040606,-1.7475111417855522,13.399733538075736,9.44071144561781,16.39145788180084,0,0,0,0,0,2,2,1,1
256,2017,7,15,9,42929.375,63.127245703600906,-32.286367836727,296,259,984.8865072196409,990.8865072196409,6.0,17.98741970089274,4.709193402754099,322.56401542380166,326875,0.4266661442900659,3.3138879943661665,13.52991576162068,9.23527794582247,16.381360726543647,0,0,0,0,0,0,0,1,1
256,2017,7,15,12,42929.5,63.24970652704413,-31.87709014100373,297,259,985.5008915914036,995.5008915914036,10.0,17.026301141000744,4.244688259622635,620.9290214188064,1211250,0.6143843717627169,4.76673141055776,6.827991649998729,4.539007426533983,8.199027893023844,0,0,2,0,0,4,4,1,2
256,2017,7,15,15,42929.625,63.37072984614386,-31.464143630865752,298,259,986.0905440314885,990.0905440314885,4.0,16.327676163486466,4.614202688708974,249.5383166664071,195625,0.5896524400849011,4.569992129074787,6.860313236670736,4.485726363191652,8.19668461700658,0,0,0,2,0,4,4,1,1
256,2017,7,15,18,42929.75,63.52567570519628,-29.957199253946154,301,258,,,,14.74458922240868,,0.0,0,1.412389096984116,,24.899337051378655,5.743064477070465,25.553077606933112,0,2,2,0,0,1,2,0,0
257,2017,7,13,21,42927.875,60.43923708154074,89.78047701474036,490,359,1002.0533160176687,1004.0533160176687,2.0,7.981231764822419,4.196002643270258,505.4143682786354,802500,,,,,,3,0,0,0,0,15,15,1,1
257,2017,7,14,0,42928.0,60.903073074200904,89.77706034880248,488,359,1001.9788567706155,1003.9788567706155,2.0,8.855907191209317,3.240716192263862,322.56401542380166,326875,-0.07445924705316428,-0.5903751381954214,-0.06158291587426689,17.19206972631789,17.192180022617947,0,0,0,0,0,16,16,1,1
257,2017,7,14,3,42928.125,61.12934572611307,88.87669728592458,487,357,1002.1121598982032,1004.1121598982032,2.0,8.889232532182817,3.2274145837858668,284.2026277484726,253750,0.1333031275877147,1.0546289453085036,-16.112975173015702,8.386790310347614,18.164972354395726,0,0,0,0,0,11,11,1,1
257,2017,7,14,6,42928.25,61.8106281551097,87.9299693469589,484,355,1002.1529804977226,1004.1529804977226,2.0,9.086769280232131,3.7499124252729232,261.22343281308076,214375,0.04082059951935662,0.3208716443755861,-16.576134684717474,25.25171657216889,30.20624821004824,0,0,0,0,0,8,8,1,1
257,2017,7,14,9,42928.375,62.482594636181744,86.93771291459994,481,353,1001.9941958318923,1003.9941958318923,2.0,9.442452717226884,2.879873751502091,218.05398241881235,149375,-0.15878466583031695,-1.240420566060835,-16.9919144904478,24.90642119013618,30.150538544960593,0,0,0,0,0,10,10,1,1
257,2017,7,14,12,42928.5,62.93005733081407,86.40874096279447,479,352,1002.0597416847181,1006.0597416847181,4.0,9.939328038982861,2.7480043788988406,494.0687138113427,766875,0.0655458528258896,0.5099827529443512,-8.922382290372656,16.585193835272772,18.832885076087667,0,0,0,0,0,10,10,1,1
257,2017,7,14,15,42928.625,62.60431106321919,84.07763697853353,480,347,1001.502598733941,1005.502598733941,4.0,10.89112905921223,5.550042185813872,308.69729862159846,299375,-0.5571429507771972,-4.347580730735265,-39.75439203788423,-12.073777443317063,41.547416141711444,0,0,0,0,0,7,7,1,1
257,2017,7,14,18,42928.75,62.808921636278036,83.5545819637403,479,346,1000.7570779475225,1006.7570779475225,6.0,12.164247554145794,5.370616690466486,402.17062413500395,508125,-0.7455207864184922,-5.806848662196281,-8.85905785512943,7.583885887326336,11.661827954163877,0,0,0,0,0,7,7,1,1
257,2017,7,14,21,42928.875,63.179665865379285,82.00647850636021,477,343,1000.1310153314533,1006.1310153314533,6.0,13.1710861666653,4.4882181292183665,335.26583267409023,353125,-0.6260626160691026,-4.860336060602554,-25.889089131788914,13.741625786268969,29.310019026325506,0,0,0,0,0,8,8,1,1
257,2017,7,15,0,42929.0,62.8473236091996,80.65532809790032,478,340,999.5456734534062,1007.5456734534062,8.0,14.059793485238352,6.528621735552297,410.00903482827596,528125,-0.5853418780471839,-4.557649593512027,-22.854410384944693,-12.318257598929206,25.962733760469927,0,0,0,0,0,8,8,1,1
257,2017,7,15,3,42929.125,62.76865310963646,79.71642934886472,478,338,1000.287271575873,1008.287271575873,8.0,13.404745760729893,6.2753814627575055,428.0503804863915,575625,0.7415981224668212,5.778382876831067,-15.92391707909013,-2.9159201426712666,16.188691281884843,0,0,0,0,0,6,6,1,1
257,2017,7,15,6,42929.25,62.7265256032199,79.24903300681196,478,337,1001.027135352995,1007.027135352995,6.0,12.38822051569745,6.967522922435163,325.3275843762874,332500,0.7398637771219364,5.767052920692914,-7.938515236201286,-1.5614549952360697,8.09062209335893,0,0,0,0,0,6,6,1,1
257,2017,7,15,9,42929.375,62.86269837728594,78.22197516671145,477,335,1002.131088353377,1008.131088353377,6.0,11.370451282294562,6.643425914715335,344.0515788724086,371875,1.1039530003820255,8.594530721359389,-17.363500864903745,5.047240541086466,18.08219564558187,0,0,0,0,0,4,4,1,1
257,2017,7,15,12,42929.5,62.86269837728594,78.22197516671145,477,335,1003.6820281515527,1007.6820281515527,4.0,10.000788587305621,7.741382400595976,223.90579955406923,157500,1.5509397981756774,12.074426844065872,0.0,0.0,0.0,0,0,0,0,0,6,6,1,1
257,2017,7,15,15,42929.625,62.76482086385844,77.29061186374425,477,333,1004.361886354121,1010.361886354121,6.0,9.657564192116812,6.898078388891155,423.37720139049424,563125,0.6798582025682844,5.297500238589549,-15.798169580253665,-3.6278276419075004,16.209358268785362,0,0,0,0,0,6,6,1,1
257,2017,7,15,18,42929.75,62.65962740743339,76.36602721059565,477,331,1005.1386499267169,1011.1386499267169,6.0,9.060759785355337,5.28063149827547,481.8373929400896,729375,0.7767635725959553,6.058328562871098,-15.739105444279586,-3.8989928902235818,16.214856944918303,0,0,0,0,0,5,5,1,1
257,2017,7,15,21,42929.875,62.265116149723184,75.11373315098244,478,328,1005.6647410598753,1011.6647410598753,6.0,8.53694273442632,3.3986833411227413,634.7132814912258,1265625,0.5260911331583338,4.1179790564957015,-21.600904357198385,-14.622550120513038,26.084823960988277,0,0,0,0,0,3,3,1,1
257,2017,7,16,0,42930.0,61.92035912800207,74.33997086815646,479,326,1006.0821135320366,1012.0821135320366,6.0,8.467778628884224,3.36555260358291,676.5865835708421,1438125,0.4173724721613689,3.2774117590005343,-13.499305594862635,-12.778410580158534,18.58814214757885,0,0,0,0,0,3,3,1,1
257,2017,7,16,3,42930.125,61.570212308726354,73.58472032380047,480,324,1007.1771924192851,1011.1771924192851,4.0,7.720647719097809,3.063428420347045,479.3536784973324,721875,1.0950788872485282,8.627381057904307,-13.327037198006868,-12.978183294729657,18.60223540622628,0,0,0,0,0,1,1,1,1
257,2017,7,16,6,42930.25,61.570212308726354,73.58472032380047,480,324,,,,7.720647719097809,,0.0,0,0.0,,0.0,0.0,0.0,0,3,0,0,0,1,1,0,0
260,2017,7,13,21,42927.875,48.2659111670477,-111.42158581339717,190,426,1008.0583533301022,1008.0583533301022,0.0,8.684550062073612,5.277132794777936,14.104739588693906,625,,,,,,3,0,0,0,0,18,18,1,1
260,2017,7,14,0,42928.0,50.136797094013986,-112.07613408082337,198,425,1006.3446519752745,1008.3446519752745,2.0,9.352282442110251,5.962653678718925,283.852408727268,253125,-1.71370135482779,-15.467988232870727,-15.550084926033131,69.34434113645118,71.06646740098566,0,0,3,0,0,20,20,1,1
260,2017,7,14,3,42928.125,53.6566602447126,-110.36681214044467,210,415,1006.1982497667664,1008.1982497667664,2.0,9.623192240851475,9.013366823913602,279.9710868514077,246250,-0.14640220850807964,-1.2592540489410344,37.545281734607045,130.46364161360594,135.7586459994885,0,0,0,1,0,15,15,1,2
260,2017,7,14,6,42928.25,50.52242323210734,-108.74975763031111,196,415,1008.165311778773,1010.165311778773,2.0,8.333833885515729,5.120364683776861,291.1185449201652,266250,1.901124482541636,17.064165921476828,42.127674458156406,74.06316185568883,85.20617876254259,0,0,0,0,2,12,12,1,1
260,2017,7,14,9,42928.375,53.50719748674857,-106.51071557708364,206,405,1008.3205657738075,1008.3205657738075,0.0,8.383516509279202,5.540944428425428,14.104739588693906,625,0.15525399503443624,1.3379636554458492,49.353955638227646,110.6305847651327,121.1401635404846,0,0,0,0,0,14,14,1,1
260,2017,7,14,12,42928.5,53.48504457197339,-103.90612458598947,204,398,1008.8064724753137,1008.8064724753137,0.0,8.125292688291424,5.417824269393968,14.104739588693906,625,0.4859067015063192,4.18869453219304,57.44071650489491,-0.8210972444628806,57.446584870473984,0,0,0,0,0,13,13,1,1
260,2017,7,14,15,42928.625,53.569286758368044,-101.73173427351666,203,392,1008.5162117924946,1008.5162117924946,0.0,8.040065223254144,3.3669005291852954,14.104739588693906,625,-0.2902606828192074,-2.499435786162515,47.858744712697636,3.12243457884374,47.96049460935868,0,0,0,0,0,11,11,1,1
260,2017,7,14,18,42928.75,53.430449638543315,-100.95971813439893,202,390,1008.4836954568315,1008.4836954568315,0.0,7.608988959481005,6.7747999584227365,14.104739588693906,625,-0.03251633566309465,-0.28050078706026654,17.048537084210118,-5.145994451484242,17.808253019496163,0,0,0,0,0,11,11,1,1
260,2017,7,14,21,42928.875,53.430449638543315,-100.95971813439893,202,390,,,,7.608988959481005,,0.0,0,0.0,,0.0,0.0,0.0,0,3,0,0,0,11,11,0,0
271,2017,7,14,21,42928.875,57.672683797779726,-69.65589874408161,226,310,998.1162293851343,1000.1162293851343,2.0,8.83434084793152,7.059526951446969,217.13970592909533,148125,,,,,,3,0,0,0,0,4,4,1,1
271,2017,7,15,0,42929.0,57.94287383086149,-68.61295118881529,228,308,995.9058358995597,997.9058358995597,2.0,10.49637509795612,5.305013177254732,165.09174420450913,85625,-2.210393485574459,-18.069269750394845,20.517468742721704,10.014586969539069,22.831085733688266,0,0,0,0,0,6,6,1,1
271,2017,7,15,3,42929.125,58.260114373052595,-65.72555886556054,232,302,992.8968486006182,996.8968486006182,4.0,12.951464123539672,9.600349797594244,206.81608002267828,134375,-3.0089872989415016,-24.512899692993248,56.29563153124132,11.758512939206883,57.51052734971909,0,0,0,0,0,5,5,1,1
271,2017,7,15,6,42929.25,58.372067023513765,-61.504361381755025,237,293,990.0515722314938,996.0515722314938,6.0,15.64508597530205,13.707418180075912,251.12774876576967,198125,-2.8452763691244765,-23.151280758763786,82.03359476256489,4.14952225189784,82.13847578685466,0,0,0,0,0,5,5,1,1
271,2017,7,15,9,42929.375,58.72189201088815,-59.2500326978036,241,289,988.3184334441964,994.3184334441964,6.0,16.941625536251923,12.744516390887584,221.67338288487116,154375,-1.7331387872973574,-14.049535611208775,43.37994353173494,12.966254603175948,45.276299089599775,0,0,0,0,0,3,3,1,1
271,2017,7,15,12,42929.5,58.950821148738655,-57.52880770915151,244,286,986.0871990397907,994.0871990397907,8.0,18.790955930050362,17.52576773206267,259.3124822609313,211250,-2.2312344044056953,-18.043651131873197,32.9039850755333,8.485252896696403,33.980461306047815,0,0,0,0,0,5,5,1,1
271,2017,7,15,15,42929.625,59.40120124390769,-54.95581370400778,249,282,985.2838564706169,993.2838564706169,8.0,18.69586107988914,13.309211674828184,252.7071841393177,200625,-0.8033425691738375,-6.466108776551739,48.54149802883568,16.693327214830237,51.33170759272333,0,0,0,0,0,5,5,1,1
271,2017,7,15,18,42929.75,59.88207588103731,-53.259437979878804,253,280,984.6238003041877,992.6238003041877,8.0,18.794923355156293,15.283058928605167,244.7080859684159,188125,-0.6600561664291308,-5.286742663568218,31.549205292443585,17.823606666952326,36.23580148420865,0,0,0,0,0,4,4,1,1
271,2017,7,15,21,42929.875,60.66047703897155,-51.58194465517801,258,279,984.3124782350341,992.3124782350341,8.0,18.655099206439512,18.458134510034725,243.89374731754785,186875,-0.31132206915368443,-2.4742740161331263,30.464533732294203,28.851419885512346,41.95822023079898,0,0,0,0,0,2,2,1,1
271,2017,7,16,0,42930.0,61.23306222377844,-50.107835856012784,262,278,984.6414487842726,992.6414487842726,8.0,18.557943272012658,23.384273694768563,349.50167213195084,383750,0.32897054923858376,2.600062800962917,26.293773838559744,21.222855874121013,33.790119178941076,0,0,0,0,0,2,2,1,1
271,2017,7,16,3,42930.125,61.23306222377844,-50.107835856012784,262,278,,,,18.557943272012658,,0.0,0,0.0,,0.0,0.0,0.0,0,3,0,0,0,2,2,0,0
277,2017,7,15,15,42929.625,65.67353596248965,-14.229591821213425,333,255,986.6425520839634,990.6425520839634,4.0,18.393798576072232,12.572368168490284,254.66770370415514,203750,-1.51245142834101,-11.49958312463164,9.926380765679019,-6.091023570864793,11.646184063721167,2,0,0,2,0,3,3,1,1
277,2017,7,15,18,42929.75,67.17204724195214,-13.41870808106875,336,261,986.647398434501,996.647398434501,10.0,17.56270423096217,4.2398003005699865,679.0813262112033,1448750,0.004846350537700345,0.03642991120097568,11.660363805151961,55.542283931958444,56.75305620358068,0,0,2,0,0,2,2,1,2
277,2017,7,15,21,42929.875,67.44686457799895,-12.994616791916506,337,262,985.8604135470098,997.8604135470098,12.0,18.468500178616846,4.688185133039514,719.203423968949,1625000,-0.7869848874912714,-5.903896192561913,6.028828908483566,10.186097840792593,11.836526822931068,0,0,0,0,0,1,1,1,2
277,2017,7,16,0,42930.0,68.16582750977119,-15.255118703057777,334,266,985.949241589983,997.949241589983,12.0,17.492184308427394,4.518350737323053,709.4557826447813,1581250,0.08882804297318217,0.6629780125084617,-31.15987133269821,26.648343486190072,41.000875503192326,0,0,0,0,0,1,1,1,2
277,2017,7,16,3,42930.125,68.19410909542168,-17.124489613472512,331,267,985.4176354509991,999.4176354509991,14.0,17.49975886658201,5.133174104072168,798.3830829138609,2002500,-0.5316061389839161,-3.9669176941210673,-25.737034312843388,1.0482562805993356,25.758372938722157,0,0,0,0,0,0,0,1,1
277,2017,7,16,6,42930.25,67.90817829313089,-17.510903470149305,330,266,985.6715647363238,997.6715647363238,12.0,17.394910074950857,5.747448049022278,703.5423747122802,1555000,0.2539292853247025,1.8986696067973563,-5.386538993576953,-10.598018195381005,11.888346899336,0,0,0,0,0,0,0,1,1
277,2017,7,16,9,42930.375,68.75514666577145,-11.309932474020213,341,267,986.5594109639924,1002.5594109639924,16.0,17.706532299454416,2.346109102511255,962.4353322664493,2910000,0.8878462276686332,6.599691341146058,83.24778527928397,31.392862022009027,88.97025086981978,0,0,0,0,0,1,1,1,1
277,2017,7,16,12,42930.5,70.49861416938744,-3.638186577864665,354,273,987.0542032017007,1003.0542032017007,16.0,16.995271046266225,6.088576982335071,991.9553597141572,3091250,0.49479223770831593,3.636642960080713,94.86248105510045,64.62158039058436,114.7817013469745,0,0,0,1,0,4,4,1,2
277,2017,7,16,15,42930.625,70.70956082435295,-4.347456907559677,353,274,987.4390235344713,1001.4390235344713,14.0,16.44291692910542,5.872044354239042,887.9266857919501,2476875,0.38482033277061417,2.8247033620071575,-8.684731974164768,7.81873260826816,11.685766943708732,0,0,0,0,0,4,4,1,1
277,2017,7,16,18,42930.75,70.6698402264595,-5.677416662045332,351,274,987.4922035208613,999.4922035208613,12.0,15.951435582730214,6.571891265512386,727.8646967789732,1664375,0.05317998638987774,0.39045281142884597,-16.31684397306045,-1.4722429896801392,16.38312841498416,0,0,0,0,0,3,3,1,1
277,2017,7,16,21,42930.875,70.4200708506266,-6.2674814048493,350,273,988.6105502972089,998.6105502972089,10.0,15.03407553486352,6.027102511648772,674.6726148605861,1430000,1.1183467763476074,8.223668144408787,-7.3293258213715005,-9.257695807931807,11.807791862495764,0,0,0,0,0,5,5,1,1
277,2017,7,17,0,42931.0,70.44360211426174,-5.612203229324873,351,273,988.2690340861303,996.2690340861303,8.0,15.300568943213944,6.766943295445089,505.80784001458665,803750,-0.34151621107856045,-2.510943896313602,8.129950143268273,0.8721857112538571,8.176600592357634,0,0,0,0,0,4,4,1,1
277,2017,7,17,3,42931.125,70.21725630846828,-5.548466293718066,351,272,989.3853463334619,995.3853463334619,6.0,14.0390026538526,7.432248790474477,437.7016823669622,601875,1.1163122473316616,8.219107248541732,0.7995676415103349,-8.38950175716878,8.427517318100774,0,0,0,0,0,4,4,1,2
277,2017,7,17,6,42931.25,70.23796608567645,-4.899092453787765,352,272,990.5722251323724,998.5722251323724,8.0,12.717291528791838,6.793271097037359,727.1810630254491,1661250,1.1868787989104748,8.737534432246616,8.138045227063929,0.7676073858287114,8.174166698600953,0,0,0,0,0,5,5,1,2
277,2017,7,17,9,42931.375,70.25610419454675,-4.248454529361296,353,272,992.5188111192779,994.5188111192779,2.0,11.31292080886867,6.250852886042776,191.84519954901347,115625,1.9465859869054112,14.328698704524244,8.146701648172543,0.6722885617684906,8.174394146028314,0,0,0,2,0,4,4,1,1
277,2017,7,17,12,42931.5,71.20334912345223,-2.400214460856639,356,276,,,,10.297005910694889,,0.0,0,1.423241526027705,,22.07215432931309,35.10961012802466,41.471251730312005,0,2,2,0,0,5,7,0,0
287,2017,7,14,15,42928.625,51.08578903162484,148.69004961746552,448,505,1000.2416738716382,1004.2416738716382,4.0,7.570821486218459,2.32867102126962,858.42145040503,2315000,,,,,,3,0,0,0,0,13,13,1,1
287,2017,7,14,18,42928.75,51.24699640160808,149.7314058709173,445,506,1000.0723766445974,1004.0723766445974,4.0,8.05345925120615,2.3642384863307235,805.9473379159446,2040625,-0.16929722704080633,-1.5040367819065577,24.16067231924239,5.97514722661611,24.88856105317348,0,0,0,0,0,14,14,1,1
287,2017,7,14,21,42928.875,51.21892023465778,152.45369413229398,438,510,999.9262614780373,1003.9262614780373,4.0,8.472016848878617,2.3056720593522915,700.4249510695399,1541250,-0.14611516656004825,-1.2985982553933904,63.195710913865256,-1.040642441499557,63.20427845169881,0,0,0,0,0,13,13,1,1
287,2017,7,15,0,42929.0,51.223130579355264,153.96335341557548,434,512,999.7604895883372,1003.7604895883372,4.0,8.922990016822546,1.8998781175945623,527.373930957046,873750,-0.16577188970011775,-1.4732103648329715,35.043695981289254,0.15605632326173735,35.04404345398885,0,0,0,0,0,16,16,1,1
287,2017,7,15,3,42929.125,51.42990682451057,154.5731258304102,432,512,999.5760904476537,1003.3330784534809,3.756988005827152,8.926950657310437,2.627366506187682,472.45614366455555,701250,-0.18439914068352664,-1.6340234513198484,14.091164990755235,7.664156470627084,16.040580575619483,0,0,0,1,0,18,16,2,0
287,2017,7,15,6,42929.25,54.663328164782406,156.6559890384225,421,502,998.8077242061074,1002.8077242061074,4.0,8.817717400452965,6.919328345394097,444.46717889267717,620625,-0.7683662415463186,-6.525630194702418,44.650026510062695,119.8466829141593,127.89391022592258,0,0,1,0,0,17,17,1,1
287,2017,7,15,9,42929.375,54.756067144787295,156.99579645728028,420,502,998.3933057897488,1006.3933057897488,8.0,9.459596067005513,9.573318445731712,849.2177788324682,2265625,-0.41441841635867604,-3.5155695363760926,7.2680206291844955,3.437368026244648,8.039877039737636,0,0,2,0,0,15,15,1,2
287,2017,7,15,12,42929.5,54.756067144787295,156.99579645728028,420,502,998.3200409131662,1006.3200409131662,8.0,9.643857917715508,9.61260018170462,823.528385212276,2130625,-0.07326487658254337,-0.621516221366525,0.0,0.0,0.0,0,0,0,0,0,14,14,1,3
287,2017,7,15,15,42929.625,54.972771629162416,156.85029665837305,420,501,997.7801988712554,1007.7801988712554,10.0,9.803115665376202,9.477885254093708,1060.3912829442916,3532500,-0.5398420419107424,-4.567382568059804,-3.095365494592043,8.032146414546386,8.607941889314855,0,0,0,0,0,15,15,1,3
287,2017,7,15,18,42929.75,54.972771629162416,156.85029665837305,420,501,998.0418228727452,1007.3056788531499,9.263855980404623,9.551600664611726,8.50344498303486,972.4090217828726,2970625,0.2616240014898358,2.213493598166812,0.0,0.0,0.0,0,0,0,0,0,13,14,2,0
287,2017,7,15,21,42929.875,56.42031149238492,157.51438682803536,416,496,997.9346393244792,1008.4371294933991,10.502490168919904,9.358707830438863,6.556064096019909,1132.4270192656772,4028750,-0.107183548266039,-0.8913382852567697,13.614126753792727,53.65302963536714,55.35333807749917,0,0,0,0,0,13,14,2,0
287,2017,7,16,0,42930.0,53.54118758200208,166.44157227424222,397,515,995.1932175217586,1009.1932175217586,14.0,12.782829435265947,1.2447576004073198,1229.8653545854522,4751875,-1.243911971640482,-10.71521042109291,26.497445661113602,25.603372311862913,36.846265757923646,0,0,0,0,2,11,11,1,1
287,2017,7,16,3,42930.125,53.64924875916124,167.14000650243312,395,515,994.1739020247161,1008.1739020247161,14.0,13.11219439125292,2.540204533215583,1182.6973434056977,4394375,-1.019315497042553,-8.768305901588983,15.344122824995141,4.005284889112183,15.858260065703528,0,0,0,0,0,12,12,1,1
287,2017,7,16,6,42930.25,55.60042319509502,165.64213163716474,397,506,993.4529907391351,1007.4529907391351,14.0,12.773162007947432,2.2325382257551976,1139.4325115039226,4078750,-0.7209112855809507,-6.053221342754056,-31.365284415646528,72.32023275813195,78.8289105129887,0,0,0,0,0,8,8,1,2
287,2017,7,16,9,42930.375,55.76864970788748,165.1789319290816,398,505,993.5081964358658,1007.5081964358658,14.0,12.828841433953789,2.8294889363658875,1141.0028196686037,4090000,0.05520569673069985,0.46261347886216414,-9.657870700767418,6.235311583208851,11.495806931766044,0,0,0,0,0,12,12,1,2
287,2017,7,16,12,42930.5,55.995648096446004,165.08092307140524,398,504,993.4215165242667,1007.4215165242667,14.0,12.873923842083265,3.47774024295657,1126.791266613118,3988750,-0.08667991159905795,-0.7244144699695237,-2.0316063484512967,8.413689721399574,8.655495311248945,0,0,1,1,0,10,10,1,2
287,2017,7,16,15,42930.625,55.995648096446004,165.08092307140524,398,504,992.8271729252305,1006.8271729252305,14.0,13.060137199231047,3.8117746179263485,1121.570720669262,3951875,-0.594343599036365,-4.967138236910556,0.0,0.0,0.0,0,0,0,0,0,12,12,1,2
287,2017,7,16,18,42930.75,55.995648096446004,165.08092307140524,398,504,993.2109899599815,1007.2109899599815,14.0,12.933941929449606,3.750396319243228,1145.0929164912131,4119375,0.3838170347511186,3.2076937858520806,0.0,0.0,0.0,0,0,0,0,0,11,11,1,2
287,2017,7,16,21,42930.875,56.113581086812324,165.82389729924836,396,504,994.144726324314,1006.0524596913866,11.907733367072652,12.258648854433936,2.960624790957663,1048.9792599482562,3456875,0.9337363643324352,7.7927584354396435,15.353871673184786,4.3711834042522275,15.963978818271976,0,0,0,0,0,20,19,2,0
287,2017,7,17,0,42931.0,57.533429767342064,171.7565530271057,380,501,993.945838252004,1005.945838252004,12.0,11.97297322464909,2.733784445247002,1053.6155504100964,3487500,-0.19888807230992825,-1.6331980018674555,118.00304909207765,52.62665662595931,129.206364327203,0,0,1,0,0,17,17,1,1
287,2017,7,17,3,42931.125,58.028966142512154,172.04247477308286,379,499,993.8770776337045,1003.8770776337045,10.0,11.907453403897208,3.1462311594587664,925.5546883853631,2691250,-0.06876061829956598,-0.5615685653725819,5.611367624811194,18.367043628916235,19.20509667477078,0,0,0,0,0,18,18,1,1
287,2017,7,17,6,42931.25,58.52300849331033,172.3371311581613,378,497,993.8735552304081,1003.8735552304081,10.0,12.165558390928371,3.6759887363501913,923.0795071813883,2676875,-0.00352240329637425,-0.02861456089498028,5.702687883830927,18.31166765210261,19.17909855288963,0,0,0,0,0,18,18,1,2
287,2017,7,17,9,42931.375,58.78448642341816,172.69424046668917,377,496,994.7939204998478,1004.7939204998478,10.0,11.870938934378085,3.5124567908996687,1183.117798231951,4397500,0.9203652694396441,7.455915507849528,6.859791012755051,9.691673085837204,11.87372140238334,0,0,1,0,0,16,16,1,1
287,2017,7,17,12,42931.5,59.04452199839284,173.05720496157286,376,495,995.642642518816,1003.642642518816,8.0,11.255468725420663,2.99405396650669,813.5635313750363,2079375,0.8487220189682557,6.856743420370866,6.919974974158839,9.638212228094998,11.865124887534247,0,0,0,0,0,19,19,1,1
287,2017,7,17,15,42931.625,60.375286006157765,176.27335507676074,368,490,995.9118614632333,1001.9118614632333,6.0,10.923005775894874,2.9363929381293565,659.9149286348951,1368125,0.26921894441737093,2.1456834580962307,58.91995033645602,49.32473540821343,76.8406797909851,0,0,0,0,0,20,20,1,1
287,2017,7,17,18,42931.75,61.12389633797247,178.42756957232663,363,487,996.7564292086173,1000.7564292086173,4.0,10.750430653923013,3.0627489201437856,437.01937223683166,600000,0.8445677453839744,6.682156087707819,38.557221509945464,27.747223643831614,47.5033446244347,0,0,0,0,0,19,19,1,1
287,2017,7,17,21,42931.875,61.597857909913984,179.7717311698466,360,485,997.8013866476758,1001.8013866476758,4.0,10.036211495053879,2.760898962069186,456.17440534586456,653750,1.0449574390584895,8.230359355870787,23.69744233508393,17.56737407479207,29.498837351806,0,0,0,0,0,17,17,1,1
287,2017,7,18,0,42932.0,62.26323188210326,-177.42926288930948,354,482,998.3745329768052,1004.3745329768052,6.0,10.052686894650257,2.544617837427286,765.1739977935149,1839375,0.5731463291293767,4.486381245032175,-48.28025282920142,24.662070009595233,54.214393941183076,0,0,0,0,0,18,18,1,1
287,2017,7,18,3,42932.125,62.68445775351564,-175.96507248386905,351,480,998.3394983495361,1004.3394983495361,6.0,10.030874223268555,1.8355908200781412,728.6842106772561,1668125,-0.03503462726905127,-0.2731896329125213,24.903540516818904,15.61272662416312,29.392916883386935,0,0,0,0,0,15,15,1,1
287,2017,7,18,6,42932.25,62.87808115380062,-174.97853895779818,349,479,997.7957435954345,1003.6892410836865,5.893497488252033,10.71971468194195,2.0997099944678483,547.002095985713,940000,-0.543754754101683,-4.232674855301932,16.669671039723962,7.176646597119567,18.148889468850694,0,0,0,1,0,17,16,2,0
287,2017,7,18,9,42932.375,63.036219595964965,-170.1033280323309,339,477,997.809826405989,1005.809826405989,8.0,12.3516324227196,1.8878328502440127,786.4578167904991,1943125,0.01408281055453699,0.10946853246741046,81.91445746066289,5.861397492049684,82.12389616691695,0,0,1,0,0,15,15,1,1
287,2017,7,18,12,42932.5,63.11173187226966,-171.0524152451844,341,477,997.3746496318203,1005.3746496318203,8.0,12.501229224693615,2.0912387044002387,719.3417190233893,1625625,-0.4351767741687945,-3.380453442585106,-15.909131743822845,2.79886067482132,16.153454550633217,0,0,0,0,0,14,14,1,1
287,2017,7,18,15,42932.625,62.9184991453737,-171.5993174636821,342,478,997.4365973331875,1005.4365973331875,8.0,12.120852568504988,1.9934657929551032,713.510248150088,1599375,0.06194770136731677,0.4820368633273665,-9.228458566052842,-7.1621662975080485,11.681655429711759,0,0,0,0,0,16,16,1,1
287,2017,7,18,18,42932.75,62.65580919086027,-171.1998021236195,341,479,998.5643968050783,1006.5643968050783,8.0,11.235737927758793,1.6364351495307345,822.319624271299,2124375,1.1277994718907576,8.796518575177837,6.801830729497822,-9.736596740794596,11.877130013837215,0,0,0,0,0,13,13,1,1
287,2017,7,18,21,42932.875,61.44152186697438,-170.6496563715762,339,484,1000.2952125964713,1006.2952125964713,6.0,10.438699053888678,2.150008508541505,702.6935398469274,1551250,1.7308157913929607,13.652554666751572,9.748066452543172,-45.007529968302975,46.05108634343915,0,0,0,0,0,12,12,1,1
287,2017,7,19,0,42933.0,60.13833328330516,-169.28687697720898,335,489,1002.5755732402187,1006.5755732402187,4.0,8.983137889124333,2.9372000656778257,526.996561369576,872500,2.280360643747408,18.217544146214127,25.149558490210406,-48.30265298837506,54.457750393932834,0,0,0,0,0,12,12,1,1
287,2017,7,19,3,42933.125,59.49786851258381,-167.77140926667434,331,491,1003.1288471861542,1005.1288471861542,2.0,8.433298136824112,3.869561639891471,206.33455182562614,133750,0.553273945935507,4.448872575397833,28.510005989228894,-23.73881106626153,37.09921282649442,0,0,0,0,0,11,11,1,1
287,2017,7,19,6,42933.25,58.77940702896197,-165.91327568212853,326,493,,,,7.924180054627958,,0.0,0,1.0945330373020261,,35.69741514555177,-26.629757322757094,44.53593406613141,0,2,2,0,0,11,10,0,0
293,2017,7,13,21,42927.875,79.00175035707659,29.962184096417754,384,317,997.7208818186384,1003.7208818186384,6.0,13.426227729554613,3.495299734373911,447.14471623758845,628125,,,,,,3,0,0,0,0,13,13,1,1
293,2017,7,14,0,42928.0,80.7266265936,28.113208876055957,379,323,995.6907604156213,1001.6907604156213,6.0,15.005721658193922,4.625776077173868,373.442791983288,438125,-2.0301214030171106,-14.251348661560971,-11.043171100778729,63.9324955303878,64.87923868776613,0,0,0,0,0,13,13,1,1
293,2017,7,14,3,42928.125,81.82209192911196,23.404689551032313,374,326,993.6823773421033,1001.6823773421033,8.0,16.413445672704515,5.908750498047666,405.12780090178586,515625,-2.008383073518053,-14.057434010763393,-24.818317063210202,40.60339587463634,47.58765195302733,0,0,0,0,0,8,8,1,1
293,2017,7,14,6,42928.25,82.27737235015209,19.486129572465757,371,327,991.5753748332082,999.5753748332082,8.0,18.076706029453504,6.669322465495133,357.1034838143996,400625,-2.107002508895093,-14.73135189064678,-19.513437850973066,16.874957673420507,25.79803196454183,0,0,0,0,0,5,5,1,1
293,2017,7,14,9,42928.375,82.77492682245808,18.996654155488557,370,329,990.1132276348475,1000.1132276348475,10.0,19.526937373754315,5.94273598706357,398.69286350903053,499375,-1.4621471983607626,-10.21113178696504,-2.281714583730175,18.441844349911687,18.58246066773657,0,0,0,0,0,7,7,1,1
293,2017,7,14,12,42928.5,83.05861782993202,17.850318302216834,369,330,988.7423068760752,998.7423068760752,10.0,20.62189445802589,6.159809860498135,366.45188392718995,421875,-1.3709207587722632,-9.568149162618035,-5.134863221104806,10.515000255262072,11.70179689909273,0,0,0,0,0,8,8,1,1
293,2017,7,14,15,42928.625,83.61641440899865,21.614778942786245,370,333,988.1081146947353,998.1081146947353,10.0,21.217587639582987,4.2686428817883275,366.99437405976187,423125,-0.6341921813398949,-4.421224741265057,15.510739698019705,20.674716563966314,25.846217343744275,0,0,0,0,0,6,6,1,1
293,2017,7,14,18,42928.75,83.73550304810881,24.27444113443946,371,334,987.9439378784701,997.9439378784701,10.0,21.445078744767567,4.407419537219248,378.99516638136106,451250,-0.16417681626509875,-1.1442831369281259,10.755970597183644,4.4140174966848855,11.626454917493955,0,0,0,0,0,5,5,1,1
293,2017,7,14,21,42928.875,83.93088208012927,29.875992691689433,373,336,988.8577679170221,998.8577679170221,10.0,20.86253891677952,3.6718563507939694,407.57572529796937,521875,0.9138300385519688,6.366886141842904,21.94277239939921,7.241719044466692,23.106876796547546,0,0,0,0,0,7,7,1,1
293,2017,7,15,0,42929.0,83.93088208012927,37.504142360270144,376,338,990.0079842573576,998.0079842573576,8.0,19.479515253731545,3.6030800934284337,395.6875980703111,491875,1.1502163403354644,8.013849587399681,29.87144220154929,0.0,29.87144220154929,0,0,0,0,0,7,7,1,1
293,2017,7,15,3,42929.125,84.29758325555875,46.59114027119459,378,342,991.9135249929194,999.9135249929194,8.0,18.377343404434995,2.595700930071398,460.514887566027,666250,1.9055407355618081,13.26762994168233,33.43123932306774,13.59177010078498,36.08855742681915,0,0,0,0,0,7,7,1,1
293,2017,7,15,6,42929.25,87.29060208577239,51.709836807756936,369,352,992.8765859812936,998.8765859812936,6.0,16.061903390348025,2.6897936930022843,414.5929793656026,540000,0.9630609883742,6.679749309164337,8.96535059273644,110.9361697571296,111.29784935762845,0,0,0,0,0,8,8,1,1
293,2017,7,15,9,42929.375,88.28799259181008,78.69006752597979,367,358,994.0474963665166,1000.0474963665166,6.0,14.888236570559808,2.9805166858640586,432.443127050225,587500,1.17091038522296,8.115927892634582,29.601334804202423,36.968254718279944,47.3591689021895,0,0,0,0,0,6,6,1,1
293,2017,7,15,12,42929.5,88.50684967629154,102.9946167919165,366,361,994.7915785716698,1000.7915785716698,6.0,14.25825498953415,3.2979747231316288,444.01935290602523,619375,0.744082205153245,5.156903778086663,23.298296760827522,8.111932484852531,24.670104997636148,0,0,0,0,0,7,7,1,1
293,2017,7,15,15,42929.625,88.54079135059384,122.47119229084849,365,363,996.047743796365,1000.047743796365,4.0,13.14010737158303,2.692731039156279,379.51972741632983,452500,1.2561652246951416,8.705791184760441,18.295001971823332,1.2580473280790716,18.338205480054654,0,0,0,0,0,8,8,1,1
293,2017,7,15,18,42929.75,88.54079135059384,147.52880770915152,363,365,997.2867028213619,1001.2867028213619,4.0,11.4500597474029,2.833118171486858,412.4279881742546,534375,1.2389590249970206,8.586544465690118,23.463181545855566,0.0,23.463181545855566,0,0,0,1,0,7,7,1,2
293,2017,7,15,21,42929.875,85.04120398573185,118.30075576600638,379,370,997.9595872570876,1001.9595872570876,4.0,16.304622546062763,2.1130117182371033,412.1867316527768,533750,0.1803064641918172,1.2538930010452862,26.26714857634746,-2.6437379477977427,26.3998569062133,0,0,0,0,2,7,7,1,1
293,2017,7,16,0,42930.0,84.68944979148007,124.69515353123397,379,373,998.3680463218808,1002.3680463218808,4.0,15.646042968129843,2.152110059294573,388.8408362521876,475000,0.4084590647932782,2.8420865783284466,21.924756107994636,-13.037760608913876,25.508393365525677,0,0,0,0,0,7,7,1,1
293,2017,7,16,3,42930.125,84.42215443618338,128.48019824834302,379,375,998.4732573487063,1004.4732573487063,6.0,15.282127151493619,2.063691196887303,504.23211082724873,798750,0.10521102682541823,0.7323912059755395,13.633712946224962,-9.907295808215833,16.853267900664047,0,0,0,0,0,7,7,1,1
293,2017,7,16,6,42930.25,83.96405751477053,130.48601154199872,380,377,998.828741906358,1004.828741906358,6.0,15.032821674615835,1.7772208383138062,476.23081998748347,712500,0.35548455765179826,2.4765992110292467,7.817198744110705,-16.979351190866637,18.692430635626557,0,0,0,0,0,3,3,1,1
293,2017,7,16,9,42930.375,83.64795402731067,130.71084667118097,381,378,998.810682836537,1004.810682836537,6.0,14.966657535251217,2.04739353490957,454.2076562354155,648125,-0.01805906982102897,-0.12588976002120358,0.9219950826259704,-11.716368033395426,11.752589281786234,0,0,0,0,0,7,7,1,1
293,2017,7,16,12,42930.5,83.0153336286293,131.09950625761812,383,380,999.604291083969,1005.604291083969,6.0,14.29480092206542,2.6009494320220985,454.42660426270623,648750,0.7936082474319847,5.539388515413525,1.7517781794709724,-23.448059608409437,23.51340524444711,0,0,0,0,0,8,8,1,1
293,2017,7,16,15,42930.625,82.54896389086154,132.56335175318986,384,382,999.3052248343799,1005.3052248343799,6.0,14.292201255938327,3.0267307375247765,437.4743638980508,601250,-0.2990662495890865,-2.089636554446078,7.035850101627867,-17.285982926776203,18.66302205960694,0,0,0,0,0,8,8,1,1
293,2017,7,16,18,42930.75,82.06548119795731,131.56636963754949,386,383,999.3889963544866,1005.3889963544866,6.0,14.01011853973014,3.200669023053633,437.7016823669622,601875,0.08377152010667487,0.5859961635394759,-5.100992177861904,-17.92027419046649,18.63213214476829,0,0,0,0,0,8,8,1,1
293,2017,7,16,21,42930.875,81.57971479655522,130.6839724801344,388,384,999.6030202519745,1007.6030202519745,8.0,13.799799977514716,3.4268245775214012,533.3755344752541,893750,0.21402389748793213,1.4989590098270182,-4.789204303260284,-18.004919790098445,18.63098533374565,0,0,0,0,0,14,14,1,1
293,2017,7,17,0,42931.0,80.77560590133797,130.072890052351,391,386,1000.4775589414769,1008.4775589414769,8.0,12.574618569810646,2.765871120807278,579.6687619690783,1055625,0.8745386895023693,6.138362431947855,-3.6307719251608495,-29.804276539306944,30.02461331647784,0,0,0,0,0,11,11,1,1
293,2017,7,17,3,42931.125,79.97012154697661,129.5596679689945,394,388,1000.7300028292868,1008.7300028292868,8.0,12.155123483847378,2.7139140061518265,581.8953010877535,1063750,0.25244388780993177,1.776126991433744,-3.312991510795253,-29.855257898850148,30.03851422686308,0,0,0,0,0,12,12,1,1
293,2017,7,17,6,42931.25,79.19136629410536,130.79464299829144,396,391,1001.0503128989264,1009.0503128989264,8.0,11.469898263013398,1.930863858498196,593.9083621463947,1108125,0.3203100696396723,2.259254688175687,8.583867096702248,-28.864544405694474,30.113862224599416,0,0,0,0,0,11,11,1,1
293,2017,7,17,9,42931.375,78.42077432621237,133.43064519525103,397,395,1001.1298227721494,1007.1298227721494,6.0,11.18723226108609,1.5442609352404544,481.6309059398467,728750,0.07950987322285073,0.5623045305069759,19.609624981297586,-28.56197244758241,34.64568749503446,0,0,0,0,0,12,12,1,1
293,2017,7,17,12,42931.5,77.62808218087591,135.7345210342548,398,399,1000.8712119208561,1006.8712119208561,6.0,10.942837869092497,1.885215354283864,478.93847384731384,720625,-0.2586108512931969,-1.834305871251685,18.294860345925347,-29.381114984135234,34.61144077885068,0,0,0,0,0,14,14,1,1
293,2017,7,17,15,42931.625,77.3015535179376,137.14758542829853,398,401,1000.3304522266606,1006.3304522266606,6.0,10.660562097509855,2.1887579469093907,495.47603344586565,771250,-0.5407596941955853,-3.8404279913081574,11.512825264985667,-12.102776907590345,16.703962238253368,0,0,0,0,0,15,15,1,1
293,2017,7,17,18,42931.75,76.81707071097348,137.75910765862028,399,403,1000.1050771474012,1004.1050771474012,4.0,10.347273716800558,2.535840125773029,334.67191576366446,351875,-0.22537507925939282,-1.6037070121596508,5.169215535617855,-17.95734339364177,18.686545186599975,0,0,0,0,0,14,14,1,1
293,2017,7,17,21,42931.875,76.49856492652563,137.6942842898561,400,404,999.9141015066972,1005.9141015066972,6.0,10.407412668183891,2.8072087184163683,485.5391430717712,740625,-0.1909756407039822,-1.3607228892035477,-0.5609521960605686,-11.805409112515212,11.81872885212798,0,0,0,0,0,13,13,1,1
293,2017,7,18,0,42932.0,75.84326231370127,138.85680098558987,401,407,1000.0041110432066,1004.0041110432066,4.0,9.2346113012857,2.7489599634576005,354.02615395598616,393750,0.09000953650946031,0.6431362170339356,10.53825099378323,-24.288775320997495,26.476392137182707,0,0,0,0,0,13,13,1,1
293,2017,7,18,3,42932.125,75.84326231370127,138.85680098558987,401,407,1000.2308027334869,1002.2308027334869,2.0,8.490832815888657,3.264395630446306,204.39709528665645,131250,0.2266916902802768,1.619757658729444,0.0,0.0,0.0,0,0,0,0,0,10,10,1,1
293,2017,7,18,6,42932.25,75.67252692757445,139.44738485009051,401,408,1000.2701989273951,1002.2701989273951,2.0,7.9548442654564235,4.328509455262974,211.1004122822376,140000,0.03939619390817825,0.2817067095429831,5.416950380396121,-6.328302912000967,8.330112194305284,0,0,0,0,0,11,11,1,1
293,2017,7,18,9,42932.375,75.67252692757445,139.44738485009051,401,408,,,,7.9548442654564235,,0.0,0,0.0,,0.0,0.0,0.0,0,3,0,0,0,11,11,0,0
299,2017,7,10,12,42924.5,61.54811344796569,120.33845225139075,468,423,991.9732632938554,993.9732632938554,2.0,9.354007692628297,5.191357140686014,215.29950574842135,145625,0.4822656163998181,3.800236272650453,6.172171552781038,45.77089976268982,46.18518124640369,2,0,0,2,0,17,17,1,1
299,2017,7,10,15,42924.625,62.924277671131435,119.24047783310714,464,418,991.7631971910982,993.7631971910982,2.0,9.241769980619985,5.398179425409617,211.57109383040859,140625,-0.21006610275711865,-1.634513985032746,-18.523458178862533,51.00749328192704,54.2667750452328,0,0,0,0,0,17,17,1,1
299,2017,7,10,18,42924.75,63.52567570519628,119.95719925394616,461,418,991.5176980468495,993.5176980468495,2.0,9.7740442055612,3.7530670194265987,191.3259964331453,115000,-0.2454991442487517,-1.900126168632591,11.842644910716764,22.29080342734064,25.24139766173155,0,0,0,0,0,17,17,1,1
299,2017,7,10,21,42924.875,64.15402670022519,119.58960856185033,459,416,991.4557888330519,993.4557888330519,2.0,9.684526166888,3.857522723326692,193.39444569737623,117500,-0.06190921379762585,-0.4765936291244662,-5.939742963033386,23.28981426642515,24.035307258936488,0,0,0,0,0,16,16,1,1
299,2017,7,11,0,42925.0,65.29336714406107,119.25796004912912,455,413,991.4943073566491,993.4943073566491,2.0,10.072598492702964,3.443093166372782,219.87113035631398,151875,0.03851852359715849,0.2937545068006088,-5.137936294028857,42.2296256918364,42.54103519466948,0,0,0,0,0,17,17,1,1
299,2017,7,11,3,42925.125,68.2862653290586,117.49552727315638,445,404,991.7386556584819,993.7386556584819,2.0,11.291729263576745,3.2035739960122736,243.48555665938588,186250,0.24434830183279702,1.8221901830357528,-24.16725875909076,110.93169804514467,113.5336867502681,0,0,0,0,0,12,12,1,1
299,2017,7,11,6,42925.25,67.07063509515186,121.73667125659367,446,413,991.758932279102,993.758932279102,2.0,10.059545588912561,4.884974644198882,233.47498368984665,171250,0.020276620620134054,0.15253279734988368,61.23181530117043,-45.05730489538933,76.02299605719789,0,0,0,0,0,15,15,1,1
299,2017,7,11,9,42925.375,68.40257974490686,121.78367593620938,441,410,991.6827396351588,993.6827396351588,2.0,11.341076647332798,5.0632286572423615,206.33455182562614,133750,-0.07619264394321362,-0.567737214581394,0.6412836942589429,49.368495874706674,49.37266075175059,0,0,0,0,0,13,13,1,1
299,2017,7,11,12,42925.5,70.39395673159068,119.94878000740901,435,403,991.3066027468573,995.3066027468573,4.0,13.653730356848717,4.918286686516439,348.64679517591304,381875,-0.37613688830155295,-2.7663394511884705,-22.820078500522705,73.81033931865667,77.25750561016874,0,0,0,0,0,16,16,1,1
299,2017,7,11,15,42925.625,70.30801547268727,122.8729089650699,433,407,991.3711245161107,995.3711245161107,4.0,14.046031106201632,3.9673197334579893,333.48090872711424,349375,0.06452176925347886,0.4747865419945208,36.51752854712415,-3.18541065983527,36.65619636926095,0,0,0,0,0,16,16,1,1
299,2017,7,11,18,42925.75,71.56817926601022,124.56252464888182,427,406,991.4287377450306,995.4287377450306,4.0,15.449765435011978,6.764139392049475,312.5401515368078,306875,0.057613228919944956,0.4207398783347238,19.80005281623998,46.707940186224725,50.73138838988974,0,0,0,0,0,14,14,1,1
299,2017,7,11,21,42925.875,71.85556471280432,126.94089609712906,424,408,992.2086534181616,996.2086534181616,4.0,15.112178289981458,8.282993885643446,342.31246961133036,368125,0.7799156731308904,5.686161491185252,27.450652996753877,10.651934558328037,29.44489870560087,0,0,0,0,0,15,15,1,1
299,2017,7,12,0,42926.0,72.6306321893925,130.80233164283908,418,410,993.1609889423548,997.1609889423548,4.0,14.982487737724032,4.582074794376531,376.09700300975805,444375,0.9523355241933313,6.913216237924949,42.71952972792575,28.727857067935343,51.480559358760416,0,0,0,1,0,18,18,1,2
299,2017,7,12,3,42926.125,73.45912269121469,132.24751459973132,414,409,994.5423898287222,997.7360529495031,3.1936631207808386,14.218388219671867,5.309674137008696,392.6593321446386,484375,1.381400886367337,9.983786498389161,15.24973947142668,30.707980191943484,34.2860700783158,0,0,0,0,0,16,18,2,0
299,2017,7,12,6,42926.25,74.43727010137432,134.41536947929484,409,408,996.1431338742773,996.1431338742773,0.0,13.309596354538924,2.8140476434646553,14.104739588693906,625,1.6007440455550386,11.512354150638366,21.55656775061908,36.255009840088796,42.179513412223784,0,0,0,2,0,18,18,1,1
299,2017,7,12,9,42926.375,76.50981317497545,136.34788728019862,401,403,997.3062031406172,997.3062031406172,0.0,13.451499230495651,2.863681381937422,14.104739588693906,625,1.1630692663398805,8.286608703356626,16.708715546669925,76.81875834558817,78.6149019523487,0,0,0,0,0,15,15,1,1
299,2017,7,12,12,42926.5,76.79790115580063,139.1346713737364,398,404,997.7517683480474,999.7517683480474,2.0,13.475195782232307,3.9612651385898063,178.96908195899073,100625,0.4455652074303362,3.170768004015083,23.588317082959005,10.677973965012043,25.892621165183154,0,0,0,0,0,16,16,1,1
299,2017,7,12,15,42926.625,77.54667552188401,141.581944655178,394,403,998.2219911539121,1000.2219911539121,2.0,13.807475290329,4.312937423454423,173.8949084575512,95000,0.4702228058646142,3.3362955104821372,19.55926412566172,27.753303569988926,33.95306572587161,0,0,0,0,0,14,14,1,1
299,2017,7,12,18,42926.75,78.58316097044938,144.59313426273033,389,401,998.8668885443511,1002.8668885443511,4.0,14.313930919691654,3.7661765016194835,318.2174296644016,318125,0.6448973904390004,4.558172554884334,22.090181111602593,38.41730780712649,44.315523698709754,0,0,0,0,0,12,12,1,1
299,2017,7,12,21,42926.875,80.08122590147202,147.92599912470595,383,397,999.6443693746176,1003.6443693746176,4.0,14.144110372736055,3.119801350494745,296.87042583783426,276875,0.7774808302664314,5.468279922639051,21.275804059677778,55.525740037949454,59.46232122233158,0,0,0,0,0,12,12,1,1
299,2017,7,13,0,42927.0,80.92411473939465,151.22019369560277,379,395,999.3059280846473,1005.3059280846473,6.0,14.630709018012851,3.4678035051548797,344.91784523447285,373750,-0.3384412899702147,-2.3745183309260636,19.257649065015467,31.2416541674415,36.70010902748527,0,0,0,0,0,11,11,1,1
299,2017,7,13,3,42927.125,81.73037426799948,155.17065341185042,375,393,999.2896356610877,1005.2896356610877,6.0,14.695976083910509,3.8390006424648893,341.4395932149834,366250,-0.016292423559643793,-0.11406323073766192,21.05626925251894,29.883989713230335,36.55706930287261,0,0,0,0,0,11,11,1,1
299,2017,7,13,6,42927.25,82.48851030031587,159.94390526342457,371,391,999.3287332116562,1005.3287332116562,6.0,14.742376665616888,4.351364185302591,334.076942998453,350625,0.039097550568549196,0.27322037123704424,23.121355384676043,28.100293500005623,36.38988279193746,0,0,0,0,0,11,11,1,1
299,2017,7,13,9,42927.375,83.0153336286293,167.96940390346214,366,390,999.0258052159204,1005.0258052159204,6.0,14.966399227187345,4.110701370371971,337.6310530587642,358125,-0.30292799573580853,-2.1144385356453714,36.14370941609399,19.52669378215143,41.08113314426651,0,0,0,0,0,14,14,1,1
299,2017,7,13,12,42927.5,83.36947215595745,175.15599962491933,362,389,998.3843163336112,1004.3843163336112,6.0,15.362399867384637,4.103280365624232,326.54833007009836,335000,-0.6414888823092042,-4.474292165290042,30.73701397994319,13.12613585608844,33.422439631417,0,0,0,0,0,16,16,1,1
299,2017,7,13,15,42927.625,83.61641440899865,-178.99491399474581,359,388,998.3573440917091,1004.3573440917091,6.0,14.8031942029473,3.794343863702961,361.5328436175876,410625,-0.02697224190211273,-0.188035025870328,-24.093986661846976,9.152908570785906,25.773938941621363,0,0,0,0,0,15,15,1,1
299,2017,7,13,18,42927.75,83.59286112779053,-174.98688624496418,357,388,997.8708445071834,1003.8708445071834,6.0,14.590145429562913,3.6834079074815964,376.3613946086751,445000,-0.4864995845257363,-3.3917528038152436,16.574596815655333,-0.8730017920580795,16.597571862488458,0,0,0,0,0,13,13,1,1
299,2017,7,13,21,42927.875,83.53823583402195,-171.0273733851036,355,388,997.9234343702559,1003.9234343702559,6.0,14.216664677765506,3.7448129347859496,416.50796867546956,545000,0.0525898630724987,0.3666827287387218,16.513061076365513,-2.0246851778452615,16.636722519209247,0,0,0,0,0,17,17,1,1
299,2017,7,14,0,42928.0,83.33924507571125,-163.393019421383,351,388,997.9440598833338,1001.9440598833338,4.0,13.636380006705611,2.793629396961769,348.64679517591304,381875,0.020625513077975485,0.14386881322338907,32.79753256499994,-7.375587591100605,33.61662437940831,0,0,0,0,0,19,19,1,1
299,2017,7,14,3,42928.125,82.86589571243788,-137.5448043798131,338,383,997.1513565710036,1001.1513565710036,4.0,12.68141177704342,3.074055166339822,367.2653186327036,423750,-0.7927033123302681,-5.534859476647085,117.9926705192187,-17.544682575476997,119.28992490118833,0,0,0,0,0,14,14,1,1
299,2017,7,14,6,42928.25,82.54896389086154,-132.56335175318986,335,382,995.7704789812774,999.7704789812774,4.0,12.76875333789186,3.2746127392128983,357.93816391798146,402500,-1.3808775897261512,-9.648471844187856,23.93615895442705,-11.747070217169608,26.663333703397097,0,0,0,0,0,11,11,1,1
299,2017,7,14,9,42928.375,82.0401781227755,-129.28940686250036,332,382,994.8413409974876,998.8413409974876,4.0,13.063074886794121,2.8492336682961468,351.7711873561401,388750,-0.9291379837898421,-6.499880404415425,16.801960252206452,-18.858132053374273,25.25737541509861,0,0,0,0,0,13,13,1,1
299,2017,7,14,12,42928.5,81.57971479655522,-123.05582281155367,328,380,993.8228669211114,997.8228669211114,4.0,12.593199635339168,2.7117589865388436,357.66015365163463,401875,-1.018474076376151,-7.133086122522198,33.81673377665594,-17.06706192719065,37.87949426995803,0,0,0,0,0,12,12,1,1
299,2017,7,14,15,42928.625,81.26884449559647,-123.48616881551298,327,381,992.4150436367152,996.4150436367152,4.0,13.417677010344748,2.6649606462407247,353.46376098143054,392500,-1.4078232843962906,-9.868041725227359,-2.421293433175509,-11.522400103693409,11.774054783256817,0,0,0,0,0,10,10,1,1
299,2017,7,14,18,42928.75,80.81387977067912,-120.00492087082402,324,380,991.0826157944598,995.0826157944598,4.0,13.708387981224222,2.6036910873055605,335.8586993311039,354375,-1.3324278422552742,-9.351261113590821,20.59590457082006,-16.863256404348796,26.618803535266895,0,0,0,0,0,10,10,1,1
299,2017,7,14,21,42928.875,80.52790272817788,-117.47443162627712,322,379,990.2083971520588,996.2083971520588,6.0,13.809056347588552,2.864649618454059,470.768794904106,696250,-0.8742186424011016,-6.140484638108038,15.433958865908387,-10.59973208765132,18.72328514456096,0,0,0,0,0,11,11,1,1
299,2017,7,15,0,42929.0,80.32801610185905,-116.8619178444027,321,379,988.3963202533918,996.3963202533918,8.0,15.124747101708042,3.4772153161925967,887.3663735724676,2473750,-1.8120768986670008,-12.735462218990387,3.814221627376196,-7.408792916916881,8.332976605541507,0,0,0,0,0,12,12,1,1
299,2017,7,15,3,42929.125,79.31333089952494,-114.14554196042165,316,379,987.2775161740939,997.2775161740939,10.0,15.618650104425013,2.108582081328423,1040.6965877432037,3402500,-1.1188040792978426,-7.8881137280824785,18.66865433593463,-37.60928221362,41.98781684415521,0,0,0,0,0,11,11,1,1
299,2017,7,15,6,42929.25,78.86049682624065,-110.62353138332523,313,377,986.0493455360695,996.0493455360695,10.0,16.157100176070188,3.734003813515956,961.9184219051565,2906875,-1.2281706380244577,-8.672406570993992,25.21693266062239,-16.784283853668168,30.292010122982433,0,0,0,0,0,10,10,1,1
299,2017,7,15,9,42929.375,78.43822127948934,-109.84069808396835,311,377,985.0843484428468,995.0843484428468,10.0,16.826091083945983,3.882352501708519,602.0592851968912,1138750,-0.9649970932226278,-6.8241639416444535,5.815410681685777,-15.651632814934137,16.69708391217425,0,0,0,0,0,9,9,1,1
299,2017,7,15,12,42929.5,78.22625126659021,-109.47030200946695,310,377,985.0669602830142,993.0669602830142,8.0,16.59000244775391,3.7117744582363956,522.4468656261615,857500,-0.017388159832626114,-0.12305771890757565,2.8013071867094532,-7.8566633450552334,8.341131869946938,0,0,0,1,0,9,9,1,2
299,2017,7,15,15,42929.625,77.6485162611295,-110.73870914752221,308,379,985.1345751224555,993.7359345122642,8.601359389808641,16.3965658352896,3.6199276015537176,616.4271462483625,1193750,0.0676148394413758,0.4795491081272547,-10.056374471194376,-21.413733850731976,23.657528715714886,0,0,0,0,0,11,10,2,0
299,2017,7,15,18,42929.75,74.02184071133586,-97.67447951689392,289,369,982.5748262131026,992.5748262131026,10.0,16.77450077631883,4.144152535419781,593.4056888763525,1106250,-1.1611082991615695,-8.36766479903088,27.21058033232826,-12.62337463618396,29.996087565339952,0,0,0,0,2,9,9,1,1
299,2017,7,15,21,42929.875,74.05048262431288,-96.87481802870425,289,368,982.5116027437575,992.5116027437575,10.0,16.63324707442044,4.452051252781967,616.2657567584258,1193125,-0.06322346934510278,-0.4555622867147886,8.144567498779619,1.0616118041469533,8.213464516565555,0,0,0,0,0,5,5,1,1
299,2017,7,16,0,42930.0,74.2749839527336,-96.97276928602646,290,368,982.439800496728,992.439800496728,10.0,16.369569412889295,6.241671988502203,658.405859820939,1361875,-0.07180224702955457,-0.5168026712859879,-0.9839572183473176,8.321136248449617,8.379109754192266,0,0,0,0,0,5,5,1,1
299,2017,7,16,3,42930.125,74.2459452108763,-97.7835595264654,290,369,983.1648245417298,995.1648245417298,12.0,15.593350496626742,6.502395580818411,1095.458018781592,3770000,0.7250240450017736,5.219166576758434,-8.159290629770322,-1.076320256891545,8.229975022832868,0,0,0,0,0,5,5,1,2
299,2017,7,16,6,42930.25,74.36241491783365,-100.34164529447891,291,372,984.3470930338386,992.3470930338386,8.0,15.083232222054933,7.75567308095684,836.7095110762604,2199375,1.182268492108851,8.505831641360977,-25.55566887817229,4.316946840478937,25.917720614172556,0,0,0,0,0,2,2,1,2
299,2017,7,16,9,42930.375,73.83215495674874,-101.62216796356957,289,374,986.1402423977419,991.4511383291654,5.310895931423584,13.790947560154137,5.912840986988012,575.3627391751592,1040000,1.7931493639032123,12.934876184360713,-13.21579230253652,-19.654072491794423,23.684166265598073,0,0,0,0,0,6,5,2,0
299,2017,7,16,12,42930.5,73.13023750115167,-105.05431655960483,287,379,988.7847745438512,992.2347087572645,3.4499342134132167,12.01752935239042,4.925727138090806,583.7726628538894,1070625,2.644532146109414,19.145758109835022,-36.91165786430245,-26.01655332855056,45.1589585064651,0,0,0,0,0,7,6,2,0
299,2017,7,16,15,42930.625,69.5576217519029,-85.26255665198988,269,352,987.1444543916488,991.1444543916488,4.0,8.756225490038455,6.41923729887967,439.74226071262797,607500,0.9097456343843078,6.726512034332516,1.3201815493637066,16.830550777830943,16.88224863009742,0,0,0,0,2,7,7,1,1
299,2017,7,16,18,42930.75,69.7845066056528,-85.20986927763677,270,352,988.2707408731147,992.2707408731147,4.0,8.14037783796554,7.103975654649621,460.29883553088166,665625,1.1262864814659406,8.315371729893322,0.6748132908178227,8.409481556493835,8.436513084590953,0,0,0,0,0,7,7,1,1
299,2017,7,16,21,42930.875,70.74936002035929,-87.65586752593016,274,356,989.8029296160178,991.8029296160178,2.0,8.112010955047921,4.479713932052037,277.83114908082075,242500,1.5321887429030903,11.244020612621505,-29.88897210257799,35.76226822368003,46.60783712908291,0,0,0,0,0,11,11,1,1
299,2017,7,17,0,42931.0,70.27166384854063,-93.59671707762847,272,365,,,,9.17119599255521,,0.0,0,0.8615257249094429,,-74.30052877366327,-17.70579692792129,76.38104359655445,0,2,2,0,0,10,9,0,0
302,2017,7,16,6,42930.25,41.815529300498234,141.61905331547706,489,523,1002.9868101801446,1006.9868101801446,4.0,7.699276982888635,8.362688715001276,981.2682638840241,3025000,,,,,,3,0,0,0,0,10,10,1,1
302,2017,7,16,9,42930.375,41.68446004413354,142.77389214987068,486,526,1001.7977345781321,1005.7977345781321,4.0,8.857800194986599,8.68015460491617,373.97514120861433,439375,-1.1890756020125992,-12.387688340361844,31.96663785362954,-4.858078782276535,32.33368004295067,0,0,0,0,0,14,14,1,1
302,2017,7,16,12,42930.5,41.73166183967777,143.76090641547555,483,528,1001.6044151976795,1005.6044151976795,4.0,9.665716267106236,8.453405162402413,281.3886710374423,248750,-0.19331938045259447,-2.012124009905503,27.301154909073695,1.7495333976777399,27.357154941236644,0,0,0,0,0,12,12,1,1
302,2017,7,16,15,42930.625,41.9835897981295,145.58374066770824,477,531,1000.3044701250974,1006.3044701250974,6.0,10.485651365068067,7.216327239070669,478.93847384731384,720625,-1.2999450725820498,-13.463963059950236,50.221320463504654,9.337703619917745,51.08202950149354,0,0,0,0,0,14,14,1,1
302,2017,7,16,18,42930.75,42.12239120511186,146.80814408663386,473,533,999.1476942593783,1007.1476942593783,8.0,11.50517052046081,4.3279010519284205,622.8484356458599,1218750,-1.1567758657191007,-11.94897979398405,33.660524775204465,5.144670755855047,34.051410621709984,0,0,0,0,0,13,13,1,1
302,2017,7,16,21,42930.875,42.57648082010892,148.12762197359083,468,534,998.2022992624925,1008.2022992624925,10.0,12.511246794941728,4.636683109578517,689.9798718249917,1495625,-0.9453949968858797,-9.680967713889183,36.01309134010945,16.83082047655138,39.751971847758284,0,0,0,0,0,21,21,1,1
302,2017,7,17,0,42931.0,42.54060799719592,149.13181598898234,465,536,997.508750204141,1007.508750204141,10.0,13.150905580317328,5.5310060975720265,620.7688023421052,1210625,-0.6935490583513456,-7.106876844388181,27.423787787355085,-1.3296253041148365,27.45600189494509,0,0,0,0,0,18,18,1,1
302,2017,7,17,3,42931.125,42.5178990443629,150.75603376858288,460,539,996.7658120786244,1006.7658120786244,10.0,13.543054624219007,4.617063604120849,587.6786762418839,1085000,-0.7429381255166664,-7.6162625073492505,44.37188314907888,-0.8417067814808363,44.37986575578503,0,0,0,0,0,19,19,1,1
302,2017,7,17,6,42931.25,43.003738675130805,152.36588711632228,454,540,996.2765872630338,1006.2765872630338,10.0,13.516625584887958,5.960969499069761,544.0847306724618,930000,-0.48922481559071457,-4.9695307134226825,43.63594875767547,18.007634034752122,47.20562368523524,0,0,0,0,0,19,19,1,1
302,2017,7,17,9,42931.375,42.79214676740452,153.12186024790137,452,542,996.9379096443939,1004.9379096443939,8.0,13.3326250110004,5.723924889983173,458.34978442375404,660000,0.6613223813602235,6.7444445191127125,20.56174340415124,-7.842648886068842,22.00664520930698,0,0,0,0,0,17,17,1,1
302,2017,7,17,12,42931.5,42.46295311606754,153.62157936648757,451,544,998.802359983788,1004.5823668748408,5.780006891052762,11.907979311046088,4.783520257143391,420.54836881251686,555625,1.8644503393940977,19.1335141874187,13.663975940849022,-12.201554637423227,18.318902098164212,0,0,0,1,0,21,20,2,0
302,2017,7,17,15,42931.625,44.71465368842846,158.0633954377217,433,542,998.7035598864214,1004.7035598864214,6.0,12.448619810870236,4.600170974141147,488.6025119029199,750000,-0.09880009736662032,-0.9728965969200232,116.97891507691871,83.45922665639449,143.69937051586686,0,0,1,0,0,21,21,1,1
302,2017,7,17,18,42931.75,46.48467680379622,160.4173760573632,423,538,1000.0649240093232,1006.0498696833779,5.984945674054615,11.445172075240158,4.2425600501272855,547.5473715116874,941875,1.3613641229018685,13.005976426248994,60.07379957152311,65.60586349083036,88.95499266110362,0,0,0,1,0,20,21,2,0
302,2017,7,17,21,42931.875,47.33475233326073,161.66249288502706,418,536,1001.4319881363814,1005.4319881363814,4.0,10.989706162512862,3.5391575342202124,402.6649950950149,509375,1.367064127058111,12.880410554305945,31.276310876878696,31.508028713713774,44.39553463459329,0,0,0,0,0,18,18,1,1
302,2017,7,18,0,42932.0,47.410100081318475,161.95547634026727,417,536,1002.3221608917124,1006.3221608917124,4.0,10.684744589107689,3.41576345649999,411.2202901549713,531250,0.8901727553310047,8.377017680610122,7.349069997747078,2.7927624393710206,7.861828786901163,0,0,0,0,0,19,19,1,1
302,2017,7,18,3,42932.125,48.08914865817478,162.65532367162,414,534,1002.855578082153,1006.855578082153,4.0,10.15247165739582,3.4939336445123628,403.89827515005896,512500,0.5334171904405229,4.965999648928544,17.32705577844443,25.168918897209544,30.556526968941284,0,0,0,0,0,16,16,1,1
302,2017,7,18,6,42932.25,48.98982461665912,163.28543194194995,411,531,1003.5998845652696,1007.5998845652696,4.0,9.428130004547187,4.177887042700823,379.25753759061985,451875,0.7443064831166702,6.8337583260118295,15.32531035546291,33.38353237806139,36.73316446385108,0,0,0,0,0,18,18,1,1
302,2017,7,18,9,42932.375,49.35570080056067,163.81079374297306,409,530,1004.7696117992408,1008.7696117992408,4.0,9.235118175629362,3.895739968553244,360.1545204768291,407500,1.1697272339712073,10.680614917091214,12.68361730993841,13.561191809974565,18.568254397543416,0,0,0,0,0,16,16,1,1
302,2017,7,18,12,42932.5,50.012129602563775,164.57239076081441,406,528,1005.3646734988224,1009.3646734988224,4.0,9.428896471519543,4.409827467928481,323.7951802633666,329375,0.5950616995815653,5.380857855373328,18.140321438191563,24.33051749537047,30.348728860916744,0,0,0,0,0,15,15,1,1
302,2017,7,18,15,42932.625,50.95024509606869,165.59778420933424,402,525,1005.4371544359439,1007.4371544359439,2.0,9.042695483302461,3.5184944480755798,182.81831978578631,105000,0.072480937121436,0.6466175588536391,23.943513253453915,34.77122782813437,42.2176516589252,0,0,0,0,0,17,17,1,1
302,2017,7,18,18,42932.75,51.8163994997277,166.3376903205432,399,522,1006.2809244764273,1008.2809244764273,2.0,8.658912431251435,3.653625646467117,180.07726023841454,101875,0.843770040483505,7.437097280051489,16.953361914197874,32.103991792574995,36.305409641147115,0,0,0,0,0,14,14,1,1
302,2017,7,18,21,42932.875,52.44200304399568,167.18801940944505,396,520,1007.3312890603856,1009.3312890603856,2.0,8.359898688240362,3.0519035121910565,183.9033045027407,106250,1.0503645839582896,9.179768132468137,19.211783651350714,23.18798007115149,30.112705804135654,0,0,0,0,0,13,13,1,1
302,2017,7,19,0,42933.0,53.007841730870176,167.720219520352,394,518,1007.8004887379922,1009.8004887379922,2.0,8.072148092253233,3.7806269296133537,186.05429348039038,108750,0.4691996776065207,4.069911099537214,11.869210105949668,20.97279709322067,24.098472284619685,0,0,0,0,0,13,13,1,1
302,2017,7,19,3,42933.125,53.007841730870176,167.720219520352,394,518,,,,8.072148092253233,,0.0,0,0.0,,0.0,0.0,0.0,0,3,0,0,0,13,13,0,0
303,2017,7,16,9,42930.375,45.71680737290999,-48.15649647036492,216,231,1009.512940293628,1011.512940293628,2.0,8.433983796759614,4.127024331498542,193.39444569737623,117500,,,,,,3,0,0,0,0,0,0,1,1
303,2017,7,16,12,42930.5,46.45784513040119,-46.49619137082923,222,229,1008.9320725901795,1012.9320725901795,4.0,9.902374826330556,6.6983853220327,293.83933812094193,271250,-0.5808677034486027,-5.5518674192929325,42.39281967364276,27.46654636169424,50.51299168452698,0,0,0,0,0,0,0,1,1
303,2017,7,16,15,42930.625,46.81539768601676,-44.784603347392924,227,226,1008.5472172685023,1012.5472172685023,4.0,10.653076808929399,10.260402027748205,215.76102719068473,146250,-0.38485532167716885,-3.656787351954827,43.41435869778705,13.252676731082532,45.39206959016844,0,0,0,0,0,0,0,1,1
303,2017,7,16,18,42930.75,47.1313241058406,-43.04749095060039,232,223,1007.9808390210703,1011.9808390210703,4.0,11.109514592235323,9.163877961465113,194.4204181260938,118750,-0.5663782474320033,-5.35394131092471,43.80221970734006,11.7098050257966,45.34042330010011,0,0,0,0,0,0,0,1,1
303,2017,7,16,21,42930.875,47.404900268655844,-41.28753905881757,237,220,1007.6584741003211,1013.6584741003211,6.0,11.560930007468198,9.189419857975663,308.3748992661489,298750,-0.3223649207492417,-3.0338852031325896,44.149314110838915,10.140093785313542,45.298823808488386,0,0,0,0,0,2,2,1,1
303,2017,7,17,0,42931.0,47.753109759910984,-38.829824904970394,244,216,1005.8618452635216,1013.8618452635216,8.0,14.086720929279219,10.388642715771276,352.0538480585229,389375,-1.7966288367995003,-16.815038208823868,61.24309854646053,12.906376279018565,62.588271011644736,0,0,0,0,0,2,2,1,1
303,2017,7,17,3,42931.125,48.11549295098698,-37.21485985670384,249,214,1005.7558622729059,1013.7558622729059,8.0,13.450292170877574,7.047233441099379,407.8197095911754,522500,-0.10598299061559374,-0.986271976599508,39.962766405391505,13.431724116305409,42.15962418604355,0,0,0,0,0,1,1,1,1
303,2017,7,17,6,42931.25,48.719817861124966,-35.05714381169739,256,212,1004.4525124983587,1010.4525124983587,6.0,13.893267794553786,5.002292327889808,341.7307997440064,366875,-1.3033497745472413,-12.015919821019013,52.761544471931664,22.399288017424276,57.31935692897426,0,0,0,0,0,2,2,1,1
303,2017,7,17,9,42931.375,50.58192035691251,-32.44570484612705,267,214,1002.4091602595624,1010.4091602595624,8.0,14.469864535057045,5.188601512880923,377.4171088692805,447500,-2.043352238796215,-18.32511370861969,61.45784400212057,69.01878347458168,92.41568623183066,0,0,0,0,0,1,1,1,1
303,2017,7,17,12,42931.5,51.004695037063584,-30.848589291170637,272,213,1000.8472510031596,1008.8472510031596,8.0,15.204172171844759,8.121877762121294,366.45188392718995,421875,-1.5619092564028687,-13.9233906037032,37.24941160910807,15.670133182191785,40.411282325266335,0,0,0,0,0,1,1,1,1
303,2017,7,17,15,42931.625,51.48492132769948,-29.681664206545424,276,213,999.2818495227542,1007.2818495227542,8.0,15.736865546175448,10.296900868814701,356.5459448579543,399375,-1.5654014804054168,-13.860947774693095,26.933656322173515,17.79957572001576,32.28384640487456,0,0,0,0,0,2,2,1,1
303,2017,7,17,18,42931.75,52.06016730324479,-28.184016360488748,281,213,998.4328742108661,1004.4328742108661,6.0,15.140895233402485,7.510620275246256,294.85316288611835,273125,-0.8489753118880617,-7.458089793155487,34.128983222731435,21.321478017779402,40.24168138485436,0,0,0,0,0,2,2,1,1
303,2017,7,17,21,42931.875,52.28801592705213,-26.79764440349465,285,212,998.1393315731219,1002.1393315731219,4.0,15.226531608835506,5.605525209055122,218.05398241881235,149375,-0.2935426377442491,-2.5707677190637908,31.43185572865053,8.445203670107045,32.546628390300135,0,0,0,0,0,2,2,1,1
303,2017,7,18,0,42932.0,52.92031390957785,-25.69819356350657,289,213,997.0509645258375,1001.0509645258375,4.0,15.412912527994585,5.612213868163454,215.76102719068473,146250,-1.0883670472844096,-9.451553555379812,24.56963514857004,23.436109261483164,33.954648999069704,0,0,0,0,0,3,3,1,1
303,2017,7,18,3,42932.125,53.751641559047364,-24.712247312519565,293,215,995.9268534177452,997.9268534177452,2.0,14.973161866646574,5.484173837644485,138.91557454041038,60625,-1.1241111080923292,-9.657088122156603,21.60784560115088,30.813139000119094,37.634406153994725,0,0,0,0,0,2,2,1,1
303,2017,7,18,6,42932.25,54.879538780194316,-23.491162163974558,298,218,994.6757709426029,996.6757709426029,2.0,15.157042035439993,6.363700705701704,130.80197392386228,53750,-1.2510824751423206,-10.596997147279906,26.037337441508857,41.805482922678635,49.250800434524656,0,0,0,0,0,2,2,1,1
303,2017,7,18,9,42932.375,56.20345038746486,-22.338206205062182,303,222,,,,15.716881668883552,,0.0,0,-1.0520615325770633,,23.770479515453598,49.0707513514427,54.52498816680032,0,2,2,0,0,2,4,0,0
311,2017,7,16,15,42930.625,80.312409464728,-60.17291534552527,322,338,989.7423140976198,991.7423140976198,2.0,10.917798546382476,12.22987784478275,111.06083058226194,38750,,,,,,3,0,0,0,0,6,6,1,1
311,2017,7,16,18,42930.75,80.312409464728,-60.17291534552527,322,338,990.0349612783398,992.0349612783398,2.0,10.616407034186157,15.699177692626327,114.58744610593851,41250,0.2926471807199414,2.0568499497537918,0.0,0.0,0.0,0,0,0,0,0,6,6,1,1
311,2017,7,16,21,42930.875,80.312409464728,-60.17291534552527,322,338,992.281633511937,994.1154947122102,1.8338612002732406,9.033504366384447,14.051699571368372,227.86904174049369,163125,2.246672233597201,15.790576418400315,0.0,0.0,0.0,0,0,0,1,0,9,10,2,0
311,2017,7,17,0,42931.0,81.09200118440539,-83.50065372034544,320,355,992.283053634207,994.283053634207,2.0,11.54272684024413,18.698989526801814,154.50968080927584,75000,0.001420122270064894,0.009959018817436029,-132.9872373482143,28.895548027410477,136.09025679053838,0,0,1,0,0,8,8,1,1
311,2017,7,17,3,42931.125,81.09200118440539,-83.50065372034544,320,355,992.896666288248,994.896666288248,2.0,11.779844887238175,18.01916634725043,153.21669003752353,73750,0.6136126540409168,4.303136495374519,0.0,0.0,0.0,0,0,0,0,0,9,9,1,1
311,2017,7,17,6,42931.25,79.12625247361733,-90.59065721464667,311,360,994.2661204837152,996.2661204837152,2.0,11.15589198836487,8.464119814137666,181.17866047827877,103125,1.3694541954672603,9.661323614930522,-49.543802371859364,-72.86042789923792,88.10919536076757,0,0,0,0,0,10,10,1,1
311,2017,7,17,9,42931.375,79.34640306096416,-91.80873932249206,312,361,994.6623229172529,996.6623229172529,2.0,12.334586448864664,12.294976744673695,114.58744610593851,41250,0.39620243353769186,2.7931163648987543,-8.346426744409383,8.15987613692915,11.672464091605422,0,0,0,0,0,11,11,1,1
311,2017,7,17,12,42931.5,79.78595957256816,-93.14495746469802,314,362,995.912915781094,997.912915781094,2.0,12.24600482890634,21.00682582037967,114.58744610593851,41250,1.2505928638410113,8.803883854799851,-8.782208749918361,16.292151354648283,18.50841393231496,0,0,0,0,0,12,12,1,1
311,2017,7,17,15,42931.625,77.9381667245051,-95.86960044301472,306,365,997.3834667478163,997.3834667478163,0.0,10.036699635096552,7.804639921221678,14.104739588693906,625,1.4705509667223668,10.418284018170947,-21.101448545050577,-68.48839673157116,71.66541437513986,0,0,0,0,0,13,13,1,1
311,2017,7,17,18,42931.75,77.88385947881834,-97.98011374516852,306,367,998.0118170467125,998.0118170467125,0.0,9.81622061262239,8.302259168265591,14.104739588693906,625,0.6283502988962573,4.452522301421056,-16.418306795264122,-2.0128967334690957,16.541237900563143,0,0,0,0,0,11,11,1,1
311,2017,7,17,21,42931.875,77.59138421145407,-99.88798881557781,305,369,998.8995912897752,998.8995912897752,0.0,9.607661577341533,8.570977578483362,14.104739588693906,625,0.8877742430627404,6.297797064661183,-15.194798175279967,-10.840588633305376,18.665482943230835,0,0,0,0,0,11,11,1,1
311,2017,7,18,0,42932.0,77.0180799196728,-102.47510971220896,303,372,1000.3354200652849,1000.3354200652849,0.0,8.310723639203758,6.8581021972413145,14.104739588693906,625,1.4358287755095807,10.208636085138194,-21.539688252370198,-21.24950955654322,30.25722767212681,0,0,0,0,0,11,11,1,1
311,2017,7,18,3,42932.125,77.0180799196728,-102.47510971220896,303,372,,,,8.310723639203758,,0.0,0,0.0,,0.0,0.0,0.0,0,3,0,0,0,11,11,0,0
329,2017,7,17,12,42931.5,58.57851543163445,-37.076740716621345,276,249,998.3128024506884,998.3128024506884,0.0,11.335856823663184,9.827243179929937,14.104739588693906,625,1.1380332212314535,9.239439638066129,38.32054690263146,-133.4355909024853,138.82910802282134,2,0,0,2,0,3,3,1,1
329,2017,7,17,15,42931.625,59.725082430914355,-34.93931020467703,283,250,996.099907615473,996.099907615473,0.0,12.913712274265633,11.247706686966776,14.104739588693906,625,-2.2128948352155566,-17.752541859842164,39.938925017537564,42.49747779266685,58.31940800706656,0,0,0,0,0,4,4,1,1
329,2017,7,17,18,42931.75,60.89044899621378,-33.25742153496045,289,252,993.6192370263407,997.6192370263407,4.0,14.750393257267884,10.353417590781973,352.3362819972964,390000,-2.480670589132205,-19.671242149578273,30.32598868028844,43.194283247496934,52.77699967506657,0,0,3,0,0,4,4,1,1
329,2017,7,17,21,42931.875,61.97630495551639,-32.47119229084849,293,255,991.8808358816242,999.8808358816242,8.0,16.084701058101484,9.072378213980336,485.3342309955121,740000,-1.738401144716481,-13.643670942645016,13.69169346013434,40.2472245804036,42.51236944974638,0,0,0,0,0,4,4,1,1
329,2017,7,18,0,42932.0,62.613841050156665,-32.18090583475623,295,257,989.6732436961854,999.6732436961854,10.0,18.127873477110796,11.87581087808103,477.06558104878025,715000,-2.2075921854388434,-17.22512706152739,4.94918944640256,23.63025975892815,24.142983503510944,0,0,0,0,0,4,4,1,1
329,2017,7,18,3,42932.125,63.127245703600906,-32.286367836727,296,259,988.0558162372522,998.0558162372522,10.0,19.143753070235864,11.872531658385778,420.54836881251686,555625,-1.6174274589332345,-12.562453125582614,-1.7668850034405053,19.029330926235783,19.11118306425786,0,0,0,0,0,3,3,1,1
329,2017,7,18,6,42932.25,63.19716022738009,-32.95296950879483,295,260,987.2714846219422,993.2714846219422,6.0,19.247181150793622,13.036762366424226,209.20709679710012,137500,-0.7843316153099295,-6.088092344545553,-11.1411334854779,2.59138011433826,11.438536018137317,0,0,0,0,0,4,4,1,1
329,2017,7,18,9,42932.375,63.19716022738009,-32.95296950879483,295,260,987.6792534685651,1003.6792534685651,16.0,18.67088555739789,12.075230654394982,771.1307646094104,1868125,0.4077688466229301,3.165159155911693,0.0,0.0,0.0,0,0,2,0,0,4,4,1,3
329,2017,7,18,12,42932.5,62.87808115380062,-33.09394797805481,294,259,988.0131486253235,1004.0131486253235,16.0,18.197968322096774,11.546894248483005,775.6324418739615,1890000,0.3338951567583717,2.599093844527515,-2.382166618231164,-11.826658060160728,12.064184956679817,0,0,0,0,0,4,4,1,3
329,2017,7,18,15,42932.625,62.17104581140664,-32.721234629036985,293,256,988.1999852951385,1004.8000492751517,16.600063980013218,18.239122075239866,12.782942436215453,833.4934472424623,2182500,0.18683666981494754,1.4637298364167386,6.449115773481792,-26.206247677536687,26.988117970621232,0,0,0,0,0,5,4,2,0
329,2017,7,18,18,42932.75,64.39231998510752,-27.582029207797163,307,259,984.9485175088568,1002.9485175088568,18.0,23.491042857900915,22.215297772461636,735.8836143509202,1701250,-3.2514677862817187,-24.98055456266973,82.30622885864167,82.33147293404122,116.4164367450742,0,0,1,0,0,3,3,1,1
329,2017,7,18,21,42932.875,64.57954481433019,-28.955733136796372,305,261,985.1655941571017,1005.1655941571017,20.0,22.037611864757658,22.283020274960435,870.3892974511014,2380000,0.21707664824498352,1.6651693317302914,-21.85578311031874,6.939483717151559,22.93102024825554,0,0,0,0,0,3,3,1,1
329,2017,7,19,0,42933.0,64.3538120676817,-29.83875742186201,303,261,986.642558436815,1004.642558436815,18.0,19.638337618272992,21.239904838175352,828.8259908571841,2158125,1.4769642797132838,11.350960918916888,-14.165528172159709,-8.36677873495152,16.451904898700555,0,0,0,0,0,4,4,1,1
329,2017,7,19,3,42933.125,64.23860870889075,-30.274517244820306,302,261,988.7596090545065,1002.7596090545065,14.0,16.978603330904246,17.628289056356444,729.7754643184811,1673125,2.117050617691566,16.285991546864015,-7.019789359873597,-4.270009676655509,8.21647280137446,0,0,0,0,0,3,3,1,1
329,2017,7,19,6,42933.25,63.724998616927266,-30.203237754942652,301,259,991.0711482570872,997.0711482570872,6.0,14.670592672999184,13.564609337823057,255.44769849751455,205000,2.3115392025806067,17.86012783983603,1.1695483589067779,-19.03694549992808,19.072837684284252,0,0,0,0,0,3,3,1,1
329,2017,7,19,9,42933.375,63.21077422663123,-30.13464249226028,300,257,993.9099576472393,1003.9099576472393,10.0,12.108047567469308,11.470048931056663,788.226559496054,1951875,2.8388093901520186,22.032593708717794,1.1459210888865683,-19.059714452603473,19.094131301442772,0,0,2,0,0,3,3,1,3
329,2017,7,19,12,42933.5,62.69592490289951,-30.068582821862453,299,255,996.2745742768401,1000.2745742768401,4.0,10.568774628412493,9.810408823693724,258.54414729132054,210000,2.3646166296009326,18.436673780736974,1.1231581632205554,-19.0828775951165,19.115901798497717,0,0,0,2,0,1,1,1,1
329,2017,7,19,15,42933.625,61.892424352639495,-29.144198677361405,299,251,,,,9.59638329287948,,0.0,0,2.2903667026806214,,16.14179876209965,-29.781728248341683,33.874902283758615,0,2,2,0,0,1,0,0,0
342,2017,7,18,0,42932.0,53.870668232368075,125.24364044912886,489,451,997.8950358488396,999.8950358488396,2.0,8.53539534051104,2.9684973994005124,242.66711549775604,185000,,,,,,3,0,0,0,0,14,14,1,1
342,2017,7,18,3,42932.125,53.837902495067326,126.54497232282255,487,454,995.5470510166034,997.5470510166034,2.0,9.965511577756294,3.9832089906325563,227.86904174049369,163125,-2.347984832236252,-20.149005109775075,28.461022457262413,-1.2144612518703721,28.4869218316948,0,0,0,1,0,11,11,1,2
342,2017,7,18,6,42932.25,54.448251993965165,127.71404087351979,483,455,992.3102627107168,997.6991981976109,5.388935486894188,11.956624374615087,11.490906239272954,398.44329048707243,498750,-3.2367883058865847,-27.56315539322878,25.194290056016655,22.622589252496084,33.86050495656925,0,0,0,0,0,12,14,2,0
342,2017,7,18,9,42932.375,54.858171232815664,128.68878942486737,480,456,989.5193808460791,999.2397326164365,9.720351770357375,14.555900522077842,15.14421608477154,654.4659965162921,1345625,-2.7908818646376314,-23.64570633482229,20.795788974310806,15.193646564724686,25.754839059831788,0,0,0,0,0,11,13,2,0
342,2017,7,18,12,42932.5,55.406605035652774,129.39546093760995,477,456,988.6106399953933,1002.6106399953933,14.0,16.064175117135434,20.762921297689246,973.329234511379,2976250,-0.9087408506858629,-7.648113882406347,14.870846833495692,20.32768549195656,25.18644244440231,0,0,0,0,0,11,11,1,2
342,2017,7,18,15,42932.625,55.25684922385135,129.68545433005525,477,457,986.3184414446598,1002.3184414446598,16.0,18.36095519751115,19.225538721362174,944.3857857630052,2801875,-2.292198550733447,-19.326428316552576,6.125605866821793,-5.550695502618877,8.26639388115731,0,0,0,0,0,14,14,1,2
342,2017,7,18,18,42932.75,55.106115529730566,129.973032183935,477,458,985.5864715215025,1003.5864715215025,18.0,19.08611635583681,16.48458959757263,1107.109753134918,3850625,-0.7319699231573031,-6.182829043255638,6.097603263051784,-5.586940686874316,8.270107120964724,0,0,0,0,0,11,11,1,2
342,2017,7,18,21,42932.875,55.106115529730566,129.973032183935,477,458,985.7949093579031,1003.745992138317,17.951082780413852,19.00779566120494,16.98354167717931,1089.3571702747197,3728125,0.20843783640055336,1.760639976915765,0.0,0.0,0.0,0,0,0,0,0,10,11,2,0
342,2017,7,19,0,42933.0,54.226775634230066,136.80602529760125,467,474,984.5401580371897,1004.5401580371897,20.0,21.28355730923544,7.032279833681314,1187.1465878646718,4427500,-1.2547513207134033,-10.714624305318102,147.9953567527986,-32.59271172527084,151.5417779953592,0,0,1,0,0,11,11,1,1
342,2017,7,19,3,42933.125,53.89302309405781,136.78991060824606,468,475,984.5694550343961,1000.5694550343961,16.0,20.69500314301596,11.670173798443647,822.8033417391727,2126875,0.029296997206402012,0.25123282022548454,-0.3519801897112581,-12.370529740629575,12.375536195161404,0,0,0,0,0,9,9,1,2
342,2017,7,19,6,42933.25,55.57400823897121,134.19684074818974,468,465,985.6987160890848,999.6987160890848,14.0,18.007626405029047,5.0295735152690755,774.0919588401536,1882500,1.1292610546886863,9.484976113148559,-54.33296316940286,62.305673293079415,82.66842088289602,0,0,1,0,0,9,9,1,1
342,2017,7,19,9,42933.375,56.07580359854923,135.0,465,465,986.7149238114446,1000.7149238114446,14.0,17.170490911066164,6.655457572680097,824.9765605135201,2138125,1.0162077223598316,8.484805450108105,16.613897184957402,18.599032732952477,24.938837147585154,0,0,0,0,0,10,10,1,1
342,2017,7,19,12,42933.5,56.40761440239346,135.0,464,464,989.3776091091491,1003.3776091091491,14.0,15.00416483308316,5.748349583763047,950.5799226810104,2838750,2.6626852977045927,22.146147116429688,0.0,12.298559331110852,12.298559331110852,0,0,0,0,0,10,10,1,1
342,2017,7,19,15,42933.625,56.40761440239346,135.0,464,464,989.9598533715791,995.9598533715791,6.0,15.02382332962843,7.896011288240187,422.2008245644752,560000,0.5822442624298856,4.8426553091291735,0.0,0.0,0.0,0,0,0,0,0,10,10,1,1
342,2017,7,19,18,42933.75,56.48386011127782,139.1247666061424,456,471,990.5375103021879,1004.5375103021879,14.0,15.327137757950855,8.136903328822518,1372.1526798345444,5915000,0.5776569306087913,4.800262815509745,84.40577645535748,2.8260453354528003,84.45307354543003,0,0,0,0,0,10,10,1,1
342,2017,7,19,21,42933.875,56.48386011127782,139.1247666061424,456,471,991.6505266298847,1003.6505266298847,12.0,15.115287402949868,7.57216766387879,830.2649259524164,2165625,1.1130163276968232,9.249037980497413,0.0,0.0,0.0,0,0,0,0,0,11,11,1,1
342,2017,7,20,0,42934.0,56.15297178376407,139.08561677997488,457,472,993.9430448469071,1003.9430448469071,10.0,13.052788932631334,4.486799458961031,828.8259908571841,2158125,2.2925182170224434,19.12402722309318,-0.8082229901904195,-12.264367768477355,12.290969903239473,0,0,0,0,0,12,12,1,2
342,2017,7,20,3,42934.125,56.15297178376407,139.08561677997488,457,472,995.0019312996534,999.0019312996534,4.0,11.631662459299715,4.333006789401407,408.7941905733129,525000,1.0588864527462283,8.83315700530601,0.0,0.0,0.0,0,0,0,2,0,11,11,1,1
342,2017,7,20,6,42934.25,56.306188478275054,139.37774092874008,456,472,996.747458669426,1000.747458669426,4.0,9.89650016024243,4.031476862950512,459.6500701125706,663750,1.745527369772608,14.535053134082082,6.006641844212193,5.67897303562343,8.266225316550406,0,0,0,0,0,11,11,1,1
342,2017,7,20,9,42934.375,56.279292088370276,139.922418187136,455,473,997.9171066490507,1001.9171066490507,4.0,9.475217230006315,2.67607875120033,458.7836224616476,661250,1.169647979624715,9.742740568466695,11.20748902721958,-0.996914034155121,11.251739771552785,0,0,0,0,0,12,12,1,1
342,2017,7,20,12,42934.5,56.099410221492136,140.16982788755786,455,474,999.6288028547955,1001.6288028547955,2.0,8.640954726338213,2.975225508094518,281.74195262169036,249375,1.7116962057448109,14.287814077646916,5.114729049409402,-6.667316997400499,8.403188037447336,0,0,0,0,0,13,13,1,1
342,2017,7,20,15,42934.625,56.6543740317631,141.9195332627057,450,475,999.858407261748,1001.858407261748,2.0,9.167266190961868,2.3353566556391887,297.87393436440806,278750,0.2296044069524214,1.904241462616457,35.64784612566909,20.569720057821563,41.156801584386116,0,0,0,0,0,12,12,1,1
342,2017,7,20,18,42934.75,56.6543740317631,141.9195332627057,450,475,1000.1812853171891,1002.1812853171891,2.0,9.088375083251458,2.6279503566757922,253.49321149362706,201875,0.3228780554412515,2.677813499754004,0.0,0.0,0.0,0,0,0,0,0,12,12,1,1
342,2017,7,20,21,42934.875,56.79839141821598,142.22818990997783,449,475,1000.9380920814251,1002.9380920814251,2.0,8.585929055635022,2.175156291667299,264.6283714200614,220000,0.7568067642359528,6.2662894643310745,6.264578970248962,5.3380009073894605,8.230382941381054,0,0,0,0,0,16,16,1,1
342,2017,7,21,0,42935.0,56.75512869839178,142.77763789012934,448,476,1001.9147400608193,1001.9147400608193,0.0,7.69204290430341,2.473553271084238,14.104739588693906,625,0.9766479793941835,8.090554396479934,11.164588444693768,-1.60353165243198,11.279155504723784,0,0,0,0,0,16,16,1,1
342,2017,7,21,3,42935.125,56.75512869839178,142.77763789012934,448,476,,,,7.69204290430341,,0.0,0,0.0,,0.0,0.0,0.0,0,3,0,0,0,16,16,0,0
353,2017,7,17,15,42931.625,65.1115626938326,25.519199771720633,407,260,1000.1872954013264,1004.1872954013264,4.0,9.71460289187646,2.9517609646100027,505.61114242207606,803125,,,,,,3,0,0,0,0,5,5,1,1
353,2017,7,17,18,42931.75,65.41737315254544,25.271116011725077,406,261,999.4293063527905,1003.4293063527905,4.0,10.731168520813029,2.4816384302228833,466.09709001498516,682500,-0.7579890485359647,-5.774928457447929,-3.8252550966114702,11.334857174571155,11.962924547203297,0,0,0,0,0,5,5,1,1
353,2017,7,17,21,42931.875,66.91371730902029,30.196019843729506,411,271,998.5824548075235,1004.5824548075235,6.0,11.79520554455248,1.9515869222182667,533.189006917714,893125,-0.8468515452669817,-6.3779338877045,71.55893380340078,55.4619595714116,90.53568338826625,0,0,0,0,0,5,5,1,1
353,2017,7,18,0,42932.0,67.57283175030412,27.20879689125337,405,271,997.294342805158,1005.294342805158,8.0,12.810945773661235,2.6490250648355143,571.3725378570888,1025625,-1.288112002365524,-9.654519007437385,-42.23707207461561,24.43006064964143,48.79342292544593,0,0,0,0,0,5,5,1,1
353,2017,7,18,3,42932.125,68.59376904184872,25.891014279093483,401,274,996.6554127563996,1004.6554127563996,8.0,13.439067304664482,1.9627087707983448,549.5420862107574,948750,-0.6389300487583387,-4.754630007292854,-17.826493387499934,37.84101574733233,41.829730327656094,0,0,0,0,0,4,4,1,1
353,2017,7,18,6,42932.25,68.69238464875819,25.34617594194669,400,274,996.0192036690152,1006.0192036690152,10.0,14.538841660906959,5.4154083242719935,614.32577579543,1185625,-0.6362090873844863,-4.731196547412393,-7.3381244745528775,3.6551850587687933,8.198075909497215,0,0,0,0,0,5,5,1,1
353,2017,7,18,9,42932.375,68.8982261196412,25.60793148921833,400,275,996.6629314238132,1006.6629314238132,10.0,14.65628156404717,6.643286116593808,628.4132418614087,1240625,0.6437277547981648,4.780441711592797,3.4929532866070234,7.629509085081393,8.391074516518032,0,0,0,0,0,5,5,1,1
353,2017,7,18,12,42932.5,68.69238464875819,25.34617594194669,400,274,998.2121500777731,1008.2121500777731,10.0,13.526506750158065,7.037005101723989,725.400600080796,1653125,1.5492186539598334,11.520831896530323,-3.5254487220367627,-7.629509085081393,8.404653328427662,0,0,0,0,0,5,5,1,1
353,2017,7,18,15,42932.625,68.90065914485547,26.975276478761522,402,276,999.2078954877719,1009.2078954877719,10.0,12.738216397213055,4.742994710145504,809.7643889049511,2060000,0.9957454099987808,7.394468947153333,21.736247619985615,7.719689105156399,23.066383775477263,0,0,0,0,0,6,6,1,1
353,2017,7,18,18,42932.75,69.88612848571074,29.864164496251956,404,282,1001.3552471250982,1009.3552471250982,8.0,10.842195916286686,3.3616171073712757,774.220449497332,1883125,2.1473516373263557,15.843571779995038,36.81880363375648,36.52639702228793,51.863300901995466,0,0,0,0,0,4,4,1,1
353,2017,7,18,21,42932.875,69.96778057281824,30.74296464034994,405,283,1002.3551846622336,1008.3551846622336,6.0,10.23132387095255,4.680133878804117,650.6551687525748,1330000,0.9999375371352653,7.373889755823576,11.157635363674483,3.026432612098064,11.560801064990702,0,0,0,0,0,5,5,1,2
353,2017,7,19,0,42933.0,68.78175293118088,28.877401222282803,405,277,1004.3434105988202,1009.5391466282844,5.195736029464169,8.549783619185394,5.284283255250848,768.6759565829163,1856250,1.9882259365866775,14.776557039684143,-25.0248458327306,-43.96008553676217,50.583910775575475,0,0,0,0,0,5,6,2,0
353,2017,7,19,3,42933.125,73.67260544747761,25.683647180495857,391,294,1004.0426971620717,1006.0426971620717,2.0,8.62686975270233,2.814738162135618,284.2026277484726,253750,0.5035505337873474,3.6353088472304425,18.35027358549489,0.5767570159931097,18.359335209043078,0,0,0,2,2,4,4,1,1
353,2017,7,19,6,42933.25,73.67260544747761,25.683647180495857,391,294,1004.6630614472311,1006.6630614472311,2.0,8.063900294974381,3.165703772607667,316.6506184233564,315000,0.6203642851594486,4.478628505035653,0.0,0.0,0.0,0,0,0,0,0,5,5,1,1
353,2017,7,19,9,42933.375,73.67260544747761,25.683647180495857,391,294,,,,8.063900294974381,,0.0,0,0.0,,0.0,0.0,0.0,0,3,0,0,0,5,5,0,0
378,2017,7,20,9,42934.375,23.74957423818776,177.0196073922025,374,638,1009.3629616230639,1011.3629616230639,2.0,8.062064023680831,2.0522054466896953,222.12166116452389,155000,,,,,,3,0,0,0,0,17,17,1,1
378,2017,7,20,12,42934.5,24.822453566877947,176.9762572799821,374,634,1008.9730149033501,1010.9730149033501,2.0,8.639529154200075,6.548704647984123,236.85885552348068,176250,-0.38994671971377104,-6.435397666334999,-1.4583261535638166,39.7662460840564,39.79297730489513,0,0,0,0,0,17,17,1,1
378,2017,7,20,15,42934.625,24.52472586287567,176.57258640263555,376,635,1006.6221975771992,1010.6221975771992,4.0,9.48022220016623,5.891626386321514,335.8586993311039,354375,-2.350817326150864,-39.23751772832698,-13.612203397470543,-11.035270068862085,17.523391989761343,0,0,0,0,0,16,16,1,1
378,2017,7,20,18,42934.75,24.22283883331074,176.17217197838065,378,636,1006.9830939549565,1010.9830939549565,4.0,9.330179308603753,5.958387225168335,308.05216249613085,298125,0.3608963777573081,6.094187690633951,-13.534663858852715,-11.189435369138778,17.561053204528132,0,0,0,0,0,18,18,1,1
378,2017,7,20,21,42934.875,24.240292236592385,176.37851529588266,377,636,1007.5324576933302,1011.5324576933302,4.0,9.719699914927308,3.9717356342800487,301.19481662601754,285000,0.5493637383736495,9.270418853774078,6.9737879089752255,0.6469099658667655,7.003728314498414,0,0,0,0,0,23,23,1,1
378,2017,7,21,0,42935.0,25.042793577500817,176.338898970828,377,633,1007.8777593101429,1011.8777593101429,4.0,9.397842321314382,2.734292506963975,383.4310611845868,461875,0.3453016168126487,5.651660110343178,-1.330338656211206,29.744692578157736,29.774427576518104,0,0,0,0,0,24,24,1,1
378,2017,7,21,3,42935.125,25.57575028281821,176.31200369463764,377,631,1006.3590420841012,1010.3590420841012,4.0,10.115710684023894,2.394270234165815,331.6863796001769,345625,-1.5187172260416264,-24.373137805254533,-0.8991944954596505,19.75402725083121,19.77448212639833,0,0,0,0,0,22,22,1,1
378,2017,7,21,6,42935.25,26.37218127052289,176.2709126626077,377,628,1006.4858416086701,1010.4858416086701,4.0,10.454623485729556,2.8099820371765962,357.93816391798146,402500,0.126799524568778,1.977695664944067,-1.3645317666487429,29.519695085091666,29.551215624047998,0,0,0,0,0,21,21,1,1
378,2017,7,21,9,42935.375,27.16507999140144,176.22889699228725,377,625,1006.98332218942,1010.98332218942,4.0,11.788161665231586,4.768774935029796,272.0423653362309,232500,0.4974805807499797,7.549234486061093,-1.3855304108736495,29.3887717015517,29.42141391309027,0,0,0,0,0,17,17,1,1
378,2017,7,21,12,42935.5,27.95452593887594,176.18592516570965,377,622,1006.7635367192325,1012.7635367192325,6.0,12.410437781249977,5.376404257510294,396.1900587147307,493125,-0.2197854701874894,-3.2483228708461693,-1.406907533459244,29.260794739756953,29.294598437423453,0,0,0,0,0,14,14,1,1
378,2017,7,21,15,42935.625,28.983702892368047,175.9065075115506,378,618,1005.1072387118844,1011.1072387118844,6.0,13.37613798244027,6.094548739423335,382.6519928662906,460000,-1.6562980073480866,-23.6815867140507,-9.059519595031135,38.14641861594184,39.20745016594967,0,0,0,0,0,16,16,1,1
378,2017,7,21,18,42935.75,29.96386188765605,175.1711542313273,381,614,1004.6648652486484,1010.6648652486484,6.0,14.353711367510435,9.040657413490408,334.67191576366446,351875,-0.44237346323599924,-6.136411486001731,-23.61281007665339,36.32956919368465,43.32900180612086,0,0,0,0,0,18,18,1,1
378,2017,7,21,21,42935.875,30.644133645684377,174.21047157361096,385,611,1004.4117449813031,1012.4117449813031,8.0,15.255726592271087,9.396653880776867,445.13807312946136,622500,-0.2531202673453663,-3.4405610085781375,-30.63496178144923,25.214256077441576,39.676940316632965,0,0,0,0,0,17,17,1,1
378,2017,7,22,0,42936.0,30.95049797807451,172.57840967429567,392,609,1002.7403987357724,1010.7403987357724,8.0,16.493978087773122,11.413671721531646,322.56401542380166,326875,-1.6713462455307309,-22.515043655285364,-51.8784855144529,11.35538648887664,53.10670448808757,0,0,0,0,0,18,18,1,1
378,2017,7,22,3,42936.125,30.947408989781422,170.96818355129068,399,608,1000.7965867720471,1010.7965867720471,10.0,16.875572180620846,13.228106195388682,422.43636200235846,560625,-1.9438119637251656,-26.18783889040959,-51.18605690878583,-0.11449327555182492,51.186184958244425,0,0,0,0,0,18,18,1,1
378,2017,7,22,6,42936.25,30.52103426276126,170.1099665131108,403,609,999.261826429484,1009.261826429484,10.0,17.529980258136103,16.187434086902723,331.6863796001769,345625,-1.5347603425630951,-20.937352082120352,-27.40225078706775,-15.803568831366965,31.632833195986546,0,0,0,0,0,22,22,1,1
378,2017,7,22,9,42936.375,30.12711517268991,169.48395361545522,406,610,998.9188076302365,1010.9188076302365,12.0,18.062930965796465,19.097584418342958,365.90858950844125,420625,-0.3430187992475112,-4.73482510689978,-20.068706138740115,-14.600601441458387,24.817947709982427,0,0,0,0,0,20,20,1,1
378,2017,7,22,12,42936.5,30.12711517268991,169.48395361545522,406,610,996.9117367491729,1010.9117367491729,14.0,20.453411329924343,24.257180399922,369.4257214939158,428750,-2.007070881063701,-27.704398767167053,0.0,0.0,0.0,0,0,0,0,0,20,20,1,1
378,2017,7,22,15,42936.625,30.540514799305452,168.95635118357404,408,608,996.0666247389934,1010.0666247389934,14.0,19.888928865681333,25.434586631247292,401.42792613437354,506250,-0.8451120101794367,-11.522456890472819,-16.842612573263114,15.322647052134602,22.769653290670238,0,0,0,0,0,18,18,1,1
378,2017,7,22,18,42936.75,30.641054291834113,168.24557854157217,411,607,996.9647050606244,1008.9647050606244,12.0,18.680514336379577,19.49333808946023,331.08604176942123,344375,0.8980803216309868,12.208348660417764,-22.66639855380297,3.726493832201717,22.97068522446117,0,0,0,0,0,22,22,1,1
378,2017,7,22,21,42936.875,30.786916055348605,167.75452752774035,413,606,997.9327138919591,1009.9327138919591,12.0,18.315319251308416,19.118024778666076,352.0538480585229,389375,0.9680088313347369,13.10267682892016,-15.635867240675275,5.406362698079897,16.544156128107954,0,0,0,0,0,23,23,1,1
378,2017,7,23,0,42937.0,30.927847669587663,167.26131857928092,415,605,997.4785679170315,1009.4785679170315,12.0,18.364104297409863,17.23860218137939,364.54681109801606,417500,-0.45414597492766917,-6.1219285294082395,-15.681516228218108,5.223626835737138,16.52864872077875,0,0,0,0,0,18,18,1,1
378,2017,7,23,3,42937.125,31.315691012768834,166.71358577530205,417,603,997.5309364034375,1007.5309364034375,10.0,17.22986272778955,16.37595536305962,301.8546089098361,286250,0.05236848640604876,0.6980612922313689,-17.3440624583051,14.375404031536952,22.52706691132952,0,0,0,0,0,12,12,1,1
378,2017,7,23,6,42937.25,31.383931069440578,165.99155651995167,420,602,997.5604865320283,1007.5604865320283,10.0,16.317748440345284,13.5965457560715,342.31246961133036,368125,0.029550128590781242,0.3931278811645733,-22.84659218489765,2.529316031944974,22.986174410990625,0,0,0,0,0,15,15,1,1
378,2017,7,23,9,42937.375,31.50709301915423,165.4902484733386,422,601,999.0113578115491,1007.0113578115491,8.0,15.397898763504621,12.561378638137901,279.615567867552,245625,1.4508712795207976,19.23431294248986,-15.841665927718518,4.564994654603427,16.486283861501224,0,0,0,0,0,17,17,1,1
378,2017,7,23,12,42937.5,31.557853003969758,164.76504166891567,425,600,999.2747485858515,1007.2747485858515,8.0,15.029486457910577,11.784180289712312,278.90317035875347,244375,0.26339077430238833,3.486753851828853,-22.904538827374296,1.8814175960138844,22.98168033598256,0,0,0,0,0,18,18,1,1
378,2017,7,23,15,42937.625,31.73832227029037,164.4820584637057,426,599,998.5968817832767,1006.5968817832767,8.0,14.360812816971213,11.145970441498648,313.17604263477836,308125,-0.677866802574863,-8.927826076981658,-8.92026737790005,6.68908894337271,11.14966730380682,0,0,0,0,0,24,24,1,1
378,2017,7,23,18,42937.75,31.774665168747084,163.75363373748124,429,598,998.7302005296747,1006.7302005296747,8.0,13.727164028970478,10.089608614983517,334.3745617149374,351250,0.13331874639799934,1.754072452035351,-22.95253664856817,1.3470486426482031,22.992030763930472,0,0,0,0,0,25,25,1,1
378,2017,7,23,21,42937.875,32.04716474407132,162.95687428728831,432,596,999.9049175918658,1005.9049175918658,6.0,12.738901662384327,8.573864373332908,249.93662229367052,196250,1.1747170621911938,15.338136113556969,-25.031498105050666,10.10019009628398,26.992401474567394,0,0,0,0,0,25,25,1,1
378,2017,7,24,0,42938.0,32.21709876111696,162.66675729228436,433,595,999.8792722805971,1005.8792722805971,6.0,12.466528065691582,9.152884864436782,251.5235374254831,198750,-0.02564531126874499,-0.33327018638136513,-9.097553656097213,6.298600186601628,11.065163660616404,0,0,0,0,0,27,27,1,1
378,2017,7,24,3,42938.125,32.551622304190076,162.08188053087508,435,593,999.2721218806134,1005.2721218806134,6.0,12.086044961032492,9.764851793623311,281.74195262169036,249375,-0.6071503999836568,-7.81784017171784,-18.272888436174267,12.399106944297703,22.082488646368706,0,0,0,0,0,27,27,1,1
378,2017,7,24,6,42938.25,32.79701821607512,161.2685685477411,438,591,999.2728745368195,1003.2728745368195,4.0,11.773201007733665,8.407799812738958,182.81831978578631,105000,0.000752656206022948,0.009626910193426447,-25.339994437438442,9.095593473643875,26.922948180450152,0,0,0,0,0,26,26,1,1
378,2017,7,24,9,42938.375,32.87265822238057,160.748715779014,440,590,999.9331178295962,1003.9331178295962,4.0,11.617515563319584,7.8854769694690185,199.47114020071635,125000,0.6602432927767222,8.427636713109653,-16.183049012842666,2.8035949841764007,16.424104851935375,0,0,0,0,0,25,25,1,1
378,2017,7,24,12,42938.5,33.0967986977504,159.92634710648676,443,588,999.7207716479732,1003.7207716479732,4.0,11.896008304491588,8.72040308256328,184.98192550829796,107500,-0.2123461816229974,-2.694192135094844,-25.535431467157792,8.307761238941449,26.852879864498153,0,0,0,0,0,28,28,1,1
378,2017,7,24,15,42938.625,33.215936649215955,158.8777820884618,447,586,998.866747203253,1002.866747203253,4.0,11.676871624387644,7.155569060295821,212.50932944773342,141875,-0.8540244447201257,-10.801202458860198,-32.51481910982886,4.415845257931842,32.813307530434834,0,0,0,0,0,32,32,1,1
378,2017,7,24,18,42938.75,33.410272752681344,158.04474720995165,450,584,999.3595390534985,1001.3595390534985,2.0,11.023065932160998,6.288792575330518,126.94265629824517,50625,0.4927918502454122,6.200460422196882,-25.773994422954093,7.203062923074333,26.76159382376612,0,0,0,0,0,36,36,1,1
378,2017,7,24,21,42938.875,33.355308552459576,157.2982709997741,453,583,1000.4918387086416,1002.4918387086416,2.0,10.11222775099361,6.0287340218952155,131.56025258885612,54375,1.1322996551431423,14.2677026828223,-23.11049668528184,-2.037246737245281,23.200117053774523,0,0,0,0,0,31,31,1,1
378,2017,7,25,0,42939.0,33.524538424573606,156.45888445022823,456,581,1000.180726961016,1002.180726961016,2.0,10.120489296762024,6.636003275880793,129.27207364566027,52500,-0.31111174762554583,-3.9027133168865777,-25.936296494048758,6.272501071929175,26.683997929930936,0,0,0,0,0,26,26,1,1
378,2017,7,25,3,42939.125,33.341572825230564,155.49734054800183,460,580,1000.330902018795,1002.330902018795,2.0,9.183802681496024,6.178650452815345,133.06384715231013,55625,0.15017505777897897,1.892991621255028,-29.773530225894316,-6.78161546580921,30.53610011835737,0,0,0,0,0,23,23,1,1
378,2017,7,25,6,42939.25,33.35953535797261,154.9688182978787,462,579,1000.3432411136049,1002.3432411136049,2.0,8.32829704412492,5.276345878595967,145.21718204012956,66250,0.012339094809867675,0.15546309486206264,-16.361983660388734,0.6657808368675936,16.375523607676428,0,0,0,0,0,22,22,1,1
378,2017,7,25,9,42939.375,33.35953535797261,154.9688182978787,462,579,,,,8.32829704412492,,0.0,0,0.0,,0.0,0.0,0.0,0,3,0,0,0,22,22,0,0
382,2017,7,20,18,42934.75,54.13671491199328,-49.3789686077524,240,257,1004.5047047972404,1006.5047047972404,2.0,7.885066056493603,2.0819432147734913,366.18033747720784,421250,,,,,,3,0,0,0,0,5,5,1,4
382,2017,7,20,21,42934.875,54.357710613546665,-48.10803093499984,243,255,1003.0884083677773,1007.0884083677773,4.0,8.956617598025613,2.010271926401183,534.1209933079043,896250,-1.4162964294631093,-12.074247677270447,27.45011795549615,8.191200274330631,28.64619935881279,0,0,0,0,0,3,3,1,1
382,2017,7,21,0,42935.0,55.07235478530553,-46.05602380599755,249,253,1001.9949076627142,1005.9949076627142,4.0,9.938733937416927,1.6566245745456398,458.34978442375404,660000,-1.093500705063052,-9.240418922184361,43.544566836022994,26.488268751895827,50.96820266018348,0,0,0,0,0,3,3,1,1
382,2017,7,21,3,42935.125,55.72964448215282,-43.386461067118816,256,250,1000.434703943575,1006.434703943575,6.0,11.275481312363327,1.823648296896281,555.3041529113096,968750,-1.5602037191392446,-13.08027896335198,55.71362715496056,24.36242654171996,60.80736861403115,0,0,0,0,0,4,4,1,1
382,2017,7,21,6,42935.25,57.51708164232351,-41.88301140087983,264,253,998.7736732440144,1004.7736732440144,6.0,11.177715020079729,1.278665918803963,515.5470443746771,835000,-1.6610306995606516,-13.642269590720275,29.926571430621348,66.25131463564577,72.69688004683154,0,0,0,0,0,2,2,1,1
382,2017,7,21,9,42935.375,57.497473483328314,-41.31772593769473,265,252,997.8846900996743,1003.8846900996743,6.0,12.254029800015841,2.052891047881858,446.0310290381928,625000,-0.888983144340018,-7.302930277013048,11.258404947250403,-0.726775933702194,11.281838733738443,0,0,0,0,0,1,1,1,1
382,2017,7,21,12,42935.5,58.9049149242357,-36.99527114270714,277,250,996.2236420672572,1004.2236420672572,8.0,13.203411388507822,3.7033083976472705,483.48611424344057,734375,-1.661048032417166,-13.439127952009262,82.7285155157423,52.16678259273652,97.80276317935119,0,0,0,0,0,2,2,1,1
382,2017,7,21,15,42935.625,59.64512336158754,-35.88582494520878,281,251,995.3559856102595,1003.3559856102595,8.0,13.764913003336014,4.8767913642666825,438.3829305338697,603750,-0.8676564569976472,-6.966296402611991,20.78073508863605,27.435807631007123,34.41747363171356,0,0,0,0,0,3,3,1,1
382,2017,7,21,18,42935.75,60.428569891664075,-35.33359751696024,284,253,994.3876842682934,1004.3876842682934,10.0,14.12888146783654,5.6023364384093295,508.1622724746498,811250,-0.9683013419661438,-7.713316447455195,10.101243249246359,29.038426480598243,30.74516754954434,0,0,0,0,0,4,4,1,1
382,2017,7,21,21,42935.875,61.20755655075189,-34.75213588888973,287,255,993.8605355747128,1003.8605355747128,10.0,14.567449437777077,7.133160559900207,468.4387663163145,689375,-0.5271486935805296,-4.167409210010788,10.380163114634387,28.873121471453,30.68232275743961,0,0,0,0,0,4,4,1,1
382,2017,7,22,0,42936.0,61.79021292923926,-33.88126519061457,290,256,992.4633990821509,1006.4633990821509,14.0,16.295404484127694,8.63944139577914,606.1756963648521,1154375,-1.3971364925619856,-10.984334997993383,15.258117176999615,21.596144421629358,26.44245816233664,0,0,0,0,0,2,2,1,1
382,2017,7,22,3,42936.125,62.238747055154484,-33.36636600105956,292,257,992.6316204361868,1006.6316204361868,14.0,16.416261694299525,8.82856296985694,609.9382587420675,1168750,0.16822135403592256,1.3170717239409806,8.889419049169016,16.62490640957484,18.852301826537033,0,0,0,0,0,2,2,1,1
382,2017,7,22,6,42936.25,62.49018744560754,-32.57957005474342,294,257,992.9958375597326,1006.9958375597326,14.0,16.3500608899926,7.490410574389824,629.836245111814,1246250,0.3642171235458227,2.8450557542904225,13.470124067453577,9.319631923968766,16.37985902231304,0,0,0,0,0,1,1,1,1
382,2017,7,22,9,42936.375,62.93198413615106,-32.03074654397129,296,258,994.1701334651967,1008.1701334651967,14.0,16.122560484034388,6.821579784100614,667.5581178124546,1400000,1.174295905464096,9.1365104087054,9.25661536125462,16.37518353226525,18.81041104446115,0,0,0,0,0,2,2,1,1
382,2017,7,22,12,42936.5,63.95765864517035,-32.24246783912332,298,262,995.3746593619082,1009.3746593619082,14.0,15.378309920602254,5.89286650747963,700.4249510695399,1541250,1.204525896711566,9.288236263421544,-3.4453030926165433,38.01660059719773,38.17239885528349,0,0,0,0,0,2,2,1,1
382,2017,7,22,15,42936.625,64.39637657564384,-31.65716630157695,300,263,996.9824431954776,1008.9824431954776,12.0,14.541401024555844,3.7115048337347254,612.2171926542193,1177500,1.607783833569265,12.351950464651141,9.374953215157817,16.26106936555114,18.769979347289215,0,0,0,0,0,2,2,1,1
382,2017,7,22,18,42936.75,65.22426041742037,-31.590404132905935,302,266,999.3749992239533,1009.3749992239533,10.0,12.819667372815271,5.163492627911619,550.4463851377315,951875,2.3925560284758105,18.256537322780122,1.0369988880523846,30.685494352185113,30.70301174692487,0,0,0,0,0,4,4,1,1
382,2017,7,22,21,42936.875,65.34374004594393,-31.14364849830146,303,266,1002.1259200893578,1010.1259200893578,8.0,10.953905428395036,4.0996542940734795,449.14239431273614,633750,2.7509208654044777,20.970922510786817,6.907954148578814,4.428509509732744,8.205579016538723,0,0,0,0,0,6,6,1,1
382,2017,7,23,0,42937.0,65.14699023019789,-30.874510841768558,303,265,1005.105008572851,1011.105008572851,6.0,8.609451603119302,4.160918649784799,309.98354293693046,301875,2.979088483493251,22.746286445397747,4.192651317967405,-7.292527109737563,8.411853346338791,0,0,0,0,0,6,6,1,1
382,2017,7,23,3,42937.125,65.14699023019789,-30.874510841768558,303,265,,,,8.609451603119302,,0.0,0,0.0,,0.0,0.0,0.0,0,3,0,0,0,6,6,0,0
386,2017,7,20,18,42934.75,14.5868135666117,-115.94899126867878,79,496,1007.3526786769829,1013.3526786769829,6.0,8.09972761576859,8.907480731639808,284.9017742606504,255000,,,,,,3,0,0,0,0,15,15,1,1
386,2017,7,20,21,42934.875,14.46424486306246,-116.52403774133927,80,499,1005.3837718662278,1011.3837718662278,6.0,8.650056062965858,13.313610720286961,280.32615495458737,246875,-1.9689068107551428,-54.612925647170684,-20.638500465290083,-4.543006000025452,21.132595793514014,0,0,0,0,0,19,19,1,1
386,2017,7,21,0,42935.0,14.716772456535818,-117.01748511459121,82,501,1003.674532437026,1009.674532437026,6.0,8.765470929900188,12.03348604956227,240.60883306661233,181875,-1.7092394292018434,-46.61434219473955,-17.689591722891652,9.359929077332305,20.013243806421976,0,0,0,0,0,19,19,1,1
386,2017,7,21,3,42935.125,14.830319431403552,-117.67705103771557,84,504,1004.0513132502508,1012.0513132502508,8.0,9.271091525722696,14.444540334860212,586.4926433957708,1080625,0.3767808132249047,10.198629383995428,-23.632416542534216,4.208615847043127,24.004240437635755,0,0,0,0,0,17,17,1,1
386,2017,7,21,6,42935.25,14.932011571482828,-118.33822030699197,86,507,1005.2223579501918,1013.2223579501918,8.0,9.22820784799164,14.678842767962925,690.1240230585346,1496250,1.171044699940976,31.4865970646897,-23.678694475947747,3.7692166854810893,23.976813101565174,0,0,0,0,0,17,17,1,1
386,2017,7,21,9,42935.375,15.021832833372653,-119.00082209405353,88,510,1003.2968942093082,1011.2968942093082,8.0,9.836359127577488,15.893626016577544,504.8235856473997,800625,-1.9254637408835698,-51.468627349396655,-23.72004778635244,3.3292228756535267,23.952544581789592,0,0,0,0,0,13,13,1,1
386,2017,7,21,12,42935.5,14.74423819748122,-119.32267347575062,88,512,1003.1756560349746,1011.1756560349746,8.0,9.029588352797921,14.08347458697128,1812.9940601682533,10326250,-0.12123817433355726,-3.300381942728301,-11.536595361101108,-10.28903839162358,15.458245163992048,0,0,0,0,0,11,11,1,1
386,2017,7,21,15,42935.625,14.569430387698265,-119.89293207728655,89,515,1004.0467502385951,1012.0467502385951,8.0,9.37193954879283,15.240083121133285,767.3807981960539,1850000,0.8710942036204505,23.991434903608702,-20.456936485237847,-6.479247195237197,21.45849236498325,0,0,0,0,0,13,13,1,1
386,2017,7,21,18,42935.75,14.673749570741412,-120.14394992478601,90,516,1004.3803156455513,1012.3803156455513,8.0,9.90972853695074,15.145016416724248,561.715830896444,991250,0.33356540695618603,9.12307260697683,-9.000510801970227,3.8665879687009794,9.795902062397618,0,0,0,0,0,15,15,1,1
386,2017,7,21,21,42935.875,14.877037041060914,-120.64773227126803,92,518,1003.3752080387483,1009.3752080387483,6.0,9.853837918429544,15.259341752388716,220.32307560268868,152500,-1.005107606803067,-27.122542002997307,-18.046750634302715,7.534845116645007,19.55656154308662,0,0,0,0,0,14,14,1,1
386,2017,7,22,0,42936.0,15.0731758006373,-121.15379158817349,94,520,1002.5662887206022,1008.5662887206022,6.0,9.230335050814793,15.406256192968067,241.43425172789108,183125,-0.8089193181460723,-21.550871415534868,-18.111725370476705,7.269878327750317,19.51629387962436,0,0,0,0,0,15,15,1,1
386,2017,7,22,3,42936.125,15.112608064217284,-121.81932681015657,96,523,1003.2940881915532,1009.2940881915532,6.0,8.991751818525692,14.839214750833998,321.01841949022526,323750,0.7277994709509948,19.340294197381912,-23.814900211073518,1.461555885401734,23.859706990437704,0,0,0,0,0,16,16,1,1
386,2017,7,22,6,42936.25,15.29243669374331,-122.32919560631537,98,525,1005.1097160200093,1011.1097160200093,6.0,8.884269176867763,13.885698070496,336.4505212867273,355625,1.815627828456054,47.69381094490357,-18.229124759169686,6.665343756246,19.40947698610915,0,0,0,0,0,20,20,1,1
386,2017,7,22,9,42936.375,15.310794986263181,-122.99669660352198,100,528,1004.1726452333354,1010.1726452333354,6.0,8.77404066491112,10.177896795811321,375.83242541597855,443750,-0.9370707866738667,-24.586629175154528,-23.862786638494363,0.6804496633554546,23.872486211089655,0,0,0,0,0,18,18,1,1
386,2017,7,22,12,42936.5,15.474253234713036,-123.50997361679944,102,530,1003.4652543898562,1009.4652543898562,6.0,8.871407919637223,9.454685190326199,531.6944307278186,888125,-0.7073908434790792,-18.369001814340635,-18.3349622754812,6.058575981943235,19.31002808315664,0,0,0,0,0,17,17,1,1
386,2017,7,22,15,42936.625,15.471497281133272,-124.17888360081494,104,533,1004.2737692999715,1010.2737692999715,6.0,8.859532371879128,10.05841979226956,527.1852799293833,873125,0.808514910115191,20.998565204130742,-23.894700657446826,-0.102149352045879,23.894918999634907,0,0,0,0,0,16,16,1,1
386,2017,7,22,18,42936.75,15.294272452392022,-124.99960402108394,106,537,1005.2780973189606,1011.2780973189606,6.0,8.783564297300488,10.269849743323284,464.38663620900866,677500,1.0043280189891812,26.37909469955449,-29.34260442120706,-6.568833943825961,30.06888780119744,0,0,0,0,0,20,20,1,1
386,2017,7,22,21,42936.875,15.033750662027698,-125.55913688442159,107,540,1004.436339528346,1010.436339528346,6.0,8.868628118034852,9.376182730691143,435.4231573518114,595625,-0.8417577906146471,-22.48318850628126,-20.029234450415014,-9.65623378962332,22.23540158552471,0,0,0,0,0,21,21,1,1
386,2017,7,23,0,42937.0,14.994332626236984,-126.22407885186952,109,543,1002.9872932364627,1008.9872932364627,6.0,9.161436233201039,10.56697625506953,425.48648364787215,568750,-1.4490462918832783,-38.80315163878308,-23.806885612826175,-1.4610285327403465,23.85167513940418,0,0,0,0,0,16,16,1,1
386,2017,7,23,3,42937.125,14.943008121828614,-126.88833851405602,111,546,1004.0209717334914,1008.0209717334914,4.0,8.923080347931466,9.997830034396829,190.28334018879895,113750,1.0336784970285953,27.773160093747702,-23.788153706206707,-1.9023415009190707,23.86409771887961,0,0,0,0,0,10,10,1,1
386,2017,7,23,6,42937.25,14.826655721418323,-127.29348456966005,112,548,1005.6477742087628,1009.6477742087628,4.0,8.625992358363206,9.231957811816246,194.4204181260938,118750,1.6268024752715429,44.04460819265202,-14.516736318274583,-4.312598876180211,15.14378230169541,0,0,0,0,0,13,13,1,1
386,2017,7,23,9,42937.375,14.756141067351148,-127.95568187874133,114,551,1004.7484495895841,1010.7484495895841,6.0,8.51009386665881,9.182306982609516,1357.6498755875953,5790625,-0.8993246191788057,-24.46237466713481,-23.73481332623123,-2.613623928788587,23.878282887849785,0,0,0,0,0,15,15,1,1
386,2017,7,23,12,42937.5,14.804674730554941,-128.2141035269611,115,552,1002.4838938497129,1006.4838938497129,4.0,9.439217988544433,9.747148302257846,185.5188843315482,108125,-2.264555739871139,-61.400350325255566,-9.260413307733856,1.7988990399124756,9.433519618141064,0,0,0,0,0,16,16,1,1
386,2017,7,23,15,42937.625,14.717687926880183,-128.87525890384492,117,555,1003.2904317782165,1007.2904317782165,4.0,9.488804185783563,9.65946808166591,188.18069730433754,111250,0.8065379285036761,21.994547659864764,-23.70165163715882,-3.2241637512197996,23.919939845741943,0,0,0,0,0,21,21,1,1
386,2017,7,23,18,42937.75,14.80009563106555,-129.393039179086,119,557,1004.1061642367692,1010.1061642367692,6.0,9.390140204738245,10.01676727812366,369.69488416823555,429375,0.8157324585526657,22.124166782942602,-18.554791561761125,3.0544395406128437,18.804517829704142,0,0,0,0,0,23,23,1,1
386,2017,7,23,21,42937.875,14.910020116489301,-130.17140940887143,122,560,1002.3946220703224,1008.3946220703224,6.0,10.529022737216923,17.762994140322625,271.3100830783876,231250,-1.7115421664468886,-46.08561732099863,-27.87890225471194,4.074348364378251,28.175051118358137,0,0,0,0,0,23,23,1,1
386,2017,7,24,0,42938.0,14.601453070875213,-130.96991133655695,124,564,1000.799863296916,1006.799863296916,6.0,10.80121420044785,26.27590258304466,208.7310845835051,136875,-1.5947587734063564,-43.8281643491728,-28.64055642001976,-11.437030000662263,30.839700505750436,0,0,0,0,0,25,25,1,1
386,2017,7,24,3,42938.125,14.225698893257261,-131.24615497632067,124,566,1001.8990977979146,1007.8990977979146,6.0,10.02082651928268,19.184194917761126,279.25959628100287,245000,1.099234500998573,30.99069036415454,-9.924987648708127,-13.927319405538231,17.101918186299766,0,0,0,0,0,26,26,1,1
386,2017,7,24,6,42938.25,14.275032956184774,-131.76273771842824,126,568,1004.4470812624954,1010.4470812624954,6.0,9.313043829822627,13.572196000894692,430.1367472610639,581250,2.5479834645809025,71.59210440998763,-18.55592224076004,1.8285658361008963,18.645801222315132,0,0,0,0,0,25,25,1,1
386,2017,7,24,9,42938.375,14.509057084385551,-132.14407473082886,128,569,1004.2103614340637,1008.2103614340637,4.0,8.941626272102436,10.161741395025892,190.8053805118479,114375,-0.2367198284318147,-6.546214696390648,-13.683476744204087,8.674098589447473,16.201158049615735,0,0,0,0,0,24,24,1,1
386,2017,7,24,12,42938.5,14.755225439439064,-132.78739995660183,131,571,1003.636930818839,1007.636930818839,4.0,8.256466836113558,10.05184219649469,206.33455182562614,133750,-0.5734306152246427,-15.598734198012655,-23.058488024705426,9.124224060795688,24.79809135189816,0,0,0,0,0,27,27,1,1
386,2017,7,24,15,42938.625,14.769875937090553,-133.0474909506004,132,572,1004.6659433876063,1008.6659433876063,4.0,7.82203345169811,7.1822091598003315,243.0766805410715,185625,1.0290125687672116,27.96454406852078,-9.321727882825739,0.5430203372213047,9.337530819659273,0,0,0,0,0,31,31,1,1
386,2017,7,24,18,42938.75,14.80284307944468,-133.82820427729115,135,575,1005.6881628893057,1009.6881628893057,4.0,7.859284694376849,7.736763044723484,234.32553289538015,172500,1.0222195016994373,27.719444956918394,-27.976703811489152,1.2219263252491956,28.00337586970772,0,0,0,0,0,35,35,1,1
386,2017,7,24,21,42938.875,14.611518281089692,-134.22051367888153,136,577,1005.5108696021449,1009.5108696021449,4.0,7.638044291589348,8.822934089990085,237.69729657196956,177500,-0.17729328716071904,-4.869202275974286,-14.070660534254447,-7.091448972789294,15.756653718473983,0,0,0,0,0,30,30,1,1
386,2017,7,25,0,42939.0,15.021832833372653,-134.73897319763452,139,578,1003.8169277006349,1007.8169277006349,4.0,7.845725310074427,9.217137090268661,582.4079089990124,1065625,-1.6939419015101158,-45.27993055862197,-18.55999574011354,15.208298847432882,23.995120247789153,0,0,0,0,0,25,25,1,1
386,2017,7,25,3,42939.125,15.022749566388342,-135.0,140,579,1004.3280201479165,1008.3280201479165,4.0,7.73776725882642,6.878576554434111,219.41825422078801,151250,0.5110924472816987,13.660947167877175,-9.344290520978706,0.03397868681079067,9.344352299202438,0,0,0,0,0,22,22,1,1
386,2017,7,25,6,42939.25,15.022749566388342,-135.0,140,579,,,,7.73776725882642,,0.0,0,0.0,,0.0,0.0,0.0,0,3,0,0,0,22,22,0,0
402,2017,7,19,3,42933.125,57.76307278468765,-152.98381027613473,295,486,1005.0031921238151,1005.0031921238151,0.0,8.076807732654187,5.069538433732814,14.104739588693906,625,,,,,,3,0,0,0,0,10,10,1,1
402,2017,7,19,6,42933.25,57.448498740441416,-152.8092787536748,294,487,1004.1915652849074,1006.1915652849074,2.0,9.229312897842222,5.473013688761784,417.2238236327841,546875,-0.8116268389076867,-6.671089517472064,3.480696488620908,-11.659679258080809,12.168129209012278,0,0,2,0,0,10,10,1,2
402,2017,7,19,9,42933.375,57.54814930203504,-152.26946776212193,293,486,1004.1198783917297,1008.1198783917297,4.0,9.145309429109581,3.571057308494346,1049.6428409481223,3461250,-0.0716868931776844,-0.5885710447269388,10.736121283487487,3.6935456288308566,11.353703339704122,0,0,0,0,0,12,12,1,3
402,2017,7,19,12,42933.5,57.54814930203504,-152.26946776212193,293,486,1003.9050577331302,1007.9050577331302,4.0,9.221145283113225,3.6624028056361566,691.5638827983613,1502500,-0.21482065859949218,-1.7637424898222696,0.0,0.0,0.0,0,0,0,0,0,12,12,1,2
402,2017,7,19,15,42933.625,57.438711599326176,-151.91576008389896,292,486,1003.3997336511379,1007.3997336511379,4.0,9.145568334638924,2.848200333029017,697.4362299340386,1528125,-0.505324081992294,-4.153916173086462,7.0559028075079855,-4.056305774953925,8.138757950014464,0,0,0,0,0,12,12,1,2
402,2017,7,19,18,42933.75,57.438711599326176,-151.91576008389896,292,486,1003.1449368448106,1007.1449368448106,4.0,9.361991774993202,2.8623606495074636,659.1608260818253,1365000,-0.25479680632735835,-2.0945065006225714,0.0,0.0,0.0,0,0,0,0,0,11,11,1,2
402,2017,7,19,21,42933.875,57.438711599326176,-151.91576008389896,292,486,1003.3479458005646,1007.3479458005646,4.0,9.049936049333915,2.854208744026619,727.7280214051688,1663750,0.20300895575404865,1.6687947688212426,0.0,0.0,0.0,0,0,0,0,0,12,12,1,2
402,2017,7,20,0,42934.0,57.340982631394425,-152.4548677932286,293,487,1003.0380258124237,1007.0380258124237,4.0,8.694695258134617,3.894177118679945,778.831995271757,1905625,-0.3099199881409004,-2.550417315397697,-10.783031205586386,-3.622321806739726,11.375191306181708,0,0,0,0,0,13,13,1,2
402,2017,7,20,3,42934.125,57.340982631394425,-152.4548677932286,293,487,1002.2633875490894,1006.2633875490894,4.0,8.882008326466925,4.419050174244476,713.789017548554,1600625,-0.7746382633343455,-6.37471255671098,0.0,0.0,0.0,0,0,0,0,0,13,13,1,2
402,2017,7,20,6,42934.25,57.13335135834713,-152.63799556229733,293,488,1002.2154508198765,1006.2154508198765,4.0,8.966843262784092,4.67383421269682,517.8571995346242,842500,-0.04793672921281541,-0.395405652362587,-3.6835460902900845,-7.6958480585367735,8.53197451586534,0,0,0,0,0,12,12,1,2
402,2017,7,20,9,42934.375,56.716714404424884,-152.9975849554013,293,490,1002.6073607419562,1008.2110203358751,5.603659593918856,9.037037277730088,2.91509102021133,628.5715124197327,1241250,0.3919099220796488,3.2480109917254265,-7.314212171104011,-15.442638509598815,17.08721111890616,0,0,0,1,0,15,13,2,0
402,2017,7,20,12,42934.5,54.99113777292993,-145.32840558730388,272,486,1001.2443318547719,1009.2443318547719,8.0,10.145073379774452,2.474902517162045,721.5508350694098,1635625,-0.9666884811031923,-8.176918831881508,-10.30640340881667,29.333250255104286,31.091180771303033,0,0,1,0,2,14,14,1,1
402,2017,7,20,15,42934.625,55.714053206989995,-146.36264246790185,276,485,1000.783335527677,1008.783335527677,8.0,10.064010115651389,2.503889764646374,712.6732856940907,1595625,-0.46099632709490834,-3.8655715253104064,-21.594219603181436,26.79484288684284,34.41328123851339,0,0,0,0,0,13,13,1,1
402,2017,7,20,18,42934.75,55.75148264463373,-148.5794530816891,281,488,1000.5725614750278,1008.5725614750278,8.0,10.451997029530753,1.6838084388192514,704.9548282013843,1561250,-0.21077405264921253,-1.7666076140845346,-46.239718914476455,1.3873211910474281,46.26052599546314,0,0,0,0,0,13,13,1,1
402,2017,7,20,21,42934.875,55.707818424234866,-149.94872708078708,284,490,1001.1085182932528,1009.1085182932528,8.0,10.281372002925204,1.8348581712738088,716.9870753275975,1615000,0.535956818225095,4.494467797087545,-28.593948627757204,-1.618413261414567,28.639712980606852,0,0,0,0,0,17,17,1,1
402,2017,7,21,0,42935.0,55.82488531318196,-150.27876532966118,285,490,1000.52808739915,1008.52808739915,8.0,10.350725973806615,2.0410854945005124,711.9750653974384,1592500,-0.5804308941029013,-4.860659368362863,-6.871485541030606,4.339081376326099,8.12680384474565,0,0,0,0,0,17,17,1,1
402,2017,7,21,3,42935.125,55.64396866578301,-151.31385242626055,287,492,1000.7626844865613,1008.7626844865613,8.0,10.07233214336226,1.8714932242781652,743.147127108002,1735000,0.23459708741138457,1.9687996846211897,-21.65072940516838,-6.705671112101731,22.665394522035093,0,0,0,0,0,16,16,1,1
402,2017,7,21,6,42935.25,54.70435064365734,-151.69924423399362,286,496,1001.2090747163179,1011.2090747163179,10.0,10.483171293907041,0.9752057258159765,874.0387444736633,2400000,0.44639022975650733,3.789209091055304,-8.253533526222512,-34.82691901472288,35.79155073095528,0,0,0,0,0,15,15,1,1
402,2017,7,21,9,42935.375,54.18922671023624,-152.5385019580434,287,499,1002.4999712458566,1012.045939341594,9.54596809573748,9.69223740802131,1.1663627188297687,906.4421623644333,2581250,1.2908965295387316,11.028486870385862,-18.200954214721218,-19.093055996538798,26.378391186980004,0,0,0,1,0,11,10,2,0
402,2017,7,21,12,42935.5,51.74820789723185,-143.9851997504227,261,495,1001.1723596491574,1013.1723596491574,12.0,12.094748391916497,1.7887501609972238,1053.8043534848866,3488750,-0.873579692436615,-7.70706278213676,78.85592160527985,-27.80072939796828,83.6130188862781,0,0,0,0,2,9,9,1,1
402,2017,7,21,15,42935.625,51.74820789723185,-143.9851997504227,261,495,,,,12.094748391916497,,0.0,0,0.0,,0.0,0.0,0.0,0,3,0,0,0,9,9,0,0
408,2017,7,21,15,42935.625,72.56039069751102,-116.39993411396694,290,394,997.297580194256,997.297580194256,0.0,8.781528453293651,3.1017004368549532,14.104739588693906,625,,,,,,3,0,0,0,0,9,9,1,1
408,2017,7,21,18,42935.75,72.9114102850342,-112.01128319791937,289,388,996.6236584946441,996.6236584946441,0.0,8.903314436193947,3.715350929477499,14.104739588693906,625,-0.6739216996118194,-4.884719265279066,47.78850076891641,13.010532428480612,49.52791899336444,0,0,0,0,0,10,10,1,1
408,2017,7,21,21,42935.875,72.70114940076074,-111.73229518994306,288,388,996.8427870583648,996.8427870583648,0.0,9.118329693822554,3.08825784824061,14.104739588693906,625,0.21912856372058742,1.590092239101678,3.0748586835188827,-7.793314534335741,8.377977521735193,0,0,0,0,0,8,8,1,1
408,2017,7,22,0,42936.0,71.90060153704982,-112.26399511741855,285,390,996.8183487970975,996.8183487970975,0.0,9.67509471973326,5.081893207784815,14.104739588693906,625,-0.024438261267205233,-0.17812715142590124,-6.122422076319325,-29.67228699359757,30.297337630739467,0,0,0,0,0,6,6,1,1
408,2017,7,22,3,42936.125,71.8696271363882,-108.43494882292201,283,385,996.4626216833499,996.4626216833499,0.0,10.086723097156288,5.494442448290065,14.104739588693906,625,-0.3557271137477073,-2.5933049800012764,44.15637136707844,-1.148065403143052,44.171293692592236,0,0,0,0,0,8,8,1,1
408,2017,7,22,6,42936.25,71.85556471280432,-106.18920625702695,282,382,996.3889434545007,996.3889434545007,0.0,10.473749847358484,5.296664498533865,14.104739588693906,625,-0.07367822884916678,-0.5371687248430974,25.920061098902675,-0.5212233862844932,25.925301178371246,0,0,0,0,0,11,11,1,1
408,2017,7,22,9,42936.375,71.75742029444795,-104.63572899983966,281,380,996.9792758041979,996.9792758041979,0.0,10.166931606185631,4.68495988233939,14.104739588693906,625,0.5903323496971279,4.306382682578342,18.0242655233827,-3.637720466569733,18.387690389233295,0,0,0,0,0,10,10,1,1
408,2017,7,22,12,42936.5,72.18742962913757,-102.01900245454453,282,376,997.1383889618982,997.1383889618982,0.0,9.993975518011142,4.951237144966362,14.104739588693906,625,0.1591131577003398,1.15787411269265,29.666975290865352,15.938285475762326,33.677267805089414,0,0,0,0,0,9,9,1,1
408,2017,7,22,15,42936.625,72.80152738152279,-99.40078004102384,284,372,997.316842723819,997.316842723819,0.0,9.445177493604294,5.577521004604932,14.104739588693906,625,0.17845376192082768,1.2942339917784378,28.692045787427524,22.761518176354066,36.624038569774555,0,0,0,0,0,8,8,1,1
408,2017,7,22,18,42936.75,72.83709048632971,-98.6606036708298,284,371,997.6798807880105,999.6798807880105,2.0,9.007853639193304,6.888912749522497,228.7404370492034,164375,0.36303806419149626,2.6324244312041802,8.095619033159792,1.318145610086559,8.20222868368406,0,0,0,1,0,11,11,1,2
408,2017,7,22,21,42936.875,70.31581346749067,-102.20911975849624,274,378,998.2267339157016,1000.2267339157016,2.0,9.133416614597923,8.823478311809012,210.15588668414918,138750,0.546853127691138,4.023849076160548,-44.29622211661603,-93.45107105347304,103.41788034399976,0,0,1,0,0,14,14,1,1
408,2017,7,23,0,42937.0,70.89597081476782,-100.5160463845448,276,375,998.3228548381012,1002.3228548381012,4.0,8.814891951804237,6.021522531466835,366.99437405976187,423125,0.09612092239956838,0.7047592681640533,20.537644272667247,21.50351789092796,29.735435324812055,0,0,0,0,0,9,9,1,1
408,2017,7,23,3,42937.125,72.35417547107238,-99.16234704572172,282,372,998.2826120355307,1002.2826120355307,4.0,7.923146224951506,9.018974445930144,350.63826593583474,386250,-0.04024280257042847,-0.29257646738600185,15.209283483398764,54.048319930180085,56.14751277976156,0,0,0,0,0,5,5,1,1
408,2017,7,23,6,42937.25,72.13027936660414,-99.04757199990071,281,372,998.1270711827988,1002.1270711827988,4.0,8.382094377544586,6.822132201270652,344.3405764696662,372500,-0.15554085273193777,-1.1322417136810612,1.3053965632154931,-8.298703637449538,8.400746529295656,0,0,0,0,0,6,6,1,1
408,2017,7,23,9,42937.375,72.13027936660414,-99.04757199990071,281,372,998.4410612752727,1002.4410612752727,4.0,8.332045860656859,6.791948802346378,365.63663957157263,420000,0.3139900924738322,2.2856546954525463,0.0,0.0,0.0,0,0,0,1,0,8,8,1,2
408,2017,7,23,12,42937.5,72.1645483175186,-98.33436451735784,281,371,998.3249079096678,1002.3249079096678,4.0,8.647195162741877,4.638042010211284,387.55964385237047,471875,-0.11615336560484138,-0.8453621766244437,8.09658556971842,1.2701778277058653,8.195611606327384,0,0,0,0,0,9,9,1,1
408,2017,7,23,15,42937.625,71.16262935740168,-94.45117400288657,276,366,998.105089618276,1000.105089618276,2.0,9.717878619169962,8.289177282939272,236.0174359706574,175000,-0.2198182913918572,-1.6091327760364438,46.46470982308305,-37.13610175799735,59.48158801447423,0,0,0,1,0,9,9,1,2
408,2017,7,23,18,42937.75,71.16262935740168,-94.45117400288657,276,366,997.2356147157213,999.2356147157213,2.0,10.438357270304419,13.319854274514945,216.2215635251125,146875,-0.869474902554648,-6.364805015919638,0.0,0.0,0.0,0,0,0,0,0,11,11,1,2
408,2017,7,23,21,42937.875,71.178907103473,-93.76852970913538,276,365,998.0658940613814,998.0658940613814,0.0,9.790044276755422,12.722890819164896,14.104739588693906,625,0.8302793456600921,6.07729354598325,8.16280316261655,0.6033342601131414,8.18506980428689,0,0,0,2,0,10,10,1,1
408,2017,7,24,0,42938.0,69.1724051350187,-90.30970389995883,267,360,998.5855172205323,998.5855172205323,0.0,9.900554385358241,8.1274832830776,14.104739588693906,625,0.5196231591509423,3.851749167346461,45.576840585406934,-74.3709463981459,87.22548977164581,0,0,0,0,0,9,9,1,1
408,2017,7,24,3,42938.125,67.34429248139152,-90.85509739626673,259,361,,,,9.535485007582679,,0.0,0,0.33741663302265806,,-7.78664528653365,-67.75895080602189,68.2048917538265,0,3,3,0,0,10,10,0,0
422,2017,7,16,18,42930.75,63.76463437366808,-102.18091607900556,246,384,990.9544518147461,990.9544518147461,0.0,9.429252948586775,7.167336951499383,14.104739588693906,625,,,,,,3,0,0,0,0,9,9,1,1
422,2017,7,16,21,42930.875,63.69728642782247,-97.1555415348859,244,374,989.3750947941422,991.3750947941422,2.0,11.058123185658083,5.030979921934704,213.44344089255833,143125,-1.5793570206039294,-12.20583177039217,82.5154710703706,-2.496249965988362,82.55322059046433,0,0,0,0,0,13,13,1,1
422,2017,7,17,0,42931.0,63.669601185899076,-91.2293344864779,243,362,987.6870726506771,995.6870726506771,8.0,12.779978753330713,8.206889648151046,797.3857270180611,1997500,-1.6880221434650593,-13.048752507657284,97.39225235981645,-1.0261528149359873,97.39765813056171,0,0,2,0,0,9,9,1,2
422,2017,7,17,3,42931.125,63.6735545738693,-90.7376731374322,243,361,986.0608006752996,996.0608006752996,10.0,14.803029416551821,6.318484530766364,797.5104647156593,1998125,-1.6262719753776036,-12.570981986448283,8.081790317945499,0.14653222844887917,8.083118608384503,0,0,0,0,0,11,11,1,2
422,2017,7,17,6,42931.25,63.893834648574455,-88.26429541107161,244,356,985.7790251418077,995.7790251418077,10.0,15.70612254373242,4.656894568750358,763.2215220473915,1830000,-0.2817755334918911,-2.1739879062048613,40.338057533039525,8.164675582698935,41.156054389476246,0,0,0,0,0,9,9,1,1
422,2017,7,17,9,42931.375,64.52242813216967,-85.67919504501553,247,351,985.0834446104104,997.0834446104104,12.0,16.397399236896344,7.169946300423543,840.0316832915835,2216875,-0.6955805313972815,-5.3382479514373555,41.21343929421964,23.29880209920596,47.34323349451632,0,0,0,0,0,10,10,1,1
422,2017,7,17,12,42931.5,64.46136333293435,-84.1633714751305,247,348,983.5370470618814,997.5370470618814,14.0,17.98452462311836,9.705616451846,884.1095600999182,2455625,-1.5463975485290575,-11.873898477876343,24.22143534490942,-2.263365290511995,24.326955267890014,0,0,0,0,0,10,10,1,1
422,2017,7,17,15,42931.625,63.97963159467689,-83.76967538599436,245,347,983.5075465655026,997.5075465655026,14.0,17.671100005108705,6.413515147345242,898.8382946171317,2538125,-0.02950049637875054,-0.22743908013139913,6.401510962099674,-17.855375099298026,18.96823034799278,0,0,0,1,0,11,11,1,2
422,2017,7,17,18,42931.75,65.28288484471355,-76.53479190518829,253,334,982.6450569999172,998.6450569999172,16.0,18.779814770787212,5.602604146586964,971.2831333742029,2963750,-0.8624895655854198,-6.57817344903821,112.06685357928698,48.3050498457029,122.03424729049296,0,0,1,0,0,9,9,1,1
422,2017,7,17,21,42931.875,67.3943839591767,-76.44871527305365,262,336,981.9111435613383,991.9111435613383,10.0,19.202952531621108,6.380902286491764,626.5108765220177,1233125,-0.7339134385787475,-5.507856018133014,1.2263552624057916,78.26266304759338,78.27227078941027,0,0,0,0,0,7,7,1,1
422,2017,7,18,0,42932.0,67.89187866061359,-76.7427611534189,264,337,979.3369520730346,999.3369520730346,20.0,21.334290292550545,8.444522740715911,984.2036234403164,3043125,-2.574191488303768,-19.249862247055642,-4.1018216999673704,18.439628944110627,18.890337658570466,0,0,0,0,0,8,8,1,1
422,2017,7,18,3,42932.125,68.38830526390886,-77.05014552672118,266,338,977.8844114994467,1003.8844114994467,26.0,22.13610472584103,9.986534222087066,1243.4589949563126,4857500,-1.4525405735879031,-10.824440054923986,-4.196272291077824,18.40003991260873,18.872471219383588,0,0,0,0,0,7,7,1,1
422,2017,7,18,6,42932.25,68.75514666577145,-78.69006752597979,267,341,977.3270531514303,1003.3270531514303,26.0,21.7448673045312,11.214357943227078,1227.760666725854,4735625,-0.5573583480164234,-4.143051970810795,-22.024571755812524,13.596967590098895,25.883571791256603,0,0,0,0,0,9,9,1,2
422,2017,7,18,9,42932.375,69.06428441035916,-79.77783136636388,268,343,976.1682012374603,1004.1682012374603,28.0,22.4709339986564,14.757308872767025,1286.9367220458184,5203125,-1.1588519139699929,-8.596270885262664,-14.406228553284384,11.458182944165525,18.40731858559068,0,0,0,0,0,8,8,1,2
422,2017,7,18,12,42932.5,69.1404048430416,-80.9952208747227,268,345,974.8899500513982,1002.8899500513982,28.0,23.36478725706533,18.115162315031338,1219.4687365877392,4671875,-1.2782511860621162,-9.477156517576615,-16.066920218257234,2.82140197609149,16.312762930004716,0,0,0,0,0,8,8,1,2
422,2017,7,18,15,42932.625,69.17486863537586,-81.60707481260751,268,346,975.258722597452,1003.258722597452,28.0,22.609457757756722,16.802127979525903,1275.6019557196378,5111875,0.3687725460538058,2.7335119516979747,-8.06250516589429,1.2773996201671132,8.163071685320128,0,0,0,0,0,10,10,1,3
422,2017,7,18,18,42932.75,69.17486863537586,-81.60707481260751,268,346,976.3437246951472,1002.3437246951472,26.0,21.579741741195946,16.170988443598763,1236.4797499662175,4803125,1.085002097695251,8.042535252162201,0.0,0.0,0.0,0,0,0,0,0,8,8,1,3
422,2017,7,18,21,42932.875,68.94937581212028,-81.69653726863696,267,346,978.3520974902922,1002.3520974902922,24.0,19.778446274655565,12.972892755758075,1244.4985094257872,4865625,2.008372795144969,14.9094184388039,-1.1910554403459948,-8.357885980259288,8.442326167650274,0,0,0,0,0,8,8,1,2
422,2017,7,19,0,42933.0,68.94937581212028,-81.69653726863696,267,346,979.5153975710019,1001.5153975710019,22.0,18.38154167397588,9.958112696004683,1206.2645096402584,4571250,1.1633000807097416,8.635910481920236,0.0,0.0,0.0,0,0,0,0,0,9,9,1,2
422,2017,7,19,3,42933.125,69.20691943347087,-82.22086280908565,268,347,981.2744631517231,1003.2744631517231,22.0,16.252306703998133,7.60178512105711,1280.8159805060643,5153750,1.759065580721217,13.03623250217081,-6.898973830595453,9.545848027951104,11.777905352310269,0,0,0,0,0,7,7,1,2
422,2017,7,19,6,42933.25,68.98109923881806,-82.30394827798344,267,347,982.5268066938623,1004.2782772523786,21.751470558516303,14.898483770987829,5.479239780325515,1350.7451568929334,5731875,1.2523435421391331,9.294956960037986,-1.1045641835338074,-8.370019993093381,8.44258827139691,0,0,0,0,0,8,6,2,0
422,2017,7,19,9,42933.375,68.98109923881806,-82.30394827798344,267,347,984.2905110644275,1004.6056322694608,20.31512120503321,12.967301493622582,4.344630231152041,1366.704869700206,5868125,1.7637043705652469,13.090302830669735,0.0,0.0,0.0,0,0,0,0,0,7,4,2,0
422,2017,7,19,12,42933.5,68.70202890469896,-87.87890360333854,265,356,985.0972984582945,1005.3770874227412,20.279788964446634,14.487646110757517,3.8415411335913086,1425.9745235023759,6388125,0.80678739386698,5.999315756619709,-75.02811044658442,-10.343735110348462,75.73777269776242,0,0,0,0,0,5,3,2,0
422,2017,7,19,15,42933.625,67.339743892089,-88.57502572748457,259,357,986.5578902735209,1004.3032961045554,17.745405831034585,14.573029905869525,3.069730182057465,1375.194026779293,5941250,1.4605918152263622,10.965773742072237,-9.940485281103323,-50.49306068204893,51.462242709241764,0,0,0,0,0,4,2,2,0
422,2017,7,19,18,42933.75,66.65365779588213,-88.6163130326315,256,357,987.3770446790554,989.3770446790554,2.0,14.535961624785026,2.799187110237908,276.03519522924046,239375,0.8191544055345003,6.18135990603569,-0.606445008573089,-25.429764379858213,25.436994554458053,0,0,0,2,0,6,6,1,1
422,2017,7,19,21,42933.875,66.42475910653584,-88.6295489822004,255,357,989.0964680513364,991.0964680513364,2.0,13.720162916953283,3.5125872674456335,290.4343640802591,265000,1.7194233722810168,12.997328160752808,-0.19621300529146005,-8.48412432363162,8.486392937065972,0,0,0,0,0,7,7,1,1
422,2017,7,20,0,42934.0,65.9515927227324,-87.58049078334366,253,355,990.3587260617301,991.9158636932402,1.5571376315101224,12.85637563442937,3.7072952209372305,273.1371076480198,234375,1.262258010393707,9.576396980323791,15.845090466334494,-17.5379004458984,23.63566889124502,0,0,0,1,0,9,7,2,0
422,2017,7,20,3,42934.125,64.819512794192,-88.71555647819922,248,357,991.7264410501921,992.7115441492241,0.985103099031985,12.904360846675687,2.5277220474505886,246.32868702971868,190625,1.3677149884619575,10.470829323482663,-17.89983315861478,-41.96051486994295,45.6189525883371,0,0,0,0,0,8,6,2,0
422,2017,7,20,6,42934.25,64.12990748185543,-88.74919918523459,245,357,993.2455609799687,993.7650144074935,0.5194534275247134,11.983149137749253,2.00117160771566,220.774095676764,153125,1.5191199297766433,11.696976372364489,-0.5440914290505753,-25.56020403965401,25.565994329028385,0,0,0,0,0,5,3,2,0
422,2017,7,20,9,42934.375,63.19521589016499,-87.82525588538995,241,355,994.1557295703503,997.4996856094912,3.3439560391407577,12.084254539626613,1.5749599704609865,683.8980837897614,1469375,0.9101685903816542,7.064977774619731,15.443142297507865,-34.644320991101324,37.93045769504423,0,0,0,0,0,5,3,2,0
422,2017,7,20,12,42934.5,62.482594636181744,-86.93771291459994,238,353,995.0041393571798,996.9730160993192,1.9688767421394004,11.67912325048265,1.9574740046436636,388.0726283837936,473125,0.8484097868294339,6.627749238425424,15.198776657165924,-26.413289354006853,30.473999842044094,0,0,0,0,0,6,5,2,0
422,2017,7,20,15,42934.625,59.30480706895617,-80.43331401028559,226,337,992.9386602750333,996.9386602750333,4.0,14.485394488527149,3.548269360327904,320.08747962925327,321875,-2.0343558242858855,-16.390872036649604,32.826223627898614,3.3086646308505205,32.99254793598473,0,0,0,2,2,6,6,1,1
422,2017,7,20,18,42934.75,59.86634342854044,-78.94358701975182,229,334,991.8326977969776,999.8326977969776,8.0,14.917624547830448,3.4807039578027616,644.5109785487341,1305000,-1.105962478055735,-8.859656212937272,27.719237763015233,20.813331437408536,34.66339434743788,0,0,0,0,0,6,6,1,1
422,2017,7,20,21,42934.875,60.90848491381055,-77.64049127326457,234,332,990.5826927676385,1000.5826927676385,10.0,15.702187869019161,4.851228667137039,660.668170437719,1371250,-1.2500050293390814,-9.910563620115864,23.48297913824607,38.62694866928701,45.204993891239866,0,0,0,0,0,5,5,1,1
422,2017,7,21,0,42935.0,60.54966916383527,-78.69006752597979,232,334,988.6402319329472,1000.6402319329472,12.0,17.95991624688469,5.763255782754641,506.0044611454395,804375,-1.942460834691301,-15.454797671173543,-19.126954429988558,-13.29949699913774,23.296287390846906,0,0,0,0,0,4,4,1,1
422,2017,7,21,3,42935.125,60.32208854866332,-78.7758395869269,231,334,987.6455123959593,1001.6455123959593,14.0,19.338260395368472,8.521464865497837,707.9118074030165,1574375,-0.9947195369879773,-7.932137395124421,-1.574067309114259,-8.435269936589693,8.580877973538378,0,0,0,0,0,5,5,1,1
422,2017,7,21,6,42935.25,59.82093558141123,-78.52130283138713,229,333,987.579148322497,1001.579148322497,14.0,19.27974092667912,11.786825456635997,608.9589620032832,1165000,-0.06636407346231862,-0.5318748836725695,4.742708061583875,-18.575222477099764,19.171128548710037,0,0,0,0,0,4,4,1,1
422,2017,7,21,9,42935.375,59.31856104380725,-78.27488798483493,227,332,987.8753425511482,1001.8753425511482,14.0,19.207898578633436,10.86363163150636,630.4676600524476,1248750,0.2961942286512931,2.3861067144429358,4.660425397304547,-18.620499952322596,19.194858253143916,0,0,0,0,0,3,3,1,1
422,2017,7,21,12,42935.5,58.71513174109309,-77.22335523074788,225,329,988.2720616908247,1002.2720616908247,14.0,19.256970388307366,13.828380292326692,649.2777953346763,1324375,0.3967191396764247,3.2161990110430905,20.239272674248976,-22.366092350159477,30.164055519748395,0,0,0,0,0,4,4,1,1
422,2017,7,21,15,42935.625,58.326909445051115,-76.1130935862034,224,326,988.9719987140746,996.9719987140746,8.0,18.239391788096558,15.243970665307424,357.66015365163463,401875,0.6999370232499496,5.697974804105896,21.607424043619712,-14.389449910056625,25.960297427318196,0,0,0,0,0,6,6,1,1
422,2017,7,21,18,42935.75,57.92634111460256,-75.02940176151468,223,323,990.4390504819568,996.4390504819568,6.0,16.1083891521352,15.006958714038628,272.4077682750553,233125,1.4670517678822217,11.994853650929706,21.32881879438367,-14.847055373453577,25.98756557329006,0,0,0,0,0,8,8,1,1
422,2017,7,21,21,42935.875,57.962723074886505,-73.7479142911396,224,320,992.4971156843671,1000.4971156843671,8.0,14.373367283471568,12.179899906902792,560.297354311765,986250,2.058065202410362,16.8203857778994,25.19608930964462,1.3484964683195932,25.23214931837275,0,0,0,0,0,5,5,1,1
422,2017,7,22,0,42936.0,57.60544812738957,-73.08919124427563,223,318,994.1450932129443,1004.1450932129443,10.0,13.171002176864457,9.702683672182829,880.9536260506876,2438125,1.6479775285771756,13.521801186731404,13.080496215454849,-13.242387192953387,18.61344137473306,0,0,0,0,0,3,3,1,1
422,2017,7,22,3,42936.125,57.1721940404066,-72.06653315895956,222,315,995.6953607833539,1003.6953607833539,8.0,11.811028839281406,9.87775622845147,797.2609698042775,1996875,1.5502675704094873,12.781771558069012,20.548607246896694,-16.05855214017531,26.079155596490168,0,0,0,0,0,4,4,1,1
422,2017,7,22,6,42936.25,56.72791455159479,-71.07006755632067,221,312,996.8381817695436,1004.8381817695436,8.0,10.363982698936022,8.386643513154194,951.6257805423751,2845000,1.1428209861897631,9.470081569786863,20.26237339404502,-16.46720838937051,26.11001202027027,0,0,0,0,0,7,7,1,3
422,2017,7,22,9,42936.375,56.41237531869594,-69.602794158285,221,308,997.8067692533472,1003.3069721618772,5.500202908530046,9.535729478750245,5.841996951016409,825.3382073025045,2140000,0.968587483803567,8.055513427596466,30.085541359009987,-11.695453951889377,32.27883891972364,0,0,0,0,0,7,4,2,0
422,2017,7,22,12,42936.5,51.572515765641775,-59.85386473563238,214,275,996.1764289811798,1006.1764289811798,10.0,9.683572133472994,6.280661928722911,1045.179286365261,3431875,-1.1305431806974229,-9.998313534807268,21.352365323210012,6.591642439023649,22.346660934908353,0,0,0,0,2,4,4,1,2
422,2017,7,22,15,42936.625,51.943109181977604,-58.74151469142543,217,273,994.4670113060645,1008.4670113060645,14.0,11.261653258630389,9.85477681447097,1257.3803783816238,4966875,-1.7094176751152554,-15.040903313450832,25.415246296010285,13.736035914806545,28.88967682304044,0,0,1,0,0,3,3,1,1
422,2017,7,22,18,42936.75,52.965514705576,-56.55457564787944,224,270,993.5434423073629,1007.5434423073629,14.0,11.879442723789621,7.9433527799645525,1166.2666643607329,4273125,-0.9235689987016668,-8.015644481714322,48.81949521859973,37.895435732504566,61.80135243467788,0,0,0,0,0,5,5,1,1
422,2017,7,22,21,42936.875,52.70225658575247,-55.96975796680059,224,268,993.2800187038067,1009.2800187038067,16.0,12.019703102302085,7.836058049456987,1359.1144389860297,5803125,-0.263423603556148,-2.2942279669053263,13.134842708599926,-9.757655774120058,16.362638515406957,0,0,0,0,0,7,7,1,4
422,2017,7,23,0,42937.0,52.49393166991233,-54.90803710275841,225,265,993.7964891193899,1009.7964891193899,16.0,11.782107075489114,4.553182483086784,1672.7055627203254,8790000,0.5164704155831714,4.510604118852992,23.959471014568688,-7.721557911693082,25.172975745461383,0,0,0,0,0,5,5,1,3
422,2017,7,23,3,42937.125,53.41423210351356,-50.308700354772924,236,257,992.5269318018088,1008.5269318018088,16.0,13.3906089824824,2.8422633123456036,1185.1339050022898,4412500,-1.2695573175810568,-10.95408277288955,101.58942942182827,34.11091306841508,107.16327057632013,0,0,1,0,0,2,2,1,1
422,2017,7,23,6,42937.25,53.714514201016165,-50.86250381869448,236,259,990.3253625098245,1010.3253625098245,20.0,15.659301033665106,4.60201771457374,1592.8991431482852,7971250,-2.201569291984342,-18.92238122493819,-12.14786211842674,11.129948601492062,16.47562775496468,0,0,0,0,0,2,2,1,1
422,2017,7,23,9,42937.375,54.561708492626096,-50.73649538687116,239,261,989.3614883556227,1007.3614883556227,18.0,17.6858321305154,3.989559277076987,1052.1039060872897,3477500,-0.9638741542017669,-8.196372038529617,2.7080757300705396,31.401235703084982,31.517793035688523,0,0,0,0,0,1,1,1,1
422,2017,7,23,12,42937.5,55.22450150891611,-50.84248926619163,241,263,988.1361819231673,1010.1361819231673,22.0,19.409314120275898,5.0652497034873525,1417.789452369652,6315000,-1.2253064324553997,-10.335089324639243,-2.2407599075730493,24.56640694229783,24.668387766896437,0,0,0,0,0,4,4,1,1
422,2017,7,23,15,42937.625,55.810818860253576,-52.02473212310674,241,267,987.7151735680201,1007.7151735680201,20.0,20.43079155829012,3.711475549211027,997.3557010035817,3125000,-0.4210083551472053,-3.526206918626573,-24.62323983711455,21.731838290800734,32.84169203274365,0,0,0,0,0,5,5,1,1
422,2017,7,23,18,42937.75,56.42666161388137,-52.70339827660038,242,270,987.6347739306251,1007.6347739306251,20.0,20.901365498204797,4.227118551626045,959.5370476363144,2892500,-0.08039963739502128,-0.6685541205307642,-13.910615387677083,22.826196604741742,26.73088984493786,0,0,0,0,0,6,6,1,1
422,2017,7,23,21,42937.875,56.60648938907425,-54.416993277994564,240,274,988.2799114478414,1008.2799114478414,20.0,20.962747632268364,4.926098732607788,947.5404069047161,2820625,0.6451375172163535,5.353442560071379,-34.95651605986654,6.665312090408908,35.58629511913622,0,0,0,0,0,5,5,1,1
422,2017,7,24,0,42938.0,56.49181111008261,-55.501485008651315,238,276,988.3552584364813,1008.3552584364813,20.0,21.657141216922412,6.901269683549617,898.6169331325245,2536875,0.07534698863993981,0.6260672967856804,-22.190583220474345,-4.250547606733428,22.594006696951844,0,0,0,0,0,5,5,1,1
422,2017,7,24,3,42938.125,55.77801672042319,-55.83467884337811,235,275,989.1014707545695,1009.1014707545695,20.0,21.464107058460428,9.022307713255358,947.5404069047161,2820625,0.7462123180880735,6.252425138712274,-6.9455411183824705,-26.456771599158888,27.353268632417624,0,0,0,0,0,6,6,1,1
422,2017,7,24,6,42938.25,55.12454240195911,-55.635895576035715,233,273,990.5422238919797,1010.5422238919797,20.0,20.3940664670211,8.919912399648311,1037.825167055801,3383750,1.440753137410211,12.16707525608347,4.212921618226511,-24.221009635238822,24.584670351901245,0,0,0,0,0,4,4,1,1
422,2017,7,24,9,42938.375,54.52839554323098,-54.932650132101564,232,270,992.5966167666082,1010.5966167666082,18.0,19.263320359965157,10.037177781556311,1002.429310199205,3156875,2.0543928746285385,17.476909638725417,15.125891044928224,-22.096168741886064,26.777476598308187,0,0,0,0,0,2,2,1,1
422,2017,7,24,12,42938.5,53.97807985478496,-53.74616226255522,232,266,994.8147485934346,1010.8147485934346,16.0,17.800508416806295,9.816053855244899,982.787647912274,3034375,2.2181318268264296,19.000765249598217,25.862423908352557,-20.397437536034957,32.93813031202247,0,0,0,0,0,5,5,1,2
422,2017,7,24,15,42938.625,53.742728029913096,-52.661951154972236,233,263,997.4989410188782,1009.4989410188782,12.0,15.22681036385113,7.821614370371098,888.598594087716,2480625,2.6841924254436162,23.062168777314984,23.76640465085406,-8.723309634096593,25.316755736082374,0,0,0,1,0,7,7,1,4
422,2017,7,24,18,42938.75,55.89059556734994,-46.89115470168537,250,257,998.441352965367,1002.441352965367,4.0,13.487612545452315,4.612800817605457,317.9046851862261,317500,0.942411946488719,7.8858351014285635,119.9118638927147,79.61065775583957,143.9330119553619,0,0,1,2,0,8,8,1,1
422,2017,7,24,21,42938.875,56.40126743269202,-46.09643608399303,253,257,999.274956153581,1003.274956153581,4.0,13.47953234973115,5.108662347446953,301.5248932364378,285625,0.8336031882140378,6.933773735941272,16.300193226758676,18.928040202051136,24.979331558713366,0,0,0,0,0,5,5,1,1
422,2017,7,25,0,42939.0,56.4060275615546,-45.5482682363042,254,256,999.8064674456734,1009.8064674456734,10.0,13.386585761884925,5.211125434844944,817.1015764704539,2097500,0.531511292092473,4.4207792113881865,11.241904102042723,0.1764340598973575,11.24328852324874,0,0,2,0,0,3,3,1,2
422,2017,7,25,3,42939.125,56.241352619346216,-44.727165016931906,255,254,1000.2131086556926,1004.2131086556926,4.0,12.873486952604013,4.923102024815453,301.19481662601754,285000,0.40664121001915193,3.3886711839939987,16.912038285751176,-6.103672706352911,17.97976249801401,0,0,0,2,0,2,2,1,1
422,2017,7,25,6,42939.25,56.231873575356616,-43.63607246839709,257,252,1001.287654548772,1005.287654548772,4.0,11.26029045553369,3.847832761207246,346.06949399889504,376250,1.0745458930793392,8.955524824464298,22.478395002026787,-0.3513405336945926,22.481140585783443,0,0,0,0,0,3,3,1,1
422,2017,7,25,9,42939.375,56.03649105894573,-42.28659055496667,259,249,1002.9367433894455,1006.9367433894455,4.0,9.980834481395755,3.0802836261912305,389.607529411195,476875,1.649088840673503,13.775393667810686,27.943138132690656,-7.241848193312556,28.8663010092671,0,0,0,0,0,4,4,1,1
422,2017,7,25,12,42939.5,57.448498740441416,-40.18941380563435,267,250,1003.0582847145411,1003.0582847145411,0.0,8.820057232190806,1.4638885690164898,14.104739588693906,625,0.1215413250956044,0.9989973481854898,41.822520792037956,52.33603018848882,66.99390495627837,0,0,0,0,0,4,4,1,1
422,2017,7,25,15,42939.625,57.448498740441416,-40.18941380563435,267,250,,,,8.820057232190806,,0.0,0,0.0,,0.0,0.0,0.0,0,3,0,0,0,4,4,0,0
424,2017,7,22,9,42936.375,79.20536969632494,-15.046391832198506,347,313,1003.8825184691924,1003.8825184691924,0.0,11.095077505075162,3.4802796862796823,14.104739588693906,625,-0.46307481994328553,-3.266070204102933,8.888622139646342,28.596095142067618,29.945688519644932,2,0,1,2,0,8,8,1,1
424,2017,7,22,12,42936.5,81.60364003394758,-13.109208198154292,351,323,1003.6021945173263,1003.6021945173263,0.0,10.216121184533483,2.700113973228581,14.104739588693906,625,-0.2803239518661576,-1.9631834715841034,10.484003121956484,88.89183142192361,89.50794386536248,0,0,0,0,0,6,6,1,1
424,2017,7,22,15,42936.625,81.1657339606672,-12.449996507806603,351,321,1002.5916617761103,1002.5916617761103,0.0,11.681645617476388,3.9553175282134907,14.104739588693906,625,-1.0105327412160114,-7.085230338933653,3.752424489266381,-16.230977898539816,16.659091604602395,0,0,0,0,0,5,5,1,1
424,2017,7,22,18,42936.75,82.20610617455084,-7.431407971172507,355,325,1001.6521962038248,1001.6521962038248,0.0,12.053308044708759,4.514276780526561,14.104739588693906,625,-0.9394655722854077,-6.569495451013353,25.21742198066295,38.5613706686097,46.07491377303636,0,0,0,0,0,7,7,1,1
424,2017,7,22,21,42936.875,83.83242208349927,3.122130462115708,361,332,1000.5717354606402,1000.5717354606402,0.0,12.122651543459343,2.453360506436293,14.104739588693906,625,-1.0804607431846671,-7.5292314152563025,41.96698191795091,60.279359398799365,73.44949789366324,0,0,0,0,0,10,10,1,1
424,2017,7,23,0,42937.0,84.64241598353469,10.840305454330565,364,336,998.7785133706404,1000.7785133706404,2.0,13.30929229360769,2.817843388585243,253.1005029518667,201250,-1.7932220899997628,-12.478320365501956,26.691075237742435,30.022404098993437,40.171609940729105,0,0,3,0,0,8,8,1,1
424,2017,7,23,3,42937.125,85.53065983530462,22.06789956241022,367,341,997.2047877092498,999.2047877092498,2.0,13.401206225913912,2.0757235051208407,204.39709528665645,131250,-1.5737256613906356,-10.936346720295052,32.37723818564588,32.922736646678736,46.17566611145538,0,0,0,0,0,4,4,1,1
424,2017,7,23,6,42937.25,85.80860183969074,34.11447294534126,370,344,995.1335510252856,997.1335510252856,2.0,14.593676278369943,3.373821815907359,178.4124116152771,100000,-2.0712366839642344,-14.388431100796332,32.574678711570606,10.30191359638607,34.164881339022024,0,0,0,0,0,4,4,1,1
424,2017,7,23,9,42937.375,86.04243035194676,45.0,372,347,994.3501115004811,996.3501115004811,2.0,14.76641324525217,3.8611113699173445,175.0352151573787,96250,-0.7834395248044166,-5.440802193898635,27.80503557144838,8.666848089237774,29.124461521742067,0,0,0,0,0,3,3,1,1
424,2017,7,23,12,42937.5,85.737420444268,60.06848815949221,376,350,994.7096542867052,996.7096542867052,2.0,14.119867227093577,1.8592657812732796,255.05799926450496,204375,0.35954278622404673,2.4978949446280074,41.39397361304239,-11.305184770067296,42.91000179634827,0,0,0,0,0,5,5,1,1
424,2017,7,23,15,42937.625,84.95097413561984,93.81407483429037,382,361,993.0183459076304,995.0183459076304,2.0,14.391075834944436,1.872352393950787,240.1950600466464,181250,-1.6913083790747623,-11.763372914921622,108.50638323322946,-29.14961320000531,112.35361655089872,0,0,0,0,0,8,8,1,1
424,2017,7,23,18,42937.75,84.15845677451006,102.17145820858748,385,365,991.5293512636074,993.5293512636074,2.0,15.221288505483434,2.102259332002577,208.25398433773478,136250,-1.4889946440230415,-10.3699066146775,31.499616055062592,-29.374636611047915,43.07081480129524,0,0,0,0,0,10,10,1,1
424,2017,7,23,21,42937.875,83.5537960410065,107.17590361574675,387,368,990.4928978146876,996.4928978146876,6.0,15.732527222861139,1.9878284421103307,697.5788403495837,1528750,-1.0364534489197832,-7.226447858966177,20.818439106096147,-22.411735302256805,30.58910404167891,0,0,2,0,0,12,12,1,2
424,2017,7,24,0,42938.0,82.82376758830202,112.96377305985456,389,372,990.3202603793211,996.3202603793211,6.0,15.366572195131818,1.9366771398061244,653.0966601401967,1340000,-0.1726374353664869,-1.2055104746630385,26.787885643209147,-27.058486748972307,38.075615850278254,0,0,0,0,0,12,12,1,2
424,2017,7,24,3,42938.125,82.31652157195859,120.67728002179645,389,377,989.6763170937593,997.6763170937593,8.0,15.19673854115133,1.8473076977003802,744.7516207939767,1742500,-0.6439432855618361,-4.5017879295890575,38.196732651669585,-18.80106119268402,42.57311695464839,0,0,0,0,0,12,12,1,2
424,2017,7,24,6,42938.25,81.72429563053524,129.50767544287257,388,383,989.0748576055793,997.0748576055793,8.0,15.370412058618939,2.020333187562719,684.6249392226607,1472500,-0.6014594881799712,-4.210881849079364,47.06456646163311,-21.950840037858224,51.93180908257597,0,0,0,0,0,14,14,1,2
424,2017,7,24,9,42938.375,81.44343274632313,133.93908830973578,387,386,988.4909695201329,998.4909695201329,10.0,15.970785406414349,2.1655807523418478,739.25522375009,1716875,-0.5838880854463787,-4.090828485038887,24.43213952949341,-10.410175935714863,26.55750750731648,0,0,0,0,0,13,13,1,1
424,2017,7,24,12,42938.5,81.28037584909737,137.0825652797309,386,388,988.0979000200028,1000.0979000200028,12.0,16.618996481404306,2.254033953610269,796.0123222567653,1990625,-0.39306950013007735,-2.755108870763794,17.66111820681626,-6.04369990863595,18.666585250141036,0,0,0,0,0,15,15,1,1
424,2017,7,24,15,42938.625,81.05817395928354,142.12501634890182,384,391,987.2531976330002,1001.2531976330002,14.0,17.249594329532624,2.253715188462229,857.6099234287237,2310625,-0.8447023870026169,-5.924269445598758,29.040750076780306,-8.235907612710543,30.18601231078923,0,0,0,0,0,18,18,1,1
424,2017,7,24,18,42938.75,80.87986232501122,142.9893267663969,384,392,987.1195792925901,1001.1195792925901,14.0,17.596906622954343,2.648453525940422,826.6628919340855,2146875,-0.13361834041017573,-0.9375878550387284,5.077766179235947,-6.6091163642603314,8.3345142922264,0,0,0,0,0,22,22,1,1
424,2017,7,24,21,42938.875,80.77015104127247,146.88865803962798,382,394,986.8019777968549,1002.8019777968549,16.0,18.229937693581437,2.7073608586175397,908.5248062713214,2593125,-0.31760149573514357,-2.2292704318848418,23.177371013441597,-4.0664460491370535,23.531394148355616,0,0,0,0,0,20,20,1,1
424,2017,7,25,0,42939.0,80.81387977067912,149.995079129176,380,395,987.062775002243,1001.062775002243,14.0,18.19773197869115,2.186955237737784,789.7394717508837,1959375,0.2607972053880803,1.8303300846301875,18.378899621824697,1.620804286211156,18.450229208422005,0,0,0,0,0,14,14,1,1
424,2017,7,25,3,42939.125,81.03008120065944,152.47477425625567,378,395,987.6649862068707,1001.6649862068707,14.0,17.770424262539446,1.4561242035063333,811.4823331673443,2068750,0.6022112046276743,4.223898476300484,14.329113328600688,8.013500715703078,16.417663734662604,0,0,0,0,0,10,10,1,1
424,2017,7,25,6,42939.25,81.21141277964726,162.95096902789018,371,397,987.8751305752781,1001.8751305752781,14.0,17.479862424925532,2.140290096378085,814.7852823732572,2085625,0.21014436840749112,1.4732202133675403,59.247261205378386,6.721050541297376,59.627262898082186,0,0,0,0,0,12,12,1,1
424,2017,7,25,9,42939.375,81.54990277052357,165.41108126712535,369,396,988.494175844487,1002.494175844487,14.0,17.272254839619855,2.926138735407512,844.8727240047169,2242500,0.6190452692088729,4.335941436581302,13.398295228641528,12.546123235136768,18.355367696264683,0,0,0,0,0,11,11,1,1
424,2017,7,25,12,42939.5,82.0401781227755,166.15930450834438,368,394,989.1073036982095,1003.1073036982095,14.0,17.04469506245569,2.8415326075236225,854.5889334135652,2294375,0.6131278537225444,4.289199011708751,3.84038450236611,18.172043943095634,18.573414715550086,0,0,0,0,0,10,10,1,1
424,2017,7,25,15,42939.625,82.19965950428518,164.1676133795778,369,393,989.2978506718232,1003.2978506718232,14.0,16.73920496781546,2.3381873853239084,909.4002820767438,2598125,0.1905469736136729,1.3324775274636764,-10.018732171640885,5.911173506047363,11.632582109990384,0,0,0,0,0,10,10,1,1
424,2017,7,25,18,42939.75,82.56246434208262,161.565051177078,370,391,989.9755156374772,1001.9755156374772,12.0,16.180172563122834,2.5406672810950113,762.8304272115411,1828125,0.6776649656539666,4.734836808366827,-12.485737135269954,13.447352441726132,18.350065926395384,0,0,0,0,0,10,10,1,1
424,2017,7,25,21,42939.875,82.77492682245808,161.00334584451144,370,390,990.2888227239987,1002.2888227239987,12.0,16.257045394474314,2.915378343422781,749.1462594699354,1763125,0.3133070865215268,2.1880286429766214,-2.6184155302622747,7.874916640022949,8.298819914688414,0,0,0,0,0,7,7,1,1
424,2017,7,26,0,42940.0,82.90827268627032,158.70264595096623,371,389,990.4497573704779,1002.4497573704779,12.0,16.23778014043385,3.159231147710161,736.5591709187377,1704375,0.16093464647914515,1.123583606324188,-10.527248804390736,4.942461181652441,11.629741610271804,0,0,0,0,0,10,10,1,1
424,2017,7,26,3,42940.125,83.02973198931544,156.31791227546157,372,388,990.7962375670244,1002.7962375670244,12.0,15.820979842754307,3.374168831122297,736.0187752693805,1701875,0.34648019654647216,2.4183586806160995,-10.725753006641632,4.501886097467059,11.632229192809485,0,0,0,0,0,11,11,1,1
424,2017,7,26,6,42940.25,83.036942274948,152.19854122006586,374,387,991.5567321167339,1003.5567321167339,12.0,15.028658891148016,3.532805808719131,763.7426702966101,1832500,0.7604945497095469,5.308009904424718,-18.505902698703114,0.26724906066677684,18.507832308357845,0,0,0,0,0,10,10,1,1
424,2017,7,26,9,42940.375,83.036942274948,152.19854122006586,374,387,992.3663326334354,1002.3663326334354,10.0,14.557826545292963,3.519807700633828,646.9756566762653,1315000,0.8096005167014664,5.650753924429876,0.0,0.0,0.0,0,0,0,0,0,6,6,1,1
424,2017,7,26,12,42940.5,82.92955588909835,150.59281093926637,375,387,993.753728962137,1003.753728962137,10.0,13.08135638891775,3.531369910167923,1476.8948828790847,6852500,1.3873963287015796,9.685818902809354,-7.325606161441186,-3.9802737657254923,8.337090912462672,0,0,0,0,0,6,6,1,1
424,2017,7,26,15,42940.625,83.00814550783642,148.09189306434686,376,386,994.3166437268598,1004.3166437268598,10.0,12.450652545926406,3.4764624162949618,1561.2360338694393,7657500,0.5629147647228092,3.929207571996434,-11.282894058920368,2.9129222968674955,11.652845774848663,0,0,0,0,0,7,7,1,1
424,2017,7,26,18,42940.75,82.88705281576485,146.56013079421777,377,386,995.1999395705627,1003.1999395705627,8.0,11.461202940045425,3.203816995837187,1267.9368552522667,5050625,0.8832958437029447,6.167115347108245,-7.029965342592196,-4.4882976706968645,8.34057724014533,0,0,0,0,0,9,9,1,1
424,2017,7,26,21,42940.875,82.80977942341208,142.59464336859145,379,385,995.7617116298052,1001.7617116298052,6.0,11.230770989097806,3.067366371930766,895.8452994467752,2521250,0.5617720592425031,3.922920532157187,-18.393062067667028,-2.8641363980807633,18.61472560989989,0,0,0,0,0,8,8,1,1
424,2017,7,27,0,42941.0,82.49520346557362,142.27500495788925,380,386,996.7894016536873,998.7894016536873,2.0,10.110690007905102,2.790492807567134,242.25685803530186,184375,1.0276900238820235,7.181563109323961,-1.547376033568328,-11.659750185329365,11.76197887149734,0,0,0,0,0,8,8,1,1
424,2017,7,27,3,42941.125,82.35586998697971,140.94686305397352,381,386,997.0788407780489,999.0788407780489,2.0,9.792658292962267,2.360794707651221,272.4077682750553,233125,0.28943912436167013,2.0232731348125306,-6.5480944232481795,-5.164391977127191,8.339573434486299,0,0,0,0,0,8,8,1,1
424,2017,7,27,6,42941.25,82.06548119795731,138.43363036245054,383,386,997.2122014030896,999.2122014030896,2.0,9.782848368660447,2.101171055549348,276.03519522924046,239375,0.1333606250406592,0.9328804651215349,-12.857934536699767,-10.763253364582754,16.76824688332858,0,0,0,0,0,9,9,1,1
424,2017,7,27,9,42941.375,81.43168376152308,138.17983011986425,385,388,997.7442387292068,997.7442387292068,0.0,9.495734882066378,1.6454585891465103,14.104739588693906,625,0.532037326117279,3.7276675137465953,-1.4015490571457592,-23.491686483938146,23.533458598753146,0,0,0,0,0,8,8,1,1
424,2017,7,27,12,42941.5,80.96301174317146,137.00955381302114,387,389,997.3726842186181,997.3726842186181,0.0,10.139070594091764,1.7690597255340252,14.104739588693906,625,-0.3715545105887577,-2.606560009633901,-6.8130830479248115,-17.371316900321492,18.659602125161072,0,0,0,0,0,9,9,1,1
424,2017,7,27,15,42941.625,80.32801610185905,136.87787744728536,389,391,997.1337799109481,997.1337799109481,0.0,10.320492201947646,1.7479893694510977,14.104739588693906,625,-0.23890430767001816,-1.6790439669109716,-0.8199734823305461,-23.53609791844921,23.550377103956418,0,0,0,0,0,8,8,1,1
424,2017,7,27,18,42941.75,79.85525372632716,135.89517371021108,391,392,997.0125623154312,997.0125623154312,0.0,10.503382039434841,1.5850529946196183,14.104739588693906,625,-0.12121759551693685,-0.8531584816766535,-6.415465327557705,-17.522925889191722,18.660416048073543,0,0,0,0,0,9,9,1,1
424,2017,7,27,21,42941.875,79.05691205078246,136.66028236898282,393,395,997.0968272626442,997.0968272626442,0.0,10.645698484778135,1.2694126735180908,14.104739588693906,625,0.084264947213087,0.5946170591803148,5.383409004880304,-29.59051468316257,30.076230676869834,0,0,0,0,0,9,9,1,1
424,2017,7,28,0,42942.0,78.67189263000226,141.42874774882986,391,399,997.5844861299821,997.5844861299821,0.0,9.664718941068736,0.8303237629350769,14.104739588693906,625,0.4876588673378865,3.445727978992995,34.70750656155029,-14.27073541679529,37.52685573101258,0,0,0,0,0,8,8,1,1
424,2017,7,28,3,42942.125,78.67189263000226,141.42874774882986,391,399,,,,9.664718941068736,,0.0,0,0.0,,0.0,0.0,0.0,0,3,0,0,0,8,8,0,0
432,2017,7,19,12,42933.5,57.700598308035595,-13.205927981668466,327,221,996.0628723593696,1000.0628723593696,4.0,13.691020949657984,5.866949679840982,314.76015007415543,311250,-0.9923870220722165,-8.134063688340731,0.4631703915065635,35.75590082957546,35.75890058357504,2,0,0,2,0,0,0,1,1
432,2017,7,19,15,42933.625,57.39633063337348,-11.857826233000505,330,219,994.6727817657338,1006.6727817657338,12.0,15.477364021660966,7.29189775429375,907.2100084676997,2585625,-1.390090593635832,-11.432366576831647,26.923207965893525,-11.277673921454877,29.18981082935304,0,0,2,0,0,0,0,1,2
432,2017,7,19,18,42933.75,58.260114373052595,-12.59545651140456,329,223,992.4069010379476,1006.4069010379476,14.0,17.587237023278913,10.009982637334252,873.4695234790813,2396875,-2.26588072778628,-18.459136406474887,-14.382643136492007,32.01612319012731,35.09832713559278,0,0,0,0,0,1,1,1,2
432,2017,7,19,21,42933.875,59.06158577495507,-13.781597235653626,327,227,991.5156052259914,1005.5156052259914,14.0,18.717852314546107,11.426195914186538,784.4315130902381,1933125,-0.891295811956079,-7.199407260174176,-22.602460177099307,29.7065179140858,37.32758246440908,0,0,0,0,0,2,2,1,1
432,2017,7,20,0,42934.0,59.78604824964032,-15.443590982187635,324,231,992.0329415493595,1006.0329415493595,14.0,18.160918297561405,11.261483859651854,808.7810680942587,2055000,0.517336323368072,4.147661508782223,-30.999064635451955,26.85218390978711,41.01197128885611,0,0,0,0,0,2,2,1,1
432,2017,7,20,3,42934.125,59.88207588103731,-16.389540334034784,322,232,990.7827547899152,1004.7827547899152,14.0,18.654820285442568,12.113164211593684,745.0187004585757,1743750,-1.2501867594443319,-10.01341403162558,-17.59310268279506,3.5592618096798434,17.94952942662331,0,0,0,0,0,1,1,1,1
432,2017,7,20,6,42934.25,59.8995650631076,-17.75288842974936,319,233,990.8710221389331,1002.8710221389331,12.0,18.20863788278978,13.087521575794964,584.964210569822,1075000,0.08826734901784221,0.7068552499308843,-25.342457549624235,0.6482361057929481,25.350746827329566,0,0,0,0,0,1,1,1,1
432,2017,7,20,9,42934.375,59.45985934948939,-18.83843355798076,316,232,992.2245247638152,1000.2245247638152,8.0,17.134496871497404,14.072899533574747,349.50167213195084,383750,1.3535026248822397,10.88776401976698,-20.44521941349527,-16.297681523656596,26.146154973771985,0,0,0,0,0,2,2,1,1
432,2017,7,20,12,42934.5,59.08719723584733,-19.49832146067691,314,231,993.2295130653278,1001.2295130653278,8.0,15.967497424793766,12.040954495239712,415.31213511748194,541875,1.0049883015124943,8.115580296091252,-12.565204463570508,-13.812712129878546,18.672851405027195,0,0,0,0,0,2,2,1,1
432,2017,7,20,15,42934.625,58.49108947075202,-20.0007305691796,312,229,996.4874533128201,1002.4874533128201,6.0,12.74635310673956,8.289313112668678,447.14471623758845,628125,3.2579402474923698,26.475205702129063,-9.732300498076846,-22.094719737341443,24.14320428726337,0,0,0,0,0,2,2,1,1
432,2017,7,20,18,42934.75,57.753201271147525,-19.965874709032136,311,226,998.6608717864657,1002.6545335131378,3.993661726672144,10.721835772010612,6.190651765967268,470.9800440935147,696875,2.173418473645579,17.804018868835197,0.6893324010329367,-27.34980807563596,27.358493762143336,0,0,0,0,0,3,1,2,0
432,2017,7,20,21,42934.875,54.10973451482804,-13.02187453463324,324,206,998.6367529125108,1002.6367529125108,4.0,12.780654287451526,1.514161566206676,428.74696415384574,577500,-0.017780600627011155,-0.15205695826493584,42.803618852817564,-42.403549609278265,60.25123074563542,0,0,0,0,2,1,1,1,1
432,2017,7,21,0,42935.0,52.23345631615535,-8.864623388410795,334,196,995.747946929054,1003.747946929054,8.0,16.087055958412822,10.777687652358145,467.58860451522037,686875,-2.8888059834568414,-25.31804134481282,94.35782540851628,-69.54420555539855,117.21687481824264,0,0,0,0,0,1,1,1,1
432,2017,7,21,3,42935.125,53.041440688535964,-7.980113745168523,337,199,991.9855284615433,1003.9855284615433,12.0,18.995298383908853,17.644913669120797,495.27523261352746,770625,-3.7624184675107246,-32.62139846055641,19.71103380572486,29.947921005604304,35.852514922224685,0,0,0,0,0,2,2,1,1
432,2017,7,21,6,42935.25,53.542666025369336,-7.724833926316748,338,201,990.3540712018155,1004.3540712018155,14.0,20.67550410951569,20.701942628038886,509.3354074083103,815000,-1.6314572597277583,-14.053305183861617,5.622509157582439,18.57790485386008,19.41007877331198,0,0,0,0,0,0,0,1,1
432,2017,7,21,9,42935.375,53.97807985478496,-8.181350801591835,337,203,991.5892960805323,1007.5892960805323,16.0,20.15652231753161,18.23753422975773,748.8806518531949,1761875,1.2352248787168356,10.581074428088348,-9.951008200969126,16.138602940632534,18.959880513630562,0,0,0,0,0,0,0,1,1
432,2017,7,21,12,42935.5,54.141213337769436,-8.953704627634147,335,204,992.6007670429796,1006.6007670429796,14.0,19.523922599247364,15.072764399597071,626.1932537505152,1231875,1.0114709624472016,8.646507667704071,-16.769475115599324,6.0465385579099316,17.826270619089023,0,0,0,0,0,0,0,1,1
432,2017,7,21,15,42935.625,53.598884831717825,-9.55078705720176,333,202,993.4447031177984,1005.4447031177984,12.0,18.97647587259681,15.282540019355146,474.1374875680072,706250,0.8439360748189211,7.264367750030787,-13.133169985492815,-20.10139281588731,24.0113753668226,0,0,0,0,0,1,1,1,1
432,2017,7,21,18,42935.75,53.17023344934504,-9.08327169044849,334,200,994.3445017767435,1006.3445017767435,12.0,18.417466377314444,14.399769563782538,500.8672269659895,788125,0.8997986589450738,7.78839552066194,10.387336622440008,-15.887953006343329,18.98219726058228,0,0,0,0,0,2,2,1,1
432,2017,7,21,21,42935.875,52.972809539523396,-8.679086925001508,335,199,995.9285699714039,1007.9285699714039,12.0,17.428053298266047,11.23269307793249,538.2025607773058,910000,1.584068194660358,13.746788807674527,9.021515051375667,-7.317512390166759,11.616097511748157,0,0,0,0,0,2,2,1,1
432,2017,7,22,0,42936.0,52.70225658575247,-8.972626614896393,334,198,997.629461050273,1009.629461050273,12.0,16.073704427378164,8.066929779242273,621.2493356115934,1212500,1.7008910788690264,14.81352403171929,-6.592833464738484,-10.028038616008647,12.00112542963935,0,0,0,0,0,1,1,1,1
432,2017,7,22,3,42936.125,51.866186996859,-7.741991240325617,337,194,998.3011055344697,1008.3011055344697,10.0,15.723911299188439,7.437823160329499,533.934726172926,895625,0.6716444841967314,5.915919871762167,28.16599081714964,-30.98889886891894,41.876424057216774,0,0,0,0,0,1,1,1,1
432,2017,7,22,6,42936.25,51.42567765516508,-7.3143884157023775,338,192,999.0968193643242,1009.0968193643242,10.0,15.151109753982306,6.889684799802052,553.3302104286677,961875,0.7957138298545032,7.051505737773383,9.882356689683652,-16.32746797863266,19.08526091871448,0,0,0,0,0,0,0,1,1
432,2017,7,22,9,42936.375,51.21892023465778,-6.936612930173944,339,191,1000.925787021898,1008.925787021898,8.0,13.842480831969073,6.251343823365241,489.21288379849284,751875,1.828967657573812,16.25494645910154,8.770242754343585,-7.663458735509105,11.646705875953378,0,0,0,0,0,0,0,1,1
432,2017,7,22,12,42936.5,50.79978878376979,-6.192617624047575,341,189,1002.7086230636966,1008.7086230636966,6.0,12.136154430472457,5.603603990586926,432.90292848478947,588750,1.7828360417985822,15.939061107963166,17.428951366469505,-15.535096978639054,23.347539139499894,0,0,0,0,0,0,0,1,1
432,2017,7,22,15,42936.625,50.633175133331484,-5.164304946518332,344,188,1004.5094737344145,1008.5094737344145,4.0,10.081871591778027,5.283641449927382,368.0769556858673,425625,1.8008506707179186,16.13846061156455,24.175111379143928,-6.17553087949005,24.951416629873933,0,0,0,0,0,0,0,1,1
432,2017,7,22,18,42936.75,50.69142330681855,-4.168705691398144,347,188,1005.7218594221175,1009.7218594221175,4.0,8.986374684696077,5.412982898709743,429.6739856991561,580000,1.212385687703063,10.855837791114553,23.377031857803775,2.1589671260248506,23.476515021016823,0,0,0,0,0,0,0,1,2
432,2017,7,22,21,42936.875,50.770589039482886,-2.170521253509719,353,188,1007.8884300185302,1009.8884300185302,2.0,7.833626283993408,3.475920452662176,352.900471761385,391250,2.166570596412639,19.37781400629749,46.83780074996857,2.9342759454577756,46.92962342079732,0,0,0,0,0,0,0,1,2
432,2017,7,23,0,42937.0,54.96359167855211,-4.284513618770607,348,206,1008.9980667728114,1010.9980667728114,2.0,7.608642683649971,2.507968440489494,423.846837920229,564375,1.074869882067287,9.095055646171664,-25.435560748235847,33.20251345504132,41.82552630044715,0,0,0,0,2,1,1,1,1
432,2017,7,23,3,42937.125,54.71043154480093,-4.6255058706050685,347,205,1009.1565137023557,1013.1565137023557,4.0,7.749312185875002,2.0843624597137387,660.8187157673335,1371875,0.15844692954429773,1.3448848191940797,-7.30158178133236,-9.383374167263193,11.889525107099395,0,0,0,0,0,1,1,1,1
432,2017,7,23,6,42937.25,54.71043154480093,-4.6255058706050685,347,205,,,,7.749312185875002,,0.0,0,0.0,,0.0,0.0,0.0,0,3,0,0,0,1,1,0,0
439,2017,7,20,21,42934.875,47.2621034025823,140.88375703644346,477,504,1001.5317197517794,1001.5317197517794,0.0,8.239420505952609,4.186256868609853,14.104739588693906,625,,,,,,3,0,0,0,0,21,21,1,1
439,2017,7,21,0,42935.0,47.777976320882416,142.72552182512348,471,506,1001.3110926330899,1003.3110926330899,2.0,9.506016602635885,6.18454443457922,338.5137501286538,360000,-0.22062711868959015,-2.064083542353964,45.87333596168317,19.12081710276552,49.69877864626921,0,0,0,0,0,21,21,1,1
439,2017,7,21,3,42935.125,47.73087067744359,143.16119067422667,470,507,1000.6817641595185,1002.6817641595185,2.0,10.413765102937258,6.228752888080635,235.17300594335575,173750,-0.6293284735713678,-5.892098990755114,10.861392185593079,-1.7459695222419083,11.000829504262851,0,0,0,0,0,19,19,1,1
439,2017,7,21,6,42935.25,49.46247092277747,145.8164023353531,459,506,1000.0441900016735,1006.0441900016735,6.0,11.457577384011762,3.563293654109438,784.1778569758972,1931875,-0.6375741578449379,-5.8123121080875855,63.96135836121663,64.18172075253345,90.61097418176321,0,0,2,0,0,16,16,1,3
439,2017,7,21,9,42935.375,50.835965876141685,148.11867179651227,450,505,999.0586270230392,1003.0586270230392,4.0,13.101249577247417,6.396755146905998,299.5389777108415,281875,-0.985562978634407,-8.806679833836377,53.889610410033185,50.90855686200204,74.13346930986606,0,0,1,2,0,12,12,1,1
439,2017,7,21,12,42935.5,51.65744391277193,149.3873878734446,445,504,998.6887269250572,1008.6887269250572,10.0,14.25243301258338,7.419434577825814,1151.762323863282,4167500,-0.3699000979820266,-3.2674886799525376,29.1721013964191,30.44806334107199,42.16747634261374,0,0,0,0,0,10,10,1,1
439,2017,7,21,15,42935.625,52.77917988459154,150.843082117687,439,502,997.9468928597148,1007.9468928597148,10.0,14.265315634294964,6.094363685440331,894.7342419692195,2515000,-0.7418340653422638,-6.454240300070257,32.63636760887129,41.577116367014845,52.856306114764365,0,0,0,0,0,12,12,1,1
439,2017,7,21,18,42935.75,54.288429241089474,152.04573716472552,433,498,997.4808021037246,1007.4808021037246,10.0,14.565961601937671,4.596809655364268,831.9405380018935,2174375,-0.4660907559902989,-3.976980331403883,26.01914973802782,55.940290494711675,61.69531792383149,0,0,0,0,0,14,14,1,1
439,2017,7,21,21,42935.875,55.45768126135501,153.18180269614865,428,495,997.0887468221127,1007.0887468221127,10.0,15.037845108338306,5.6185247217783765,752.0617521273257,1776875,-0.39205528161182884,-3.297576248534576,23.87572984106715,43.33829754080976,49.479879842006305,0,0,0,0,0,13,13,1,1
439,2017,7,22,0,42936.0,56.29511122086749,154.21267181718565,424,493,998.1114787496088,1006.1114787496088,8.0,13.158497577210772,4.888619836944344,703.9664083266964,1556875,1.022731927496061,8.517414259692163,21.202642062375226,31.03932097264851,37.58977888826031,0,0,0,0,0,13,13,1,1
439,2017,7,22,3,42936.125,58.06545178423842,154.9831065219,419,487,998.0285984921911,1008.0285984921911,10.0,11.9848985003549,5.2103098512859285,1169.3331026008996,4295625,-0.0828802574177098,-0.6766149861855405,15.104694473135385,65.61762969330563,67.33368489615395,0,0,0,0,0,15,15,1,1
439,2017,7,22,6,42936.25,59.088905341514526,155.97349342132082,415,484,997.6477067258857,1003.6477067258857,6.0,11.51904895833678,4.608650781505421,609.1222874620341,1165625,-0.3808917663054308,-3.0757597181911422,18.857340540095013,37.93428107514315,42.362825365325605,0,0,0,0,0,19,19,1,1
439,2017,7,22,9,42936.375,59.91531315115134,156.23470413425392,413,481,997.5316525454889,1005.5316525454889,8.0,10.898821227057587,5.310616755339215,985.4156973274914,3050625,-0.11605418039674988,-0.9292274242171916,4.8532689681372245,30.630785257018598,31.012888048981694,0,0,0,0,0,17,17,1,1
439,2017,7,22,12,42936.5,60.40369329305245,157.2620691441256,410,480,998.5945450384912,1004.5140535750198,5.919508536528593,9.41893369672602,3.3165113754751654,760.0871288369381,1815000,1.0628924930022914,8.468899958905556,18.806615466157098,18.101798017784375,26.102947664364684,0,0,0,1,0,16,13,2,0
439,2017,7,22,15,42936.625,60.9662681164608,158.73792659891674,406,479,998.1865814202533,1002.8718648455252,4.685283425271918,8.911761238643978,2.080662893294575,687.0904961839703,1483125,-0.4079636182378454,-3.232694175894526,26.547958280774488,20.851822073656038,33.75785201503721,0,0,0,0,0,15,12,2,0
439,2017,7,22,18,42936.75,64.31131298826534,158.05827459943677,402,465,996.4739640867817,1001.4060944654499,4.93213037866808,7.970641483505981,8.835758870694553,584.2836237069421,1072500,-1.7126173334715713,-13.166725468503648,-10.919895325708799,123.9840063810208,124.46396246389331,0,0,1,0,0,17,16,2,0
439,2017,7,22,21,42936.875,66.67356554325205,166.29960133462853,384,460,993.4104348302617,999.4104348302617,6.0,11.188265417054845,6.216895554955554,471.61322391438915,698750,-1.9956596351882034,-15.057040972238154,7.879569115636725,2.048208844298577,8.141423027822533,0,0,0,0,2,17,17,1,1
439,2017,7,23,0,42937.0,66.94949553718646,166.71134586523797,383,459,992.057074104531,998.057074104531,6.0,11.416852197657194,10.543333797429367,427.11983508037304,573125,-1.3533607257305993,-10.189920614218504,5.975435109419645,10.2273384781906,11.845010641378208,0,0,0,0,0,14,14,1,1
439,2017,7,23,3,42937.125,66.91818673219385,169.01934998982648,379,460,990.7519576082768,996.7519576082768,6.0,12.813449888688108,8.808600062967379,415.31213511748194,541875,-1.3051164962541952,-9.828960029166497,33.53601919658666,-1.160460091494345,33.55609111886812,0,0,0,0,0,8,8,1,1
439,2017,7,23,6,42937.25,66.5103505503596,169.7689565554818,378,462,990.8824143367721,996.714554252274,5.8321399155019025,12.56146635554964,7.960738854449446,448.0336728133869,630625,0.13045672849519177,0.9854967826025299,11.074233996448003,-15.116438107352131,18.73887295601025,0,0,0,0,0,10,9,2,0
439,2017,7,23,9,42937.375,68.937186597614,-178.46839220798898,357,453,989.5168395890257,997.5168395890257,8.0,14.701024011248302,6.465992193606363,509.7258523927535,816250,-1.197714663248189,-8.8921199274096,16.32062151341808,-0.2710459070145905,16.32287206553903,0,0,0,0,2,12,12,1,1
439,2017,7,23,12,42937.5,69.37534276624076,-177.18444331578877,355,451,988.8984932213392,996.8984932213392,8.0,14.880769739950287,4.943380888064493,485.7439687054641,741250,-0.6183463676866086,-4.577404131833176,16.762842055125542,16.240247676437804,23.339634066478613,0,0,0,0,0,13,13,1,1
439,2017,7,23,15,42937.625,69.57518206999464,-175.89188782286413,353,450,987.9803898145574,995.9803898145574,8.0,15.433213895624675,4.368078750295608,458.34978442375404,660000,-0.9181034067817382,-6.787532969073708,16.718714454868824,7.407038907203933,18.28605037716654,0,0,0,0,0,14,14,1,1
439,2017,7,23,18,42937.75,69.74146476705968,-173.94101227602167,350,449,987.808839806694,995.808839806694,8.0,15.868397630041004,3.992822548545373,449.5851173323102,635000,-0.1715500078634068,-1.266904317194684,25.036472953093355,6.163264100802197,25.783925269578567,0,0,0,0,0,16,16,1,1
439,2017,7,23,21,42937.875,70.10886852359383,-171.86989764584402,347,447,988.4658607102108,996.4658607102108,8.0,15.432441570926184,3.523970791886459,454.42660426270623,648750,0.6570209035168227,4.8407708561146485,26.11708256190376,13.61781125224973,29.45414715871429,0,0,0,0,0,17,17,1,1
439,2017,7,24,0,42938.0,70.67248583077705,-169.60567555163857,344,444,989.3290701724707,997.3290701724707,8.0,14.312196819519473,2.514617264201661,443.57107479789033,618125,0.8632094622598379,6.337668087462,27.774294198731905,20.890461709281016,34.75374524658672,0,0,0,0,0,16,16,1,1
439,2017,7,24,3,42938.125,71.59311828958768,-166.2184027643464,340,439,990.3731581657723,996.3731581657723,6.0,12.7766286736405,1.9643926142215062,360.1545204768291,407500,1.044087993301655,7.623696670478671,39.638589447368965,34.12321957468228,52.30307722800878,0,0,0,0,0,17,17,1,1
439,2017,7,24,6,42938.25,71.79101238489122,-163.13134236406103,336,437,991.0005201432202,997.0005201432202,6.0,12.907510113866442,2.0812980448874443,361.5328436175876,410625,0.627361977447872,4.575624622944783,35.75107699164293,7.3349398035563755,36.49576479516735,0,0,0,0,0,18,18,1,1
439,2017,7,24,9,42938.375,72.14740590741896,-159.73950886974814,332,434,991.9162734068373,997.9162734068373,6.0,12.594220763531588,3.1628668092043517,359.32498880999094,405625,0.91575326361708,6.665478285523287,38.536233684286884,13.209717198022402,40.7374267108478,0,0,0,0,0,17,17,1,1
439,2017,7,24,12,42938.5,72.3195517632897,-157.18401334527,329,432,991.7097992140657,999.7097992140657,8.0,13.355025745352874,4.688828199673298,420.31177336829836,555000,-0.20647419277156587,-1.5014142068990117,28.764864381890103,6.380581938570908,29.464033138444357,0,0,0,0,0,18,18,1,1
439,2017,7,24,15,42938.625,72.56039069751102,-153.6000658860331,325,429,992.2215538703805,1000.2215538703805,8.0,13.16825757758008,5.9294332396564275,414.5929793656026,540000,0.5117546563147335,3.7163692332168785,39.805971357336766,8.926689207964744,40.794621409160165,0,0,0,0,0,22,22,1,1
439,2017,7,24,18,42938.75,72.64530042628212,-150.94539590092285,322,427,992.7706271211408,998.7706271211408,6.0,12.89099563787841,6.214809344420137,289.7485676944319,263750,0.5490732507604116,3.9855263191499426,29.34756555293139,3.1471770207033134,29.515831804020838,0,0,0,0,0,26,26,1,1
439,2017,7,24,21,42938.875,72.81041148372644,-148.9077778098547,320,425,994.2579551438238,1000.2579551438238,6.0,11.760054201890414,8.081243738105549,299.8708769569344,282500,1.4873280226829229,10.786312966854632,22.318949097609618,6.119837306909077,23.142772035448246,0,0,0,0,0,23,23,1,1
439,2017,7,25,0,42939.0,72.82819302921374,-146.20594750740258,317,423,995.9089897619202,999.9089897619202,4.0,10.262524289481219,7.489507854265394,203.42144725641097,130000,1.6510346180964552,11.972387476662878,29.563595244234083,0.6590725486954815,29.570940810013877,0,0,0,0,0,17,17,1,1
439,2017,7,25,3,42939.125,72.80744962280755,-143.5045792408788,314,421,997.6327139850115,1001.6327139850115,4.0,8.56674330240243,7.51518815203548,272.7726817250237,233750,1.723724223091267,12.500891540660891,29.5931700346813,-0.7688538512309047,29.603156063942098,0,0,0,0,0,14,14,1,1
439,2017,7,25,6,42939.25,72.80744962280755,-143.5045792408788,314,421,,,,8.56674330240243,,0.0,0,0.0,,0.0,0.0,0.0,0,3,0,0,0,14,14,0,0
448,2017,7,23,15,42937.625,15.34751628471696,-115.77795693992886,81,494,1003.0890630529086,1009.0890630529086,6.0,8.549721699491897,16.320740234666008,225.6758334191025,160000,,,,,,3,0,0,0,0,19,19,1,1
448,2017,7,23,18,42937.75,15.098851812829633,-116.11066014508114,81,496,1003.3875223257813,1009.3875223257813,6.0,8.72428066598326,20.001053381123494,199.47114020071635,125000,0.2984592728727148,7.938212263589434,-11.905920449012632,-9.216742570206458,15.05653629968304,0,0,0,0,0,20,20,1,1
448,2017,7,23,21,42937.875,15.101602993574913,-116.52374204255355,82,498,1002.1386042421676,1010.1386042421676,8.0,8.878213738018554,19.60035152035387,1300.0102122510666,5309375,-1.2489180836136802,-33.211944178711846,-14.782112585738986,0.1019724470524518,14.782464303268952,0,0,0,0,0,20,20,1,1
448,2017,7,24,0,42938.0,14.974167998554586,-116.68879996848445,82,499,1001.2859264667181,1007.2859264667181,6.0,9.013873419161085,18.38209532872439,217.13970592909533,148125,-0.852677775449556,-22.863396009334924,-5.91011984576448,-4.723374974411598,7.565698099990305,0,0,0,0,0,22,22,1,1
448,2017,7,24,3,42938.125,14.974167998554586,-116.68879996848445,82,499,1002.1331084570037,1008.1331084570037,6.0,8.805534987981364,18.15121466296754,204.88317705582224,131875,0.8471819902856077,22.716033997325958,0.0,0.0,0.0,0,0,0,0,0,23,23,1,1
448,2017,7,24,6,42938.25,15.35302502238256,-117.02075637218971,84,500,1002.2996869329899,1010.2996869329899,8.0,10.456442044064673,29.489877473577796,228.7404370492034,164375,0.16657847598617082,4.3589104742675495,-11.864861099228568,14.042326324442447,18.383738942503417,0,0,0,0,0,22,22,1,1
448,2017,7,24,9,42938.375,15.223607044655978,-117.18555882491192,84,501,1000.58383503075,1010.58383503075,10.0,11.129889835646111,31.285024963229375,893.1764395952937,2506250,-1.7158519022398104,-45.27178198647159,-5.894045159818745,-4.796874179931463,7.5993269599403295,0,0,0,0,0,21,21,1,1
448,2017,7,24,12,42938.5,15.093349555584677,-117.34987578006988,84,502,999.2947384305766,1009.2947384305766,10.0,11.434799370089786,25.97278675827547,784.4315130902381,1933125,-1.289096600173507,-34.29870370684846,-5.880302281904604,-4.827990647395912,7.608380157294645,0,0,0,0,0,24,24,1,1
448,2017,7,24,15,42938.625,15.34568007032929,-117.43498531270704,85,502,1000.2382653264199,1010.2382653264199,10.0,11.394587804416194,29.553036196976244,423.6120847380443,563750,0.943526895843388,24.701093061226103,-3.042111550290757,9.352624359070354,9.834938997588576,0,0,0,0,0,29,29,1,1
448,2017,7,24,18,42938.75,15.214431417888566,-117.59915872196143,85,503,1000.0484380911797,1010.0484380911797,10.0,12.258637012831416,34.37500966680105,352.900471761385,391250,-0.18982723524022732,-5.011433395285609,-5.871803672899219,-4.864728093447846,7.625198869292097,0,0,0,0,0,33,33,1,1
448,2017,7,24,21,42938.875,15.333745060534,-117.8491233284045,86,504,999.453353479669,1009.453353479669,10.0,11.85138156132696,31.216963341989683,389.35213277318815,476250,-0.5950846115106834,-15.59087164922406,-8.935116996337104,4.422357247217979,9.969631856806629,0,0,0,0,0,28,28,1,1
448,2017,7,25,0,42939.0,15.451288047616552,-118.09976284520496,87,505,999.8023249899322,1007.8023249899322,8.0,10.44998860264364,22.87375905210116,286.98899464971794,258750,0.3489715102632181,9.074973614609114,-8.954183329353334,4.356727942075596,9.95783497839422,0,0,0,0,0,23,23,1,1
448,2017,7,25,3,42939.125,15.567057937000708,-118.35107037833136,88,506,1000.8669288842138,1008.8669288842138,8.0,10.506328942454713,21.3520982593963,301.8546089098361,286250,1.0646038942816085,27.48407738133302,-8.973015842888357,4.291008119239992,9.94624371288523,0,0,0,0,0,20,20,1,1
448,2017,7,25,6,42939.25,15.545001644897802,-118.7660536672617,89,508,1002.4255310418008,1010.4255310418008,8.0,10.623852602433896,19.440937575005808,322.56401542380166,326875,1.5586021575870108,40.29293928835722,-14.818697510015545,-0.8175159274779068,14.841230682966321,0,0,0,0,0,21,21,1,1
448,2017,7,25,9,42939.375,15.545001644897802,-118.7660536672617,89,508,1002.0047845405151,1010.0047845405151,8.0,10.197611483125801,17.95560224882174,344.62933172080244,373125,-0.4207465012857574,-10.877126757184865,0.0,0.0,0.0,0,0,0,0,0,18,18,1,1
448,2017,7,25,12,42939.5,15.656225660891534,-119.01848952490433,90,509,1001.8847867058737,1007.8847867058737,6.0,9.38007286936033,16.678935296624402,215.76102719068473,146250,-0.1199978346413991,-3.0806877628338634,-9.009384351920794,4.122515433178771,9.907781784911919,0,0,0,0,0,17,17,1,1
448,2017,7,25,15,42939.625,15.733473717085488,-119.6871816391937,92,512,1002.6614509873127,1008.6614509873127,6.0,9.780883924618063,21.820346334149217,183.9033045027407,106250,0.776664281439007,19.843752132866772,-23.856437333120127,2.8631973139738554,24.027640356219642,0,0,0,0,0,15,15,1,1
448,2017,7,25,18,42939.75,15.592793193620462,-119.84857352550448,92,513,1003.8204630187003,1009.8204630187003,6.0,9.680646439049015,17.971915048670635,210.62867892778948,139375,1.1590120313875376,29.87317948760048,-5.761827458225192,-5.214320162337244,7.77095814000529,0,0,0,0,0,18,18,1,1
448,2017,7,25,21,42939.875,15.554191486517382,-120.26312044584039,93,515,1003.4323435303006,1009.4323435303006,6.0,9.1926709821278,15.31898455404604,264.6283714200614,220000,-0.3881194883996795,-10.027872198008918,-14.802454508573673,-1.4307713298938922,14.871441291174147,0,0,0,0,0,14,14,1,1
448,2017,7,26,0,42940.0,15.655306212892464,-120.51738775919375,94,516,1002.322377259807,1008.322377259807,6.0,9.28138801664453,13.140705549063785,286.2949452790358,257500,-1.1099662704936053,-28.49764182022695,-9.074789437999167,3.7478148606539263,9.818244220519249,0,0,0,0,0,18,18,1,1
448,2017,7,26,3,42940.125,15.754629954955817,-120.77223931940254,95,517,1003.5542692488754,1009.5542692488754,6.0,8.536358787717948,12.863597867558637,318.2174296644016,318125,1.2318919890683901,31.43361047021076,-9.091208723918765,3.6814320709325394,9.808313726362309,0,0,0,0,0,18,18,1,1
448,2017,7,26,6,42940.25,15.705881848611352,-121.18706857312962,96,519,1005.128939656444,1011.128939656444,6.0,8.226269020316572,12.844975173641435,356.5459448579543,399375,1.5746704075686284,40.3016842851958,-14.801568444017473,-1.8068473696779834,14.911442781308793,0,0,0,0,0,14,14,1,1
448,2017,7,26,9,42940.375,15.410875340771328,-121.5042667192042,96,521,1004.6507135536349,1008.6507135536349,4.0,8.208155967706183,10.685383420895015,166.29242725457107,86875,-0.4782261028091307,-12.468046775353896,-11.334219456213647,-10.934408999646294,15.748835857077115,0,0,0,0,0,11,11,1,1
448,2017,7,26,12,42940.5,15.50365230111619,-121.75948008481281,97,522,1002.4852516699376,1008.4852516699376,6.0,9.260098584095548,10.604849397324942,276.7549753174722,240625,-2.1654618836972803,-56.127089933625214,-9.115278559448683,3.4387757666173506,9.742355053549403,0,0,0,0,0,12,12,1,1
448,2017,7,26,15,42940.625,15.68381097726483,-122.2715065389285,99,524,1002.8983719737744,1008.8983719737744,6.0,9.907015337141841,14.959860717010818,230.9045385777095,167500,0.41312030383676757,10.58779306749892,-18.271648591327487,6.677576926242922,19.453616009648478,0,0,0,0,0,12,12,1,1
448,2017,7,26,18,42940.75,15.379652587867483,-122.58490244572693,99,526,1002.3861914986949,1008.3861914986949,6.0,11.13461683968824,21.159354899899917,172.1702882348331,93125,-0.5121804750795127,-13.37973915021663,-11.200037200898445,-11.273623265788343,15.89136290065875,0,0,0,0,0,14,14,1,1
448,2017,7,26,21,42940.875,15.226359808709361,-122.74078411276463,99,527,1001.9559100016979,1007.9559100016979,6.0,10.545781473509217,20.820514502032964,171.01087916602197,91875,-0.43028149699690404,-11.350730018161935,-5.574926576867541,-5.681793111209292,7.960061513333261,0,0,0,0,0,15,15,1,1
448,2017,7,27,0,42941.0,15.310794986263181,-122.99669660352198,100,528,1000.4536601231226,1006.4536601231226,6.0,10.62126640206835,16.73956759187924,195.94930472170537,120625,-1.5022498785752396,-39.415656979396466,-9.148731229870412,3.129587791439075,9.669209009051913,0,0,0,0,0,18,18,1,1
448,2017,7,27,3,42941.125,15.393426768676363,-123.25309607380284,101,529,1001.6065153409259,1007.6065153409259,6.0,9.761059672501535,14.95848374178444,206.81608002267828,134375,1.1528552178031533,30.089848698311403,-9.162511852394822,3.062744994647667,9.660850394634776,0,0,0,0,0,17,17,1,1
448,2017,7,27,6,42941.25,15.317220759533878,-123.66438586946882,102,531,1002.9477119678123,1008.9477119678123,6.0,9.92094809939108,15.124645117240727,217.59732436277534,148750,1.3411966268865216,35.175572499603355,-14.702931796365755,-2.824573865491055,14.97178749950046,0,0,0,0,0,20,20,1,1
448,2017,7,27,9,42941.375,15.000749032686551,-123.97155412891792,102,533,1002.4018001751632,1008.4018001751632,6.0,10.039171522680629,13.801095152910712,196.9619693713725,121875,-0.5459117926491308,-14.612538742429212,-10.997203881705968,-11.730016817288515,16.078923712415584,0,0,0,0,0,16,16,1,1
448,2017,7,27,12,42941.5,15.000749032686551,-123.97155412891792,102,533,999.941857094138,1007.941857094138,8.0,11.56835839467958,15.54255219512961,290.7766557300799,265625,-2.459943081025267,-65.84582721911573,0.0,0.0,0.0,0,0,0,0,0,18,18,1,1
448,2017,7,27,15,42941.625,15.07684361727226,-124.22792001891669,103,534,1001.015218645365,1009.015218645365,8.0,11.20460005013641,15.74138353289316,293.16150714175194,270000,1.0733615512271353,28.589229225689657,-9.175108798843986,2.820443917018751,9.598829374443136,0,0,0,0,0,15,15,1,1
448,2017,7,27,18,42941.75,14.916434064357436,-124.38034472384487,103,535,1001.2689395803701,1009.2689395803701,8.0,11.391391088883495,17.24572386127824,278.54628835670917,243750,0.253720935004967,6.828912739079418,-5.459238647269488,-5.945576156483575,8.071750890630037,0,0,0,0,0,19,19,1,1
448,2017,7,27,21,42941.875,15.151130198014593,-124.48472313047073,104,535,1000.1490053083454,1008.1490053083454,8.0,11.584922047851963,16.582773379585852,247.93869558672074,193125,-1.1199342720246932,-29.686848096038197,-3.7343032825601634,8.699006455256493,9.466664371083077,0,0,0,0,0,18,18,1,1
448,2017,7,28,0,42942.0,15.151130198014593,-124.48472313047073,104,535,999.7885360752759,1007.7885360752759,8.0,10.77506581271338,18.811206498606772,288.0269329188686,260625,-0.36046923306945244,-9.555199472627868,0.0,0.0,0.0,0,0,0,0,0,17,17,1,1
448,2017,7,28,3,42942.125,15.223607044655978,-124.74195423923511,105,536,1000.3169002734949,1008.3169002734949,8.0,10.812838593480619,18.80179011573098,259.6957972998228,211875,0.5283641982189147,13.940590536980075,-9.199691477677753,2.686352548572585,9.58388299697357,0,0,0,0,0,20,20,1,1
448,2017,7,28,6,42942.25,15.223607044655978,-124.74195423923511,105,536,1001.783168820802,1009.783168820802,8.0,10.440088648839792,18.448772596629716,279.25959628100287,245000,1.4662685473071178,38.68666632630557,0.0,0.0,0.0,0,0,0,0,0,19,19,1,1
448,2017,7,28,9,42942.375,15.061255822283806,-124.89369090450971,105,537,1001.6456417363597,1007.6456417363597,6.0,10.060266494345607,18.419892412681364,173.8949084575512,95000,-0.137527084442263,-3.6667684595645698,-5.430919243109095,-6.017544087442697,8.105906529777481,0,0,0,0,0,19,19,1,1
448,2017,7,28,12,42942.5,14.898108993460419,-125.04486910392804,105,538,1000.0714105008433,1006.0714105008433,6.0,10.4144342119977,16.920928692564413,193.39444569737623,117500,-1.5742312355163448,-42.42145397592421,-5.415054887368517,-6.047033221102975,8.117230451966773,0,0,0,0,0,18,18,1,1
448,2017,7,28,15,42942.625,14.827571643245783,-124.78833625780004,104,537,1000.9540667210546,1008.9540667210546,8.0,10.708398144399895,18.52424520563589,308.3748992661489,298750,0.8826562202112109,23.895894172472648,9.19175733787239,-2.6144651609394547,9.556350298942432,0,0,0,0,0,18,18,1,1
448,2017,7,28,18,42942.75,14.9897495936628,-124.63680754375135,104,536,1001.6969301160357,1009.6969301160357,8.0,10.841618125964084,19.638312906172576,291.1185449201652,266250,0.7428633949811047,19.898641093790072,5.4252934837531805,6.011121766661851,8.097369590088537,0,0,0,0,0,18,18,1,1
448,2017,7,28,21,42942.875,15.151130198014593,-124.48472313047073,104,535,1001.0965015626313,1009.0965015626313,8.0,11.051770517120396,18.543719387994788,270.20793871277544,229375,-0.6004285534043448,-15.915961947671983,5.441061384958299,5.9815681542506915,8.086056305692557,0,0,0,0,0,20,20,1,1
448,2017,7,29,0,42943.0,15.223607044655978,-124.74195423923511,105,536,1001.471733711396,1007.471733711396,6.0,9.824654785459149,16.61209034875741,191.84519954901347,115625,0.3752321487647714,9.900288020789693,-9.199691477677753,2.686352548572585,9.58388299697357,0,0,0,0,0,22,22,1,1
448,2017,7,29,3,42943.125,15.151130198014593,-124.48472313047073,104,535,1002.1154421151424,1008.1154421151424,6.0,9.959596848590134,18.92074943424952,196.456289539899,121250,0.6437084037462774,17.063209937857508,9.202851038372492,-2.686352548572585,9.58691594047304,0,0,0,0,0,19,19,1,1
448,2017,7,29,6,42943.25,15.31171294209312,-124.33208211037142,104,534,1003.3319603949931,1009.3319603949931,6.0,10.323518086930966,17.78992543078355,190.28334018879895,113750,1.2165182798507157,31.916834884593662,5.4568090450695275,5.951995482731254,8.07483839967128,0,0,0,0,0,18,18,1,1
448,2017,7,29,9,42943.375,15.31171294209312,-124.33208211037142,104,534,1002.5799913735272,1008.5799913735272,6.0,10.361858740358656,18.51525505905178,187.65135533505173,110625,-0.7519690214659204,-19.72882076165962,0.0,0.0,0.0,0,0,0,0,0,19,19,1,1
448,2017,7,29,12,42943.5,15.630482640164761,-124.0251267445889,104,532,1003.4279374762965,1007.4279374762965,4.0,8.791545708615764,14.548436153459624,153.8645436249672,74375,0.8479461027693469,21.80415994749994,10.95655258455504,11.815191064528097,16.113496964638816,0,0,0,0,0,20,20,1,1
448,2017,7,29,15,42943.625,15.630482640164761,-124.0251267445889,104,532,1004.3135383852889,1008.3135383852889,4.0,9.056917539204106,15.395412653657914,147.2578045343293,68125,0.8856009089923463,22.772418914664186,0.0,0.0,0.0,0,0,0,0,0,19,19,1,1
448,2017,7,29,18,42943.75,16.023410238851536,-123.97486119255562,105,531,1004.8476789703146,1010.8476789703146,6.0,9.293732787411944,17.271572941534032,257.00058634784585,207500,0.5341405850257434,13.406634465841593,1.790708475667947,14.563851837532845,14.67352776909622,0,0,0,0,0,22,22,1,1
448,2017,7,29,21,42943.875,16.25749959251817,-124.07947552765265,106,531,1004.3943308663424,1010.3943308663424,6.0,9.256921758351872,15.347560573192167,254.66770370415514,203750,-0.4533481039720937,-11.219272541009747,-3.7224778765054882,8.676516169744398,9.44133329487466,0,0,0,0,0,26,26,1,1
448,2017,7,30,0,42944.0,16.72372715553491,-124.29041135383228,108,531,1003.1246920792997,1009.1246920792997,6.0,9.403736890692002,14.503305958683413,247.53717516845768,192500,-1.269638787042786,-30.56853904477381,-7.487642152955204,17.280713223106044,18.833157847529016,0,0,0,0,0,22,22,1,1
448,2017,7,30,3,42944.125,17.114180452939813,-124.24071939075941,109,530,1004.4910683983181,1010.4910683983181,6.0,9.188852138921563,12.870172622785104,284.2026277484726,253750,1.3663763190184546,32.168796691331124,1.7602754874101756,14.47214192102147,14.578801787999044,0,0,0,0,0,19,19,1,1
448,2017,7,30,6,42944.25,17.345867959597506,-124.34740191907301,110,530,1006.9695245856201,1010.9695245856201,4.0,8.55557782826077,12.910753277383774,155.79194081053757,76250,2.4784561873019264,57.5947522974164,-3.774358520118417,8.587491769087551,9.380340991804985,0,0,0,0,0,20,20,1,1
448,2017,7,30,9,42944.375,17.734819639468448,-124.29760719361009,111,529,1006.306131553321,1010.306131553321,4.0,8.482695045404625,10.930150877959532,166.88952945311365,87500,-0.6633930322990637,-15.088448414714184,1.7579290629611963,14.416484503842439,14.523268917152667,0,0,0,0,0,17,17,1,1
448,2017,7,30,12,42944.5,18.266204510263684,-124.78001814471146,114,530,1005.0178928349367,1009.0178928349367,4.0,9.009882198380332,11.753155736594053,162.05112036071435,82500,-1.288238718384382,-28.47561368912609,-16.979553532380212,19.695767242701592,26.00439357950195,0,0,0,0,0,16,16,1,1
448,2017,7,30,15,42944.625,18.722541758549077,-124.99991544165503,116,530,1006.8696658453099,1010.8696658453099,4.0,8.355040742462085,12.018573731386132,168.66815371514653,89375,1.8517730103732901,39.96895425905512,-7.719196767412979,16.914128949424583,18.592303699429014,0,0,0,0,0,20,20,1,1
448,2017,7,30,18,42944.75,19.176336756209892,-125.2222500257711,118,530,1007.7686003654937,1011.7686003654937,4.0,8.457626915638551,11.469931153784055,175.0352151573787,96250,0.8989345201838296,18.960258476169262,-7.783559371927327,16.819900492187408,18.533560075263573,0,0,0,0,0,21,21,1,1
448,2017,7,30,21,42944.875,19.627597316287847,-125.44705583588798,120,530,1007.8814372055313,1011.8814372055313,4.0,7.9000429622909465,12.99326330976022,177.8539989415875,99375,0.11283684003748931,2.327312466321528,-7.848272319112411,16.725961625150276,18.475745470235992,0,0,0,0,0,19,19,1,1
448,2017,7,31,0,42945.0,19.627597316287847,-125.44705583588798,120,530,,,,7.9000429622909465,,0.0,0,0.0,,0.0,0.0,0.0,0,3,0,0,0,19,19,0,0
451,2017,7,23,12,42937.5,51.55554897848805,136.20351580930503,476,481,998.5482833364575,1002.5482833364575,4.0,7.876963068858226,6.519215018926479,516.8958896291585,839375,,,,,,3,0,0,0,0,15,15,1,1
451,2017,7,23,15,42937.625,51.38340724052001,136.43808570740364,476,482,997.8349916550112,1001.8349916550112,4.0,8.295036841653193,7.609294404033281,476.43964736870475,713125,-0.7132916814462805,-6.324815338605622,5.426178777692972,-6.380429308607759,8.375756341347717,0,0,0,1,0,17,17,1,2
451,2017,7,23,18,42937.75,50.040870598009654,135.92778577446168,481,485,997.0479999567058,1001.0479999567058,4.0,8.290321051190045,4.330749899369548,463.31439595073437,674375,-0.7869916983055009,-7.113396938589581,-12.147486279802173,-49.76108782719032,51.2223318940414,0,0,1,0,0,19,19,1,1
451,2017,7,23,21,42937.875,51.19927699466578,137.14758542829853,475,484,996.417094498959,1000.417094498959,4.0,9.234602874288031,5.021709234704685,427.11983508037304,573125,-0.6309054577467031,-5.608716340706186,28.330033656264185,42.93630476692188,51.440422568278535,0,0,0,0,0,19,19,1,1
451,2017,7,24,0,42938.0,51.3608788098539,137.39591545032175,474,484,996.3566065974221,1000.3566065974221,4.0,9.209530972775443,6.255053055448806,441.0974018624935,611250,-0.060487901536980644,-0.5365196876144644,5.747311305121942,5.989767328490226,8.301138469356562,0,0,0,0,0,21,21,1,1
451,2017,7,24,3,42938.125,51.85764812546129,137.66863456934428,472,483,995.9966176735263,999.6150064692414,3.618388795715,9.043448386646544,8.234030900883663,437.92888284027794,602500,-0.35998892389572573,-3.17119383436894,6.243075217933899,18.412742536077022,19.442352632246966,0,0,0,1,0,21,22,2,0
451,2017,7,24,6,42938.25,51.61779120489354,139.34323995168938,469,487,995.4393220354831,999.0292392816954,3.5899172462122806,9.123771477701052,4.1826580166098575,456.8281067636358,655625,-0.5572956380432879,-4.925532520238834,38.5382012551497,-8.8902908959067,39.55035054454339,0,0,0,0,0,20,21,2,0
451,2017,7,24,9,42938.375,51.61779120489354,139.34323995168938,469,487,995.636302427043,999.636302427043,4.0,9.02044754824363,4.041234603099365,503.0470748509662,795000,0.19698039155991864,1.740967016867976,0.0,0.0,0.0,0,0,0,0,0,20,20,1,2
451,2017,7,24,12,42938.5,51.61779120489354,139.34323995168938,469,487,996.2583028862957,1002.2583028862957,6.0,8.993858472448702,4.635871652012138,828.9459975168818,2158750,0.6220004592527403,5.497411572087149,0.0,0.0,0.0,0,0,2,0,0,22,22,1,4
451,2017,7,24,15,42938.625,50.400892302369684,139.919072383065,471,492,996.5532777950306,1002.5532777950306,6.0,8.461948748669942,2.1991226430255484,877.8996593703082,2421250,0.2949749087348755,2.6522837936230155,13.604387145967767,-45.10432806666148,47.11135489414839,0,0,0,0,0,27,27,1,4
451,2017,7,24,18,42938.75,49.20606791890986,140.00913957320734,474,496,996.4065055563558,998.4065055563558,2.0,8.099078477609412,4.146809598901382,347.21732300118714,378750,-0.14677223867474823,-1.3431725185605048,2.1810711887109226,-44.286136557315004,44.33981238913148,0,0,1,2,0,31,31,1,2
451,2017,7,24,21,42938.875,48.035184491190364,139.6533515872684,478,499,996.562155465705,1002.562155465705,6.0,7.869475774055277,4.124141847213832,798.0092205272106,2000625,0.1556499093491584,1.4502939946362607,-8.81798041375389,-43.39876561819982,44.28554657854851,0,0,2,0,0,27,27,1,2
451,2017,7,25,0,42939.0,49.88095796710424,140.08983650928786,472,494,996.4499429004576,1004.4499429004576,8.0,8.564476847424338,2.8054607960030262,1138.1222663181507,4069375,-0.11221256524746423,-1.0166392691563098,10.424924736992255,68.41354875223848,69.20327093892936,0,0,0,0,0,22,22,1,2
451,2017,7,25,3,42939.125,49.88095796710424,140.08983650928786,472,494,996.2796605446379,1004.2796605446379,8.0,8.310838986193506,5.972739777661773,1101.434770523417,3811250,-0.17028235581965417,-1.5427481707501556,0.0,0.0,0.0,0,0,0,0,0,19,19,1,2
451,2017,7,25,6,42939.25,49.849583751197315,140.54977942321875,471,495,996.1403998329633,1004.1403998329633,8.0,8.189434313831105,3.543428151415355,1344.8408770410445,5681875,-0.13926071167457849,-1.2622765194022179,10.992326299253278,-1.162884545433324,11.053666266685589,0,0,0,0,0,19,19,1,2
451,2017,7,25,9,42939.375,50.598537477566126,141.83343729090927,466,495,996.6359476206413,1002.6359476206413,6.0,8.328283528703157,5.0116815999747635,727.0442591369231,1660625,0.4955477876780787,4.443093828628437,30.200244126126506,27.759951554582972,41.02035659999108,0,0,0,0,0,17,17,1,2
451,2017,7,25,12,42939.5,50.598537477566126,141.83343729090927,466,495,997.4595718160751,1003.3810094402342,5.921437624159007,8.520428760999772,5.113597370514544,713.2313697934707,1598125,0.8236241954338038,7.384635086330496,0.0,0.0,0.0,0,0,0,0,0,16,15,2,0
451,2017,7,25,15,42939.625,50.41054824242398,142.03794076318468,466,496,997.5919181465371,1002.8824089562232,5.290490809686162,8.340953175584087,6.195952675822264,657.9524642479541,1360000,0.1323463304618781,1.1898337510345864,4.830543589639436,-6.967816403865978,8.478479628411598,0,0,0,0,0,14,12,2,0
451,2017,7,25,18,42939.75,49.796429962648354,143.09749235226275,465,500,997.824163376225,1002.6197168432244,4.795553466999409,8.330145274660378,5.509360802920273,645.7444935117649,1310000,0.23224522968797828,2.1067494751058935,25.35023634858867,-22.762279023577815,34.06986688081591,0,0,0,0,0,17,16,2,0
451,2017,7,25,21,42939.875,49.74741608200666,143.55354270257183,464,501,999.132791980413,1003.1190897476029,3.9862977671898263,7.788077898852264,3.9024384431630454,637.9958988563503,1278750,1.3086286041879793,11.879461952224087,10.922318528371992,-1.8166982875060937,11.072372586895986,0,0,0,0,0,13,12,2,0
451,2017,7,26,0,42940.0,51.648944014606464,146.16799441711032,453,499,999.7393999037168,1003.1393161435741,3.399916239857266,8.132166572521921,1.735510576650777,820.0180696565519,2112500,0.6066079233038181,5.359060891776632,60.123966431451386,70.48008632600467,92.64088680475464,0,0,0,0,0,17,16,2,0
451,2017,7,26,3,42940.125,58.15516472502468,143.98763729820848,442,473,997.6034913298842,1001.6034913298842,4.0,8.082921890580092,4.21016153086719,647.5903605267332,1317500,0.4641751863100217,3.78572742273743,-9.283036732296777,14.044873941497752,16.83547608491467,0,0,0,0,2,16,16,1,1
451,2017,7,26,6,42940.25,58.15516472502468,143.98763729820848,442,473,,,,8.082921890580092,,0.0,0,0.0,,0.0,0.0,0.0,0,3,0,0,0,16,16,0,0
452,2017,7,23,15,42937.625,41.56895947573965,-158.8839747660827,284,555,1014.3102873259949,1016.3102873259949,2.0,7.647699759081802,9.365589283019071,157.69578262626,78125,,,,,,3,0,0,0,0,22,22,1,1
452,2017,7,23,18,42937.75,42.48683680640072,-158.48287035254984,284,551,1014.0897957505784,1016.0897957505784,2.0,9.09627115515457,11.662863637359042,110.16153780134434,38125,-0.22049157541638123,-2.2617165912439723,10.96334408224946,34.02110081718706,35.743953534535045,0,0,0,0,0,22,22,1,1
452,2017,7,23,21,42937.875,43.213634603798724,-157.54306100005786,282,547,1014.5986970045881,1018.5986970045881,4.0,9.384495332445391,11.245210500491375,202.4410972262378,128750,0.5089012540095428,5.149211994989084,25.387092303218576,26.93874258903281,37.016216823040004,0,0,0,0,0,22,22,1,1
452,2017,7,24,0,42938.0,44.24576666590309,-156.72567155358115,281,542,1014.8038456200348,1018.8038456200348,4.0,9.505728353065269,14.689952297257404,168.66815371514653,89375,0.2051486154468148,2.0370285844370177,21.70292837376426,38.2559496443973,43.983346657472566,0,0,0,0,0,24,24,1,1
452,2017,7,24,3,42938.125,45.04137764017308,-155.9928533731142,280,538,1015.0828142134784,1021.0828142134784,6.0,9.491466086416011,13.973106341993116,315.70679927948885,313125,0.2789685934435693,2.7313510288998333,19.19241427145691,29.489301307185702,35.184764560150285,0,0,0,0,0,25,25,1,1
452,2017,7,24,6,42938.25,45.50417139554748,-155.09043536204132,278,535,1015.6822950365749,1021.6822950365749,6.0,9.4503837080926,10.032670588656474,322.25548927436705,326250,0.5994808230965282,5.822678223570738,23.44222398772301,17.153439226805183,29.047862964395073,0,0,0,0,0,24,24,1,1
452,2017,7,24,9,42938.375,46.059458185590756,-154.4400348281762,277,532,1016.5979035274898,1022.5979035274898,6.0,9.632468240036955,10.171137953003054,329.2784611561371,340625,0.9156084909148922,8.809709140201157,16.728133588995274,20.581691295184914,26.522376777761874,0,0,0,0,0,23,23,1,1
452,2017,7,24,12,42938.5,46.60750272952337,-153.77397314737345,276,529,1016.7253391264494,1022.7253391264494,6.0,9.107074630646462,10.333758727444947,559.586767653868,983750,0.12743559895956424,1.215003019806084,16.960114665689193,20.313257620179236,26.462689292985612,0,0,0,0,0,26,26,1,1
452,2017,7,24,15,42938.625,47.14167126921235,-152.40579401861604,273,525,1017.510319066327,1021.510319066327,4.0,8.47300819679711,6.267964145828082,240.60883306661233,181875,0.7849799398776668,7.419127090952113,34.49292646545574,19.798943862182767,39.77134840823481,0,0,0,0,0,30,30,1,1
452,2017,7,24,18,42938.75,47.9760197288769,-151.1275758259598,271,520,1017.514161606707,1021.514161606707,4.0,9.018946747190395,6.027106816252199,249.13937425834396,195000,0.0038425403799919877,0.035836809121628954,31.715855142159658,30.9251052561331,44.2973769257432,0,0,0,0,0,34,34,1,1
452,2017,7,24,21,42938.875,48.45654079420222,-149.68668794993704,268,516,1017.8873953730784,1021.8873953730784,4.0,8.734897636292974,5.189912932563239,469.0753764850008,691250,0.37323376637141337,3.4549126233148475,35.418006831689254,17.81050153667156,39.64403073499675,0,0,0,0,0,29,29,1,1
452,2017,7,25,0,42939.0,48.829251126151824,-148.653548341718,266,513,1017.33515593671,1019.33515593671,2.0,8.707841774581235,6.158856440390519,148.60265258063356,69375,-0.5522394363685453,-5.082725345735703,25.20848298239008,13.81449934026853,28.745573681798906,0,0,0,0,0,24,24,1,1
452,2017,7,25,3,42939.125,49.12940316071164,-146.88865803962798,262,509,1016.8079655606809,1018.8079655606809,2.0,8.690047678234993,4.155148552065002,312.22172032673495,306250,-0.5271903760290297,-4.830115586398014,42.803926136448055,11.125127821697669,44.22606201939771,0,0,0,0,0,21,21,1,1
452,2017,7,25,6,42939.25,49.721567379180634,-145.18132000651445,259,504,1017.1487042058914,1019.1487042058914,2.0,8.036299957194014,3.9797315512019122,372.9096828007334,436875,0.3407386452105129,3.0943377251547655,40.911385616899615,21.948552278064135,46.42715175624685,0,0,0,0,0,20,20,1,1
452,2017,7,25,9,42939.375,49.721567379180634,-145.18132000651445,259,504,,,,8.036299957194014,,0.0,0,0.0,,0.0,0.0,0.0,0,3,0,0,0,20,20,0,0
483,2017,7,25,6,42939.25,15.386080428334775,-106.44183657682603,63,447,1005.391133401658,1011.391133401658,6.0,7.767359836630518,12.827369977326377,398.44329048707243,498750,,,,,,3,0,0,0,0,14,14,1,1
483,2017,7,25,9,42939.375,15.495383401613433,-106.85032628676322,64,449,1003.6210948804262,1009.6210948804262,6.0,8.529950226534533,14.10312100268566,265.7536566014258,221875,-1.7700385212317633,-45.90190542594713,-14.590325894040308,4.051312031917471,15.142349186115819,0,0,0,0,0,14,14,1,1
483,2017,7,25,12,42939.5,15.600146701660544,-107.25981558568265,65,451,1002.0118806237691,1008.0118806237691,6.0,9.50738860277135,16.18700511355797,240.60883306661233,181875,-1.609214256657142,-41.45793770789315,-14.618590241336737,3.8830491545933605,15.125516565760453,0,0,0,0,0,13,13,1,1
483,2017,7,25,15,42939.625,15.613935221959702,-107.84732040668206,66,454,1002.3607856795918,1008.3607856795918,6.0,9.78169665156042,19.063032379506765,168.66815371514653,89375,0.34890505582268816,8.981046232076025,-20.972253801551627,0.5110711677340578,20.978480003450816,0,0,0,0,0,11,11,1,1
483,2017,7,25,18,42939.75,15.976440453479015,-108.31693502583126,68,456,1002.447982039098,1010.447982039098,8.0,10.138204723167068,21.27541732875652,265.379091712523,221250,0.08719635950619704,2.1948465224732168,-16.733933459145533,13.436247542352897,21.460598245027903,0,0,0,0,0,14,14,1,1
483,2017,7,25,21,42939.875,16.06486312383775,-108.73028527686905,69,458,1001.0169724744202,1009.0169724744202,8.0,10.567009574322324,21.809550792635928,239.78057300779642,180625,-1.4310095646778063,-35.82730429295846,-14.72252185994185,3.2773841147519276,15.082900800313377,0,0,0,0,0,10,10,1,1
483,2017,7,26,0,42940.0,16.322060071192805,-109.38287935836689,71,461,1000.4226768854277,1008.4226768854277,8.0,10.050564904824638,21.697643764062448,247.53717516845768,192500,-0.5942955889925361,-14.650782117211742,-23.213513164686265,9.532998564783174,25.09472564271665,0,0,0,0,0,14,14,1,1
483,2017,7,26,3,42940.125,16.302689749850714,-109.97510543557955,72,464,1000.7395713952159,1008.7395713952159,8.0,10.990922549817752,23.70548685892194,209.20709679710012,137500,0.31689450978825334,7.821223857043382,-21.06824062661755,-0.7179604869050484,21.08047035437813,0,0,0,0,0,15,15,1,1
483,2017,7,26,6,42940.25,16.27409887896133,-110.56700253050612,73,467,1000.7403201228277,1010.7403201228277,10.0,12.037039946902478,27.705460741448988,337.04130404423773,356875,0.0007487276117899456,0.0185108139674223,-21.05960769471517,-1.059719930416453,21.0862534032537,0,0,0,0,0,12,12,1,1
483,2017,7,26,9,42940.375,16.236291383203056,-111.15844471441257,74,470,999.1898701176464,1009.1898701176464,10.0,12.718258941646047,28.573104419862066,256.22531886097215,206250,-1.5504500051813375,-38.41866764319729,-21.04747117917365,-1.4013339058184655,21.09406977692408,0,0,0,0,0,10,10,1,1
483,2017,7,26,12,42940.5,16.555574130126946,-111.64443514071401,76,472,997.7614477134875,1007.7614477134875,10.0,13.52681620665044,30.137179841842084,208.7310845835051,136875,-1.4284224041587732,-34.73088871977338,-17.266459328042192,11.834207207691666,20.9327274372337,0,0,0,0,0,11,11,1,1
483,2017,7,26,15,42940.625,16.761627696756534,-112.30843854726659,78,475,998.2115735287884,1010.2115735287884,12.0,14.307627128273333,34.07127900024083,341.1481381100423,365625,0.450125815300853,10.81367839497356,-23.565596438682817,7.637370408742262,24.772298283994406,0,0,0,0,0,11,11,1,1
483,2017,7,26,18,42940.75,16.80600842456098,-112.72855796204259,79,477,998.603062682692,1008.603062682692,10.0,14.180563264109137,33.970666785089776,176.73188049071527,98125,0.3914891539035307,9.380887180563285,-14.90663233001796,1.6449705908823817,14.997120245807347,0,0,0,0,0,13,13,1,1
483,2017,7,26,21,42940.875,16.992888729468973,-113.39693080148423,81,480,997.7310136179782,1009.7310136179782,12.0,13.574610692470097,31.488570292487058,374.7722472096855,441250,-0.8720490647137922,-20.6729543493248,-23.691638236722607,6.92671393185243,24.68345778519402,0,0,0,0,0,13,13,1,1
483,2017,7,27,0,42941.0,17.281893852341945,-113.89516141507036,83,482,996.5478758529388,1006.5478758529388,10.0,13.620467046842519,30.324868453185044,197.9694540487982,123125,-1.183137765039428,-27.59259484014855,-17.6332070944741,10.71196781258734,20.63192300427953,0,0,0,0,0,17,17,1,1
483,2017,7,27,3,42941.125,17.308778874515557,-114.3184783217991,84,484,997.2119250917491,1007.2119250917491,10.0,13.893391233663898,27.98149247176756,205.8518972422094,133125,0.664049238810403,15.463330716980574,-14.979699200995706,0.9964926894773727,15.012807393438884,0,0,0,0,0,15,15,1,1
483,2017,7,27,6,42941.25,17.331031448578788,-114.7420407576597,85,486,997.8362038449886,1009.8362038449886,12.0,14.474020118554204,32.215742684992655,278.54628835670917,243750,0.6242787532394868,14.519124696626015,-14.986572393117282,0.8247911135377943,15.009251562790062,0,0,0,0,0,18,18,1,1
483,2017,7,27,9,42941.375,17.467386041303143,-114.99395222626771,86,487,995.9128808935739,1007.9128808935739,12.0,15.539689580072347,38.396427592938345,225.23462902169737,159375,-1.9233229514147387,-44.39313915399296,-8.906539438487284,5.0539796452111405,10.240564194590936,0,0,0,0,0,15,15,1,1
483,2017,7,27,12,42941.5,17.734819639468448,-115.50019648361904,88,489,994.3465010157416,1008.3465010157416,14.0,16.836347827295004,41.01251376716413,290.4343640802591,265000,-1.5663798778322233,-35.6263042175928,-17.8721986851131,9.912419776760485,20.437014255288634,0,0,0,0,0,17,17,1,1
483,2017,7,27,15,42941.625,17.86589244663516,-115.75451715589097,89,490,994.9310109443223,1008.9310109443223,14.0,17.20055343413673,42.52585687710838,248.33956681952523,193750,0.5845099285806645,13.199916531529373,-8.971821922718238,4.8582103926664,10.202734772225504,0,0,0,0,0,14,14,1,1
483,2017,7,27,18,42941.75,18.122734475695164,-116.2655240650995,91,492,994.676393196715,1008.676393196715,14.0,17.50612095965409,47.082485316236415,204.88317705582224,131875,-0.2546177476072626,-5.6711888843516105,-18.000861807486757,9.519843526855542,20.363163963098877,0,0,0,0,0,16,16,1,1
483,2017,7,27,21,42941.875,18.372484128215657,-116.7796411082074,93,494,994.0738525629498,1008.0738525629498,14.0,17.201810434847694,44.16287593303409,233.90064490684722,171875,-0.6025406337653112,-13.244329222192857,-18.08441093534684,9.25696476384009,20.315937475722585,0,0,0,0,0,16,16,1,1
483,2017,7,28,0,42942.0,18.49469143552507,-117.03784882838956,94,495,993.4609768853915,1007.4609768853915,14.0,16.944092210691686,41.76142285051043,250.73133533983872,197500,-0.6128756775583315,-13.385569014998179,-9.076176846769274,4.529610857233033,10.143685753797483,0,0,0,0,0,15,15,1,1
483,2017,7,28,3,42942.125,18.615116185334738,-117.29681322931957,95,496,994.9898442858091,1008.9898442858091,14.0,16.619780239479457,38.33132258240861,294.5156090686586,272500,1.5288674004176572,33.182938465632645,-9.09635497042639,4.4635404070918,10.132465973974062,0,0,0,0,0,17,17,1,1
483,2017,7,28,6,42942.25,18.733755216126138,-117.55652701536852,96,497,996.6204450305621,1010.6204450305621,14.0,16.11979242640802,33.05598803467627,336.1547405514991,355000,1.6306007447530282,35.174826680133954,-9.116295554935093,4.397352775343774,10.121440415067063,0,0,0,0,0,16,16,1,1
483,2017,7,28,9,42942.375,19.095781868644035,-117.90733704973252,98,498,995.6073118971758,1009.6073118971758,14.0,16.51698135035363,32.852213583136766,330.18348840901825,342500,-1.013133133386291,-21.455687188297308,-12.287260116034286,13.418509023367552,18.194316298484075,0,0,0,0,0,16,16,1,1
483,2017,7,28,12,42942.5,19.45389078844112,-118.26124144157235,100,499,994.6905719731446,1006.6905719731446,12.0,16.699153823172555,32.8859099051448,222.56903656473068,155625,-0.9167399240311351,-19.070396994932292,-12.368577424016783,13.273298355866352,18.142826591734323,0,0,0,0,0,15,15,1,1
483,2017,7,28,15,42942.625,19.433245905905057,-118.6958019961677,101,501,996.19798570983,1008.19798570983,12.0,16.69270912420407,34.09497928877791,223.0155145190964,156250,1.507413736685412,31.389857618684346,-15.189354033288298,-0.7652020663944072,15.208616312833517,0,0,0,0,0,15,15,1,1
483,2017,7,28,18,42942.75,19.783619885543096,-119.05460409907714,103,502,996.2359410883681,1008.2359410883681,12.0,17.143753369342416,33.382209736984585,205.8518972422094,133125,0.037955378538026704,0.776917938285418,-12.514050069541488,12.986602988004597,18.034780461958533,0,0,0,0,0,16,16,1,1
483,2017,7,28,21,42942.875,20.13003602839906,-119.41650746781507,105,503,996.5805925982239,1008.5805925982239,12.0,16.14130219761825,34.08945260880049,226.99430130732603,161875,0.3446515098557575,6.938260057735376,-12.59453268383973,12.839905864453415,17.98570087965249,0,0,0,0,0,17,17,1,1
483,2017,7,29,0,42943.0,20.472481325422955,-119.78152323152034,107,504,996.1909917543022,1008.1909917543022,12.0,15.91809028794511,31.537315547199906,249.13937425834396,195000,-0.389600843921653,-7.717444497491523,-12.674790950310038,12.692726560781896,17.93754813738041,0,0,0,0,0,19,19,1,1
483,2017,7,29,3,42943.125,20.81094207808856,-120.14966170101577,109,505,996.5747410642757,1008.5747410642757,12.0,16.32951363502121,33.30106283822854,233.90064490684722,171875,0.3837493099735002,7.483258744580237,-12.75480853472235,12.545039521571292,17.89030903464811,0,0,0,0,0,16,16,1,1
483,2017,7,29,6,42943.25,20.770249995096503,-120.59083068914934,110,507,998.2475753200415,1008.2475753200415,10.0,16.02452478889051,31.812362699152004,178.4124116152771,100000,1.6728342557657743,32.681986416099754,-15.289200802323727,-1.5082510611052191,15.3634137624781,0,0,0,0,0,16,16,1,1
483,2017,7,29,9,42943.375,21.100829865121693,-120.96375653207352,112,508,997.918297930079,1007.918297930079,10.0,15.781148616404513,31.21212802957169,182.81831978578631,105000,-0.3292773899625172,-6.336764655229314,-12.895663315128775,12.252934799206285,17.788550911492436,0,0,0,0,0,17,17,1,1
483,2017,7,29,12,42943.5,21.28490113120597,-121.50973909545434,114,510,997.4753885076575,1007.4753885076575,10.0,15.738509228299433,29.315054163585664,192.36300129927707,116250,-0.44290942242150777,-8.453218619508604,-18.856404452030645,6.822596976537309,20.05272595840319,0,0,0,0,0,19,19,1,1
483,2017,7,29,15,42943.625,21.749880358827806,-121.71895973830578,116,510,999.4605144082194,1009.4605144082194,10.0,14.890338831130897,30.60980066215983,208.7310845835051,136875,1.9851259005619795,37.11550833769954,-7.202698772181534,17.234443702217916,18.67899674307226,0,0,0,0,0,18,18,1,1
483,2017,7,29,18,42943.75,21.923314478279064,-122.27118098362826,118,512,1001.1645756801308,1009.1645756801308,8.0,14.11977348418589,26.783634911145636,164.48811606198853,85000,1.7040612719113415,31.62072843189721,-18.98789622831443,6.428331396682093,20.04653705064309,0,0,0,0,0,21,21,1,1
483,2017,7,29,21,42943.875,22.46496380909584,-122.76557039569424,121,513,1001.772127758212,1009.772127758212,8.0,13.124295798882569,24.835499886798498,169.2568750643269,90000,0.6075520780812076,11.015549485256996,-16.933936849895623,20.076219202415174,26.2642874394048,0,0,0,0,0,23,23,1,1
483,2017,7,30,0,42944.0,22.772527941438288,-123.15565994522687,123,514,1000.6250355148957,1008.6250355148957,8.0,13.537066027447544,26.434533108672913,169.2568750643269,90000,-1.1470922433162922,-20.531727414504086,-13.331586623788755,11.399857044772007,17.541035959966024,0,0,0,0,0,20,20,1,1
483,2017,7,30,3,42944.125,23.150965852632105,-123.83139871321728,126,516,1001.8219914282116,1009.8219914282116,8.0,13.258333755555746,24.930556302640397,183.3616146530208,105625,1.1969559133159056,21.092826986440038,-23.029300124901045,14.026791924905629,26.964783625079676,0,0,0,0,0,18,18,1,1
483,2017,7,30,6,42944.25,23.517913180891327,-124.51379738510475,129,518,1003.9120059737294,1011.9120059737294,8.0,13.078632774834501,25.457438672493595,194.93137937025432,119375,2.0900145455177697,36.28758842516695,-23.192106915883816,13.600893749400253,26.88602116305536,0,0,0,0,0,19,19,1,1
483,2017,7,30,9,42944.375,23.873291448651372,-125.20275846964276,132,520,1004.4435401443457,1010.4435401443457,6.0,11.795838589391026,20.221412509218716,155.79194081053757,76250,0.5315341706162144,9.099177124979676,-23.35148397034101,13.172086804882909,26.81036505556132,0,0,0,0,0,16,16,1,1
483,2017,7,30,12,42944.5,23.999060159832645,-125.77730742578007,134,522,1004.1139820171733,1010.1139820171733,6.0,11.489090424078489,18.62089677555181,173.32194179790176,94375,-0.3295581271723495,-5.613779441387741,-19.454666533949545,4.661614204660807,20.005366703469143,0,0,0,0,0,15,15,1,1
483,2017,7,30,15,42944.625,24.434377020448355,-126.01975122477701,136,522,1006.3927274092669,1012.3927274092669,6.0,10.458886772908249,16.519831346142166,198.47127856504602,123750,2.278745392093551,38.166522993626316,-8.181331537778114,16.135008794434395,18.090679769636022,0,0,0,0,0,19,19,1,1
483,2017,7,30,18,42944.75,24.764020707231367,-126.7241071729248,139,524,1008.1770678034492,1012.1770678034492,4.0,9.590590196462829,14.497758689490436,135.28790949515025,57500,1.7843403941823635,29.512545841499392,-23.706134177080777,12.218235190226386,26.669571964796205,0,0,0,0,0,20,20,1,1
483,2017,7,30,21,42944.875,25.243972237656088,-127.26821534549349,142,525,1008.8360890726794,1012.8360890726794,4.0,8.699855996587813,13.74951021815352,148.60265258063356,69375,0.6590212692302885,10.706016614396543,-18.241361485421628,17.789391739506797,25.47959433161086,0,0,0,0,0,18,18,1,1
483,2017,7,31,0,42945.0,25.552232122964476,-127.98577135610559,145,527,1008.028453049039,1012.028453049039,4.0,8.217165743380683,13.570720350841148,152.56608544230824,73125,-0.8076360236405162,-12.972475963336903,-23.99485793102352,11.42564511144216,26.57627839526491,0,0,0,0,0,17,17,1,1
483,2017,7,31,3,42945.125,25.552232122964476,-127.98577135610559,145,527,,,,8.217165743380683,,0.0,0,0.0,,0.0,0.0,0.0,0,3,0,0,0,17,17,0,0
485,2017,7,23,15,42937.625,40.5685634329962,-61.93540178494438,171,259,1005.8918238750557,1007.8918238750557,2.0,7.5597679091591505,11.34324027044502,146.58075357087597,67500,,,,,,3,0,0,0,0,3,3,1,1
485,2017,7,23,18,42937.75,40.71372194686516,-60.00492038286022,175,253,1002.7546207407732,1008.7546207407732,6.0,10.442586392759436,27.825554899128697,285.2507049171509,255625,-3.137203134282463,-33.32185940307475,54.234704806658534,5.380296767164131,54.50092475149525,0,0,0,0,0,4,4,1,1
485,2017,7,23,21,42937.875,41.00848151675986,-57.92294334980149,180,247,999.9869698076601,1007.9869698076601,8.0,13.199930308873148,36.7089716763021,214.37348207692287,144375,-2.767650933113182,-29.222345518947822,58.23087728706652,10.925256250740834,59.246909571434614,0,0,0,0,0,3,3,1,1
485,2017,7,24,0,42938.0,41.43955775220451,-56.65029943753767,184,244,1000.9725993133536,1008.9725993133536,8.0,13.01108961151428,35.38049251941003,202.4410972262378,128750,0.985629505693505,10.317824385444277,35.36126194873022,15.97783012616006,38.80347796457353,0,0,0,0,0,3,3,1,1
485,2017,7,24,3,42938.125,41.703336666299094,-55.13148609155897,188,240,1001.3429786940585,1009.3429786940585,8.0,13.077614360708244,28.184604573468242,203.9098547955877,130625,0.37037938070498055,3.8571539843293765,42.02910625863416,9.776959001043044,43.15130009869503,0,0,0,0,0,4,4,1,1
485,2017,7,24,6,42938.25,41.73166183967777,-53.76090641547553,191,236,1002.0497731157619,1010.0497731157619,8.0,12.412510644338335,19.569345022050694,271.67647093347347,231875,0.70679442170338,7.35652071016949,37.91051361151522,1.0498718586789153,37.92504809764289,0,0,0,0,0,2,2,1,1
485,2017,7,24,9,42938.375,42.161594480341094,-51.66413729241257,197,231,1004.2570515849354,1010.2570515849354,6.0,11.02030517049213,8.95504613265999,251.12774876576967,198125,2.2072784691734704,22.78297061219808,57.60641689055641,15.935442813553042,59.76987204798587,0,0,0,0,0,1,1,1,1
485,2017,7,24,12,42938.5,42.93994528537287,-48.37812273929421,207,224,1006.1804010026724,1010.1804010026724,4.0,10.505561816389923,11.329676899973492,205.36810833075387,132500,1.923349417737045,19.560688700547473,89.15733500654868,28.84955355641415,93.70873558998841,0,0,0,0,0,2,2,1,1
485,2017,7,24,15,42938.625,43.71227908990331,-46.00862431066024,215,220,1007.1883780831755,1011.1883780831755,4.0,10.22221819544048,5.493514351739723,233.90064490684722,171875,1.0079770805030421,10.105778247518469,63.4797140989606,28.62653357995814,69.63585661776732,0,0,0,0,0,3,3,1,1
485,2017,7,24,18,42938.75,44.56371041766576,-43.357560298062694,224,216,1007.0514558944432,1011.0514558944432,4.0,10.818900115137518,10.471051938655,217.59732436277534,148750,-0.1369221887322783,-1.3518913143313902,70.00544482056935,31.558281344474803,76.78989143072678,0,0,0,0,0,6,6,1,1
485,2017,7,24,21,42938.875,45.49035868155671,-40.80999227447616,233,213,1006.3563522122266,1010.3563522122266,4.0,12.096221444608696,12.83641996099446,189.234939151512,112500,-0.695103682216577,-6.753050252821712,66.19229909780714,34.346195242887475,74.57265978571574,0,0,0,0,0,4,4,1,1
485,2017,7,25,0,42939.0,46.466787570669695,-37.928010734073005,243,210,1005.4168101822662,1009.4168101822662,4.0,14.01690353879907,16.975171367054646,162.05112036071435,82500,-0.9395420299604302,-8.978704138240367,73.57125775138141,36.19131289951553,81.991103764438,0,0,0,0,0,2,2,1,1
485,2017,7,25,3,42939.125,47.65506664130622,-34.85218165335679,254,208,1003.584294518208,1007.584294518208,4.0,14.886970577945931,16.551997593928537,169.8435557664936,90625,-1.8325156640581555,-17.17763259294967,76.78821487329924,44.043534697564205,88.52266880343993,0,0,0,0,0,1,1,1,1
485,2017,7,25,6,42939.25,48.70382297697484,-31.617913981462863,265,206,1001.4617565007939,1005.4617565007939,4.0,16.065564668131625,15.09109447792718,175.0352151573787,96250,-2.12253801741419,-19.57302655033162,79.1077753686893,38.87212793756303,88.14239873169593,0,0,0,0,0,2,2,1,1
485,2017,7,25,9,42939.375,50.13954064474003,-28.25621960745704,277,206,1000.5430865643054,1004.5430865643054,4.0,16.379989694646003,9.086542772506437,230.4733439183804,166875,-0.9186699364884408,-8.291647538507734,79.85260538520095,53.21484024981569,95.95966761935989,0,0,0,0,0,1,1,1,2
485,2017,7,25,12,42939.5,53.634429657777694,-24.235931598726168,294,214,995.5776550902133,999.5776550902133,4.0,19.641363831630223,14.447010210024455,186.05429348039038,108750,-5.006681665509968,-43.076432887059056,42.73516634216183,61.73730335721224,75.08521204679849,0,0,0,0,2,1,1,1,1
485,2017,7,25,15,42939.625,54.756067144787295,-23.00420354271973,299,217,991.2767285051747,1009.2767285051747,18.0,22.7803750076058,11.929535033222491,857.4939283076915,2310000,-4.300926585038542,-36.4853633036065,26.344682873281762,41.57346602993952,49.21783613118643,0,0,2,0,0,0,0,1,2
485,2017,7,25,18,42939.75,56.50930912829422,-22.126334809373287,304,223,986.6559701160322,1008.6559701160322,22.0,25.27281182425241,11.246802011139517,861.7753496141304,2333125,-4.620758389142429,-38.386683658513746,17.95449586866004,64.9838712487381,67.41859865326704,0,0,0,0,0,2,2,1,2
485,2017,7,25,21,42939.875,57.68089173338276,-22.511496945246584,305,228,983.3103586530675,1009.3103586530675,26.0,27.565483091804246,12.74755652509419,920.4896133501333,2661875,-3.3456114629647344,-27.428146438094256,-7.632441253831006,43.42468061028673,44.09032825460243,0,0,1,0,0,1,1,1,1
485,2017,7,26,0,42940.0,57.985894318645734,-22.291749808511852,306,229,981.5441051990709,1009.5441051990709,28.0,28.480993421091533,10.067952225288245,988.6406294822716,3070625,-1.7662534539966146,-14.43178293608416,4.317849681104966,11.304913364905858,12.101441734630024,0,0,0,0,0,3,3,1,1
485,2017,7,26,3,42940.125,58.80650566325943,-26.099242094312995,299,236,980.9067438169299,1008.9067438169299,28.0,28.807690418917634,8.49926116970717,1034.9457797432945,3365000,-0.6373613821410982,-5.162088000715466,-73.08280984878748,30.41593942267089,79.15950016490511,0,0,0,0,0,5,5,1,1
485,2017,7,26,6,42940.25,58.70330440351168,-26.47218937911256,298,236,981.4452085827432,1007.4452085827432,26.0,27.27384343217743,8.293393988712488,1022.277430581913,3283125,0.5384647658134054,4.365877434667758,-7.180768718695158,-3.8251521690923918,8.13604501635181,0,0,0,0,0,3,3,1,1
485,2017,7,26,9,42940.375,58.49108947075202,-20.0007305691796,312,229,982.6581387653564,1006.6581387653564,24.0,24.281418939275756,8.379743666743307,1018.0847542744015,3256250,1.2129301826131995,9.856711187911568,125.31219605169963,-7.8657412936966615,125.55881635870486,0,0,0,0,0,2,2,1,1
485,2017,7,26,12,42940.5,58.49108947075202,-20.0007305691796,312,229,,,,24.281418939275756,,0.0,0,0.0,,0.0,0.0,0.0,0,3,0,0,0,2,2,0,0
491,2017,7,24,3,42938.125,43.14117649697722,-79.07719528013075,160,321,1006.4375260433138,1010.4375260433138,4.0,7.928100868779009,5.58197431142813,534.6794053718705,898125,,,,,,3,0,0,0,0,7,7,1,1
491,2017,7,24,6,42938.25,43.66478753798881,-77.79576701406651,163,317,1005.3110968358773,1011.3110968358773,6.0,9.354789342602265,7.252266652610633,623.965367258912,1223125,-1.126429207436595,-11.303159556214604,34.35794406726158,19.407630431854894,39.4604161091661,0,0,0,0,0,8,8,1,2
491,2017,7,24,9,42938.375,43.90383991207899,-77.7352262721076,164,317,1004.7885129528527,1012.7885129528527,8.0,10.261657238580952,7.379978737493946,915.2878409003171,2631875,-0.5225838830246358,-5.221092700905508,1.6167699504587423,8.860470400388541,9.00676860971058,0,0,0,0,0,6,6,1,2
491,2017,7,24,12,42938.5,43.851313915748904,-77.45567759328209,164,316,1006.0304479506804,1012.0304479506804,6.0,10.350118386645939,5.980725119000199,552.6106649871808,959375,1.2419349978277752,12.419906073437414,7.47206386944684,-1.9468747696188802,7.7215322208530255,0,0,0,0,0,8,8,1,2
491,2017,7,24,15,42938.625,44.27404150003989,-77.04864162154243,166,315,1006.4055265491106,1014.4055265491106,8.0,10.285320731714757,9.56137642773494,765.5638953973107,1841250,0.3750785984302638,3.7224672744745915,10.802259287209727,15.668387575289458,19.031215802401952,0,0,0,0,0,11,11,1,2
491,2017,7,24,18,42938.75,44.51183570275275,-76.98364732918954,167,315,1006.6010420953265,1012.6010420953265,6.0,9.43722259497379,11.044913328599431,568.4052554969452,1015000,0.19551554621590184,1.932185595524222,1.7178799104477134,8.813836309052556,8.979689408297652,0,0,0,0,0,13,13,1,2
491,2017,7,24,21,42938.875,44.45630614034022,-76.70142966950571,167,314,1007.5843648558472,1012.5816861782234,4.997321322376228,7.9349087070325846,9.535427056785775,578.9819503985461,1053125,0.9833227605206776,9.727297362463373,7.46646369255569,-2.0582018730221727,7.744951582958045,0,0,0,0,0,11,8,2,0
491,2017,7,25,0,42939.0,41.830897029365346,-69.65300384819113,164,287,1007.9653684286019,1013.9653684286019,6.0,10.74032844341705,10.469461502165213,603.0497864728756,1142500,1.3836822503784787,14.373875747864156,26.51536924223464,7.874908532284888,27.660061287782717,0,0,0,0,2,6,6,1,2
491,2017,7,25,3,42939.125,42.0286378474176,-68.68522155265507,166,284,1008.3469025301706,1016.3469025301706,8.0,11.229628741167009,11.32626861618228,729.7754643184811,1673125,0.38153410156868633,3.948227090356879,26.64507732301756,7.329258585984867,27.634727734678652,0,0,0,0,0,5,5,1,1
491,2017,7,25,6,42939.25,42.57169660252199,-67.24072953747975,170,280,1008.5447671272849,1016.5447671272849,8.0,11.382480774211691,6.840378962967079,727.0442591369231,1660625,0.1978645971142396,2.0263433689011645,39.428102483198636,20.128459479172893,44.26883945203804,0,0,0,0,0,5,5,1,1
491,2017,7,25,9,42939.375,42.830564876898585,-66.50702143075989,172,278,1009.110174237726,1015.110174237726,6.0,11.344943230439004,8.82385601283655,496.2784243090848,773750,0.565407110441156,5.762087969071411,19.943767818660486,9.594946259969767,22.13180671649618,0,0,0,0,0,5,5,1,1
491,2017,7,25,12,42939.5,42.97965803476238,-65.50952003329034,174,275,1010.7878189632634,1016.7878189632634,6.0,10.472636206459352,7.42396007435411,552.4306321871637,958750,1.6776447255373932,17.04914839634791,27.048667682160637,5.526134250623226,27.60740087613958,0,0,0,0,0,5,5,1,1
491,2017,7,25,15,42939.625,43.340640980911445,-63.75149687019502,178,270,1011.2517767324144,1017.2517767324144,6.0,10.092601763839786,6.563337540703287,542.2534069623507,923750,0.4639577691510203,4.683422103374095,47.389876735703304,13.379824072327562,49.24246246108727,0,0,0,0,0,4,4,1,2
491,2017,7,25,18,42939.75,43.551687602907435,-62.35402463626132,181,266,1011.5805668582431,1017.5044364594355,5.923869601192418,9.249573724692137,5.746301278467727,559.586767653868,983750,0.3287901258286729,3.3060902032233073,37.53979318327692,7.822437883808736,38.34614200528197,0,0,0,0,0,5,4,2,0
491,2017,7,25,21,42939.875,43.22088508046535,-62.23488199344562,180,265,1011.8401619671151,1017.2372281068403,5.3970661397252115,8.488818921564834,5.784884403549367,540.5999114432898,918125,0.2595951088720176,2.6263056505923688,3.2180370131189986,-12.26118740559451,12.676453715961467,0,0,0,0,0,3,2,2,0
491,2017,7,26,0,42940.0,45.48533670520671,-51.50197851098974,208,239,1011.3548173574355,1017.3548173574355,6.0,9.720743941589172,8.345947209075312,456.61031027604156,655000,0.11758925059519243,1.1424979727741382,53.78903442619415,8.359415382550317,54.434732019550886,0,0,0,0,2,4,4,1,1
491,2017,7,26,3,42940.125,45.7773466573153,-50.06096144312731,212,236,1011.1564114986443,1017.1564114986443,6.0,9.08645957295358,7.455984798064747,458.34978442375404,660000,-0.19840585879122954,-1.9181260823533055,37.251100446660516,10.823341734731983,38.79161263461449,0,0,0,0,0,4,4,1,1
491,2017,7,26,6,42940.25,45.8569030586648,-48.80004206956651,215,233,1010.7926452888049,1016.7926452888049,6.0,8.429727680320147,6.44527740277219,512.2564908546913,824375,-0.3637662098393776,-3.512035892510637,32.549040272555594,2.94875607072052,32.68233750864612,0,0,0,0,0,2,2,1,1
491,2017,7,26,9,42940.375,45.92771428114957,-47.113276582391315,219,229,1011.0967402311173,1017.0967402311173,6.0,7.643124541578032,5.525561991278155,576.2265179818321,1043125,0.3040949423123675,2.9324155294267005,43.48588067999925,2.6246162299354374,43.5650138169331,0,0,0,0,0,1,1,1,1
491,2017,7,26,12,42940.5,45.92771428114957,-47.113276582391315,219,229,,,,7.643124541578032,,0.0,0,0.0,,0.0,0.0,0.0,0,3,0,0,0,1,1,0,0
502,2017,7,26,0,42940.0,16.61838370995171,128.20473989220778,599,548,1000.128089800831,1004.128089800831,4.0,7.709795076951713,4.94275741360063,264.6283714200614,220000,,,,,,3,0,0,0,0,19,19,1,1
502,2017,7,26,3,42940.125,16.61838370995171,128.20473989220778,599,548,999.4090640818363,1005.4090640818363,6.0,8.089336574897485,4.3877927918679775,482.0437914901168,730000,-0.719025718994817,-17.418282622520852,0.0,0.0,0.0,0,0,0,0,0,19,19,1,1
502,2017,7,26,6,42940.25,16.66458001144004,128.46887198738492,598,549,998.033664840828,1002.033664840828,4.0,8.346600825893415,5.454263773961575,230.4733439183804,166875,-1.3753992410082718,-33.22907036485,9.378866457756892,1.7122647850816217,9.533886234199983,0,0,0,0,0,15,15,1,1
502,2017,7,26,9,42940.375,17.27911286178633,128.5562528655347,596,548,997.5389134417298,1003.5389134417298,6.0,8.812489625378618,5.968379488151186,368.3471039465911,426250,-0.4947513990981679,-11.540164985257006,3.0926016175975573,22.77764507164246,22.986633067391256,0,0,0,0,0,12,12,1,1
502,2017,7,26,12,42940.5,17.672569639185813,128.5260440313277,595,547,999.0052973600158,1005.0052973600158,6.0,8.599629001812401,6.101191136884663,412.66910365125227,535000,1.4663839182860101,33.46567042467779,-1.066848103321761,14.583465833579968,14.622436205870605,0,0,0,0,0,13,13,1,1
502,2017,7,26,15,42940.625,17.846365004917047,128.37683165950756,595,546,998.4792508835311,1004.4792508835311,6.0,9.254208220267577,6.033951395451295,323.1801841141507,328125,-0.5260464764847711,-11.892218380234134,-5.264432000339107,6.441720981216272,8.319255584848703,0,0,0,0,0,13,13,1,1
502,2017,7,26,18,42940.75,18.19166024218891,128.07655108518946,595,544,997.1153899838305,1003.1153899838305,6.0,9.889919469301121,5.2116946123111845,289.4050600838035,263125,-1.3638608997005213,-30.266518772240612,-10.573591172923237,12.798359526386658,16.601169743688917,0,0,0,0,0,15,15,1,1
502,2017,7,26,21,42940.875,18.533890395083727,127.77378426352416,595,542,997.109500256065,1003.109500256065,6.0,9.941791899292182,5.631762796390322,306.43338007504707,295000,-0.005889727765606949,-0.12837261876922526,-10.640021257162866,12.684752248898498,16.556358052688193,0,0,0,0,0,16,16,1,1
502,2017,7,27,0,42941.0,18.599241508883896,127.08160429898004,597,539,998.6477168170418,1004.6477168170418,6.0,9.378433975460704,9.464022765412665,355.707997883175,397500,1.5382165609768708,33.41334102691018,-24.31569221789381,2.422237435050054,24.43604145984164,0,0,0,0,0,19,19,1,1
502,2017,7,27,3,42941.125,18.820684186100344,127.19796016095718,596,539,997.7645342129996,1003.7645342129996,6.0,9.826191957009579,8.730353704339578,301.8546089098361,286250,-0.8831826040422311,-18.96691819476678,4.082137910484981,8.20776741635256,9.166858561206094,0,0,0,0,0,18,18,1,1
502,2017,7,27,6,42941.25,19.209131722532454,127.16073666819457,595,538,996.8282279783682,1002.8282279783682,6.0,9.721100918921605,9.389654121909116,272.7726817250237,233750,-0.9363062346313381,-19.716053590621456,-1.3028722685387086,14.397798439609337,14.45662740945288,0,0,0,0,0,21,21,1,1
502,2017,7,27,9,42941.375,19.542129680908378,126.85042915202547,595,536,996.5384919048984,1002.5384919048984,6.0,9.694376645323324,9.008368478612464,260.8423626863268,213750,-0.28973607346983044,-6.0010494219065516,-10.839001834633647,12.342561184799436,16.426283127101797,0,0,0,0,0,17,17,1,1
502,2017,7,27,12,42941.5,19.485801562877892,126.57807107170768,596,535,996.9364888051095,1002.9364888051095,6.0,10.501124863931771,9.960360730817555,245.51972363957924,189375,0.3979969002111466,8.266260501445773,-9.516748330717121,-2.087800317475179,9.743069791182684,0,0,0,0,0,19,19,1,1
502,2017,7,27,15,42941.625,19.650145621219718,126.42152199844068,596,534,997.0067998440547,1005.0067998440547,8.0,10.859576735714715,10.834737618240979,831.5817625070221,2172500,0.07031103894521948,1.448599544140546,-5.464570828833282,6.091408503929318,8.183324013203809,0,0,0,0,0,16,16,1,1
502,2017,7,27,18,42941.75,20.19884318400675,126.22218261386278,595,532,995.8311963580326,1003.8311963580326,8.0,11.056868807164745,9.358082268151993,646.0525042583579,1311250,-1.1756034860221554,-23.58908001880678,-6.934115626536329,20.33746174805081,21.48707308768705,0,0,0,0,0,18,18,1,1
502,2017,7,27,21,42941.875,20.683223768486645,125.74427225544778,595,529,996.0162861530138,1004.0162861530138,8.0,11.044183240777162,8.4393527606735,761.2640386445191,1820625,0.18508979498117697,3.630623834567192,-16.572034995641978,17.953554519763436,24.432815306282258,0,0,0,0,0,17,17,1,1
502,2017,7,28,0,42942.0,20.619876640249334,125.46886784165363,596,528,996.3821688379132,1004.3821688379132,8.0,11.673350285628532,7.931491736784156,662.7726932618989,1380000,0.36588268489940673,7.198045866244538,-9.553915022068947,-2.3479597591637646,9.838201425035322,0,0,0,0,0,16,16,1,1
502,2017,7,28,3,42942.125,20.84312480835471,125.58368001373391,595,528,995.1663929140827,1005.1663929140827,10.0,12.49296141820923,12.990003196980759,755.22945341504,1791875,-1.2157759238305152,-23.673115969425158,3.977021725459923,8.274687892003135,9.180803968871327,0,0,0,0,0,19,19,1,1
502,2017,7,28,6,42942.25,21.54145835558645,125.21279633534391,594,525,993.8383375284674,1001.8383375284674,8.0,12.294305563913422,12.648870358146668,300.86437789062944,284375,-1.3280553856152983,-25.05904127887543,-12.786607144022978,25.88371585262266,28.869777771830684,0,0,0,0,0,18,18,1,1
502,2017,7,28,9,42942.375,21.630882036871352,124.77099171264048,595,523,993.2281615282968,1001.2281615282968,8.0,12.604168154958662,12.234872677468012,278.90317035875347,244375,-0.6101760001706134,-11.468066376905867,-15.222277456392508,3.314486560253665,15.578945796089597,0,0,0,0,0,18,18,1,1
502,2017,7,28,12,42942.5,21.56143130987372,124.49309739901308,596,522,990.7009650211963,1002.7009650211963,12.0,16.25203592026543,20.01466588159092,422.43636200235846,560625,-2.5271965071004523,-47.64353250540299,-9.579382467660208,-2.5741894979710325,9.919224769768055,0,0,0,0,0,17,17,1,1
502,2017,7,28,15,42942.625,21.94047849592046,124.44135328864768,595,521,987.4850517144456,1001.4850517144456,14.0,19.540513605861833,39.83854966545638,274.22747967867946,236250,-3.2159133067507355,-59.630421632223,-1.7789859205092593,14.049374682431203,14.161557819417645,0,0,0,0,0,17,17,1,1
502,2017,7,28,18,42942.75,22.32433967415627,123.66210472707102,596,517,985.1065001559468,999.1065001559468,14.0,20.55752717280015,33.17985407361812,233.47498368984665,171250,-2.37855155849873,-43.38324332795296,-26.717986061293796,14.227805185208313,30.270137422214162,0,0,0,0,0,17,17,1,1
502,2017,7,28,21,42942.875,22.474535133468745,123.4939458192902,596,516,983.3913958462955,999.3913958462955,16.0,22.25633181499462,33.763538582634936,299.8708769569344,282500,-1.7151043096513603,-31.084063089737814,-5.75942093088657,5.566991026865595,8.010138485215869,0,0,0,0,0,19,19,1,1
502,2017,7,29,0,42943.0,22.62393173369508,123.32513119024915,596,515,981.5771359184192,999.5771359184192,18.0,24.601242633780835,51.12611650146523,294.85316288611835,273125,-1.8142599278762646,-32.67529375627071,-5.775622796317994,5.537381334371147,8.001275568782148,0,0,0,0,0,21,21,1,1
502,2017,7,29,3,42943.125,23.147118622639628,123.09649657153126,595,513,980.5741267644994,998.5741267644994,18.0,25.132253279841688,54.07405802944676,265.379091712523,221250,-1.0030091539198474,-17.67786197539215,-7.792139271805479,19.39190924586124,20.89888941142404,0,0,0,0,0,18,18,1,1
502,2017,7,29,6,42943.25,23.66748176003916,122.86470107267779,594,511,979.2183228459378,997.2183228459378,18.0,24.997364681735593,58.88635715265257,254.66770370415514,203750,-1.355803918561578,-23.399674285203545,-7.868867939960627,19.287246963891295,20.830673971397907,0,0,0,0,0,17,17,1,1
502,2017,7,29,9,42943.375,24.32953513228898,122.4553120862903,593,508,979.7670379963552,995.7670379963552,16.0,23.601390149100716,54.42713315401379,231.76452121391375,168750,0.5487151504174108,9.227564615198435,-13.826401047828893,24.53899205403388,28.166140966830046,0,0,0,0,0,18,18,1,1
502,2017,7,29,12,42943.5,25.2674316718917,121.6830631153612,592,503,984.433425373994,994.433425373994,10.0,19.817461222043402,36.29877961386308,182.27340554900803,104375,4.666387377638894,75.74122702903756,-25.884820044579886,34.7631123071033,43.34164147810465,0,0,0,0,0,18,18,1,1
502,2017,7,29,15,42943.625,25.36424879010586,120.74768296364755,594,499,983.0573884409234,997.0573884409234,14.0,21.52027937976623,33.315218991612056,241.0218957450584,182500,-1.376036933070718,-22.25513595202965,-31.327701568790225,3.5885241192536923,31.532560805263614,0,0,0,0,0,16,16,1,1
502,2017,7,29,18,42943.75,25.30849635781138,119.99212477948926,596,496,982.8528315168967,994.8528315168967,12.0,20.8683600810112,34.24035155357502,206.33455182562614,133750,-0.2045569240266923,-3.3151782767937727,-25.316793286824687,-2.0664625397469676,25.400989936535723,0,0,0,0,0,18,18,1,1
502,2017,7,29,21,42943.875,25.672810544656706,119.91489794782251,595,495,983.5722594399267,993.5722594399267,10.0,19.675414947218528,36.422020418751636,186.5881662950577,109375,0.7194279230300162,11.505035120749206,-2.5798411731133903,13.503296427279386,13.747530501201563,0,0,0,0,0,21,21,1,1
502,2017,7,30,0,42944.0,26.299200442439172,119.4678373198371,594,492,989.0488896334034,993.0488896334034,4.0,14.974622718501788,25.171724619020896,105.5502061411188,35000,5.47663019347674,85.63923623822635,-14.855136304107772,23.217126244938054,27.562837765495267,0,0,0,0,0,17,17,1,1
502,2017,7,30,3,42944.125,26.709071046379833,118.43117082040096,595,487,992.8445174885256,992.8445174885256,0.0,11.026148784864544,15.04505770658463,14.104739588693906,625,3.7956278551221474,58.5076668397517,-34.32409036533058,15.191843912980794,37.53578693571978,0,0,0,0,0,14,14,1,1
502,2017,7,30,6,42944.25,26.027396321398413,115.75945641680191,603,477,992.8835109225499,992.8835109225499,0.0,9.177697652139697,6.488394135865966,14.104739588693906,625,0.038993434024305315,0.6156652366142115,-88.98258436713624,-25.266257013252872,92.50018413016413,0,0,0,0,0,14,14,1,1
502,2017,7,30,9,42944.375,26.027396321398413,115.75945641680191,603,477,,,,9.177697652139697,,0.0,0,0.0,,0.0,0.0,0.0,0,3,0,0,0,14,14,0,0
512,2017,7,23,21,42937.875,50.64426451589318,-113.81042150043477,202,429,1004.3009900975102,1008.3009900975102,4.0,9.214585228396345,11.293419258646681,358.49353766379875,403750,,,,,,3,0,0,0,0,16,16,1,1
512,2017,7,24,0,42938.0,51.36650988932013,-113.15410622172227,204,426,1001.2775216589014,1005.2775216589014,4.0,11.04122657427423,7.674868323472619,327.76452917762373,337500,-3.023468438608834,-26.815658538529647,15.187747527345982,26.77000710586053,30.778254586675754,0,0,0,0,0,15,15,1,1
512,2017,7,24,3,42938.125,51.20067980836419,-111.95804053278196,202,423,999.2539057935653,1005.2539057935653,6.0,12.996419319622829,10.58813376792954,375.0375727276702,441875,-2.0236158653360325,-17.989484488764546,27.777975059701102,-6.146487895785382,28.449871913075686,0,0,0,0,0,15,15,1,1
512,2017,7,24,6,42938.25,51.935981275577745,-110.1739449485569,203,417,999.3181505044158,1007.3181505044158,8.0,13.064736483070053,14.742571180196828,520.7304814323977,851875,0.06424471085047116,0.5653343989062178,40.76930613777684,27.253930902816027,49.03991305672593,0,0,0,0,0,17,17,1,1
512,2017,7,24,9,42938.375,51.726918910327186,-107.89443863579135,200,411,998.9352415880934,1006.9352415880934,8.0,13.732151880082828,10.474193188122662,502.8492973419061,794375,-0.3829089163224853,-3.379162797922963,52.331749690827,-7.748891456058012,52.902337798070334,0,0,0,0,0,15,15,1,1
512,2017,7,24,12,42938.5,52.597971525521615,-106.11341823308929,202,405,998.5278970147649,1008.5278970147649,10.0,14.65063035281793,9.97084966036884,598.413420602149,1125000,-0.40734457332844615,-3.5526062967902505,40.09582928148226,32.285543883365165,51.47846024906406,0,0,0,0,0,16,16,1,1
512,2017,7,24,15,42938.625,53.198091238773515,-104.16538475076823,203,399,998.3681294304556,1008.3681294304556,10.0,14.150979543462086,6.72115750775025,618.3605346222206,1201250,-0.15976758430930205,-1.3823985441153797,43.25237843442495,22.243422497666224,48.63679763969244,0,0,0,0,0,19,19,1,2
512,2017,7,24,18,42938.75,54.00049181379802,-103.72844101338806,206,397,997.6841244760711,1003.6841244760711,6.0,13.194115188847865,6.619229358918311,357.1034838143996,400625,-0.6840049543844361,-5.857597323188736,9.519236187099995,29.740957693134032,31.227238464049016,0,0,0,0,0,23,23,1,1
512,2017,7,24,21,42938.875,54.079776682705194,-101.52372170389734,205,391,997.5919623613294,1003.5919623613294,6.0,12.654208407151016,8.92968122839986,375.30271067010347,442500,-0.09216211474180454,-0.7884546347394125,47.93852000020253,2.938691727385236,48.02850829328786,0,0,0,0,0,18,18,1,2
512,2017,7,25,0,42939.0,54.95288436322162,-100.28820523208233,208,387,998.4714457237243,1004.4714457237243,6.0,11.29163918824618,5.799302000749304,417.2238236327841,546875,0.8794833623949672,7.442759944054485,26.297078833253288,32.36171482927498,41.69912399384013,0,0,0,0,0,13,13,1,2
512,2017,7,25,3,42939.125,56.3869905867894,-105.49300016930692,217,399,998.7583541148077,1004.7583541148077,6.0,9.106767141076494,10.48861242371866,419.60118659914343,553125,0.28690839108341604,2.386851850371478,-106.76887121728447,53.1551121100415,119.26884674735544,0,0,1,0,0,12,12,1,1
512,2017,7,25,6,42939.25,56.73591668338186,-103.2293140128241,217,393,999.0307024052787,1005.0307024052787,6.0,10.115585347377296,6.639312959558665,417.4621691670102,547500,0.27234829047098175,2.256630074554196,46.018858662205645,12.93293723832359,47.80163405347642,0,0,0,0,0,10,10,1,1
512,2017,7,25,9,42939.375,56.69432402819524,-99.62299419154944,215,384,999.3471783845827,1005.3471783845827,6.0,10.907041447816557,4.499217393775034,441.3228541654136,611875,0.3164759793039411,2.6235143449763725,73.38947140587513,-1.5416307474761928,73.40566148871167,0,0,0,0,0,9,9,1,1
512,2017,7,25,12,42939.5,56.73271562790179,-99.23712939983676,215,383,999.955322058534,1003.955322058534,4.0,10.829485391053717,5.835527569494661,372.10858696078077,435000,0.6081436739512719,5.039156299667038,7.845325068732759,1.422983704379344,7.973331051512651,0,0,0,0,0,9,9,1,1
512,2017,7,25,15,42939.625,56.75032478095045,-96.08074093281698,214,375,1000.1514603139352,1004.1514603139352,4.0,10.808280249669199,4.286298271370834,405.6185676485321,516875,0.19613825540131075,1.624899126916957,64.13939836332953,0.6526828271725259,64.14271912916357,0,0,0,0,0,8,8,1,1
512,2017,7,25,18,42939.75,56.88506576755904,-93.34337614432714,214,368,999.923906404397,1003.923906404397,4.0,10.766035054186975,2.1194560597281087,410.00903482827596,528125,-0.22755390953825555,-1.8822639141220259,55.42615477447228,4.994171373986136,55.65069973321538,0,0,0,0,0,8,8,1,1
512,2017,7,25,21,42939.875,56.675142785613275,-92.54046740461034,213,366,998.9767135136337,1002.9767135136337,4.0,11.761330161317455,5.717321540797857,345.2061176167894,374375,-0.9471928907632536,-7.853742902209132,16.349501475405145,-7.780790192822408,18.10654286491478,0,0,0,0,0,6,6,1,1
512,2017,7,26,0,42940.0,56.00349918746627,-90.57485475224296,210,361,998.8068842863742,1002.8068842863742,4.0,12.20450429510107,3.0607009837945225,332.88380724771235,348125,-0.16982922725961544,-1.4191913309156003,40.73515222407212,-24.894453542414404,47.73977842317407,0,0,0,0,0,8,8,1,1
512,2017,7,26,3,42940.125,56.223976148412554,-88.26429541107161,211,355,998.3162886819961,1004.3162886819961,6.0,13.020423938254924,4.401569527389511,480.5971401934401,725625,-0.49059560437803157,-4.089119077818642,47.609602012713644,8.171973166412391,48.305852122093356,0,0,0,0,0,9,9,1,1
512,2017,7,26,6,42940.25,56.440953233834236,-87.47673376649706,212,353,997.2549111771804,1003.2549111771804,6.0,14.030798846713127,5.1683163645847525,443.3467657697423,617500,-1.061377504815755,-8.824304326644267,16.136555698372636,8.042250365671375,18.029592916946953,0,0,0,0,0,8,8,1,1
512,2017,7,26,9,42940.375,56.636809330288195,-86.28976878469872,213,350,996.6685648693348,1002.6685648693348,6.0,14.4175228646144,3.573547931771463,460.7308382871884,666875,-0.5863463078455243,-4.86388870566677,24.194402372814196,7.259401426029249,25.260008219354813,0,0,0,0,0,3,3,1,1
512,2017,7,26,12,42940.5,56.60329922066671,-85.51158316375577,213,348,997.357017792262,1001.357017792262,4.0,13.768555888842043,3.0137755858702437,382.9118584262031,460625,0.6884529229272448,5.713089640886429,15.87628159299232,-1.2420513937373523,15.924792271319324,0,0,0,0,0,3,3,1,1
512,2017,7,26,15,42940.625,56.93008660689466,-83.09469370140614,215,342,997.3490049440006,1001.3490049440006,4.0,13.32453145735116,3.7378548338805557,441.77341360298794,613125,-0.008012848261423643,-0.06624616444421375,48.878919414356446,12.112366479994726,50.357305178701246,0,0,0,0,0,3,3,1,1
512,2017,7,26,18,42940.75,56.606489389074255,-81.98018774930182,214,339,998.2545025561726,1002.2545025561726,4.0,12.008265479214803,1.81109873835514,557.4495729542948,976250,0.9054976121720393,7.513947531622367,22.735727650054216,-11.994122965974466,25.705491582546244,0,0,0,0,0,5,5,1,2
512,2017,7,26,21,42940.875,56.76954410921398,-81.14958246997611,215,337,999.0219288324042,1001.855381608018,2.833452775613696,10.832708794295385,3.4175882017756525,510.50584650224977,818750,0.7674262762315629,6.3563131721329205,16.871068529878542,6.043619214995313,17.92088966976022,0,0,0,0,0,6,5,2,0
512,2017,7,27,0,42941.0,55.92035790068418,-79.81484015409869,212,333,999.6354253764497,1003.1760160257292,3.5405906492794745,10.499928035597797,1.980753932938751,615.4581744998688,1190000,0.6134965440454835,5.13175981515482,27.7210521019641,-31.475066055014356,41.94206138004337,0,0,0,0,0,6,5,2,0
512,2017,7,27,3,42941.125,56.62563601502383,-76.01106930374159,217,324,999.1945189442174,1002.3625233178676,3.168004373650183,10.662473211283173,3.7428734994041593,563.4839052433807,997500,-0.44090643223229564,-3.6578984700253745,77.54784303661808,26.141116062670225,81.83535854772038,0,0,0,0,0,5,6,2,0
512,2017,7,27,6,42941.25,57.24837851646288,-75.33733478645783,220,323,998.4058685107501,1002.0553260147971,3.649457504046877,10.844875391947951,3.810538710236724,567.5295728701926,1011875,-0.7886504334672645,-6.4967615795923335,13.509728607624975,23.081935588654815,26.744878342787246,0,0,0,0,0,6,5,2,0
512,2017,7,27,9,42941.375,63.693329745428485,-73.27718695634724,248,326,996.1508882181579,1002.1508882181579,6.0,11.685334892005702,5.11761455224776,600.5704702880486,1133125,0.09556220336089609,0.7385638468530427,-16.0584278509411,59.1355877690129,61.27716414644618,0,0,0,0,2,5,5,1,2
512,2017,7,27,12,42941.5,67.03467914841318,-73.16606917932084,262,330,996.065320705335,1006.065320705335,10.0,12.337168240231232,8.206553936335476,935.1772090304407,2747500,-0.08556751282289042,-0.6438607624922084,1.606961335666324,123.84703391957412,123.85745894135916,0,0,1,1,0,8,8,1,3
512,2017,7,27,15,42941.625,67.25348375404688,-73.00163481263642,263,330,996.6890803390999,1008.2431425199355,11.554062180835608,11.654207952100974,7.478786523388553,1160.8809071694752,4233750,0.6237596337648574,4.685988702915737,2.3565664280131906,8.10998735764386,8.445430733288983,0,0,0,0,0,7,5,2,0
512,2017,7,27,18,42941.75,67.4035027587196,-72.28798794551551,264,329,997.9571930514244,999.342852479249,1.3856594278245757,10.320566371061663,7.012353572029534,218.96444142013897,150625,1.2681127123245097,9.516271451902984,10.16356334852588,5.560450739957622,11.585190217298715,0,0,0,2,0,6,8,2,0
512,2017,7,27,21,42941.875,70.12689387838188,-69.10223450116113,277,328,999.3924050456117,999.3924050456117,0.0,8.329713726302806,7.709675318444498,14.104739588693906,625,1.435211994187266,10.573091295019049,40.13528109297326,100.94242525842962,108.62878994753476,0,0,0,2,0,7,7,1,1
512,2017,7,28,0,42942.0,72.05340509709302,-79.53466157139935,281,345,,,,12.833085991055684,,0.0,0,-1.1703571927723533,,-118.99818252404307,71.40609121483527,138.77823066535632,0,3,3,0,0,6,6,0,0
513,2017,7,21,18,42935.75,74.82361755599439,177.0317659701283,363,427,998.3295216098533,1000.3295216098533,2.0,8.602200671819817,6.014114922292938,141.04739588693906,62500,,,,,,3,0,0,0,0,11,11,1,1
513,2017,7,21,21,42935.875,75.51774821427271,178.66778014613035,361,424,994.8892956594062,998.8892956594062,4.0,11.138537509254732,7.64396616396538,182.81831978578631,105000,-3.4402259504470565,-24.61677893102569,15.16408021850538,25.72793587633296,29.86429328361826,0,0,0,0,0,9,9,1,1
513,2017,7,22,0,42936.0,76.1982576586734,179.534190917235,360,421,990.9771721261089,998.9771721261089,8.0,14.17010358888958,10.571695201780967,260.46073503106066,213125,-3.912123533297272,-27.90982660537847,7.661022296525246,25.22306591702075,26.36084818214753,0,0,0,0,0,9,9,1,1
513,2017,7,22,3,42936.125,76.19459014797918,-178.60281897270363,358,421,988.9366714240165,996.9366714240165,8.0,15.595438373668259,10.236648051940792,247.93869558672074,193125,-2.040500702092395,-14.55754552175947,-16.476783708733024,-0.13593619420345635,16.477344447248303,0,0,0,0,0,11,11,1,1
513,2017,7,22,6,42936.25,76.16162537545377,-175.8150838748816,355,421,988.6136824440259,996.6136824440259,8.0,15.565413025218856,7.775814183530237,277.472888262447,241875,-0.3229889799906232,-2.3046266950663736,24.71192947928587,-1.2218384876063395,24.74211688354483,0,0,0,0,0,14,14,1,1
513,2017,7,22,9,42936.375,75.775439967977,-170.46336424154057,349,422,989.290338954775,995.290338954775,6.0,14.590087523522458,3.7371470122595203,276.03519522924046,239375,0.6766565107491624,4.8362940727566555,48.72528376228387,-14.313952685192756,50.78427432964876,0,0,0,0,0,12,12,1,1
513,2017,7,22,12,42936.5,75.70793234726958,-164.98163936884933,343,421,989.4187971406948,995.4187971406948,6.0,14.079808938506455,3.914471264009626,326.8528041036741,335625,0.12845818591973512,0.9184092605297292,50.14003733802348,-2.5021683108367148,50.20243211751941,0,0,0,0,0,11,11,1,1
513,2017,7,22,15,42936.625,76.59258290657033,-155.79411495550366,335,414,988.1026889754169,994.1026889754169,6.0,14.852244056202561,6.746916833042997,302.5129621649952,287500,-1.3161081652779831,-9.373737916972432,78.88120475225739,32.78955134917132,85.42481572030165,0,0,0,0,0,10,10,1,1
513,2017,7,22,18,42936.75,76.5963570701749,-151.50436138175502,331,412,987.1814440378394,995.1814440378394,8.0,15.435160221021537,7.37962185986631,352.0538480585229,389375,-0.9212449375774304,-6.561294320281354,36.84951487985906,0.13988928171849913,36.849780404937206,0,0,0,0,0,15,15,1,1
513,2017,7,22,21,42936.875,76.5699597585638,-149.36458244969722,329,411,987.014628702717,995.014628702717,8.0,15.360915547384169,6.707881860402194,339.39415148578985,361875,-0.16681533512237365,-1.188223417450038,18.419559539522414,-0.9784157094030003,18.445527125306498,0,0,0,0,0,15,15,1,1
513,2017,7,23,0,42937.0,76.5248251530644,-147.23611150941633,327,410,987.0572384512936,995.0572384512936,8.0,15.264980216180396,6.720359843969128,322.25548927436705,326250,0.04260974857665133,0.3035658696958281,18.38266785818233,-1.6729130492127862,18.45863255104441,0,0,0,0,0,11,11,1,1
513,2017,7,23,3,42937.125,76.69485367900181,-143.22672246410818,324,407,988.7154685435775,994.7154685435775,6.0,13.506890666182523,3.4557636141821417,297.5398075802073,278125,1.658230092283775,11.805434115732146,34.19359161043229,6.302103156364763,34.76950116717938,0,0,0,0,0,6,6,1,1
513,2017,7,23,6,42937.25,76.98307191211023,-137.09525256462385,320,402,989.8443902000653,995.8443902000653,6.0,12.942787771670655,3.389477885676752,324.1022407214287,330000,1.1289216564878006,8.02768150103298,51.1652396537138,10.682801762705093,52.268575667634394,0,0,0,0,0,7,7,1,1
513,2017,7,23,9,42937.375,75.87191434076816,-133.71267105847497,314,403,990.7024678318502,996.7024678318502,6.0,12.441601567155104,2.8671727863324485,341.4395932149834,366250,0.8580776317849813,6.130364533145656,30.598728080658365,-41.185028211975904,51.30778409730167,0,0,0,0,0,9,9,1,1
513,2017,7,23,12,42937.5,75.8182382321356,-129.86362150757225,311,400,991.6066499676637,997.6066499676637,6.0,11.615722187098639,2.7658641974437344,365.0921319878893,418750,0.9041821358134621,6.461275387851662,34.946555670954474,-1.9895036539881195,35.00314097409477,0,0,0,0,0,10,10,1,1
513,2017,7,23,15,42937.625,75.9257906529646,-127.87498365109822,310,398,992.4749326064973,998.4749326064973,6.0,10.722946302155298,2.157707007662684,383.1715477462718,461250,0.8682826388336252,6.201807057662837,17.9235460897582,3.9864278481753748,18.3615116866884,0,0,0,0,0,12,12,1,1
513,2017,7,23,18,42937.75,75.56682004686985,-126.78079075110094,308,398,993.6101840009328,999.6101840009328,6.0,9.595526176466084,2.53307640167448,428.0503804863915,575625,1.1352513944354723,8.12157763140695,10.108527501010666,-13.305236737419344,16.709627550530932,0,0,0,0,0,14,14,1,1
513,2017,7,23,21,42937.875,74.44053262529229,-120.8219355852931,300,395,994.4650246262228,998.4650246262228,4.0,10.328390248966834,6.169555667723907,349.7861668246681,384375,0.854840625289944,6.147811075240977,59.2196449788518,-41.745815741001806,72.45467192185001,0,0,0,0,0,14,14,1,1
513,2017,7,24,0,42938.0,74.46992536240957,-118.97413255155026,299,393,994.7749067069282,996.7749067069282,2.0,10.05131010710286,3.674165383288637,232.19331810450433,169375,0.30988208070542894,2.2282804477359983,18.33673095578115,1.0894410825459888,18.369065953854093,0,0,0,0,0,13,13,1,1
513,2017,7,24,3,42938.125,74.38190869331116,-116.01237591212984,297,390,995.056334153009,997.056334153009,2.0,9.920201495038908,3.604621961898374,224.7925586661551,158750,0.2814274460807792,2.024537303849342,29.5516609541004,-3.262335687965068,29.73118731714347,0,0,0,0,0,13,13,1,1
513,2017,7,24,6,42938.25,74.36891021424367,-114.17144420979318,296,388,995.2533051094078,997.2533051094078,2.0,9.89409481127727,3.1388489958188437,224.7925586661551,158750,0.19697095639887266,1.4170627510162208,18.384423937750917,-0.48178830880081297,18.390735806308733,0,0,0,0,0,15,15,1,1
513,2017,7,24,9,42938.375,74.25239376297952,-113.09129517181809,295,387,995.663549692499,997.663549692499,2.0,9.243438832113517,3.475942337494707,243.48555665938588,186250,0.41024458309126205,2.9530977139850267,10.865548873367894,-4.318679417066359,11.692354092608507,0,0,0,0,0,14,14,1,1
513,2017,7,24,12,42938.5,74.33970202596784,-112.33544256530391,295,386,996.0779980211416,998.0779980211416,2.0,8.40570846567939,2.445658654374347,291.80112157797475,267500,0.41444832864261116,2.98207997208879,7.562308333443741,3.2360786328163242,8.225613183699013,0,0,0,0,0,14,14,1,1
513,2017,7,24,15,42938.625,73.95520284874371,-103.35534096290745,290,376,995.7155066186563,997.7155066186563,2.0,9.150111228661888,2.8476231365135756,277.1141642750141,241250,-0.3624914024854661,-2.6132093421374583,91.90830509690808,-14.251452602109927,93.00666883109257,0,0,0,0,0,17,17,1,1
513,2017,7,24,18,42938.75,74.22661494141931,-102.75002583581637,291,375,995.0288911590288,997.0288911590288,2.0,9.013358346497457,3.5896957011466295,269.1012803886529,227500,-0.6866154596273555,-4.943148834399029,6.09882191050123,10.059882578502958,11.764219744176714,0,0,0,0,0,21,21,1,1
513,2017,7,24,21,42938.875,74.61441002862824,-103.93483511450137,293,376,994.8798631023633,996.8798631023633,2.0,8.694733329728779,4.459470258626024,263.498280684788,218125,-0.14902805666555652,-1.0708744903581313,-11.651035994968913,14.373615425105513,18.50263387047618,0,0,0,0,0,16,16,1,2
513,2017,7,25,0,42939.0,74.49937235539122,-105.54632727307906,293,378,993.3694532609159,1001.3694532609159,8.0,9.989452197159668,5.631049490321384,745.1522043930688,1744375,-1.5104098414473992,-10.859409951975644,-15.96226808745895,-4.263868545650236,16.521942303206846,0,0,2,0,0,11,11,1,2
513,2017,7,25,3,42939.125,74.43727010137432,-106.34288254344187,293,379,993.7051782840199,1001.7051782840199,8.0,9.549160245996886,5.47769693596747,773.5777827895049,1880000,0.3357250231040234,2.4144930439923193,-7.9211113406437255,-2.3018185266234723,8.248780115894816,0,0,0,0,0,8,8,1,2
513,2017,7,25,6,42939.25,74.00277379464607,-105.89014444310892,291,379,993.9699981546862,1001.9699981546862,8.0,9.69073834529467,4.490421653168742,779.8530799387183,1910625,0.2648198706662515,1.9086378082186997,4.624603075328565,-16.104594984660054,16.75544488291123,0,0,0,0,0,9,9,1,2
513,2017,7,25,9,42939.375,74.66066033198405,-98.84181456019168,292,370,994.4132040635222,1002.4132040635222,8.0,9.729177186426439,4.496141150111653,789.487521043642,1958125,0.4432059088360984,3.184049130612264,69.06830063870609,24.38454841991317,73.24640847687877,0,0,0,0,0,8,8,1,2
513,2017,7,25,12,42939.5,73.68194878198558,-103.94059117029002,289,377,994.1291560902686,1001.7463581352157,7.617202044947189,10.564595374275303,4.95495201490281,713.510248150088,1599375,-0.2840479732537642,-2.0505445419606088,-53.08309443268441,-36.275919669420716,64.29430194357472,0,0,0,0,0,8,6,2,0
513,2017,7,25,15,42939.625,73.56398083647844,-102.23150092123018,288,375,994.7493918693317,1003.0038919992887,8.254500129957014,10.339840630843518,3.647480640698486,805.3299901900298,2037500,0.6202357790632231,4.480196998077183,17.923182313366013,-4.372479015692207,18.44882210280171,0,0,0,0,0,9,5,2,0
513,2017,7,25,18,42939.75,73.69441464579073,-99.91652612090726,288,372,995.2230354369326,1003.2304516735066,8.007416236574063,10.282690613719094,4.016263664333965,807.0573737991506,2046250,0.4736435676008114,3.4190189229649293,24.088980923444815,4.834525952817283,24.569323212464607,0,0,0,1,0,9,6,2,0
513,2017,7,25,21,42939.875,73.70377011859307,-91.97493401088198,287,362,995.0174877625227,1002.4571204283045,7.439632665781828,10.829266281442347,6.400840526562751,682.5877935485835,1463750,-0.20554767440989963,-1.4836849472517002,82.53612723210078,0.34676037066024956,82.53685565387252,0,0,1,0,0,5,4,2,0
513,2017,7,26,0,42940.0,74.1559335473467,-92.0309142368531,289,362,994.7315995841237,1002.5244545805527,7.792854996428941,11.717400997583473,6.035685912310073,663.522690891544,1383125,-0.2858881783988909,-2.0589130128741417,-0.5664911767745452,16.759426430537395,16.768997779651556,0,0,0,0,0,9,7,2,0
513,2017,7,26,3,42940.125,75.22322961622473,-95.66728567823912,294,366,995.4185456220812,1002.9716594092881,7.553113787206967,11.706542838939193,3.420925868575505,674.2301581850415,1428125,0.6869460379573866,4.922090677706061,-34.371265746275206,39.55930269563913,52.40536555321671,0,0,0,0,0,10,8,2,0
513,2017,7,26,6,42940.25,75.10701454724992,-99.10733431225441,294,370,995.6889257435955,1003.4671021270046,7.778176383409154,12.176269960129842,3.3652399106793753,697.2935903518261,1527500,0.27038012151431756,1.9383627821223575,-32.76611626362056,-4.307508689882006,33.048040881639395,0,0,0,0,0,9,7,2,0
513,2017,7,26,9,42940.375,74.80691123937032,-100.64566334496033,293,372,996.4161449030646,1002.1820789936968,5.765934090632218,12.286218927231982,3.1421087618370804,556.1990836336137,971875,0.7272191594690958,5.22079889912136,-14.942480897254296,-11.123321768486552,18.628097662673348,0,0,0,0,0,5,4,2,0
513,2017,7,26,12,42940.5,73.09407752877499,-98.02240364732751,285,370,997.3476603258954,1002.1778735982164,4.83021327232098,11.713339104605533,3.5880441306200375,521.1123886941726,853125,0.9315154228308529,6.745233335302466,28.27263693093728,-63.4861396013255,69.49699216878086,0,0,0,0,0,5,4,2,0
513,2017,7,26,15,42940.625,72.67467292203398,-97.07892160461223,283,369,997.9989011675518,1002.5306746619534,4.531773494401568,11.28917010601148,3.2410621827341672,524.3473697762288,863750,0.6512408416563994,4.726367730925948,10.413891306822395,-15.545221493651969,18.711040682896563,0,0,0,0,0,6,4,2,0
513,2017,7,26,18,42940.75,72.44973079792013,-96.98848972998347,282,369,998.8482327686115,1001.9030661945329,3.054833425921388,10.670138194802362,2.948661258795182,438.6097781198323,604375,0.8493316010596754,6.1716135464746795,1.0107265057924137,-8.33747433003711,8.398514527792347,0,0,0,0,0,8,7,2,0
513,2017,7,26,21,42940.875,75.67252692757445,-84.15543412261313,296,353,999.5750726364117,1003.5750726364117,4.0,9.152048688787637,14.312886695474953,493.6658856042868,765625,1.6720064418789116,11.955861375192422,0.0,0.0,0.0,0,0,1,0,2,7,7,1,1
513,2017,7,27,0,42941.0,75.67252692757445,-84.15543412261313,296,353,,,,9.152048688787637,,0.0,0,0.0,,0.0,0.0,0.0,0,3,0,0,0,7,7,0,0
520,2017,7,27,0,42941.0,60.43745897501403,37.52844082340763,439,256,1000.4877446584852,1004.4877446584852,4.0,7.945717289049907,6.885908326000427,555.4832544005374,969375,,,,,,3,0,0,0,0,4,4,1,1
520,2017,7,27,3,42941.125,61.31152992315488,38.27148790623132,438,260,999.168957209545,1003.168957209545,4.0,9.603537118297549,6.9283782027955025,249.5383166664071,195625,-1.3187874489401292,-10.415391990389173,13.220912982788507,32.39741832022019,34.99121681099136,0,0,0,0,0,4,4,1,1
520,2017,7,27,6,42941.25,61.67354797327202,38.83852189632938,438,262,999.075822683891,1003.075822683891,4.0,10.015228924835988,6.749482117865992,230.04134101951155,166250,-0.09313452565402258,-0.7330289974642319,9.972470498015989,13.418190175594246,16.7181935454227,0,0,0,0,0,4,4,1,1
520,2017,7,27,9,42941.375,62.17856072854858,39.05996274769937,437,264,999.0156901798258,1005.0156901798258,6.0,9.917459238405383,5.956080510694883,395.1844985686082,490625,-0.06013250406525913,-0.4710619573223831,3.830676104228524,18.71828542584807,19.106236905759953,0,0,0,0,0,3,3,1,1
520,2017,7,27,12,42941.5,62.38784599260925,40.015885017421304,438,266,999.7245262969631,1003.7245262969631,4.0,8.99754972713853,4.53439390686879,276.03519522924046,239375,0.7088361171372526,5.542186441138342,16.42166168415452,7.757153195004212,18.161618819906796,0,0,0,0,0,4,4,1,1
520,2017,7,27,15,42941.625,62.93583812515164,41.6136656712163,439,270,1000.0804622151339,1004.0804622151339,4.0,8.53393693505355,3.0022711012100625,301.8546089098361,286250,0.35593591817087145,2.769234256336662,26.94447064429062,20.311314993282238,33.74246604884372,0,0,0,0,0,4,4,1,1
520,2017,7,27,18,42941.75,62.95318732340626,42.28979689982542,440,271,1000.2126986599397,1006.2126986599397,6.0,8.720511890554704,2.125923430219773,468.4387663163145,689375,0.13223644480589428,1.0286600626480662,11.395547019410849,0.6430476090881849,11.41367609927483,0,0,0,0,0,4,4,1,1
520,2017,7,27,21,42941.875,63.95965547703566,44.29701957726442,440,277,1000.7017176272278,1006.7017176272278,6.0,8.459198964839302,1.9013967382659758,491.84907593659347,760000,0.48901896728799327,3.770816691911021,32.65951577270199,37.304717504301706,49.5811044510217,0,0,0,0,0,4,4,1,1
520,2017,7,28,0,42942.0,63.78645764683449,46.74628162028564,444,280,1000.2131046711397,1006.2131046711397,6.0,9.56833219021666,2.3734939983666847,436.56390637860187,598750,-0.4886129560880363,-3.7732762659683785,40.09750657222229,-6.419573341405131,40.60813902649429,0,0,0,0,0,3,3,1,1
520,2017,7,28,3,42942.125,64.43697533174357,46.78991060824607,442,282,1000.3733857083967,1006.3733857083967,6.0,9.305171945542943,2.1702010915702705,449.5851173323102,635000,0.16028103725693654,1.2309564752259363,0.6977877506200151,24.111422084817537,24.121517006547126,0,0,0,0,0,3,3,1,1
520,2017,7,28,6,42942.25,63.889850441160824,49.2104984033022,447,284,1000.321920001072,1006.321920001072,6.0,9.700042699716834,2.516247504001731,444.46717889267717,620625,-0.051465707324678076,-0.39708784106464934,39.48281856782055,-20.279170691253547,44.38623351878859,0,0,0,0,0,4,4,1,1
520,2017,7,28,9,42942.375,64.36394052753805,49.64507842589161,446,286,999.9625080163767,1005.9625080163767,6.0,9.63673408544438,3.102377716826741,432.6730888463505,588125,-0.35941198469532537,-2.761966076454513,6.969034069502712,17.572137459209248,18.90363591342243,0,0,0,0,0,5,5,1,1
520,2017,7,28,12,42942.5,64.44713437346107,51.458816378718666,448,289,1000.2011892470758,1006.2011892470758,6.0,9.053861074258295,3.074714673384806,463.5290424278275,675000,0.23868123069914873,1.8329136126734258,28.99659270967359,3.0835778648962817,29.16008986988164,0,0,0,0,0,4,4,1,1
520,2017,7,28,15,42942.625,64.64087384089817,53.69130753588485,450,293,999.6892899325715,1005.6892899325715,6.0,9.161049819678128,4.878634946329621,455.73808348098737,652500,-0.5118993145044078,-3.92472481492639,35.43803018560355,7.180948623274855,36.15826332342113,0,0,0,0,0,6,6,1,1
520,2017,7,28,18,42942.75,64.64087384089817,53.69130753588485,450,293,1000.0366073058271,1004.0366073058271,4.0,8.849373105569901,5.224612175500152,317.27827140480923,316250,0.3473173732557916,2.6628773957077043,0.0,0.0,0.0,0,0,0,0,0,5,5,1,1
520,2017,7,28,21,42942.875,64.66544407208939,55.530927852674836,452,296,1000.7810937980529,1004.7810937980529,4.0,8.05483203489775,4.973464194516782,390.8820095223359,480000,0.7444864922256965,5.7068080414203735,29.17575202958642,0.9106950183156678,29.189961834649615,0,0,0,0,0,4,4,1,1
520,2017,7,29,0,42943.0,64.66544407208939,55.530927852674836,452,296,,,,8.05483203489775,,0.0,0,0.0,,0.0,0.0,0.0,0,3,0,0,0,4,4,0,0
529,2017,7,27,0,42941.0,70.55114520472874,158.6293777306568,391,440,996.3639838650557,1000.3639838650557,4.0,8.704815492558552,2.304820423553465,672.4574202578536,1420625,,,,,,3,0,0,0,0,11,11,1,1
529,2017,7,27,3,42941.125,70.3392252186032,158.86833001330737,391,441,995.6170541919163,999.6170541919163,4.0,8.533914460593293,2.8197076329823174,672.3094811029982,1420000,-0.7469296731395297,-5.495247440485835,2.9798608286418213,-7.854809103915065,8.401047352385351,0,0,0,0,0,11,11,1,1
529,2017,7,27,6,42941.25,70.4200708506266,159.4824858973471,390,441,995.4622469523933,999.4622469523933,4.0,8.246593675289933,2.6399560066798586,694.8642375349573,1516875,-0.15480723952292463,-1.1383619026884317,7.62856476817266,2.996541374125164,8.19599052153241,0,0,0,0,0,14,14,1,2
529,2017,7,27,9,42941.375,69.60029325696861,167.5740571345725,379,448,995.4386983219844,999.3732509495874,3.9345526276029705,10.349085422469726,4.067959183911225,671.5692964889464,1416875,-0.023548630408913595,-0.17406649071195535,104.46383880275762,-30.38503646388455,108.79312505080513,0,0,0,1,0,13,11,2,0
529,2017,7,27,12,42941.5,69.64808596171419,168.19293657840146,378,448,995.3546331073453,997.298256477006,1.9436233696607814,10.148651512661507,3.6664060850866367,413.63216004535656,537500,-0.08406521463912213,-0.6211997842566547,7.977726530822247,1.7714354327762363,8.172031821590044,0,0,0,0,0,15,10,2,0
529,2017,7,27,15,42941.625,70.4070096239851,169.07719528013072,376,445,995.6459739305978,996.7796175939546,1.1336436633567792,9.130754574147197,2.2284217532048207,371.573563554001,433750,0.29134082325253985,2.142523806616898,10.990560020635783,28.12948698501195,30.200338534644846,0,0,0,0,0,12,9,2,0
529,2017,7,27,18,42941.75,70.16815353751535,173.15722658736908,370,447,995.7834573606061,996.596051271127,0.812593910520809,9.557814689715899,3.102309043031637,358.7709021444888,404375,0.13748343000828755,1.0125660632345472,51.29555482904618,-8.85319500453745,52.05394324168007,0,0,0,0,0,14,10,2,0
529,2017,7,27,21,42941.875,81.05817395928354,164.74488129694222,370,398,994.4174057658581,996.4174057658581,2.0,13.047015324638052,3.9020753490116475,225.6758334191025,160000,-0.1786455052687961,-1.2529195190426305,-0.6575385027982821,34.32354125340409,34.329838931413505,0,0,0,0,2,10,10,1,1
529,2017,7,28,0,42942.0,82.13548150063673,162.59729586864373,370,393,994.1266535301661,996.1266535301661,2.0,13.810247327523617,3.8561531973288954,176.73188049071527,98125,-0.29075223569205266,-2.033517049976748,-10.891159691257169,39.930377678132594,41.38903744880732,0,0,0,0,0,7,7,1,1
529,2017,7,28,3,42942.125,82.82376758830202,157.03622694014544,372,389,993.6942377098994,997.6942377098994,4.0,14.333344034227938,4.327803874408855,298.87407349973716,280625,-0.4324158202666149,-3.0195177519568706,-25.739017051374258,25.511307009471004,36.239809382810215,0,0,0,0,0,7,7,1,1
529,2017,7,28,6,42942.25,83.33924507571125,153.0041616059134,373,386,993.3048824996278,999.3048824996278,6.0,15.149993229656324,4.043263253969999,458.7836224616476,661250,-0.3893552102717513,-2.7158632036143397,-17.331056170490264,19.106160466463905,25.79555922547439,0,0,0,0,0,8,8,1,1
529,2017,7,28,9,42942.375,83.31666404568749,148.70696100407983,375,385,993.275375803474,999.275375803474,6.0,15.514472792393642,4.0188302531583755,382.6519928662906,460000,-0.029506696153694067,-0.20582707720753263,-18.532511739230006,-0.8369653256836251,18.55140162686083,0,0,0,0,0,9,9,1,1
529,2017,7,28,12,42942.5,83.25681583476243,144.46232220802563,377,384,993.4259066925636,1001.4259066925636,8.0,15.583895186332947,4.051695898457401,526.8077752050482,871875,0.15053088908956852,1.0501732367911625,-18.469105223220353,-2.2182724745403015,18.601843470949014,0,0,0,0,0,8,8,1,1
529,2017,7,28,15,42942.625,83.16067384618695,140.31454566994478,379,383,993.2651558690872,1003.2651558690872,10.0,15.56440981666039,4.141763489290315,642.6562668514705,1297500,-0.16075082347641,-1.121696359962283,-18.303932194301243,-3.5635004557041277,18.64758615133286,0,0,0,0,0,10,10,1,1
529,2017,7,28,18,42942.75,83.18274072411718,137.66300076606714,380,382,992.9037863674806,1002.9037863674806,10.0,15.781705303998594,3.806587949183668,599.9075887722611,1130625,-0.36136950160653214,-2.5214686458378073,-11.665046238155679,0.8179082909091195,11.693685377615042,0,0,0,0,0,8,8,1,1
529,2017,7,28,21,42942.875,83.02973198931544,133.69804732742114,382,381,993.0915889549002,1005.0915889549002,12.0,15.59783339692446,3.683376114767016,722.6528606601386,1640625,0.18780258741957367,1.3108224425385686,-17.830827590707145,-5.671265014085999,18.711003699147703,0,0,0,0,0,10,10,1,1
529,2017,7,29,0,42943.0,82.69883336395529,131.26860300083956,384,381,993.4307263868707,1005.4307263868707,12.0,15.084610225534822,3.188721399347123,757.7278252802997,1803750,0.3391374319704482,2.368819785652945,-11.442799469224767,-12.264749457901782,16.77384091250399,0,0,0,0,0,11,11,1,1
529,2017,7,29,3,42943.125,82.35586998697971,129.05313694602648,386,381,993.673092841905,1003.673092841905,10.0,14.496601276040375,2.760538664989144,622.8484356458599,1218750,0.24236645503435283,1.6942199446333541,-10.922411344536336,-12.711929181523624,16.75983929204955,0,0,0,0,0,8,8,1,1
529,2017,7,29,6,42943.25,82.31652157195859,126.70285503016314,387,380,993.7269303639091,1003.7269303639091,10.0,14.157879543150445,2.792645206854504,643.1204462307686,1299375,0.05383752200403251,0.37637647934363805,-11.646262022209541,-1.458448040617592,11.737226664640227,0,0,0,0,0,9,9,1,1
529,2017,7,29,9,42943.375,82.13548150063673,125.72739822279969,388,380,994.4637124650596,1004.4637124650596,10.0,13.278688706797697,2.4681554881767807,703.5423747122802,1555000,0.736782101150602,5.153043660150247,-4.947109485248988,-6.710245816786984,8.336743439781971,0,0,0,0,0,11,11,1,1
529,2017,7,29,12,42943.5,81.82209192911196,126.08507304285213,389,381,994.7822254079448,1002.7822254079448,8.0,12.498762895598336,2.574425399182728,579.8403377496506,1056250,0.318512942885136,2.2293927564021576,1.8857989531454762,-11.615776805621719,11.767859129412797,0,0,0,0,0,12,12,1,1
529,2017,7,29,15,42943.625,81.7669396318418,123.90627698844216,390,380,994.7959241582536,1002.7959241582536,8.0,11.713787856831148,2.395373106149127,629.2041965380473,1243750,0.013698750308831222,0.09589605316036881,-11.563724985531271,-2.044218549744827,11.743021971371808,0,0,0,0,0,12,12,1,1
529,2017,7,29,18,42943.75,81.57971479655522,123.05582281155367,391,380,995.4429668889226,1001.4429668889226,6.0,10.119831939172908,2.225523338395578,542.4368175567929,924375,0.6470427306689089,4.531692686018512,-4.615837176733969,-6.939483941910072,8.33441001044148,0,0,0,0,0,13,13,1,1
529,2017,7,29,21,42943.875,81.57971479655522,123.05582281155367,391,380,995.7964908622508,999.7964908622508,4.0,9.124240001937704,2.075678059227648,387.55964385237047,471875,0.35352397332826513,2.4759755860446813,0.0,0.0,0.0,0,0,0,0,0,15,15,1,1
529,2017,7,30,0,42944.0,81.57971479655522,123.05582281155367,391,380,,,,9.124240001937704,,0.0,0,0.0,,0.0,0.0,0.0,0,3,0,0,0,15,15,0,0
534,2017,7,27,21,42941.875,71.29869328979831,-78.55493622107899,278,343,997.711071836124,999.711071836124,2.0,13.08347602493302,5.340392570035183,197.9694540487982,123125,0.36821935687505175,2.693296611964899,-12.447614507654585,19.9671548834821,23.5293514800586,2,0,0,2,0,8,8,1,1
534,2017,7,28,0,42942.0,72.05340509709302,-79.53466157139935,281,345,998.2220478528393,1002.2220478528393,4.0,12.833085991055684,3.684524993102022,393.4185838987124,486250,0.5109760167152854,3.721204088758145,-11.18916819108922,27.973374683305714,30.12817910164987,0,0,3,0,0,6,6,1,1
534,2017,7,28,3,42942.125,72.47587869333726,-83.74096369487775,282,351,997.909323492893,1001.909323492893,4.0,13.68163461885302,6.14942339468791,372.37581039698836,435625,-0.3127243599462963,-2.272063787149053,-46.93499213960412,15.658973514547155,49.47824712612594,0,0,0,0,0,6,6,1,1
534,2017,7,28,6,42942.25,72.72471699254068,-84.40066066347944,283,352,998.314829939559,1004.314829939559,6.0,13.494922686665333,5.635660044902034,525.2950433666526,866875,0.4055064466659678,2.9421546224295962,-7.261198615488683,9.22318547542674,11.738490347898129,0,0,0,0,0,7,7,1,1
534,2017,7,28,9,42942.375,72.95018048288159,-84.32697786007468,284,352,998.6154322749956,1006.6154322749956,8.0,13.728278361374986,5.330446829179782,626.5108765220177,1233125,0.3006023354365607,2.1783731964882547,0.8007526999861792,8.356798756495,8.395075362561764,0,0,0,0,0,8,8,1,1
534,2017,7,28,12,42942.5,73.17554333124266,-84.25133658271224,285,352,998.6887534532318,1006.6887534532318,8.0,13.909175267010797,6.0533169523683314,610.5902506532223,1171250,0.07332117823621957,0.5307000908081039,0.8114872408746484,8.353068463972757,8.392393240662555,0,0,0,0,0,7,7,1,1
534,2017,7,28,15,42942.625,72.11031839847719,-87.47917209228984,280,356,998.485558204754,1008.485558204754,10.0,14.065259897705616,5.564734790489674,693.861443555544,1512500,-0.2031952484777139,-1.4793026438720305,-36.74713142063629,-39.48253608627067,53.93720722700778,0,0,0,0,0,8,8,1,1
534,2017,7,28,18,42942.75,72.3368554242502,-87.44710185282825,281,356,997.8108078341004,1007.8108078341004,10.0,14.983369607070518,6.633218679143976,625.0803030736156,1227500,-0.6747503706536372,-4.906096527585016,0.3606703205348353,8.396589321035417,8.404331936938279,0,0,0,0,0,7,7,1,1
534,2017,7,28,21,42942.875,73.69441464579073,-87.23614262908745,287,356,997.9779746071264,1009.963518962303,11.98554435517668,15.445194388546964,6.992194823830506,725.6748017916211,1654375,0.16716677302596508,1.206701408744686,2.1953191477466554,50.3178993516144,50.365766362874496,0,0,0,1,0,9,8,2,0
534,2017,7,29,0,42943.0,75.06960454473105,-89.56921278299137,293,359,997.0763986603852,1011.0763986603852,14.0,16.584969537598592,7.068307345255817,784.1778569758972,1931875,-0.9015759467412136,-6.464547522094257,-22.278499129137106,50.97137997833575,55.627449162646755,0,0,1,0,0,9,9,1,1
534,2017,7,29,3,42943.125,75.29200999865051,-91.3118877825041,294,361,995.8166599459032,1011.8166599459032,16.0,17.886281760190304,11.049474577574074,827.9854572203182,2153750,-1.2597387144819367,-9.02340143356441,-16.398906619627464,8.243452711307913,18.354254300374922,0,0,0,0,0,6,6,1,1
534,2017,7,29,6,42943.25,75.26102005492739,-93.93017554572549,294,364,995.452489631747,1011.452489631747,16.0,18.44160549706995,8.012156947805998,761.2640386445191,1820625,-0.3641703141562175,-2.608891818633716,-24.6882369732368,-1.1486415063375703,24.7149432966531,0,0,0,0,0,7,7,1,1
534,2017,7,29,9,42943.375,74.97478911383497,-96.43473915103672,293,367,995.4852668955192,1011.4852668955192,16.0,18.735681927178913,7.930740111560007,718.9267540514334,1623750,0.03277726377215004,0.23512607033087327,-24.06424882834465,-10.609142832724224,26.299087119472997,0,0,0,0,0,9,9,1,1
534,2017,7,29,12,42943.5,74.69377960772015,-98.01123161285602,292,369,995.952823592026,1011.952823592026,16.0,18.342351717167634,6.523050955522486,734.2597426822442,1693750,0.4675566965067992,3.358456411532157,-15.424468992646649,-10.415610472953873,18.611802310077987,0,0,0,0,0,11,11,1,1
534,2017,7,29,15,42943.625,74.40142617685385,-99.53012783259996,291,371,996.9147808660776,1010.9147808660776,14.0,17.24822522784172,6.579522946286016,619.0036554768785,1203750,0.9619572740516742,6.919485253622247,-15.137847112873075,-10.836072766487996,18.61652191504478,0,0,0,0,0,11,11,1,1
534,2017,7,29,18,42943.75,73.8762210322825,-100.84030545433056,289,373,997.6460045327221,1009.6460045327221,12.0,16.059410097489916,6.992314993222753,497.87932660999996,778750,0.7312236666445097,5.273504862379234,-13.485962768762311,-19.466715841318763,23.681727501326716,0,0,0,0,0,12,12,1,1
534,2017,7,29,21,42943.875,73.83215495674874,-101.62216796356957,289,374,998.8524657177726,1010.8524657177726,12.0,15.01618713187768,7.079983636541947,554.945776524894,967500,1.2064611850504299,8.702803215397248,-8.069405722369526,-1.6333080121630712,8.233043409019906,0,0,0,0,0,14,14,1,1
534,2017,7,30,0,42944.0,73.07301876633028,-102.65255650055796,286,376,999.759913757707,1009.759913757707,10.0,13.671767858082424,5.543244428745311,490.63413194201206,756250,0.9074480399343884,6.571692621373244,-11.119371886589644,-28.137364335603372,30.254779835701413,0,0,0,0,0,11,11,1,1
534,2017,7,30,3,42944.125,72.85192950829203,-102.48808576894852,285,376,1000.3307078580368,1008.3307078580368,8.0,13.086010663531624,6.165879293562393,401.42792613437354,506250,0.5707941003298038,4.138552831689463,1.7973875643457553,-8.194667943154505,8.38946868133071,0,0,0,0,0,10,10,1,1
534,2017,7,30,6,42944.25,72.35995246966367,-102.88516939970326,283,377,1001.2038350574226,1009.2038350574226,8.0,12.182274377458114,5.240597531643943,450.46925804339475,637500,0.8731271993857809,6.347676193395168,-4.460044828453597,-18.235116907029198,18.772626041255865,0,0,0,0,0,9,9,1,1
534,2017,7,30,9,42944.375,71.69598906579358,-102.41429264608558,280,377,1002.2999743497568,1008.2999743497568,6.0,11.106335242398934,4.298969215674734,382.9118584262031,460625,1.0961392923342645,7.998997085322921,5.481267510346276,-24.60978732933515,25.21281273311414,0,0,0,0,0,8,8,1,1
534,2017,7,30,12,42944.5,71.29869328979831,-101.44506377892101,278,376,1002.5239309927908,1006.5239309927908,4.0,10.846456087810356,4.126113668979815,300.53357583579674,283750,0.22395664303403465,1.6381041806970404,11.51849634268269,-14.72575822266245,18.695553300951143,0,0,0,0,0,9,9,1,1
534,2017,7,30,15,42944.625,70.93614335112204,-99.85132734280806,276,374,1002.9852472788715,1004.9852472788715,2.0,10.27201605149754,3.044142524806666,225.23462902169737,159375,0.4613162860806915,3.3815538302018586,19.293579153674518,-13.437904612032343,23.512113408223943,0,0,0,0,0,11,11,1,1
534,2017,7,30,18,42944.75,70.5117342067936,-92.97802065194976,273,364,,,,10.754485904678205,,0.0,0,0.3586830735403055,,84.94580898352243,-15.730714556960079,86.39007954816128,0,2,2,0,0,12,10,0,0
540,2017,7,27,12,42941.5,40.25029941786611,30.323606862549987,468,174,997.9927036987123,1003.9927036987123,6.0,8.467853008418754,18.938630348290534,577.9502027113715,1049375,,,,,,3,0,0,0,0,0,0,1,1
540,2017,7,27,15,42941.625,40.246835587967894,31.878216458666515,473,177,996.4951805764064,1000.4951805764064,4.0,9.405226279864555,15.80374975336199,323.48782833813266,328750,-1.4975231223058654,-16.058561190535276,43.98014363002593,-0.12838677048029815,43.98033102286231,0,0,0,0,0,0,0,1,1
540,2017,7,27,18,42941.75,40.47929993128491,33.94999474902758,479,182,997.6852504447334,1005.6852504447334,8.0,8.55653564616697,16.033912476408513,680.6906992726435,1455625,1.190069868326973,12.700839852343615,58.40855995652552,8.616285200870502,59.04066604348038,0,0,0,0,0,0,0,1,2
540,2017,7,27,21,42941.875,41.53481973590134,37.443655943560536,487,193,997.3183285064355,1007.3183285064355,10.0,9.054325268752732,13.692779296837035,784.8118435431737,1935000,-0.36692193829789177,-3.833818873646258,96.92535738096345,39.12281574873393,104.52329699897946,0,0,0,0,0,1,1,1,2
540,2017,7,28,0,42942.0,41.50775600588003,38.80907120506736,491,196,996.5690125726114,998.5690125726114,2.0,9.647219173378435,22.242039598719856,161.43612337794121,81875,-0.7493159338241093,-7.833477030257707,37.89902869973583,-1.0031164914823771,37.91230168532219,0,0,0,0,0,0,0,1,1
540,2017,7,28,3,42942.125,41.66676816381411,40.73498950622314,496,201,997.4207061054237,1007.4207061054237,10.0,9.29578783980632,30.468400481519858,767.7695751178262,1851875,0.8516935328123509,8.87594891107488,53.32452975381254,5.893781745691124,53.64925103606835,0,0,2,0,0,1,1,1,2
540,2017,7,28,6,42942.25,41.85336409633859,40.91438322002513,496,202,998.2376163499721,1006.2376163499721,8.0,9.018248755506498,23.14780176245229,619.8066181383209,1206875,0.816910244548344,8.482457125403013,4.952705770713394,6.916173676410742,8.506629930444525,0,0,0,0,0,1,1,1,3
540,2017,7,28,9,42942.375,47.04474449981102,32.11896857516951,459,201,1000.0879176259924,1004.0879176259924,4.0,9.20238568712334,3.882347722469858,484.7189750148126,738125,-0.362800822128047,-3.4343566640678387,18.681480583308634,18.15191391751716,26.047834759409284,0,0,0,1,2,1,1,1,3
540,2017,7,28,12,42942.5,48.13130593416458,33.38553701735721,460,207,999.5497193463941,1005.5497193463941,6.0,9.303073400618315,6.222202006543012,641.8818886128071,1294375,-0.5381982795982913,-5.0072050001858255,31.33216813989786,40.27337299591692,51.025967240367734,0,0,1,0,0,0,0,1,1
540,2017,7,28,15,42942.625,48.73181732368837,33.910604464227966,460,210,999.5644178077874,1003.5644178077874,4.0,9.216025863151152,5.524752379623606,473.2975622183604,703750,0.014698461393272737,0.1354840229794829,12.836549891140667,22.257939969106378,25.694219287148744,0,0,0,1,0,0,0,1,2
540,2017,7,28,18,42942.75,49.39757057786964,33.73486484250676,458,212,999.3904561181538,1005.3904561181538,6.0,10.50067807529531,8.332622806493164,527.751030705594,875000,-0.17396168963357922,-1.5874243271013322,-4.239211937119978,24.676128087354424,25.03761600534968,0,0,0,0,0,0,0,1,2
540,2017,7,28,21,42942.875,50.3237146884488,33.00310069207642,454,214,998.9197539483113,1004.9197539483113,6.0,12.1639215189029,8.130131668561226,473.2975622183604,703750,-0.4707021698425524,-4.23707075334329,-17.316476181463322,34.32750881271347,38.44786351190541,0,0,0,0,0,0,0,1,1
540,2017,7,29,0,42943.0,50.778929983004296,35.033053215783056,458,219,1000.5121015640409,1004.5121015640409,4.0,10.56217503469374,3.2826099614243867,466.09709001498516,682500,1.592347615729668,14.240269555989729,47.573918805653655,16.872543761859617,50.477326430019986,0,0,0,0,0,2,2,1,2
540,2017,7,29,3,42943.125,50.96140916707837,31.596515519727173,449,214,1000.2204872620423,1006.2204872620423,6.0,11.735576287907143,4.299785300686126,561.892888688358,991875,-0.2916143019986339,-2.6011409117823465,-80.2192005209987,6.763586495758813,80.50382745257401,0,0,0,0,0,0,0,1,1
540,2017,7,29,6,42943.25,53.47913906316771,32.25177438976235,445,224,1000.1767234972748,1006.1767234972748,6.0,11.287704561935612,7.309786720693228,524.9161792399276,865625,-0.04376376476750011,-0.37728854583487903,14.453609105714833,93.31959703548867,94.43227206335125,0,0,0,0,0,1,1,1,1
540,2017,7,29,9,42943.375,54.07678207778806,32.83346622453431,445,227,1000.7999740021392,1006.7999740021392,6.0,10.869892488124325,4.010323381125491,544.4502562297635,931250,0.6232505048644089,5.332162326966377,12.649459415926106,22.151623723447535,25.50888584592368,0,0,0,0,0,1,1,1,1
540,2017,7,29,12,42943.5,51.51315938358578,32.88845049102056,451,218,1000.3365658858982,1004.3365658858982,4.0,12.357409123790099,3.891279877533088,398.9422804014327,500000,-0.4634081162410439,-4.101668536384502,1.268312528854581,-95.02061247538288,95.02907666534354,0,0,0,0,0,0,0,1,1
540,2017,7,29,15,42943.625,52.42470696461699,32.09758747273206,447,220,1000.3256195582067,1006.3256195582067,6.0,11.829990436786975,4.5080057355386085,526.4299997708744,870625,-0.010946327691490296,-0.09568876018715546,-17.875273801569026,33.78648880193004,38.2237130462754,0,0,0,0,0,0,0,1,1
540,2017,7,29,18,42943.75,51.58241595284709,33.35942778608826,452,219,1001.4030067233625,1007.4030067233625,6.0,11.413462994159163,2.1456860617636266,577.9502027113715,1049375,1.0773871651558147,9.526905747764069,29.062018588944998,-31.21949575570825,42.65275887565622,0,0,0,0,0,0,0,1,1
540,2017,7,29,21,42943.875,51.978765545939886,33.737774242276416,452,221,1001.5816123589694,1007.5816123589694,6.0,11.442844532868374,2.8284394305045133,583.6022431559495,1070000,0.17860563560694573,1.5707585492188745,8.637753594953791,14.690687976518193,17.04192185143898,0,0,0,0,0,2,2,1,1
540,2017,7,30,0,42944.0,52.02587500541466,35.45759988532612,456,224,1001.6652397526232,1007.6652397526232,6.0,11.443392564239293,1.7654199212750248,621.0891991646461,1211875,0.08362739365373273,0.7349941368443429,39.221918623214314,1.7461109635206375,39.26076672688618,0,0,0,0,0,1,1,1,1
540,2017,7,30,3,42944.125,52.16320096193246,35.17606827658414,455,224,1001.5995645057445,1005.5995645057445,4.0,11.559628769363925,2.0123131563313654,478.5229089327537,719375,-0.06567524687867263,-0.5761380236962921,-6.40095221991799,5.089983220463561,8.17802656551528,0,0,0,0,0,1,1,1,1
540,2017,7,30,6,42944.25,52.357028558577795,35.37616791810809,455,225,1001.820754586061,1005.820754586061,4.0,11.383073269688682,2.0924439316525967,512.6447110626347,825625,0.22119008031644627,1.935322373022223,4.529660878010256,7.184215130223048,8.492983851809823,0,0,0,0,0,1,1,1,1
540,2017,7,30,9,42944.375,52.41462068683705,37.600405340112886,460,229,1002.1040140573122,1004.1040140573122,2.0,10.818032873339204,2.8824096985372307,277.1141642750141,241250,0.28325947125122186,2.476485316259113,50.28251179583161,2.134650825697079,50.327802720222095,0,0,0,0,0,2,2,1,1
540,2017,7,30,12,42944.5,52.64284185589241,38.30461722309514,461,231,1001.6126396071962,1003.6126396071962,2.0,10.786980712991095,3.056287620447401,281.74195262169036,249375,-0.49137445011598174,-4.282899407927606,15.837906930597104,8.459012050615437,17.955338504598373,0,0,0,0,0,3,3,1,1
540,2017,7,30,15,42944.625,52.53147346363074,39.068473075080234,463,232,1001.9556125865373,1001.9556125865373,0.0,10.039811820808612,3.45712051259863,14.104739588693906,625,0.34297297934113885,2.9938560655151276,17.22301379277802,-4.12786673601944,17.71077321566051,0,0,0,0,0,3,3,1,1
540,2017,7,30,18,42944.75,55.04168768309553,38.92196301625272,456,240,1003.1788808886012,1003.1788808886012,0.0,8.440595257292308,2.470633895552237,14.104739588693906,625,1.2232683020638069,10.340861849913674,-3.1115068145302156,93.04102866517186,93.09304211234156,0,0,0,0,0,4,4,1,1
540,2017,7,30,21,42944.875,55.04168768309553,38.92196301625272,456,240,,,,8.440595257292308,,0.0,0,0.0,,0.0,0.0,0.0,0,3,0,0,0,4,4,0,0
544,2017,7,28,3,42942.125,50.25216058580318,-147.4529527938322,266,506,1011.7542169042202,1013.7542169042202,2.0,7.874940538397047,0.9794903532087482,466.7368941459757,684375,,,,,,3,0,0,0,0,18,18,1,1
544,2017,7,28,6,42942.25,50.19307102741484,-146.7208114988095,264,505,1011.2275695765841,1015.2275695765841,4.0,8.40758435964062,0.7672486445194955,620.6085419025319,1210000,-0.5266473276361648,-4.7496624690554805,17.372979809390777,-2.1901530368171622,17.510488222267792,0,0,0,0,0,17,17,1,1
544,2017,7,28,9,42942.375,50.44643021783637,-144.88587200250333,260,501,1010.3780098218538,1014.3780098218538,4.0,9.153081490123464,2.3476302034356196,558.6972634074556,980625,-0.8495597547302896,-7.633848493582279,43.308891655130196,9.390752197882481,44.31530574460522,0,0,0,0,0,17,17,1,1
544,2017,7,28,12,42942.5,49.91781431327221,-144.99458354741537,259,503,1008.5521695554581,1014.5521695554581,6.0,10.580060797631914,1.3778928746680321,650.1963684825124,1328125,-1.8258402663956803,-16.53304765159028,-2.5944671423492953,-19.593135577053136,19.7641650846555,0,0,0,0,0,16,16,1,1
544,2017,7,28,15,42942.625,49.83594906777289,-144.2726017772003,257,502,1007.427430243612,1013.427430243612,6.0,11.67211516210027,1.8868714661372359,577.7780656404763,1048750,-1.1247393118460605,-10.196825162963215,17.259706128983435,-3.0343333226786338,17.5244011130762,0,0,0,0,0,16,16,1,1
544,2017,7,28,18,42942.75,50.22329384985473,-143.88785169121974,257,500,1006.7083252802856,1014.7083252802856,8.0,12.645863736486282,2.5241443753139174,666.6634672637446,1396250,-0.7191049633263902,-6.48252706139956,9.123980803648413,14.356924876581155,17.010829421787157,0,0,0,0,0,15,15,1,1
544,2017,7,28,21,42942.875,50.116225420346204,-138.95317950179725,245,491,1005.5036486798234,1013.5036486798234,8.0,13.600201541529934,6.684648481798868,592.5669525011449,1103125,-1.2046766004622622,-10.876756933673482,117.26229497340437,-3.9684887217164255,117.3294282145962,0,0,0,0,0,15,15,1,1
544,2017,7,29,0,42943.0,51.306011634262504,-138.82998590844758,248,487,1002.4790251113587,1012.4790251113587,10.0,15.682115368306565,9.121192085909788,560.6523099091747,987500,-3.0246235684645946,-26.848576592563482,2.8545884616350197,44.0993969263767,44.19169022062205,0,0,0,0,0,17,17,1,1
544,2017,7,29,3,42943.125,51.97733875215994,-138.89497816870687,250,485,999.992968369455,1011.992968369455,12.0,17.375885139525366,9.859849975199541,577.0890038978312,1046250,-2.4860567419038855,-21.86420883834013,-1.4838400475168536,24.882723209702682,24.926927119428328,0,0,0,0,0,14,14,1,1
544,2017,7,29,6,42943.25,52.62257219636644,-139.45560283332634,253,484,997.6411724000511,1011.6411724000511,14.0,19.149674477695193,12.276503666385178,594.5779321021531,1110625,-2.3517959694037565,-20.50417377852482,-12.614454179727685,23.915561832386107,27.038464305709606,0,0,0,0,0,13,13,1,1
544,2017,7,29,9,42943.375,52.77627467553669,-139.72240687991575,254,484,996.6538908136105,1010.6538908136105,14.0,19.729035438827605,12.396254947613416,574.6707813310877,1037500,-0.9872815864406584,-8.590058547690093,-5.98219010605964,5.6969786321413265,8.260881551027875,0,0,0,0,0,14,14,1,1
544,2017,7,29,12,42943.5,52.98156495006397,-138.99670347531892,253,482,996.4346106865312,1008.4346106865312,12.0,19.487985368449664,10.771736466178846,480.5971401934401,725625,-0.21928012707925518,-1.9027275642932608,16.194570168064786,7.6090790056339355,17.893076489032094,0,0,0,0,0,15,15,1,1
544,2017,7,29,15,42943.625,53.198091238773515,-137.76212831337884,251,479,997.2722664894667,1007.2722664894667,10.0,18.402248140494155,11.837595995262163,419.12679279387464,551875,0.8376558029354783,7.247866752532384,27.411899921842583,8.025541596558709,28.56259048551457,0,0,0,0,0,14,14,1,1
544,2017,7,29,18,42943.75,53.88109902759903,-137.30082501480933,252,476,998.1881000239093,1008.1881000239093,10.0,17.069789465415113,10.006596705360788,456.61031027604156,655000,0.915833534442645,7.85481110121,10.078733589476856,25.31566699203843,27.248190142088944,0,0,0,0,0,16,16,1,1
544,2017,7,29,21,42943.875,54.56019368267206,-136.82243268763287,253,473,1000.0006060850536,1008.0006060850536,8.0,14.820409207985238,10.139882363473152,367.8066090054814,425000,1.8125060611442314,15.41306348573655,10.281601280727754,25.1706267851858,27.189552729954485,0,0,0,0,0,18,18,1,1
544,2017,7,30,0,42944.0,55.22604128502035,-136.85615804744887,255,471,1002.2845574868791,1008.2845574868791,6.0,11.912934162931235,9.20219549618203,315.70679927948885,313125,2.2839514018254703,19.26408011316836,-0.7129422604073559,24.67962509985766,24.689920650666313,0,0,0,0,0,14,14,1,1
544,2017,7,30,3,42944.125,55.718729941588556,-137.15094312751603,257,470,1003.601083620746,1009.601083620746,6.0,10.517977098464122,7.886155678572177,362.35732095655754,412500,1.3165261338668643,11.038792401834762,-6.154243728480067,18.26149300856956,19.2706212347078,0,0,0,0,0,12,12,1,1
544,2017,7,30,6,42944.25,55.87807082806209,-137.4309083370404,258,470,1005.9490970772819,1009.9490970772819,4.0,8.789907411068533,6.446411564289154,266.5012070418412,223125,2.348013456535991,19.650418515304658,-5.820981170217395,5.905966060967638,8.29242165457878,0,0,0,0,0,12,12,1,1
544,2017,7,30,9,42944.375,55.87807082806209,-137.4309083370404,258,470,,,,8.789907411068533,,0.0,0,0.0,,0.0,0.0,0.0,0,3,0,0,0,12,12,0,0
554,2017,7,29,0,42943.0,30.95049797807451,172.57840967429567,392,609,1009.9916319532031,1011.9916319532031,2.0,8.049042961053997,7.605158887569924,130.80197392386228,53750,,,,,,3,0,0,0,0,24,24,1,1
554,2017,7,29,3,42943.125,31.613823967298522,171.80482580611812,395,606,1009.3914439593937,1011.3914439593937,2.0,7.820223797866033,6.07438486537736,149.27053303604617,70000,-0.600187993809377,-7.932645358742467,-24.417776624949155,24.586161571064505,34.651221567275265,0,0,0,0,0,21,21,1,1
554,2017,7,29,6,42943.25,32.30270482483532,171.24499716051864,397,603,1009.1492660122152,1011.1492660122152,2.0,8.042977273533738,6.223000500090929,160.19904673114672,80625,-0.2421779471784248,-3.1397499302572363,-17.538669295698888,25.533352140214923,30.976716936759274,0,0,0,0,0,20,20,1,1
554,2017,7,29,9,42943.375,32.72983561486727,170.71089258695065,399,601,1010.1103886262908,1010.1103886262908,0.0,7.905769700274815,6.042795507586052,14.104739588693906,625,0.9611226140755753,12.315735605781548,-16.65344054965614,15.831592288411759,22.977736975764827,0,0,0,0,0,21,21,1,1
554,2017,7,29,12,42943.5,33.150549264442105,170.16953277017066,401,599,1008.4025826561817,1010.4025826561817,2.0,9.46873891392829,7.894469422113833,117.16276644769007,43125,-1.7078059701090387,-21.63705828518237,-16.799542406230167,15.593741134279473,22.921374034329734,0,0,0,0,0,22,22,1,1
554,2017,7,29,15,42943.625,33.81616489595006,169.57794082983497,403,596,1008.117179672785,1010.117179672785,2.0,8.823806367173024,5.388235179023395,154.50968080927584,75000,-0.2854029833967797,-3.5529616210681336,-18.217812416497257,24.67102710633284,30.668359390813382,0,0,0,0,0,21,21,1,1
554,2017,7,29,18,42943.75,34.673383244749445,168.6900675259798,406,592,1008.6234053473812,1008.6234053473812,0.0,8.47328881785935,3.835315489279747,14.104739588693906,625,0.5062256745962077,6.164966691311255,-27.06455264680596,31.772777137705834,41.73726604623324,0,0,0,0,0,24,24,1,1
554,2017,7,29,21,42943.875,35.56542695313467,168.01659651782643,408,588,1009.2896288451758,1009.2896288451758,0.0,8.565691492562863,5.110133825520607,14.104739588693906,625,0.6662234977945627,7.935825364299701,-20.305497797554775,33.063578239211544,38.80094646766964,0,0,0,0,0,28,28,1,1
554,2017,7,30,0,42944.0,36.88080501920008,166.96777521905517,411,582,1008.831860582048,1008.831860582048,0.0,8.960242221434774,6.635386989605759,14.104739588693906,625,-0.45776826312780033,-5.284511347705453,-31.095031377394474,48.75445585533507,57.82644673599583,0,0,0,0,0,24,24,1,1
554,2017,7,30,3,42944.125,38.16836159995142,165.87039032544968,414,576,1008.2478418803049,1008.2478418803049,0.0,8.69805947091832,8.683469596160576,14.104739588693906,625,-0.5840187017430435,-6.547521301401841,-31.97806904085437,47.72325318245476,57.4465472756921,0,0,0,0,0,20,20,1,1
554,2017,7,30,6,42944.25,39.121024558788996,164.5387822595581,418,571,1007.3083816615546,1007.3083816615546,0.0,8.649645216888205,8.131752477651316,14.104739588693906,625,-0.9394602187503187,-10.315655222525162,-38.290794407395644,35.31042927497764,52.08657554430546,0,0,0,0,0,21,21,1,1
554,2017,7,30,9,42944.375,39.8726123793937,163.49093800462742,421,567,1007.4913661292762,1009.4913661292762,2.0,8.86210604408426,9.219427991401243,136.02118266811544,58125,0.18298446772168972,1.977519099160647,-29.807141259432008,27.857584193027968,40.79841500758793,0,0,0,0,0,18,18,1,1
554,2017,7,30,12,42944.5,40.51406400616003,163.00561774289554,422,564,1007.7270597678397,1009.7270597678397,2.0,8.166718148354665,8.104139751157344,130.03927369650248,53125,0.23569363856338896,2.513618002824138,-13.675588931898506,23.77538886143811,27.427920959249906,0,0,0,0,0,17,17,1,1
554,2017,7,30,15,42944.625,40.51406400616003,163.00561774289554,422,564,,,,8.166718148354665,,0.0,0,0.0,,0.0,0.0,0.0,0,3,0,0,0,17,17,0,0
555,2017,7,29,3,42943.125,38.103346499218404,-76.6787508472603,142,308,1004.8635343117022,1010.8635343117022,6.0,8.861428883230161,3.1549858137748377,874.9487277961016,2405000,,,,,,3,0,0,0,0,4,4,1,1
555,2017,7,29,6,42943.25,37.00549588519811,-78.73937541356028,136,315,1003.3526183719633,1009.3526183719633,6.0,10.172326508098932,4.565471254927688,602.3896332520351,1140000,-1.5109159397389158,-17.391723414837987,-60.99178345419386,-40.69180616422333,73.31998866496093,0,0,0,0,0,4,4,1,1
555,2017,7,29,9,42943.375,37.18239408548823,-77.15660893283518,138,309,1001.7634101788532,1009.7634101788532,8.0,11.428443360137713,4.017642744450204,704.3901866785083,1558750,-1.5892081931100983,-18.218380895007382,46.73894156671792,6.556727468271449,47.196602990790105,0,0,0,0,0,5,5,1,1
555,2017,7,29,12,42943.5,37.00991340175193,-76.42113728605067,138,306,1001.9889814408311,1011.9889814408311,10.0,12.424405170411086,6.659685522022628,856.5654018541943,2305000,0.2255712619778933,2.5962210321411807,21.768101557313244,-6.392992325220424,22.687454601162962,0,0,0,0,0,5,5,1,1
555,2017,7,29,15,42943.625,36.52109401065682,-75.51023740611555,137,302,1001.7596241359923,1011.7596241359923,10.0,13.039706829547043,6.970753416911175,757.0711583528249,1800625,-0.22935730483877706,-2.670112761409448,27.1327059222874,-18.11807877841966,32.62588710343905,0,0,0,0,0,5,5,1,1
555,2017,7,29,18,42943.75,36.74640726222237,-74.41559883309556,139,298,1001.7698398566479,1011.7698398566479,10.0,12.550678362187195,7.420418905217884,815.0294128004205,2086875,0.010215720655542099,0.1183012242689933,32.51041735225178,8.351230159959396,33.56590951549219,0,0,0,0,0,6,6,1,2
555,2017,7,29,21,42943.875,36.53865618683462,-73.69490437934344,139,295,1002.2322916057974,1011.6470845379516,9.414792932154233,11.547683667128982,6.397691573159829,999.7464891746821,3140000,0.4624517491494771,5.381505002253471,21.46226918024503,-7.7002885293562064,22.80182979062493,0,0,0,0,0,7,6,2,0
555,2017,7,30,0,42944.0,36.63641747135678,-73.145223649878,140,293,1002.7672303708969,1012.7672303708969,10.0,11.496332905993764,3.6537675153023885,1298.4023778093222,5296250,0.534938765099505,6.210737261096008,16.34877861045054,3.6235196203730187,16.745520490350646,0,0,0,0,0,4,4,1,1
555,2017,7,30,3,42944.125,37.05520750935044,-71.96293213891259,143,289,1003.5895501706698,1012.6085223870103,9.01897221634048,11.547471717880903,3.6911780179918425,1039.2618690962229,3393125,0.8223197997729585,9.454609032912334,34.97183777544562,15.522442518059156,38.261934858531866,0,0,0,0,0,5,4,2,0
555,2017,7,30,6,42944.25,37.05520750935044,-71.1671702152434,144,286,1003.3843857585357,1013.219957295527,9.835571536991338,11.335260678929627,2.8206862407326114,1203.9533397143914,4553750,-0.20516441213418146,-2.358874618769417,23.53848835985487,0.0,23.53848835985487,0,0,0,0,0,5,3,2,0
555,2017,7,30,9,42944.375,38.430120554610866,-69.03653840606437,152,280,1003.6383876775764,1012.7388809726629,9.100493295086489,11.656590369785889,4.359563014934102,1099.7175200111797,3799375,0.2540019190407474,2.831227572201406,61.86252229950436,50.96111840346006,80.149904891947,0,0,0,0,0,5,3,2,0
555,2017,7,30,12,42944.5,36.890728807224214,-70.69219132002459,144,284,1006.4267466450606,1012.5902825845162,6.163535939455614,9.680471751861717,2.4249177451191644,963.36507197667,2915625,2.788358967484237,32.18159768452802,-49.0793824611758,-57.057517475965945,75.26185011870575,0,0,0,0,0,6,4,2,0
555,2017,7,30,15,42944.625,37.044157717171124,-70.37156175309596,145,283,1007.5191886241024,1007.5191886241024,0.0,9.078819752648823,3.9168939525547466,14.104739588693906,625,1.0924419790417597,12.56354371605732,9.485566500030359,5.68683879556697,11.059661265756008,0,0,0,2,0,6,6,1,1
555,2017,7,30,18,42944.75,37.022062873749,-69.57641332060392,146,280,1008.9187547568214,1008.9187547568214,0.0,7.800823390371898,2.6346240914986994,14.104739588693906,625,1.3995661327190465,16.103830130610117,23.530611195974487,-0.8189448311821249,23.54485790767572,0,0,0,0,0,7,7,1,1
555,2017,7,30,21,42944.875,36.25812894677663,-71.17262046773712,141,285,1008.9305981938927,1008.9305981938927,0.0,7.633794834280507,9.653759202225338,14.104739588693906,625,0.01184343707122025,0.13873926470905704,-47.706484119871874,-28.31519232366083,55.47665043426368,0,0,0,0,0,6,6,1,1
555,2017,7,31,0,42945.0,36.25812894677663,-71.17262046773712,141,285,,,,7.633794834280507,,0.0,0,0.0,,0.0,0.0,0.0,0,3,0,0,0,6,6,0,0
